# x(m), rho(kg/m3), u(m/s), p(Pa), T(K), Y_H2, Y_O2, Y_N2, Y_H2O
0.00000000e+00,3.60129646e+00,-1.16819928e+00,7.26965377e+06,2.53378583e+03,1.18501925e-01,5.83339813e-07,6.00009375e-01,2.81488116e-01
1.00100100e-01,3.60129646e+00,1.16819928e+00,7.26965377e+06,2.53378583e+03,1.18501925e-01,5.83339813e-07,6.00009375e-01,2.81488116e-01
2.00200200e-01,3.59663462e+00,5.74307066e+00,7.25666801e+06,2.53253808e+03,1.18501925e-01,5.83339813e-07,6.00009375e-01,2.81488116e-01
3.00300300e-01,3.59317376e+00,9.25327875e+00,7.23879856e+06,2.52952479e+03,1.18464926e-01,5.83157680e-07,5.99822037e-01,2.81400229e-01
4.00400400e-01,3.59360469e+00,1.21548004e+01,7.23712210e+06,2.52890907e+03,1.18452120e-01,5.83094643e-07,5.99757199e-01,2.81369811e-01
5.00500501e-01,3.59633664e+00,1.66718120e+01,7.26919498e+06,2.53582796e+03,1.18562310e-01,5.83637063e-07,6.00315119e-01,2.81631553e-01
6.00600601e-01,3.60098136e+00,2.33006443e+01,7.27150249e+06,2.53438238e+03,1.18514530e-01,5.83401863e-07,6.00073199e-01,2.81518059e-01
7.00700701e-01,3.60502248e+00,2.74450727e+01,7.28561700e+06,2.53617954e+03,1.18527417e-01,5.83465301e-07,6.00138449e-01,2.81548670e-01
8.00800801e-01,3.60615206e+00,2.75835084e+01,7.26407186e+06,2.53024812e+03,1.18416833e-01,5.82920936e-07,5.99578528e-01,2.81285989e-01
9.00900901e-01,3.60735565e+00,2.60662937e+01,7.28636672e+06,2.53534528e+03,1.18501925e-01,5.83339813e-07,6.00009375e-01,2.81488116e-01
1.00100100e+00,3.60726166e+00,2.90221993e+01,7.29544244e+06,2.53767367e+03,1.18543753e-01,5.83545713e-07,6.00221160e-01,2.81587473e-01
1.10110110e+00,3.60770468e+00,3.43273399e+01,7.29656985e+06,2.53776011e+03,1.18543475e-01,5.83544347e-07,6.00219754e-01,2.81586814e-01
1.20120120e+00,3.60510040e+00,4.12719414e+01,7.29257436e+06,2.53788314e+03,1.18558402e-01,5.83617828e-07,6.00295335e-01,2.81622272e-01
1.30130130e+00,3.60483009e+00,4.60890642e+01,7.27057668e+06,2.53245993e+03,1.18462784e-01,5.83147134e-07,5.99811191e-01,2.81395140e-01
1.40140140e+00,3.60187130e+00,4.80757876e+01,7.27113966e+06,2.53389926e+03,1.18501925e-01,5.83339813e-07,6.00009375e-01,2.81488116e-01
1.50150150e+00,3.60096636e+00,5.03503435e+01,7.25267026e+06,2.52962254e+03,1.18430511e-01,5.82988268e-07,5.99647784e-01,2.81318480e-01
1.60160160e+00,3.60516819e+00,5.17457109e+01,7.28233498e+06,2.53527271e+03,1.18511609e-01,5.83387485e-07,6.00058410e-01,2.81511120e-01
1.70170170e+00,3.60502279e+00,5.24712443e+01,7.27434016e+06,2.53331501e+03,1.18477764e-01,5.83220877e-07,5.99887041e-01,2.81430725e-01
1.80180180e+00,3.59411648e+00,5.85764519e+01,7.27113693e+06,2.53726979e+03,1.18599807e-01,5.83821650e-07,6.00504981e-01,2.81720625e-01
1.90190190e+00,3.58782313e+00,6.44623770e+01,7.21277664e+06,2.52522897e+03,1.18416208e-01,5.82917862e-07,5.99575366e-01,2.81284506e-01
2.00200200e+00,3.59244652e+00,6.79329312e+01,7.26767589e+06,2.53710222e+03,1.18606292e-01,5.83853573e-07,6.00537817e-01,2.81736029e-01
2.10210210e+00,3.60374939e+00,7.25983477e+01,7.27767317e+06,2.53470157e+03,1.18509069e-01,5.83374982e-07,6.00045549e-01,2.81505087e-01
2.20220220e+00,3.60766270e+00,7.32035403e+01,7.27748419e+06,2.53295060e+03,1.18459278e-01,5.83129877e-07,5.99793440e-01,2.81386813e-01
2.30230230e+00,3.60092201e+00,7.72920915e+01,7.29148188e+06,2.53942502e+03,1.18606133e-01,5.83852790e-07,6.00537011e-01,2.81735651e-01
2.40240240e+00,3.59418585e+00,8.29883638e+01,7.24136639e+06,2.52970110e+03,1.18465322e-01,5.83159628e-07,5.99824041e-01,2.81401169e-01
2.50250250e+00,3.59617576e+00,8.61595068e+01,7.24856304e+06,2.53064701e+03,1.18473139e-01,5.83198109e-07,5.99863622e-01,2.81419738e-01
2.60260260e+00,3.60183347e+00,8.95031251e+01,7.28125822e+06,2.53644394e+03,1.18549026e-01,5.83571673e-07,6.00247861e-01,2.81600000e-01
2.70270270e+00,3.60194058e+00,9.17870570e+01,7.27702182e+06,2.53532973e+03,1.18528596e-01,5.83471104e-07,6.00144418e-01,2.81551470e-01
2.80280280e+00,3.59553126e+00,9.54652285e+01,7.25241111e+06,2.53190835e+03,1.18498218e-01,5.83321567e-07,5.99990607e-01,2.81479312e-01
2.90290290e+00,3.59220925e+00,9.73270969e+01,7.23342415e+06,2.52854364e+03,1.18454703e-01,5.83107355e-07,5.99770275e-01,2.81375945e-01
3.00300300e+00,3.59311684e+00,9.83541783e+01,7.23949595e+06,2.52967794e+03,1.18471043e-01,5.83187791e-07,5.99853010e-01,2.81414759e-01
3.10310310e+00,3.59393433e+00,1.02646840e+02,7.26695431e+06,2.53626812e+03,1.18584407e-01,5.83745838e-07,6.00427003e-01,2.81684042e-01
3.20320320e+00,3.59272095e+00,1.09057475e+02,7.26011903e+06,2.53506919e+03,1.18568928e-01,5.83669643e-07,6.00348631e-01,2.81647275e-01
3.30330330e+00,3.59077835e+00,1.15234011e+02,7.24365610e+06,2.53176064e+03,1.18518743e-01,5.83422603e-07,6.00094531e-01,2.81528066e-01
3.40340340e+00,3.58832107e+00,1.17515991e+02,7.21820442e+06,2.52638008e+03,1.18434887e-01,5.83009811e-07,5.99669943e-01,2.81328875e-01
3.50350350e+00,3.58583208e+00,1.19966802e+02,7.22755468e+06,2.52982888e+03,1.18508840e-01,5.83373854e-07,6.00044389e-01,2.81504543e-01
3.60360360e+00,3.58238129e+00,1.25333242e+02,7.21620661e+06,2.52843737e+03,1.18501925e-01,5.83339813e-07,6.00009375e-01,2.81488116e-01
3.70370370e+00,3.58500334e+00,1.29985276e+02,7.21840832e+06,2.52782802e+03,1.18479937e-01,5.83231572e-07,5.99898042e-01,2.81435885e-01
3.80380380e+00,3.59402958e+00,1.35552680e+02,7.27246784e+06,2.53757775e+03,1.18609988e-01,5.83871764e-07,6.00556528e-01,2.81744807e-01
3.90390390e+00,3.59755245e+00,1.38396074e+02,7.25280039e+06,2.53106480e+03,1.18477473e-01,5.83219444e-07,5.99885566e-01,2.81430033e-01
4.00400400e+00,3.59207431e+00,1.41693628e+02,7.26817917e+06,2.53732239e+03,1.18616503e-01,5.83903838e-07,6.00589518e-01,2.81760284e-01
4.10410410e+00,3.58560101e+00,1.45782479e+02,7.20993512e+06,2.52536445e+03,1.18436561e-01,5.83018051e-07,5.99678418e-01,2.81332852e-01
4.20420420e+00,3.58776379e+00,1.46161690e+02,7.22329078e+06,2.52776601e+03,1.18471760e-01,5.83191324e-07,5.99856643e-01,2.81416464e-01
4.30430430e+00,3.58917659e+00,1.47568847e+02,7.23345941e+06,2.52968376e+03,1.18501936e-01,5.83339865e-07,6.00009429e-01,2.81488142e-01
4.40440440e+00,3.58660370e+00,1.51525173e+02,7.23641232e+06,2.53149984e+03,1.18550247e-01,5.83577686e-07,6.00254045e-01,2.81602901e-01
4.50450450e+00,3.58710928e+00,1.54813537e+02,7.21153499e+06,2.52489283e+03,1.18435150e-01,5.83011105e-07,5.99671273e-01,2.81329499e-01
4.60460460e+00,3.58637051e+00,1.55565074e+02,7.22214155e+06,2.52781530e+03,1.18496619e-01,5.83313693e-07,5.99982508e-01,2.81475512e-01
4.70470470e+00,3.58362508e+00,1.60004290e+02,7.21675265e+06,2.52753874e+03,1.18511880e-01,5.83388819e-07,6.00059780e-01,2.81511763e-01
4.80480480e+00,3.58785901e+00,1.66952586e+02,7.24646020e+06,2.53309316e+03,1.18598675e-01,5.83816080e-07,6.00499246e-01,2.81717934e-01
4.90490490e+00,3.59102299e+00,1.73011165e+02,7.23254386e+06,2.52806328e+03,1.18501925e-01,5.83339839e-07,6.00009375e-01,2.81488116e-01
5.00500501e+00,3.59070529e+00,1.76714039e+02,7.23026457e+06,2.52749018e+03,1.18501925e-01,5.83339943e-07,6.00009375e-01,2.81488116e-01
5.10510511e+00,3.58911580e+00,1.78731825e+02,7.20499800e+06,2.52163881e+03,1.18414250e-01,5.82908771e-07,5.99565453e-01,2.81279855e-01
5.20520521e+00,3.58770191e+00,1.80388598e+02,7.21207577e+06,2.52391406e+03,1.18470391e-01,5.83186527e-07,5.99849708e-01,2.81413211e-01
5.30530531e+00,3.58508703e+00,1.85179950e+02,7.20670557e+06,2.52354812e+03,1.18485701e-01,5.83265968e-07,5.99927227e-01,2.81449577e-01
5.40540541e+00,3.58739025e+00,1.90384424e+02,7.21424150e+06,2.52429620e+03,1.18498321e-01,5.83338690e-07,5.99991125e-01,2.81479554e-01
5.50550551e+00,3.58780128e+00,1.93747277e+02,7.21153228e+06,2.52317264e+03,1.18492991e-01,5.83337399e-07,5.99964138e-01,2.81466894e-01
5.60560561e+00,3.58560380e+00,1.95591750e+02,7.20207238e+06,2.52121704e+03,1.18501925e-01,5.83435044e-07,6.00009375e-01,2.81488116e-01
5.70570571e+00,3.58341949e+00,1.96454000e+02,7.18885759e+06,2.51812496e+03,1.18501925e-01,5.83542309e-07,6.00009375e-01,2.81488116e-01
5.80580581e+00,3.58210473e+00,1.97490566e+02,7.17799862e+06,2.51524411e+03,1.18501925e-01,5.83742935e-07,6.00009375e-01,2.81488116e-01
5.90590591e+00,3.58162512e+00,1.98973281e+02,7.16920647e+06,2.51249966e+03,1.18501925e-01,5.84095253e-07,6.00009375e-01,2.81488116e-01
6.00600601e+00,3.58235933e+00,2.01050764e+02,7.16249800e+06,2.50963417e+03,1.18501925e-01,5.84679303e-07,6.00009375e-01,2.81488115e-01
6.10610611e+00,3.58471432e+00,2.03829054e+02,7.15745061e+06,2.50621808e+03,1.18501925e-01,5.85597643e-07,6.00009375e-01,2.81488114e-01
6.20620621e+00,3.58762332e+00,2.07154840e+02,7.15301616e+06,2.50263445e+03,1.18501926e-01,5.86973684e-07,6.00009375e-01,2.81488112e-01
6.30630631e+00,3.59002189e+00,2.10934571e+02,7.14732134e+06,2.49897126e+03,1.18501926e-01,5.88945883e-07,6.00009375e-01,2.81488110e-01
6.40640641e+00,3.59306078e+00,2.14641073e+02,7.14096801e+06,2.49463823e+03,1.18501926e-01,5.91657582e-07,6.00009375e-01,2.81488107e-01
6.50650651e+00,3.59693255e+00,2.17707557e+02,7.13352415e+06,2.48935532e+03,1.18501927e-01,5.95247246e-07,6.00009375e-01,2.81488103e-01
6.60660661e+00,3.60116010e+00,2.19940202e+02,7.12449358e+06,2.48328530e+03,1.18501927e-01,5.99835259e-07,6.00009375e-01,2.81488098e-01
6.70670671e+00,3.60551059e+00,2.21444140e+02,7.11490517e+06,2.47695085e+03,1.18501928e-01,6.05510427e-07,6.00009375e-01,2.81488091e-01
6.80680681e+00,3.61143719e+00,2.22873345e+02,7.10751113e+06,2.47031610e+03,1.18501929e-01,6.12322012e-07,6.00009375e-01,2.81488084e-01
6.90690691e+00,3.62010317e+00,2.24426622e+02,7.10178669e+06,2.46241768e+03,1.18501930e-01,6.20274205e-07,6.00009375e-01,2.81488075e-01
7.00700701e+00,3.63160817e+00,2.26006872e+02,7.09683534e+06,2.45290534e+03,1.18501931e-01,6.29322960e-07,6.00009375e-01,2.81488065e-01
7.10710711e+00,3.64495651e+00,2.27581100e+02,7.09092725e+06,2.44188789e+03,1.18501932e-01,6.39370026e-07,6.00009375e-01,2.81488053e-01
7.20720721e+00,3.65974679e+00,2.29153256e+02,7.08315421e+06,2.42935341e+03,1.18501934e-01,6.50268942e-07,6.00009375e-01,2.81488041e-01
7.30730731e+00,3.67586431e+00,2.30896636e+02,7.07237454e+06,2.41502049e+03,1.18501935e-01,6.61828154e-07,6.00009375e-01,2.81488028e-01
7.40740741e+00,3.69361774e+00,2.32914113e+02,7.05842602e+06,2.39867251e+03,1.18501936e-01,6.73810360e-07,6.00009375e-01,2.81488015e-01
7.50750751e+00,3.71336584e+00,2.35330427e+02,7.04126023e+06,2.38011364e+03,1.18501938e-01,6.85943727e-07,6.00009375e-01,2.81488001e-01
7.60760761e+00,3.73616370e+00,2.37692458e+02,7.02378763e+06,2.35972019e+03,1.18501940e-01,6.97931429e-07,6.00009375e-01,2.81487987e-01
7.70770771e+00,3.76260170e+00,2.39888189e+02,7.00848019e+06,2.33803299e+03,1.18501941e-01,7.09474818e-07,6.00009375e-01,2.81487974e-01
7.80780781e+00,3.79268771e+00,2.41944274e+02,6.99519883e+06,2.31509070e+03,1.18501942e-01,7.20286359e-07,6.00009375e-01,2.81487962e-01
7.90790791e+00,3.82659283e+00,2.43696972e+02,6.98408999e+06,2.29093413e+03,1.18501944e-01,7.30103624e-07,6.00009375e-01,2.81487951e-01
8.00800801e+00,3.86340754e+00,2.45618747e+02,6.99482001e+06,2.27072117e+03,1.18599462e-01,7.39301763e-07,6.00503131e-01,2.81719582e-01
8.10810811e+00,3.89956680e+00,2.47634304e+02,6.96336273e+06,2.24139130e+03,1.18501946e-01,7.45859140e-07,6.00009375e-01,2.81487933e-01
8.20820821e+00,3.93152197e+00,2.49189476e+02,6.95074162e+06,2.21914390e+03,1.18501946e-01,7.51446820e-07,6.00009375e-01,2.81487927e-01
8.30830831e+00,3.95882288e+00,2.51105119e+02,6.93490295e+06,2.19881830e+03,1.18501947e-01,7.55347281e-07,6.00009375e-01,2.81487923e-01
8.40840841e+00,3.98159765e+00,2.53285564e+02,6.91613198e+06,2.18032346e+03,1.18501947e-01,7.57497172e-07,6.00009375e-01,2.81487920e-01
8.50850851e+00,4.00082359e+00,2.55474960e+02,6.89663819e+06,2.16373000e+03,1.18501947e-01,7.57883891e-07,6.00009375e-01,2.81487920e-01
8.60860861e+00,4.01757684e+00,2.57390468e+02,6.87901608e+06,2.14920162e+03,1.18501947e-01,7.56542904e-07,6.00009375e-01,2.81487921e-01
8.70870871e+00,4.03333279e+00,2.59406441e+02,6.86649033e+06,2.13690778e+03,1.18501947e-01,7.53553872e-07,6.00009375e-01,2.81487925e-01
8.80880881e+00,4.04745469e+00,2.61160227e+02,6.85686671e+06,2.12646745e+03,1.18501946e-01,7.49039200e-07,6.00009375e-01,2.81487930e-01
8.90890891e+00,4.06017501e+00,2.62848384e+02,6.84993616e+06,2.11766275e+03,1.18501945e-01,7.43153848e-07,6.00009375e-01,2.81487937e-01
9.00900901e+00,4.07080780e+00,2.64323231e+02,6.84306285e+06,2.11001216e+03,1.18501944e-01,7.36088323e-07,6.00009375e-01,2.81487944e-01
9.10910911e+00,4.07945834e+00,2.65763185e+02,6.83536854e+06,2.10317041e+03,1.18501943e-01,7.28051115e-07,6.00009375e-01,2.81487954e-01
9.20920921e+00,4.08599989e+00,2.67368447e+02,6.82650236e+06,2.09707965e+03,1.18501942e-01,7.19279435e-07,6.00009375e-01,2.81487963e-01
9.30930931e+00,4.08962804e+00,2.69401447e+02,6.81553768e+06,2.09185388e+03,1.18501941e-01,7.09996869e-07,6.00009375e-01,2.81487974e-01
9.40940941e+00,4.09059163e+00,2.71938503e+02,6.80227690e+06,2.08729203e+03,1.18501940e-01,7.00439045e-07,6.00009375e-01,2.81487985e-01
9.50950951e+00,4.08979014e+00,2.74957666e+02,6.78622705e+06,2.08277520e+03,1.18501939e-01,6.90815101e-07,6.00009375e-01,2.81487995e-01
9.60960961e+00,4.08896432e+00,2.77965437e+02,6.77010679e+06,2.07824735e+03,1.18501937e-01,6.81322982e-07,6.00009375e-01,2.81488006e-01
9.70970971e+00,4.08732935e+00,2.80688887e+02,6.75306910e+06,2.07384645e+03,1.18501936e-01,6.72124309e-07,6.00009375e-01,2.81488016e-01
9.80980981e+00,4.08436574e+00,2.83331681e+02,6.73450231e+06,2.06964530e+03,1.18501935e-01,6.63359343e-07,6.00009375e-01,2.81488026e-01
9.90990991e+00,4.08089363e+00,2.85745396e+02,6.71633503e+06,2.06581828e+03,1.18501934e-01,6.55137934e-07,6.00009375e-01,2.81488036e-01
1.00100100e+01,4.07671602e+00,2.87403888e+02,6.69855185e+06,2.06245986e+03,1.18501933e-01,6.47540954e-07,6.00009375e-01,2.81488044e-01
1.01101101e+01,4.07435445e+00,2.88798565e+02,6.68684120e+06,2.06004754e+03,1.18501932e-01,6.40627441e-07,6.00009375e-01,2.81488052e-01
1.02102102e+01,4.07239548e+00,2.89278626e+02,6.67676068e+06,2.05793146e+03,1.18501932e-01,6.34429170e-07,6.00009375e-01,2.81488059e-01
1.03103103e+01,4.07158628e+00,2.89686086e+02,6.67041774e+06,2.05638503e+03,1.18501931e-01,6.28960055e-07,6.00009375e-01,2.81488065e-01
1.04104104e+01,4.07084765e+00,2.90158930e+02,6.66525389e+06,2.05516593e+03,1.18501930e-01,6.24224933e-07,6.00009375e-01,2.81488070e-01
1.05105105e+01,4.06872680e+00,2.91122069e+02,6.65761866e+06,2.05388173e+03,1.18501930e-01,6.20207999e-07,6.00009375e-01,2.81488075e-01
1.06106106e+01,4.06244324e+00,2.93087447e+02,6.64096963e+06,2.05191437e+03,1.18501929e-01,6.16902191e-07,6.00009375e-01,2.81488079e-01
1.07107107e+01,4.05390176e+00,2.95273893e+02,6.63694097e+06,2.05355699e+03,1.18584640e-01,6.14703424e-07,6.00428165e-01,2.81684553e-01
1.08108108e+01,4.05189022e+00,2.98262958e+02,6.61535771e+06,2.04932439e+03,1.18501929e-01,6.12288178e-07,6.00009375e-01,2.81488084e-01
1.09109109e+01,4.05120052e+00,2.98694007e+02,6.61317914e+06,2.04899828e+03,1.18501929e-01,6.10911515e-07,6.00009375e-01,2.81488085e-01
1.10110110e+01,4.04729749e+00,2.99687172e+02,6.61063247e+06,2.04960201e+03,1.18535603e-01,6.10277821e-07,6.00179877e-01,2.81568075e-01
1.11111111e+01,4.04517705e+00,3.01325750e+02,6.62140939e+06,2.05264884e+03,1.18614753e-01,6.10406078e-07,6.00580640e-01,2.81756090e-01
1.12112112e+01,4.04357199e+00,3.02496566e+02,6.59457014e+06,2.04708727e+03,1.18501928e-01,6.10031592e-07,6.00009375e-01,2.81488086e-01
1.13113113e+01,4.04043456e+00,3.02382028e+02,6.59905160e+06,2.04905312e+03,1.18560683e-01,6.10977674e-07,6.00306868e-01,2.81627651e-01
1.14114114e+01,4.03684891e+00,3.04489265e+02,6.57899240e+06,2.04565285e+03,1.18501929e-01,6.11712714e-07,6.00009375e-01,2.81488085e-01
1.15115115e+01,4.02959576e+00,3.07843276e+02,6.56243731e+06,2.04417811e+03,1.18501929e-01,6.13099380e-07,6.00009375e-01,2.81488083e-01
1.16116116e+01,4.00904561e+00,3.15190448e+02,6.52391894e+06,2.04191382e+03,1.18541554e-01,6.14985799e-07,6.00210008e-01,2.81582206e-01
1.17117117e+01,3.99901619e+00,3.20487794e+02,6.49320080e+06,2.03808333e+03,1.18501596e-01,6.16705229e-07,6.00007689e-01,2.81487288e-01
1.18118118e+01,3.99387851e+00,3.23106041e+02,6.48198602e+06,2.03717475e+03,1.18501930e-01,6.18841645e-07,6.00009375e-01,2.81488076e-01
1.19119119e+01,3.98824719e+00,3.24397703e+02,6.46965708e+06,2.03617096e+03,1.18501930e-01,6.21137671e-07,6.00009375e-01,2.81488074e-01
1.20120120e+01,3.98278820e+00,3.25090579e+02,6.46535796e+06,2.03690039e+03,1.18543034e-01,6.23770416e-07,6.00217498e-01,2.81585710e-01
1.21121121e+01,3.97697193e+00,3.26534949e+02,6.44913671e+06,2.03503871e+03,1.18526880e-01,6.26184707e-07,6.00135703e-01,2.81547334e-01
1.22122122e+01,3.97209725e+00,3.27952231e+02,6.43620428e+06,2.03363151e+03,1.18516319e-01,6.28673064e-07,6.00082229e-01,2.81522244e-01
1.23123123e+01,3.97168900e+00,3.29200878e+02,6.42742286e+06,2.03176208e+03,1.18475694e-01,6.31010420e-07,5.99876527e-01,2.81425738e-01
1.24124124e+01,3.97156311e+00,3.28347198e+02,6.42709090e+06,2.03173546e+03,1.18474882e-01,6.33544384e-07,5.99872417e-01,2.81423807e-01
1.25125125e+01,3.96937280e+00,3.28204180e+02,6.42287775e+06,2.03148377e+03,1.18477227e-01,6.36052421e-07,5.99884290e-01,2.81429375e-01
1.26126126e+01,3.96602600e+00,3.28986842e+02,6.42718645e+06,2.03355472e+03,1.18535914e-01,6.38798828e-07,6.00181436e-01,2.81568775e-01
1.27127127e+01,3.95414664e+00,3.34002392e+02,6.40156638e+06,2.03145998e+03,1.18540208e-01,6.41167335e-07,6.00203178e-01,2.81578972e-01
1.28128128e+01,3.94250114e+00,3.39075860e+02,6.36547248e+06,2.02685988e+03,1.18488326e-01,6.43124521e-07,5.99940483e-01,2.81455729e-01
1.29129129e+01,3.93668415e+00,3.40994799e+02,6.34901739e+06,2.02492894e+03,1.18469521e-01,6.45142369e-07,5.99845266e-01,2.81411057e-01
1.30130130e+01,3.93378691e+00,3.41323047e+02,6.34077378e+06,2.02396738e+03,1.18459091e-01,6.47084659e-07,5.99792452e-01,2.81386277e-01
1.31131131e+01,3.93112690e+00,3.41208478e+02,6.33601111e+06,2.02372895e+03,1.18464166e-01,6.48987158e-07,5.99818147e-01,2.81398329e-01
1.32132132e+01,3.92715068e+00,3.41660237e+02,6.32844010e+06,2.02326028e+03,1.18469848e-01,6.50767369e-07,5.99846916e-01,2.81411824e-01
1.33133133e+01,3.92268197e+00,3.42370297e+02,6.31954755e+06,2.02264406e+03,1.18474232e-01,6.52415255e-07,5.99869113e-01,2.81422236e-01
1.34134134e+01,3.91860956e+00,3.42768299e+02,6.31178366e+06,2.02216421e+03,1.18479761e-01,6.53948467e-07,5.99897107e-01,2.81435367e-01
1.35135135e+01,3.91236117e+00,3.43594308e+02,6.30516037e+06,2.02264238e+03,1.18516433e-01,6.55538839e-07,6.00082789e-01,2.81522476e-01
1.36136136e+01,3.89603491e+00,3.48619944e+02,6.27483775e+06,2.02083781e+03,1.18546485e-01,6.56985883e-07,6.00234947e-01,2.81593859e-01
1.37137137e+01,3.88377265e+00,3.54234673e+02,6.24105986e+06,2.01690941e+03,1.18510993e-01,6.57967552e-07,6.00055239e-01,2.81509549e-01
1.38138138e+01,3.87814701e+00,3.56062010e+02,6.22234015e+06,2.01435198e+03,1.18477150e-01,6.58869453e-07,5.99883886e-01,2.81429159e-01
1.39139139e+01,3.87529903e+00,3.56768926e+02,6.21622110e+06,2.01384506e+03,1.18477439e-01,6.59885112e-07,5.99885348e-01,2.81429844e-01
1.40140140e+01,3.87600676e+00,3.57572688e+02,6.21931616e+06,2.01433903e+03,1.18485722e-01,6.60880931e-07,5.99927287e-01,2.81449518e-01
1.41141141e+01,3.87713422e+00,3.57703792e+02,6.22184166e+06,2.01457393e+03,1.18485550e-01,6.61777215e-07,5.99926415e-01,2.81449108e-01
1.42142142e+01,3.87736733e+00,3.57468026e+02,6.22200371e+06,2.01453991e+03,1.18483514e-01,6.62620125e-07,5.99916102e-01,2.81444269e-01
1.43143143e+01,3.87334668e+00,3.57348922e+02,6.20739714e+06,2.01240979e+03,1.18453316e-01,6.63271435e-07,5.99763203e-01,2.81372537e-01
1.44144144e+01,3.86391999e+00,3.58621780e+02,6.20247167e+06,2.01427424e+03,1.18538260e-01,6.64541133e-07,6.00193298e-01,2.81574311e-01
1.45145145e+01,3.84623620e+00,3.63972126e+02,6.16120859e+06,2.01026728e+03,1.18526822e-01,6.65250324e-07,6.00135382e-01,2.81547139e-01
1.46146146e+01,3.83667003e+00,3.68988277e+02,6.13246654e+06,2.00657948e+03,1.18485404e-01,6.65774104e-07,5.99925671e-01,2.81448754e-01
1.47147147e+01,3.83168037e+00,3.72690073e+02,6.12507440e+06,2.00643999e+03,1.18504925e-01,6.66629271e-07,6.00024513e-01,2.81495124e-01
1.48148148e+01,3.82463698e+00,3.77312189e+02,6.11275357e+06,2.00581696e+03,1.18521149e-01,6.67458713e-07,6.00106656e-01,2.81533660e-01
1.49149149e+01,3.81695935e+00,3.80656013e+02,6.09176466e+06,2.00332788e+03,1.18498821e-01,6.68064625e-07,5.99993604e-01,2.81480622e-01
1.50150150e+01,3.81178059e+00,3.81919472e+02,6.08136566e+06,2.00251601e+03,1.18505282e-01,6.68826517e-07,6.00026319e-01,2.81495969e-01
1.51151151e+01,3.81021599e+00,3.82771483e+02,6.07683377e+06,2.00195160e+03,1.18498996e-01,6.69509524e-07,5.99994490e-01,2.81481036e-01
1.52152152e+01,3.80856663e+00,3.82661441e+02,6.07719395e+06,2.00258772e+03,1.18519681e-01,6.70337178e-07,6.00099221e-01,2.81530169e-01
1.53153153e+01,3.80415737e+00,3.83776539e+02,6.07010069e+06,2.00234090e+03,1.18533166e-01,6.71113668e-07,6.00167502e-01,2.81562201e-01
1.54154154e+01,3.79711947e+00,3.86433549e+02,6.06264899e+06,2.00286755e+03,1.18575897e-01,6.72042098e-07,6.00383858e-01,2.81663702e-01
1.55155155e+01,3.78897869e+00,3.90383003e+02,6.03757981e+06,1.99951944e+03,1.18537449e-01,6.72492756e-07,6.00189185e-01,2.81572372e-01
1.56156156e+01,3.78437173e+00,3.93112600e+02,6.02907365e+06,1.99897911e+03,1.18546580e-01,6.73192273e-07,6.00235417e-01,2.81594061e-01
1.57157157e+01,3.77826948e+00,3.95298696e+02,6.01773457e+06,1.99826061e+03,1.18557343e-01,6.73878018e-07,6.00289912e-01,2.81619626e-01
1.58158158e+01,3.77068428e+00,3.97649191e+02,6.00486150e+06,1.99765631e+03,1.18577568e-01,6.74591875e-07,6.00392320e-01,2.81667669e-01
1.59159159e+01,3.76553491e+00,3.99115484e+02,5.99341733e+06,1.99661181e+03,1.18575425e-01,6.75150055e-07,6.00381468e-01,2.81662577e-01
1.60160160e+01,3.76384643e+00,3.98928533e+02,5.98255134e+06,1.99456625e+03,1.18534988e-01,6.75460136e-07,6.00176722e-01,2.81566522e-01
1.61161161e+01,3.76470492e+00,3.97584724e+02,5.98293927e+06,1.99439817e+03,1.18525630e-01,6.75916035e-07,6.00129339e-01,2.81544292e-01
1.62162162e+01,3.76463215e+00,3.96582672e+02,5.98924051e+06,1.99595161e+03,1.18560408e-01,6.76592048e-07,6.00305432e-01,2.81626904e-01
1.63163163e+01,3.76196759e+00,3.97757209e+02,5.98605202e+06,1.99604928e+03,1.18575418e-01,6.77122890e-07,6.00381429e-01,2.81662557e-01
1.64164164e+01,3.75045191e+00,4.02037658e+02,5.94722083e+06,1.99042355e+03,1.18501937e-01,6.77115203e-07,6.00009375e-01,2.81488011e-01
1.65165165e+01,3.73369947e+00,4.07201317e+02,5.91591361e+06,1.98831797e+03,1.18532410e-01,6.77667444e-07,6.00163669e-01,2.81560396e-01
1.66166166e+01,3.72725838e+00,4.10776953e+02,5.89911554e+06,1.98633758e+03,1.18518140e-01,6.77930674e-07,6.00091418e-01,2.81526499e-01
1.67167167e+01,3.72580745e+00,4.12086217e+02,5.89700152e+06,1.98629502e+03,1.18524346e-01,6.78279775e-07,6.00122836e-01,2.81541239e-01
1.68168168e+01,3.72513958e+00,4.12605114e+02,5.89281698e+06,1.98549130e+03,1.18509428e-01,6.78478155e-07,6.00047302e-01,2.81505802e-01
1.69169169e+01,3.72519954e+00,4.12473401e+02,5.89188880e+06,1.98523818e+03,1.18503962e-01,6.78701820e-07,6.00019626e-01,2.81492818e-01
1.70170170e+01,3.72660280e+00,4.11769779e+02,5.89558281e+06,1.98567083e+03,1.18507782e-01,6.78950987e-07,6.00038969e-01,2.81501892e-01
1.71171171e+01,3.72661148e+00,4.11446029e+02,5.90473755e+06,1.98790015e+03,1.18558420e-01,6.79442022e-07,6.00295363e-01,2.81622177e-01
1.72172172e+01,3.71975642e+00,4.14322496e+02,5.89377248e+06,1.98749687e+03,1.18580397e-01,6.79743314e-07,6.00406637e-01,2.81674380e-01
1.73173173e+01,3.70494945e+00,4.20395103e+02,5.85731781e+06,1.98348469e+03,1.18557255e-01,6.79761065e-07,6.00289465e-01,2.81619410e-01
1.74174174e+01,3.69509792e+00,4.24480114e+02,5.82776806e+06,1.97949594e+03,1.18511959e-01,6.79627612e-07,6.00060119e-01,2.81511814e-01
1.75175175e+01,3.68874284e+00,4.25603259e+02,5.81151547e+06,1.97761088e+03,1.18497902e-01,6.79650505e-07,5.99988945e-01,2.81478424e-01
1.76176176e+01,3.68161271e+00,4.27013457e+02,5.80398961e+06,1.97813257e+03,1.18542373e-01,6.79987351e-07,6.00214114e-01,2.81584059e-01
1.77177177e+01,3.66824760e+00,4.31515779e+02,5.77264012e+06,1.97484035e+03,1.18528922e-01,6.79970999e-07,6.00146009e-01,2.81552108e-01
1.78178178e+01,3.65707439e+00,4.35847675e+02,5.75164526e+06,1.97336689e+03,1.18547104e-01,6.80115975e-07,6.00238067e-01,2.81595296e-01
1.79179179e+01,3.64862183e+00,4.39101867e+02,5.73471952e+06,1.97198719e+03,1.18554959e-01,6.80182588e-07,6.00277840e-01,2.81613955e-01
1.80180180e+01,3.64261216e+00,4.41528255e+02,5.72661477e+06,1.97200051e+03,1.18581926e-01,6.80340710e-07,6.00414383e-01,2.81678013e-01
1.81181181e+01,3.63950690e+00,4.42697447e+02,5.70875827e+06,1.96859126e+03,1.18517925e-01,6.79959787e-07,6.00090326e-01,2.81525985e-01
1.82182182e+01,3.64158896e+00,4.42466982e+02,5.71651946e+06,1.96982754e+03,1.18536758e-01,6.80038048e-07,6.00185681e-01,2.81570720e-01
1.83183183e+01,3.65119985e+00,4.39662185e+02,5.72521937e+06,1.96880002e+03,1.18466459e-01,6.79590108e-07,5.99829740e-01,2.81403734e-01
1.84184184e+01,3.65862941e+00,4.37285101e+02,5.76293159e+06,1.97568718e+03,1.18589803e-01,6.80239282e-07,6.00454264e-01,2.81696723e-01
1.85185185e+01,3.65661134e+00,4.38884976e+02,5.75403063e+06,1.97414222e+03,1.18564703e-01,6.80024817e-07,6.00327177e-01,2.81637101e-01
1.86186186e+01,3.64806342e+00,4.41732193e+02,5.73183832e+06,1.97146439e+03,1.18544962e-01,6.79830937e-07,6.00227222e-01,2.81590208e-01
1.87187187e+01,3.63207007e+00,4.46538610e+02,5.70024680e+06,1.96893712e+03,1.18562700e-01,6.79843897e-07,6.00317035e-01,2.81632344e-01
1.88188188e+01,3.62181512e+00,4.50399466e+02,5.66791803e+06,1.96428084e+03,1.18504322e-01,6.79414858e-07,6.00021450e-01,2.81493673e-01
1.89189189e+01,3.61312653e+00,4.51594677e+02,5.64906028e+06,1.96244949e+03,1.18504553e-01,6.79318105e-07,6.00022620e-01,2.81494222e-01
1.90190190e+01,3.60205621e+00,4.54265678e+02,5.63437900e+06,1.96249408e+03,1.18557137e-01,6.79520005e-07,6.00288867e-01,2.81619129e-01
1.91191191e+01,3.59435629e+00,4.57532755e+02,5.61003804e+06,1.95896211e+03,1.18511128e-01,6.79157687e-07,6.00055910e-01,2.81509840e-01
1.92192192e+01,3.59665412e+00,4.59310742e+02,5.61960471e+06,1.96056448e+03,1.18540416e-01,6.79229901e-07,6.00204206e-01,2.81579412e-01
1.93193193e+01,3.59949758e+00,4.59948066e+02,5.62621917e+06,1.96131478e+03,1.18540825e-01,6.79141396e-07,6.00206274e-01,2.81580382e-01
1.94194194e+01,3.59882107e+00,4.59410509e+02,5.62149360e+06,1.96034160e+03,1.18522334e-01,6.78951397e-07,6.00112651e-01,2.81536460e-01
1.95195195e+01,3.59020988e+00,4.61430505e+02,5.61336121e+06,1.96116777e+03,1.18584763e-01,6.79233559e-07,6.00428746e-01,2.81684753e-01
1.96196196e+01,3.57606624e+00,4.66057110e+02,5.57455018e+06,1.95611343e+03,1.18536125e-01,6.78889836e-07,6.00182478e-01,2.81569219e-01
1.97197197e+01,3.57132216e+00,4.67723349e+02,5.55861279e+06,1.95367805e+03,1.18501782e-01,6.78639413e-07,6.00008590e-01,2.81487641e-01
1.98198198e+01,3.57047286e+00,4.68018551e+02,5.56206860e+06,1.95486598e+03,1.18531588e-01,6.78768314e-07,6.00159506e-01,2.81558441e-01
1.99199199e+01,3.56798656e+00,4.69370219e+02,5.55964919e+06,1.95512932e+03,1.18546620e-01,6.78824875e-07,6.00235619e-01,2.81594149e-01
2.00200200e+01,3.56214940e+00,4.71915685e+02,5.54646346e+06,1.95377304e+03,1.18541495e-01,6.78778277e-07,6.00209668e-01,2.81581975e-01
2.01201201e+01,3.55430953e+00,4.75066449e+02,5.53268219e+06,1.95292345e+03,1.18559332e-01,6.78874966e-07,6.00299983e-01,2.81624345e-01
2.02202202e+01,3.54798067e+00,4.78874370e+02,5.51497006e+06,1.95054247e+03,1.18535105e-01,6.78741694e-07,6.00177315e-01,2.81566797e-01
2.03203203e+01,3.54699331e+00,4.81909554e+02,5.51752811e+06,1.95154880e+03,1.18561929e-01,6.78910311e-07,6.00313132e-01,2.81630514e-01
2.04204204e+01,3.54501343e+00,4.83537778e+02,5.50704559e+06,1.94959579e+03,1.18521379e-01,6.78701079e-07,6.00107813e-01,2.81534190e-01
2.05205205e+01,3.54390018e+00,4.82671123e+02,5.50243575e+06,1.94878668e+03,1.18508549e-01,6.78656551e-07,6.00042855e-01,2.81503716e-01
2.06206206e+01,3.53684653e+00,4.82706250e+02,5.49232339e+06,1.94859375e+03,1.18538401e-01,6.78860176e-07,6.00194005e-01,2.81574626e-01
2.07207207e+01,3.52208869e+00,4.86857983e+02,5.46107860e+06,1.94555294e+03,1.18542906e-01,6.78919739e-07,6.00216815e-01,2.81585327e-01
2.08208208e+01,3.51234802e+00,4.90542870e+02,5.43611100e+06,1.94246704e+03,1.18516168e-01,6.78798707e-07,6.00081431e-01,2.81521813e-01
2.09209209e+01,3.50946339e+00,4.93273618e+02,5.42540410e+06,1.94067585e+03,1.18489226e-01,6.78672107e-07,5.99945013e-01,2.81457814e-01
2.10210210e+01,3.51209204e+00,4.94964747e+02,5.43597968e+06,1.94246622e+03,1.18521993e-01,6.78880346e-07,6.00110925e-01,2.81535650e-01
2.11211211e+01,3.51787552e+00,4.96787876e+02,5.44787777e+06,1.94357949e+03,1.18518205e-01,6.78869221e-07,6.00091743e-01,2.81526651e-01
2.12212212e+01,3.52025830e+00,4.97054613e+02,5.45295783e+06,1.94404352e+03,1.18520128e-01,6.78878008e-07,6.00101480e-01,2.81531219e-01
2.13213213e+01,3.51679621e+00,4.98599445e+02,5.43428767e+06,1.94039881e+03,1.18452685e-01,6.78473933e-07,5.99759995e-01,2.81371015e-01
2.14214214e+01,3.51430755e+00,4.97328091e+02,5.43106360e+06,1.94041835e+03,1.18465048e-01,6.78508965e-07,5.99822597e-01,2.81400384e-01
2.15215215e+01,3.50473220e+00,4.97358331e+02,5.41041569e+06,1.93837917e+03,1.18461587e-01,6.78433107e-07,5.99805071e-01,2.81392162e-01
2.16216216e+01,3.48709963e+00,5.01711610e+02,5.37936220e+06,1.93633934e+03,1.18501937e-01,6.78586048e-07,6.00009375e-01,2.81488009e-01
2.17217217e+01,3.46461143e+00,5.10196684e+02,5.33704138e+06,1.93302460e+03,1.18535692e-01,6.78678048e-07,6.00180288e-01,2.81568191e-01
2.18218218e+01,3.45578804e+00,5.14991188e+02,5.30798567e+06,1.92845940e+03,1.18471157e-01,6.78183285e-07,5.99853529e-01,2.81414896e-01
2.19219219e+01,3.45588105e+00,5.17486850e+02,5.30580683e+06,1.92784245e+03,1.18457236e-01,6.77953321e-07,5.99783042e-01,2.81381828e-01
2.20220220e+01,3.46249691e+00,5.16553296e+02,5.32374171e+06,1.93025898e+03,1.18482030e-01,6.77919154e-07,5.99908580e-01,2.81440723e-01
2.21221221e+01,3.47096278e+00,5.15784770e+02,5.34239788e+06,1.93223917e+03,1.18485683e-01,6.77737644e-07,5.99927076e-01,2.81449400e-01
2.22222222e+01,3.47390474e+00,5.15771358e+02,5.35930067e+06,1.93562983e+03,1.18551867e-01,6.77887318e-07,6.00262185e-01,2.81606613e-01
2.23223223e+01,3.46577964e+00,5.19482654e+02,5.33370031e+06,1.93176607e+03,1.18498708e-01,6.77329578e-07,5.99993026e-01,2.81480341e-01
2.24224224e+01,3.45188561e+00,5.23974764e+02,5.31129423e+06,1.93072455e+03,1.18539784e-01,6.77286951e-07,6.00201008e-01,2.81577913e-01
2.25225225e+01,3.44185134e+00,5.26666425e+02,5.27439492e+06,1.92444014e+03,1.18444968e-01,6.76447085e-07,5.99720924e-01,2.81352688e-01
2.26226226e+01,3.43988517e+00,5.24692365e+02,5.26765850e+06,1.92327790e+03,1.18432831e-01,6.76059465e-07,5.99659474e-01,2.81323859e-01
2.27227227e+01,3.43398124e+00,5.24625060e+02,5.26239912e+06,1.92391004e+03,1.18479057e-01,6.75986782e-07,5.99893529e-01,2.81433664e-01
2.28228228e+01,3.42687407e+00,5.26914275e+02,5.25152420e+06,1.92351581e+03,1.18503711e-01,6.75775289e-07,6.00018359e-01,2.81492227e-01
2.29229229e+01,3.42283450e+00,5.30548121e+02,5.24262776e+06,1.92259136e+03,1.18499528e-01,6.75386201e-07,5.99997181e-01,2.81482292e-01
2.30230230e+01,3.42357469e+00,5.33686732e+02,5.24548769e+06,1.92308025e+03,1.18508402e-01,6.75060765e-07,6.00042111e-01,2.81503371e-01
2.31231231e+01,3.42315283e+00,5.34592346e+02,5.24018768e+06,1.92187705e+03,1.18477379e-01,6.74499386e-07,5.99885031e-01,2.81429679e-01
2.32232232e+01,3.42139093e+00,5.33949593e+02,5.23576666e+06,1.92132450e+03,1.18472444e-01,6.74080464e-07,5.99860046e-01,2.81417958e-01
2.33233233e+01,3.41250950e+00,5.35624319e+02,5.22301078e+06,1.92098803e+03,1.18512150e-01,6.73912395e-07,6.00061091e-01,2.81512277e-01
2.34234234e+01,3.39686625e+00,5.39991509e+02,5.18640079e+06,1.91666929e+03,1.18489790e-01,6.73391859e-07,5.99947872e-01,2.81459162e-01
2.35235235e+01,3.38878806e+00,5.43176148e+02,5.16411159e+06,1.91354591e+03,1.18454839e-01,6.72803453e-07,5.99770909e-01,2.81376142e-01
2.36236236e+01,3.38646393e+00,5.44992823e+02,5.16105800e+06,1.91351164e+03,1.18468165e-01,6.72493994e-07,5.99838383e-01,2.81407797e-01
2.37237237e+01,3.38488627e+00,5.47459873e+02,5.16065267e+06,1.91395295e+03,1.18486747e-01,6.72220729e-07,5.99932467e-01,2.81451936e-01
2.38238238e+01,3.38218657e+00,5.50076054e+02,5.15227678e+06,1.91263744e+03,1.18470291e-01,6.71756662e-07,5.99849145e-01,2.81412847e-01
2.39239239e+01,3.37718475e+00,5.52251924e+02,5.13852056e+06,1.91065374e+03,1.18451830e-01,6.71291343e-07,5.99755673e-01,2.81368995e-01
2.40240240e+01,3.37081299e+00,5.53203412e+02,5.12355748e+06,1.90886041e+03,1.18441328e-01,6.70882736e-07,5.99702497e-01,2.81344049e-01
2.41241241e+01,3.36290930e+00,5.54776900e+02,5.11254413e+06,1.90869617e+03,1.18474695e-01,6.70735283e-07,5.99871444e-01,2.81423309e-01
2.42242242e+01,3.35344234e+00,5.57976236e+02,5.09388118e+06,1.90702967e+03,1.18478896e-01,6.70436532e-07,5.99892718e-01,2.81433290e-01
2.43243243e+01,3.34785643e+00,5.61756027e+02,5.08238246e+06,1.90590934e+03,1.18478286e-01,6.70124987e-07,5.99889630e-01,2.81431842e-01
2.44244244e+01,3.34975102e+00,5.64148839e+02,5.08090147e+06,1.90477884e+03,1.18447028e-01,6.69654747e-07,5.99731362e-01,2.81357592e-01
2.45245245e+01,3.35465257e+00,5.62589716e+02,5.08822431e+06,1.90504299e+03,1.18428002e-01,6.69267531e-07,5.99635026e-01,2.81312397e-01
2.46246246e+01,3.35763084e+00,5.60392564e+02,5.09561095e+06,1.90594855e+03,1.18438426e-01,6.69060514e-07,5.99687807e-01,2.81337159e-01
2.47247247e+01,3.35395277e+00,5.59172339e+02,5.08515279e+06,1.90445121e+03,1.18417993e-01,6.68693109e-07,5.99584348e-01,2.81288623e-01
2.48248248e+01,3.34523561e+00,5.61175170e+02,5.08653399e+06,1.90784648e+03,1.18547472e-01,6.69185953e-07,6.00239938e-01,2.81596186e-01
2.49249249e+01,3.32749454e+00,5.68390939e+02,5.03531528e+06,1.90017211e+03,1.18455945e-01,6.68444972e-07,5.99776510e-01,2.81378774e-01
2.50250250e+01,3.32268943e+00,5.73958889e+02,5.02651385e+06,1.89952501e+03,1.18460238e-01,6.68258274e-07,5.99798246e-01,2.81388972e-01
2.51251251e+01,3.32443088e+00,5.76632499e+02,5.03071428e+06,1.90001210e+03,1.18466746e-01,6.68095676e-07,5.99831200e-01,2.81404432e-01
2.52252252e+01,3.32445474e+00,5.77915368e+02,5.03034732e+06,1.89992909e+03,1.18462430e-01,6.67882538e-07,5.99809346e-01,2.81394179e-01
2.53253253e+01,3.32155425e+00,5.79587652e+02,5.02607641e+06,1.89981109e+03,1.18472568e-01,6.67760712e-07,5.99860677e-01,2.81418261e-01
2.54254254e+01,3.31339909e+00,5.82989295e+02,5.00783567e+06,1.89771540e+03,1.18463817e-01,6.67541608e-07,5.99816370e-01,2.81397475e-01
2.55255255e+01,3.30791622e+00,5.85346312e+02,4.99551408e+06,1.89625550e+03,1.18459341e-01,6.67355201e-07,5.99793708e-01,2.81386844e-01
2.56256256e+01,3.30638130e+00,5.85450274e+02,4.98673559e+06,1.89434918e+03,1.18425125e-01,6.67008841e-07,5.99620463e-01,2.81305568e-01
2.57257257e+01,3.30719003e+00,5.84496453e+02,4.99070910e+06,1.89514106e+03,1.18440995e-01,6.66951267e-07,5.99700816e-01,2.81343265e-01
2.58258258e+01,3.30577323e+00,5.84018690e+02,4.98596092e+06,1.89433315e+03,1.18429511e-01,6.66745647e-07,5.99642667e-01,2.81315985e-01
2.59259259e+01,3.30067450e+00,5.85087050e+02,4.98092177e+06,1.89470760e+03,1.18469160e-01,6.66833432e-07,5.99843421e-01,2.81410167e-01
2.60260260e+01,3.29342930e+00,5.87198302e+02,4.95812726e+06,1.89096896e+03,1.18420096e-01,6.66427193e-07,5.99594995e-01,2.81293620e-01
2.61261261e+01,3.28966365e+00,5.88221353e+02,4.95654894e+06,1.89186000e+03,1.18462090e-01,6.66538258e-07,5.99807625e-01,2.81393374e-01
2.62262262e+01,3.28192431e+00,5.92345463e+02,4.94922354e+06,1.89257684e+03,1.18521045e-01,6.66749269e-07,6.00106130e-01,2.81533414e-01
2.63263263e+01,3.26820651e+00,6.00704265e+02,4.91916822e+06,1.88915408e+03,1.18510079e-01,6.66571549e-07,6.00050606e-01,2.81507366e-01
2.64264264e+01,3.25962405e+00,6.08201516e+02,4.90187884e+06,1.88745685e+03,1.18510958e-01,6.66465174e-07,6.00055058e-01,2.81509455e-01
2.65265265e+01,3.25725141e+00,6.09968720e+02,4.87948120e+06,1.88205138e+03,1.18394459e-01,6.65703344e-07,5.99465189e-01,2.81232724e-01
2.66266266e+01,3.26547469e+00,6.05333202e+02,4.89925482e+06,1.88460382e+03,1.18414292e-01,6.65712487e-07,5.99565610e-01,2.81279835e-01
2.67267267e+01,3.26861550e+00,6.01467041e+02,4.91078709e+06,1.88667594e+03,1.18448739e-01,6.65808245e-07,5.99740024e-01,2.81361660e-01
2.68268268e+01,3.26437985e+00,6.00495715e+02,4.90293922e+06,1.88606772e+03,1.18451079e-01,6.65728541e-07,5.99751874e-01,2.81367219e-01
2.69269269e+01,3.25307368e+00,6.03953850e+02,4.89294842e+06,1.88728346e+03,1.18544139e-01,6.66164245e-07,6.00223061e-01,2.81588272e-01
2.70270270e+01,3.23353529e+00,6.12434812e+02,4.84316000e+06,1.88035346e+03,1.18481952e-01,6.65733727e-07,5.99908192e-01,2.81440555e-01
2.71271271e+01,3.22327451e+00,6.18349055e+02,4.82255266e+06,1.87826949e+03,1.18484697e-01,6.65674679e-07,5.99922092e-01,2.81447076e-01
2.72272272e+01,3.21932633e+00,6.22362980e+02,4.81336015e+06,1.87711836e+03,1.18476491e-01,6.65560782e-07,5.99880540e-01,2.81427582e-01
2.73273273e+01,3.21712353e+00,6.23880294e+02,4.80707203e+06,1.87615527e+03,1.18463510e-01,6.65426957e-07,5.99814816e-01,2.81396749e-01
2.74274274e+01,3.21339486e+00,6.25363659e+02,4.80295086e+06,1.87636041e+03,1.18486336e-01,6.65501455e-07,5.99930388e-01,2.81450968e-01
2.75275275e+01,3.20814159e+00,6.27655594e+02,4.78621778e+06,1.87352326e+03,1.18445979e-01,6.65228628e-07,5.99726050e-01,2.81355105e-01
2.76276276e+01,3.20641702e+00,6.28341447e+02,4.78433094e+06,1.87358483e+03,1.18459073e-01,6.65263743e-07,5.99792349e-01,2.81386209e-01
2.77277277e+01,3.20658241e+00,6.28711473e+02,4.78168126e+06,1.87273113e+03,1.18441329e-01,6.65133526e-07,5.99702505e-01,2.81344059e-01
2.78278278e+01,3.20839865e+00,6.27526554e+02,4.78989697e+06,1.87440377e+03,1.18471852e-01,6.65282269e-07,5.99857057e-01,2.81416565e-01
2.79279279e+01,3.20502783e+00,6.27810982e+02,4.78203227e+06,1.87343308e+03,1.18463074e-01,6.65218211e-07,5.99812606e-01,2.81395712e-01
2.80280280e+01,3.19579827e+00,6.30742491e+02,4.76779911e+06,1.87271250e+03,1.18497166e-01,6.65402722e-07,5.99985227e-01,2.81476695e-01
2.81281281e+01,3.18379002e+00,6.35442632e+02,4.74033153e+06,1.86923760e+03,1.18478698e-01,6.65299667e-07,5.99891716e-01,2.81432825e-01
2.82282282e+01,3.17766217e+00,6.38902902e+02,4.72993542e+06,1.86853923e+03,1.18491105e-01,6.65377203e-07,5.99954537e-01,2.81462297e-01
2.83283283e+01,3.17624597e+00,6.40613107e+02,4.72195858e+06,1.86678137e+03,1.18455456e-01,6.65191647e-07,5.99774036e-01,2.81377617e-01
2.84284284e+01,3.17727027e+00,6.39638918e+02,4.72592233e+06,1.86753882e+03,1.18468602e-01,6.65286403e-07,5.99840598e-01,2.81408844e-01
2.85285285e+01,3.17435178e+00,6.40486128e+02,4.71691688e+06,1.86602463e+03,1.18447604e-01,6.65195139e-07,5.99734280e-01,2.81358966e-01
2.86286286e+01,3.16968958e+00,6.41268296e+02,4.70530078e+06,1.86437590e+03,1.18434345e-01,6.65152349e-07,5.99667143e-01,2.81327469e-01
2.87287287e+01,3.16493469e+00,6.41273806e+02,4.69516680e+06,1.86320236e+03,1.18431364e-01,6.65171522e-07,5.99652050e-01,2.81320388e-01
2.88288288e+01,3.15843969e+00,6.42304275e+02,4.69307892e+06,1.86496814e+03,1.18509819e-01,6.65651556e-07,6.00049291e-01,2.81506750e-01
2.89289289e+01,3.14469369e+00,6.47869117e+02,4.65809807e+06,1.85988841e+03,1.18463313e-01,6.65432184e-07,5.99813817e-01,2.81396280e-01
2.90290290e+01,3.13763474e+00,6.51370232e+02,4.64312213e+06,1.85812692e+03,1.18460300e-01,6.65458624e-07,5.99798564e-01,2.81389124e-01
2.91291291e+01,3.13402015e+00,6.53728618e+02,4.63387242e+06,1.85677923e+03,1.18446574e-01,6.65425549e-07,5.99729062e-01,2.81356518e-01
2.92292292e+01,3.13191002e+00,6.55817260e+02,4.63124573e+06,1.85682796e+03,1.18456082e-01,6.65522755e-07,5.99777205e-01,2.81379103e-01
2.93293293e+01,3.13040477e+00,6.58616888e+02,4.63066981e+06,1.85722277e+03,1.18473113e-01,6.65661048e-07,5.99863438e-01,2.81419559e-01
2.94294294e+01,3.13054249e+00,6.61815131e+02,4.63306957e+06,1.85785603e+03,1.18488894e-01,6.65790212e-07,5.99943340e-01,2.81457044e-01
2.95295295e+01,3.13210980e+00,6.64267759e+02,4.63618044e+06,1.85826752e+03,1.18482879e-01,6.65793864e-07,5.99912886e-01,2.81442757e-01
2.96296296e+01,3.13178936e+00,6.64624690e+02,4.63549182e+06,1.85817608e+03,1.18483232e-01,6.65829363e-07,5.99914674e-01,2.81443595e-01
2.97297297e+01,3.12478127e+00,6.67553464e+02,4.61615045e+06,1.85508584e+03,1.18450474e-01,6.65673859e-07,5.99748813e-01,2.81365783e-01
2.98298298e+01,3.11428575e+00,6.70113324e+02,4.59775086e+06,1.85357682e+03,1.18472313e-01,6.65819383e-07,5.99859387e-01,2.81417658e-01
2.99299299e+01,3.10604273e+00,6.71475095e+02,4.57462261e+06,1.84983864e+03,1.18428024e-01,6.65586697e-07,5.99635138e-01,2.81312454e-01
3.00300300e+01,3.10396171e+00,6.70808896e+02,4.57129658e+06,1.84962995e+03,1.18434622e-01,6.65632785e-07,5.99668546e-01,2.81328127e-01
3.01301301e+01,3.10085575e+00,6.70400324e+02,4.56493989e+06,1.84892389e+03,1.18433605e-01,6.65628227e-07,5.99663397e-01,2.81325711e-01
3.02302302e+01,3.09508304e+00,6.71993933e+02,4.56045488e+06,1.84971684e+03,1.18487105e-01,6.65921661e-07,5.99934286e-01,2.81452796e-01
3.03303303e+01,3.08662247e+00,6.75635004e+02,4.53688340e+06,1.84590711e+03,1.18441730e-01,6.65650539e-07,5.99704539e-01,2.81345013e-01
3.04304304e+01,3.08299467e+00,6.78157343e+02,4.53113223e+06,1.84556321e+03,1.18452852e-01,6.65687722e-07,5.99760849e-01,2.81371430e-01
3.05305305e+01,3.07857337e+00,6.81893491e+02,4.52599822e+06,1.84569109e+03,1.18480353e-01,6.65807446e-07,5.99900095e-01,2.81436756e-01
3.06306306e+01,3.07288347e+00,6.87394560e+02,4.51454594e+06,1.84442475e+03,1.18480677e-01,6.65764782e-07,5.99901735e-01,2.81437525e-01
3.07307307e+01,3.07063472e+00,6.91770874e+02,4.51290926e+06,1.84482585e+03,1.18498691e-01,6.65811752e-07,5.99992946e-01,2.81480316e-01
3.08308308e+01,3.07084264e+00,6.91938490e+02,4.51324234e+06,1.84478658e+03,1.18501935e-01,6.65765903e-07,6.00009375e-01,2.81488024e-01
3.09309309e+01,3.07721102e+00,6.89264561e+02,4.52305430e+06,1.84531537e+03,1.18479825e-01,6.65567589e-07,5.99897424e-01,2.81435503e-01
3.10310310e+01,3.07710950e+00,6.86943306e+02,4.51971501e+06,1.84441218e+03,1.18454237e-01,6.65339921e-07,5.99767865e-01,2.81374722e-01
3.11311311e+01,3.06856846e+00,6.88636062e+02,4.50631687e+06,1.84354761e+03,1.18487363e-01,6.65432596e-07,5.99935592e-01,2.81453409e-01
3.12312312e+01,3.05412306e+00,6.93165560e+02,4.47127420e+06,1.83849247e+03,1.18446818e-01,6.65102791e-07,5.99730301e-01,2.81357100e-01
3.13313313e+01,3.04714787e+00,6.95241974e+02,4.45709508e+06,1.83691162e+03,1.18443325e-01,6.64972858e-07,5.99712612e-01,2.81348801e-01
3.14314314e+01,3.04337242e+00,6.96913554e+02,4.45563684e+06,1.83783635e+03,1.18491809e-01,6.65126674e-07,5.99958103e-01,2.81463970e-01
3.15315315e+01,3.03725364e+00,7.00514251e+02,4.44097187e+06,1.83567108e+03,1.18479327e-01,6.64930901e-07,5.99894901e-01,2.81434320e-01
3.16316316e+01,3.03421015e+00,7.03203767e+02,4.43460419e+06,1.83492138e+03,1.18476503e-01,6.64782675e-07,5.99880605e-01,2.81427613e-01
3.17317317e+01,3.03231808e+00,7.05528273e+02,4.43242267e+06,1.83504463e+03,1.18484151e-01,6.64687091e-07,5.99919329e-01,2.81445781e-01
3.18318318e+01,3.03019238e+00,7.08351111e+02,4.43484495e+06,1.83659839e+03,1.18531703e-01,6.64809872e-07,6.00160097e-01,2.81558734e-01
3.19319319e+01,3.02481086e+00,7.13503628e+02,4.41938143e+06,1.83397923e+03,1.18497539e-01,6.64469727e-07,5.99987116e-01,2.81477583e-01
3.20320320e+01,3.02259873e+00,7.17823794e+02,4.41753187e+06,1.83425492e+03,1.18516819e-01,6.64425656e-07,6.00084734e-01,2.81523379e-01
3.21321321e+01,3.02087971e+00,7.19438868e+02,4.41191758e+06,1.83321911e+03,1.18500468e-01,6.64178782e-07,6.00001944e-01,2.81484539e-01
3.22322322e+01,3.01824771e+00,7.19396861e+02,4.40646689e+06,1.83253538e+03,1.18501471e-01,6.64026924e-07,6.00007027e-01,2.81486924e-01
3.23323323e+01,3.00880470e+00,7.21860329e+02,4.38225240e+06,1.82874096e+03,1.18465442e-01,6.63666490e-07,5.99824597e-01,2.81401339e-01
3.24324324e+01,2.99668617e+00,7.24176282e+02,4.35967517e+06,1.82644482e+03,1.18480477e-01,6.63592212e-07,5.99900727e-01,2.81437055e-01
3.25325325e+01,2.98512816e+00,7.26286936e+02,4.33794500e+06,1.82417519e+03,1.18493628e-01,6.63508326e-07,5.99967312e-01,2.81468293e-01
3.26326326e+01,2.97656793e+00,7.28259931e+02,4.32114344e+06,1.82229012e+03,1.18496588e-01,6.63369073e-07,5.99982302e-01,2.81475325e-01
3.27327327e+01,2.97002384e+00,7.30096127e+02,4.31128955e+06,1.82177787e+03,1.18520183e-01,6.63347659e-07,6.00101772e-01,2.81531373e-01
3.28328328e+01,2.96594110e+00,7.32248533e+02,4.29753777e+06,1.81916654e+03,1.18474586e-01,6.62942113e-07,5.99870900e-01,2.81423063e-01
3.29329329e+01,2.96906735e+00,7.31885635e+02,4.30739892e+06,1.82091740e+03,1.18507349e-01,6.62978579e-07,6.00036786e-01,2.81500886e-01
3.30330330e+01,2.97705182e+00,7.30127676e+02,4.32159078e+06,1.82224233e+03,1.18492700e-01,6.62753729e-07,5.99962616e-01,2.81466090e-01
3.31331331e+01,2.98357807e+00,7.28560192e+02,4.34615328e+06,1.82729209e+03,1.18576913e-01,6.63085968e-07,6.00389011e-01,2.81666129e-01
3.32332332e+01,2.97845306e+00,7.31790074e+02,4.33466888e+06,1.82577488e+03,1.18565523e-01,6.62888891e-07,6.00331340e-01,2.81639073e-01
3.33333333e+01,2.96738093e+00,7.37039945e+02,4.31310295e+06,1.82342935e+03,1.18568156e-01,6.62776353e-07,6.00344670e-01,2.81645327e-01
3.34334334e+01,2.95568476e+00,7.42160828e+02,4.28291105e+06,1.81860766e+03,1.18517480e-01,6.62372845e-07,6.00088084e-01,2.81524953e-01
3.35335335e+01,2.95000865e+00,7.42842125e+02,4.26965701e+06,1.81661976e+03,1.18507585e-01,6.62204281e-07,6.00037981e-01,2.81501448e-01
3.36336336e+01,2.94387137e+00,7.43167006e+02,4.25768871e+06,1.81524831e+03,1.18511233e-01,6.62118618e-07,6.00056454e-01,2.81510114e-01
3.37337337e+01,2.93866826e+00,7.44269627e+02,4.24830721e+06,1.81433779e+03,1.18518920e-01,6.62063018e-07,6.00095375e-01,2.81528374e-01
3.38338338e+01,2.93419839e+00,7.45843075e+02,4.24410491e+06,1.81474763e+03,1.18555274e-01,6.62175125e-07,6.00279446e-01,2.81614729e-01
3.39339339e+01,2.92644329e+00,7.50063603e+02,4.23083149e+06,1.81358483e+03,1.18573659e-01,6.62194571e-07,6.00372537e-01,2.81658401e-01
3.40340340e+01,2.91787486e+00,7.55405997e+02,4.21364107e+06,1.81152591e+03,1.18573273e-01,6.62116995e-07,6.00370580e-01,2.81657484e-01
3.41341341e+01,2.91422449e+00,7.58775789e+02,4.20557362e+06,1.81043958e+03,1.18565594e-01,6.62006422e-07,6.00331699e-01,2.81639243e-01
3.42342342e+01,2.91449828e+00,7.58860755e+02,4.19872264e+06,1.80822515e+03,1.18506278e-01,6.61615047e-07,6.00031367e-01,2.81498346e-01
3.43343343e+01,2.92015577e+00,7.55508572e+02,4.21494032e+06,1.81111084e+03,1.18544351e-01,6.61774672e-07,6.00224138e-01,2.81588782e-01
3.44344344e+01,2.92140237e+00,7.53474064e+02,4.21598291e+06,1.81094098e+03,1.18534193e-01,6.61672201e-07,6.00172708e-01,2.81564654e-01
3.45345345e+01,2.91987172e+00,7.53302599e+02,4.22140707e+06,1.81326533e+03,1.18596694e-01,6.61982314e-07,6.00489169e-01,2.81713119e-01
3.46346346e+01,2.90809044e+00,7.59657748e+02,4.19407423e+06,1.80928566e+03,1.18566375e-01,6.61781159e-07,6.00335654e-01,2.81641099e-01
3.47347347e+01,2.89830530e+00,7.65858215e+02,4.17573309e+06,1.80732563e+03,1.18574874e-01,6.61803194e-07,6.00378688e-01,2.81661288e-01
3.48348348e+01,2.88991121e+00,7.71627823e+02,4.15951507e+06,1.80549881e+03,1.18577278e-01,6.61797288e-07,6.00390859e-01,2.81666998e-01
3.49349349e+01,2.88128981e+00,7.76500003e+02,4.14349407e+06,1.80382501e+03,1.18583934e-01,6.61820762e-07,6.00424560e-01,2.81682808e-01
3.50350350e+01,2.87379449e+00,7.80457555e+02,4.12861050e+06,1.80202170e+03,1.18584703e-01,6.61816585e-07,6.00428452e-01,2.81684634e-01
3.51351351e+01,2.87035567e+00,7.82937446e+02,4.11882039e+06,1.80027816e+03,1.18559950e-01,6.61674724e-07,6.00303122e-01,2.81625837e-01
3.52352352e+01,2.87054017e+00,7.82776586e+02,4.11412470e+06,1.79873310e+03,1.18518890e-01,6.61446146e-07,6.00095224e-01,2.81528303e-01
3.53353353e+01,2.87553744e+00,7.79829201e+02,4.12653274e+06,1.80071891e+03,1.18538881e-01,6.61562139e-07,6.00196446e-01,2.81575791e-01
3.54354354e+01,2.87826019e+00,7.77678995e+02,4.13231120e+06,1.80146991e+03,1.18543143e-01,6.61593748e-07,6.00218024e-01,2.81585914e-01
3.55355355e+01,2.87792759e+00,7.77469589e+02,4.14010873e+06,1.80406908e+03,1.18609425e-01,6.61974445e-07,6.00553630e-01,2.81743360e-01
3.56356356e+01,2.86689654e+00,7.83661869e+02,4.11704443e+06,1.80106721e+03,1.18599837e-01,6.61934128e-07,6.00505082e-01,2.81720584e-01
3.57357357e+01,2.85745629e+00,7.89475260e+02,4.09546036e+06,1.79793751e+03,1.18573876e-01,6.61804343e-07,6.00373635e-01,2.81658917e-01
3.58358358e+01,2.85353989e+00,7.92956748e+02,4.08742528e+06,1.79694064e+03,1.18569402e-01,6.61795920e-07,6.00350980e-01,2.81648289e-01
3.59359359e+01,2.85344916e+00,7.93341069e+02,4.08430196e+06,1.79588361e+03,1.18552304e-01,6.61718070e-07,6.00264406e-01,2.81607673e-01
3.60360360e+01,2.85616566e+00,7.91638326e+02,4.08610631e+06,1.79538200e+03,1.18524978e-01,6.61583717e-07,6.00126048e-01,2.81542764e-01
3.61361361e+01,2.85935825e+00,7.87741089e+02,4.09394120e+06,1.79666738e+03,1.18534788e-01,6.61656849e-07,6.00175720e-01,2.81566068e-01
3.62362362e+01,2.85556242e+00,7.87944942e+02,4.08991070e+06,1.79690909e+03,1.18559550e-01,6.61813202e-07,6.00301097e-01,2.81624886e-01
3.63363363e+01,2.84306801e+00,7.93767649e+02,4.05774455e+06,1.79148218e+03,1.18501935e-01,6.61509030e-07,6.00009375e-01,2.81488028e-01
3.64364364e+01,2.82578629e+00,8.01128643e+02,4.03235933e+06,1.79008143e+03,1.18573491e-01,6.61924788e-07,6.00371682e-01,2.81658001e-01
3.65365365e+01,2.81151207e+00,8.08332566e+02,4.00179367e+06,1.78588035e+03,1.18550356e-01,6.61810528e-07,6.00254544e-01,2.81603047e-01
3.66366366e+01,2.80354809e+00,8.12050612e+02,3.98440159e+06,1.78338729e+03,1.18535902e-01,6.61743037e-07,6.00181361e-01,2.81568714e-01
3.67367367e+01,2.79985460e+00,8.15622533e+02,3.97425782e+06,1.78160614e+03,1.18508456e-01,6.61601044e-07,6.00042391e-01,2.81503517e-01
3.68368368e+01,2.80589684e+00,8.14734514e+02,3.98399139e+06,1.78227669e+03,1.18498280e-01,6.61553281e-07,5.99990868e-01,2.81479346e-01
3.69369369e+01,2.82158276e+00,8.08845993e+02,4.01279575e+06,1.78544885e+03,1.18480623e-01,6.61461349e-07,5.99901467e-01,2.81437405e-01
3.70370370e+01,2.83185283e+00,8.03787752e+02,4.04172932e+06,1.79067090e+03,1.18555375e-01,6.61882685e-07,6.00279959e-01,2.81614970e-01
3.71371371e+01,2.82597218e+00,8.06788532e+02,4.03230439e+06,1.79000475e+03,1.18569155e-01,6.61960737e-07,6.00349730e-01,2.81647702e-01
3.72372372e+01,2.81024484e+00,8.14238211e+02,4.00631830e+06,1.78787460e+03,1.18605470e-01,6.62161558e-07,6.00533602e-01,2.81733964e-01
3.73373373e+01,2.79149949e+00,8.23885819e+02,3.96001924e+06,1.78024467e+03,1.18527884e-01,6.61723371e-07,6.00140761e-01,2.81549667e-01
3.74374374e+01,2.78655901e+00,8.24700218e+02,3.93603725e+06,1.77433408e+03,1.18412089e-01,6.61068697e-07,5.99554459e-01,2.81274609e-01
3.75375375e+01,2.79551819e+00,8.18502168e+02,3.96442901e+06,1.78005476e+03,1.18501935e-01,6.61558790e-07,6.00009375e-01,2.81488028e-01
3.76376376e+01,2.82617740e+00,8.02043863e+02,4.01194651e+06,1.78336569e+03,1.18401114e-01,6.60981031e-07,5.99498889e-01,2.81248539e-01
3.77377377e+01,2.86840357e+00,7.80246066e+02,4.10025823e+06,1.79514640e+03,1.18443590e-01,6.61199541e-07,5.99713959e-01,2.81349437e-01
3.78378378e+01,2.89890702e+00,7.68375062e+02,4.16167017e+06,1.80275156e+03,1.18450793e-01,6.61217361e-07,5.99750431e-01,2.81366548e-01
3.79379379e+01,2.91807942e+00,7.61031456e+02,4.20478026e+06,1.80885226e+03,1.18490513e-01,6.61412915e-07,5.99951543e-01,2.81460897e-01
3.80380380e+01,2.92517972e+00,7.57484074e+02,4.21771947e+06,1.81015716e+03,1.18481170e-01,6.61330920e-07,5.99904238e-01,2.81438704e-01
3.81381381e+01,2.92589936e+00,7.55534240e+02,4.21964939e+06,1.81048913e+03,1.18484501e-01,6.61316148e-07,5.99921100e-01,2.81446615e-01
3.82382382e+01,2.92408069e+00,7.55992983e+02,4.21694845e+06,1.81036798e+03,1.18490235e-01,6.61311463e-07,5.99950134e-01,2.81460236e-01
3.83383383e+01,2.91834124e+00,7.58382660e+02,4.20558940e+06,1.80903868e+03,1.18490471e-01,6.61272964e-07,5.99951328e-01,2.81460797e-01
3.84384384e+01,2.91213125e+00,7.61073295e+02,4.19099608e+06,1.80686393e+03,1.18473534e-01,6.61135750e-07,5.99865571e-01,2.81420565e-01
3.85385385e+01,2.90709377e+00,7.63063222e+02,4.18358028e+06,1.80649659e+03,1.18492920e-01,6.61198551e-07,5.99963728e-01,2.81466614e-01
3.86386386e+01,2.89829902e+00,7.67449162e+02,4.17130511e+06,1.80605945e+03,1.18532435e-01,6.61371242e-07,6.00163805e-01,2.81560478e-01
3.87387387e+01,2.88755056e+00,7.73810440e+02,4.14458099e+06,1.80183660e+03,1.18488475e-01,6.61076109e-07,5.99941222e-01,2.81456056e-01
3.88388388e+01,2.88417716e+00,7.77634230e+02,4.13669143e+06,1.80066167e+03,1.18478502e-01,6.60968841e-07,5.99890728e-01,2.81432367e-01
3.89389389e+01,2.88473113e+00,7.78574987e+02,4.13536129e+06,1.79998406e+03,1.18462240e-01,6.60824864e-07,5.99808387e-01,2.81393738e-01
3.90390390e+01,2.88584110e+00,7.77888452e+02,4.13885213e+06,1.80064833e+03,1.18472915e-01,6.60829776e-07,5.99862438e-01,2.81419095e-01
3.91391391e+01,2.88258508e+00,7.78977449e+02,4.13376258e+06,1.80030126e+03,1.18483723e-01,6.60834412e-07,5.99917161e-01,2.81444768e-01
3.92392392e+01,2.86920947e+00,7.84833231e+02,4.10723366e+06,1.79707765e+03,1.18484296e-01,6.60781439e-07,5.99920063e-01,2.81446130e-01
3.93393393e+01,2.85597378e+00,7.91086634e+02,4.07742324e+06,1.79273573e+03,1.18455651e-01,6.60565555e-07,5.99775027e-01,2.81378087e-01
3.94394394e+01,2.84910667e+00,7.93979206e+02,4.06539458e+06,1.79158096e+03,1.18467176e-01,6.60573893e-07,5.99833383e-01,2.81405464e-01
3.95395395e+01,2.84337881e+00,7.96492084e+02,4.05394373e+06,1.79015483e+03,1.18465769e-01,6.60510618e-07,5.99826259e-01,2.81402122e-01
3.96396396e+01,2.83919052e+00,7.98449593e+02,4.04501050e+06,1.78895498e+03,1.18458489e-01,6.60415427e-07,5.99789394e-01,2.81384828e-01
3.97397397e+01,2.83551249e+00,8.00012099e+02,4.03923747e+06,1.78855169e+03,1.18469568e-01,6.60423741e-07,5.99845494e-01,2.81411146e-01
3.98398398e+01,2.82834644e+00,8.03552116e+02,4.02589705e+06,1.78707013e+03,1.18475608e-01,6.60405493e-07,5.99876073e-01,2.81425492e-01
3.99399399e+01,2.82107590e+00,8.07360236e+02,4.01177670e+06,1.78536258e+03,1.18477542e-01,6.60366270e-07,5.99885865e-01,2.81430086e-01
4.00400400e+01,2.81672806e+00,8.10600189e+02,4.00079332e+06,1.78355000e+03,1.18455816e-01,6.60197397e-07,5.99775862e-01,2.81378479e-01
4.01401401e+01,2.81534896e+00,8.12362578e+02,3.99888508e+06,1.78348536e+03,1.18461608e-01,6.60184355e-07,5.99805188e-01,2.81392237e-01
4.02402402e+01,2.81366389e+00,8.14530909e+02,3.99936130e+06,1.78429866e+03,1.18492634e-01,6.60314680e-07,5.99962283e-01,2.81465937e-01
4.03403403e+01,2.80827100e+00,8.19135234e+02,3.98846637e+06,1.78287316e+03,1.18491433e-01,6.60268465e-07,5.99956202e-01,2.81463084e-01
4.04404404e+01,2.79849890e+00,8.26157761e+02,3.96651783e+06,1.77956859e+03,1.18470445e-01,6.60115387e-07,5.99849933e-01,2.81413229e-01
4.05405405e+01,2.78922711e+00,8.31390553e+02,3.95021453e+06,1.77795472e+03,1.18483149e-01,6.60153681e-07,5.99914258e-01,2.81443407e-01
4.06406406e+01,2.78201056e+00,8.33727845e+02,3.93381635e+06,1.77542761e+03,1.18465753e-01,6.60028055e-07,5.99826174e-01,2.81402083e-01
4.07407407e+01,2.77807735e+00,8.34142423e+02,3.92314142e+06,1.77348218e+03,1.18441332e-01,6.59867275e-07,5.99702526e-01,2.81344075e-01
4.08408408e+01,2.77575026e+00,8.33221262e+02,3.91985126e+06,1.77338212e+03,1.18447897e-01,6.59883249e-07,5.99735764e-01,2.81359668e-01
4.09409409e+01,2.77182337e+00,8.32994755e+02,3.91165622e+06,1.77230324e+03,1.18439775e-01,6.59821693e-07,5.99694645e-01,2.81340377e-01
4.10410410e+01,2.76623680e+00,8.34482068e+02,3.90381705e+06,1.77189585e+03,1.18468364e-01,6.59969066e-07,5.99839397e-01,2.81408286e-01
4.11411411e+01,2.75757150e+00,8.38073056e+02,3.88521067e+06,1.76915751e+03,1.18457284e-01,6.59899973e-07,5.99783297e-01,2.81381968e-01
4.12412412e+01,2.75246166e+00,8.39902319e+02,3.87537111e+06,1.76793407e+03,1.18458556e-01,6.59904246e-07,5.99789737e-01,2.81384989e-01
4.13413413e+01,2.74959925e+00,8.41233382e+02,3.86871821e+06,1.76695036e+03,1.18444208e-01,6.59826088e-07,5.99717087e-01,2.81350906e-01
4.14414414e+01,2.74931739e+00,8.41920982e+02,3.86787394e+06,1.76675099e+03,1.18443864e-01,6.59830549e-07,5.99715348e-01,2.81350090e-01
4.15415415e+01,2.74971926e+00,8.42480865e+02,3.87306042e+06,1.76828796e+03,1.18482281e-01,6.60055543e-07,5.99909863e-01,2.81441345e-01
4.16416416e+01,2.74744919e+00,8.44869784e+02,3.87342404e+06,1.76929339e+03,1.18523918e-01,6.60303062e-07,6.00120683e-01,2.81540249e-01
4.17417417e+01,2.73626128e+00,8.52251565e+02,3.85298016e+06,1.76700104e+03,1.18533985e-01,6.60379184e-07,6.00171652e-01,2.81564161e-01
4.18418418e+01,2.71989831e+00,8.62384069e+02,3.81822340e+06,1.76199247e+03,1.18507299e-01,6.60254834e-07,6.00036537e-01,2.81500773e-01
4.19419419e+01,2.71224391e+00,8.67030011e+02,3.79596650e+06,1.75760829e+03,1.18443714e-01,6.59928994e-07,5.99714585e-01,2.81349732e-01
4.20420420e+01,2.71808661e+00,8.63552406e+02,3.81402602e+06,1.76130837e+03,1.18501935e-01,6.60285961e-07,6.00009375e-01,2.81488030e-01
4.21421421e+01,2.73312666e+00,8.55036750e+02,3.83483739e+06,1.76223067e+03,1.18430870e-01,6.59926725e-07,5.99649553e-01,2.81319223e-01
4.22422422e+01,2.73948250e+00,8.49559621e+02,3.85130736e+06,1.76518459e+03,1.18464985e-01,6.60157605e-07,5.99822285e-01,2.81400259e-01
4.23423423e+01,2.73903245e+00,8.47324776e+02,3.85140069e+06,1.76545841e+03,1.18468943e-01,6.60224211e-07,5.99842330e-01,2.81409662e-01
4.24424424e+01,2.73095546e+00,8.50345046e+02,3.84886624e+06,1.76780246e+03,1.18583687e-01,6.60911711e-07,6.00423308e-01,2.81682222e-01
4.25425425e+01,2.70531337e+00,8.63736789e+02,3.78642615e+06,1.75721820e+03,1.18474995e-01,6.60356817e-07,5.99872973e-01,2.81424038e-01
4.26426426e+01,2.69465152e+00,8.71063645e+02,3.76453868e+06,1.75414129e+03,1.18463638e-01,6.60346910e-07,5.99815465e-01,2.81397059e-01
4.27427427e+01,2.69348790e+00,8.73023843e+02,3.76335106e+06,1.75417741e+03,1.18474987e-01,6.60466200e-07,5.99872931e-01,2.81424018e-01
4.28428428e+01,2.69231223e+00,8.73922460e+02,3.76073686e+06,1.75378406e+03,1.18470954e-01,6.60502161e-07,5.99852509e-01,2.81414437e-01
4.29429429e+01,2.69052805e+00,8.74498240e+02,3.75816139e+06,1.75363587e+03,1.18478341e-01,6.60603960e-07,5.99889911e-01,2.81431984e-01
4.30430430e+01,2.68470156e+00,8.77176692e+02,3.74689425e+06,1.75216451e+03,1.18478902e-01,6.60669531e-07,5.99892754e-01,2.81433318e-01
4.31431431e+01,2.67830895e+00,8.80328054e+02,3.73313473e+06,1.75008210e+03,1.18466361e-01,6.60663489e-07,5.99829256e-01,2.81403528e-01
4.32432432e+01,2.67462983e+00,8.81883726e+02,3.72621564e+06,1.74925014e+03,1.18465765e-01,6.60725288e-07,5.99826235e-01,2.81402111e-01
4.33433433e+01,2.67122566e+00,8.82969147e+02,3.72083045e+06,1.74880541e+03,1.18475430e-01,6.60845338e-07,5.99875176e-01,2.81425071e-01
4.34434434e+01,2.66417885e+00,8.86004920e+02,3.70797604e+06,1.74728241e+03,1.18481603e-01,6.60946569e-07,5.99906428e-01,2.81439732e-01
4.35435435e+01,2.65387763e+00,8.90756569e+02,3.68868586e+06,1.74486746e+03,1.18486484e-01,6.61040886e-07,5.99931144e-01,2.81451327e-01
4.36436436e+01,2.64525548e+00,8.95024417e+02,3.67045963e+06,1.74213931e+03,1.18470557e-01,6.61019086e-07,5.99850498e-01,2.81413493e-01
4.37437437e+01,2.64022919e+00,8.97901633e+02,3.66031657e+06,1.74068130e+03,1.18467231e-01,6.61067398e-07,5.99833658e-01,2.81405593e-01
4.38438438e+01,2.63630246e+00,9.00480097e+02,3.65392753e+06,1.74006220e+03,1.18478733e-01,6.61198065e-07,5.99891899e-01,2.81432916e-01
4.39439439e+01,2.63139607e+00,9.03644978e+02,3.64559868e+06,1.73918551e+03,1.18488775e-01,6.61319960e-07,5.99942741e-01,2.81456768e-01
4.40440440e+01,2.62301410e+00,9.08560393e+02,3.62949567e+06,1.73703872e+03,1.18488619e-01,6.61384030e-07,5.99941954e-01,2.81456399e-01
4.41441441e+01,2.61451155e+00,9.13479323e+02,3.61254746e+06,1.73461709e+03,1.18484040e-01,6.61422207e-07,5.99918770e-01,2.81445522e-01
4.42442442e+01,2.60854861e+00,9.16639217e+02,3.59996665e+06,1.73267066e+03,1.18474259e-01,6.61429999e-07,5.99869246e-01,2.81422288e-01
4.43443443e+01,2.60372289e+00,9.19052137e+02,3.59170548e+06,1.73176431e+03,1.18483439e-01,6.61542159e-07,5.99915727e-01,2.81444094e-01
4.44444444e+01,2.59724669e+00,9.22634775e+02,3.58029309e+06,1.73043763e+03,1.18492240e-01,6.61650504e-07,5.99960286e-01,2.81464998e-01
4.45445445e+01,2.59004989e+00,9.27072508e+02,3.56572857e+06,1.72829913e+03,1.18484550e-01,6.61664866e-07,5.99921348e-01,2.81446731e-01
4.46446446e+01,2.58391442e+00,9.31329721e+02,3.55432453e+06,1.72681918e+03,1.18487509e-01,6.61736650e-07,5.99936333e-01,2.81453761e-01
4.47447447e+01,2.57762400e+00,9.35369351e+02,3.54256024e+06,1.72529359e+03,1.18488213e-01,6.61793662e-07,5.99939899e-01,2.81455434e-01
4.48448448e+01,2.57072314e+00,9.39203264e+02,3.52927834e+06,1.72348120e+03,1.18485317e-01,6.61828260e-07,5.99925232e-01,2.81448553e-01
4.49449449e+01,2.56338057e+00,9.42703363e+02,3.51562017e+06,1.72168673e+03,1.18488228e-01,6.61892876e-07,5.99939975e-01,2.81455469e-01
4.50450450e+01,2.55588342e+00,9.45925999e+02,3.50172713e+06,1.71985346e+03,1.18492346e-01,6.61961695e-07,5.99960821e-01,2.81465249e-01
4.51451451e+01,2.54844371e+00,9.48782854e+02,3.48717591e+06,1.71775504e+03,1.18489007e-01,6.61986242e-07,5.99943917e-01,2.81457319e-01
4.52452452e+01,2.54128484e+00,9.51329683e+02,3.47326732e+06,1.71576700e+03,1.18485999e-01,6.62009938e-07,5.99928686e-01,2.81450173e-01
4.53453453e+01,2.53381476e+00,9.53863384e+02,3.45913501e+06,1.71383495e+03,1.18485208e-01,6.62043263e-07,5.99924683e-01,2.81448295e-01
4.54454454e+01,2.52627407e+00,9.56662408e+02,3.44554941e+06,1.71214269e+03,1.18489139e-01,6.62100155e-07,5.99944586e-01,2.81457633e-01
4.55455455e+01,2.51912075e+00,9.59710103e+02,3.43274937e+06,1.71057329e+03,1.18492784e-01,6.62152605e-07,5.99963043e-01,2.81466292e-01
4.56456456e+01,2.51297532e+00,9.63069328e+02,3.42145491e+06,1.70909264e+03,1.18494304e-01,6.62190309e-07,5.99970739e-01,2.81469902e-01
4.57457457e+01,2.50807042e+00,9.66704246e+02,3.41241764e+06,1.70786732e+03,1.18497396e-01,6.62233917e-07,5.99986391e-01,2.81477245e-01
4.58458458e+01,2.50384969e+00,9.70705354e+02,3.40469525e+06,1.70682166e+03,1.18501085e-01,6.62277990e-07,6.00005069e-01,2.81486007e-01
4.59459459e+01,2.49963514e+00,9.74961085e+02,3.39644683e+06,1.70558251e+03,1.18499344e-01,6.62288845e-07,5.99996255e-01,2.81481872e-01
4.60460460e+01,2.49467792e+00,9.79053043e+02,3.38703535e+06,1.70426293e+03,1.18497484e-01,6.62296170e-07,5.99986841e-01,2.81477456e-01
4.61461461e+01,2.48898651e+00,9.82618986e+02,3.37640829e+06,1.70281604e+03,1.18496402e-01,6.62304982e-07,5.99981359e-01,2.81474884e-01
4.62462462e+01,2.48277141e+00,9.85454644e+02,3.36420894e+06,1.70099432e+03,1.18490585e-01,6.62284494e-07,5.99951906e-01,2.81461067e-01
4.63463463e+01,2.47632769e+00,9.87889880e+02,3.35141998e+06,1.69901080e+03,1.18485466e-01,6.62265092e-07,5.99925988e-01,2.81448907e-01
4.64464464e+01,2.46982479e+00,9.90133756e+02,3.33884356e+06,1.69714242e+03,1.18481929e-01,6.62251750e-07,5.99908080e-01,2.81440506e-01
4.65465465e+01,2.46415965e+00,9.92415920e+02,3.32839318e+06,1.69571976e+03,1.18481947e-01,6.62255538e-07,5.99908171e-01,2.81440549e-01
4.66466466e+01,2.45962340e+00,9.94779775e+02,3.32050774e+06,1.69475794e+03,1.18486449e-01,6.62281698e-07,5.99930965e-01,2.81451242e-01
4.67467467e+01,2.45606321e+00,9.97628100e+02,3.31456914e+06,1.69409945e+03,1.18492025e-01,6.62311222e-07,5.99959200e-01,2.81464488e-01
4.68468468e+01,2.45339584e+00,1.00098534e+03,3.30956920e+06,1.69340052e+03,1.18490800e-01,6.62300138e-07,5.99952996e-01,2.81461578e-01
4.69469469e+01,2.45180594e+00,1.00434912e+03,3.30664442e+06,1.69299478e+03,1.18491245e-01,6.62295852e-07,5.99955250e-01,2.81462635e-01
4.70470470e+01,2.45047959e+00,1.00711421e+03,3.30447862e+06,1.69277966e+03,1.18492785e-01,6.62295193e-07,5.99963046e-01,2.81466293e-01
4.71471471e+01,2.44890394e+00,1.00941730e+03,3.30169763e+06,1.69245093e+03,1.18492249e-01,6.62280489e-07,5.99960333e-01,2.81465020e-01
4.72472472e+01,2.44668370e+00,1.01155442e+03,3.29744215e+06,1.69181896e+03,1.18491160e-01,6.62260305e-07,5.99954818e-01,2.81462433e-01
4.73473473e+01,2.44394087e+00,1.01306012e+03,3.29120645e+06,1.69067604e+03,1.18479855e-01,6.62180698e-07,5.99897577e-01,2.81435579e-01
4.74474474e+01,2.44152796e+00,1.01370292e+03,3.28547364e+06,1.68953086e+03,1.18470614e-01,6.62110362e-07,5.99850786e-01,2.81413627e-01
4.75475475e+01,2.43810976e+00,1.01419653e+03,3.27843639e+06,1.68837679e+03,1.18463516e-01,6.62049802e-07,5.99814847e-01,2.81396767e-01
4.76476476e+01,2.43314927e+00,1.01484516e+03,3.26920890e+06,1.68706936e+03,1.18462655e-01,6.62021975e-07,5.99810488e-01,2.81394722e-01
4.77477477e+01,2.42787266e+00,1.01515412e+03,3.25846795e+06,1.68530278e+03,1.18454098e-01,6.61949097e-07,5.99767165e-01,2.81374397e-01
4.78478478e+01,2.42432452e+00,1.01562368e+03,3.25241295e+06,1.68461549e+03,1.18455333e-01,6.61928959e-07,5.99773417e-01,2.81377330e-01
4.79479479e+01,2.42226985e+00,1.01635529e+03,3.24986398e+06,1.68454960e+03,1.18467531e-01,6.61968158e-07,5.99835179e-01,2.81406305e-01
4.80480480e+01,2.41999312e+00,1.01774507e+03,3.24673637e+06,1.68435070e+03,1.18478857e-01,6.62000614e-07,5.99892523e-01,2.81433208e-01
4.81481481e+01,2.41809536e+00,1.01981281e+03,3.24322084e+06,1.68385096e+03,1.18478605e-01,6.61966584e-07,5.99891247e-01,2.81432609e-01
4.82482482e+01,2.41762726e+00,1.02172114e+03,3.24220436e+06,1.68360863e+03,1.18481455e-01,6.61948141e-07,5.99905678e-01,2.81439379e-01
4.83483483e+01,2.41723378e+00,1.02351437e+03,3.24148925e+06,1.68352254e+03,1.18480663e-01,6.61907648e-07,5.99901669e-01,2.81437499e-01
4.84484484e+01,2.41605323e+00,1.02537414e+03,3.23886945e+06,1.68304943e+03,1.18476047e-01,6.61844147e-07,5.99878296e-01,2.81426534e-01
4.85485485e+01,2.41397095e+00,1.02743981e+03,3.23509271e+06,1.68254460e+03,1.18475510e-01,6.61801866e-07,5.99875578e-01,2.81425258e-01
4.86486486e+01,2.41109367e+00,1.02918472e+03,3.22922687e+06,1.68160154e+03,1.18468219e-01,6.61720352e-07,5.99838661e-01,2.81407939e-01
4.87487487e+01,2.40801586e+00,1.03036792e+03,3.22282836e+06,1.68051389e+03,1.18461222e-01,6.61639044e-07,5.99803233e-01,2.81391318e-01
4.88488488e+01,2.40439682e+00,1.03129552e+03,3.21549266e+06,1.67929410e+03,1.18455463e-01,6.61563283e-07,5.99774075e-01,2.81377639e-01
4.89489489e+01,2.39964712e+00,1.03214436e+03,3.20590329e+06,1.67771381e+03,1.18447429e-01,6.61473515e-07,5.99733396e-01,2.81358556e-01
4.90490490e+01,2.39430031e+00,1.03312106e+03,3.19619484e+06,1.67633687e+03,1.18449657e-01,6.61439836e-07,5.99744677e-01,2.81363848e-01
4.91491491e+01,2.38988249e+00,1.03477708e+03,3.18916873e+06,1.67558209e+03,1.18461089e-01,6.61456395e-07,5.99802560e-01,2.81391003e-01
4.92492492e+01,2.38626396e+00,1.03660763e+03,3.18307602e+06,1.67483732e+03,1.18466725e-01,6.61439462e-07,5.99831095e-01,2.81404390e-01
4.93493493e+01,2.38362091e+00,1.03847726e+03,3.17825747e+06,1.67414586e+03,1.18467460e-01,6.61394077e-07,5.99834817e-01,2.81406136e-01
4.94494494e+01,2.38184997e+00,1.04032509e+03,3.17526063e+06,1.67375959e+03,1.18471089e-01,6.61363787e-07,5.99853193e-01,2.81414757e-01
4.95495495e+01,2.38028233e+00,1.04200096e+03,3.17238192e+06,1.67334207e+03,1.18471189e-01,6.61312756e-07,5.99853699e-01,2.81414994e-01
4.96496496e+01,2.37834576e+00,1.04355501e+03,3.16994792e+06,1.67324050e+03,1.18483875e-01,6.61330971e-07,5.99917931e-01,2.81445129e-01
4.97497497e+01,2.37585975e+00,1.04483827e+03,3.16279957e+06,1.67157818e+03,1.18458071e-01,6.61133422e-07,5.99787281e-01,2.81383835e-01
4.98498498e+01,2.37438834e+00,1.04613642e+03,3.17164118e+06,1.67666901e+03,1.18501935e-01,6.61324204e-07,6.00009375e-01,2.81488029e-01
4.99499499e+01,2.42041713e+00,1.04185514e+03,3.06489870e+06,7.20947979e+02,3.53553186e-01,0.00000000e+00,0.00000000e+00,6.46446814e-01
5.00500501e+01,2.47947447e+00,9.54883178e+02,3.54029380e+06,4.95243459e+03,0.00000000e+00,2.30000000e-01,7.70111828e-01,0.00000000e+00
5.01501502e+01,2.18763138e+00,1.13085045e+03,2.96696260e+06,4.70635800e+03,0.00000000e+00,2.30000000e-01,7.69646787e-01,0.00000000e+00
5.02502503e+01,2.12533535e+00,1.16996370e+03,2.85328018e+06,4.65711554e+03,0.00000000e+00,2.30000000e-01,7.69975448e-01,0.00000000e+00
5.03503504e+01,2.11721466e+00,1.17630872e+03,2.83875277e+06,4.65106718e+03,0.00000000e+00,2.30000000e-01,7.69998092e-01,0.00000000e+00
5.04504505e+01,2.11331167e+00,1.17962010e+03,2.83138459e+06,4.64755160e+03,0.00000000e+00,2.30000000e-01,7.70000384e-01,0.00000000e+00
5.05505506e+01,2.10918964e+00,1.18255580e+03,2.82369881e+06,4.64399132e+03,0.00000000e+00,2.30000000e-01,7.70000945e-01,0.00000000e+00
5.06506507e+01,2.10473365e+00,1.18524450e+03,2.81529496e+06,4.63997364e+03,0.00000000e+00,2.30000000e-01,7.70000728e-01,0.00000000e+00
5.07507508e+01,2.10012933e+00,1.18775093e+03,2.80651877e+06,4.63565084e+03,0.00000000e+00,2.30000000e-01,7.70000614e-01,0.00000000e+00
5.08508509e+01,2.09530812e+00,1.19011050e+03,2.79747378e+06,4.63134235e+03,0.00000000e+00,2.30000000e-01,7.70000724e-01,0.00000000e+00
5.09509510e+01,2.09036630e+00,1.19241332e+03,2.78842133e+06,4.62727852e+03,0.00000000e+00,2.30000000e-01,7.69998748e-01,0.00000000e+00
5.10510511e+01,2.08578078e+00,1.19488746e+03,2.78009247e+06,4.62359697e+03,0.00000000e+00,2.30000000e-01,7.69999306e-01,0.00000000e+00
5.11511512e+01,2.08145741e+00,1.19746876e+03,2.77226789e+06,4.62016049e+03,0.00000000e+00,2.30000000e-01,7.69999293e-01,0.00000000e+00
5.12512513e+01,2.07750019e+00,1.20018622e+03,2.76503818e+06,4.61688735e+03,0.00000000e+00,2.30000000e-01,7.69999693e-01,0.00000000e+00
5.13513514e+01,2.07400791e+00,1.20307486e+03,2.75850235e+06,4.61372787e+03,0.00000000e+00,2.30000000e-01,7.70000121e-01,0.00000000e+00
5.14514515e+01,2.07090350e+00,1.20607827e+03,2.75252524e+06,4.61063254e+03,0.00000000e+00,2.30000000e-01,7.70000037e-01,0.00000000e+00
5.15515516e+01,2.06790056e+00,1.20905410e+03,2.74671332e+06,4.60757894e+03,0.00000000e+00,2.30000000e-01,7.69999950e-01,0.00000000e+00
5.16516517e+01,2.06469683e+00,1.21185800e+03,2.74060863e+06,4.60447119e+03,0.00000000e+00,2.30000000e-01,7.70000109e-01,0.00000000e+00
5.17517518e+01,2.06126616e+00,1.21444049e+03,2.73406665e+06,4.60112360e+03,0.00000000e+00,2.30000000e-01,7.70000460e-01,0.00000000e+00
5.18518519e+01,2.05762679e+00,1.21681277e+03,2.72712161e+06,4.59755293e+03,0.00000000e+00,2.30000000e-01,7.70000538e-01,0.00000000e+00
5.19519520e+01,2.05389062e+00,1.21904621e+03,2.72001306e+06,4.59391269e+03,0.00000000e+00,2.30000000e-01,7.70000046e-01,0.00000000e+00
5.20520521e+01,2.05018202e+00,1.22124701e+03,2.71306357e+06,4.59046520e+03,0.00000000e+00,2.30000000e-01,7.69999842e-01,0.00000000e+00
5.21521522e+01,2.04657694e+00,1.22344317e+03,2.70637706e+06,4.58721787e+03,0.00000000e+00,2.30000000e-01,7.69999865e-01,0.00000000e+00
5.22522523e+01,2.04313307e+00,1.22563800e+03,2.70000419e+06,4.58413048e+03,0.00000000e+00,2.30000000e-01,7.69999762e-01,0.00000000e+00
5.23523524e+01,2.03984775e+00,1.22780316e+03,2.69393512e+06,4.58119080e+03,0.00000000e+00,2.30000000e-01,7.70000177e-01,0.00000000e+00
5.24524525e+01,2.03660929e+00,1.22986066e+03,2.68798296e+06,4.57833655e+03,0.00000000e+00,2.30000000e-01,7.70000348e-01,0.00000000e+00
5.25525526e+01,2.03343542e+00,1.23177692e+03,2.68210268e+06,4.57545172e+03,0.00000000e+00,2.30000000e-01,7.70000269e-01,0.00000000e+00
5.26526527e+01,2.03033551e+00,1.23356351e+03,2.67636459e+06,4.57263459e+03,0.00000000e+00,2.30000000e-01,7.70000107e-01,0.00000000e+00
5.27527528e+01,2.02727770e+00,1.23520549e+03,2.67074298e+06,4.56991287e+03,0.00000000e+00,2.30000000e-01,7.70000032e-01,0.00000000e+00
5.28528529e+01,2.02426448e+00,1.23669019e+03,2.66520756e+06,4.56722882e+03,0.00000000e+00,2.30000000e-01,7.70000204e-01,0.00000000e+00
5.29529530e+01,2.02129198e+00,1.23802302e+03,2.65974913e+06,4.56457847e+03,0.00000000e+00,2.30000000e-01,7.70000059e-01,0.00000000e+00
5.30530531e+01,2.01846272e+00,1.23930203e+03,2.65459746e+06,4.56212368e+03,0.00000000e+00,2.30000000e-01,7.69999927e-01,0.00000000e+00
5.31531532e+01,2.01589017e+00,1.24061450e+03,2.64993834e+06,4.55992948e+03,0.00000000e+00,2.30000000e-01,7.69999677e-01,0.00000000e+00
5.32532533e+01,2.01354760e+00,1.24196321e+03,2.64572237e+06,4.55797148e+03,0.00000000e+00,2.30000000e-01,7.69999651e-01,0.00000000e+00
5.33533534e+01,2.01136627e+00,1.24332595e+03,2.64180937e+06,4.55616614e+03,0.00000000e+00,2.30000000e-01,7.69999645e-01,0.00000000e+00
5.34534535e+01,2.00934641e+00,1.24471871e+03,2.63816310e+06,4.55445101e+03,0.00000000e+00,2.30000000e-01,7.69999711e-01,0.00000000e+00
5.35535536e+01,2.00754519e+00,1.24619310e+03,2.63485045e+06,4.55281256e+03,0.00000000e+00,2.30000000e-01,7.69999889e-01,0.00000000e+00
5.36536537e+01,2.00596616e+00,1.24777799e+03,2.63188155e+06,4.55126135e+03,0.00000000e+00,2.30000000e-01,7.70000096e-01,0.00000000e+00
5.37537538e+01,2.00455690e+00,1.24946937e+03,2.62918127e+06,4.54978862e+03,0.00000000e+00,2.30000000e-01,7.70000001e-01,0.00000000e+00
5.38538539e+01,2.00320748e+00,1.25121927e+03,2.62658904e+06,4.54836356e+03,0.00000000e+00,2.30000000e-01,7.70000231e-01,0.00000000e+00
5.39539540e+01,2.00171955e+00,1.25295070e+03,2.62382535e+06,4.54695603e+03,0.00000000e+00,2.30000000e-01,7.70000046e-01,0.00000000e+00
5.40540541e+01,2.00006687e+00,1.25464138e+03,2.62080331e+06,4.54547142e+03,0.00000000e+00,2.30000000e-01,7.70000138e-01,0.00000000e+00
5.41541542e+01,1.99825899e+00,1.25629696e+03,2.61751428e+06,4.54387404e+03,0.00000000e+00,2.30000000e-01,7.70000181e-01,0.00000000e+00
5.42542543e+01,1.99632037e+00,1.25794185e+03,2.61401442e+06,4.54220549e+03,0.00000000e+00,2.30000000e-01,7.70000095e-01,0.00000000e+00
5.43543544e+01,1.99429629e+00,1.25960473e+03,2.61038035e+06,4.54049509e+03,0.00000000e+00,2.30000000e-01,7.69999957e-01,0.00000000e+00
5.44544545e+01,1.99222574e+00,1.26129733e+03,2.60664797e+06,4.53871570e+03,0.00000000e+00,2.30000000e-01,7.69999858e-01,0.00000000e+00
5.45545546e+01,1.99011948e+00,1.26300762e+03,2.60279078e+06,4.53679611e+03,0.00000000e+00,2.30000000e-01,7.69999836e-01,0.00000000e+00
5.46546547e+01,1.98795940e+00,1.26470794e+03,2.59874566e+06,4.53466682e+03,0.00000000e+00,2.30000000e-01,7.69999917e-01,0.00000000e+00
5.47547548e+01,1.98571053e+00,1.26637006e+03,2.59445047e+06,4.53229805e+03,0.00000000e+00,2.30000000e-01,7.70000140e-01,0.00000000e+00
5.48548549e+01,1.98334729e+00,1.26797987e+03,2.58987980e+06,4.52970353e+03,0.00000000e+00,2.30000000e-01,7.70000318e-01,0.00000000e+00
5.49549550e+01,1.98089212e+00,1.26955143e+03,2.58509622e+06,4.52694124e+03,0.00000000e+00,2.30000000e-01,7.70000248e-01,0.00000000e+00
5.50550551e+01,1.97835051e+00,1.27110717e+03,2.58017926e+06,4.52413559e+03,0.00000000e+00,2.30000000e-01,7.70000243e-01,0.00000000e+00
5.51551552e+01,1.97568551e+00,1.27264532e+03,2.57513336e+06,4.52138038e+03,0.00000000e+00,2.30000000e-01,7.69999877e-01,0.00000000e+00
5.52552553e+01,1.97299490e+00,1.27423299e+03,2.57016076e+06,4.51880449e+03,0.00000000e+00,2.30000000e-01,7.69999673e-01,0.00000000e+00
5.53553554e+01,1.97037412e+00,1.27589824e+03,2.56534393e+06,4.51633431e+03,0.00000000e+00,2.30000000e-01,7.69999777e-01,0.00000000e+00
5.54554555e+01,1.96778387e+00,1.27761640e+03,2.56061786e+06,4.51394805e+03,0.00000000e+00,2.30000000e-01,7.69999774e-01,0.00000000e+00
5.55555556e+01,1.96526502e+00,1.27939958e+03,2.55601741e+06,4.51161247e+03,0.00000000e+00,2.30000000e-01,7.69999946e-01,0.00000000e+00
5.56556557e+01,1.96284061e+00,1.28125021e+03,2.55154692e+06,4.50928464e+03,0.00000000e+00,2.30000000e-01,7.69999898e-01,0.00000000e+00
5.57557558e+01,1.96046702e+00,1.28313715e+03,2.54713527e+06,4.50693744e+03,0.00000000e+00,2.30000000e-01,7.70000047e-01,0.00000000e+00
5.58558559e+01,1.95801547e+00,1.28499662e+03,2.54260372e+06,4.50455166e+03,0.00000000e+00,2.30000000e-01,7.70000150e-01,0.00000000e+00
5.59559560e+01,1.95545642e+00,1.28679017e+03,2.53785464e+06,4.50202097e+03,0.00000000e+00,2.30000000e-01,7.70000380e-01,0.00000000e+00
5.60560561e+01,1.95282240e+00,1.28852152e+03,2.53290623e+06,4.49930348e+03,0.00000000e+00,2.30000000e-01,7.70000348e-01,0.00000000e+00
5.61561562e+01,1.95010496e+00,1.29020728e+03,2.52780625e+06,4.49650216e+03,0.00000000e+00,2.30000000e-01,7.70000158e-01,0.00000000e+00
5.62562563e+01,1.94724684e+00,1.29183996e+03,2.52253804e+06,4.49371645e+03,0.00000000e+00,2.30000000e-01,7.70000294e-01,0.00000000e+00
5.63563564e+01,1.94425273e+00,1.29342869e+03,2.51711884e+06,4.49097015e+03,0.00000000e+00,2.30000000e-01,7.69999809e-01,0.00000000e+00
5.64564565e+01,1.94128325e+00,1.29508437e+03,2.51184993e+06,4.48842501e+03,0.00000000e+00,2.30000000e-01,7.69999752e-01,0.00000000e+00
5.65565566e+01,1.93843483e+00,1.29685193e+03,2.50684171e+06,4.48605884e+03,0.00000000e+00,2.30000000e-01,7.69999606e-01,0.00000000e+00
5.66566567e+01,1.93565794e+00,1.29870037e+03,2.50201642e+06,4.48384680e+03,0.00000000e+00,2.30000000e-01,7.69999679e-01,0.00000000e+00
5.67567568e+01,1.93293442e+00,1.30061002e+03,2.49731910e+06,4.48173440e+03,0.00000000e+00,2.30000000e-01,7.69999739e-01,0.00000000e+00
5.68568569e+01,1.93033408e+00,1.30260054e+03,2.49280643e+06,4.47966118e+03,0.00000000e+00,2.30000000e-01,7.69999981e-01,0.00000000e+00
5.69569570e+01,1.92787907e+00,1.30466748e+03,2.48847241e+06,4.47756655e+03,0.00000000e+00,2.30000000e-01,7.70000164e-01,0.00000000e+00
5.70570571e+01,1.92552868e+00,1.30677602e+03,2.48423442e+06,4.47539770e+03,0.00000000e+00,2.30000000e-01,7.70000062e-01,0.00000000e+00
5.71571572e+01,1.92318806e+00,1.30887955e+03,2.47997048e+06,4.47315415e+03,0.00000000e+00,2.30000000e-01,7.69999938e-01,0.00000000e+00
5.72572573e+01,1.92079135e+00,1.31093039e+03,2.47555333e+06,4.47075805e+03,0.00000000e+00,2.30000000e-01,7.70000019e-01,0.00000000e+00
5.73573574e+01,1.91832978e+00,1.31291326e+03,2.47094200e+06,4.46815572e+03,0.00000000e+00,2.30000000e-01,7.70000136e-01,0.00000000e+00
5.74574575e+01,1.91579705e+00,1.31483471e+03,2.46615714e+06,4.46539847e+03,0.00000000e+00,2.30000000e-01,7.70000239e-01,0.00000000e+00
5.75575576e+01,1.91320909e+00,1.31671943e+03,2.46126536e+06,4.46257033e+03,0.00000000e+00,2.30000000e-01,7.70000024e-01,0.00000000e+00
5.76576577e+01,1.91059513e+00,1.31861372e+03,2.45639019e+06,4.45982527e+03,0.00000000e+00,2.30000000e-01,7.69999831e-01,0.00000000e+00
5.77577578e+01,1.90798878e+00,1.32055142e+03,2.45161627e+06,4.45723817e+03,0.00000000e+00,2.30000000e-01,7.69999818e-01,0.00000000e+00
5.78578579e+01,1.90543753e+00,1.32255004e+03,2.44698577e+06,4.45477593e+03,0.00000000e+00,2.30000000e-01,7.69999873e-01,0.00000000e+00
5.79579580e+01,1.90297157e+00,1.32462591e+03,2.44253812e+06,4.45244055e+03,0.00000000e+00,2.30000000e-01,7.70000004e-01,0.00000000e+00
5.80580581e+01,1.90059698e+00,1.32677650e+03,2.43826106e+06,4.45019681e+03,0.00000000e+00,2.30000000e-01,7.70000067e-01,0.00000000e+00
5.81581582e+01,1.89828130e+00,1.32897547e+03,2.43408464e+06,4.44799316e+03,0.00000000e+00,2.30000000e-01,7.70000172e-01,0.00000000e+00
5.82582583e+01,1.89593833e+00,1.33117403e+03,2.42988254e+06,4.44580221e+03,0.00000000e+00,2.30000000e-01,7.70000035e-01,0.00000000e+00
5.83583584e+01,1.89354938e+00,1.33334480e+03,2.42560975e+06,4.44358346e+03,0.00000000e+00,2.30000000e-01,7.70000079e-01,0.00000000e+00
5.84584585e+01,1.89113547e+00,1.33548236e+03,2.42126599e+06,4.44128748e+03,0.00000000e+00,2.30000000e-01,7.70000122e-01,0.00000000e+00
5.85585586e+01,1.88870381e+00,1.33760155e+03,2.41686196e+06,4.43891755e+03,0.00000000e+00,2.30000000e-01,7.69999981e-01,0.00000000e+00
5.86586587e+01,1.88627553e+00,1.33972557e+03,2.41247310e+06,4.43656157e+03,0.00000000e+00,2.30000000e-01,7.69999813e-01,0.00000000e+00
5.87587588e+01,1.88388196e+00,1.34188142e+03,2.40816677e+06,4.43426920e+03,0.00000000e+00,2.30000000e-01,7.69999770e-01,0.00000000e+00
5.88588589e+01,1.88157205e+00,1.34409703e+03,2.40400710e+06,4.43204393e+03,0.00000000e+00,2.30000000e-01,7.69999815e-01,0.00000000e+00
5.89589590e+01,1.87938450e+00,1.34639698e+03,2.40004894e+06,4.42989634e+03,0.00000000e+00,2.30000000e-01,7.69999942e-01,0.00000000e+00
5.90590591e+01,1.87733642e+00,1.34878836e+03,2.39630844e+06,4.42781700e+03,0.00000000e+00,2.30000000e-01,7.70000062e-01,0.00000000e+00
5.91591592e+01,1.87540820e+00,1.35125127e+03,2.39273595e+06,4.42576242e+03,0.00000000e+00,2.30000000e-01,7.69999883e-01,0.00000000e+00
5.92592593e+01,1.87347923e+00,1.35372049e+03,2.38917089e+06,4.42371910e+03,0.00000000e+00,2.30000000e-01,7.69999712e-01,0.00000000e+00
5.93593594e+01,1.87140126e+00,1.35610858e+03,2.38539911e+06,4.42163899e+03,0.00000000e+00,2.30000000e-01,7.69999852e-01,0.00000000e+00
5.94594595e+01,1.86914061e+00,1.35836138e+03,2.38128341e+06,4.41934661e+03,0.00000000e+00,2.30000000e-01,7.70000291e-01,0.00000000e+00
5.95595596e+01,1.86667532e+00,1.36044729e+03,2.37674735e+06,4.41675138e+03,0.00000000e+00,2.30000000e-01,7.70000802e-01,0.00000000e+00
5.96596597e+01,1.86406001e+00,1.36239422e+03,2.37185936e+06,4.41385318e+03,0.00000000e+00,2.30000000e-01,7.70000542e-01,0.00000000e+00
5.97597598e+01,1.86135437e+00,1.36426338e+03,2.36678373e+06,4.41081122e+03,0.00000000e+00,2.30000000e-01,7.70000270e-01,0.00000000e+00
5.98598599e+01,1.85849531e+00,1.36605524e+03,2.36152763e+06,4.40778764e+03,0.00000000e+00,2.30000000e-01,7.69999950e-01,0.00000000e+00
5.99599600e+01,1.85549241e+00,1.36776970e+03,2.35609353e+06,4.40475996e+03,0.00000000e+00,2.30000000e-01,7.70000401e-01,0.00000000e+00
6.00600601e+01,1.85240685e+00,1.36943606e+03,2.35053775e+06,4.40169625e+03,0.00000000e+00,2.30000000e-01,7.69999695e-01,0.00000000e+00
6.01601602e+01,1.84943760e+00,1.37119649e+03,2.34522009e+06,4.39878874e+03,0.00000000e+00,2.30000000e-01,7.69999772e-01,0.00000000e+00
6.02602603e+01,1.84661204e+00,1.37307495e+03,2.34018490e+06,4.39606141e+03,0.00000000e+00,2.30000000e-01,7.69999638e-01,0.00000000e+00
6.03603604e+01,1.84388421e+00,1.37504351e+03,2.33536550e+06,4.39349813e+03,0.00000000e+00,2.30000000e-01,7.69999664e-01,0.00000000e+00
6.04604605e+01,1.84120599e+00,1.37707513e+03,2.33069562e+06,4.39109122e+03,0.00000000e+00,2.30000000e-01,7.69999556e-01,0.00000000e+00
6.05605606e+01,1.83862158e+00,1.37919342e+03,2.32623672e+06,4.38885077e+03,0.00000000e+00,2.30000000e-01,7.69999597e-01,0.00000000e+00
6.06606607e+01,1.83621686e+00,1.38144573e+03,2.32210297e+06,4.38678848e+03,0.00000000e+00,2.30000000e-01,7.69999749e-01,0.00000000e+00
6.07607608e+01,1.83404695e+00,1.38386335e+03,2.31836919e+06,4.38491570e+03,0.00000000e+00,2.30000000e-01,7.69999955e-01,0.00000000e+00
6.08608609e+01,1.83212851e+00,1.38645093e+03,2.31504524e+06,4.38321274e+03,0.00000000e+00,2.30000000e-01,7.70000178e-01,0.00000000e+00
6.09609610e+01,1.83043439e+00,1.38918513e+03,2.31207361e+06,4.38163766e+03,0.00000000e+00,2.30000000e-01,7.70000248e-01,0.00000000e+00
6.10610611e+01,1.82889667e+00,1.39201483e+03,2.30933166e+06,4.38012177e+03,0.00000000e+00,2.30000000e-01,7.70000084e-01,0.00000000e+00
6.11611612e+01,1.82734876e+00,1.39484468e+03,2.30659684e+06,4.37864204e+03,0.00000000e+00,2.30000000e-01,7.69999750e-01,0.00000000e+00
6.12612613e+01,1.82564727e+00,1.39758733e+03,2.30366382e+06,4.37714990e+03,0.00000000e+00,2.30000000e-01,7.69999752e-01,0.00000000e+00
6.13613614e+01,1.82376924e+00,1.40019477e+03,2.30040878e+06,4.37546511e+03,0.00000000e+00,2.30000000e-01,7.69999967e-01,0.00000000e+00
6.14614615e+01,1.82167257e+00,1.40262837e+03,2.29673686e+06,4.37350766e+03,0.00000000e+00,2.30000000e-01,7.70000245e-01,0.00000000e+00
6.15615616e+01,1.81934671e+00,1.40488162e+03,2.29262794e+06,4.37126295e+03,0.00000000e+00,2.30000000e-01,7.70000578e-01,0.00000000e+00
6.16616617e+01,1.81683043e+00,1.40698471e+03,2.28814808e+06,4.36876378e+03,0.00000000e+00,2.30000000e-01,7.70000558e-01,0.00000000e+00
6.17617618e+01,1.81421501e+00,1.40900509e+03,2.28346037e+06,4.36609984e+03,0.00000000e+00,2.30000000e-01,7.70000317e-01,0.00000000e+00
6.18618619e+01,1.81152476e+00,1.41098837e+03,2.27868509e+06,4.36344109e+03,0.00000000e+00,2.30000000e-01,7.69999999e-01,0.00000000e+00
6.19619620e+01,1.80874709e+00,1.41294032e+03,2.27384185e+06,4.36085406e+03,0.00000000e+00,2.30000000e-01,7.69999861e-01,0.00000000e+00
6.20620621e+01,1.80592211e+00,1.41486721e+03,2.26894942e+06,4.35827801e+03,0.00000000e+00,2.30000000e-01,7.69999889e-01,0.00000000e+00
6.21621622e+01,1.80308325e+00,1.41677447e+03,2.26402609e+06,4.35566781e+03,0.00000000e+00,2.30000000e-01,7.69999948e-01,0.00000000e+00
6.22622623e+01,1.80024366e+00,1.41866710e+03,2.25908293e+06,4.35301306e+03,0.00000000e+00,2.30000000e-01,7.69999985e-01,0.00000000e+00
6.23623624e+01,1.79740535e+00,1.42054810e+03,2.25412009e+06,4.35030890e+03,0.00000000e+00,2.30000000e-01,7.70000013e-01,0.00000000e+00
6.24624625e+01,1.79456591e+00,1.42241657e+03,2.24912985e+06,4.34754439e+03,0.00000000e+00,2.30000000e-01,7.70000387e-01,0.00000000e+00
6.25625626e+01,1.79173428e+00,1.42427039e+03,2.24409633e+06,4.34467149e+03,0.00000000e+00,2.30000000e-01,7.70000064e-01,0.00000000e+00
6.26626627e+01,1.78898307e+00,1.42617199e+03,2.23917386e+06,4.34180917e+03,0.00000000e+00,2.30000000e-01,7.69999850e-01,0.00000000e+00
6.27627628e+01,1.78633808e+00,1.42813978e+03,2.23440841e+06,4.33898453e+03,0.00000000e+00,2.30000000e-01,7.69999733e-01,0.00000000e+00
6.28628629e+01,1.78377620e+00,1.43015446e+03,2.22976077e+06,4.33617763e+03,0.00000000e+00,2.30000000e-01,7.69999823e-01,0.00000000e+00
6.29629630e+01,1.78125747e+00,1.43219140e+03,2.22517620e+06,4.33338099e+03,0.00000000e+00,2.30000000e-01,7.69999806e-01,0.00000000e+00
6.30630631e+01,1.77879239e+00,1.43425796e+03,2.22067155e+06,4.33060162e+03,0.00000000e+00,2.30000000e-01,7.69999806e-01,0.00000000e+00
6.31631632e+01,1.77641462e+00,1.43637966e+03,2.21630264e+06,4.32786676e+03,0.00000000e+00,2.30000000e-01,7.69999826e-01,0.00000000e+00
6.32632633e+01,1.77415251e+00,1.43858166e+03,2.21212549e+06,4.32521749e+03,0.00000000e+00,2.30000000e-01,7.69999869e-01,0.00000000e+00
6.33633634e+01,1.77202821e+00,1.44088304e+03,2.20818187e+06,4.32268222e+03,0.00000000e+00,2.30000000e-01,7.69999949e-01,0.00000000e+00
6.34634635e+01,1.77005131e+00,1.44329200e+03,2.20448815e+06,4.32027071e+03,0.00000000e+00,2.30000000e-01,7.70000073e-01,0.00000000e+00
6.35635636e+01,1.76821068e+00,1.44580098e+03,2.20102106e+06,4.31796722e+03,0.00000000e+00,2.30000000e-01,7.69999835e-01,0.00000000e+00
6.36636637e+01,1.76645821e+00,1.44837403e+03,2.19769902e+06,4.31572629e+03,0.00000000e+00,2.30000000e-01,7.70000073e-01,0.00000000e+00
6.37637638e+01,1.76461789e+00,1.45091541e+03,2.19431386e+06,4.31357403e+03,0.00000000e+00,2.30000000e-01,7.69999758e-01,0.00000000e+00
6.38638639e+01,1.76261624e+00,1.45337103e+03,2.19072890e+06,4.31141643e+03,0.00000000e+00,2.30000000e-01,7.69999952e-01,0.00000000e+00
6.39639640e+01,1.76043033e+00,1.45569516e+03,2.18683878e+06,4.30910228e+03,0.00000000e+00,2.30000000e-01,7.70000454e-01,0.00000000e+00
6.40640641e+01,1.75805738e+00,1.45786911e+03,2.18259401e+06,4.30654182e+03,0.00000000e+00,2.30000000e-01,7.70000724e-01,0.00000000e+00
6.41641642e+01,1.75556983e+00,1.45993292e+03,2.17808541e+06,4.30373613e+03,0.00000000e+00,2.30000000e-01,7.70000540e-01,0.00000000e+00
6.42642643e+01,1.75298664e+00,1.46192739e+03,2.17342981e+06,4.30086711e+03,0.00000000e+00,2.30000000e-01,7.70000155e-01,0.00000000e+00
6.43643644e+01,1.75025462e+00,1.46384804e+03,2.16862290e+06,4.29805470e+03,0.00000000e+00,2.30000000e-01,7.69999886e-01,0.00000000e+00
6.44644645e+01,1.74740533e+00,1.46569685e+03,2.16366230e+06,4.29521555e+03,0.00000000e+00,2.30000000e-01,7.69999860e-01,0.00000000e+00
6.45645646e+01,1.74448160e+00,1.46747695e+03,2.15855701e+06,4.29226223e+03,0.00000000e+00,2.30000000e-01,7.69999919e-01,0.00000000e+00
6.46646647e+01,1.74150461e+00,1.46919378e+03,2.15332187e+06,4.28917162e+03,0.00000000e+00,2.30000000e-01,7.69999952e-01,0.00000000e+00
6.47647648e+01,1.73848173e+00,1.47085429e+03,2.14797537e+06,4.28596092e+03,0.00000000e+00,2.30000000e-01,7.70000092e-01,0.00000000e+00
6.48648649e+01,1.73541779e+00,1.47246643e+03,2.14253414e+06,4.28265137e+03,0.00000000e+00,2.30000000e-01,7.70000144e-01,0.00000000e+00
6.49649650e+01,1.73237576e+00,1.47408373e+03,2.13712194e+06,4.27933534e+03,0.00000000e+00,2.30000000e-01,7.69999923e-01,0.00000000e+00
6.50650651e+01,1.72943969e+00,1.47577992e+03,2.13190335e+06,4.27613310e+03,0.00000000e+00,2.30000000e-01,7.69999903e-01,0.00000000e+00
6.51651652e+01,1.72659714e+00,1.47754802e+03,2.12685946e+06,4.27303950e+03,0.00000000e+00,2.30000000e-01,7.69999886e-01,0.00000000e+00
6.52652653e+01,1.72382999e+00,1.47937756e+03,2.12196418e+06,4.27004772e+03,0.00000000e+00,2.30000000e-01,7.69999930e-01,0.00000000e+00
6.53653654e+01,1.72111704e+00,1.48125530e+03,2.11718451e+06,4.26714516e+03,0.00000000e+00,2.30000000e-01,7.69999928e-01,0.00000000e+00
6.54654655e+01,1.71844450e+00,1.48317354e+03,2.11250243e+06,4.26433024e+03,0.00000000e+00,2.30000000e-01,7.69999903e-01,0.00000000e+00
6.55655656e+01,1.71580476e+00,1.48511944e+03,2.10789169e+06,4.26156898e+03,0.00000000e+00,2.30000000e-01,7.69999958e-01,0.00000000e+00
6.56656657e+01,1.71318078e+00,1.48708070e+03,2.10333011e+06,4.25885958e+03,0.00000000e+00,2.30000000e-01,7.70000012e-01,0.00000000e+00
6.57657658e+01,1.71056524e+00,1.48905124e+03,2.09880901e+06,4.25620322e+03,0.00000000e+00,2.30000000e-01,7.70000001e-01,0.00000000e+00
6.58658659e+01,1.70796450e+00,1.49102861e+03,2.09432097e+06,4.25356910e+03,0.00000000e+00,2.30000000e-01,7.69999978e-01,0.00000000e+00
6.59659660e+01,1.70538440e+00,1.49300833e+03,2.08985055e+06,4.25091122e+03,0.00000000e+00,2.30000000e-01,7.69999979e-01,0.00000000e+00
6.60660661e+01,1.70282232e+00,1.49498652e+03,2.08538323e+06,4.24820655e+03,0.00000000e+00,2.30000000e-01,7.69999993e-01,0.00000000e+00
6.61661662e+01,1.70027390e+00,1.49696102e+03,2.08091336e+06,4.24545446e+03,0.00000000e+00,2.30000000e-01,7.70000009e-01,0.00000000e+00
6.62662663e+01,1.69773602e+00,1.49892998e+03,2.07643746e+06,4.24265543e+03,0.00000000e+00,2.30000000e-01,7.70000025e-01,0.00000000e+00
6.63663664e+01,1.69520235e+00,1.50089230e+03,2.07195521e+06,4.23982450e+03,0.00000000e+00,2.30000000e-01,7.70000040e-01,0.00000000e+00
6.64664665e+01,1.69266441e+00,1.50284478e+03,2.06746356e+06,4.23697652e+03,0.00000000e+00,2.30000000e-01,7.70000055e-01,0.00000000e+00
6.65665666e+01,1.69011047e+00,1.50478301e+03,2.06295623e+06,4.23412796e+03,0.00000000e+00,2.30000000e-01,7.70000052e-01,0.00000000e+00
6.66666667e+01,1.68752894e+00,1.50670298e+03,2.05842907e+06,4.23129872e+03,0.00000000e+00,2.30000000e-01,7.70000158e-01,0.00000000e+00
6.67667668e+01,1.68491664e+00,1.50860875e+03,2.05389105e+06,4.22851725e+03,0.00000000e+00,2.30000000e-01,7.69999907e-01,0.00000000e+00
6.68668669e+01,1.68232538e+00,1.51054157e+03,2.04943629e+06,4.22584462e+03,0.00000000e+00,2.30000000e-01,7.69999955e-01,0.00000000e+00
6.69669670e+01,1.67977414e+00,1.51251345e+03,2.04508525e+06,4.22327759e+03,0.00000000e+00,2.30000000e-01,7.69999955e-01,0.00000000e+00
6.70670671e+01,1.67725337e+00,1.51452047e+03,2.04082878e+06,4.22082181e+03,0.00000000e+00,2.30000000e-01,7.69999905e-01,0.00000000e+00
6.71671672e+01,1.67475625e+00,1.51655717e+03,2.03665588e+06,4.21847188e+03,0.00000000e+00,2.30000000e-01,7.69999936e-01,0.00000000e+00
6.72672673e+01,1.67226722e+00,1.51861227e+03,2.03253557e+06,4.21620289e+03,0.00000000e+00,2.30000000e-01,7.70000125e-01,0.00000000e+00
6.73673674e+01,1.66976758e+00,1.52067703e+03,2.02844081e+06,4.21400826e+03,0.00000000e+00,2.30000000e-01,7.70000030e-01,0.00000000e+00
6.74674675e+01,1.66728659e+00,1.52275764e+03,2.02438460e+06,4.21184004e+03,0.00000000e+00,2.30000000e-01,7.69999954e-01,0.00000000e+00
6.75675676e+01,1.66485363e+00,1.52484383e+03,2.02034365e+06,4.20957540e+03,0.00000000e+00,2.30000000e-01,7.69999951e-01,0.00000000e+00
6.76676677e+01,1.66246327e+00,1.52692822e+03,2.01630007e+06,4.20719078e+03,0.00000000e+00,2.30000000e-01,7.69999953e-01,0.00000000e+00
6.77677678e+01,1.66010392e+00,1.52900769e+03,2.01224749e+06,4.20470185e+03,0.00000000e+00,2.30000000e-01,7.69999985e-01,0.00000000e+00
6.78678679e+01,1.65776520e+00,1.53107882e+03,2.00817837e+06,4.20211890e+03,0.00000000e+00,2.30000000e-01,7.70000020e-01,0.00000000e+00
6.79679680e+01,1.65544029e+00,1.53313831e+03,2.00408474e+06,4.19944230e+03,0.00000000e+00,2.30000000e-01,7.70000044e-01,0.00000000e+00
6.80680681e+01,1.65311864e+00,1.53518411e+03,1.99996455e+06,4.19669422e+03,0.00000000e+00,2.30000000e-01,7.70000064e-01,0.00000000e+00
6.81681682e+01,1.65078735e+00,1.53721118e+03,1.99580929e+06,4.19388924e+03,0.00000000e+00,2.30000000e-01,7.70000065e-01,0.00000000e+00
6.82682683e+01,1.64843139e+00,1.53921538e+03,1.99160942e+06,4.19104531e+03,0.00000000e+00,2.30000000e-01,7.70000045e-01,0.00000000e+00
6.83683684e+01,1.64603900e+00,1.54119474e+03,1.98735971e+06,4.18818091e+03,0.00000000e+00,2.30000000e-01,7.70000015e-01,0.00000000e+00
6.84684685e+01,1.64360448e+00,1.54314983e+03,1.98305984e+06,4.18530959e+03,0.00000000e+00,2.30000000e-01,7.69999985e-01,0.00000000e+00
6.85685686e+01,1.64112805e+00,1.54508393e+03,1.97871473e+06,4.18244093e+03,0.00000000e+00,2.30000000e-01,7.69999963e-01,0.00000000e+00
6.86686687e+01,1.63861405e+00,1.54700258e+03,1.97433353e+06,4.17958294e+03,0.00000000e+00,2.30000000e-01,7.69999952e-01,0.00000000e+00
6.87687688e+01,1.63606923e+00,1.54891238e+03,1.96992776e+06,4.17674273e+03,0.00000000e+00,2.30000000e-01,7.69999952e-01,0.00000000e+00
6.88688689e+01,1.63350122e+00,1.55081938e+03,1.96550873e+06,4.17392473e+03,0.00000000e+00,2.30000000e-01,7.69999962e-01,0.00000000e+00
6.89689690e+01,1.63091703e+00,1.55272768e+03,1.96108451e+06,4.17112812e+03,0.00000000e+00,2.30000000e-01,7.69999981e-01,0.00000000e+00
6.90690691e+01,1.62832167e+00,1.55463829e+03,1.95665796e+06,4.16834625e+03,0.00000000e+00,2.30000000e-01,7.70000005e-01,0.00000000e+00
6.91691692e+01,1.62571648e+00,1.55654922e+03,1.95222543e+06,4.16556797e+03,0.00000000e+00,2.30000000e-01,7.70000027e-01,0.00000000e+00
6.92692693e+01,1.62309919e+00,1.55845566e+03,1.94777908e+06,4.16278199e+03,0.00000000e+00,2.30000000e-01,7.70000109e-01,0.00000000e+00
6.93693694e+01,1.62046483e+00,1.56035198e+03,1.94330813e+06,4.15997834e+03,0.00000000e+00,2.30000000e-01,7.70000156e-01,0.00000000e+00
6.94694695e+01,1.61783812e+00,1.56225722e+03,1.93885400e+06,4.15718254e+03,0.00000000e+00,2.30000000e-01,7.70000065e-01,0.00000000e+00
6.95695696e+01,1.61526699e+00,1.56420780e+03,1.93449330e+06,4.15443503e+03,0.00000000e+00,2.30000000e-01,7.70000045e-01,0.00000000e+00
6.96696697e+01,1.61276330e+00,1.56621181e+03,1.93024353e+06,4.15174385e+03,0.00000000e+00,2.30000000e-01,7.70000004e-01,0.00000000e+00
6.97697698e+01,1.61033519e+00,1.56827440e+03,1.92611485e+06,4.14911060e+03,0.00000000e+00,2.30000000e-01,7.69999920e-01,0.00000000e+00
6.98698699e+01,1.60798552e+00,1.57039538e+03,1.92210762e+06,4.14652924e+03,0.00000000e+00,2.30000000e-01,7.69999809e-01,0.00000000e+00
6.99699700e+01,1.60570448e+00,1.57256452e+03,1.91820205e+06,4.14398244e+03,0.00000000e+00,2.30000000e-01,7.69999790e-01,0.00000000e+00
7.00700701e+01,1.60346490e+00,1.57476124e+03,1.91435852e+06,4.14145527e+03,0.00000000e+00,2.30000000e-01,7.69999831e-01,0.00000000e+00
7.01701702e+01,1.60126008e+00,1.57697646e+03,1.91056070e+06,4.13893028e+03,0.00000000e+00,2.30000000e-01,7.69999851e-01,0.00000000e+00
7.02702703e+01,1.59911686e+00,1.57922425e+03,1.90683311e+06,4.13639121e+03,0.00000000e+00,2.30000000e-01,7.69999902e-01,0.00000000e+00
7.03703704e+01,1.59705331e+00,1.58151479e+03,1.90319645e+06,4.13383645e+03,0.00000000e+00,2.30000000e-01,7.69999988e-01,0.00000000e+00
7.04704705e+01,1.59507400e+00,1.58384896e+03,1.89965479e+06,4.13126347e+03,0.00000000e+00,2.30000000e-01,7.70000088e-01,0.00000000e+00
7.05705706e+01,1.59316652e+00,1.58621721e+03,1.89618849e+06,4.12866321e+03,0.00000000e+00,2.30000000e-01,7.69999905e-01,0.00000000e+00
7.06706707e+01,1.59129459e+00,1.58859619e+03,1.89275987e+06,4.12604560e+03,0.00000000e+00,2.30000000e-01,7.69999981e-01,0.00000000e+00
7.07707708e+01,1.58938117e+00,1.59093855e+03,1.88929262e+06,4.12344584e+03,0.00000000e+00,2.30000000e-01,7.69999893e-01,0.00000000e+00
7.08708709e+01,1.58740717e+00,1.59322174e+03,1.88572339e+06,4.12077286e+03,0.00000000e+00,2.30000000e-01,7.70000117e-01,0.00000000e+00
7.09709710e+01,1.58536201e+00,1.59542537e+03,1.88200944e+06,4.11796109e+03,0.00000000e+00,2.30000000e-01,7.70000432e-01,0.00000000e+00
7.10710711e+01,1.58326308e+00,1.59755691e+03,1.87815548e+06,4.11497664e+03,0.00000000e+00,2.30000000e-01,7.70000363e-01,0.00000000e+00
7.11711712e+01,1.58112591e+00,1.59963603e+03,1.87421551e+06,4.11189516e+03,0.00000000e+00,2.30000000e-01,7.70000272e-01,0.00000000e+00
7.12712713e+01,1.57889724e+00,1.60165281e+03,1.87018412e+06,4.10884309e+03,0.00000000e+00,2.30000000e-01,7.70000052e-01,0.00000000e+00
7.13713714e+01,1.57656300e+00,1.60360187e+03,1.86604163e+06,4.10581224e+03,0.00000000e+00,2.30000000e-01,7.69999985e-01,0.00000000e+00
7.14714715e+01,1.57413367e+00,1.60547686e+03,1.86178114e+06,4.10275990e+03,0.00000000e+00,2.30000000e-01,7.69999992e-01,0.00000000e+00
7.15715716e+01,1.57161456e+00,1.60727464e+03,1.85740361e+06,4.09967405e+03,0.00000000e+00,2.30000000e-01,7.69999980e-01,0.00000000e+00
7.16716717e+01,1.56900747e+00,1.60899798e+03,1.85291677e+06,4.09656651e+03,0.00000000e+00,2.30000000e-01,7.69999934e-01,0.00000000e+00
7.17717718e+01,1.56631936e+00,1.61065617e+03,1.84833741e+06,4.09345443e+03,0.00000000e+00,2.30000000e-01,7.70000129e-01,0.00000000e+00
7.18718719e+01,1.56356822e+00,1.61226886e+03,1.84369611e+06,4.09036148e+03,0.00000000e+00,2.30000000e-01,7.69999761e-01,0.00000000e+00
7.19719720e+01,1.56084712e+00,1.61391552e+03,1.83915712e+06,4.08740443e+03,0.00000000e+00,2.30000000e-01,7.69999856e-01,0.00000000e+00
7.20720721e+01,1.55819929e+00,1.61561926e+03,1.83475439e+06,4.08454837e+03,0.00000000e+00,2.30000000e-01,7.69999932e-01,0.00000000e+00
7.21721722e+01,1.55560331e+00,1.61736143e+03,1.83044818e+06,4.08176210e+03,0.00000000e+00,2.30000000e-01,7.69999937e-01,0.00000000e+00
7.22722723e+01,1.55305010e+00,1.61913169e+03,1.82621306e+06,4.07901302e+03,0.00000000e+00,2.30000000e-01,7.69999925e-01,0.00000000e+00
7.23723724e+01,1.55053088e+00,1.62092175e+03,1.82202819e+06,4.07627788e+03,0.00000000e+00,2.30000000e-01,7.69999935e-01,0.00000000e+00
7.24724725e+01,1.54803411e+00,1.62272313e+03,1.81787328e+06,4.07354180e+03,0.00000000e+00,2.30000000e-01,7.69999967e-01,0.00000000e+00
7.25725726e+01,1.54554900e+00,1.62452890e+03,1.81373203e+06,4.07079680e+03,0.00000000e+00,2.30000000e-01,7.69999998e-01,0.00000000e+00
7.26726727e+01,1.54306921e+00,1.62633586e+03,1.80959588e+06,4.06804051e+03,0.00000000e+00,2.30000000e-01,7.70000009e-01,0.00000000e+00
7.27727728e+01,1.54059184e+00,1.62814385e+03,1.80546245e+06,4.06527513e+03,0.00000000e+00,2.30000000e-01,7.70000012e-01,0.00000000e+00
7.28728729e+01,1.53811404e+00,1.62995263e+03,1.80132999e+06,4.06250414e+03,0.00000000e+00,2.30000000e-01,7.70000015e-01,0.00000000e+00
7.29729730e+01,1.53563262e+00,1.63176142e+03,1.79719422e+06,4.05972633e+03,0.00000000e+00,2.30000000e-01,7.70000020e-01,0.00000000e+00
7.30730731e+01,1.53314351e+00,1.63356923e+03,1.79305061e+06,4.05694209e+03,0.00000000e+00,2.30000000e-01,7.70000022e-01,0.00000000e+00
7.31731732e+01,1.53064234e+00,1.63537470e+03,1.78889533e+06,4.05415435e+03,0.00000000e+00,2.30000000e-01,7.70000021e-01,0.00000000e+00
7.32732733e+01,1.52812524e+00,1.63717629e+03,1.78472530e+06,4.05136624e+03,0.00000000e+00,2.30000000e-01,7.70000017e-01,0.00000000e+00
7.33733734e+01,1.52558925e+00,1.63897239e+03,1.78053854e+06,4.04858049e+03,0.00000000e+00,2.30000000e-01,7.70000135e-01,0.00000000e+00
7.34734735e+01,1.52303713e+00,1.64076749e+03,1.77634319e+06,4.04580984e+03,0.00000000e+00,2.30000000e-01,7.69999998e-01,0.00000000e+00
7.35735736e+01,1.52050459e+00,1.64258982e+03,1.77219614e+06,4.04308722e+03,0.00000000e+00,2.30000000e-01,7.70000043e-01,0.00000000e+00
7.36736737e+01,1.51800596e+00,1.64444963e+03,1.76811592e+06,4.04041827e+03,0.00000000e+00,2.30000000e-01,7.70000022e-01,0.00000000e+00
7.37737738e+01,1.51554623e+00,1.64635318e+03,1.76411499e+06,4.03781842e+03,0.00000000e+00,2.30000000e-01,7.69999995e-01,0.00000000e+00
7.38738739e+01,1.51312872e+00,1.64830363e+03,1.76019923e+06,4.03529268e+03,0.00000000e+00,2.30000000e-01,7.69999986e-01,0.00000000e+00
7.39739740e+01,1.51075318e+00,1.65030048e+03,1.75636704e+06,4.03283864e+03,0.00000000e+00,2.30000000e-01,7.69999991e-01,0.00000000e+00
7.40740741e+01,1.50841820e+00,1.65234157e+03,1.75261369e+06,4.03044978e+03,0.00000000e+00,2.30000000e-01,7.70000007e-01,0.00000000e+00
7.41741742e+01,1.50612318e+00,1.65442493e+03,1.74893477e+06,4.02811808e+03,0.00000000e+00,2.30000000e-01,7.70000012e-01,0.00000000e+00
7.42742743e+01,1.50386985e+00,1.65655027e+03,1.74532965e+06,4.02583806e+03,0.00000000e+00,2.30000000e-01,7.69999989e-01,0.00000000e+00
7.43743744e+01,1.50166107e+00,1.65871780e+03,1.74179835e+06,4.02360232e+03,0.00000000e+00,2.30000000e-01,7.69999960e-01,0.00000000e+00
7.44744745e+01,1.49949651e+00,1.66092554e+03,1.73833657e+06,4.02140227e+03,0.00000000e+00,2.30000000e-01,7.69999935e-01,0.00000000e+00
7.45745746e+01,1.49737190e+00,1.66316789e+03,1.73493431e+06,4.01922642e+03,0.00000000e+00,2.30000000e-01,7.69999920e-01,0.00000000e+00
7.46746747e+01,1.49527955e+00,1.66543608e+03,1.73157575e+06,4.01705903e+03,0.00000000e+00,2.30000000e-01,7.69999930e-01,0.00000000e+00
7.47747748e+01,1.49320889e+00,1.66771993e+03,1.72824177e+06,4.01488424e+03,0.00000000e+00,2.30000000e-01,7.69999961e-01,0.00000000e+00
7.48748749e+01,1.49114995e+00,1.67001078e+03,1.72491627e+06,4.01269161e+03,0.00000000e+00,2.30000000e-01,7.69999995e-01,0.00000000e+00
7.49749750e+01,1.48909695e+00,1.67230337e+03,1.72159083e+06,4.01047710e+03,0.00000000e+00,2.30000000e-01,7.70000009e-01,0.00000000e+00
7.50750751e+01,1.48704784e+00,1.67459569e+03,1.71826329e+06,4.00824110e+03,0.00000000e+00,2.30000000e-01,7.70000029e-01,0.00000000e+00
7.51751752e+01,1.48499903e+00,1.67688461e+03,1.71492916e+06,4.00598270e+03,0.00000000e+00,2.30000000e-01,7.70000059e-01,0.00000000e+00
7.52752753e+01,1.48294260e+00,1.67916363e+03,1.71157617e+06,4.00369454e+03,0.00000000e+00,2.30000000e-01,7.70000081e-01,0.00000000e+00
7.53753754e+01,1.48086651e+00,1.68142474e+03,1.70818823e+06,4.00137133e+03,0.00000000e+00,2.30000000e-01,7.70000088e-01,0.00000000e+00
7.54754755e+01,1.47875813e+00,1.68365823e+03,1.70474970e+06,3.99901026e+03,0.00000000e+00,2.30000000e-01,7.70000086e-01,0.00000000e+00
7.55755756e+01,1.47660566e+00,1.68585380e+03,1.70124702e+06,3.99661114e+03,0.00000000e+00,2.30000000e-01,7.70000079e-01,0.00000000e+00
7.56756757e+01,1.47439806e+00,1.68800225e+03,1.69766899e+06,3.99417710e+03,0.00000000e+00,2.30000000e-01,7.70000066e-01,0.00000000e+00
7.57757758e+01,1.47212537e+00,1.69009653e+03,1.69400723e+06,3.99171496e+03,0.00000000e+00,2.30000000e-01,7.70000048e-01,0.00000000e+00
7.58758759e+01,1.46978009e+00,1.69213176e+03,1.69025739e+06,3.98923438e+03,0.00000000e+00,2.30000000e-01,7.70000023e-01,0.00000000e+00
7.59759760e+01,1.46735831e+00,1.69410544e+03,1.68641890e+06,3.98674417e+03,0.00000000e+00,2.30000000e-01,7.69999992e-01,0.00000000e+00
7.60760761e+01,1.46486129e+00,1.69601773e+03,1.68249451e+06,3.98424702e+03,0.00000000e+00,2.30000000e-01,7.69999948e-01,0.00000000e+00
7.61761762e+01,1.46229712e+00,1.69787241e+03,1.67849073e+06,3.98173541e+03,0.00000000e+00,2.30000000e-01,7.70000013e-01,0.00000000e+00
7.62762763e+01,1.45968549e+00,1.69967681e+03,1.67442009e+06,3.97918536e+03,0.00000000e+00,2.30000000e-01,7.70000102e-01,0.00000000e+00
7.63763764e+01,1.45709764e+00,1.70147203e+03,1.67035945e+06,3.97658604e+03,0.00000000e+00,2.30000000e-01,7.69999951e-01,0.00000000e+00
7.64764765e+01,1.45460919e+00,1.70332871e+03,1.66643595e+06,3.97403201e+03,0.00000000e+00,2.30000000e-01,7.70000037e-01,0.00000000e+00
7.65765766e+01,1.45221528e+00,1.70524084e+03,1.66264067e+06,3.97151730e+03,0.00000000e+00,2.30000000e-01,7.70000046e-01,0.00000000e+00
7.66766767e+01,1.44991908e+00,1.70721333e+03,1.65897991e+06,3.96904890e+03,0.00000000e+00,2.30000000e-01,7.69999981e-01,0.00000000e+00
7.67767768e+01,1.44772488e+00,1.70925423e+03,1.65546395e+06,3.96664019e+03,0.00000000e+00,2.30000000e-01,7.69999914e-01,0.00000000e+00
7.68768769e+01,1.44562899e+00,1.71136425e+03,1.65209164e+06,3.96429918e+03,0.00000000e+00,2.30000000e-01,7.69999872e-01,0.00000000e+00
7.69769770e+01,1.44361932e+00,1.71353558e+03,1.64884752e+06,3.96202280e+03,0.00000000e+00,2.30000000e-01,7.69999819e-01,0.00000000e+00
7.70770771e+01,1.44167893e+00,1.71575450e+03,1.64570673e+06,3.95979843e+03,0.00000000e+00,2.30000000e-01,7.69999767e-01,0.00000000e+00
7.71771772e+01,1.43978308e+00,1.71800216e+03,1.64263652e+06,3.95761512e+03,0.00000000e+00,2.30000000e-01,7.69999848e-01,0.00000000e+00
7.72772773e+01,1.43791459e+00,1.72026423e+03,1.63961478e+06,3.95546816e+03,0.00000000e+00,2.30000000e-01,7.69999821e-01,0.00000000e+00
7.73773774e+01,1.43609281e+00,1.72255450e+03,1.63666048e+06,3.95334981e+03,0.00000000e+00,2.30000000e-01,7.69999829e-01,0.00000000e+00
7.74774775e+01,1.43433913e+00,1.72489449e+03,1.63380702e+06,3.95128231e+03,0.00000000e+00,2.30000000e-01,7.69999845e-01,0.00000000e+00
7.75775776e+01,1.43267030e+00,1.72730640e+03,1.63108680e+06,3.94929840e+03,0.00000000e+00,2.30000000e-01,7.69999876e-01,0.00000000e+00
7.76776777e+01,1.43109904e+00,1.72980943e+03,1.62852798e+06,3.94743188e+03,0.00000000e+00,2.30000000e-01,7.69999932e-01,0.00000000e+00
7.77777778e+01,1.42963198e+00,1.73241569e+03,1.62614919e+06,3.94571035e+03,0.00000000e+00,2.30000000e-01,7.70000025e-01,0.00000000e+00
7.78778779e+01,1.42826595e+00,1.73512503e+03,1.62394679e+06,3.94413447e+03,0.00000000e+00,2.30000000e-01,7.70000179e-01,0.00000000e+00
7.79779780e+01,1.42698150e+00,1.73791718e+03,1.62187672e+06,3.94265180e+03,0.00000000e+00,2.30000000e-01,7.70000346e-01,0.00000000e+00
7.80780781e+01,1.42573449e+00,1.74075392e+03,1.61987029e+06,3.94121919e+03,0.00000000e+00,2.30000000e-01,7.70000175e-01,0.00000000e+00
7.81781782e+01,1.42448563e+00,1.74362740e+03,1.61794159e+06,3.93997870e+03,0.00000000e+00,2.30000000e-01,7.69999934e-01,0.00000000e+00
7.82782783e+01,1.42324697e+00,1.74653696e+03,1.61607794e+06,3.93886549e+03,0.00000000e+00,2.30000000e-01,7.69999920e-01,0.00000000e+00
7.83783784e+01,1.42204078e+00,1.74947827e+03,1.61425166e+06,3.93775126e+03,0.00000000e+00,2.30000000e-01,7.69999981e-01,0.00000000e+00
7.84784785e+01,1.42087427e+00,1.75244898e+03,1.61245339e+06,3.93659365e+03,0.00000000e+00,2.30000000e-01,7.70000025e-01,0.00000000e+00
7.85785786e+01,1.41974455e+00,1.75544630e+03,1.61068089e+06,3.93539524e+03,0.00000000e+00,2.30000000e-01,7.70000044e-01,0.00000000e+00
7.86786787e+01,1.41864457e+00,1.75846688e+03,1.60892969e+06,3.93416456e+03,0.00000000e+00,2.30000000e-01,7.70000052e-01,0.00000000e+00
7.87787788e+01,1.41756549e+00,1.76150744e+03,1.60719400e+06,3.93291200e+03,0.00000000e+00,2.30000000e-01,7.70000050e-01,0.00000000e+00
7.88788789e+01,1.41649835e+00,1.76456528e+03,1.60546909e+06,3.93165105e+03,0.00000000e+00,2.30000000e-01,7.69999978e-01,0.00000000e+00
7.89789790e+01,1.41543561e+00,1.76764025e+03,1.60375694e+06,3.93040654e+03,0.00000000e+00,2.30000000e-01,7.70000086e-01,0.00000000e+00
7.90790791e+01,1.41435745e+00,1.77072554e+03,1.60205136e+06,3.92921976e+03,0.00000000e+00,2.30000000e-01,7.70000033e-01,0.00000000e+00
7.91791792e+01,1.41326187e+00,1.77382712e+03,1.60034338e+06,3.92807360e+03,0.00000000e+00,2.30000000e-01,7.69999999e-01,0.00000000e+00
7.92792793e+01,1.41215936e+00,1.77694240e+03,1.59864435e+06,3.92696686e+03,0.00000000e+00,2.30000000e-01,7.69999984e-01,0.00000000e+00
7.93793794e+01,1.41105253e+00,1.78007206e+03,1.59695886e+06,3.92590372e+03,0.00000000e+00,2.30000000e-01,7.69999960e-01,0.00000000e+00
7.94794795e+01,1.40994990e+00,1.78321621e+03,1.59528857e+06,3.92486454e+03,0.00000000e+00,2.30000000e-01,7.69999955e-01,0.00000000e+00
7.95795796e+01,1.40886130e+00,1.78637471e+03,1.59363128e+06,3.92381662e+03,0.00000000e+00,2.30000000e-01,7.69999958e-01,0.00000000e+00
7.96796797e+01,1.40779640e+00,1.78954676e+03,1.59198785e+06,3.92273521e+03,0.00000000e+00,2.30000000e-01,7.69999965e-01,0.00000000e+00
7.97797798e+01,1.40676200e+00,1.79273316e+03,1.59036212e+06,3.92161079e+03,0.00000000e+00,2.30000000e-01,7.69999967e-01,0.00000000e+00
7.98798799e+01,1.40576464e+00,1.79593424e+03,1.58876092e+06,3.92044199e+03,0.00000000e+00,2.30000000e-01,7.69999962e-01,0.00000000e+00
7.99799800e+01,1.40481059e+00,1.79915204e+03,1.58719114e+06,3.91922827e+03,0.00000000e+00,2.30000000e-01,7.69999953e-01,0.00000000e+00
8.00800801e+01,1.40390832e+00,1.80238794e+03,1.58566016e+06,3.91796427e+03,0.00000000e+00,2.30000000e-01,7.69999949e-01,0.00000000e+00
8.01801802e+01,1.40306423e+00,1.80564709e+03,1.58417644e+06,3.91665316e+03,0.00000000e+00,2.30000000e-01,7.69999920e-01,0.00000000e+00
8.02802803e+01,1.40228195e+00,1.80894245e+03,1.58276086e+06,3.91533827e+03,0.00000000e+00,2.30000000e-01,7.69999441e-01,0.00000000e+00
8.03803804e+01,1.40151159e+00,1.81227518e+03,1.58145019e+06,3.91424010e+03,0.00000000e+00,2.30000000e-01,7.70000989e-01,0.00000000e+00
8.04804805e+01,1.40060445e+00,1.81554755e+03,1.58003236e+06,3.91326778e+03,0.00000000e+00,2.30000000e-01,7.69999983e-01,0.00000000e+00
8.05805806e+01,1.39966473e+00,1.81886345e+03,1.57867128e+06,3.91252213e+03,0.00000000e+00,2.30000000e-01,7.69999920e-01,0.00000000e+00
8.06806807e+01,1.39875114e+00,1.82217447e+03,1.57738333e+06,3.91188350e+03,0.00000000e+00,2.30000000e-01,7.69999908e-01,0.00000000e+00
8.07807808e+01,1.39787824e+00,1.82548668e+03,1.57612575e+06,3.91120545e+03,0.00000000e+00,2.30000000e-01,7.69999937e-01,0.00000000e+00
8.08808809e+01,1.39706140e+00,1.82879760e+03,1.57487738e+06,3.91039232e+03,0.00000000e+00,2.30000000e-01,7.70000000e-01,0.00000000e+00
8.09809810e+01,1.39629985e+00,1.83210881e+03,1.57363839e+06,3.90944694e+03,0.00000000e+00,2.30000000e-01,7.70000013e-01,0.00000000e+00
8.10810811e+01,1.39558625e+00,1.83542587e+03,1.57242603e+06,3.90843286e+03,0.00000000e+00,2.30000000e-01,7.69999925e-01,0.00000000e+00
8.11811812e+01,1.39492756e+00,1.83875760e+03,1.57126086e+06,3.90738784e+03,0.00000000e+00,2.30000000e-01,7.69998206e-01,0.00000000e+00
8.12812813e+01,1.39436040e+00,1.84216639e+03,1.57025726e+06,3.90646838e+03,0.00000000e+00,2.30000000e-01,7.70001202e-01,0.00000000e+00
8.13813814e+01,1.39367462e+00,1.84540641e+03,1.56900106e+06,3.90526510e+03,0.00000000e+00,2.30000000e-01,7.70000907e-01,0.00000000e+00
8.14814815e+01,1.39278452e+00,1.84863329e+03,1.56760143e+06,3.90427879e+03,0.00000000e+00,2.30000000e-01,7.69999950e-01,0.00000000e+00
8.15815816e+01,1.39187327e+00,1.85190445e+03,1.56628714e+06,3.90355926e+03,0.00000000e+00,2.30000000e-01,7.69999982e-01,0.00000000e+00
8.16816817e+01,1.39098163e+00,1.85517196e+03,1.56503678e+06,3.90294349e+03,0.00000000e+00,2.30000000e-01,7.69999933e-01,0.00000000e+00
8.17817818e+01,1.39011696e+00,1.85844332e+03,1.56380023e+06,3.90228542e+03,0.00000000e+00,2.30000000e-01,7.69999955e-01,0.00000000e+00
8.18818819e+01,1.38929237e+00,1.86171405e+03,1.56255441e+06,3.90149071e+03,0.00000000e+00,2.30000000e-01,7.70000007e-01,0.00000000e+00
8.19819820e+01,1.38850813e+00,1.86498250e+03,1.56129455e+06,3.90054671e+03,0.00000000e+00,2.30000000e-01,7.70000033e-01,0.00000000e+00
8.20820821e+01,1.38775553e+00,1.86825102e+03,1.56002881e+06,3.89949827e+03,0.00000000e+00,2.30000000e-01,7.70000003e-01,0.00000000e+00
8.21821822e+01,1.38702844e+00,1.87152561e+03,1.55877512e+06,3.89840763e+03,0.00000000e+00,2.30000000e-01,7.69999844e-01,0.00000000e+00
8.22822823e+01,1.38633956e+00,1.87482171e+03,1.55756501e+06,3.89732114e+03,0.00000000e+00,2.30000000e-01,7.69998780e-01,0.00000000e+00
8.23823824e+01,1.38567580e+00,1.87814262e+03,1.55641420e+06,3.89629611e+03,0.00000000e+00,2.30000000e-01,7.70001514e-01,0.00000000e+00
8.24824825e+01,1.38483626e+00,1.88132339e+03,1.55499262e+06,3.89510400e+03,0.00000000e+00,2.30000000e-01,7.69999840e-01,0.00000000e+00
8.25825826e+01,1.38389070e+00,1.88469626e+03,1.55355751e+06,3.89421577e+03,0.00000000e+00,2.30000000e-01,7.69987953e-01,0.00000000e+00
8.26826827e+01,1.38899694e+00,1.88017163e+03,1.56590241e+06,3.91104941e+03,0.00000000e+00,2.30000000e-01,7.69908709e-01,0.00000000e+00
8.27827828e+01,2.29090436e+00,8.89282021e+02,4.11662350e+06,6.23476598e+03,0.00000000e+00,2.31739488e-01,7.68260512e-01,0.00000000e+00
8.28828829e+01,4.08273176e+00,-1.49744427e+02,9.65351588e+06,8.20130589e+03,0.00000000e+00,2.29268478e-01,7.70731522e-01,0.00000000e+00
8.29829830e+01,4.64080004e+00,-3.71340089e+02,1.16098591e+07,8.67089340e+03,0.00000000e+00,2.30000000e-01,7.70804012e-01,0.00000000e+00
8.30830831e+01,4.70490855e+00,-3.98102494e+02,1.18498779e+07,8.73568045e+03,0.00000000e+00,2.30000000e-01,7.70123091e-01,0.00000000e+00
8.31831832e+01,4.70523268e+00,-3.95610065e+02,1.18747645e+07,8.75414909e+03,0.00000000e+00,2.30000000e-01,7.70042592e-01,0.00000000e+00
8.32832833e+01,4.68044242e+00,-3.85760085e+02,1.18098510e+07,8.75311265e+03,0.00000000e+00,2.30000000e-01,7.69964382e-01,0.00000000e+00
8.33833834e+01,4.65621775e+00,-3.76055901e+02,1.17594740e+07,8.76084759e+03,0.00000000e+00,2.30000000e-01,7.69994562e-01,0.00000000e+00
8.34834835e+01,4.63497515e+00,-3.67450984e+02,1.17196293e+07,8.77113936e+03,0.00000000e+00,2.30000000e-01,7.69998958e-01,0.00000000e+00
8.35835836e+01,4.61442821e+00,-3.58989458e+02,1.16817381e+07,8.78170113e+03,0.00000000e+00,2.30000000e-01,7.69999999e-01,0.00000000e+00
8.36836837e+01,4.59386502e+00,-3.50723606e+02,1.16433267e+07,8.79200085e+03,0.00000000e+00,2.30000000e-01,7.70000475e-01,0.00000000e+00
8.37837838e+01,4.57320434e+00,-3.42629367e+02,1.16038213e+07,8.80175833e+03,0.00000000e+00,2.30000000e-01,7.70000149e-01,0.00000000e+00
8.38838839e+01,4.55282417e+00,-3.34581707e+02,1.15647240e+07,8.81137159e+03,0.00000000e+00,2.30000000e-01,7.69999905e-01,0.00000000e+00
8.39839840e+01,4.53299724e+00,-3.26397188e+02,1.15272610e+07,8.82124738e+03,0.00000000e+00,2.30000000e-01,7.69999439e-01,0.00000000e+00
8.40840841e+01,4.51366288e+00,-3.18106513e+02,1.14914563e+07,8.83151200e+03,0.00000000e+00,2.30000000e-01,7.69999924e-01,0.00000000e+00
8.41841842e+01,4.49440510e+00,-3.09855896e+02,1.14559305e+07,8.84193120e+03,0.00000000e+00,2.30000000e-01,7.70000231e-01,0.00000000e+00
8.42842843e+01,4.47499665e+00,-3.01703253e+02,1.14202537e+07,8.85262407e+03,0.00000000e+00,2.30000000e-01,7.70000209e-01,0.00000000e+00
8.43843844e+01,4.45529231e+00,-2.93660990e+02,1.13843687e+07,8.86383718e+03,0.00000000e+00,2.30000000e-01,7.70000134e-01,0.00000000e+00
8.44844845e+01,4.43519747e+00,-2.85732941e+02,1.13482563e+07,8.87575395e+03,0.00000000e+00,2.30000000e-01,7.70000004e-01,0.00000000e+00
8.45845846e+01,4.41468963e+00,-2.77909160e+02,1.13120282e+07,8.88852093e+03,0.00000000e+00,2.30000000e-01,7.69999739e-01,0.00000000e+00
8.46846847e+01,4.39396930e+00,-2.70133173e+02,1.12761433e+07,8.90210565e+03,0.00000000e+00,2.30000000e-01,7.69999787e-01,0.00000000e+00
8.47847848e+01,4.37329890e+00,-2.62337796e+02,1.12411513e+07,8.91642548e+03,0.00000000e+00,2.30000000e-01,7.69999838e-01,0.00000000e+00
8.48848849e+01,4.35275654e+00,-2.54501754e+02,1.12072608e+07,8.93149526e+03,0.00000000e+00,2.30000000e-01,7.70000020e-01,0.00000000e+00
8.49849850e+01,4.33222307e+00,-2.46680577e+02,1.11740106e+07,8.94720246e+03,0.00000000e+00,2.30000000e-01,7.70000188e-01,0.00000000e+00
8.50850851e+01,4.31155941e+00,-2.38928428e+02,1.11409871e+07,8.96351589e+03,0.00000000e+00,2.30000000e-01,7.69999961e-01,0.00000000e+00
8.51851852e+01,4.29088595e+00,-2.31208889e+02,1.11084845e+07,8.98042719e+03,0.00000000e+00,2.30000000e-01,7.69999831e-01,0.00000000e+00
8.52852853e+01,4.27032432e+00,-2.23489486e+02,1.10768162e+07,8.99794095e+03,0.00000000e+00,2.30000000e-01,7.70000069e-01,0.00000000e+00
8.53853854e+01,4.24974335e+00,-2.15820879e+02,1.10455854e+07,9.01602133e+03,0.00000000e+00,2.30000000e-01,7.70000408e-01,0.00000000e+00
8.54854855e+01,4.22888647e+00,-2.08277175e+02,1.10142477e+07,9.03478629e+03,0.00000000e+00,2.30000000e-01,7.70000020e-01,0.00000000e+00
8.55855856e+01,4.20777747e+00,-2.00844254e+02,1.09829621e+07,9.05432160e+03,0.00000000e+00,2.30000000e-01,7.69999740e-01,0.00000000e+00
8.56856857e+01,4.18673326e+00,-1.93423957e+02,1.09525429e+07,9.07462763e+03,0.00000000e+00,2.30000000e-01,7.69999861e-01,0.00000000e+00
8.57857858e+01,4.16586069e+00,-1.85968266e+02,1.09234093e+07,9.09583558e+03,0.00000000e+00,2.30000000e-01,7.69999873e-01,0.00000000e+00
8.58858859e+01,4.14507375e+00,-1.78499915e+02,1.08954197e+07,9.11802479e+03,0.00000000e+00,2.30000000e-01,7.70000027e-01,0.00000000e+00
8.59859860e+01,4.12427624e+00,-1.71056348e+02,1.08682998e+07,9.14119330e+03,0.00000000e+00,2.30000000e-01,7.70000112e-01,0.00000000e+00
8.60860861e+01,4.10340097e+00,-1.63656645e+02,1.08419345e+07,9.16540963e+03,0.00000000e+00,2.30000000e-01,7.70000053e-01,0.00000000e+00
8.61861862e+01,4.08241892e+00,-1.56309037e+02,1.08162967e+07,9.19073098e+03,0.00000000e+00,2.30000000e-01,7.70000109e-01,0.00000000e+00
8.62862863e+01,4.06127395e+00,-1.49037032e+02,1.07912380e+07,9.21717803e+03,0.00000000e+00,2.30000000e-01,7.70000197e-01,0.00000000e+00
8.63863864e+01,4.03985470e+00,-1.41877847e+02,1.07665099e+07,9.24481530e+03,0.00000000e+00,2.30000000e-01,7.70000092e-01,0.00000000e+00
8.64864865e+01,4.01810114e+00,-1.34851129e+02,1.07420072e+07,9.27371442e+03,0.00000000e+00,2.30000000e-01,7.69999862e-01,0.00000000e+00
8.65865866e+01,3.99607884e+00,-1.27941283e+02,1.07178990e+07,9.30389447e+03,0.00000000e+00,2.30000000e-01,7.69999813e-01,0.00000000e+00
8.66866867e+01,3.97399211e+00,-1.21102482e+02,1.06945684e+07,9.33523716e+03,0.00000000e+00,2.30000000e-01,7.69999970e-01,0.00000000e+00
8.67867868e+01,3.95200915e+00,-1.14286201e+02,1.06724294e+07,9.36773114e+03,0.00000000e+00,2.30000000e-01,7.70000030e-01,0.00000000e+00
8.68868869e+01,3.93017607e+00,-1.07469291e+02,1.06516868e+07,9.40146359e+03,0.00000000e+00,2.30000000e-01,7.69999980e-01,0.00000000e+00
8.69869870e+01,3.90851108e+00,-1.00654566e+02,1.06323459e+07,9.43641112e+03,0.00000000e+00,2.30000000e-01,7.69999946e-01,0.00000000e+00
8.70870871e+01,3.88700230e+00,-9.38674627e+01,1.06142399e+07,9.47246981e+03,0.00000000e+00,2.30000000e-01,7.69999894e-01,0.00000000e+00
8.71871872e+01,3.86561905e+00,-8.71465043e+01,1.05971050e+07,9.50949101e+03,0.00000000e+00,2.30000000e-01,7.69999980e-01,0.00000000e+00
8.72872873e+01,3.84430203e+00,-8.05563564e+01,1.05804841e+07,9.54722384e+03,0.00000000e+00,2.30000000e-01,7.70000030e-01,0.00000000e+00
8.73873874e+01,3.82303312e+00,-7.41645692e+01,1.05639689e+07,9.58535024e+03,0.00000000e+00,2.30000000e-01,7.70000332e-01,0.00000000e+00
8.74874875e+01,3.80182154e+00,-6.80125257e+01,1.05472050e+07,9.62353514e+03,0.00000000e+00,2.30000000e-01,7.70000231e-01,0.00000000e+00
8.75875876e+01,3.78084222e+00,-6.20536578e+01,1.05307248e+07,9.66181230e+03,0.00000000e+00,2.30000000e-01,7.70000433e-01,0.00000000e+00
8.76876877e+01,3.76021966e+00,-5.62437000e+01,1.05148836e+07,9.70019171e+03,0.00000000e+00,2.30000000e-01,7.70000038e-01,0.00000000e+00
8.77877878e+01,3.74018905e+00,-5.04873800e+01,1.05005093e+07,9.73880921e+03,0.00000000e+00,2.30000000e-01,7.70000068e-01,0.00000000e+00
8.78878879e+01,3.72077397e+00,-4.47935968e+01,1.04875790e+07,9.77757630e+03,0.00000000e+00,2.30000000e-01,7.69999608e-01,0.00000000e+00
8.79879880e+01,3.70201560e+00,-3.91555900e+01,1.04762560e+07,9.81650658e+03,0.00000000e+00,2.30000000e-01,7.69999947e-01,0.00000000e+00
8.80880881e+01,3.68370994e+00,-3.36923163e+01,1.04656742e+07,9.85532488e+03,0.00000000e+00,2.30000000e-01,7.69999823e-01,0.00000000e+00
8.81881882e+01,3.66582597e+00,-2.84244491e+01,1.04557595e+07,9.89401919e+03,0.00000000e+00,2.30000000e-01,7.70000165e-01,0.00000000e+00
8.82882883e+01,3.64826943e+00,-2.34005117e+01,1.04461444e+07,9.93249208e+03,0.00000000e+00,2.30000000e-01,7.69999945e-01,0.00000000e+00
8.83883884e+01,3.63112238e+00,-1.85671895e+01,1.04372619e+07,9.97090961e+03,0.00000000e+00,2.30000000e-01,7.69999992e-01,0.00000000e+00
8.84884885e+01,3.61436038e+00,-1.39240234e+01,1.04291034e+07,1.00093206e+04,0.00000000e+00,2.30000000e-01,7.69999995e-01,0.00000000e+00
8.85885886e+01,3.59797861e+00,-9.45739876e+00,1.04217623e+07,1.00478180e+04,0.00000000e+00,2.30000000e-01,7.69999795e-01,0.00000000e+00
8.86886887e+01,3.58197762e+00,-5.14631436e+00,1.04153913e+07,1.00865308e+04,0.00000000e+00,2.30000000e-01,7.69999969e-01,0.00000000e+00
8.87887888e+01,3.56625772e+00,-1.02419459e+00,1.04096932e+07,1.01254502e+04,0.00000000e+00,2.30000000e-01,7.69999875e-01,0.00000000e+00
8.88888889e+01,3.55080293e+00,2.92452536e+00,1.04047443e+07,1.01646847e+04,0.00000000e+00,2.30000000e-01,7.70000021e-01,0.00000000e+00
8.89889890e+01,3.53555154e+00,6.69340739e+00,1.04004022e+07,1.02042711e+04,0.00000000e+00,2.30000000e-01,7.70000118e-01,0.00000000e+00
8.90890891e+01,3.52050728e+00,1.03249727e+01,1.03968265e+07,1.02443546e+04,0.00000000e+00,2.30000000e-01,7.70000063e-01,0.00000000e+00
8.91891892e+01,3.50572583e+00,1.39060847e+01,1.03944183e+07,1.02851645e+04,0.00000000e+00,2.30000000e-01,7.70000183e-01,0.00000000e+00
8.92892893e+01,3.49124361e+00,1.74871814e+01,1.03932208e+07,1.03266466e+04,0.00000000e+00,2.30000000e-01,7.69999475e-01,0.00000000e+00
8.93893894e+01,3.47715127e+00,2.10947729e+01,1.03935492e+07,1.03688234e+04,0.00000000e+00,2.30000000e-01,7.69999759e-01,0.00000000e+00
8.94894895e+01,3.46320430e+00,2.46134271e+01,1.03946899e+07,1.04117214e+04,0.00000000e+00,2.30000000e-01,7.69999932e-01,0.00000000e+00
8.95895896e+01,3.44929173e+00,2.80376479e+01,1.03964685e+07,1.04555037e+04,0.00000000e+00,2.30000000e-01,7.70000078e-01,0.00000000e+00
8.96896897e+01,3.43536694e+00,3.13225777e+01,1.03985658e+07,1.05000021e+04,0.00000000e+00,2.30000000e-01,7.70000021e-01,0.00000000e+00
8.97897898e+01,3.42146161e+00,3.44360857e+01,1.04007300e+07,1.05448707e+04,0.00000000e+00,2.30000000e-01,7.69999942e-01,0.00000000e+00
8.98898899e+01,3.40759813e+00,3.73864739e+01,1.04028910e+07,1.05899696e+04,0.00000000e+00,2.30000000e-01,7.70000096e-01,0.00000000e+00
8.99899900e+01,3.39374956e+00,4.02109952e+01,1.04052204e+07,1.06355634e+04,0.00000000e+00,2.30000000e-01,7.70000169e-01,0.00000000e+00
9.00900901e+01,3.37995863e+00,4.29567181e+01,1.04080237e+07,1.06818361e+04,0.00000000e+00,2.30000000e-01,7.70000129e-01,0.00000000e+00
9.01901902e+01,3.36630153e+00,4.56595006e+01,1.04115140e+07,1.07287698e+04,0.00000000e+00,2.30000000e-01,7.70000062e-01,0.00000000e+00
9.02902903e+01,3.35283612e+00,4.83342677e+01,1.04157516e+07,1.07762425e+04,0.00000000e+00,2.30000000e-01,7.70000027e-01,0.00000000e+00
9.03903904e+01,3.33958980e+00,5.09840070e+01,1.04207262e+07,1.08241532e+04,0.00000000e+00,2.30000000e-01,7.70000028e-01,0.00000000e+00
9.04904905e+01,3.32657446e+00,5.36079798e+01,1.04264077e+07,1.08724273e+04,0.00000000e+00,2.30000000e-01,7.70000045e-01,0.00000000e+00
9.05905906e+01,3.31380303e+00,5.62007685e+01,1.04327256e+07,1.09209432e+04,0.00000000e+00,2.30000000e-01,7.70000059e-01,0.00000000e+00
9.06906907e+01,3.30129592e+00,5.87498820e+01,1.04395482e+07,1.09694865e+04,0.00000000e+00,2.30000000e-01,7.70000064e-01,0.00000000e+00
9.07907908e+01,3.28907889e+00,6.12380674e+01,1.04466951e+07,1.10177697e+04,0.00000000e+00,2.30000000e-01,7.70000045e-01,0.00000000e+00
9.08908909e+01,3.27717928e+00,6.36488579e+01,1.04539884e+07,1.10654959e+04,0.00000000e+00,2.30000000e-01,7.70000026e-01,0.00000000e+00
9.09909910e+01,3.26561546e+00,6.59707501e+01,1.04612736e+07,1.11124188e+04,0.00000000e+00,2.30000000e-01,7.69999989e-01,0.00000000e+00
9.10910911e+01,3.25439544e+00,6.82024611e+01,1.04685016e+07,1.11584355e+04,0.00000000e+00,2.30000000e-01,7.69999941e-01,0.00000000e+00
9.11911912e+01,3.24351144e+00,7.03653663e+01,1.04757337e+07,1.12036140e+04,0.00000000e+00,2.30000000e-01,7.69999909e-01,0.00000000e+00
9.12912913e+01,3.23293630e+00,7.24871336e+01,1.04830997e+07,1.12481661e+04,0.00000000e+00,2.30000000e-01,7.69999847e-01,0.00000000e+00
9.13913914e+01,3.22262983e+00,7.45988142e+01,1.04908140e+07,1.12924428e+04,0.00000000e+00,2.30000000e-01,7.69999878e-01,0.00000000e+00
9.14914915e+01,3.21252906e+00,7.67296101e+01,1.04989581e+07,1.13367422e+04,0.00000000e+00,2.30000000e-01,7.69999882e-01,0.00000000e+00
9.15915916e+01,3.20258477e+00,7.88902599e+01,1.05075756e+07,1.13812777e+04,0.00000000e+00,2.30000000e-01,7.69999883e-01,0.00000000e+00
9.16916917e+01,3.19274972e+00,8.10821915e+01,1.05166725e+07,1.14262207e+04,0.00000000e+00,2.30000000e-01,7.69999885e-01,0.00000000e+00
9.17917918e+01,3.18297633e+00,8.32982001e+01,1.05262065e+07,1.14716944e+04,0.00000000e+00,2.30000000e-01,7.69999964e-01,0.00000000e+00
9.18918919e+01,3.17321863e+00,8.55218995e+01,1.05360624e+07,1.15177425e+04,0.00000000e+00,2.30000000e-01,7.70000122e-01,0.00000000e+00
9.19919920e+01,3.16341210e+00,8.77328756e+01,1.05461070e+07,1.15644587e+04,0.00000000e+00,2.30000000e-01,7.70000383e-01,0.00000000e+00
9.20920921e+01,3.15340425e+00,8.98918420e+01,1.05560910e+07,1.16121422e+04,0.00000000e+00,2.30000000e-01,7.70000466e-01,0.00000000e+00
9.21921922e+01,3.14300572e+00,9.19707404e+01,1.05658845e+07,1.16613706e+04,0.00000000e+00,2.30000000e-01,7.70000377e-01,0.00000000e+00
9.22922923e+01,3.13206441e+00,9.39823045e+01,1.05756080e+07,1.17128748e+04,0.00000000e+00,2.30000000e-01,7.70000536e-01,0.00000000e+00
9.23923924e+01,3.12037050e+00,9.59367904e+01,1.05853251e+07,1.17675674e+04,0.00000000e+00,2.30000000e-01,7.70000941e-01,0.00000000e+00
9.24924925e+01,3.10755858e+00,9.78412999e+01,1.05950668e+07,1.18269495e+04,0.00000000e+00,2.30000000e-01,7.70001594e-01,0.00000000e+00
9.25925926e+01,3.09301257e+00,9.97016561e+01,1.06047605e+07,1.18934336e+04,0.00000000e+00,2.30000000e-01,7.70002251e-01,0.00000000e+00
9.26926927e+01,3.07822175e+00,1.01498578e+02,1.06147315e+07,1.19618264e+04,0.00000000e+00,2.30000000e-01,7.70001561e-01,0.00000000e+00
9.27927928e+01,3.06577719e+00,1.03258063e+02,1.06249433e+07,1.20219516e+04,0.00000000e+00,2.30000000e-01,7.70000305e-01,0.00000000e+00
9.28928929e+01,3.05651557e+00,1.04985978e+02,1.06351995e+07,1.20700374e+04,0.00000000e+00,2.30000000e-01,7.69998870e-01,0.00000000e+00
9.29929930e+01,3.05055030e+00,1.06657572e+02,1.06455230e+07,1.21053912e+04,0.00000000e+00,2.30000000e-01,7.69997905e-01,0.00000000e+00
9.30930931e+01,3.04744711e+00,1.08250442e+02,1.06557992e+07,1.21294244e+04,0.00000000e+00,2.30000000e-01,7.69997185e-01,0.00000000e+00
9.31931932e+01,3.04640992e+00,1.09769167e+02,1.06660396e+07,1.21452115e+04,0.00000000e+00,2.30000000e-01,7.69997427e-01,0.00000000e+00
9.32932933e+01,3.04637679e+00,1.11184387e+02,1.06759719e+07,1.21566447e+04,0.00000000e+00,2.30000000e-01,7.69998129e-01,0.00000000e+00
9.33933934e+01,3.04704966e+00,1.12508266e+02,1.06857368e+07,1.21650709e+04,0.00000000e+00,2.30000000e-01,7.69998605e-01,0.00000000e+00
9.34934935e+01,3.04891991e+00,1.13749263e+02,1.06954114e+07,1.21686142e+04,0.00000000e+00,2.30000000e-01,7.69998736e-01,0.00000000e+00
9.35935936e+01,3.05246323e+00,1.14915563e+02,1.07051138e+07,1.21655130e+04,0.00000000e+00,2.30000000e-01,7.69998883e-01,0.00000000e+00
9.36936937e+01,3.05810098e+00,1.16017775e+02,1.07148230e+07,1.21540982e+04,0.00000000e+00,2.30000000e-01,7.69998921e-01,0.00000000e+00
9.37937938e+01,3.06624209e+00,1.17051067e+02,1.07246195e+07,1.21329105e+04,0.00000000e+00,2.30000000e-01,7.69998965e-01,0.00000000e+00
9.38938939e+01,3.07728050e+00,1.18019842e+02,1.07345366e+07,1.21005691e+04,0.00000000e+00,2.30000000e-01,7.69998890e-01,0.00000000e+00
9.39939940e+01,3.09164343e+00,1.18933213e+02,1.07445745e+07,1.20556199e+04,0.00000000e+00,2.30000000e-01,7.69998562e-01,0.00000000e+00
9.40940941e+01,3.10988905e+00,1.19783668e+02,1.07548448e+07,1.19963503e+04,0.00000000e+00,2.30000000e-01,7.69998197e-01,0.00000000e+00
9.41941942e+01,3.13272269e+00,1.20588120e+02,1.07652499e+07,1.19204418e+04,0.00000000e+00,2.30000000e-01,7.69997526e-01,0.00000000e+00
9.42942943e+01,3.16112695e+00,1.21338111e+02,1.07758659e+07,1.18249873e+04,0.00000000e+00,2.30000000e-01,7.69996950e-01,0.00000000e+00
9.43943944e+01,3.19633242e+00,1.22044721e+02,1.07865959e+07,1.17063964e+04,0.00000000e+00,2.30000000e-01,7.69996245e-01,0.00000000e+00
9.44944945e+01,3.23988952e+00,1.22694802e+02,1.07975215e+07,1.15607196e+04,0.00000000e+00,2.30000000e-01,7.69995723e-01,0.00000000e+00
9.45945946e+01,3.29361269e+00,1.23285258e+02,1.08086438e+07,1.13838685e+04,0.00000000e+00,2.30000000e-01,7.69995275e-01,0.00000000e+00
9.46946947e+01,3.35957852e+00,1.23811571e+02,1.08199909e+07,1.11720640e+04,0.00000000e+00,2.30000000e-01,7.69994994e-01,0.00000000e+00
9.47947948e+01,3.44008547e+00,1.24272976e+02,1.08315782e+07,1.09222939e+04,0.00000000e+00,2.30000000e-01,7.69994925e-01,0.00000000e+00
9.48948949e+01,3.53759717e+00,1.24668757e+02,1.08434347e+07,1.06328516e+04,0.00000000e+00,2.30000000e-01,7.69995119e-01,0.00000000e+00
9.49949950e+01,3.65465547e+00,1.24984771e+02,1.08556983e+07,1.03039156e+04,0.00000000e+00,2.30000000e-01,7.69995781e-01,0.00000000e+00
9.50950951e+01,3.79367569e+00,1.25207585e+02,1.08684891e+07,9.93800907e+03,0.00000000e+00,2.30000000e-01,7.69997011e-01,0.00000000e+00
9.51951952e+01,3.95664726e+00,1.25319748e+02,1.08819275e+07,9.54042926e+03,0.00000000e+00,2.30000000e-01,7.69999233e-01,0.00000000e+00
9.52952953e+01,4.14451576e+00,1.25311727e+02,1.08961039e+07,9.11979446e+03,0.00000000e+00,2.30000000e-01,7.70003291e-01,0.00000000e+00
9.53953954e+01,4.35519855e+00,1.25109380e+02,1.09115995e+07,8.69098937e+03,0.00000000e+00,2.30000000e-01,7.70000719e-01,0.00000000e+00
9.54954955e+01,4.56520337e+00,1.24794181e+02,1.09273559e+07,8.30315336e+03,0.00000000e+00,2.30000000e-01,7.70002191e-01,0.00000000e+00
9.55955956e+01,4.75161818e+00,1.24240708e+02,1.09436175e+07,7.98927096e+03,0.00000000e+00,2.30000000e-01,7.70002906e-01,0.00000000e+00
9.56956957e+01,4.91544210e+00,1.23421077e+02,1.09606146e+07,7.73499272e+03,0.00000000e+00,2.30000000e-01,7.70003344e-01,0.00000000e+00
9.57957958e+01,5.05839382e+00,1.22308343e+02,1.09783990e+07,7.52859218e+03,0.00000000e+00,2.30000000e-01,7.70003761e-01,0.00000000e+00
9.58958959e+01,5.18272990e+00,1.20904512e+02,1.09964240e+07,7.36006226e+03,0.00000000e+00,2.30000000e-01,7.70001105e-01,0.00000000e+00
9.59959960e+01,5.29120594e+00,1.19277280e+02,1.10158377e+07,7.22187927e+03,0.00000000e+00,2.30000000e-01,7.70003849e-01,0.00000000e+00
9.60960961e+01,5.38459455e+00,1.17204729e+02,1.10319309e+07,7.10702450e+03,0.00000000e+00,2.30000000e-01,7.69999534e-01,0.00000000e+00
9.61961962e+01,5.46588452e+00,1.14667986e+02,1.10520037e+07,7.01404274e+03,0.00000000e+00,2.30000000e-01,7.70002780e-01,0.00000000e+00
9.62962963e+01,5.53438798e+00,1.11980765e+02,1.10710289e+07,6.93916624e+03,0.00000000e+00,2.30000000e-01,7.70000385e-01,0.00000000e+00
9.63963964e+01,5.59257382e+00,1.09046478e+02,1.10906543e+07,6.87913384e+03,0.00000000e+00,2.30000000e-01,7.70001713e-01,0.00000000e+00
9.64964965e+01,5.64075526e+00,1.05996990e+02,1.11089956e+07,6.83165722e+03,0.00000000e+00,2.30000000e-01,7.70001228e-01,0.00000000e+00
9.65965966e+01,5.68049642e+00,1.02905155e+02,1.11266365e+07,6.79463173e+03,0.00000000e+00,2.30000000e-01,7.70001711e-01,0.00000000e+00
9.66966967e+01,5.71297237e+00,9.98050266e+01,1.11435998e+07,6.76630834e+03,0.00000000e+00,2.30000000e-01,7.70001521e-01,0.00000000e+00
9.67967968e+01,5.73979014e+00,9.67105889e+01,1.11604287e+07,6.74486751e+03,0.00000000e+00,2.30000000e-01,7.70001163e-01,0.00000000e+00
9.68968969e+01,5.76239538e+00,9.36099949e+01,1.11775265e+07,6.72870169e+03,0.00000000e+00,2.30000000e-01,7.70001027e-01,0.00000000e+00
9.69969970e+01,5.78190090e+00,9.05028215e+01,1.11950201e+07,6.71649886e+03,0.00000000e+00,2.30000000e-01,7.70000823e-01,0.00000000e+00
9.70970971e+01,5.79929670e+00,8.73653390e+01,1.12131817e+07,6.70721560e+03,0.00000000e+00,2.30000000e-01,7.70000767e-01,0.00000000e+00
9.71971972e+01,5.81537710e+00,8.41821169e+01,1.12320688e+07,6.69993714e+03,0.00000000e+00,2.30000000e-01,7.70000501e-01,0.00000000e+00
9.72972973e+01,5.83088673e+00,8.09169458e+01,1.12517927e+07,6.69385271e+03,0.00000000e+00,2.30000000e-01,7.70000105e-01,0.00000000e+00
9.73973974e+01,5.84630460e+00,7.75300905e+01,1.12724213e+07,6.68844156e+03,0.00000000e+00,2.30000000e-01,7.69999817e-01,0.00000000e+00
9.74974975e+01,5.86190558e+00,7.39807231e+01,1.12940797e+07,6.68345788e+03,0.00000000e+00,2.30000000e-01,7.69999765e-01,0.00000000e+00
9.75975976e+01,5.87789419e+00,7.03361490e+01,1.13160964e+07,6.67827455e+03,0.00000000e+00,2.30000000e-01,7.69999294e-01,0.00000000e+00
9.76976977e+01,5.89424308e+00,6.67183679e+01,1.13369281e+07,6.67201753e+03,0.00000000e+00,2.30000000e-01,7.69998327e-01,0.00000000e+00
9.77977978e+01,5.90987761e+00,6.31423139e+01,1.13563316e+07,6.66575332e+03,0.00000000e+00,2.30000000e-01,7.69998707e-01,0.00000000e+00
9.78978979e+01,5.92278586e+00,5.96146347e+01,1.13741512e+07,6.66165648e+03,0.00000000e+00,2.30000000e-01,7.69999578e-01,0.00000000e+00
9.79979980e+01,5.93169171e+00,5.61416338e+01,1.13904372e+07,6.66116810e+03,0.00000000e+00,2.30000000e-01,7.70001135e-01,0.00000000e+00
9.80980981e+01,5.93618868e+00,5.27047502e+01,1.14051431e+07,6.66470889e+03,0.00000000e+00,2.30000000e-01,7.70002096e-01,0.00000000e+00
9.81981982e+01,5.93739886e+00,4.93321665e+01,1.14186305e+07,6.67123024e+03,0.00000000e+00,2.30000000e-01,7.70002112e-01,0.00000000e+00
9.82982983e+01,5.93652573e+00,4.60188488e+01,1.14310600e+07,6.67947933e+03,0.00000000e+00,2.30000000e-01,7.70001389e-01,0.00000000e+00
9.83983984e+01,5.93340002e+00,4.27967787e+01,1.14430204e+07,6.68999084e+03,0.00000000e+00,2.30000000e-01,7.70001342e-01,0.00000000e+00
9.84984985e+01,5.92670396e+00,3.96681207e+01,1.14547996e+07,6.70444013e+03,0.00000000e+00,2.30000000e-01,7.70001838e-01,0.00000000e+00
9.85985986e+01,5.91463942e+00,3.66190187e+01,1.14664573e+07,6.72495092e+03,0.00000000e+00,2.30000000e-01,7.70002118e-01,0.00000000e+00
9.86986987e+01,5.89514252e+00,3.36479218e+01,1.14781018e+07,6.75404358e+03,0.00000000e+00,2.30000000e-01,7.70002203e-01,0.00000000e+00
9.87987988e+01,5.86608686e+00,3.07319430e+01,1.14894756e+07,6.79422758e+03,0.00000000e+00,2.30000000e-01,7.70001579e-01,0.00000000e+00
9.88988989e+01,5.82597740e+00,2.78721420e+01,1.15005039e+07,6.84757504e+03,0.00000000e+00,2.30000000e-01,7.70000792e-01,0.00000000e+00
9.89989990e+01,5.77410358e+00,2.50393213e+01,1.15107158e+07,6.91523562e+03,0.00000000e+00,2.30000000e-01,7.69999687e-01,0.00000000e+00
9.90990991e+01,5.71879652e+00,2.22261185e+01,1.15200985e+07,6.98781492e+03,0.00000000e+00,2.30000000e-01,7.69998293e-01,0.00000000e+00
9.91991992e+01,5.67146519e+00,1.94760589e+01,1.15289377e+07,7.05153413e+03,0.00000000e+00,2.30000000e-01,7.69998858e-01,0.00000000e+00
9.92992993e+01,5.63389998e+00,1.67146084e+01,1.15362777e+07,7.10307495e+03,0.00000000e+00,2.30000000e-01,7.69998323e-01,0.00000000e+00
9.93993994e+01,5.60501334e+00,1.40234248e+01,1.15429598e+07,7.14381161e+03,0.00000000e+00,2.30000000e-01,7.69999149e-01,0.00000000e+00
9.94994995e+01,5.58325801e+00,1.13204070e+01,1.15480693e+07,7.17482719e+03,0.00000000e+00,2.30000000e-01,7.69998474e-01,0.00000000e+00
9.95995996e+01,5.56785155e+00,8.70898056e+00,1.15526834e+07,7.19754890e+03,0.00000000e+00,2.30000000e-01,7.69999284e-01,0.00000000e+00
9.96996997e+01,5.55741799e+00,6.06716659e+00,1.15555279e+07,7.21284664e+03,0.00000000e+00,2.30000000e-01,7.69998008e-01,0.00000000e+00
9.97997998e+01,5.55131057e+00,3.53559412e+00,1.15579129e+07,7.22224903e+03,0.00000000e+00,2.30000000e-01,7.70001146e-01,0.00000000e+00
9.98998999e+01,5.54775418e+00,8.83518572e-01,1.15550899e+07,7.22515211e+03,0.00000000e+00,2.30000000e-01,7.69995982e-01,0.00000000e+00
1.00000000e+02,5.54775418e+00,-8.83518572e-01,1.15550899e+07,7.22515211e+03,0.00000000e+00,2.30000000e-01,7.69995982e-01,0.00000000e+00
