# x(m), rho(kg/m3), u(m/s), p(Pa), T(K), Y_H2, Y_O2, Y_N2, Y_H2O
0.00000000e+00,5.80300589e+00,-0.00000000e+00,3.00000000e+06,6.00000000e+02,1.50000000e-01,2.50000000e-01,6.00000000e-01,0.00000000e+00
1.00100100e-01,5.80300589e+00,0.00000000e+00,3.00000000e+06,6.00000000e+02,1.50000000e-01,2.50000000e-01,6.00000000e-01,0.00000000e+00
2.00200200e-01,5.80300589e+00,0.00000000e+00,3.00000000e+06,6.00000000e+02,1.50000000e-01,2.50000000e-01,6.00000000e-01,0.00000000e+00
3.00300300e-01,5.80300589e+00,0.00000000e+00,3.00000000e+06,6.00000000e+02,1.50000000e-01,2.50000000e-01,6.00000000e-01,0.00000000e+00
4.00400400e-01,5.80300589e+00,0.00000000e+00,3.00000000e+06,6.00000000e+02,1.50000000e-01,2.50000000e-01,6.00000000e-01,0.00000000e+00
5.00500501e-01,5.80300589e+00,0.00000000e+00,3.00000000e+06,6.00000000e+02,1.50000000e-01,2.50000000e-01,6.00000000e-01,0.00000000e+00
6.00600601e-01,5.80300589e+00,0.00000000e+00,3.00000000e+06,6.00000000e+02,1.50000000e-01,2.50000000e-01,6.00000000e-01,0.00000000e+00
7.00700701e-01,5.80300589e+00,0.00000000e+00,3.00000000e+06,6.00000000e+02,1.50000000e-01,2.50000000e-01,6.00000000e-01,0.00000000e+00
8.00800801e-01,5.80300589e+00,0.00000000e+00,3.00000000e+06,6.00000000e+02,1.50000000e-01,2.50000000e-01,6.00000000e-01,0.00000000e+00
9.00900901e-01,5.80300589e+00,0.00000000e+00,3.00000000e+06,6.00000000e+02,1.50000000e-01,2.50000000e-01,6.00000000e-01,0.00000000e+00
1.00100100e+00,5.80300589e+00,0.00000000e+00,3.00000000e+06,6.00000000e+02,1.50000000e-01,2.50000000e-01,6.00000000e-01,0.00000000e+00
1.10110110e+00,5.80300589e+00,0.00000000e+00,3.00000000e+06,6.00000000e+02,1.50000000e-01,2.50000000e-01,6.00000000e-01,0.00000000e+00
1.20120120e+00,5.80300589e+00,0.00000000e+00,3.00000000e+06,6.00000000e+02,1.50000000e-01,2.50000000e-01,6.00000000e-01,0.00000000e+00
1.30130130e+00,5.80300589e+00,0.00000000e+00,3.00000000e+06,6.00000000e+02,1.50000000e-01,2.50000000e-01,6.00000000e-01,0.00000000e+00
1.40140140e+00,5.80300589e+00,0.00000000e+00,3.00000000e+06,6.00000000e+02,1.50000000e-01,2.50000000e-01,6.00000000e-01,0.00000000e+00
1.50150150e+00,5.80300589e+00,0.00000000e+00,3.00000000e+06,6.00000000e+02,1.50000000e-01,2.50000000e-01,6.00000000e-01,0.00000000e+00
1.60160160e+00,5.80300589e+00,0.00000000e+00,3.00000000e+06,6.00000000e+02,1.50000000e-01,2.50000000e-01,6.00000000e-01,0.00000000e+00
1.70170170e+00,5.80300589e+00,0.00000000e+00,3.00000000e+06,6.00000000e+02,1.50000000e-01,2.50000000e-01,6.00000000e-01,0.00000000e+00
1.80180180e+00,5.80300589e+00,0.00000000e+00,3.00000000e+06,6.00000000e+02,1.50000000e-01,2.50000000e-01,6.00000000e-01,0.00000000e+00
1.90190190e+00,5.80300589e+00,0.00000000e+00,3.00000000e+06,6.00000000e+02,1.50000000e-01,2.50000000e-01,6.00000000e-01,0.00000000e+00
2.00200200e+00,5.80300589e+00,0.00000000e+00,3.00000000e+06,6.00000000e+02,1.50000000e-01,2.50000000e-01,6.00000000e-01,0.00000000e+00
2.10210210e+00,5.80300589e+00,0.00000000e+00,3.00000000e+06,6.00000000e+02,1.50000000e-01,2.50000000e-01,6.00000000e-01,0.00000000e+00
2.20220220e+00,5.80300589e+00,0.00000000e+00,3.00000000e+06,6.00000000e+02,1.50000000e-01,2.50000000e-01,6.00000000e-01,0.00000000e+00
2.30230230e+00,5.80300589e+00,0.00000000e+00,3.00000000e+06,6.00000000e+02,1.50000000e-01,2.50000000e-01,6.00000000e-01,0.00000000e+00
2.40240240e+00,5.80300589e+00,0.00000000e+00,3.00000000e+06,6.00000000e+02,1.50000000e-01,2.50000000e-01,6.00000000e-01,0.00000000e+00
2.50250250e+00,5.80300589e+00,0.00000000e+00,3.00000000e+06,6.00000000e+02,1.50000000e-01,2.50000000e-01,6.00000000e-01,0.00000000e+00
2.60260260e+00,5.80300589e+00,0.00000000e+00,3.00000000e+06,6.00000000e+02,1.50000000e-01,2.50000000e-01,6.00000000e-01,0.00000000e+00
2.70270270e+00,5.80300589e+00,0.00000000e+00,3.00000000e+06,6.00000000e+02,1.50000000e-01,2.50000000e-01,6.00000000e-01,0.00000000e+00
2.80280280e+00,5.80300589e+00,0.00000000e+00,3.00000000e+06,6.00000000e+02,1.50000000e-01,2.50000000e-01,6.00000000e-01,0.00000000e+00
2.90290290e+00,5.80300589e+00,0.00000000e+00,3.00000000e+06,6.00000000e+02,1.50000000e-01,2.50000000e-01,6.00000000e-01,0.00000000e+00
3.00300300e+00,5.80300589e+00,0.00000000e+00,3.00000000e+06,6.00000000e+02,1.50000000e-01,2.50000000e-01,6.00000000e-01,0.00000000e+00
3.10310310e+00,5.80300589e+00,0.00000000e+00,3.00000000e+06,6.00000000e+02,1.50000000e-01,2.50000000e-01,6.00000000e-01,0.00000000e+00
3.20320320e+00,5.80300589e+00,0.00000000e+00,3.00000000e+06,6.00000000e+02,1.50000000e-01,2.50000000e-01,6.00000000e-01,0.00000000e+00
3.30330330e+00,5.80300589e+00,0.00000000e+00,3.00000000e+06,6.00000000e+02,1.50000000e-01,2.50000000e-01,6.00000000e-01,0.00000000e+00
3.40340340e+00,5.80300589e+00,0.00000000e+00,3.00000000e+06,6.00000000e+02,1.50000000e-01,2.50000000e-01,6.00000000e-01,0.00000000e+00
3.50350350e+00,5.80300589e+00,0.00000000e+00,3.00000000e+06,6.00000000e+02,1.50000000e-01,2.50000000e-01,6.00000000e-01,0.00000000e+00
3.60360360e+00,5.80300589e+00,0.00000000e+00,3.00000000e+06,6.00000000e+02,1.50000000e-01,2.50000000e-01,6.00000000e-01,0.00000000e+00
3.70370370e+00,5.80300589e+00,0.00000000e+00,3.00000000e+06,6.00000000e+02,1.50000000e-01,2.50000000e-01,6.00000000e-01,0.00000000e+00
3.80380380e+00,5.80300589e+00,0.00000000e+00,3.00000000e+06,6.00000000e+02,1.50000000e-01,2.50000000e-01,6.00000000e-01,0.00000000e+00
3.90390390e+00,5.80300589e+00,0.00000000e+00,3.00000000e+06,6.00000000e+02,1.50000000e-01,2.50000000e-01,6.00000000e-01,0.00000000e+00
4.00400400e+00,5.80300589e+00,0.00000000e+00,3.00000000e+06,6.00000000e+02,1.50000000e-01,2.50000000e-01,6.00000000e-01,0.00000000e+00
4.10410410e+00,5.80300589e+00,0.00000000e+00,3.00000000e+06,6.00000000e+02,1.50000000e-01,2.50000000e-01,6.00000000e-01,0.00000000e+00
4.20420420e+00,5.80300589e+00,0.00000000e+00,3.00000000e+06,6.00000000e+02,1.50000000e-01,2.50000000e-01,6.00000000e-01,0.00000000e+00
4.30430430e+00,5.80300589e+00,0.00000000e+00,3.00000000e+06,6.00000000e+02,1.50000000e-01,2.50000000e-01,6.00000000e-01,0.00000000e+00
4.40440440e+00,5.80300589e+00,0.00000000e+00,3.00000000e+06,6.00000000e+02,1.50000000e-01,2.50000000e-01,6.00000000e-01,0.00000000e+00
4.50450450e+00,5.80300589e+00,0.00000000e+00,3.00000000e+06,6.00000000e+02,1.50000000e-01,2.50000000e-01,6.00000000e-01,0.00000000e+00
4.60460460e+00,5.80300589e+00,0.00000000e+00,3.00000000e+06,6.00000000e+02,1.50000000e-01,2.50000000e-01,6.00000000e-01,0.00000000e+00
4.70470470e+00,5.80300589e+00,0.00000000e+00,3.00000000e+06,6.00000000e+02,1.50000000e-01,2.50000000e-01,6.00000000e-01,0.00000000e+00
4.80480480e+00,5.80300589e+00,0.00000000e+00,3.00000000e+06,6.00000000e+02,1.50000000e-01,2.50000000e-01,6.00000000e-01,0.00000000e+00
4.90490490e+00,5.80300589e+00,0.00000000e+00,3.00000000e+06,6.00000000e+02,1.50000000e-01,2.50000000e-01,6.00000000e-01,0.00000000e+00
5.00500501e+00,5.80300589e+00,0.00000000e+00,3.00000000e+06,6.00000000e+02,1.50000000e-01,2.50000000e-01,6.00000000e-01,0.00000000e+00
5.10510511e+00,5.80300589e+00,0.00000000e+00,3.00000000e+06,6.00000000e+02,1.50000000e-01,2.50000000e-01,6.00000000e-01,0.00000000e+00
5.20520521e+00,5.80300589e+00,0.00000000e+00,3.00000000e+06,6.00000000e+02,1.50000000e-01,2.50000000e-01,6.00000000e-01,0.00000000e+00
5.30530531e+00,5.80300589e+00,0.00000000e+00,3.00000000e+06,6.00000000e+02,1.50000000e-01,2.50000000e-01,6.00000000e-01,0.00000000e+00
5.40540541e+00,5.80300589e+00,0.00000000e+00,3.00000000e+06,6.00000000e+02,1.50000000e-01,2.50000000e-01,6.00000000e-01,0.00000000e+00
5.50550551e+00,5.80300589e+00,0.00000000e+00,3.00000000e+06,6.00000000e+02,1.50000000e-01,2.50000000e-01,6.00000000e-01,0.00000000e+00
5.60560561e+00,5.80300589e+00,0.00000000e+00,3.00000000e+06,6.00000000e+02,1.50000000e-01,2.50000000e-01,6.00000000e-01,0.00000000e+00
5.70570571e+00,5.80300589e+00,0.00000000e+00,3.00000000e+06,6.00000000e+02,1.50000000e-01,2.50000000e-01,6.00000000e-01,0.00000000e+00
5.80580581e+00,5.80300589e+00,0.00000000e+00,3.00000000e+06,6.00000000e+02,1.50000000e-01,2.50000000e-01,6.00000000e-01,0.00000000e+00
5.90590591e+00,5.80300589e+00,0.00000000e+00,3.00000000e+06,6.00000000e+02,1.50000000e-01,2.50000000e-01,6.00000000e-01,0.00000000e+00
6.00600601e+00,5.80300589e+00,0.00000000e+00,3.00000000e+06,6.00000000e+02,1.50000000e-01,2.50000000e-01,6.00000000e-01,0.00000000e+00
6.10610611e+00,5.80300589e+00,0.00000000e+00,3.00000000e+06,6.00000000e+02,1.50000000e-01,2.50000000e-01,6.00000000e-01,0.00000000e+00
6.20620621e+00,5.80300589e+00,0.00000000e+00,3.00000000e+06,6.00000000e+02,1.50000000e-01,2.50000000e-01,6.00000000e-01,0.00000000e+00
6.30630631e+00,5.80300589e+00,0.00000000e+00,3.00000000e+06,6.00000000e+02,1.50000000e-01,2.50000000e-01,6.00000000e-01,0.00000000e+00
6.40640641e+00,5.80300589e+00,0.00000000e+00,3.00000000e+06,6.00000000e+02,1.50000000e-01,2.50000000e-01,6.00000000e-01,0.00000000e+00
6.50650651e+00,5.80300589e+00,0.00000000e+00,3.00000000e+06,6.00000000e+02,1.50000000e-01,2.50000000e-01,6.00000000e-01,0.00000000e+00
6.60660661e+00,5.80300589e+00,0.00000000e+00,3.00000000e+06,6.00000000e+02,1.50000000e-01,2.50000000e-01,6.00000000e-01,0.00000000e+00
6.70670671e+00,5.80300589e+00,0.00000000e+00,3.00000000e+06,6.00000000e+02,1.50000000e-01,2.50000000e-01,6.00000000e-01,0.00000000e+00
6.80680681e+00,5.80300589e+00,0.00000000e+00,3.00000000e+06,6.00000000e+02,1.50000000e-01,2.50000000e-01,6.00000000e-01,0.00000000e+00
6.90690691e+00,5.80300589e+00,0.00000000e+00,3.00000000e+06,6.00000000e+02,1.50000000e-01,2.50000000e-01,6.00000000e-01,0.00000000e+00
7.00700701e+00,5.80300589e+00,0.00000000e+00,3.00000000e+06,6.00000000e+02,1.50000000e-01,2.50000000e-01,6.00000000e-01,0.00000000e+00
7.10710711e+00,5.80300589e+00,0.00000000e+00,3.00000000e+06,6.00000000e+02,1.50000000e-01,2.50000000e-01,6.00000000e-01,0.00000000e+00
7.20720721e+00,5.80300589e+00,0.00000000e+00,3.00000000e+06,6.00000000e+02,1.50000000e-01,2.50000000e-01,6.00000000e-01,0.00000000e+00
7.30730731e+00,5.80300589e+00,0.00000000e+00,3.00000000e+06,6.00000000e+02,1.50000000e-01,2.50000000e-01,6.00000000e-01,0.00000000e+00
7.40740741e+00,5.80300589e+00,0.00000000e+00,3.00000000e+06,6.00000000e+02,1.50000000e-01,2.50000000e-01,6.00000000e-01,0.00000000e+00
7.50750751e+00,5.80300589e+00,0.00000000e+00,3.00000000e+06,6.00000000e+02,1.50000000e-01,2.50000000e-01,6.00000000e-01,0.00000000e+00
7.60760761e+00,5.80300589e+00,0.00000000e+00,3.00000000e+06,6.00000000e+02,1.50000000e-01,2.50000000e-01,6.00000000e-01,0.00000000e+00
7.70770771e+00,5.80300589e+00,0.00000000e+00,3.00000000e+06,6.00000000e+02,1.50000000e-01,2.50000000e-01,6.00000000e-01,0.00000000e+00
7.80780781e+00,5.80300589e+00,0.00000000e+00,3.00000000e+06,6.00000000e+02,1.50000000e-01,2.50000000e-01,6.00000000e-01,0.00000000e+00
7.90790791e+00,5.80300589e+00,0.00000000e+00,3.00000000e+06,6.00000000e+02,1.50000000e-01,2.50000000e-01,6.00000000e-01,0.00000000e+00
8.00800801e+00,5.80300589e+00,0.00000000e+00,3.00000000e+06,6.00000000e+02,1.50000000e-01,2.50000000e-01,6.00000000e-01,0.00000000e+00
8.10810811e+00,5.80300589e+00,0.00000000e+00,3.00000000e+06,6.00000000e+02,1.50000000e-01,2.50000000e-01,6.00000000e-01,0.00000000e+00
8.20820821e+00,5.80300589e+00,0.00000000e+00,3.00000000e+06,6.00000000e+02,1.50000000e-01,2.50000000e-01,6.00000000e-01,0.00000000e+00
8.30830831e+00,5.80300589e+00,0.00000000e+00,3.00000000e+06,6.00000000e+02,1.50000000e-01,2.50000000e-01,6.00000000e-01,0.00000000e+00
8.40840841e+00,5.80300589e+00,0.00000000e+00,3.00000000e+06,6.00000000e+02,1.50000000e-01,2.50000000e-01,6.00000000e-01,0.00000000e+00
8.50850851e+00,5.80300589e+00,0.00000000e+00,3.00000000e+06,6.00000000e+02,1.50000000e-01,2.50000000e-01,6.00000000e-01,0.00000000e+00
8.60860861e+00,5.80300589e+00,0.00000000e+00,3.00000000e+06,6.00000000e+02,1.50000000e-01,2.50000000e-01,6.00000000e-01,0.00000000e+00
8.70870871e+00,5.80300589e+00,0.00000000e+00,3.00000000e+06,6.00000000e+02,1.50000000e-01,2.50000000e-01,6.00000000e-01,0.00000000e+00
8.80880881e+00,5.80300589e+00,0.00000000e+00,3.00000000e+06,6.00000000e+02,1.50000000e-01,2.50000000e-01,6.00000000e-01,0.00000000e+00
8.90890891e+00,5.80300589e+00,0.00000000e+00,3.00000000e+06,6.00000000e+02,1.50000000e-01,2.50000000e-01,6.00000000e-01,0.00000000e+00
9.00900901e+00,5.80300589e+00,0.00000000e+00,3.00000000e+06,6.00000000e+02,1.50000000e-01,2.50000000e-01,6.00000000e-01,0.00000000e+00
9.10910911e+00,5.80300589e+00,0.00000000e+00,3.00000000e+06,6.00000000e+02,1.50000000e-01,2.50000000e-01,6.00000000e-01,0.00000000e+00
9.20920921e+00,5.80300589e+00,0.00000000e+00,3.00000000e+06,6.00000000e+02,1.50000000e-01,2.50000000e-01,6.00000000e-01,0.00000000e+00
9.30930931e+00,5.80300589e+00,0.00000000e+00,3.00000000e+06,6.00000000e+02,1.50000000e-01,2.50000000e-01,6.00000000e-01,0.00000000e+00
9.40940941e+00,5.80300589e+00,0.00000000e+00,3.00000000e+06,6.00000000e+02,1.50000000e-01,2.50000000e-01,6.00000000e-01,0.00000000e+00
9.50950951e+00,5.80300589e+00,0.00000000e+00,3.00000000e+06,6.00000000e+02,1.50000000e-01,2.50000000e-01,6.00000000e-01,0.00000000e+00
9.60960961e+00,5.80300589e+00,0.00000000e+00,3.00000000e+06,6.00000000e+02,1.50000000e-01,2.50000000e-01,6.00000000e-01,0.00000000e+00
9.70970971e+00,5.80300589e+00,0.00000000e+00,3.00000000e+06,6.00000000e+02,1.50000000e-01,2.50000000e-01,6.00000000e-01,0.00000000e+00
9.80980981e+00,5.80300589e+00,0.00000000e+00,3.00000000e+06,6.00000000e+02,1.50000000e-01,2.50000000e-01,6.00000000e-01,0.00000000e+00
9.90990991e+00,5.80300589e+00,0.00000000e+00,3.00000000e+06,6.00000000e+02,1.50000000e-01,2.50000000e-01,6.00000000e-01,0.00000000e+00
1.00100100e+01,5.80300589e+00,0.00000000e+00,3.00000000e+06,6.00000000e+02,1.50000000e-01,2.50000000e-01,6.00000000e-01,0.00000000e+00
1.01101101e+01,5.80300589e+00,0.00000000e+00,3.00000000e+06,6.00000000e+02,1.50000000e-01,2.50000000e-01,6.00000000e-01,0.00000000e+00
1.02102102e+01,5.80300589e+00,0.00000000e+00,3.00000000e+06,6.00000000e+02,1.50000000e-01,2.50000000e-01,6.00000000e-01,0.00000000e+00
1.03103103e+01,5.80300589e+00,0.00000000e+00,3.00000000e+06,6.00000000e+02,1.50000000e-01,2.50000000e-01,6.00000000e-01,0.00000000e+00
1.04104104e+01,5.80300589e+00,0.00000000e+00,3.00000000e+06,6.00000000e+02,1.50000000e-01,2.50000000e-01,6.00000000e-01,0.00000000e+00
1.05105105e+01,5.80300589e+00,0.00000000e+00,3.00000000e+06,6.00000000e+02,1.50000000e-01,2.50000000e-01,6.00000000e-01,0.00000000e+00
1.06106106e+01,5.80300589e+00,0.00000000e+00,3.00000000e+06,6.00000000e+02,1.50000000e-01,2.50000000e-01,6.00000000e-01,0.00000000e+00
1.07107107e+01,5.80300589e+00,0.00000000e+00,3.00000000e+06,6.00000000e+02,1.50000000e-01,2.50000000e-01,6.00000000e-01,0.00000000e+00
1.08108108e+01,5.80300589e+00,0.00000000e+00,3.00000000e+06,6.00000000e+02,1.50000000e-01,2.50000000e-01,6.00000000e-01,0.00000000e+00
1.09109109e+01,5.80300589e+00,0.00000000e+00,3.00000000e+06,6.00000000e+02,1.50000000e-01,2.50000000e-01,6.00000000e-01,0.00000000e+00
1.10110110e+01,5.80300589e+00,0.00000000e+00,3.00000000e+06,6.00000000e+02,1.50000000e-01,2.50000000e-01,6.00000000e-01,0.00000000e+00
1.11111111e+01,5.80300589e+00,0.00000000e+00,3.00000000e+06,6.00000000e+02,1.50000000e-01,2.50000000e-01,6.00000000e-01,0.00000000e+00
1.12112112e+01,5.80300589e+00,0.00000000e+00,3.00000000e+06,6.00000000e+02,1.50000000e-01,2.50000000e-01,6.00000000e-01,0.00000000e+00
1.13113113e+01,5.80300589e+00,0.00000000e+00,3.00000000e+06,6.00000000e+02,1.50000000e-01,2.50000000e-01,6.00000000e-01,0.00000000e+00
1.14114114e+01,5.80300589e+00,0.00000000e+00,3.00000000e+06,6.00000000e+02,1.50000000e-01,2.50000000e-01,6.00000000e-01,0.00000000e+00
1.15115115e+01,5.80300589e+00,0.00000000e+00,3.00000000e+06,6.00000000e+02,1.50000000e-01,2.50000000e-01,6.00000000e-01,0.00000000e+00
1.16116116e+01,5.80300589e+00,0.00000000e+00,3.00000000e+06,6.00000000e+02,1.50000000e-01,2.50000000e-01,6.00000000e-01,0.00000000e+00
1.17117117e+01,5.80300589e+00,0.00000000e+00,3.00000000e+06,6.00000000e+02,1.50000000e-01,2.50000000e-01,6.00000000e-01,0.00000000e+00
1.18118118e+01,5.80300589e+00,0.00000000e+00,3.00000000e+06,6.00000000e+02,1.50000000e-01,2.50000000e-01,6.00000000e-01,0.00000000e+00
1.19119119e+01,5.80300589e+00,0.00000000e+00,3.00000000e+06,6.00000000e+02,1.50000000e-01,2.50000000e-01,6.00000000e-01,0.00000000e+00
1.20120120e+01,5.80300589e+00,0.00000000e+00,3.00000000e+06,6.00000000e+02,1.50000000e-01,2.50000000e-01,6.00000000e-01,0.00000000e+00
1.21121121e+01,5.80300589e+00,0.00000000e+00,3.00000000e+06,6.00000000e+02,1.50000000e-01,2.50000000e-01,6.00000000e-01,0.00000000e+00
1.22122122e+01,5.80300589e+00,0.00000000e+00,3.00000000e+06,6.00000000e+02,1.50000000e-01,2.50000000e-01,6.00000000e-01,0.00000000e+00
1.23123123e+01,5.80300589e+00,0.00000000e+00,3.00000000e+06,6.00000000e+02,1.50000000e-01,2.50000000e-01,6.00000000e-01,0.00000000e+00
1.24124124e+01,5.80300589e+00,0.00000000e+00,3.00000000e+06,6.00000000e+02,1.50000000e-01,2.50000000e-01,6.00000000e-01,0.00000000e+00
1.25125125e+01,5.80300589e+00,0.00000000e+00,3.00000000e+06,6.00000000e+02,1.50000000e-01,2.50000000e-01,6.00000000e-01,0.00000000e+00
1.26126126e+01,5.80300589e+00,0.00000000e+00,3.00000000e+06,6.00000000e+02,1.50000000e-01,2.50000000e-01,6.00000000e-01,0.00000000e+00
1.27127127e+01,5.80300589e+00,0.00000000e+00,3.00000000e+06,6.00000000e+02,1.50000000e-01,2.50000000e-01,6.00000000e-01,0.00000000e+00
1.28128128e+01,5.80300589e+00,0.00000000e+00,3.00000000e+06,6.00000000e+02,1.50000000e-01,2.50000000e-01,6.00000000e-01,0.00000000e+00
1.29129129e+01,5.80300589e+00,0.00000000e+00,3.00000000e+06,6.00000000e+02,1.50000000e-01,2.50000000e-01,6.00000000e-01,0.00000000e+00
1.30130130e+01,5.80300589e+00,0.00000000e+00,3.00000000e+06,6.00000000e+02,1.50000000e-01,2.50000000e-01,6.00000000e-01,0.00000000e+00
1.31131131e+01,5.80300589e+00,0.00000000e+00,3.00000000e+06,6.00000000e+02,1.50000000e-01,2.50000000e-01,6.00000000e-01,0.00000000e+00
1.32132132e+01,5.80300589e+00,0.00000000e+00,3.00000000e+06,6.00000000e+02,1.50000000e-01,2.50000000e-01,6.00000000e-01,0.00000000e+00
1.33133133e+01,5.80300589e+00,0.00000000e+00,3.00000000e+06,6.00000000e+02,1.50000000e-01,2.50000000e-01,6.00000000e-01,0.00000000e+00
1.34134134e+01,5.80300589e+00,0.00000000e+00,3.00000000e+06,6.00000000e+02,1.50000000e-01,2.50000000e-01,6.00000000e-01,0.00000000e+00
1.35135135e+01,5.80300589e+00,0.00000000e+00,3.00000000e+06,6.00000000e+02,1.50000000e-01,2.50000000e-01,6.00000000e-01,0.00000000e+00
1.36136136e+01,5.80300589e+00,0.00000000e+00,3.00000000e+06,6.00000000e+02,1.50000000e-01,2.50000000e-01,6.00000000e-01,0.00000000e+00
1.37137137e+01,5.80300589e+00,0.00000000e+00,3.00000000e+06,6.00000000e+02,1.50000000e-01,2.50000000e-01,6.00000000e-01,0.00000000e+00
1.38138138e+01,5.80300589e+00,0.00000000e+00,3.00000000e+06,6.00000000e+02,1.50000000e-01,2.50000000e-01,6.00000000e-01,0.00000000e+00
1.39139139e+01,5.80300589e+00,0.00000000e+00,3.00000000e+06,6.00000000e+02,1.50000000e-01,2.50000000e-01,6.00000000e-01,0.00000000e+00
1.40140140e+01,5.80300589e+00,0.00000000e+00,3.00000000e+06,6.00000000e+02,1.50000000e-01,2.50000000e-01,6.00000000e-01,0.00000000e+00
1.41141141e+01,5.80300589e+00,0.00000000e+00,3.00000000e+06,6.00000000e+02,1.50000000e-01,2.50000000e-01,6.00000000e-01,0.00000000e+00
1.42142142e+01,5.80300589e+00,0.00000000e+00,3.00000000e+06,6.00000000e+02,1.50000000e-01,2.50000000e-01,6.00000000e-01,0.00000000e+00
1.43143143e+01,5.80300589e+00,0.00000000e+00,3.00000000e+06,6.00000000e+02,1.50000000e-01,2.50000000e-01,6.00000000e-01,0.00000000e+00
1.44144144e+01,5.80300589e+00,0.00000000e+00,3.00000000e+06,6.00000000e+02,1.50000000e-01,2.50000000e-01,6.00000000e-01,0.00000000e+00
1.45145145e+01,5.80300589e+00,0.00000000e+00,3.00000000e+06,6.00000000e+02,1.50000000e-01,2.50000000e-01,6.00000000e-01,0.00000000e+00
1.46146146e+01,5.80300589e+00,0.00000000e+00,3.00000000e+06,6.00000000e+02,1.50000000e-01,2.50000000e-01,6.00000000e-01,0.00000000e+00
1.47147147e+01,5.80300589e+00,0.00000000e+00,3.00000000e+06,6.00000000e+02,1.50000000e-01,2.50000000e-01,6.00000000e-01,0.00000000e+00
1.48148148e+01,5.80300589e+00,0.00000000e+00,3.00000000e+06,6.00000000e+02,1.50000000e-01,2.50000000e-01,6.00000000e-01,0.00000000e+00
1.49149149e+01,5.80300589e+00,0.00000000e+00,3.00000000e+06,6.00000000e+02,1.50000000e-01,2.50000000e-01,6.00000000e-01,0.00000000e+00
1.50150150e+01,5.80300589e+00,0.00000000e+00,3.00000000e+06,6.00000000e+02,1.50000000e-01,2.50000000e-01,6.00000000e-01,0.00000000e+00
1.51151151e+01,5.80300589e+00,0.00000000e+00,3.00000000e+06,6.00000000e+02,1.50000000e-01,2.50000000e-01,6.00000000e-01,0.00000000e+00
1.52152152e+01,5.80300589e+00,0.00000000e+00,3.00000000e+06,6.00000000e+02,1.50000000e-01,2.50000000e-01,6.00000000e-01,0.00000000e+00
1.53153153e+01,5.80300589e+00,0.00000000e+00,3.00000000e+06,6.00000000e+02,1.50000000e-01,2.50000000e-01,6.00000000e-01,0.00000000e+00
1.54154154e+01,5.80300589e+00,0.00000000e+00,3.00000000e+06,6.00000000e+02,1.50000000e-01,2.50000000e-01,6.00000000e-01,0.00000000e+00
1.55155155e+01,5.80300589e+00,0.00000000e+00,3.00000000e+06,6.00000000e+02,1.50000000e-01,2.50000000e-01,6.00000000e-01,0.00000000e+00
1.56156156e+01,5.80300589e+00,0.00000000e+00,3.00000000e+06,6.00000000e+02,1.50000000e-01,2.50000000e-01,6.00000000e-01,0.00000000e+00
1.57157157e+01,5.80300589e+00,0.00000000e+00,3.00000000e+06,6.00000000e+02,1.50000000e-01,2.50000000e-01,6.00000000e-01,0.00000000e+00
1.58158158e+01,5.80300589e+00,0.00000000e+00,3.00000000e+06,6.00000000e+02,1.50000000e-01,2.50000000e-01,6.00000000e-01,0.00000000e+00
1.59159159e+01,5.80300589e+00,0.00000000e+00,3.00000000e+06,6.00000000e+02,1.50000000e-01,2.50000000e-01,6.00000000e-01,0.00000000e+00
1.60160160e+01,5.80300589e+00,0.00000000e+00,3.00000000e+06,6.00000000e+02,1.50000000e-01,2.50000000e-01,6.00000000e-01,0.00000000e+00
1.61161161e+01,5.80300589e+00,0.00000000e+00,3.00000000e+06,6.00000000e+02,1.50000000e-01,2.50000000e-01,6.00000000e-01,0.00000000e+00
1.62162162e+01,5.80300589e+00,0.00000000e+00,3.00000000e+06,6.00000000e+02,1.50000000e-01,2.50000000e-01,6.00000000e-01,0.00000000e+00
1.63163163e+01,5.80300589e+00,0.00000000e+00,3.00000000e+06,6.00000000e+02,1.50000000e-01,2.50000000e-01,6.00000000e-01,0.00000000e+00
1.64164164e+01,5.80300589e+00,0.00000000e+00,3.00000000e+06,6.00000000e+02,1.50000000e-01,2.50000000e-01,6.00000000e-01,0.00000000e+00
1.65165165e+01,5.80300589e+00,0.00000000e+00,3.00000000e+06,6.00000000e+02,1.50000000e-01,2.50000000e-01,6.00000000e-01,0.00000000e+00
1.66166166e+01,5.80300589e+00,0.00000000e+00,3.00000000e+06,6.00000000e+02,1.50000000e-01,2.50000000e-01,6.00000000e-01,0.00000000e+00
1.67167167e+01,5.80300589e+00,0.00000000e+00,3.00000000e+06,6.00000000e+02,1.50000000e-01,2.50000000e-01,6.00000000e-01,0.00000000e+00
1.68168168e+01,5.80300589e+00,0.00000000e+00,3.00000000e+06,6.00000000e+02,1.50000000e-01,2.50000000e-01,6.00000000e-01,0.00000000e+00
1.69169169e+01,5.80300589e+00,0.00000000e+00,3.00000000e+06,6.00000000e+02,1.50000000e-01,2.50000000e-01,6.00000000e-01,0.00000000e+00
1.70170170e+01,5.80300589e+00,0.00000000e+00,3.00000000e+06,6.00000000e+02,1.50000000e-01,2.50000000e-01,6.00000000e-01,0.00000000e+00
1.71171171e+01,5.80300589e+00,0.00000000e+00,3.00000000e+06,6.00000000e+02,1.50000000e-01,2.50000000e-01,6.00000000e-01,0.00000000e+00
1.72172172e+01,5.80300589e+00,0.00000000e+00,3.00000000e+06,6.00000000e+02,1.50000000e-01,2.50000000e-01,6.00000000e-01,0.00000000e+00
1.73173173e+01,5.80300589e+00,0.00000000e+00,3.00000000e+06,6.00000000e+02,1.50000000e-01,2.50000000e-01,6.00000000e-01,0.00000000e+00
1.74174174e+01,5.80300589e+00,0.00000000e+00,3.00000000e+06,6.00000000e+02,1.50000000e-01,2.50000000e-01,6.00000000e-01,0.00000000e+00
1.75175175e+01,5.80300589e+00,0.00000000e+00,3.00000000e+06,6.00000000e+02,1.50000000e-01,2.50000000e-01,6.00000000e-01,0.00000000e+00
1.76176176e+01,5.80300589e+00,0.00000000e+00,3.00000000e+06,6.00000000e+02,1.50000000e-01,2.50000000e-01,6.00000000e-01,0.00000000e+00
1.77177177e+01,5.80300589e+00,0.00000000e+00,3.00000000e+06,6.00000000e+02,1.50000000e-01,2.50000000e-01,6.00000000e-01,0.00000000e+00
1.78178178e+01,5.80300589e+00,0.00000000e+00,3.00000000e+06,6.00000000e+02,1.50000000e-01,2.50000000e-01,6.00000000e-01,0.00000000e+00
1.79179179e+01,5.80300589e+00,0.00000000e+00,3.00000000e+06,6.00000000e+02,1.50000000e-01,2.50000000e-01,6.00000000e-01,0.00000000e+00
1.80180180e+01,5.80300589e+00,0.00000000e+00,3.00000000e+06,6.00000000e+02,1.50000000e-01,2.50000000e-01,6.00000000e-01,0.00000000e+00
1.81181181e+01,5.80300589e+00,0.00000000e+00,3.00000000e+06,6.00000000e+02,1.50000000e-01,2.50000000e-01,6.00000000e-01,0.00000000e+00
1.82182182e+01,5.80300589e+00,0.00000000e+00,3.00000000e+06,6.00000000e+02,1.50000000e-01,2.50000000e-01,6.00000000e-01,0.00000000e+00
1.83183183e+01,5.80300589e+00,0.00000000e+00,3.00000000e+06,6.00000000e+02,1.50000000e-01,2.50000000e-01,6.00000000e-01,0.00000000e+00
1.84184184e+01,5.80300589e+00,0.00000000e+00,3.00000000e+06,6.00000000e+02,1.50000000e-01,2.50000000e-01,6.00000000e-01,0.00000000e+00
1.85185185e+01,5.80300589e+00,0.00000000e+00,3.00000000e+06,6.00000000e+02,1.50000000e-01,2.50000000e-01,6.00000000e-01,0.00000000e+00
1.86186186e+01,5.80300589e+00,0.00000000e+00,3.00000000e+06,6.00000000e+02,1.50000000e-01,2.50000000e-01,6.00000000e-01,0.00000000e+00
1.87187187e+01,5.80300589e+00,0.00000000e+00,3.00000000e+06,6.00000000e+02,1.50000000e-01,2.50000000e-01,6.00000000e-01,0.00000000e+00
1.88188188e+01,5.80300589e+00,0.00000000e+00,3.00000000e+06,6.00000000e+02,1.50000000e-01,2.50000000e-01,6.00000000e-01,0.00000000e+00
1.89189189e+01,5.80300589e+00,0.00000000e+00,3.00000000e+06,6.00000000e+02,1.50000000e-01,2.50000000e-01,6.00000000e-01,0.00000000e+00
1.90190190e+01,5.80300589e+00,0.00000000e+00,3.00000000e+06,6.00000000e+02,1.50000000e-01,2.50000000e-01,6.00000000e-01,0.00000000e+00
1.91191191e+01,5.80300589e+00,0.00000000e+00,3.00000000e+06,6.00000000e+02,1.50000000e-01,2.50000000e-01,6.00000000e-01,0.00000000e+00
1.92192192e+01,5.80300589e+00,0.00000000e+00,3.00000000e+06,6.00000000e+02,1.50000000e-01,2.50000000e-01,6.00000000e-01,0.00000000e+00
1.93193193e+01,5.80300589e+00,0.00000000e+00,3.00000000e+06,6.00000000e+02,1.50000000e-01,2.50000000e-01,6.00000000e-01,0.00000000e+00
1.94194194e+01,5.80300589e+00,0.00000000e+00,3.00000000e+06,6.00000000e+02,1.50000000e-01,2.50000000e-01,6.00000000e-01,0.00000000e+00
1.95195195e+01,5.80300589e+00,0.00000000e+00,3.00000000e+06,6.00000000e+02,1.50000000e-01,2.50000000e-01,6.00000000e-01,0.00000000e+00
1.96196196e+01,5.80300589e+00,0.00000000e+00,3.00000000e+06,6.00000000e+02,1.50000000e-01,2.50000000e-01,6.00000000e-01,0.00000000e+00
1.97197197e+01,5.80300589e+00,0.00000000e+00,3.00000000e+06,6.00000000e+02,1.50000000e-01,2.50000000e-01,6.00000000e-01,0.00000000e+00
1.98198198e+01,5.80300589e+00,0.00000000e+00,3.00000000e+06,6.00000000e+02,1.50000000e-01,2.50000000e-01,6.00000000e-01,0.00000000e+00
1.99199199e+01,5.80300589e+00,0.00000000e+00,3.00000000e+06,6.00000000e+02,1.50000000e-01,2.50000000e-01,6.00000000e-01,0.00000000e+00
2.00200200e+01,5.80300589e+00,0.00000000e+00,3.00000000e+06,6.00000000e+02,1.50000000e-01,2.50000000e-01,6.00000000e-01,0.00000000e+00
2.01201201e+01,5.80300589e+00,0.00000000e+00,3.00000000e+06,6.00000000e+02,1.50000000e-01,2.50000000e-01,6.00000000e-01,0.00000000e+00
2.02202202e+01,5.80300589e+00,0.00000000e+00,3.00000000e+06,6.00000000e+02,1.50000000e-01,2.50000000e-01,6.00000000e-01,0.00000000e+00
2.03203203e+01,5.80300589e+00,0.00000000e+00,3.00000000e+06,6.00000000e+02,1.50000000e-01,2.50000000e-01,6.00000000e-01,0.00000000e+00
2.04204204e+01,5.80300589e+00,0.00000000e+00,3.00000000e+06,6.00000000e+02,1.50000000e-01,2.50000000e-01,6.00000000e-01,0.00000000e+00
2.05205205e+01,5.80300589e+00,0.00000000e+00,3.00000000e+06,6.00000000e+02,1.50000000e-01,2.50000000e-01,6.00000000e-01,0.00000000e+00
2.06206206e+01,5.80300589e+00,0.00000000e+00,3.00000000e+06,6.00000000e+02,1.50000000e-01,2.50000000e-01,6.00000000e-01,0.00000000e+00
2.07207207e+01,5.80300589e+00,0.00000000e+00,3.00000000e+06,6.00000000e+02,1.50000000e-01,2.50000000e-01,6.00000000e-01,0.00000000e+00
2.08208208e+01,5.80300589e+00,0.00000000e+00,3.00000000e+06,6.00000000e+02,1.50000000e-01,2.50000000e-01,6.00000000e-01,0.00000000e+00
2.09209209e+01,5.80300589e+00,0.00000000e+00,3.00000000e+06,6.00000000e+02,1.50000000e-01,2.50000000e-01,6.00000000e-01,0.00000000e+00
2.10210210e+01,5.80300589e+00,0.00000000e+00,3.00000000e+06,6.00000000e+02,1.50000000e-01,2.50000000e-01,6.00000000e-01,0.00000000e+00
2.11211211e+01,5.80300589e+00,0.00000000e+00,3.00000000e+06,6.00000000e+02,1.50000000e-01,2.50000000e-01,6.00000000e-01,0.00000000e+00
2.12212212e+01,5.80300589e+00,0.00000000e+00,3.00000000e+06,6.00000000e+02,1.50000000e-01,2.50000000e-01,6.00000000e-01,0.00000000e+00
2.13213213e+01,5.80300589e+00,0.00000000e+00,3.00000000e+06,6.00000000e+02,1.50000000e-01,2.50000000e-01,6.00000000e-01,1.31232793e-133
2.14214214e+01,5.80300589e+00,-2.08523275e-14,3.00000000e+06,6.00000000e+02,1.50000000e-01,2.50000000e-01,6.00000000e-01,2.78317167e-113
2.15215215e+01,5.80300589e+00,-1.22731706e-12,3.00000000e+06,6.00000000e+02,1.50000000e-01,2.50000000e-01,6.00000000e-01,6.55934771e-95
2.16216216e+01,5.80300589e+00,-4.16454179e-11,3.00000000e+06,6.00000000e+02,1.50000000e-01,2.50000000e-01,6.00000000e-01,3.17658233e-78
2.17217217e+01,5.80300589e+00,-1.35652220e-09,3.00000000e+06,6.00000000e+02,1.50000000e-01,2.50000000e-01,6.00000000e-01,3.43022592e-63
2.18218218e+01,5.80300589e+00,-4.40883249e-08,3.00000000e+06,6.00000000e+02,1.50000000e-01,2.50000000e-01,6.00000000e-01,8.24483860e-50
2.19219219e+01,5.80300590e+00,-1.43385106e-06,3.00000001e+06,6.00000000e+02,1.50000000e-01,2.50000000e-01,6.00000000e-01,4.34779010e-38
2.20220220e+01,5.80300620e+00,-4.66552323e-05,3.00000023e+06,6.00000014e+02,1.50000000e-01,2.50000000e-01,6.00000000e-01,6.21211254e-28
2.21221221e+01,5.80301584e+00,-1.51365633e-03,3.00000747e+06,6.00000465e+02,1.50000000e-01,2.50000000e-01,6.00000000e-01,2.20059663e-19
2.22222222e+01,5.80330680e+00,-4.87994364e-02,3.00024092e+06,6.00017069e+02,1.50000000e-01,2.50000000e-01,6.00000000e-01,1.85117329e-12
2.23223223e+01,5.81093874e+00,-1.56479337e+00,3.00774973e+06,6.00728785e+02,1.49999965e-01,2.49999722e-01,6.00000000e-01,3.12567044e-07
2.24224224e+01,5.93619696e+00,-4.65587180e+01,3.27153052e+06,6.39810189e+02,1.49879278e-01,2.49041835e-01,6.00000036e-01,1.07885063e-03
2.25225225e+01,6.40017908e+00,-3.28336422e+02,9.18982636e+06,1.73112248e+03,1.34392802e-01,1.26126070e-01,6.00004645e-01,1.39476483e-01
2.26226226e+01,6.56604408e+00,-4.49147204e+02,1.30789179e+07,2.49908158e+03,1.18682262e-01,1.43191166e-03,6.00009321e-01,2.79876505e-01
2.27227227e+01,6.57523741e+00,-4.51696494e+02,1.30860494e+07,2.49810635e+03,1.18503033e-01,9.37330406e-06,6.00009375e-01,2.81478219e-01
2.28228228e+01,6.57516663e+00,-4.51766981e+02,1.30860156e+07,2.49813396e+03,1.18501920e-01,5.46322857e-07,6.00009375e-01,2.81488158e-01
2.29229229e+01,6.57528121e+00,-4.51791998e+02,1.30863127e+07,2.49814715e+03,1.18501920e-01,5.46286514e-07,6.00009375e-01,2.81488158e-01
2.30230230e+01,6.57539123e+00,-4.51825550e+02,1.30865939e+07,2.49815904e+03,1.18501920e-01,5.46253764e-07,6.00009375e-01,2.81488158e-01
2.31231231e+01,6.57551788e+00,-4.51860995e+02,1.30869292e+07,2.49817494e+03,1.18501920e-01,5.46224033e-07,6.00009375e-01,2.81488158e-01
2.32232232e+01,6.57566069e+00,-4.51898790e+02,1.30873108e+07,2.49819352e+03,1.18501920e-01,5.46195258e-07,6.00009375e-01,2.81488158e-01
2.33233233e+01,6.57581711e+00,-4.51939679e+02,1.30877293e+07,2.49821398e+03,1.18501920e-01,5.46165101e-07,6.00009375e-01,2.81488158e-01
2.34234234e+01,6.57598664e+00,-4.51983744e+02,1.30881832e+07,2.49823620e+03,1.18501920e-01,5.46133302e-07,6.00009375e-01,2.81488158e-01
2.35235235e+01,6.57616758e+00,-4.52030754e+02,1.30886677e+07,2.49825996e+03,1.18501920e-01,5.46099785e-07,6.00009375e-01,2.81488158e-01
2.36236236e+01,6.57634576e+00,-4.52077125e+02,1.30891439e+07,2.49828316e+03,1.18501920e-01,5.46064513e-07,6.00009375e-01,2.81488158e-01
2.37237237e+01,6.57651567e+00,-4.52121422e+02,1.30895966e+07,2.49830500e+03,1.18501920e-01,5.46027457e-07,6.00009375e-01,2.81488158e-01
2.38238238e+01,6.57667650e+00,-4.52163506e+02,1.30900235e+07,2.49832540e+03,1.18501920e-01,5.45988631e-07,6.00009375e-01,2.81488159e-01
2.39239239e+01,6.57682937e+00,-4.52203538e+02,1.30904280e+07,2.49834452e+03,1.18501920e-01,5.45948104e-07,6.00009375e-01,2.81488159e-01
2.40240240e+01,6.57697618e+00,-4.52242153e+02,1.30908152e+07,2.49836264e+03,1.18501920e-01,5.45906003e-07,6.00009375e-01,2.81488159e-01
2.41241241e+01,6.57711969e+00,-4.52280062e+02,1.30911926e+07,2.49838016e+03,1.18501920e-01,5.45862526e-07,6.00009375e-01,2.81488159e-01
2.42242242e+01,6.57726251e+00,-4.52317751e+02,1.30915676e+07,2.49839747e+03,1.18501920e-01,5.45817944e-07,6.00009375e-01,2.81488159e-01
2.43243243e+01,6.57740630e+00,-4.52355761e+02,1.30919448e+07,2.49841484e+03,1.18501920e-01,5.45772589e-07,6.00009375e-01,2.81488159e-01
2.44244244e+01,6.57755645e+00,-4.52395480e+02,1.30923391e+07,2.49843305e+03,1.18501920e-01,5.45726817e-07,6.00009375e-01,2.81488159e-01
2.45245245e+01,6.57772438e+00,-4.52439798e+02,1.30927819e+07,2.49845376e+03,1.18501920e-01,5.45680979e-07,6.00009375e-01,2.81488159e-01
2.46246246e+01,6.57790857e+00,-4.52488301e+02,1.30932689e+07,2.49847673e+03,1.18501920e-01,5.45635400e-07,6.00009375e-01,2.81488159e-01
2.47247247e+01,6.57807396e+00,-4.52532156e+02,1.30937040e+07,2.49849693e+03,1.18501920e-01,5.45590364e-07,6.00009375e-01,2.81488159e-01
2.48248248e+01,6.57820841e+00,-4.52568309e+02,1.30940540e+07,2.49851265e+03,1.18501920e-01,5.45546105e-07,6.00009375e-01,2.81488159e-01
2.49249249e+01,6.57830799e+00,-4.52595825e+02,1.30943087e+07,2.49852343e+03,1.18501920e-01,5.45502799e-07,6.00009375e-01,2.81488159e-01
2.50250250e+01,6.57837440e+00,-4.52615181e+02,1.30944731e+07,2.49852958e+03,1.18501920e-01,5.45460575e-07,6.00009375e-01,2.81488159e-01
2.51251251e+01,6.57841375e+00,-4.52627845e+02,1.30945633e+07,2.49853184e+03,1.18501920e-01,5.45419530e-07,6.00009375e-01,2.81488159e-01
2.52252252e+01,6.57843444e+00,-4.52635798e+02,1.30946007e+07,2.49853112e+03,1.18501920e-01,5.45379756e-07,6.00009375e-01,2.81488159e-01
2.53253253e+01,6.57844407e+00,-4.52641047e+02,1.30946075e+07,2.49852877e+03,1.18501920e-01,5.45341349e-07,6.00009375e-01,2.81488159e-01
2.54254254e+01,6.57844729e+00,-4.52645262e+02,1.30946001e+07,2.49852612e+03,1.18501920e-01,5.45304397e-07,6.00009375e-01,2.81488159e-01
2.55255255e+01,6.57844936e+00,-4.52649229e+02,1.30945911e+07,2.49852364e+03,1.18501920e-01,5.45268938e-07,6.00009375e-01,2.81488159e-01
2.56256256e+01,6.57845585e+00,-4.52654345e+02,1.30945944e+07,2.49852180e+03,1.18501920e-01,5.45234898e-07,6.00009375e-01,2.81488159e-01
2.57257257e+01,6.57847761e+00,-4.52663319e+02,1.30946394e+07,2.49852211e+03,1.18501920e-01,5.45202034e-07,6.00009375e-01,2.81488159e-01
2.58258258e+01,6.57853278e+00,-4.52680664e+02,1.30947760e+07,2.49852723e+03,1.18501920e-01,5.45169917e-07,6.00009375e-01,2.81488159e-01
2.59259259e+01,6.57864684e+00,-4.52712866e+02,1.30950749e+07,2.49854094e+03,1.18501920e-01,5.45137979e-07,6.00009375e-01,2.81488159e-01
2.60260260e+01,6.57885178e+00,-4.52767959e+02,1.30956240e+07,2.49856786e+03,1.18501920e-01,5.45105573e-07,6.00009375e-01,2.81488159e-01
2.61261261e+01,6.57915627e+00,-4.52848103e+02,1.30964469e+07,2.49860923e+03,1.18501920e-01,5.45072017e-07,6.00009375e-01,2.81488160e-01
2.62262262e+01,6.57942825e+00,-4.52920014e+02,1.30971808e+07,2.49864596e+03,1.18501920e-01,5.45036637e-07,6.00009375e-01,2.81488160e-01
2.63263263e+01,6.57962631e+00,-4.52973236e+02,1.30977121e+07,2.49867210e+03,1.18501920e-01,5.44998849e-07,6.00009375e-01,2.81488160e-01
2.64264264e+01,6.57975298e+00,-4.53008302e+02,1.30980465e+07,2.49868778e+03,1.18501920e-01,5.44958292e-07,6.00009375e-01,2.81488160e-01
2.65265265e+01,6.57982054e+00,-4.53028006e+02,1.30982146e+07,2.49869419e+03,1.18501920e-01,5.44914951e-07,6.00009375e-01,2.81488160e-01
2.66266266e+01,6.57984543e+00,-4.53036739e+02,1.30982644e+07,2.49869425e+03,1.18501920e-01,5.44869215e-07,6.00009375e-01,2.81488160e-01
2.67267267e+01,6.57984177e+00,-4.53039311e+02,1.30982395e+07,2.49869089e+03,1.18501920e-01,5.44821871e-07,6.00009375e-01,2.81488160e-01
2.68268268e+01,6.57980585e+00,-4.53032136e+02,1.30981248e+07,2.49868264e+03,1.18501920e-01,5.44774053e-07,6.00009375e-01,2.81488160e-01
2.69269269e+01,6.57969211e+00,-4.53005903e+02,1.30977938e+07,2.49866269e+03,1.18501920e-01,5.44727143e-07,6.00009375e-01,2.81488160e-01
2.70270270e+01,6.57946130e+00,-4.52950079e+02,1.30971403e+07,2.49862567e+03,1.18501920e-01,5.44682648e-07,6.00009375e-01,2.81488160e-01
2.71271271e+01,6.57908472e+00,-4.52857465e+02,1.30960859e+07,2.49856753e+03,1.18501920e-01,5.44642078e-07,6.00009375e-01,2.81488160e-01
2.72272272e+01,6.57855907e+00,-4.52727252e+02,1.30946219e+07,2.49848785e+03,1.18501920e-01,5.44606836e-07,6.00009375e-01,2.81488160e-01
2.73273273e+01,6.57801469e+00,-4.52592303e+02,1.30931076e+07,2.49840565e+03,1.18501920e-01,5.44578122e-07,6.00009375e-01,2.81488160e-01
2.74274274e+01,6.57753022e+00,-4.52472392e+02,1.30917602e+07,2.49833253e+03,1.18501920e-01,5.44556843e-07,6.00009375e-01,2.81488160e-01
2.75275275e+01,6.57708859e+00,-4.52363211e+02,1.30905334e+07,2.49826616e+03,1.18501920e-01,5.44543515e-07,6.00009375e-01,2.81488160e-01
2.76276276e+01,6.57667354e+00,-4.52260786e+02,1.30893833e+07,2.49820433e+03,1.18501920e-01,5.44538182e-07,6.00009375e-01,2.81488160e-01
2.77277277e+01,6.57627132e+00,-4.52161903e+02,1.30882730e+07,2.49814520e+03,1.18501920e-01,5.44540371e-07,6.00009375e-01,2.81488160e-01
2.78278278e+01,6.57587239e+00,-4.52064267e+02,1.30871760e+07,2.49808736e+03,1.18501920e-01,5.44549106e-07,6.00009375e-01,2.81488160e-01
2.79279279e+01,6.57547226e+00,-4.51966598e+02,1.30860787e+07,2.49802990e+03,1.18501920e-01,5.44562981e-07,6.00009375e-01,2.81488160e-01
2.80280280e+01,6.57506204e+00,-4.51866610e+02,1.30849562e+07,2.49797147e+03,1.18501920e-01,5.44580298e-07,6.00009375e-01,2.81488160e-01
2.81281281e+01,6.57462134e+00,-4.51759134e+02,1.30837523e+07,2.49790907e+03,1.18501920e-01,5.44599229e-07,6.00009375e-01,2.81488160e-01
2.82282282e+01,6.57411638e+00,-4.51635632e+02,1.30823735e+07,2.49783767e+03,1.18501920e-01,5.44617981e-07,6.00009375e-01,2.81488160e-01
2.83283283e+01,6.57349744e+00,-4.51483530e+02,1.30806822e+07,2.49774991e+03,1.18501920e-01,5.44634909e-07,6.00009375e-01,2.81488160e-01
2.84284284e+01,6.57269595e+00,-4.51285505e+02,1.30784894e+07,2.49763573e+03,1.18501920e-01,5.44648560e-07,6.00009375e-01,2.81488160e-01
2.85285285e+01,6.57164934e+00,-4.51025729e+02,1.30756227e+07,2.49748595e+03,1.18501920e-01,5.44657646e-07,6.00009375e-01,2.81488160e-01
2.86286286e+01,6.57064142e+00,-4.50775644e+02,1.30728602e+07,2.49734134e+03,1.18501920e-01,5.44660965e-07,6.00009375e-01,2.81488160e-01
2.87287287e+01,6.56983862e+00,-4.50577362e+02,1.30706591e+07,2.49722597e+03,1.18501920e-01,5.44657312e-07,6.00009375e-01,2.81488160e-01
2.88288288e+01,6.56926706e+00,-4.50437590e+02,1.30690917e+07,2.49714375e+03,1.18501920e-01,5.44645434e-07,6.00009375e-01,2.81488160e-01
2.89289289e+01,6.56891910e+00,-4.50354338e+02,1.30681350e+07,2.49709322e+03,1.18501920e-01,5.44624062e-07,6.00009375e-01,2.81488160e-01
2.90290290e+01,6.56875680e+00,-4.50317671e+02,1.30676810e+07,2.49706816e+03,1.18501920e-01,5.44592014e-07,6.00009375e-01,2.81488160e-01
2.91291291e+01,6.56871232e+00,-4.50311517e+02,1.30675474e+07,2.49705954e+03,1.18501920e-01,5.44548381e-07,6.00009375e-01,2.81488160e-01
2.92292292e+01,6.56876434e+00,-4.50328778e+02,1.30676770e+07,2.49706453e+03,1.18501920e-01,5.44492734e-07,6.00009375e-01,2.81488160e-01
2.93293293e+01,6.56906664e+00,-4.50409025e+02,1.30684892e+07,2.49710481e+03,1.18501920e-01,5.44425344e-07,6.00009375e-01,2.81488160e-01
2.94294294e+01,6.56984011e+00,-4.50607431e+02,1.30705900e+07,2.49721220e+03,1.18501920e-01,5.44347350e-07,6.00009375e-01,2.81488160e-01
2.95295295e+01,6.57134290e+00,-4.50989419e+02,1.30746892e+07,2.49742411e+03,1.18501920e-01,5.44260813e-07,6.00009375e-01,2.81488160e-01
2.96296296e+01,6.57387385e+00,-4.51630026e+02,1.30816088e+07,2.49778382e+03,1.18501920e-01,5.44168636e-07,6.00009375e-01,2.81488161e-01
2.97297297e+01,6.57775599e+00,-4.52610416e+02,1.30922384e+07,2.49833805e+03,1.18501920e-01,5.44074346e-07,6.00009375e-01,2.81488161e-01
2.98298298e+01,6.58329626e+00,-4.54007392e+02,1.31074245e+07,2.49913100e+03,1.18501920e-01,5.43981793e-07,6.00009375e-01,2.81488161e-01
2.99299299e+01,6.59069045e+00,-4.55868969e+02,1.31277069e+07,2.50018999e+03,1.18501920e-01,5.43894831e-07,6.00009375e-01,2.81488161e-01
3.00300300e+01,6.59864203e+00,-4.57868223e+02,1.31495299e+07,2.50132841e+03,1.18501920e-01,5.43817048e-07,6.00009375e-01,2.81488161e-01
3.01301301e+01,6.60572293e+00,-4.59646439e+02,1.31689690e+07,2.50234091e+03,1.18501920e-01,5.43751546e-07,6.00009375e-01,2.81488161e-01
3.02302302e+01,6.61205980e+00,-4.61235856e+02,1.31863697e+07,2.50324600e+03,1.18501920e-01,5.43700783e-07,6.00009375e-01,2.81488161e-01
3.03303303e+01,6.61787765e+00,-4.62693486e+02,1.32023516e+07,2.50407664e+03,1.18501920e-01,5.43666535e-07,6.00009375e-01,2.81488161e-01
3.04304304e+01,6.62340369e+00,-4.64076956e+02,1.32175442e+07,2.50486660e+03,1.18501920e-01,5.43649921e-07,6.00009375e-01,2.81488161e-01
3.05305305e+01,6.62881980e+00,-4.65432231e+02,1.32324516e+07,2.50564278e+03,1.18501920e-01,5.43651443e-07,6.00009375e-01,2.81488161e-01
3.06306306e+01,6.63423374e+00,-4.66785776e+02,1.32473647e+07,2.50641961e+03,1.18501920e-01,5.43671051e-07,6.00009375e-01,2.81488161e-01
3.07307307e+01,6.63984099e+00,-4.68186746e+02,1.32628232e+07,2.50722527e+03,1.18501920e-01,5.43708209e-07,6.00009375e-01,2.81488161e-01
3.08308308e+01,6.64609372e+00,-4.69748279e+02,1.32800772e+07,2.50812509e+03,1.18501920e-01,5.43761976e-07,6.00009375e-01,2.81488161e-01
3.09309309e+01,6.65375094e+00,-4.71659682e+02,1.33012231e+07,2.50922782e+03,1.18501920e-01,5.43831093e-07,6.00009375e-01,2.81488161e-01
3.10310310e+01,6.66392299e+00,-4.74197057e+02,1.33293317e+07,2.51069213e+03,1.18501920e-01,5.43914088e-07,6.00009375e-01,2.81488161e-01
3.11311311e+01,6.67811202e+00,-4.77731265e+02,1.33685536e+07,2.51272972e+03,1.18501920e-01,5.44009371e-07,6.00009375e-01,2.81488161e-01
3.12312312e+01,6.69527148e+00,-4.81997869e+02,1.34160321e+07,2.51519089e+03,1.18501920e-01,5.44115264e-07,6.00009375e-01,2.81488161e-01
3.13313313e+01,6.70980062e+00,-4.85605121e+02,1.34562897e+07,2.51727562e+03,1.18501920e-01,5.44229957e-07,6.00009375e-01,2.81488160e-01
3.14314314e+01,6.72064803e+00,-4.88295903e+02,1.34863857e+07,2.51883362e+03,1.18501920e-01,5.44351643e-07,6.00009375e-01,2.81488160e-01
3.15315315e+01,6.72783909e+00,-4.90079338e+02,1.35063665e+07,2.51986915e+03,1.18501920e-01,5.44478545e-07,6.00009375e-01,2.81488160e-01
3.16316316e+01,6.73185852e+00,-4.91078573e+02,1.35175708e+07,2.52045373e+03,1.18501920e-01,5.44608931e-07,6.00009375e-01,2.81488160e-01
3.17317317e+01,6.73351061e+00,-4.91493536e+02,1.35222265e+07,2.52070320e+03,1.18501920e-01,5.44741117e-07,6.00009375e-01,2.81488160e-01
3.18318318e+01,6.73379515e+00,-4.91569212e+02,1.35230742e+07,2.52075469e+03,1.18501920e-01,5.44873453e-07,6.00009375e-01,2.81488160e-01
3.19319319e+01,6.73282131e+00,-4.91333425e+02,1.35204299e+07,2.52062633e+03,1.18501920e-01,5.45004312e-07,6.00009375e-01,2.81488160e-01
3.20320320e+01,6.72866517e+00,-4.90311265e+02,1.35089738e+07,2.52004617e+03,1.18501920e-01,5.45132055e-07,6.00009375e-01,2.81488159e-01
3.21321321e+01,6.71927105e+00,-4.87992716e+02,1.34830190e+07,2.51872087e+03,1.18501920e-01,5.45255105e-07,6.00009375e-01,2.81488159e-01
3.22322322e+01,6.70292021e+00,-4.83947440e+02,1.34378358e+07,2.51640382e+03,1.18501920e-01,5.45372025e-07,6.00009375e-01,2.81488159e-01
3.23323323e+01,6.67844770e+00,-4.77875767e+02,1.33702607e+07,2.51292427e+03,1.18501920e-01,5.45481642e-07,6.00009375e-01,2.81488159e-01
3.24324324e+01,6.64537872e+00,-4.69641164e+02,1.32790767e+07,2.50820598e+03,1.18501920e-01,5.45583159e-07,6.00009375e-01,2.81488159e-01
3.25325325e+01,6.60391795e+00,-4.59267843e+02,1.31649691e+07,2.50226459e+03,1.18501920e-01,5.45676265e-07,6.00009375e-01,2.81488159e-01
3.26326326e+01,6.55476468e+00,-4.46889284e+02,1.30299068e+07,2.49516494e+03,1.18501920e-01,5.45761203e-07,6.00009375e-01,2.81488159e-01
3.27327327e+01,6.50037977e+00,-4.33090820e+02,1.28807977e+07,2.48724797e+03,1.18501920e-01,5.45838822e-07,6.00009375e-01,2.81488159e-01
3.28328328e+01,6.44743903e+00,-4.19575716e+02,1.27362068e+07,2.47952170e+03,1.18501920e-01,5.45910598e-07,6.00009375e-01,2.81488159e-01
3.29329329e+01,6.39681033e+00,-4.06580734e+02,1.25984293e+07,2.47211111e+03,1.18501920e-01,5.45978489e-07,6.00009375e-01,2.81488159e-01
3.30330330e+01,6.34839053e+00,-3.94075603e+02,1.24670461e+07,2.46498900e+03,1.18501920e-01,5.46044854e-07,6.00009375e-01,2.81488158e-01
3.31331331e+01,6.30215071e+00,-3.82062446e+02,1.23419317e+07,2.45815583e+03,1.18501920e-01,5.46112332e-07,6.00009375e-01,2.81488158e-01
3.32332332e+01,6.25814859e+00,-3.70565709e+02,1.22231951e+07,2.45162437e+03,1.18501920e-01,5.46183703e-07,6.00009375e-01,2.81488158e-01
3.33333333e+01,6.21650368e+00,-3.59626441e+02,1.21111135e+07,2.44541705e+03,1.18501920e-01,5.46261721e-07,6.00009375e-01,2.81488158e-01
3.34334334e+01,6.17737874e+00,-3.49296794e+02,1.20060789e+07,2.43956289e+03,1.18501920e-01,5.46348971e-07,6.00009375e-01,2.81488158e-01
3.35335335e+01,6.14095765e+00,-3.39635309e+02,1.19085369e+07,2.43409408e+03,1.18501920e-01,5.46447740e-07,6.00009375e-01,2.81488158e-01
3.36336336e+01,6.10742533e+00,-3.30700954e+02,1.18189339e+07,2.42904295e+03,1.18501920e-01,5.46559916e-07,6.00009375e-01,2.81488158e-01
3.37337337e+01,6.07694615e+00,-3.22547081e+02,1.17376606e+07,2.42443875e+03,1.18501920e-01,5.46686936e-07,6.00009375e-01,2.81488158e-01
3.38338338e+01,6.04964086e+00,-3.15215954e+02,1.16649926e+07,2.42030407e+03,1.18501920e-01,5.46829749e-07,6.00009375e-01,2.81488158e-01
3.39339339e+01,6.02556968e+00,-3.08732965e+02,1.16010471e+07,2.41665209e+03,1.18501921e-01,5.46988820e-07,6.00009375e-01,2.81488157e-01
3.40340340e+01,6.00471955e+00,-3.03102364e+02,1.15457506e+07,2.41348441e+03,1.18501921e-01,5.47164143e-07,6.00009375e-01,2.81488157e-01
3.41341341e+01,5.98699568e+00,-2.98305675e+02,1.14988183e+07,2.41078966e+03,1.18501921e-01,5.47355267e-07,6.00009375e-01,2.81488157e-01
3.42342342e+01,5.97222429e+00,-2.94301676e+02,1.14597623e+07,2.40854383e+03,1.18501921e-01,5.47561332e-07,6.00009375e-01,2.81488157e-01
3.43343343e+01,5.96016465e+00,-2.91028540e+02,1.14279237e+07,2.40671204e+03,1.18501921e-01,5.47781096e-07,6.00009375e-01,2.81488156e-01
3.44344344e+01,5.95052070e+00,-2.88409905e+02,1.14025033e+07,2.40525038e+03,1.18501921e-01,5.48012969e-07,6.00009375e-01,2.81488156e-01
3.45345345e+01,5.94296877e+00,-2.86359014e+02,1.13826335e+07,2.40411013e+03,1.18501921e-01,5.48255039e-07,6.00009375e-01,2.81488156e-01
3.46346346e+01,5.93717487e+00,-2.84786242e+02,1.13674231e+07,2.40324054e+03,1.18501921e-01,5.48505093e-07,6.00009375e-01,2.81488156e-01
3.47347347e+01,5.93281643e+00,-2.83604341e+02,1.13560142e+07,2.40259224e+03,1.18501921e-01,5.48760642e-07,6.00009375e-01,2.81488155e-01
3.48348348e+01,5.92959788e+00,-2.82732999e+02,1.13476216e+07,2.40211978e+03,1.18501921e-01,5.49018948e-07,6.00009375e-01,2.81488155e-01
3.49349349e+01,5.92726157e+00,-2.82101609e+02,1.13415620e+07,2.40178337e+03,1.18501921e-01,5.49277058e-07,6.00009375e-01,2.81488155e-01
3.50350350e+01,5.92559070e+00,-2.81651214e+02,1.13372603e+07,2.40154938e+03,1.18501921e-01,5.49531838e-07,6.00009375e-01,2.81488155e-01
3.51351351e+01,5.92441068e+00,-2.81334200e+02,1.13342531e+07,2.40139060e+03,1.18501921e-01,5.49780008e-07,6.00009375e-01,2.81488154e-01
3.52352352e+01,5.92358797e+00,-2.81112776e+02,1.13321864e+07,2.40128618e+03,1.18501921e-01,5.50018170e-07,6.00009375e-01,2.81488154e-01
3.53353353e+01,5.92301625e+00,-2.80959842e+02,1.13307783e+07,2.40121957e+03,1.18501921e-01,5.50242816e-07,6.00009375e-01,2.81488154e-01
3.54354354e+01,5.92262559e+00,-2.80853163e+02,1.13298436e+07,2.40117986e+03,1.18501921e-01,5.50450315e-07,6.00009375e-01,2.81488153e-01
3.55355355e+01,5.92235269e+00,-2.80780292e+02,1.13292148e+07,2.40115723e+03,1.18501921e-01,5.50636858e-07,6.00009375e-01,2.81488153e-01
3.56356356e+01,5.92217243e+00,-2.80726996e+02,1.13288264e+07,2.40114799e+03,1.18501921e-01,5.50798363e-07,6.00009375e-01,2.81488153e-01
3.57357357e+01,5.92203696e+00,-2.80691653e+02,1.13285537e+07,2.40114512e+03,1.18501921e-01,5.50930343e-07,6.00009375e-01,2.81488153e-01
3.58358358e+01,5.92195662e+00,-2.80661399e+02,1.13284244e+07,2.40115030e+03,1.18501921e-01,5.51027724e-07,6.00009375e-01,2.81488153e-01
3.59359359e+01,5.92188234e+00,-2.80642903e+02,1.13283072e+07,2.40115556e+03,1.18501921e-01,5.51084648e-07,6.00009375e-01,2.81488153e-01
3.60360360e+01,5.92184440e+00,-2.80622866e+02,1.13282802e+07,2.40116522e+03,1.18501921e-01,5.51094254e-07,6.00009375e-01,2.81488153e-01
3.61361361e+01,5.92180915e+00,-2.80607411e+02,1.13282329e+07,2.40116950e+03,1.18501921e-01,5.51048473e-07,6.00009375e-01,2.81488153e-01
3.62362362e+01,5.92179368e+00,-2.80591713e+02,1.13282046e+07,2.40116977e+03,1.18501921e-01,5.50937848e-07,6.00009375e-01,2.81488153e-01
3.63363363e+01,5.92178931e+00,-2.80575492e+02,1.13281816e+07,2.40116666e+03,1.18501921e-01,5.50751381e-07,6.00009375e-01,2.81488153e-01
3.64364364e+01,5.92178884e+00,-2.80558590e+02,1.13281502e+07,2.40116019e+03,1.18501921e-01,5.50476460e-07,6.00009375e-01,2.81488153e-01
3.65365365e+01,5.92178920e+00,-2.80539411e+02,1.13280945e+07,2.40114825e+03,1.18501921e-01,5.50098834e-07,6.00009375e-01,2.81488154e-01
3.66366366e+01,5.92178996e+00,-2.80515910e+02,1.13280007e+07,2.40112805e+03,1.18501921e-01,5.49602746e-07,6.00009375e-01,2.81488154e-01
3.67367367e+01,5.92178367e+00,-2.80485186e+02,1.13278417e+07,2.40109690e+03,1.18501921e-01,5.48971197e-07,6.00009375e-01,2.81488155e-01
3.68368368e+01,5.92175536e+00,-2.80442582e+02,1.13275687e+07,2.40105053e+03,1.18501921e-01,5.48186502e-07,6.00009375e-01,2.81488156e-01
3.69369369e+01,5.92168007e+00,-2.80380617e+02,1.13271077e+07,2.40098332e+03,1.18501921e-01,5.47231109e-07,6.00009375e-01,2.81488157e-01
3.70370370e+01,5.92150935e+00,-2.80285048e+02,1.13263229e+07,2.40088620e+03,1.18501920e-01,5.46088832e-07,6.00009375e-01,2.81488158e-01
3.71371371e+01,5.92116159e+00,-2.80132390e+02,1.13249899e+07,2.40074463e+03,1.18501920e-01,5.44746414e-07,6.00009375e-01,2.81488160e-01
3.72372372e+01,5.92050556e+00,-2.79886172e+02,1.13227562e+07,2.40053708e+03,1.18501920e-01,5.43195469e-07,6.00009375e-01,2.81488162e-01
3.73373373e+01,5.91935710e+00,-2.79496093e+02,1.13191355e+07,2.40023505e+03,1.18501920e-01,5.41434590e-07,6.00009375e-01,2.81488164e-01
3.74374374e+01,5.91748169e+00,-2.78898367e+02,1.13135140e+07,2.39980333e+03,1.18501920e-01,5.39471530e-07,6.00009375e-01,2.81488166e-01
3.75375375e+01,5.91458959e+00,-2.78014253e+02,1.13051382e+07,2.39919925e+03,1.18501919e-01,5.37325124e-07,6.00009375e-01,2.81488168e-01
3.76376376e+01,5.91032037e+00,-2.76745836e+02,1.12930737e+07,2.39837006e+03,1.18501919e-01,5.35026756e-07,6.00009375e-01,2.81488171e-01
3.77377377e+01,5.90423732e+00,-2.74974135e+02,1.12761891e+07,2.39725151e+03,1.18501919e-01,5.32621053e-07,6.00009375e-01,2.81488174e-01
3.78378378e+01,5.89586325e+00,-2.72568293e+02,1.12532493e+07,2.39577261e+03,1.18501918e-01,5.30165590e-07,6.00009375e-01,2.81488176e-01
3.79379379e+01,5.88472848e+00,-2.69397979e+02,1.12230407e+07,2.39386231e+03,1.18501918e-01,5.27729424e-07,6.00009375e-01,2.81488179e-01
3.80380380e+01,5.87039683e+00,-2.65339950e+02,1.11844393e+07,2.39145282e+03,1.18501918e-01,5.25390486e-07,6.00009375e-01,2.81488182e-01
3.81381381e+01,5.85249760e+00,-2.60286520e+02,1.11364967e+07,2.38848439e+03,1.18501918e-01,5.23231903e-07,6.00009375e-01,2.81488184e-01
3.82382382e+01,5.83081915e+00,-2.54171490e+02,1.10786892e+07,2.38492029e+03,1.18501917e-01,5.21337540e-07,6.00009375e-01,2.81488186e-01
3.83383383e+01,5.80536169e+00,-2.46985574e+02,1.10110612e+07,2.38075637e+03,1.18501917e-01,5.19787259e-07,6.00009375e-01,2.81488188e-01
3.84384384e+01,5.77626023e+00,-2.38756216e+02,1.09340255e+07,2.37601069e+03,1.18501917e-01,5.18652770e-07,6.00009375e-01,2.81488189e-01
3.85385385e+01,5.74373534e+00,-2.29534815e+02,1.08482342e+07,2.37071687e+03,1.18501917e-01,5.17994935e-07,6.00009375e-01,2.81488190e-01
3.86386386e+01,5.70814748e+00,-2.19412792e+02,1.07547160e+07,2.36493288e+03,1.18501917e-01,5.17863631e-07,6.00009375e-01,2.81488190e-01
3.87387387e+01,5.66997466e+00,-2.08516270e+02,1.06548086e+07,2.35873741e+03,1.18501917e-01,5.18301253e-07,6.00009375e-01,2.81488190e-01
3.88388388e+01,5.62965213e+00,-1.96961097e+02,1.05497317e+07,2.35220363e+03,1.18501917e-01,5.19350391e-07,6.00009375e-01,2.81488188e-01
3.89389389e+01,5.58744733e+00,-1.84815037e+02,1.04402450e+07,2.34537508e+03,1.18501917e-01,5.21065205e-07,6.00009375e-01,2.81488187e-01
3.90390390e+01,5.54355178e+00,-1.72109791e+02,1.03267713e+07,2.33825305e+03,1.18501918e-01,5.23524793e-07,6.00009375e-01,2.81488184e-01
3.91391391e+01,5.49882145e+00,-1.59088886e+02,1.02116582e+07,2.33099697e+03,1.18501918e-01,5.26845912e-07,6.00009375e-01,2.81488180e-01
3.92392392e+01,5.45420166e+00,-1.46055363e+02,1.00975129e+07,2.32379753e+03,1.18501919e-01,5.31190287e-07,6.00009375e-01,2.81488175e-01
3.93393393e+01,5.40977144e+00,-1.33018601e+02,9.98443663e+06,2.31664616e+03,1.18501919e-01,5.36759343e-07,6.00009375e-01,2.81488169e-01
3.94394394e+01,5.36558368e+00,-1.19978878e+02,9.87244386e+06,2.30952547e+03,1.18501920e-01,5.43773386e-07,6.00009375e-01,2.81488161e-01
3.95395395e+01,5.32166427e+00,-1.06935756e+02,9.76151790e+06,2.30242206e+03,1.18501921e-01,5.52432160e-07,6.00009375e-01,2.81488151e-01
3.96396396e+01,5.27804922e+00,-9.38863412e+01,9.65164500e+06,2.29531850e+03,1.18501923e-01,5.62859216e-07,6.00009375e-01,2.81488140e-01
3.97397397e+01,5.23476007e+00,-8.08314185e+01,9.54278097e+06,2.28819602e+03,1.18501924e-01,5.75038302e-07,6.00009375e-01,2.81488126e-01
3.98398398e+01,5.19183180e+00,-6.77648970e+01,9.43494967e+06,2.28104589e+03,1.18501926e-01,5.88756935e-07,6.00009375e-01,2.81488110e-01
3.99399399e+01,5.14923696e+00,-5.46957810e+01,9.32806496e+06,2.27386005e+03,1.18501928e-01,6.03574970e-07,6.00009375e-01,2.81488094e-01
4.00400400e+01,5.10701540e+00,-4.16094748e+01,9.22225161e+06,2.26665198e+03,1.18501930e-01,6.18839334e-07,6.00009375e-01,2.81488076e-01
4.01401401e+01,5.06507101e+00,-2.85310319e+01,9.11732422e+06,2.25941966e+03,1.18501931e-01,6.33753830e-07,6.00009375e-01,2.81488060e-01
4.02402402e+01,5.02347974e+00,-1.54312741e+01,9.01354141e+06,2.25219424e+03,1.18501933e-01,6.47510023e-07,6.00009375e-01,2.81488044e-01
4.03403403e+01,4.98210195e+00,-2.34627817e+00,8.91063184e+06,2.24497200e+03,1.18501935e-01,6.59456832e-07,6.00009375e-01,2.81488031e-01
4.04404404e+01,4.94098337e+00,1.07490663e+01,8.80879474e+06,2.23778385e+03,1.18501936e-01,6.69307466e-07,6.00009375e-01,2.81488020e-01
4.05405405e+01,4.90008688e+00,2.38604199e+01,8.70804651e+06,2.23065290e+03,1.18501937e-01,6.77133780e-07,6.00009375e-01,2.81488011e-01
4.06406406e+01,4.85917487e+00,3.69268560e+01,8.60787180e+06,2.22355716e+03,1.18501938e-01,6.83598097e-07,6.00009375e-01,2.81488004e-01
4.07407407e+01,4.81879160e+00,5.01009776e+01,8.50938100e+06,2.21653636e+03,1.18501939e-01,6.89837878e-07,6.00009375e-01,2.81487997e-01
4.08408408e+01,4.77811384e+00,6.31445934e+01,8.41068705e+06,2.20947970e+03,1.18501939e-01,6.97233312e-07,6.00009375e-01,2.81487988e-01
4.09409409e+01,4.73815963e+00,7.63677322e+01,8.31407722e+06,2.20251765e+03,1.18501941e-01,7.07101360e-07,6.00009375e-01,2.81487977e-01
4.10410410e+01,4.69800968e+00,8.94627833e+01,8.21721926e+06,2.19546238e+03,1.18501942e-01,7.20415759e-07,6.00009375e-01,2.81487962e-01
4.11411411e+01,4.65839695e+00,1.02676132e+02,8.12205140e+06,2.18848850e+03,1.18501945e-01,7.37560439e-07,6.00009375e-01,2.81487943e-01
4.12412412e+01,4.61896014e+00,1.15838607e+02,8.02734696e+06,2.18143786e+03,1.18501947e-01,7.58265781e-07,6.00009375e-01,2.81487919e-01
4.13413413e+01,4.57987260e+00,1.29016534e+02,7.93359363e+06,2.17436063e+03,1.18501950e-01,7.81610810e-07,6.00009375e-01,2.81487893e-01
4.14414414e+01,4.54123424e+00,1.42253390e+02,7.84104508e+06,2.16728021e+03,1.18501953e-01,8.06198695e-07,6.00009375e-01,2.81487866e-01
4.15415415e+01,4.50255992e+00,1.55405777e+02,7.74859236e+06,2.16012224e+03,1.18501956e-01,8.30363903e-07,6.00009375e-01,2.81487838e-01
4.16416416e+01,4.46459124e+00,1.68721397e+02,7.65785230e+06,2.15298148e+03,1.18501959e-01,8.52408607e-07,6.00009375e-01,2.81487813e-01
4.17417417e+01,4.42642596e+00,1.81943279e+02,7.56682234e+06,2.14573133e+03,1.18501961e-01,8.70886002e-07,6.00009375e-01,2.81487793e-01
4.18418418e+01,4.38869544e+00,1.95284641e+02,7.47714879e+06,2.13853118e+03,1.18501963e-01,8.84750283e-07,6.00009375e-01,2.81487777e-01
4.19419419e+01,4.35112467e+00,2.08615947e+02,7.38799742e+06,2.13127855e+03,1.18501964e-01,8.93522726e-07,6.00009375e-01,2.81487767e-01
4.20420420e+01,4.31376538e+00,2.21951906e+02,7.29955777e+06,2.12400256e+03,1.18501965e-01,8.97264670e-07,6.00009375e-01,2.81487763e-01
4.21421421e+01,4.27682935e+00,2.35345294e+02,7.21219335e+06,2.11670554e+03,1.18501965e-01,8.96498581e-07,6.00009375e-01,2.81487764e-01
4.22422422e+01,4.23999915e+00,2.48686548e+02,7.12512799e+06,2.10931726e+03,1.18501964e-01,8.92042425e-07,6.00009375e-01,2.81487769e-01
4.23423423e+01,4.20370600e+00,2.62144159e+02,7.03935633e+06,2.10191729e+03,1.18501963e-01,8.84828947e-07,6.00009375e-01,2.81487777e-01
4.24424424e+01,4.16753943e+00,2.75589955e+02,6.95394481e+06,2.09443328e+03,1.18501962e-01,8.75755061e-07,6.00009375e-01,2.81487787e-01
4.25425425e+01,4.13143738e+00,2.89010690e+02,6.86876222e+06,2.08685521e+03,1.18501961e-01,8.65584159e-07,6.00009375e-01,2.81487799e-01
4.26426426e+01,4.09587692e+00,3.02581991e+02,6.78491228e+06,2.07927701e+03,1.18501959e-01,8.54903807e-07,6.00009375e-01,2.81487811e-01
4.27427427e+01,4.06057261e+00,3.16190065e+02,6.70177052e+06,2.07165430e+03,1.18501958e-01,8.44129363e-07,6.00009375e-01,2.81487823e-01
4.28428428e+01,4.02504074e+00,3.29679611e+02,6.61841789e+06,2.06394880e+03,1.18501957e-01,8.33542495e-07,6.00009375e-01,2.81487835e-01
4.29429429e+01,3.98979598e+00,3.43229743e+02,6.53619999e+06,2.05631508e+03,1.18501955e-01,8.23340911e-07,6.00009375e-01,2.81487846e-01
4.30430430e+01,3.95519560e+00,3.56950451e+02,6.45573516e+06,2.04876788e+03,1.18501954e-01,8.13677634e-07,6.00009375e-01,2.81487857e-01
4.31431431e+01,3.92037969e+00,3.70602352e+02,6.37539173e+06,2.04123855e+03,1.18501953e-01,8.04692218e-07,6.00009375e-01,2.81487867e-01
4.32432432e+01,3.88466311e+00,3.84099813e+02,6.29458000e+06,2.03389447e+03,1.18501952e-01,7.96533953e-07,6.00009375e-01,2.81487876e-01
4.33433433e+01,3.84888283e+00,3.97770882e+02,6.21534057e+06,2.02696039e+03,1.18501951e-01,7.89363045e-07,6.00009375e-01,2.81487884e-01
4.34434434e+01,3.81342715e+00,4.11654905e+02,6.13785627e+06,2.02030194e+03,1.18501950e-01,7.83337679e-07,6.00009375e-01,2.81487891e-01
4.35435435e+01,3.77715573e+00,4.25487724e+02,6.06030669e+06,2.01393169e+03,1.18501950e-01,7.78597598e-07,6.00009375e-01,2.81487897e-01
4.36436436e+01,3.73858973e+00,4.39045494e+02,5.98141073e+06,2.00821793e+03,1.18501949e-01,7.75241825e-07,6.00009375e-01,2.81487900e-01
4.37437437e+01,3.69910093e+00,4.52812581e+02,5.90478084e+06,2.00365353e+03,1.18501949e-01,7.73300876e-07,6.00009375e-01,2.81487903e-01
4.38438438e+01,3.65987232e+00,4.66885551e+02,5.83138060e+06,1.99995616e+03,1.18501949e-01,7.72711432e-07,6.00009375e-01,2.81487903e-01
4.39439439e+01,3.61866773e+00,4.80812635e+02,5.75748255e+06,1.99709602e+03,1.18501949e-01,7.73306497e-07,6.00009375e-01,2.81487903e-01
4.40440440e+01,3.57284845e+00,4.94208444e+02,5.68110126e+06,1.99587325e+03,1.18501949e-01,7.74816039e-07,6.00009375e-01,2.81487901e-01
4.41441441e+01,3.52485906e+00,5.08132930e+02,5.60823287e+06,1.99709767e+03,1.18501949e-01,7.76877751e-07,6.00009375e-01,2.81487899e-01
4.42442442e+01,3.47615644e+00,5.22436532e+02,5.53917220e+06,2.00014083e+03,1.18501950e-01,7.79063817e-07,6.00009375e-01,2.81487896e-01
4.43443443e+01,3.42269305e+00,5.36459892e+02,5.46807045e+06,2.00530839e+03,1.18501950e-01,7.80914124e-07,6.00009375e-01,2.81487894e-01
4.44444444e+01,3.36328229e+00,5.50054856e+02,5.39604144e+06,2.01384934e+03,1.18501950e-01,7.81964877e-07,6.00009375e-01,2.81487893e-01
4.45445445e+01,3.30039184e+00,5.64106350e+02,5.32802629e+06,2.02635660e+03,1.18501950e-01,7.81785675e-07,6.00009375e-01,2.81487893e-01
4.46446446e+01,3.23497979e+00,5.78302722e+02,5.26403404e+06,2.04250035e+03,1.18501950e-01,7.80008290e-07,6.00009375e-01,2.81487895e-01
4.47447447e+01,3.16218141e+00,5.92286069e+02,5.19527779e+06,2.06222960e+03,1.18501949e-01,7.76345445e-07,6.00009375e-01,2.81487899e-01
4.48448448e+01,3.08709163e+00,6.06199084e+02,5.13077239e+06,2.08616307e+03,1.18501949e-01,7.70615567e-07,6.00009375e-01,2.81487906e-01
4.49449449e+01,3.01646968e+00,6.20271780e+02,5.06858966e+06,2.10912925e+03,1.18501948e-01,7.62772015e-07,6.00009375e-01,2.81487914e-01
4.50450450e+01,2.95137183e+00,6.34287281e+02,5.00728504e+06,2.12957732e+03,1.18501946e-01,7.52910973e-07,6.00009375e-01,2.81487926e-01
4.51451451e+01,2.89176881e+00,6.48328773e+02,4.94719869e+06,2.14738944e+03,1.18501945e-01,7.41265598e-07,6.00009375e-01,2.81487939e-01
4.52452452e+01,2.83743137e+00,6.62421649e+02,4.88842779e+06,2.16251370e+03,1.18501943e-01,7.28186332e-07,6.00009375e-01,2.81487953e-01
4.53453453e+01,2.78791820e+00,6.76534004e+02,4.83077849e+06,2.17496428e+03,1.18501942e-01,7.14108716e-07,6.00009375e-01,2.81487969e-01
4.54454454e+01,2.74274730e+00,6.90636705e+02,4.77405036e+06,2.18482287e+03,1.18501940e-01,6.99513525e-07,6.00009375e-01,2.81487986e-01
4.55455455e+01,2.70146222e+00,7.04721250e+02,4.71813252e+06,2.19223079e+03,1.18501938e-01,6.84883794e-07,6.00009375e-01,2.81488002e-01
4.56456456e+01,2.66363836e+00,7.18794839e+02,4.66298567e+06,2.19737337e+03,1.18501936e-01,6.70664923e-07,6.00009375e-01,2.81488018e-01
4.57457457e+01,2.62887520e+00,7.32871234e+02,4.60859948e+06,2.20046283e+03,1.18501934e-01,6.57233288e-07,6.00009375e-01,2.81488033e-01
4.58458458e+01,2.59679192e+00,7.46962681e+02,4.55496262e+06,2.20172314e+03,1.18501933e-01,6.44876494e-07,6.00009375e-01,2.81488047e-01
4.59459459e+01,2.56702635e+00,7.61074188e+02,4.50204885e+06,2.20137951e+03,1.18501931e-01,6.33785858e-07,6.00009375e-01,2.81488060e-01
4.60460460e+01,2.53923495e+00,7.75202798e+02,4.44981290e+06,2.19965164e+03,1.18501930e-01,6.24059625e-07,6.00009375e-01,2.81488071e-01
4.61461461e+01,2.51309706e+00,7.89341361e+02,4.39819366e+06,2.19674745e+03,1.18501929e-01,6.15714011e-07,6.00009375e-01,2.81488080e-01
4.62462462e+01,2.48832384e+00,8.03482575e+02,4.34712825e+06,2.19285845e+03,1.18501928e-01,6.08699230e-07,6.00009375e-01,2.81488088e-01
4.63463463e+01,2.46466747e+00,8.17619662e+02,4.29657825e+06,2.18816184e+03,1.18501928e-01,6.02917176e-07,6.00009375e-01,2.81488094e-01
4.64464464e+01,2.44192748e+00,8.31757841e+02,4.24654943e+06,2.18282274e+03,1.18501927e-01,5.98238810e-07,6.00009375e-01,2.81488100e-01
4.65465465e+01,2.41990638e+00,8.45881898e+02,4.19698219e+06,2.17697584e+03,1.18501926e-01,5.94519642e-07,6.00009375e-01,2.81488104e-01
4.66466466e+01,2.39850488e+00,8.60038360e+02,4.14797734e+06,2.17075503e+03,1.18501926e-01,5.91612188e-07,6.00009375e-01,2.81488107e-01
4.67467467e+01,2.37763595e+00,8.74230702e+02,4.09957035e+06,2.16425302e+03,1.18501926e-01,5.89375315e-07,6.00009375e-01,2.81488110e-01
4.68468468e+01,2.35715366e+00,8.88433252e+02,4.05164249e+06,2.15753710e+03,1.18501926e-01,5.87680052e-07,6.00009375e-01,2.81488112e-01
4.69469469e+01,2.33688454e+00,9.02582643e+02,4.00395770e+06,2.15063780e+03,1.18501925e-01,5.86413584e-07,6.00009375e-01,2.81488113e-01
4.70470470e+01,2.31689956e+00,9.16763735e+02,3.95682149e+06,2.14365208e+03,1.18501925e-01,5.85480263e-07,6.00009375e-01,2.81488114e-01
4.71471471e+01,2.29709277e+00,9.30935967e+02,3.91008412e+06,2.13659701e+03,1.18501925e-01,5.84801317e-07,6.00009375e-01,2.81488115e-01
4.72472472e+01,2.27745910e+00,9.45117290e+02,3.86380700e+06,2.12951101e+03,1.18501925e-01,5.84313362e-07,6.00009375e-01,2.81488115e-01
4.73473473e+01,2.25805262e+00,9.59363979e+02,3.81817898e+06,2.12244905e+03,1.18501925e-01,5.83966697e-07,6.00009375e-01,2.81488116e-01
4.74474474e+01,2.23872197e+00,9.73588356e+02,3.77289132e+06,2.11538385e+03,1.18501925e-01,5.83723065e-07,6.00009375e-01,2.81488116e-01
4.75475475e+01,2.21942995e+00,9.87764067e+02,3.72786313e+06,2.10830562e+03,1.18501925e-01,5.83553568e-07,6.00009375e-01,2.81488116e-01
4.76476476e+01,2.20026594e+00,1.00195364e+03,3.68331638e+06,2.10125567e+03,1.18501925e-01,5.83436785e-07,6.00009375e-01,2.81488116e-01
4.77477477e+01,2.18128885e+00,1.01620511e+03,3.63941309e+06,2.09427266e+03,1.18501925e-01,5.83357050e-07,6.00009375e-01,2.81488116e-01
4.78478478e+01,2.16240958e+00,1.03045732e+03,3.59594754e+06,2.08732676e+03,1.18501925e-01,5.83303068e-07,6.00009375e-01,2.81488116e-01
4.79479479e+01,2.14362259e+00,1.04470139e+03,3.55289165e+06,2.08040883e+03,1.18501925e-01,5.83266807e-07,6.00009375e-01,2.81488117e-01
4.80480480e+01,2.12491353e+00,1.05892208e+03,3.51019537e+06,2.07350496e+03,1.18501925e-01,5.83242633e-07,6.00009375e-01,2.81488117e-01
4.81481481e+01,2.10627046e+00,1.07310747e+03,3.46781664e+06,2.06660292e+03,1.18501925e-01,5.83226629e-07,6.00009375e-01,2.81488117e-01
4.82482482e+01,2.08770210e+00,1.08726324e+03,3.42576007e+06,2.05969761e+03,1.18501925e-01,5.83216104e-07,6.00009375e-01,2.81488117e-01
4.83483483e+01,2.06931031e+00,1.10146649e+03,3.38423927e+06,2.05281819e+03,1.18501925e-01,5.83209226e-07,6.00009375e-01,2.81488117e-01
4.84484484e+01,2.05110781e+00,1.11573605e+03,3.34326734e+06,2.04596250e+03,1.18501925e-01,5.83204757e-07,6.00009375e-01,2.81488117e-01
4.85485485e+01,2.03308138e+00,1.13007501e+03,3.30280457e+06,2.03912179e+03,1.18501925e-01,5.83201869e-07,6.00009375e-01,2.81488117e-01
4.86486486e+01,2.01521557e+00,1.14448279e+03,3.26280763e+06,2.03228686e+03,1.18501925e-01,5.83200013e-07,6.00009375e-01,2.81488117e-01
4.87487487e+01,1.99751043e+00,1.15895996e+03,3.22327081e+06,2.02545589e+03,1.18501925e-01,5.83198825e-07,6.00009375e-01,2.81488117e-01
4.88488488e+01,1.98002749e+00,1.17356910e+03,3.18434811e+06,2.01866554e+03,1.18501925e-01,5.83198068e-07,6.00009375e-01,2.81488117e-01
4.89489489e+01,1.96277681e+00,1.18828966e+03,3.14602809e+06,2.01190157e+03,1.18501925e-01,5.83197588e-07,6.00009375e-01,2.81488117e-01
4.90490490e+01,1.94563603e+00,1.20302297e+03,3.10807012e+06,2.00513796e+03,1.18501925e-01,5.83197285e-07,6.00009375e-01,2.81488117e-01
4.91491491e+01,1.92866140e+00,1.21778981e+03,3.07060524e+06,1.99840288e+03,1.18501925e-01,5.83197095e-07,6.00009375e-01,2.81488117e-01
4.92492492e+01,1.91181011e+00,1.23251970e+03,3.03351263e+06,1.99166414e+03,1.18501925e-01,5.83196975e-07,6.00009375e-01,2.81488117e-01
4.93493493e+01,1.89509590e+00,1.24719377e+03,2.99682738e+06,1.98493179e+03,1.18501925e-01,5.83196901e-07,6.00009375e-01,2.81488117e-01
4.94494494e+01,1.87849134e+00,1.26178324e+03,2.96053191e+06,1.97822461e+03,1.18501925e-01,5.83196854e-07,6.00009375e-01,2.81488117e-01
4.95495495e+01,1.86203930e+00,1.27630868e+03,2.92471136e+06,1.97155647e+03,1.18501925e-01,5.83196826e-07,6.00009375e-01,2.81488117e-01
4.96496496e+01,1.84581446e+00,1.29083540e+03,2.88953751e+06,1.96496737e+03,1.18501925e-01,5.83196808e-07,6.00009375e-01,2.81488117e-01
4.97497497e+01,1.82974918e+00,1.30531498e+03,2.85484045e+06,1.95841773e+03,1.18501925e-01,5.83196797e-07,6.00009375e-01,2.81488117e-01
4.98498498e+01,1.81374360e+00,1.31967315e+03,2.82036925e+06,1.95184411e+03,1.18501925e-01,5.83196790e-07,6.00009375e-01,2.81488117e-01
4.99499499e+01,1.79784292e+00,1.33398130e+03,2.78625806e+06,1.94529129e+03,1.18501925e-01,5.83196786e-07,6.00009375e-01,2.81488117e-01
5.00500501e+01,1.78197834e+00,1.34823731e+03,2.75244298e+06,4.50126296e+03,9.99012204e-16,5.83196783e-07,7.18511300e-01,2.81488117e-01
5.01501502e+01,1.76619543e+00,1.36244127e+03,2.71888900e+06,4.48612321e+03,9.98807455e-16,5.83196782e-07,7.18511300e-01,2.81488117e-01
5.02502503e+01,1.75041129e+00,1.37657091e+03,2.68549941e+06,4.47098725e+03,9.98608407e-16,5.83196781e-07,7.18511300e-01,2.81488117e-01
5.03503504e+01,1.73465462e+00,1.39063218e+03,2.65228193e+06,4.45579439e+03,9.98397153e-16,5.83196780e-07,7.18511300e-01,2.81488117e-01
5.04504505e+01,1.71891884e+00,1.40461823e+03,2.61919155e+06,4.44048456e+03,9.98217578e-16,5.83196780e-07,7.18511300e-01,2.81488117e-01
5.05505506e+01,1.70330652e+00,1.41861958e+03,2.58646330e+06,4.42519063e+03,9.97995555e-16,5.83196780e-07,7.18511300e-01,2.81488117e-01
5.06506507e+01,1.68776997e+00,1.43267297e+03,2.55414860e+06,4.41012988e+03,9.97770979e-16,5.83196780e-07,7.18511300e-01,2.81488117e-01
5.07507508e+01,1.67228345e+00,1.44669279e+03,2.52199466e+06,4.39493794e+03,9.97641006e-16,5.83196780e-07,7.18511300e-01,2.81488117e-01
5.08508509e+01,1.65707384e+00,1.46070774e+03,2.49038791e+06,4.37969244e+03,9.97458881e-16,5.83196780e-07,7.18511300e-01,2.81488117e-01
5.09509510e+01,1.64197388e+00,1.47471976e+03,2.45919541e+06,4.36460827e+03,9.97242171e-16,5.83196780e-07,7.18511300e-01,2.81488117e-01
5.10510511e+01,1.62677231e+00,1.48864193e+03,2.42810092e+06,4.34969131e+03,9.97134786e-16,5.83196780e-07,7.18511300e-01,2.81488117e-01
5.11511512e+01,1.61169219e+00,1.50251596e+03,2.39723762e+06,4.33458433e+03,9.97095111e-16,5.83196780e-07,7.18511300e-01,2.81488117e-01
5.12512513e+01,1.59677616e+00,1.51634920e+03,2.36664015e+06,4.31923331e+03,9.97094477e-16,5.83196780e-07,7.18511300e-01,2.81488117e-01
5.13513514e+01,1.58196449e+00,1.53012989e+03,2.33625041e+06,4.30369152e+03,9.97126915e-16,5.83196780e-07,7.18511300e-01,2.81488117e-01
5.14514515e+01,1.56721229e+00,1.54385782e+03,2.30616352e+06,4.28825639e+03,9.97189622e-16,5.83196780e-07,7.18511300e-01,2.81488117e-01
5.15515516e+01,1.55247907e+00,1.55758407e+03,2.27635251e+06,4.27299356e+03,9.97273643e-16,5.83196780e-07,7.18511300e-01,2.81488117e-01
5.16516517e+01,1.53785487e+00,1.57126748e+03,2.24689951e+06,4.25781485e+03,9.97375552e-16,5.83196780e-07,7.18511300e-01,2.81488117e-01
5.17517518e+01,1.52339238e+00,1.58490668e+03,2.21787293e+06,4.24271010e+03,9.97498138e-16,5.83196780e-07,7.18511300e-01,2.81488117e-01
5.18518519e+01,1.50906839e+00,1.59856528e+03,2.18915254e+06,4.22751907e+03,9.97645813e-16,5.83196780e-07,7.18511300e-01,2.81488117e-01
5.19519520e+01,1.49486008e+00,1.61228870e+03,2.16070594e+06,4.21224474e+03,9.97821004e-16,5.83196780e-07,7.18511300e-01,2.81488117e-01
5.20520521e+01,1.48080063e+00,1.62605428e+03,2.13263822e+06,4.19700100e+03,9.98018071e-16,5.83196780e-07,7.18511300e-01,2.81488117e-01
5.21521522e+01,1.46694359e+00,1.63980662e+03,2.10506586e+06,4.18187211e+03,9.98228277e-16,5.83196780e-07,7.18511300e-01,2.81488117e-01
5.22522523e+01,1.45326322e+00,1.65356450e+03,2.07793552e+06,4.16683458e+03,9.98444224e-16,5.83196780e-07,7.18511300e-01,2.81488117e-01
5.23523524e+01,1.43972405e+00,1.66734702e+03,2.05115582e+06,4.15181382e+03,9.98660530e-16,5.83196780e-07,7.18511300e-01,2.81488117e-01
5.24524525e+01,1.42629578e+00,1.68114667e+03,2.02464647e+06,4.13673859e+03,9.98876179e-16,5.83196780e-07,7.18511300e-01,2.81488117e-01
5.25525526e+01,1.41292481e+00,1.69496949e+03,1.99836451e+06,4.12167867e+03,9.99089250e-16,5.83196780e-07,7.18511300e-01,2.81488117e-01
5.26526527e+01,1.39957657e+00,1.70882447e+03,1.97230456e+06,4.10672659e+03,9.99290332e-16,5.83196781e-07,7.18511300e-01,2.81488117e-01
5.27527528e+01,1.38627619e+00,1.72266744e+03,1.94640328e+06,4.09167885e+03,9.99475602e-16,5.83196781e-07,7.18511300e-01,2.81488117e-01
5.28528529e+01,1.37303957e+00,1.73646785e+03,1.92074069e+06,4.07665685e+03,9.99646047e-16,5.83196782e-07,7.18511300e-01,2.81488117e-01
5.29529530e+01,1.35989155e+00,1.75019423e+03,1.89534987e+06,4.06166023e+03,9.99800086e-16,5.83196784e-07,7.18511300e-01,2.81488117e-01
5.30530531e+01,1.34683377e+00,1.76384472e+03,1.87022251e+06,4.04666970e+03,9.99939154e-16,5.83196786e-07,7.18511300e-01,2.81488117e-01
5.31531532e+01,1.33385368e+00,1.77743074e+03,1.84533779e+06,4.03168095e+03,1.00006603e-15,5.83196789e-07,7.18511300e-01,2.81488117e-01
5.32532533e+01,1.32092209e+00,1.79099282e+03,1.82067202e+06,4.01673324e+03,1.00018012e-15,5.83196793e-07,7.18511300e-01,2.81488117e-01
5.33533534e+01,1.30805742e+00,1.80451408e+03,1.79622811e+06,4.00177950e+03,1.00028087e-15,5.83196799e-07,7.18511300e-01,2.81488117e-01
5.34534535e+01,1.29525194e+00,1.81802983e+03,1.77203482e+06,3.98691038e+03,1.00036470e-15,5.83196807e-07,7.18511300e-01,2.81488117e-01
5.35535536e+01,1.28257318e+00,1.83147489e+03,1.74812184e+06,3.97198883e+03,1.00043100e-15,5.83196819e-07,7.18511300e-01,2.81488117e-01
5.36536537e+01,1.26999793e+00,1.84488929e+03,1.72446587e+06,3.95703658e+03,1.00048696e-15,5.83196835e-07,7.18511300e-01,2.81488117e-01
5.37537538e+01,1.25748909e+00,1.85834111e+03,1.70098727e+06,3.94198815e+03,1.00053476e-15,5.83196858e-07,7.18511300e-01,2.81488117e-01
5.38538539e+01,1.24509712e+00,1.87176564e+03,1.67774913e+06,3.92683152e+03,1.00057808e-15,5.83196889e-07,7.18511300e-01,2.81488117e-01
5.39539540e+01,1.23282723e+00,1.88513284e+03,1.65482559e+06,3.91172652e+03,1.00062244e-15,5.83196932e-07,7.18511300e-01,2.81488117e-01
5.40540541e+01,1.22063832e+00,1.89847508e+03,1.63223595e+06,3.89685650e+03,1.00066749e-15,5.83196991e-07,7.18511300e-01,2.81488117e-01
5.41541542e+01,1.20847194e+00,1.91188286e+03,1.60985398e+06,3.88211494e+03,1.00070699e-15,5.83197071e-07,7.18511300e-01,2.81488117e-01
5.42542543e+01,1.19638474e+00,1.92527569e+03,1.58773805e+06,3.86746562e+03,1.00074022e-15,5.83197181e-07,7.18511300e-01,2.81488117e-01
5.43543544e+01,1.18434780e+00,1.93870748e+03,1.56586176e+06,3.85294347e+03,1.00076823e-15,5.83197331e-07,7.18511300e-01,2.81488117e-01
5.44544545e+01,1.17240341e+00,1.95215322e+03,1.54427413e+06,3.83853761e+03,1.00078219e-15,5.83197538e-07,7.18511300e-01,2.81488117e-01
5.45545546e+01,1.16066380e+00,1.96545707e+03,1.52311200e+06,3.82422886e+03,1.00078235e-15,5.83197822e-07,7.18511300e-01,2.81488117e-01
5.46546547e+01,1.14906730e+00,1.97871165e+03,1.50224275e+06,3.80989603e+03,1.00077744e-15,5.83198214e-07,7.18511300e-01,2.81488117e-01
5.47547548e+01,1.13758014e+00,1.99196539e+03,1.48159667e+06,3.79547787e+03,1.00076896e-15,5.83198758e-07,7.18511300e-01,2.81488117e-01
5.48548549e+01,1.12621662e+00,2.00519256e+03,1.46121133e+06,3.78102521e+03,1.00075574e-15,5.83199514e-07,7.18511300e-01,2.81488117e-01
5.49549550e+01,1.11497218e+00,2.01837913e+03,1.44103673e+06,3.76642648e+03,1.00074252e-15,5.83200570e-07,7.18511300e-01,2.81488117e-01
5.50550551e+01,1.10379143e+00,2.03158083e+03,1.42105058e+06,3.75181135e+03,1.00073425e-15,5.83202047e-07,7.18511300e-01,2.81488117e-01
5.51551552e+01,1.09261483e+00,2.04488007e+03,1.40116406e+06,3.73714864e+03,1.00073263e-15,5.83204118e-07,7.18511300e-01,2.81488117e-01
5.52552553e+01,1.08142385e+00,2.05831840e+03,1.38130986e+06,3.72231948e+03,1.00073445e-15,5.83207025e-07,7.18511300e-01,2.81488117e-01
5.53553554e+01,1.07033765e+00,2.07170681e+03,1.36175104e+06,3.70762148e+03,1.00073099e-15,5.83211109e-07,7.18511300e-01,2.81488117e-01
5.54554555e+01,1.05939633e+00,2.08497118e+03,1.34260117e+06,3.69323576e+03,1.00072068e-15,5.83216843e-07,7.18511300e-01,2.81488117e-01
5.55555556e+01,1.04856439e+00,2.09817471e+03,1.32378816e+06,3.67910228e+03,1.00070099e-15,5.83224884e-07,7.18511300e-01,2.81488117e-01
5.56556557e+01,1.03781607e+00,2.11137665e+03,1.30520258e+06,3.66501710e+03,1.00067051e-15,5.83236135e-07,7.18511300e-01,2.81488117e-01
5.57557558e+01,1.02715921e+00,2.12457068e+03,1.28678874e+06,3.65079934e+03,1.00063222e-15,5.83251833e-07,7.18511300e-01,2.81488117e-01
5.58558559e+01,1.01660906e+00,2.13771617e+03,1.26857014e+06,3.63646142e+03,1.00059041e-15,5.83273664e-07,7.18511300e-01,2.81488117e-01
5.59559560e+01,1.00617439e+00,2.15077539e+03,1.25061465e+06,3.62216914e+03,1.00054440e-15,5.83303904e-07,7.18511300e-01,2.81488116e-01
5.60560561e+01,9.95859074e-01,2.16372526e+03,1.23294500e+06,3.60798142e+03,1.00049080e-15,5.83345618e-07,7.18511300e-01,2.81488116e-01
5.61561562e+01,9.85655499e-01,2.17656499e+03,1.21552826e+06,3.59383708e+03,1.00042975e-15,5.83402894e-07,7.18511300e-01,2.81488116e-01
5.62562563e+01,9.75539425e-01,2.18932265e+03,1.19833708e+06,3.57974958e+03,1.00036388e-15,5.83481155e-07,7.18511300e-01,2.81488116e-01
5.63563564e+01,9.65476421e-01,2.20205662e+03,1.18133244e+06,3.56573393e+03,1.00029426e-15,5.83587540e-07,7.18511300e-01,2.81488116e-01
5.64564565e+01,9.55445205e-01,2.21481248e+03,1.16446392e+06,3.55172005e+03,1.00022111e-15,5.83731391e-07,7.18511300e-01,2.81488116e-01
5.65565566e+01,9.45443568e-01,2.22760502e+03,1.14774036e+06,3.53774491e+03,1.00014310e-15,5.83924852e-07,7.18511300e-01,2.81488116e-01
5.66566567e+01,9.35482513e-01,2.24044059e+03,1.13122615e+06,3.52397028e+03,1.00005714e-15,5.84183614e-07,7.18511300e-01,2.81488115e-01
5.67567568e+01,9.25587534e-01,2.25331868e+03,1.11496747e+06,3.51045310e+03,9.99965016e-16,5.84527828e-07,7.18511300e-01,2.81488115e-01
5.68568569e+01,9.15796182e-01,2.26623249e+03,1.09892088e+06,3.49692302e+03,9.99874292e-16,5.84983199e-07,7.18511300e-01,2.81488115e-01
5.69569570e+01,9.06117772e-01,2.27919673e+03,1.08305792e+06,3.48325692e+03,9.99787399e-16,5.85582312e-07,7.18511300e-01,2.81488114e-01
5.70570571e+01,8.96533093e-01,2.29221706e+03,1.06732373e+06,3.46935161e+03,9.99712399e-16,5.86366184e-07,7.18511301e-01,2.81488113e-01
5.71571572e+01,8.87041223e-01,2.30539316e+03,1.05175464e+06,3.45532664e+03,9.99637789e-16,5.87386086e-07,7.18511301e-01,2.81488112e-01
5.72572573e+01,8.77677418e-01,2.31876098e+03,1.03637567e+06,3.44112746e+03,9.99533356e-16,5.88705758e-07,7.18511301e-01,2.81488110e-01
5.73573574e+01,8.68412756e-01,2.33229788e+03,1.02114575e+06,3.42673103e+03,9.99409780e-16,5.90404033e-07,7.18511301e-01,2.81488108e-01
5.74574575e+01,8.59197973e-01,2.34601047e+03,1.00603987e+06,3.41224673e+03,9.99309475e-16,5.92578055e-07,7.18511301e-01,2.81488106e-01
5.75575576e+01,8.50068352e-01,2.35991603e+03,9.91070860e+05,3.39757723e+03,9.99223921e-16,5.95347172e-07,7.18511302e-01,2.81488103e-01
5.76576577e+01,8.41118136e-01,2.37374748e+03,9.76386897e+05,3.38285532e+03,9.99147271e-16,5.98857724e-07,7.18511302e-01,2.81488099e-01
5.77577578e+01,8.32342331e-01,2.38737622e+03,9.62104175e+05,3.36851587e+03,9.99088507e-16,6.03288301e-07,7.18511303e-01,2.81488094e-01
5.78578579e+01,8.23717251e-01,2.40082116e+03,9.48308972e+05,3.35498189e+03,9.99040004e-16,6.08855757e-07,7.18511303e-01,2.81488088e-01
5.79579580e+01,8.15216943e-01,2.41411175e+03,9.34887805e+05,3.34198719e+03,9.98994248e-16,6.15821852e-07,7.18511304e-01,2.81488080e-01
5.80580581e+01,8.06801470e-01,2.42727972e+03,9.21665773e+05,3.32908792e+03,9.98955147e-16,6.24500697e-07,7.18511305e-01,2.81488070e-01
5.81581582e+01,7.98412847e-01,2.44039614e+03,9.08589106e+05,3.31633579e+03,9.98922712e-16,6.35267278e-07,7.18511307e-01,2.81488058e-01
5.82582583e+01,7.90002668e-01,2.45350228e+03,8.95617517e+05,3.30379061e+03,9.98919213e-16,6.48566722e-07,7.18511309e-01,2.81488043e-01
5.83583584e+01,7.81504903e-01,2.46673858e+03,8.82611879e+05,3.29121731e+03,9.98945795e-16,6.64928512e-07,7.18511311e-01,2.81488024e-01
5.84584585e+01,7.73098464e-01,2.47975411e+03,8.69948794e+05,3.27927157e+03,9.98944658e-16,6.84986240e-07,7.18511313e-01,2.81488002e-01
5.85585586e+01,7.64922915e-01,2.49218872e+03,8.57767159e+05,3.26791125e+03,9.98921221e-16,7.09486449e-07,7.18511316e-01,2.81487974e-01
5.86586587e+01,7.56891801e-01,2.50425789e+03,8.45778829e+05,3.25642836e+03,9.98901431e-16,7.39298817e-07,7.18511320e-01,2.81487941e-01
5.87587588e+01,7.48895171e-01,2.51624130e+03,8.33806152e+05,3.24461068e+03,9.98897022e-16,7.75430157e-07,7.18511325e-01,2.81487900e-01
5.88588589e+01,7.40882668e-01,2.52823897e+03,8.21738587e+05,3.23223394e+03,9.98906589e-16,8.19037914e-07,7.18511330e-01,2.81487851e-01
5.89589590e+01,7.32785312e-01,2.54033684e+03,8.09452359e+05,3.21908981e+03,9.98926505e-16,8.71437155e-07,7.18511337e-01,2.81487792e-01
5.90590591e+01,7.24487499e-01,2.55268634e+03,7.96784423e+05,3.20500354e+03,9.98949898e-16,9.34110801e-07,7.18511345e-01,2.81487721e-01
5.91591592e+01,7.15923240e-01,2.56535181e+03,7.83655213e+05,3.18990068e+03,9.98928206e-16,1.00874750e-06,7.18511354e-01,2.81487637e-01
5.92592593e+01,7.07173487e-01,2.57805519e+03,7.70223624e+05,3.17401872e+03,9.98996405e-16,1.09729412e-06,7.18511366e-01,2.81487537e-01
5.93593594e+01,6.98526137e-01,2.59027114e+03,7.57368094e+05,3.15967921e+03,9.99125138e-16,1.20202935e-06,7.18511379e-01,2.81487419e-01
5.94594595e+01,6.90511992e-01,2.60266282e+03,7.45478013e+05,3.14617081e+03,9.98986361e-16,1.32546186e-06,7.18511395e-01,2.81487280e-01
5.95595596e+01,6.82876035e-01,2.61501423e+03,7.34120263e+05,3.13288220e+03,9.98887242e-16,1.47044145e-06,7.18511413e-01,2.81487116e-01
5.96596597e+01,6.75530526e-01,2.62719009e+03,7.23029358e+05,3.11910307e+03,9.98891658e-16,1.64028991e-06,7.18511435e-01,2.81486925e-01
5.97597598e+01,6.68506904e-01,2.63909094e+03,7.12152760e+05,3.10446018e+03,9.98904570e-16,1.83871180e-06,7.18511460e-01,2.81486701e-01
5.98598599e+01,6.61720972e-01,2.65095813e+03,7.01606051e+05,3.08984946e+03,9.98986250e-16,2.06977284e-06,7.18511490e-01,2.81486440e-01
5.99599600e+01,6.55250597e-01,2.66354145e+03,6.91791332e+05,3.07671069e+03,9.99010961e-16,2.33798825e-06,7.18511524e-01,2.81486138e-01
6.00600601e+01,6.49195984e-01,2.67729691e+03,6.82865200e+05,3.06533690e+03,9.98748518e-16,2.64835502e-06,7.18511564e-01,2.81485788e-01
6.01601602e+01,6.43336888e-01,2.69176772e+03,6.74312424e+05,3.05451221e+03,9.98404009e-16,3.00650429e-06,7.18511609e-01,2.81485384e-01
6.02602603e+01,6.37382733e-01,2.70641532e+03,6.65669813e+05,3.04353179e+03,9.98442114e-16,3.41892550e-06,7.18511662e-01,2.81484919e-01
6.03603604e+01,6.31277824e-01,2.72222313e+03,6.57306280e+05,3.03435686e+03,9.98361840e-16,3.89289382e-06,7.18511722e-01,2.81484385e-01
6.04604605e+01,6.25403328e-01,2.73906756e+03,6.49230329e+05,3.02522842e+03,9.98067670e-16,4.43577900e-06,7.18511792e-01,2.81483772e-01
6.05605606e+01,6.19627850e-01,2.75606917e+03,6.41369679e+05,3.01645764e+03,9.97996200e-16,5.05621634e-06,7.18511871e-01,2.81483073e-01
6.06606607e+01,6.14153538e-01,2.77324870e+03,6.33982116e+05,3.00829196e+03,9.98150674e-16,5.76429605e-06,7.18511961e-01,2.81482274e-01
6.07607608e+01,6.09263101e-01,2.79087830e+03,6.27338471e+05,3.00066289e+03,9.98242312e-16,6.57091232e-06,7.18512064e-01,2.81481365e-01
6.08608609e+01,6.04947981e-01,2.80890877e+03,6.21334629e+05,2.99314632e+03,9.98150439e-16,7.48777538e-06,7.18512182e-01,2.81480331e-01
6.09609610e+01,6.00971139e-01,2.82697227e+03,6.15621333e+05,2.98525036e+03,9.97979195e-16,8.52798077e-06,7.18512315e-01,2.81479158e-01
6.10610611e+01,5.97119901e-01,2.84496965e+03,6.09998435e+05,2.97706434e+03,9.97741741e-16,9.70602035e-06,7.18512465e-01,2.81477829e-01
6.11611612e+01,5.93273677e-01,2.86313875e+03,6.04497263e+05,2.96934514e+03,9.97473397e-16,1.10371525e-05,7.18512635e-01,2.81476328e-01
6.12612613e+01,5.89309216e-01,2.88172461e+03,5.99023916e+05,2.96225726e+03,9.97351131e-16,1.25382707e-05,7.18512827e-01,2.81474635e-01
6.13613614e+01,5.85371147e-01,2.90069925e+03,5.93542283e+05,2.95489921e+03,9.97214929e-16,1.42293202e-05,7.18513043e-01,2.81472727e-01
6.14614615e+01,5.81560940e-01,2.91958008e+03,5.88232015e+05,2.94765252e+03,9.97106259e-16,1.61316137e-05,7.18513287e-01,2.81470582e-01
6.15615616e+01,5.77777541e-01,2.93871641e+03,5.83008513e+05,2.94061183e+03,9.97040773e-16,1.82683646e-05,7.18513560e-01,2.81468172e-01
6.16616617e+01,5.74071929e-01,2.95795552e+03,5.77907324e+05,2.93370218e+03,9.97007353e-16,2.06652470e-05,7.18513866e-01,2.81465468e-01
6.17617618e+01,5.70508037e-01,2.97713709e+03,5.72973050e+05,2.92682881e+03,9.97006978e-16,2.33506239e-05,7.18514210e-01,2.81462439e-01
6.18618619e+01,5.67105999e-01,2.99620166e+03,5.68241655e+05,2.92007876e+03,9.97044904e-16,2.63558801e-05,7.18514595e-01,2.81459050e-01
6.19619620e+01,5.63862029e-01,3.01513593e+03,5.63736068e+05,2.91359820e+03,9.97123102e-16,2.97157408e-05,7.18515025e-01,2.81455260e-01
6.20620621e+01,5.60763681e-01,3.03395316e+03,5.59461234e+05,2.90748757e+03,9.97240417e-16,3.34685320e-05,7.18515505e-01,2.81451027e-01
6.21621622e+01,5.57801573e-01,3.05267756e+03,5.55405213e+05,2.90174432e+03,9.97395438e-16,3.76564783e-05,7.18516041e-01,2.81446302e-01
6.22622623e+01,5.54979973e-01,3.07131440e+03,5.51552204e+05,2.89627340e+03,9.97590482e-16,4.23261311e-05,7.18516639e-01,2.81441035e-01
6.23623624e+01,5.52320850e-01,3.08984818e+03,5.47895755e+05,2.89093421e+03,9.97835094e-16,4.75289097e-05,7.18517306e-01,2.81435165e-01
6.24624625e+01,5.49874786e-01,3.10822413e+03,5.44464324e+05,2.88561885e+03,9.98149136e-16,5.33217193e-05,7.18518048e-01,2.81428630e-01
6.25625626e+01,5.47746558e-01,3.12627920e+03,5.41358984e+05,2.88032075e+03,9.98560073e-16,5.97675401e-05,7.18518874e-01,2.81421358e-01
6.26626627e+01,5.46138565e-01,3.14417436e+03,5.38744464e+05,2.87486302e+03,9.97854236e-16,6.69295392e-05,7.18519792e-01,2.81413278e-01
6.27627628e+01,5.44622510e-01,3.16071975e+03,5.36812731e+05,2.87254367e+03,9.97524144e-16,7.48641645e-05,7.18520810e-01,2.81404326e-01
6.28628629e+01,5.41921357e-01,3.17624664e+03,5.33579037e+05,2.86948787e+03,9.97870806e-16,8.36670544e-05,7.18521939e-01,2.81394394e-01
6.29629630e+01,5.39080939e-01,3.19461490e+03,5.29759229e+05,2.86397494e+03,9.97941335e-16,9.34392678e-05,7.18523193e-01,2.81383368e-01
6.30630631e+01,5.36815899e-01,3.21163330e+03,5.26733573e+05,2.85965305e+03,9.97968857e-16,1.04280428e-04,7.18524585e-01,2.81371135e-01
6.31631632e+01,5.34912873e-01,3.22809708e+03,5.24143720e+05,2.85573854e+03,9.98006110e-16,1.16303832e-04,7.18526128e-01,2.81357568e-01
6.32632633e+01,5.33297301e-01,3.24410290e+03,5.21916417e+05,2.85224245e+03,9.98053146e-16,1.29637883e-04,7.18527841e-01,2.81342521e-01
6.33633634e+01,5.31913679e-01,3.25979950e+03,5.19984591e+05,2.84910434e+03,9.98090213e-16,1.44427205e-04,7.18529742e-01,2.81325831e-01
6.34634635e+01,5.30824248e-01,3.27474095e+03,5.18493824e+05,2.84679702e+03,9.98086203e-16,1.60836550e-04,7.18531852e-01,2.81307312e-01
6.35635636e+01,5.30048239e-01,3.28856135e+03,5.17530013e+05,2.84569893e+03,9.98056879e-16,1.79048883e-04,7.18534194e-01,2.81286757e-01
6.36636637e+01,5.29395059e-01,3.30213982e+03,5.16752342e+05,2.84496599e+03,9.98027379e-16,1.99262246e-04,7.18536796e-01,2.81263942e-01
6.37637638e+01,5.28844395e-01,3.31560260e+03,5.16112592e+05,2.84444401e+03,9.97972108e-16,2.21700870e-04,7.18539686e-01,2.81238613e-01
6.38638639e+01,5.28517617e-01,3.32829069e+03,5.15836468e+05,2.84472602e+03,9.97869386e-16,2.46620165e-04,7.18542897e-01,2.81210483e-01
6.39639640e+01,5.28410399e-01,3.34012040e+03,5.15919692e+05,2.84581348e+03,9.97745218e-16,2.74301451e-04,7.18546467e-01,2.81179232e-01
6.40640641e+01,5.28406494e-01,3.35157505e+03,5.16140504e+05,2.84710942e+03,9.97630207e-16,3.05053918e-04,7.18550436e-01,2.81144510e-01
6.41641642e+01,5.28454903e-01,3.36295475e+03,5.16375121e+05,2.84820592e+03,9.97510114e-16,3.39224795e-04,7.18554850e-01,2.81105925e-01
6.42642643e+01,5.28592618e-01,3.37408642e+03,5.16678767e+05,2.84920862e+03,9.97380674e-16,3.77203070e-04,7.18559762e-01,2.81063035e-01
6.43643644e+01,5.28836886e-01,3.38487076e+03,5.17085135e+05,2.85021067e+03,9.97250237e-16,4.19421868e-04,7.18565227e-01,2.81015351e-01
6.44644645e+01,5.29179414e-01,3.39529140e+03,5.17602709e+05,2.85130386e+03,9.97127986e-16,4.66362768e-04,7.18571312e-01,2.80962325e-01
6.45645646e+01,5.29606607e-01,3.40543107e+03,5.18238973e+05,2.85260291e+03,9.96979935e-16,5.18561537e-04,7.18578087e-01,2.80903351e-01
6.46646647e+01,5.30127013e-01,3.41527613e+03,5.18928528e+05,2.85370224e+03,9.96867070e-16,5.76615960e-04,7.18585635e-01,2.80837749e-01
6.47647648e+01,5.30647691e-01,3.42457920e+03,5.19531128e+05,2.85433268e+03,9.96847649e-16,6.41217875e-04,7.18594049e-01,2.80764734e-01
6.48648649e+01,5.31209478e-01,3.43376108e+03,5.20148555e+05,2.85483622e+03,9.96721837e-16,7.13132886e-04,7.18603433e-01,2.80683434e-01
6.49649650e+01,5.31963494e-01,3.44273188e+03,5.20955016e+05,2.85535844e+03,9.96276122e-16,7.93161163e-04,7.18613900e-01,2.80592939e-01
6.50650651e+01,5.33088340e-01,3.45156271e+03,5.22197040e+05,2.85629207e+03,9.95328023e-16,8.82115690e-04,7.18625563e-01,2.80492322e-01
6.51651652e+01,5.34165549e-01,3.45974759e+03,5.23616731e+05,2.85846581e+03,9.94603085e-16,9.81003843e-04,7.18638564e-01,2.80380432e-01
6.52652653e+01,5.34731430e-01,3.46678865e+03,5.24390591e+05,2.85986623e+03,9.94235391e-16,1.09119594e-03,7.18653097e-01,2.80255707e-01
6.53653654e+01,5.35007222e-01,3.47275431e+03,5.24630800e+05,2.85993045e+03,9.94074222e-16,1.21410824e-03,7.18669363e-01,2.80116529e-01
6.54654655e+01,5.35181951e-01,3.47801345e+03,5.24558926e+05,2.85886058e+03,9.93984485e-16,1.35119185e-03,7.18687575e-01,2.79961233e-01
6.55655656e+01,5.35390496e-01,3.48297296e+03,5.24442382e+05,2.85739698e+03,9.93872500e-16,1.50402173e-03,7.18707965e-01,2.79788014e-01
6.56656657e+01,5.35718478e-01,3.48752521e+03,5.24419388e+05,2.85583996e+03,9.93696908e-16,1.67437303e-03,7.18730799e-01,2.79594828e-01
6.57657658e+01,5.36258847e-01,3.49160154e+03,5.24549289e+05,2.85402276e+03,9.93381370e-16,1.86418724e-03,7.18756375e-01,2.79379438e-01
6.58658659e+01,5.37073542e-01,3.49530581e+03,5.24906582e+05,2.85202837e+03,9.92882429e-16,2.07548328e-03,7.18785005e-01,2.79139511e-01
6.59659660e+01,5.38119140e-01,3.49882337e+03,5.25376933e+05,2.84947528e+03,9.92317104e-16,2.31044436e-03,7.18817040e-01,2.78872516e-01
6.60660661e+01,5.39039249e-01,3.50172332e+03,5.25488038e+05,2.84569978e+03,9.91910364e-16,2.57176757e-03,7.18852908e-01,2.78575324e-01
6.61661662e+01,5.39792612e-01,3.50395042e+03,5.25307749e+05,2.84129446e+03,9.91496518e-16,2.86249498e-03,7.18893103e-01,2.78244402e-01
6.62662663e+01,5.40389227e-01,3.50544977e+03,5.24950808e+05,2.83683061e+03,9.91043259e-16,3.18581094e-03,7.18938154e-01,2.77876035e-01
6.63663664e+01,5.40788503e-01,3.50635995e+03,5.24504415e+05,2.83299407e+03,9.90617754e-16,3.54518498e-03,7.18988650e-01,2.77466165e-01
6.64664665e+01,5.41036094e-01,3.50688434e+03,5.24023132e+05,2.82984200e+03,9.90260489e-16,3.94446737e-03,7.19045258e-01,2.77010275e-01
6.65665666e+01,5.41246832e-01,3.50722406e+03,5.23554287e+05,2.82703435e+03,9.89907898e-16,4.38787926e-03,7.19108721e-01,2.76503400e-01
6.66666667e+01,5.41500908e-01,3.50743733e+03,5.23146520e+05,2.82442316e+03,9.89505654e-16,4.88000159e-03,7.19179865e-01,2.75940133e-01
6.67667668e+01,5.41889424e-01,3.50741602e+03,5.22872126e+05,2.82193419e+03,9.89023071e-16,5.42572879e-03,7.19259593e-01,2.75314678e-01
6.68668669e+01,5.42509183e-01,3.50710669e+03,5.22780430e+05,2.81934255e+03,9.88473153e-16,6.03015992e-03,7.19348873e-01,2.74620967e-01
6.69669670e+01,5.43408712e-01,3.50654075e+03,5.22870970e+05,2.81640947e+03,9.87925480e-16,6.69857331e-03,7.19448738e-01,2.73852688e-01
6.70670671e+01,5.44543853e-01,3.50584121e+03,5.23080354e+05,2.81304079e+03,9.87477521e-16,7.43653199e-03,7.19560305e-01,2.73003163e-01
6.71671672e+01,5.45787415e-01,3.50518254e+03,5.23301101e+05,2.80933441e+03,9.87171838e-16,8.25005378e-03,7.19684802e-01,2.72065144e-01
6.72672673e+01,5.47011682e-01,3.50476179e+03,5.23468716e+05,2.80561749e+03,9.86979887e-16,9.14563823e-03,7.19823578e-01,2.71030783e-01
6.73673674e+01,5.48175749e-01,3.50440049e+03,5.23611486e+05,2.80226361e+03,9.86896197e-16,1.01300896e-02,7.19978081e-01,2.69891830e-01
6.74674675e+01,5.49324602e-01,3.50409231e+03,5.23679355e+05,2.79878651e+03,9.86860873e-16,1.12102367e-02,7.20149811e-01,2.68639952e-01
6.75675676e+01,5.50450699e-01,3.50386928e+03,5.23670136e+05,2.79522655e+03,9.86826205e-16,1.23928290e-02,7.20340312e-01,2.67266859e-01
6.76676677e+01,5.51474509e-01,3.50372352e+03,5.23644924e+05,2.79232566e+03,9.86831491e-16,1.36847267e-02,7.20551196e-01,2.65764078e-01
6.77677678e+01,5.52341009e-01,3.50367107e+03,5.23620210e+05,2.79045937e+03,9.86930163e-16,1.50930620e-02,7.20784171e-01,2.64122767e-01
6.78678679e+01,5.53046197e-01,3.50370117e+03,5.23590966e+05,2.78963036e+03,9.87159965e-16,1.66251162e-02,7.21041025e-01,2.62333859e-01
6.79679680e+01,5.53620719e-01,3.50379144e+03,5.23546792e+05,2.78963980e+03,9.87533856e-16,1.82880429e-02,7.21323573e-01,2.60388384e-01
6.80680681e+01,5.54107778e-01,3.50392190e+03,5.23479151e+05,2.79023699e+03,9.88043659e-16,2.00885521e-02,7.21633606e-01,2.58277842e-01
6.81681682e+01,5.54545991e-01,3.50407463e+03,5.23381392e+05,2.79120454e+03,9.88671552e-16,2.20326394e-02,7.21972836e-01,2.55994525e-01
6.82682683e+01,5.54962340e-01,3.50423698e+03,5.23252748e+05,2.79241404e+03,9.89397291e-16,2.41253836e-02,7.22342855e-01,2.53531762e-01
6.83683684e+01,5.55372664e-01,3.50440844e+03,5.23106131e+05,2.79386462e+03,9.90198905e-16,2.63707815e-02,7.22745096e-01,2.50884122e-01
6.84684685e+01,5.55784466e-01,3.50459748e+03,5.22958354e+05,2.79561637e+03,9.91052573e-16,2.87715992e-02,7.23180798e-01,2.48047603e-01
6.85685686e+01,5.56217264e-01,3.50481929e+03,5.22799434e+05,2.79752337e+03,9.91924770e-16,3.13291440e-02,7.23650949e-01,2.45019907e-01
6.86686687e+01,5.56715950e-01,3.50507052e+03,5.22632757e+05,2.79938025e+03,9.92775915e-16,3.40429199e-02,7.24156210e-01,2.41800870e-01
6.87687688e+01,5.57350400e-01,3.50534288e+03,5.22475245e+05,2.80092486e+03,9.93555950e-16,3.69102293e-02,7.24696827e-01,2.38392944e-01
6.88688689e+01,5.58227413e-01,3.50566644e+03,5.22365432e+05,2.80182190e+03,9.94158965e-16,3.99256166e-02,7.25272505e-01,2.34801878e-01
6.89689690e+01,5.59540579e-01,3.50611609e+03,5.22341948e+05,2.80129771e+03,9.94153415e-16,4.30791254e-02,7.25882052e-01,2.31038823e-01
6.90690691e+01,5.60708503e-01,3.50583648e+03,5.21964328e+05,2.79988896e+03,9.94268580e-16,4.63594116e-02,7.26523950e-01,2.27116638e-01
6.91691692e+01,5.61077786e-01,3.50564653e+03,5.21737932e+05,2.80355513e+03,9.94681485e-16,4.97617528e-02,7.27197918e-01,2.23040330e-01
6.92692693e+01,5.61084286e-01,3.50576980e+03,5.21808762e+05,2.81089951e+03,9.95208589e-16,5.32788972e-02,7.27903127e-01,2.18817975e-01
6.93693694e+01,5.60964153e-01,3.50605002e+03,5.21684083e+05,2.81808132e+03,9.95734175e-16,5.68999051e-02,7.28637955e-01,2.14462139e-01
6.94694695e+01,5.60687342e-01,3.50638584e+03,5.21452485e+05,2.82570756e+03,9.96244549e-16,6.06122424e-02,7.29400377e-01,2.09987381e-01
6.95695696e+01,5.60156077e-01,3.50660682e+03,5.21251296e+05,2.83499906e+03,9.96793305e-16,6.44026526e-02,7.30188131e-01,2.05409216e-01
6.96696697e+01,5.59156293e-01,3.50667577e+03,5.21119298e+05,2.84725308e+03,9.97465372e-16,6.82582497e-02,7.30998947e-01,2.00742803e-01
6.97697698e+01,5.57364126e-01,3.50665283e+03,5.21027313e+05,2.86400228e+03,9.98341192e-16,7.21677526e-02,7.31830802e-01,1.96001445e-01
6.98698699e+01,5.54381235e-01,3.50661329e+03,5.20931798e+05,2.88718056e+03,9.99486621e-16,7.61225382e-02,7.32682161e-01,1.91195301e-01
6.99699700e+01,5.49758751e-01,3.50659218e+03,5.20812646e+05,2.91930357e+03,1.00096024e-15,8.01175287e-02,7.33552185e-01,1.86330287e-01
7.00700701e+01,5.43001229e-01,3.50658016e+03,5.20677138e+05,2.96363313e+03,1.00282288e-15,8.41520709e-02,7.34440952e-01,1.81406977e-01
7.01701702e+01,5.33563507e-01,3.50654997e+03,5.20543434e+05,3.02436886e+03,1.00513941e-15,8.82309670e-02,7.35349717e-01,1.76419316e-01
7.02702703e+01,5.20857641e-01,3.50648370e+03,5.20423365e+05,3.10694125e+03,1.00797132e-15,9.23657567e-02,7.36281235e-01,1.71353008e-01
7.03703704e+01,5.04279960e-01,3.50638429e+03,5.20315496e+05,3.21849369e+03,1.01136367e-15,9.65763530e-02,7.37240182e-01,1.66183465e-01
7.04704705e+01,4.83258908e-01,3.50627074e+03,5.20208897e+05,3.36867408e+03,1.01532855e-15,1.00893230e-01,7.38233705e-01,1.60873065e-01
7.05705706e+01,4.57318316e-01,3.50616435e+03,5.20092524e+05,3.57094016e+03,1.01983043e-15,1.05360439e-01,7.39272188e-01,1.55367372e-01
7.06706707e+01,4.26149050e-01,3.50607539e+03,5.19964413e+05,3.84475956e+03,1.02475943e-15,1.10040250e-01,7.40370405e-01,1.49589345e-01
7.07707708e+01,3.89681059e-01,3.50600061e+03,5.19835389e+05,4.21946138e+03,1.03005941e-15,1.15020211e-01,7.41549269e-01,1.43430520e-01
7.08708709e+01,3.48271242e-01,3.50594131e+03,5.19730294e+05,4.73979223e+03,1.04046528e-15,1.20441531e-01,7.42842677e-01,1.36715792e-01
7.09709710e+01,3.09078411e-01,3.50586486e+03,5.19629180e+05,5.36448344e+03,1.05174067e-15,1.26450018e-01,7.44285917e-01,1.29264065e-01
7.10710711e+01,2.78662951e-01,3.50578675e+03,5.19559759e+05,5.97937925e+03,1.06141471e-15,1.32997893e-01,7.45867935e-01,1.21134172e-01
7.11711712e+01,2.55795807e-01,3.50568970e+03,5.19492842e+05,6.54843548e+03,1.06884767e-15,1.39964727e-01,7.47559769e-01,1.12475504e-01
7.12712713e+01,2.39058861e-01,3.50552227e+03,5.19400266e+05,7.04534365e+03,1.07367911e-15,1.47187887e-01,7.49321751e-01,1.03490362e-01
7.13713714e+01,2.27132064e-01,3.50527233e+03,5.19276098e+05,7.45623579e+03,1.07585780e-15,1.54486419e-01,7.51109296e-01,9.44042855e-02
7.14714715e+01,2.18858114e-01,3.50495602e+03,5.19126786e+05,7.78014207e+03,1.07562276e-15,1.61686849e-01,7.52879269e-01,8.54338821e-02
7.15715716e+01,2.13273219e-01,3.50461812e+03,5.18971552e+05,8.02586359e+03,1.07340946e-15,1.68642985e-01,7.54594945e-01,7.67620703e-02
7.16716717e+01,2.09615120e-01,3.50435133e+03,5.18845856e+05,8.20728124e+03,1.06969383e-15,1.75245500e-01,7.56228493e-01,6.85260074e-02
7.17717718e+01,2.07296730e-01,3.50419530e+03,5.18768676e+05,8.33926479e+03,1.06493032e-15,1.81422218e-01,7.57761165e-01,6.08166167e-02
7.18718719e+01,2.05870516e-01,3.50406899e+03,5.18706772e+05,8.43499126e+03,1.05956355e-15,1.87133263e-01,7.59182191e-01,5.36845459e-02
7.19719720e+01,2.05013755e-01,3.50385123e+03,5.18612972e+05,8.50486787e+03,1.05397346e-15,1.92363961e-01,7.60487088e-01,4.71489516e-02
7.20720721e+01,2.04512834e-01,3.50351377e+03,5.18478411e+05,8.55669946e+03,1.04841118e-15,1.97117121e-01,7.61675781e-01,4.12070974e-02
7.21721722e+01,2.04232161e-01,3.50312960e+03,5.18330890e+05,8.59626229e+03,1.04301722e-15,2.01406758e-01,7.62751069e-01,3.58421731e-02
7.22722723e+01,2.04082353e-01,3.50277340e+03,5.18196463e+05,8.62767057e+03,1.03788277e-15,2.05254146e-01,7.63717644e-01,3.10282102e-02
7.23723724e+01,2.04001453e-01,3.50245145e+03,5.18075435e+05,8.65360893e+03,1.03308682e-15,2.08685350e-01,7.64581486e-01,2.67331637e-02
7.24724725e+01,2.03949133e-01,3.50213598e+03,5.17956810e+05,8.67573566e+03,1.02868972e-15,2.11729255e-01,7.65349362e-01,2.29213830e-02
7.25725726e+01,2.03904716e-01,3.50182356e+03,5.17838933e+05,8.69506863e+03,1.02471530e-15,2.14415889e-01,7.66028402e-01,1.95557086e-02
7.26726727e+01,2.03860931e-01,3.50151771e+03,5.17720867e+05,8.71208285e+03,1.02115954e-15,2.16775266e-01,7.66625807e-01,1.65989271e-02
7.27727728e+01,2.03815615e-01,3.50120341e+03,5.17593097e+05,8.72689540e+03,1.01800809e-15,2.18836736e-01,7.67148675e-01,1.40145891e-02
7.28728729e+01,2.03763675e-01,3.50086143e+03,5.17456122e+05,8.73991690e+03,1.01524431e-15,2.20628656e-01,7.67603910e-01,1.17674343e-02
7.29729730e+01,2.03696086e-01,3.50049643e+03,5.17315730e+05,8.75181421e+03,1.01284641e-15,2.22178157e-01,7.67998160e-01,9.82368265e-03
7.30730731e+01,2.03602917e-01,3.50012185e+03,5.17172196e+05,8.76319683e+03,1.01078635e-15,2.23510954e-01,7.68337761e-01,8.15128573e-03
7.31731732e+01,2.03475618e-01,3.49974585e+03,5.17025523e+05,8.77460484e+03,1.00902934e-15,2.24651175e-01,7.68628686e-01,6.72013952e-03
7.32732733e+01,2.03309036e-01,3.49936946e+03,5.16876109e+05,8.78643165e+03,1.00753428e-15,2.25621242e-01,7.68876511e-01,5.50224728e-03
7.33733734e+01,2.03103456e-01,3.49898949e+03,5.16723808e+05,8.79881763e+03,1.00625751e-15,2.26441796e-01,7.69086387e-01,4.47181637e-03
7.34734735e+01,2.02865530e-01,3.49859999e+03,5.16566758e+05,8.81158686e+03,1.00515818e-15,2.27131685e-01,7.69263038e-01,3.60527751e-03
7.35735736e+01,2.02606814e-01,3.49818962e+03,5.16398672e+05,8.82426033e+03,1.00420584e-15,2.27708000e-01,7.69410758e-01,2.88124231e-03
7.36736737e+01,2.02339639e-01,3.49772229e+03,5.16202573e+05,8.83612528e+03,1.00338756e-15,2.28186160e-01,7.69533435e-01,2.28040499e-03
7.37737738e+01,2.02068504e-01,3.49706964e+03,5.15931287e+05,8.84627598e+03,1.00272024e-15,2.28580017e-01,7.69634570e-01,1.78541304e-03
7.38738739e+01,2.01765003e-01,3.49582675e+03,5.15429255e+05,8.85337163e+03,1.00233334e-15,2.28901947e-01,7.69717300e-01,1.38075278e-03
7.39739740e+01,2.01300995e-01,3.49264192e+03,5.14201414e+05,8.85459576e+03,1.00258895e-15,2.29163064e-01,7.69784451e-01,1.05248505e-03
7.40740741e+01,2.00216385e-01,3.48317835e+03,5.10596098e+05,8.84171573e+03,1.00482090e-15,2.29373351e-01,7.69838563e-01,7.88085267e-04
7.41741742e+01,1.97012902e-01,3.45303694e+03,4.99273050e+05,8.78747683e+03,1.01320833e-15,2.29542203e-01,7.69882037e-01,5.75760036e-04
7.42742743e+01,1.86976978e-01,3.35301174e+03,4.63470078e+05,8.59616497e+03,1.04075243e-15,2.29679396e-01,7.69917377e-01,4.03227417e-04
7.43743744e+01,1.56326805e-01,3.00360952e+03,3.55374696e+05,7.88438544e+03,1.14033824e-15,2.29798028e-01,7.69947945e-01,2.54026279e-04
7.44744745e+01,8.56011935e-02,1.80105195e+03,1.26602784e+05,5.13010195e+03,1.36077713e-15,2.29927898e-01,7.69981416e-01,9.06860304e-05
7.45745746e+01,4.19201457e-02,3.11441568e+02,1.26022953e+04,1.04283293e+03,1.10774953e-15,2.29996706e-01,7.69999151e-01,4.14258309e-06
7.46746747e+01,3.50063334e-02,7.98409734e+00,3.11303625e+03,3.08479729e+02,1.00324211e-15,2.29999992e-01,7.69999998e-01,1.00788842e-08
7.47747748e+01,3.46937827e-02,7.08272303e-02,3.00085571e+03,3.00042337e+02,1.00004460e-15,2.30000000e-01,7.70000000e-01,3.13092022e-13
7.48748749e+01,3.46888346e-02,5.73226682e-04,3.00000692e+03,3.00000257e+02,1.00000061e-15,2.30000000e-01,7.70000000e-01,5.01513264e-20
7.49749750e+01,3.46887848e-02,4.60724678e-06,3.00000006e+03,3.00000002e+02,1.00000001e-15,2.30000000e-01,7.70000000e-01,4.03697989e-29
7.50750751e+01,3.46887843e-02,3.68820454e-08,3.00000000e+03,3.00000000e+02,1.00000000e-15,2.30000000e-01,7.70000000e-01,1.65877665e-40
7.51751752e+01,3.46887843e-02,2.95086324e-10,3.00000000e+03,3.00000000e+02,1.00000000e-15,2.30000000e-01,7.70000000e-01,3.46273089e-54
7.52752753e+01,3.46887843e-02,2.36076837e-12,3.00000000e+03,3.00000000e+02,1.00000000e-15,2.30000000e-01,7.70000000e-01,3.71036572e-70
7.53753754e+01,3.46887843e-02,1.94662307e-14,3.00000000e+03,3.00000000e+02,1.00000000e-15,2.30000000e-01,7.70000000e-01,2.06008317e-88
7.54754755e+01,3.46887843e-02,0.00000000e+00,3.00000000e+03,3.00000000e+02,1.00000000e-15,2.30000000e-01,7.70000000e-01,6.05345586e-109
7.55755756e+01,3.46887843e-02,0.00000000e+00,3.00000000e+03,3.00000000e+02,1.00000000e-15,2.30000000e-01,7.70000000e-01,0.00000000e+00
7.56756757e+01,3.46887843e-02,0.00000000e+00,3.00000000e+03,3.00000000e+02,1.00000000e-15,2.30000000e-01,7.70000000e-01,0.00000000e+00
7.57757758e+01,3.46887843e-02,0.00000000e+00,3.00000000e+03,3.00000000e+02,1.00000000e-15,2.30000000e-01,7.70000000e-01,0.00000000e+00
7.58758759e+01,3.46887843e-02,0.00000000e+00,3.00000000e+03,3.00000000e+02,1.00000000e-15,2.30000000e-01,7.70000000e-01,0.00000000e+00
7.59759760e+01,3.46887843e-02,0.00000000e+00,3.00000000e+03,3.00000000e+02,1.00000000e-15,2.30000000e-01,7.70000000e-01,0.00000000e+00
7.60760761e+01,3.46887843e-02,0.00000000e+00,3.00000000e+03,3.00000000e+02,1.00000000e-15,2.30000000e-01,7.70000000e-01,0.00000000e+00
7.61761762e+01,3.46887843e-02,0.00000000e+00,3.00000000e+03,3.00000000e+02,1.00000000e-15,2.30000000e-01,7.70000000e-01,0.00000000e+00
7.62762763e+01,3.46887843e-02,0.00000000e+00,3.00000000e+03,3.00000000e+02,1.00000000e-15,2.30000000e-01,7.70000000e-01,0.00000000e+00
7.63763764e+01,3.46887843e-02,0.00000000e+00,3.00000000e+03,3.00000000e+02,1.00000000e-15,2.30000000e-01,7.70000000e-01,0.00000000e+00
7.64764765e+01,3.46887843e-02,0.00000000e+00,3.00000000e+03,3.00000000e+02,1.00000000e-15,2.30000000e-01,7.70000000e-01,0.00000000e+00
7.65765766e+01,3.46887843e-02,0.00000000e+00,3.00000000e+03,3.00000000e+02,1.00000000e-15,2.30000000e-01,7.70000000e-01,0.00000000e+00
7.66766767e+01,3.46887843e-02,0.00000000e+00,3.00000000e+03,3.00000000e+02,1.00000000e-15,2.30000000e-01,7.70000000e-01,0.00000000e+00
7.67767768e+01,3.46887843e-02,0.00000000e+00,3.00000000e+03,3.00000000e+02,1.00000000e-15,2.30000000e-01,7.70000000e-01,0.00000000e+00
7.68768769e+01,3.46887843e-02,0.00000000e+00,3.00000000e+03,3.00000000e+02,1.00000000e-15,2.30000000e-01,7.70000000e-01,0.00000000e+00
7.69769770e+01,3.46887843e-02,0.00000000e+00,3.00000000e+03,3.00000000e+02,1.00000000e-15,2.30000000e-01,7.70000000e-01,0.00000000e+00
7.70770771e+01,3.46887843e-02,0.00000000e+00,3.00000000e+03,3.00000000e+02,1.00000000e-15,2.30000000e-01,7.70000000e-01,0.00000000e+00
7.71771772e+01,3.46887843e-02,0.00000000e+00,3.00000000e+03,3.00000000e+02,1.00000000e-15,2.30000000e-01,7.70000000e-01,0.00000000e+00
7.72772773e+01,3.46887843e-02,0.00000000e+00,3.00000000e+03,3.00000000e+02,1.00000000e-15,2.30000000e-01,7.70000000e-01,0.00000000e+00
7.73773774e+01,3.46887843e-02,0.00000000e+00,3.00000000e+03,3.00000000e+02,1.00000000e-15,2.30000000e-01,7.70000000e-01,0.00000000e+00
7.74774775e+01,3.46887843e-02,0.00000000e+00,3.00000000e+03,3.00000000e+02,1.00000000e-15,2.30000000e-01,7.70000000e-01,0.00000000e+00
7.75775776e+01,3.46887843e-02,0.00000000e+00,3.00000000e+03,3.00000000e+02,1.00000000e-15,2.30000000e-01,7.70000000e-01,0.00000000e+00
7.76776777e+01,3.46887843e-02,0.00000000e+00,3.00000000e+03,3.00000000e+02,1.00000000e-15,2.30000000e-01,7.70000000e-01,0.00000000e+00
7.77777778e+01,3.46887843e-02,0.00000000e+00,3.00000000e+03,3.00000000e+02,1.00000000e-15,2.30000000e-01,7.70000000e-01,0.00000000e+00
7.78778779e+01,3.46887843e-02,0.00000000e+00,3.00000000e+03,3.00000000e+02,1.00000000e-15,2.30000000e-01,7.70000000e-01,0.00000000e+00
7.79779780e+01,3.46887843e-02,0.00000000e+00,3.00000000e+03,3.00000000e+02,1.00000000e-15,2.30000000e-01,7.70000000e-01,0.00000000e+00
7.80780781e+01,3.46887843e-02,0.00000000e+00,3.00000000e+03,3.00000000e+02,1.00000000e-15,2.30000000e-01,7.70000000e-01,0.00000000e+00
7.81781782e+01,3.46887843e-02,0.00000000e+00,3.00000000e+03,3.00000000e+02,1.00000000e-15,2.30000000e-01,7.70000000e-01,0.00000000e+00
7.82782783e+01,3.46887843e-02,0.00000000e+00,3.00000000e+03,3.00000000e+02,1.00000000e-15,2.30000000e-01,7.70000000e-01,0.00000000e+00
7.83783784e+01,3.46887843e-02,0.00000000e+00,3.00000000e+03,3.00000000e+02,1.00000000e-15,2.30000000e-01,7.70000000e-01,0.00000000e+00
7.84784785e+01,3.46887843e-02,0.00000000e+00,3.00000000e+03,3.00000000e+02,1.00000000e-15,2.30000000e-01,7.70000000e-01,0.00000000e+00
7.85785786e+01,3.46887843e-02,0.00000000e+00,3.00000000e+03,3.00000000e+02,1.00000000e-15,2.30000000e-01,7.70000000e-01,0.00000000e+00
7.86786787e+01,3.46887843e-02,0.00000000e+00,3.00000000e+03,3.00000000e+02,1.00000000e-15,2.30000000e-01,7.70000000e-01,0.00000000e+00
7.87787788e+01,3.46887843e-02,0.00000000e+00,3.00000000e+03,3.00000000e+02,1.00000000e-15,2.30000000e-01,7.70000000e-01,0.00000000e+00
7.88788789e+01,3.46887843e-02,0.00000000e+00,3.00000000e+03,3.00000000e+02,1.00000000e-15,2.30000000e-01,7.70000000e-01,0.00000000e+00
7.89789790e+01,3.46887843e-02,0.00000000e+00,3.00000000e+03,3.00000000e+02,1.00000000e-15,2.30000000e-01,7.70000000e-01,0.00000000e+00
7.90790791e+01,3.46887843e-02,0.00000000e+00,3.00000000e+03,3.00000000e+02,1.00000000e-15,2.30000000e-01,7.70000000e-01,0.00000000e+00
7.91791792e+01,3.46887843e-02,0.00000000e+00,3.00000000e+03,3.00000000e+02,1.00000000e-15,2.30000000e-01,7.70000000e-01,0.00000000e+00
7.92792793e+01,3.46887843e-02,0.00000000e+00,3.00000000e+03,3.00000000e+02,1.00000000e-15,2.30000000e-01,7.70000000e-01,0.00000000e+00
7.93793794e+01,3.46887843e-02,0.00000000e+00,3.00000000e+03,3.00000000e+02,1.00000000e-15,2.30000000e-01,7.70000000e-01,0.00000000e+00
7.94794795e+01,3.46887843e-02,0.00000000e+00,3.00000000e+03,3.00000000e+02,1.00000000e-15,2.30000000e-01,7.70000000e-01,0.00000000e+00
7.95795796e+01,3.46887843e-02,0.00000000e+00,3.00000000e+03,3.00000000e+02,1.00000000e-15,2.30000000e-01,7.70000000e-01,0.00000000e+00
7.96796797e+01,3.46887843e-02,0.00000000e+00,3.00000000e+03,3.00000000e+02,1.00000000e-15,2.30000000e-01,7.70000000e-01,0.00000000e+00
7.97797798e+01,3.46887843e-02,0.00000000e+00,3.00000000e+03,3.00000000e+02,1.00000000e-15,2.30000000e-01,7.70000000e-01,0.00000000e+00
7.98798799e+01,3.46887843e-02,0.00000000e+00,3.00000000e+03,3.00000000e+02,1.00000000e-15,2.30000000e-01,7.70000000e-01,0.00000000e+00
7.99799800e+01,3.46887843e-02,0.00000000e+00,3.00000000e+03,3.00000000e+02,1.00000000e-15,2.30000000e-01,7.70000000e-01,0.00000000e+00
8.00800801e+01,3.46887843e-02,0.00000000e+00,3.00000000e+03,3.00000000e+02,1.00000000e-15,2.30000000e-01,7.70000000e-01,0.00000000e+00
8.01801802e+01,3.46887843e-02,0.00000000e+00,3.00000000e+03,3.00000000e+02,1.00000000e-15,2.30000000e-01,7.70000000e-01,0.00000000e+00
8.02802803e+01,3.46887843e-02,0.00000000e+00,3.00000000e+03,3.00000000e+02,1.00000000e-15,2.30000000e-01,7.70000000e-01,0.00000000e+00
8.03803804e+01,3.46887843e-02,0.00000000e+00,3.00000000e+03,3.00000000e+02,1.00000000e-15,2.30000000e-01,7.70000000e-01,0.00000000e+00
8.04804805e+01,3.46887843e-02,0.00000000e+00,3.00000000e+03,3.00000000e+02,1.00000000e-15,2.30000000e-01,7.70000000e-01,0.00000000e+00
8.05805806e+01,3.46887843e-02,0.00000000e+00,3.00000000e+03,3.00000000e+02,1.00000000e-15,2.30000000e-01,7.70000000e-01,0.00000000e+00
8.06806807e+01,3.46887843e-02,0.00000000e+00,3.00000000e+03,3.00000000e+02,1.00000000e-15,2.30000000e-01,7.70000000e-01,0.00000000e+00
8.07807808e+01,3.46887843e-02,0.00000000e+00,3.00000000e+03,3.00000000e+02,1.00000000e-15,2.30000000e-01,7.70000000e-01,0.00000000e+00
8.08808809e+01,3.46887843e-02,0.00000000e+00,3.00000000e+03,3.00000000e+02,1.00000000e-15,2.30000000e-01,7.70000000e-01,0.00000000e+00
8.09809810e+01,3.46887843e-02,0.00000000e+00,3.00000000e+03,3.00000000e+02,1.00000000e-15,2.30000000e-01,7.70000000e-01,0.00000000e+00
8.10810811e+01,3.46887843e-02,0.00000000e+00,3.00000000e+03,3.00000000e+02,1.00000000e-15,2.30000000e-01,7.70000000e-01,0.00000000e+00
8.11811812e+01,3.46887843e-02,0.00000000e+00,3.00000000e+03,3.00000000e+02,1.00000000e-15,2.30000000e-01,7.70000000e-01,0.00000000e+00
8.12812813e+01,3.46887843e-02,0.00000000e+00,3.00000000e+03,3.00000000e+02,1.00000000e-15,2.30000000e-01,7.70000000e-01,0.00000000e+00
8.13813814e+01,3.46887843e-02,0.00000000e+00,3.00000000e+03,3.00000000e+02,1.00000000e-15,2.30000000e-01,7.70000000e-01,0.00000000e+00
8.14814815e+01,3.46887843e-02,0.00000000e+00,3.00000000e+03,3.00000000e+02,1.00000000e-15,2.30000000e-01,7.70000000e-01,0.00000000e+00
8.15815816e+01,3.46887843e-02,0.00000000e+00,3.00000000e+03,3.00000000e+02,1.00000000e-15,2.30000000e-01,7.70000000e-01,0.00000000e+00
8.16816817e+01,3.46887843e-02,0.00000000e+00,3.00000000e+03,3.00000000e+02,1.00000000e-15,2.30000000e-01,7.70000000e-01,0.00000000e+00
8.17817818e+01,3.46887843e-02,0.00000000e+00,3.00000000e+03,3.00000000e+02,1.00000000e-15,2.30000000e-01,7.70000000e-01,0.00000000e+00
8.18818819e+01,3.46887843e-02,0.00000000e+00,3.00000000e+03,3.00000000e+02,1.00000000e-15,2.30000000e-01,7.70000000e-01,0.00000000e+00
8.19819820e+01,3.46887843e-02,0.00000000e+00,3.00000000e+03,3.00000000e+02,1.00000000e-15,2.30000000e-01,7.70000000e-01,0.00000000e+00
8.20820821e+01,3.46887843e-02,0.00000000e+00,3.00000000e+03,3.00000000e+02,1.00000000e-15,2.30000000e-01,7.70000000e-01,0.00000000e+00
8.21821822e+01,3.46887843e-02,0.00000000e+00,3.00000000e+03,3.00000000e+02,1.00000000e-15,2.30000000e-01,7.70000000e-01,0.00000000e+00
8.22822823e+01,3.46887843e-02,0.00000000e+00,3.00000000e+03,3.00000000e+02,1.00000000e-15,2.30000000e-01,7.70000000e-01,0.00000000e+00
8.23823824e+01,3.46887843e-02,0.00000000e+00,3.00000000e+03,3.00000000e+02,1.00000000e-15,2.30000000e-01,7.70000000e-01,0.00000000e+00
8.24824825e+01,3.46887843e-02,0.00000000e+00,3.00000000e+03,3.00000000e+02,1.00000000e-15,2.30000000e-01,7.70000000e-01,0.00000000e+00
8.25825826e+01,3.46887843e-02,0.00000000e+00,3.00000000e+03,3.00000000e+02,1.00000000e-15,2.30000000e-01,7.70000000e-01,0.00000000e+00
8.26826827e+01,3.46887843e-02,0.00000000e+00,3.00000000e+03,3.00000000e+02,1.00000000e-15,2.30000000e-01,7.70000000e-01,0.00000000e+00
8.27827828e+01,3.46887843e-02,0.00000000e+00,3.00000000e+03,3.00000000e+02,1.00000000e-15,2.30000000e-01,7.70000000e-01,0.00000000e+00
8.28828829e+01,3.46887843e-02,0.00000000e+00,3.00000000e+03,3.00000000e+02,1.00000000e-15,2.30000000e-01,7.70000000e-01,0.00000000e+00
8.29829830e+01,3.46887843e-02,0.00000000e+00,3.00000000e+03,3.00000000e+02,1.00000000e-15,2.30000000e-01,7.70000000e-01,0.00000000e+00
8.30830831e+01,3.46887843e-02,0.00000000e+00,3.00000000e+03,3.00000000e+02,1.00000000e-15,2.30000000e-01,7.70000000e-01,0.00000000e+00
8.31831832e+01,3.46887843e-02,0.00000000e+00,3.00000000e+03,3.00000000e+02,1.00000000e-15,2.30000000e-01,7.70000000e-01,0.00000000e+00
8.32832833e+01,3.46887843e-02,0.00000000e+00,3.00000000e+03,3.00000000e+02,1.00000000e-15,2.30000000e-01,7.70000000e-01,0.00000000e+00
8.33833834e+01,3.46887843e-02,0.00000000e+00,3.00000000e+03,3.00000000e+02,1.00000000e-15,2.30000000e-01,7.70000000e-01,0.00000000e+00
8.34834835e+01,3.46887843e-02,0.00000000e+00,3.00000000e+03,3.00000000e+02,1.00000000e-15,2.30000000e-01,7.70000000e-01,0.00000000e+00
8.35835836e+01,3.46887843e-02,0.00000000e+00,3.00000000e+03,3.00000000e+02,1.00000000e-15,2.30000000e-01,7.70000000e-01,0.00000000e+00
8.36836837e+01,3.46887843e-02,0.00000000e+00,3.00000000e+03,3.00000000e+02,1.00000000e-15,2.30000000e-01,7.70000000e-01,0.00000000e+00
8.37837838e+01,3.46887843e-02,0.00000000e+00,3.00000000e+03,3.00000000e+02,1.00000000e-15,2.30000000e-01,7.70000000e-01,0.00000000e+00
8.38838839e+01,3.46887843e-02,0.00000000e+00,3.00000000e+03,3.00000000e+02,1.00000000e-15,2.30000000e-01,7.70000000e-01,0.00000000e+00
8.39839840e+01,3.46887843e-02,0.00000000e+00,3.00000000e+03,3.00000000e+02,1.00000000e-15,2.30000000e-01,7.70000000e-01,0.00000000e+00
8.40840841e+01,3.46887843e-02,0.00000000e+00,3.00000000e+03,3.00000000e+02,1.00000000e-15,2.30000000e-01,7.70000000e-01,0.00000000e+00
8.41841842e+01,3.46887843e-02,0.00000000e+00,3.00000000e+03,3.00000000e+02,1.00000000e-15,2.30000000e-01,7.70000000e-01,0.00000000e+00
8.42842843e+01,3.46887843e-02,0.00000000e+00,3.00000000e+03,3.00000000e+02,1.00000000e-15,2.30000000e-01,7.70000000e-01,0.00000000e+00
8.43843844e+01,3.46887843e-02,0.00000000e+00,3.00000000e+03,3.00000000e+02,1.00000000e-15,2.30000000e-01,7.70000000e-01,0.00000000e+00
8.44844845e+01,3.46887843e-02,0.00000000e+00,3.00000000e+03,3.00000000e+02,1.00000000e-15,2.30000000e-01,7.70000000e-01,0.00000000e+00
8.45845846e+01,3.46887843e-02,0.00000000e+00,3.00000000e+03,3.00000000e+02,1.00000000e-15,2.30000000e-01,7.70000000e-01,0.00000000e+00
8.46846847e+01,3.46887843e-02,0.00000000e+00,3.00000000e+03,3.00000000e+02,1.00000000e-15,2.30000000e-01,7.70000000e-01,0.00000000e+00
8.47847848e+01,3.46887843e-02,0.00000000e+00,3.00000000e+03,3.00000000e+02,1.00000000e-15,2.30000000e-01,7.70000000e-01,0.00000000e+00
8.48848849e+01,3.46887843e-02,0.00000000e+00,3.00000000e+03,3.00000000e+02,1.00000000e-15,2.30000000e-01,7.70000000e-01,0.00000000e+00
8.49849850e+01,3.46887843e-02,0.00000000e+00,3.00000000e+03,3.00000000e+02,1.00000000e-15,2.30000000e-01,7.70000000e-01,0.00000000e+00
8.50850851e+01,3.46887843e-02,0.00000000e+00,3.00000000e+03,3.00000000e+02,1.00000000e-15,2.30000000e-01,7.70000000e-01,0.00000000e+00
8.51851852e+01,3.46887843e-02,0.00000000e+00,3.00000000e+03,3.00000000e+02,1.00000000e-15,2.30000000e-01,7.70000000e-01,0.00000000e+00
8.52852853e+01,3.46887843e-02,0.00000000e+00,3.00000000e+03,3.00000000e+02,1.00000000e-15,2.30000000e-01,7.70000000e-01,0.00000000e+00
8.53853854e+01,3.46887843e-02,0.00000000e+00,3.00000000e+03,3.00000000e+02,1.00000000e-15,2.30000000e-01,7.70000000e-01,0.00000000e+00
8.54854855e+01,3.46887843e-02,0.00000000e+00,3.00000000e+03,3.00000000e+02,1.00000000e-15,2.30000000e-01,7.70000000e-01,0.00000000e+00
8.55855856e+01,3.46887843e-02,0.00000000e+00,3.00000000e+03,3.00000000e+02,1.00000000e-15,2.30000000e-01,7.70000000e-01,0.00000000e+00
8.56856857e+01,3.46887843e-02,0.00000000e+00,3.00000000e+03,3.00000000e+02,1.00000000e-15,2.30000000e-01,7.70000000e-01,0.00000000e+00
8.57857858e+01,3.46887843e-02,0.00000000e+00,3.00000000e+03,3.00000000e+02,1.00000000e-15,2.30000000e-01,7.70000000e-01,0.00000000e+00
8.58858859e+01,3.46887843e-02,0.00000000e+00,3.00000000e+03,3.00000000e+02,1.00000000e-15,2.30000000e-01,7.70000000e-01,0.00000000e+00
8.59859860e+01,3.46887843e-02,0.00000000e+00,3.00000000e+03,3.00000000e+02,1.00000000e-15,2.30000000e-01,7.70000000e-01,0.00000000e+00
8.60860861e+01,3.46887843e-02,0.00000000e+00,3.00000000e+03,3.00000000e+02,1.00000000e-15,2.30000000e-01,7.70000000e-01,0.00000000e+00
8.61861862e+01,3.46887843e-02,0.00000000e+00,3.00000000e+03,3.00000000e+02,1.00000000e-15,2.30000000e-01,7.70000000e-01,0.00000000e+00
8.62862863e+01,3.46887843e-02,0.00000000e+00,3.00000000e+03,3.00000000e+02,1.00000000e-15,2.30000000e-01,7.70000000e-01,0.00000000e+00
8.63863864e+01,3.46887843e-02,0.00000000e+00,3.00000000e+03,3.00000000e+02,1.00000000e-15,2.30000000e-01,7.70000000e-01,0.00000000e+00
8.64864865e+01,3.46887843e-02,0.00000000e+00,3.00000000e+03,3.00000000e+02,1.00000000e-15,2.30000000e-01,7.70000000e-01,0.00000000e+00
8.65865866e+01,3.46887843e-02,0.00000000e+00,3.00000000e+03,3.00000000e+02,1.00000000e-15,2.30000000e-01,7.70000000e-01,0.00000000e+00
8.66866867e+01,3.46887843e-02,0.00000000e+00,3.00000000e+03,3.00000000e+02,1.00000000e-15,2.30000000e-01,7.70000000e-01,0.00000000e+00
8.67867868e+01,3.46887843e-02,0.00000000e+00,3.00000000e+03,3.00000000e+02,1.00000000e-15,2.30000000e-01,7.70000000e-01,0.00000000e+00
8.68868869e+01,3.46887843e-02,0.00000000e+00,3.00000000e+03,3.00000000e+02,1.00000000e-15,2.30000000e-01,7.70000000e-01,0.00000000e+00
8.69869870e+01,3.46887843e-02,0.00000000e+00,3.00000000e+03,3.00000000e+02,1.00000000e-15,2.30000000e-01,7.70000000e-01,0.00000000e+00
8.70870871e+01,3.46887843e-02,0.00000000e+00,3.00000000e+03,3.00000000e+02,1.00000000e-15,2.30000000e-01,7.70000000e-01,0.00000000e+00
8.71871872e+01,3.46887843e-02,0.00000000e+00,3.00000000e+03,3.00000000e+02,1.00000000e-15,2.30000000e-01,7.70000000e-01,0.00000000e+00
8.72872873e+01,3.46887843e-02,0.00000000e+00,3.00000000e+03,3.00000000e+02,1.00000000e-15,2.30000000e-01,7.70000000e-01,0.00000000e+00
8.73873874e+01,3.46887843e-02,0.00000000e+00,3.00000000e+03,3.00000000e+02,1.00000000e-15,2.30000000e-01,7.70000000e-01,0.00000000e+00
8.74874875e+01,3.46887843e-02,0.00000000e+00,3.00000000e+03,3.00000000e+02,1.00000000e-15,2.30000000e-01,7.70000000e-01,0.00000000e+00
8.75875876e+01,3.46887843e-02,0.00000000e+00,3.00000000e+03,3.00000000e+02,1.00000000e-15,2.30000000e-01,7.70000000e-01,0.00000000e+00
8.76876877e+01,3.46887843e-02,0.00000000e+00,3.00000000e+03,3.00000000e+02,1.00000000e-15,2.30000000e-01,7.70000000e-01,0.00000000e+00
8.77877878e+01,3.46887843e-02,0.00000000e+00,3.00000000e+03,3.00000000e+02,1.00000000e-15,2.30000000e-01,7.70000000e-01,0.00000000e+00
8.78878879e+01,3.46887843e-02,0.00000000e+00,3.00000000e+03,3.00000000e+02,1.00000000e-15,2.30000000e-01,7.70000000e-01,0.00000000e+00
8.79879880e+01,3.46887843e-02,0.00000000e+00,3.00000000e+03,3.00000000e+02,1.00000000e-15,2.30000000e-01,7.70000000e-01,0.00000000e+00
8.80880881e+01,3.46887843e-02,0.00000000e+00,3.00000000e+03,3.00000000e+02,1.00000000e-15,2.30000000e-01,7.70000000e-01,0.00000000e+00
8.81881882e+01,3.46887843e-02,0.00000000e+00,3.00000000e+03,3.00000000e+02,1.00000000e-15,2.30000000e-01,7.70000000e-01,0.00000000e+00
8.82882883e+01,3.46887843e-02,0.00000000e+00,3.00000000e+03,3.00000000e+02,1.00000000e-15,2.30000000e-01,7.70000000e-01,0.00000000e+00
8.83883884e+01,3.46887843e-02,0.00000000e+00,3.00000000e+03,3.00000000e+02,1.00000000e-15,2.30000000e-01,7.70000000e-01,0.00000000e+00
8.84884885e+01,3.46887843e-02,0.00000000e+00,3.00000000e+03,3.00000000e+02,1.00000000e-15,2.30000000e-01,7.70000000e-01,0.00000000e+00
8.85885886e+01,3.46887843e-02,0.00000000e+00,3.00000000e+03,3.00000000e+02,1.00000000e-15,2.30000000e-01,7.70000000e-01,0.00000000e+00
8.86886887e+01,3.46887843e-02,0.00000000e+00,3.00000000e+03,3.00000000e+02,1.00000000e-15,2.30000000e-01,7.70000000e-01,0.00000000e+00
8.87887888e+01,3.46887843e-02,0.00000000e+00,3.00000000e+03,3.00000000e+02,1.00000000e-15,2.30000000e-01,7.70000000e-01,0.00000000e+00
8.88888889e+01,3.46887843e-02,0.00000000e+00,3.00000000e+03,3.00000000e+02,1.00000000e-15,2.30000000e-01,7.70000000e-01,0.00000000e+00
8.89889890e+01,3.46887843e-02,0.00000000e+00,3.00000000e+03,3.00000000e+02,1.00000000e-15,2.30000000e-01,7.70000000e-01,0.00000000e+00
8.90890891e+01,3.46887843e-02,0.00000000e+00,3.00000000e+03,3.00000000e+02,1.00000000e-15,2.30000000e-01,7.70000000e-01,0.00000000e+00
8.91891892e+01,3.46887843e-02,0.00000000e+00,3.00000000e+03,3.00000000e+02,1.00000000e-15,2.30000000e-01,7.70000000e-01,0.00000000e+00
8.92892893e+01,3.46887843e-02,0.00000000e+00,3.00000000e+03,3.00000000e+02,1.00000000e-15,2.30000000e-01,7.70000000e-01,0.00000000e+00
8.93893894e+01,3.46887843e-02,0.00000000e+00,3.00000000e+03,3.00000000e+02,1.00000000e-15,2.30000000e-01,7.70000000e-01,0.00000000e+00
8.94894895e+01,3.46887843e-02,0.00000000e+00,3.00000000e+03,3.00000000e+02,1.00000000e-15,2.30000000e-01,7.70000000e-01,0.00000000e+00
8.95895896e+01,3.46887843e-02,0.00000000e+00,3.00000000e+03,3.00000000e+02,1.00000000e-15,2.30000000e-01,7.70000000e-01,0.00000000e+00
8.96896897e+01,3.46887843e-02,0.00000000e+00,3.00000000e+03,3.00000000e+02,1.00000000e-15,2.30000000e-01,7.70000000e-01,0.00000000e+00
8.97897898e+01,3.46887843e-02,0.00000000e+00,3.00000000e+03,3.00000000e+02,1.00000000e-15,2.30000000e-01,7.70000000e-01,0.00000000e+00
8.98898899e+01,3.46887843e-02,0.00000000e+00,3.00000000e+03,3.00000000e+02,1.00000000e-15,2.30000000e-01,7.70000000e-01,0.00000000e+00
8.99899900e+01,3.46887843e-02,0.00000000e+00,3.00000000e+03,3.00000000e+02,1.00000000e-15,2.30000000e-01,7.70000000e-01,0.00000000e+00
9.00900901e+01,3.46887843e-02,0.00000000e+00,3.00000000e+03,3.00000000e+02,1.00000000e-15,2.30000000e-01,7.70000000e-01,0.00000000e+00
9.01901902e+01,3.46887843e-02,0.00000000e+00,3.00000000e+03,3.00000000e+02,1.00000000e-15,2.30000000e-01,7.70000000e-01,0.00000000e+00
9.02902903e+01,3.46887843e-02,0.00000000e+00,3.00000000e+03,3.00000000e+02,1.00000000e-15,2.30000000e-01,7.70000000e-01,0.00000000e+00
9.03903904e+01,3.46887843e-02,0.00000000e+00,3.00000000e+03,3.00000000e+02,1.00000000e-15,2.30000000e-01,7.70000000e-01,0.00000000e+00
9.04904905e+01,3.46887843e-02,0.00000000e+00,3.00000000e+03,3.00000000e+02,1.00000000e-15,2.30000000e-01,7.70000000e-01,0.00000000e+00
9.05905906e+01,3.46887843e-02,0.00000000e+00,3.00000000e+03,3.00000000e+02,1.00000000e-15,2.30000000e-01,7.70000000e-01,0.00000000e+00
9.06906907e+01,3.46887843e-02,0.00000000e+00,3.00000000e+03,3.00000000e+02,1.00000000e-15,2.30000000e-01,7.70000000e-01,0.00000000e+00
9.07907908e+01,3.46887843e-02,0.00000000e+00,3.00000000e+03,3.00000000e+02,1.00000000e-15,2.30000000e-01,7.70000000e-01,0.00000000e+00
9.08908909e+01,3.46887843e-02,0.00000000e+00,3.00000000e+03,3.00000000e+02,1.00000000e-15,2.30000000e-01,7.70000000e-01,0.00000000e+00
9.09909910e+01,3.46887843e-02,0.00000000e+00,3.00000000e+03,3.00000000e+02,1.00000000e-15,2.30000000e-01,7.70000000e-01,0.00000000e+00
9.10910911e+01,3.46887843e-02,0.00000000e+00,3.00000000e+03,3.00000000e+02,1.00000000e-15,2.30000000e-01,7.70000000e-01,0.00000000e+00
9.11911912e+01,3.46887843e-02,0.00000000e+00,3.00000000e+03,3.00000000e+02,1.00000000e-15,2.30000000e-01,7.70000000e-01,0.00000000e+00
9.12912913e+01,3.46887843e-02,0.00000000e+00,3.00000000e+03,3.00000000e+02,1.00000000e-15,2.30000000e-01,7.70000000e-01,0.00000000e+00
9.13913914e+01,3.46887843e-02,0.00000000e+00,3.00000000e+03,3.00000000e+02,1.00000000e-15,2.30000000e-01,7.70000000e-01,0.00000000e+00
9.14914915e+01,3.46887843e-02,0.00000000e+00,3.00000000e+03,3.00000000e+02,1.00000000e-15,2.30000000e-01,7.70000000e-01,0.00000000e+00
9.15915916e+01,3.46887843e-02,0.00000000e+00,3.00000000e+03,3.00000000e+02,1.00000000e-15,2.30000000e-01,7.70000000e-01,0.00000000e+00
9.16916917e+01,3.46887843e-02,0.00000000e+00,3.00000000e+03,3.00000000e+02,1.00000000e-15,2.30000000e-01,7.70000000e-01,0.00000000e+00
9.17917918e+01,3.46887843e-02,0.00000000e+00,3.00000000e+03,3.00000000e+02,1.00000000e-15,2.30000000e-01,7.70000000e-01,0.00000000e+00
9.18918919e+01,3.46887843e-02,0.00000000e+00,3.00000000e+03,3.00000000e+02,1.00000000e-15,2.30000000e-01,7.70000000e-01,0.00000000e+00
9.19919920e+01,3.46887843e-02,0.00000000e+00,3.00000000e+03,3.00000000e+02,1.00000000e-15,2.30000000e-01,7.70000000e-01,0.00000000e+00
9.20920921e+01,3.46887843e-02,0.00000000e+00,3.00000000e+03,3.00000000e+02,1.00000000e-15,2.30000000e-01,7.70000000e-01,0.00000000e+00
9.21921922e+01,3.46887843e-02,0.00000000e+00,3.00000000e+03,3.00000000e+02,1.00000000e-15,2.30000000e-01,7.70000000e-01,0.00000000e+00
9.22922923e+01,3.46887843e-02,0.00000000e+00,3.00000000e+03,3.00000000e+02,1.00000000e-15,2.30000000e-01,7.70000000e-01,0.00000000e+00
9.23923924e+01,3.46887843e-02,0.00000000e+00,3.00000000e+03,3.00000000e+02,1.00000000e-15,2.30000000e-01,7.70000000e-01,0.00000000e+00
9.24924925e+01,3.46887843e-02,0.00000000e+00,3.00000000e+03,3.00000000e+02,1.00000000e-15,2.30000000e-01,7.70000000e-01,0.00000000e+00
9.25925926e+01,3.46887843e-02,0.00000000e+00,3.00000000e+03,3.00000000e+02,1.00000000e-15,2.30000000e-01,7.70000000e-01,0.00000000e+00
9.26926927e+01,3.46887843e-02,0.00000000e+00,3.00000000e+03,3.00000000e+02,1.00000000e-15,2.30000000e-01,7.70000000e-01,0.00000000e+00
9.27927928e+01,3.46887843e-02,0.00000000e+00,3.00000000e+03,3.00000000e+02,1.00000000e-15,2.30000000e-01,7.70000000e-01,0.00000000e+00
9.28928929e+01,3.46887843e-02,0.00000000e+00,3.00000000e+03,3.00000000e+02,1.00000000e-15,2.30000000e-01,7.70000000e-01,0.00000000e+00
9.29929930e+01,3.46887843e-02,0.00000000e+00,3.00000000e+03,3.00000000e+02,1.00000000e-15,2.30000000e-01,7.70000000e-01,0.00000000e+00
9.30930931e+01,3.46887843e-02,0.00000000e+00,3.00000000e+03,3.00000000e+02,1.00000000e-15,2.30000000e-01,7.70000000e-01,0.00000000e+00
9.31931932e+01,3.46887843e-02,0.00000000e+00,3.00000000e+03,3.00000000e+02,1.00000000e-15,2.30000000e-01,7.70000000e-01,0.00000000e+00
9.32932933e+01,3.46887843e-02,0.00000000e+00,3.00000000e+03,3.00000000e+02,1.00000000e-15,2.30000000e-01,7.70000000e-01,0.00000000e+00
9.33933934e+01,3.46887843e-02,0.00000000e+00,3.00000000e+03,3.00000000e+02,1.00000000e-15,2.30000000e-01,7.70000000e-01,0.00000000e+00
9.34934935e+01,3.46887843e-02,0.00000000e+00,3.00000000e+03,3.00000000e+02,1.00000000e-15,2.30000000e-01,7.70000000e-01,0.00000000e+00
9.35935936e+01,3.46887843e-02,0.00000000e+00,3.00000000e+03,3.00000000e+02,1.00000000e-15,2.30000000e-01,7.70000000e-01,0.00000000e+00
9.36936937e+01,3.46887843e-02,0.00000000e+00,3.00000000e+03,3.00000000e+02,1.00000000e-15,2.30000000e-01,7.70000000e-01,0.00000000e+00
9.37937938e+01,3.46887843e-02,0.00000000e+00,3.00000000e+03,3.00000000e+02,1.00000000e-15,2.30000000e-01,7.70000000e-01,0.00000000e+00
9.38938939e+01,3.46887843e-02,0.00000000e+00,3.00000000e+03,3.00000000e+02,1.00000000e-15,2.30000000e-01,7.70000000e-01,0.00000000e+00
9.39939940e+01,3.46887843e-02,0.00000000e+00,3.00000000e+03,3.00000000e+02,1.00000000e-15,2.30000000e-01,7.70000000e-01,0.00000000e+00
9.40940941e+01,3.46887843e-02,0.00000000e+00,3.00000000e+03,3.00000000e+02,1.00000000e-15,2.30000000e-01,7.70000000e-01,0.00000000e+00
9.41941942e+01,3.46887843e-02,0.00000000e+00,3.00000000e+03,3.00000000e+02,1.00000000e-15,2.30000000e-01,7.70000000e-01,0.00000000e+00
9.42942943e+01,3.46887843e-02,0.00000000e+00,3.00000000e+03,3.00000000e+02,1.00000000e-15,2.30000000e-01,7.70000000e-01,0.00000000e+00
9.43943944e+01,3.46887843e-02,0.00000000e+00,3.00000000e+03,3.00000000e+02,1.00000000e-15,2.30000000e-01,7.70000000e-01,0.00000000e+00
9.44944945e+01,3.46887843e-02,0.00000000e+00,3.00000000e+03,3.00000000e+02,1.00000000e-15,2.30000000e-01,7.70000000e-01,0.00000000e+00
9.45945946e+01,3.46887843e-02,0.00000000e+00,3.00000000e+03,3.00000000e+02,1.00000000e-15,2.30000000e-01,7.70000000e-01,0.00000000e+00
9.46946947e+01,3.46887843e-02,0.00000000e+00,3.00000000e+03,3.00000000e+02,1.00000000e-15,2.30000000e-01,7.70000000e-01,0.00000000e+00
9.47947948e+01,3.46887843e-02,0.00000000e+00,3.00000000e+03,3.00000000e+02,1.00000000e-15,2.30000000e-01,7.70000000e-01,0.00000000e+00
9.48948949e+01,3.46887843e-02,0.00000000e+00,3.00000000e+03,3.00000000e+02,1.00000000e-15,2.30000000e-01,7.70000000e-01,0.00000000e+00
9.49949950e+01,3.46887843e-02,0.00000000e+00,3.00000000e+03,3.00000000e+02,1.00000000e-15,2.30000000e-01,7.70000000e-01,0.00000000e+00
9.50950951e+01,3.46887843e-02,0.00000000e+00,3.00000000e+03,3.00000000e+02,1.00000000e-15,2.30000000e-01,7.70000000e-01,0.00000000e+00
9.51951952e+01,3.46887843e-02,0.00000000e+00,3.00000000e+03,3.00000000e+02,1.00000000e-15,2.30000000e-01,7.70000000e-01,0.00000000e+00
9.52952953e+01,3.46887843e-02,0.00000000e+00,3.00000000e+03,3.00000000e+02,1.00000000e-15,2.30000000e-01,7.70000000e-01,0.00000000e+00
9.53953954e+01,3.46887843e-02,0.00000000e+00,3.00000000e+03,3.00000000e+02,1.00000000e-15,2.30000000e-01,7.70000000e-01,0.00000000e+00
9.54954955e+01,3.46887843e-02,0.00000000e+00,3.00000000e+03,3.00000000e+02,1.00000000e-15,2.30000000e-01,7.70000000e-01,0.00000000e+00
9.55955956e+01,3.46887843e-02,0.00000000e+00,3.00000000e+03,3.00000000e+02,1.00000000e-15,2.30000000e-01,7.70000000e-01,0.00000000e+00
9.56956957e+01,3.46887843e-02,0.00000000e+00,3.00000000e+03,3.00000000e+02,1.00000000e-15,2.30000000e-01,7.70000000e-01,0.00000000e+00
9.57957958e+01,3.46887843e-02,0.00000000e+00,3.00000000e+03,3.00000000e+02,1.00000000e-15,2.30000000e-01,7.70000000e-01,0.00000000e+00
9.58958959e+01,3.46887843e-02,0.00000000e+00,3.00000000e+03,3.00000000e+02,1.00000000e-15,2.30000000e-01,7.70000000e-01,0.00000000e+00
9.59959960e+01,3.46887843e-02,0.00000000e+00,3.00000000e+03,3.00000000e+02,1.00000000e-15,2.30000000e-01,7.70000000e-01,0.00000000e+00
9.60960961e+01,3.46887843e-02,0.00000000e+00,3.00000000e+03,3.00000000e+02,1.00000000e-15,2.30000000e-01,7.70000000e-01,0.00000000e+00
9.61961962e+01,3.46887843e-02,0.00000000e+00,3.00000000e+03,3.00000000e+02,1.00000000e-15,2.30000000e-01,7.70000000e-01,0.00000000e+00
9.62962963e+01,3.46887843e-02,0.00000000e+00,3.00000000e+03,3.00000000e+02,1.00000000e-15,2.30000000e-01,7.70000000e-01,0.00000000e+00
9.63963964e+01,3.46887843e-02,0.00000000e+00,3.00000000e+03,3.00000000e+02,1.00000000e-15,2.30000000e-01,7.70000000e-01,0.00000000e+00
9.64964965e+01,3.46887843e-02,0.00000000e+00,3.00000000e+03,3.00000000e+02,1.00000000e-15,2.30000000e-01,7.70000000e-01,0.00000000e+00
9.65965966e+01,3.46887843e-02,0.00000000e+00,3.00000000e+03,3.00000000e+02,1.00000000e-15,2.30000000e-01,7.70000000e-01,0.00000000e+00
9.66966967e+01,3.46887843e-02,0.00000000e+00,3.00000000e+03,3.00000000e+02,1.00000000e-15,2.30000000e-01,7.70000000e-01,0.00000000e+00
9.67967968e+01,3.46887843e-02,0.00000000e+00,3.00000000e+03,3.00000000e+02,1.00000000e-15,2.30000000e-01,7.70000000e-01,0.00000000e+00
9.68968969e+01,3.46887843e-02,0.00000000e+00,3.00000000e+03,3.00000000e+02,1.00000000e-15,2.30000000e-01,7.70000000e-01,0.00000000e+00
9.69969970e+01,3.46887843e-02,0.00000000e+00,3.00000000e+03,3.00000000e+02,1.00000000e-15,2.30000000e-01,7.70000000e-01,0.00000000e+00
9.70970971e+01,3.46887843e-02,0.00000000e+00,3.00000000e+03,3.00000000e+02,1.00000000e-15,2.30000000e-01,7.70000000e-01,0.00000000e+00
9.71971972e+01,3.46887843e-02,0.00000000e+00,3.00000000e+03,3.00000000e+02,1.00000000e-15,2.30000000e-01,7.70000000e-01,0.00000000e+00
9.72972973e+01,3.46887843e-02,0.00000000e+00,3.00000000e+03,3.00000000e+02,1.00000000e-15,2.30000000e-01,7.70000000e-01,0.00000000e+00
9.73973974e+01,3.46887843e-02,0.00000000e+00,3.00000000e+03,3.00000000e+02,1.00000000e-15,2.30000000e-01,7.70000000e-01,0.00000000e+00
9.74974975e+01,3.46887843e-02,0.00000000e+00,3.00000000e+03,3.00000000e+02,1.00000000e-15,2.30000000e-01,7.70000000e-01,0.00000000e+00
9.75975976e+01,3.46887843e-02,0.00000000e+00,3.00000000e+03,3.00000000e+02,1.00000000e-15,2.30000000e-01,7.70000000e-01,0.00000000e+00
9.76976977e+01,3.46887843e-02,0.00000000e+00,3.00000000e+03,3.00000000e+02,1.00000000e-15,2.30000000e-01,7.70000000e-01,0.00000000e+00
9.77977978e+01,3.46887843e-02,0.00000000e+00,3.00000000e+03,3.00000000e+02,1.00000000e-15,2.30000000e-01,7.70000000e-01,0.00000000e+00
9.78978979e+01,3.46887843e-02,0.00000000e+00,3.00000000e+03,3.00000000e+02,1.00000000e-15,2.30000000e-01,7.70000000e-01,0.00000000e+00
9.79979980e+01,3.46887843e-02,0.00000000e+00,3.00000000e+03,3.00000000e+02,1.00000000e-15,2.30000000e-01,7.70000000e-01,0.00000000e+00
9.80980981e+01,3.46887843e-02,0.00000000e+00,3.00000000e+03,3.00000000e+02,1.00000000e-15,2.30000000e-01,7.70000000e-01,0.00000000e+00
9.81981982e+01,3.46887843e-02,0.00000000e+00,3.00000000e+03,3.00000000e+02,1.00000000e-15,2.30000000e-01,7.70000000e-01,0.00000000e+00
9.82982983e+01,3.46887843e-02,0.00000000e+00,3.00000000e+03,3.00000000e+02,1.00000000e-15,2.30000000e-01,7.70000000e-01,0.00000000e+00
9.83983984e+01,3.46887843e-02,0.00000000e+00,3.00000000e+03,3.00000000e+02,1.00000000e-15,2.30000000e-01,7.70000000e-01,0.00000000e+00
9.84984985e+01,3.46887843e-02,0.00000000e+00,3.00000000e+03,3.00000000e+02,1.00000000e-15,2.30000000e-01,7.70000000e-01,0.00000000e+00
9.85985986e+01,3.46887843e-02,0.00000000e+00,3.00000000e+03,3.00000000e+02,1.00000000e-15,2.30000000e-01,7.70000000e-01,0.00000000e+00
9.86986987e+01,3.46887843e-02,0.00000000e+00,3.00000000e+03,3.00000000e+02,1.00000000e-15,2.30000000e-01,7.70000000e-01,0.00000000e+00
9.87987988e+01,3.46887843e-02,0.00000000e+00,3.00000000e+03,3.00000000e+02,1.00000000e-15,2.30000000e-01,7.70000000e-01,0.00000000e+00
9.88988989e+01,3.46887843e-02,0.00000000e+00,3.00000000e+03,3.00000000e+02,1.00000000e-15,2.30000000e-01,7.70000000e-01,0.00000000e+00
9.89989990e+01,3.46887843e-02,0.00000000e+00,3.00000000e+03,3.00000000e+02,1.00000000e-15,2.30000000e-01,7.70000000e-01,0.00000000e+00
9.90990991e+01,3.46887843e-02,0.00000000e+00,3.00000000e+03,3.00000000e+02,1.00000000e-15,2.30000000e-01,7.70000000e-01,0.00000000e+00
9.91991992e+01,3.46887843e-02,0.00000000e+00,3.00000000e+03,3.00000000e+02,1.00000000e-15,2.30000000e-01,7.70000000e-01,0.00000000e+00
9.92992993e+01,3.46887843e-02,0.00000000e+00,3.00000000e+03,3.00000000e+02,1.00000000e-15,2.30000000e-01,7.70000000e-01,0.00000000e+00
9.93993994e+01,3.46887843e-02,0.00000000e+00,3.00000000e+03,3.00000000e+02,1.00000000e-15,2.30000000e-01,7.70000000e-01,0.00000000e+00
9.94994995e+01,3.46887843e-02,0.00000000e+00,3.00000000e+03,3.00000000e+02,1.00000000e-15,2.30000000e-01,7.70000000e-01,0.00000000e+00
9.95995996e+01,3.46887843e-02,0.00000000e+00,3.00000000e+03,3.00000000e+02,1.00000000e-15,2.30000000e-01,7.70000000e-01,0.00000000e+00
9.96996997e+01,3.46887843e-02,0.00000000e+00,3.00000000e+03,3.00000000e+02,1.00000000e-15,2.30000000e-01,7.70000000e-01,0.00000000e+00
9.97997998e+01,3.46887843e-02,0.00000000e+00,3.00000000e+03,3.00000000e+02,1.00000000e-15,2.30000000e-01,7.70000000e-01,0.00000000e+00
9.98998999e+01,3.46887843e-02,0.00000000e+00,3.00000000e+03,3.00000000e+02,1.00000000e-15,2.30000000e-01,7.70000000e-01,0.00000000e+00
1.00000000e+02,3.46887843e-02,-0.00000000e+00,3.00000000e+03,3.00000000e+02,1.00000000e-15,2.30000000e-01,7.70000000e-01,0.00000000e+00
