# x(m), rho(kg/m3), u(m/s), p(Pa), T(K), Y_H2, Y_O2, Y_N2, Y_H2O
0.00000000e+00,8.38947897e+00,6.42100727e-03,1.86607830e+07,2.79196463e+03,1.18501936e-01,6.70741372e-07,6.00009375e-01,2.81488018e-01
1.00100100e-01,8.38947897e+00,-6.42100727e-03,1.86607830e+07,2.79196463e+03,1.18501936e-01,6.70741372e-07,6.00009375e-01,2.81488018e-01
2.00200200e-01,8.39296602e+00,-2.52705515e-02,1.86607716e+07,2.79080305e+03,1.18501919e-01,5.38326228e-07,6.00009375e-01,2.81488167e-01
3.00300300e-01,8.40297685e+00,-4.21105167e-02,1.86607243e+07,2.78747116e+03,1.18501922e-01,5.61622981e-07,6.00009375e-01,2.81488141e-01
4.00400400e-01,8.42133563e+00,-5.87234830e-02,1.86607026e+07,2.78139115e+03,1.18501922e-01,5.61899236e-07,6.00009375e-01,2.81488141e-01
5.00500501e-01,8.44313200e+00,-7.51898291e-02,1.86607137e+07,2.77421249e+03,1.18501922e-01,5.61900044e-07,6.00009375e-01,2.81488141e-01
6.00600601e-01,8.46037582e+00,-9.43808043e-02,1.86607781e+07,2.76856770e+03,1.18501922e-01,5.61902606e-07,6.00009375e-01,2.81488141e-01
7.00700701e-01,8.47142478e+00,-1.14856152e-01,1.86608680e+07,2.76497007e+03,1.18501922e-01,5.61906796e-07,6.00009375e-01,2.81488141e-01
8.00800801e-01,8.47813431e+00,-1.38768811e-01,1.86610043e+07,2.76280208e+03,1.18501922e-01,5.61911315e-07,6.00009375e-01,2.81488141e-01
9.00900901e-01,8.48203427e+00,-1.65573856e-01,1.86611704e+07,2.76155635e+03,1.18501922e-01,5.61915755e-07,6.00009375e-01,2.81488141e-01
1.00100100e+00,8.48420126e+00,-1.88324411e-01,1.86612468e+07,2.76086231e+03,1.18501922e-01,5.61919842e-07,6.00009375e-01,2.81488141e-01
1.10110110e+00,8.48536227e+00,-2.08744850e-01,1.86612054e+07,2.76047843e+03,1.18501922e-01,5.61923643e-07,6.00009375e-01,2.81488141e-01
1.20120120e+00,8.48601090e+00,-2.29516163e-01,1.86611511e+07,2.76025939e+03,1.18501922e-01,5.61927034e-07,6.00009375e-01,2.81488141e-01
1.30130130e+00,8.48647846e+00,-2.57648327e-01,1.86612163e+07,2.76011696e+03,1.18501922e-01,5.61930132e-07,6.00009375e-01,2.81488141e-01
1.40140140e+00,8.48689555e+00,-2.98655401e-01,1.86614553e+07,2.76001667e+03,1.18501922e-01,5.61932910e-07,6.00009375e-01,2.81488141e-01
1.50150150e+00,8.48721620e+00,-3.32996365e-01,1.86616042e+07,2.75993441e+03,1.18501922e-01,5.61935496e-07,6.00009375e-01,2.81488141e-01
1.60160160e+00,8.48748686e+00,-3.60730635e-01,1.86616894e+07,2.75985900e+03,1.18501922e-01,5.61937846e-07,6.00009375e-01,2.81488141e-01
1.70170170e+00,8.48775430e+00,-3.94310404e-01,1.86618356e+07,2.75979367e+03,1.18501922e-01,5.61939981e-07,6.00009375e-01,2.81488141e-01
1.80180180e+00,8.48812564e+00,-4.54384465e-01,1.86623488e+07,2.75974882e+03,1.18501922e-01,5.61941767e-07,6.00009375e-01,2.81488141e-01
1.90190190e+00,8.48839600e+00,-5.01241823e-01,1.86626655e+07,2.75970774e+03,1.18501922e-01,5.61943138e-07,6.00009375e-01,2.81488141e-01
2.00200200e+00,8.48843510e+00,-5.19177956e-01,1.86624241e+07,2.75965933e+03,1.18501922e-01,5.61943966e-07,6.00009375e-01,2.81488141e-01
2.10210210e+00,8.48842547e+00,-5.24509563e-01,1.86621065e+07,2.75961551e+03,1.18501922e-01,5.61944189e-07,6.00009375e-01,2.81488141e-01
2.20220220e+00,8.48867496e+00,-5.85542856e-01,1.86625949e+07,2.75960662e+03,1.18501922e-01,5.61943761e-07,6.00009375e-01,2.81488141e-01
2.30230230e+00,8.48922769e+00,-7.12901673e-01,1.86640008e+07,2.75963482e+03,1.18501922e-01,5.61942644e-07,6.00009375e-01,2.81488141e-01
2.40240240e+00,8.48925390e+00,-7.61152991e-01,1.86638802e+07,2.75960847e+03,1.18501922e-01,5.61940863e-07,6.00009375e-01,2.81488141e-01
2.50250250e+00,8.48858615e+00,-6.63597868e-01,1.86616700e+07,2.75949872e+03,1.18501922e-01,5.61938375e-07,6.00009375e-01,2.81488141e-01
2.60260260e+00,8.48816410e+00,-7.63845089e-01,1.86601906e+07,2.75941717e+03,1.18501922e-01,5.61935254e-07,6.00009375e-01,2.81488141e-01
2.70270270e+00,8.48950330e+00,-1.28847186e+00,1.86641171e+07,2.75956243e+03,1.18501922e-01,5.61931447e-07,6.00009375e-01,2.81488141e-01
2.80280280e+00,8.48846397e+00,-1.90085974e+00,1.86608469e+07,2.75941673e+03,1.18501922e-01,5.61927076e-07,6.00009375e-01,2.81488141e-01
2.90290290e+00,8.48166773e+00,-1.92323837e+00,1.86401237e+07,2.75856098e+03,1.18501922e-01,5.61922095e-07,6.00009375e-01,2.81488141e-01
3.00300300e+00,8.47059227e+00,-3.67467743e+00,1.86064405e+07,2.75717654e+03,1.18501922e-01,5.61916689e-07,6.00009375e-01,2.81488141e-01
3.10310310e+00,8.45754604e+00,-1.11255488e+01,1.85667512e+07,2.75553924e+03,1.18501922e-01,5.61910816e-07,6.00009375e-01,2.81488141e-01
3.20320320e+00,8.38097035e+00,-1.98317579e+01,1.83347152e+07,2.74596449e+03,1.18501922e-01,5.61904721e-07,6.00009375e-01,2.81488141e-01
3.30330330e+00,8.25820200e+00,-5.18345973e+01,1.79637971e+07,2.73040891e+03,1.18501922e-01,5.61898452e-07,6.00009375e-01,2.81488141e-01
3.40340340e+00,7.95520954e+00,-1.14123396e+02,1.70538244e+07,2.69082353e+03,1.18501922e-01,5.61892268e-07,6.00009375e-01,2.81488141e-01
3.50350350e+00,7.40813893e+00,-2.36087156e+02,1.54565668e+07,2.61890032e+03,1.18501922e-01,5.61886411e-07,6.00009375e-01,2.81488141e-01
3.60360360e+00,6.88433442e+00,-3.61216082e+02,1.39582708e+07,2.54498200e+03,1.18501922e-01,5.61880908e-07,6.00009375e-01,2.81488141e-01
3.70370370e+00,6.66079830e+00,-4.17006724e+02,1.33294741e+07,2.51189676e+03,1.18501922e-01,5.61875587e-07,6.00009375e-01,2.81488141e-01
3.80380380e+00,6.57925916e+00,-4.38596659e+02,1.30570792e+07,2.49348568e+03,1.18386618e-01,5.61323654e-07,5.99425558e-01,2.81214249e-01
3.90390390e+00,6.55559443e+00,-4.44619912e+02,1.30241149e+07,2.49447906e+03,1.18466819e-01,5.61698760e-07,5.99831634e-01,2.81404755e-01
4.00400400e+00,6.55238244e+00,-4.44964544e+02,1.30266189e+07,2.49558457e+03,1.18495164e-01,5.61828068e-07,5.99975158e-01,2.81472088e-01
4.10410410e+00,6.55284402e+00,-4.44779031e+02,1.30305765e+07,2.49602505e+03,1.18501898e-01,5.61854984e-07,6.00009253e-01,2.81488084e-01
4.20420420e+00,6.55369459e+00,-4.44575191e+02,1.30330593e+07,2.49616880e+03,1.18502271e-01,5.61851828e-07,6.00011138e-01,2.81488968e-01
4.30430430e+00,6.55381842e+00,-4.44599862e+02,1.30323598e+07,2.49604221e+03,1.18499681e-01,5.61834727e-07,5.99998024e-01,2.81482816e-01
4.40440440e+00,6.55381263e+00,-4.44625725e+02,1.30324448e+07,2.49605482e+03,1.18499960e-01,5.61831327e-07,5.99999437e-01,2.81483478e-01
4.50450450e+00,6.55392577e+00,-4.44674275e+02,1.30323127e+07,2.49600970e+03,1.18498855e-01,5.61821465e-07,5.99993845e-01,2.81480855e-01
4.60460460e+00,6.55423652e+00,-4.44772778e+02,1.30329584e+07,2.49602571e+03,1.18498347e-01,5.61814518e-07,5.99991274e-01,2.81479649e-01
4.70470470e+00,6.55463123e+00,-4.44916005e+02,1.30340003e+07,2.49607717e+03,1.18498241e-01,5.61809549e-07,5.99990736e-01,2.81479396e-01
4.80480480e+00,6.55505786e+00,-4.44928340e+02,1.30360270e+07,2.49625664e+03,1.18500433e-01,5.61815539e-07,6.00001835e-01,2.81484604e-01
4.90490490e+00,6.55495286e+00,-4.45035715e+02,1.30346167e+07,2.49608669e+03,1.18497579e-01,5.61797648e-07,5.99987383e-01,2.81477823e-01
5.00500501e+00,6.55511665e+00,-4.44994298e+02,1.30366950e+07,2.49633642e+03,1.18501655e-01,5.61812645e-07,6.00008022e-01,2.81487506e-01
5.10510511e+00,6.55510016e+00,-4.45024602e+02,1.30356243e+07,2.49619158e+03,1.18499096e-01,5.61796200e-07,5.99995064e-01,2.81481427e-01
5.20520521e+00,6.55503364e+00,-4.45008840e+02,1.30360992e+07,2.49627342e+03,1.18500731e-01,5.61799642e-07,6.00003342e-01,2.81485310e-01
5.30530531e+00,6.55511735e+00,-4.44994740e+02,1.30356566e+07,2.49619204e+03,1.18499057e-01,5.61787389e-07,5.99994865e-01,2.81481334e-01
5.40540541e+00,6.55541535e+00,-4.45055357e+02,1.30359239e+07,2.49615867e+03,1.18497684e-01,5.61776548e-07,5.99987916e-01,2.81478074e-01
5.50550551e+00,6.55611118e+00,-4.45259580e+02,1.30377558e+07,2.49624821e+03,1.18497508e-01,5.61771354e-07,5.99987023e-01,2.81477655e-01
5.60560561e+00,6.55677927e+00,-4.45385545e+02,1.30406591e+07,2.49649212e+03,1.18500240e-01,5.61779918e-07,6.00000855e-01,2.81484143e-01
5.70570571e+00,6.55702800e+00,-4.45533275e+02,1.30406102e+07,2.49642713e+03,1.18498385e-01,5.61766707e-07,5.99991464e-01,2.81479738e-01
5.80580581e+00,6.55753299e+00,-4.45611444e+02,1.30425457e+07,2.49657648e+03,1.18499756e-01,5.61768754e-07,5.99998407e-01,2.81482995e-01
5.90590591e+00,6.55808086e+00,-4.45689204e+02,1.30436172e+07,2.49659403e+03,1.18498758e-01,5.61759530e-07,5.99993352e-01,2.81480624e-01
6.00600601e+00,6.55819952e+00,-4.45830879e+02,1.30433331e+07,2.49652602e+03,1.18497261e-01,5.61747903e-07,5.99985774e-01,2.81477068e-01
6.10610611e+00,6.55861538e+00,-4.45835795e+02,1.30457296e+07,2.49676065e+03,1.18500381e-01,5.61758116e-07,6.00001572e-01,2.81484480e-01
6.20620621e+00,6.55867864e+00,-4.45937962e+02,1.30450119e+07,2.49664809e+03,1.18498061e-01,5.61742484e-07,5.99989825e-01,2.81478969e-01
6.30630631e+00,6.55876633e+00,-4.45937342e+02,1.30465077e+07,2.49683548e+03,1.18501170e-01,5.61752523e-07,6.00005566e-01,2.81486354e-01
6.40640641e+00,6.55881176e+00,-4.45953766e+02,1.30459546e+07,2.49674785e+03,1.18499484e-01,5.61739751e-07,5.99997030e-01,2.81482349e-01
6.50650651e+00,6.55885345e+00,-4.45962643e+02,1.30463549e+07,2.49679348e+03,1.18500201e-01,5.61738272e-07,6.00000661e-01,2.81484053e-01
6.60660661e+00,6.55900503e+00,-4.45986172e+02,1.30464037e+07,2.49676431e+03,1.18499291e-01,5.61728959e-07,5.99996050e-01,2.81481889e-01
6.70670671e+00,6.55935012e+00,-4.46061695e+02,1.30471514e+07,2.49678596e+03,1.18498819e-01,5.61721591e-07,5.99993664e-01,2.81480770e-01
6.80680681e+00,6.55978915e+00,-4.46198569e+02,1.30481677e+07,2.49682255e+03,1.18498382e-01,5.61714226e-07,5.99991450e-01,2.81479731e-01
6.90690691e+00,6.56023774e+00,-4.46245590e+02,1.30501425e+07,2.49698946e+03,1.18500290e-01,5.61717803e-07,6.00001111e-01,2.81484264e-01
7.00700701e+00,6.56019644e+00,-4.46361293e+02,1.30492464e+07,2.49687661e+03,1.18498255e-01,5.61702498e-07,5.99990804e-01,2.81479429e-01
7.10710711e+00,6.56028228e+00,-4.46329074e+02,1.30512979e+07,2.49714066e+03,1.18502801e-01,5.61718195e-07,6.00013826e-01,2.81490229e-01
7.20720721e+00,6.55990148e+00,-4.46267065e+02,1.30503970e+07,2.49710662e+03,1.18503115e-01,5.61713621e-07,6.00015416e-01,2.81490975e-01
7.30730731e+00,6.55893799e+00,-4.46098673e+02,1.30473587e+07,2.49691301e+03,1.18502118e-01,5.61702622e-07,6.00010367e-01,2.81488606e-01
7.40740741e+00,6.55887157e+00,-4.45861829e+02,1.30473998e+07,2.49693289e+03,1.18502749e-01,5.61699121e-07,6.00013559e-01,2.81490103e-01
7.50750751e+00,6.55873224e+00,-4.45937913e+02,1.30438241e+07,2.49647105e+03,1.18494706e-01,5.61654292e-07,5.99972836e-01,2.81470999e-01
7.60760761e+00,6.55978656e+00,-4.46094050e+02,1.30464299e+07,2.49658229e+03,1.18494049e-01,5.61644247e-07,5.99969512e-01,2.81469439e-01
7.70770771e+00,6.56230647e+00,-4.46638878e+02,1.30532885e+07,2.49693855e+03,1.18493908e-01,5.61636407e-07,5.99968794e-01,2.81469102e-01
7.80780781e+00,6.56362420e+00,-4.47184354e+02,1.30574749e+07,2.49720888e+03,1.18495285e-01,5.61635526e-07,5.99975767e-01,2.81472374e-01
7.90790791e+00,6.56459646e+00,-4.47403510e+02,1.30612939e+07,2.49750766e+03,1.18498209e-01,5.61641724e-07,5.99990573e-01,2.81479320e-01
8.00800801e+00,6.56529535e+00,-4.47449165e+02,1.30645024e+07,2.49778243e+03,1.18501664e-01,5.61650175e-07,6.00008065e-01,2.81487526e-01
8.10810811e+00,6.56451435e+00,-4.47596808e+02,1.30624029e+07,2.49767934e+03,1.18501607e-01,5.61641709e-07,6.00007778e-01,2.81487392e-01
8.20820821e+00,6.56274397e+00,-4.47186239e+02,1.30616325e+07,2.49799612e+03,1.18511553e-01,5.61680370e-07,6.00058137e-01,2.81511017e-01
8.30830831e+00,6.56141883e+00,-4.46449579e+02,1.30576514e+07,2.49775191e+03,1.18510944e-01,5.61668715e-07,6.00055056e-01,2.81509572e-01
8.40840841e+00,6.55967291e+00,-4.46500009e+02,1.30458018e+07,2.49652796e+03,1.18492976e-01,5.61574483e-07,5.99964078e-01,2.81466890e-01
8.50850851e+00,6.56095719e+00,-4.46237734e+02,1.30524010e+07,2.49713234e+03,1.18501021e-01,5.61603218e-07,6.00004813e-01,2.81486001e-01
8.60860861e+00,6.56291913e+00,-4.46639116e+02,1.30527645e+07,2.49671236e+03,1.18488824e-01,5.61535680e-07,5.99943053e-01,2.81457026e-01
8.70870871e+00,6.56283306e+00,-4.47250183e+02,1.30532211e+07,2.49680502e+03,1.18490125e-01,5.61531767e-07,5.99949643e-01,2.81460118e-01
8.80880881e+00,6.56422248e+00,-4.47027455e+02,1.30637998e+07,2.49793953e+03,1.18507204e-01,5.61602248e-07,6.00036119e-01,2.81500687e-01
8.90890891e+00,6.56354460e+00,-4.47290359e+02,1.30577900e+07,2.49726831e+03,1.18496762e-01,5.61541908e-07,5.99983246e-01,2.81475883e-01
9.00900901e+00,6.56187569e+00,-4.47015606e+02,1.30586727e+07,2.49778798e+03,1.18510250e-01,5.61594555e-07,6.00051542e-01,2.81507923e-01
9.10910911e+00,6.56139572e+00,-4.46446554e+02,1.30569449e+07,2.49765774e+03,1.18509417e-01,5.61578881e-07,6.00047322e-01,2.81505943e-01
9.20920921e+00,6.56024018e+00,-4.46501456e+02,1.30474450e+07,2.49661897e+03,1.18493334e-01,5.61490472e-07,5.99965891e-01,2.81467741e-01
9.30930931e+00,6.56134483e+00,-4.46339623e+02,1.30515013e+07,2.49691104e+03,1.18496354e-01,5.61492080e-07,5.99981183e-01,2.81474915e-01
9.40940941e+00,6.56442275e+00,-4.46947479e+02,1.30549991e+07,2.49666037e+03,1.18484431e-01,5.61422342e-07,5.99920810e-01,2.81446591e-01
9.50950951e+00,6.56580936e+00,-4.47948878e+02,1.30585186e+07,2.49683151e+03,1.18483222e-01,5.61402825e-07,5.99914690e-01,2.81443720e-01
9.60960961e+00,6.56819536e+00,-4.47742885e+02,1.30745420e+07,2.49848369e+03,1.18507095e-01,5.61501573e-07,6.00035566e-01,2.81500428e-01
9.70970971e+00,6.56752586e+00,-4.48379614e+02,1.30631973e+07,2.49707046e+03,1.18483356e-01,5.61374139e-07,5.99915367e-01,2.81444038e-01
9.80980981e+00,6.56811826e+00,-4.48242883e+02,1.30748262e+07,2.49854686e+03,1.18508066e-01,5.61475657e-07,6.00040483e-01,2.81502735e-01
9.90990991e+00,6.56856766e+00,-4.48358344e+02,1.30704693e+07,2.49783658e+03,1.18494156e-01,5.61393567e-07,5.99970053e-01,2.81469693e-01
1.00100100e+01,6.56830114e+00,-4.48445234e+02,1.30734686e+07,2.49831397e+03,1.18503507e-01,5.61421045e-07,6.00017398e-01,2.81491905e-01
1.01101101e+01,6.56804688e+00,-4.48406127e+02,1.30730946e+07,2.49832231e+03,1.18504309e-01,5.61407365e-07,6.00021461e-01,2.81493811e-01
1.02102102e+01,6.56649827e+00,-4.48090644e+02,1.30720490e+07,2.49854230e+03,1.18512341e-01,5.61427266e-07,6.00062127e-01,2.81512889e-01
1.03103103e+01,6.56215240e+00,-4.47090639e+02,1.30611413e+07,2.49805578e+03,1.18514948e-01,5.61420798e-07,6.00075330e-01,2.81519083e-01
1.04104104e+01,6.55731564e+00,-4.45548778e+02,1.30488595e+07,2.49748885e+03,1.18517739e-01,5.61414517e-07,6.00089459e-01,2.81525712e-01
1.05105105e+01,6.55290269e+00,-4.45006830e+02,1.30279728e+07,2.49564039e+03,1.18495420e-01,5.61288610e-07,5.99976454e-01,2.81472697e-01
1.06106106e+01,6.55421378e+00,-4.43911757e+02,1.30339133e+07,2.49615309e+03,1.18501394e-01,5.61296016e-07,6.00006698e-01,2.81486885e-01
1.07107107e+01,6.55760836e+00,-4.44695017e+02,1.30171928e+07,2.49303137e+03,1.18436228e-01,5.60965759e-07,5.99676745e-01,2.81332091e-01
1.08108108e+01,6.57198779e+00,-4.48817198e+02,1.30492217e+07,2.49408861e+03,1.18417648e-01,5.60855431e-07,5.99582672e-01,2.81287958e-01
1.09109109e+01,6.58950070e+00,-4.51563394e+02,1.31290680e+07,2.50098535e+03,1.18497910e-01,5.61212472e-07,5.99989062e-01,2.81478612e-01
1.10110110e+01,6.58688306e+00,-4.55328926e+02,1.31079188e+07,2.49869180e+03,1.18462677e-01,5.61021845e-07,5.99810667e-01,2.81394920e-01
1.11111111e+01,6.58590016e+00,-4.53204861e+02,1.31593110e+07,2.50602782e+03,1.18596690e-01,5.61632077e-07,6.00489213e-01,2.81713252e-01
1.12112112e+01,6.57180093e+00,-4.49344437e+02,1.31175720e+07,2.50366896e+03,1.18585776e-01,5.61555351e-07,6.00433950e-01,2.81687327e-01
1.13113113e+01,6.54690732e+00,-4.46352255e+02,1.30335660e+07,2.49794209e+03,1.18545520e-01,5.61339191e-07,6.00230120e-01,2.81591702e-01
1.14114114e+01,6.54788764e+00,-4.40578976e+02,1.30501189e+07,2.49986743e+03,1.18586901e-01,5.61508999e-07,6.00439648e-01,2.81690000e-01
1.15115115e+01,6.54253113e+00,-4.43439970e+02,1.29607720e+07,2.48871810e+03,1.18399486e-01,5.60594925e-07,5.99490708e-01,2.81244814e-01
1.16116116e+01,6.55024167e+00,-4.44653024e+02,1.30117921e+07,2.49396186e+03,1.18476014e-01,5.60930049e-07,5.99878194e-01,2.81426599e-01
1.17117117e+01,6.57516830e+00,-4.47172804e+02,1.30519023e+07,2.49363750e+03,1.18406098e-01,5.60571167e-07,5.99524190e-01,2.81260522e-01
1.18118118e+01,6.58451429e+00,-4.53386261e+02,1.30800658e+07,2.49539763e+03,1.18409589e-01,5.60559331e-07,5.99541866e-01,2.81268815e-01
1.19119119e+01,6.59584330e+00,-4.52149779e+02,1.31778116e+07,2.50617461e+03,1.18577445e-01,5.61325057e-07,6.00391767e-01,2.81667537e-01
1.20120120e+01,6.58648936e+00,-4.54008169e+02,1.31194933e+07,2.50040590e+03,1.18493084e-01,5.60896406e-07,5.99964623e-01,2.81467147e-01
1.21121121e+01,6.56481018e+00,-4.50359252e+02,1.31041389e+07,2.50340319e+03,1.18603078e-01,5.61387487e-07,6.00521555e-01,2.81728426e-01
1.22122122e+01,6.55263214e+00,-4.44298740e+02,1.30598060e+07,2.50010602e+03,1.18577683e-01,5.61237383e-07,6.00392973e-01,2.81668103e-01
1.23123123e+01,6.54009853e+00,-4.43967761e+02,1.29873507e+07,2.49304177e+03,1.18480580e-01,5.60747648e-07,5.99901311e-01,2.81437445e-01
1.24124124e+01,6.54630470e+00,-4.40066329e+02,1.30532966e+07,2.50071432e+03,1.18604279e-01,5.61302615e-07,6.00527638e-01,2.81731279e-01
1.25125125e+01,6.54923467e+00,-4.42175064e+02,1.29756093e+07,2.48919786e+03,1.18390876e-01,5.60261939e-07,5.99447118e-01,2.81224365e-01
1.26126126e+01,6.56099984e+00,-4.45940274e+02,1.30232719e+07,2.49302284e+03,1.18430693e-01,5.60419330e-07,5.99648723e-01,2.81318946e-01
1.27127127e+01,6.58979490e+00,-4.51140265e+02,1.31152069e+07,2.49899936e+03,1.18461589e-01,5.60534073e-07,5.99805156e-01,2.81392334e-01
1.28128128e+01,6.60436021e+00,-4.57552594e+02,1.31429593e+07,2.49942555e+03,1.18430252e-01,5.60354089e-07,5.99646490e-01,2.81317898e-01
1.29129129e+01,6.60912624e+00,-4.61146918e+02,1.31734817e+07,2.50254071e+03,1.18472029e-01,5.60519798e-07,5.99858015e-01,2.81417133e-01
1.30130130e+01,6.61616144e+00,-4.60473576e+02,1.32083027e+07,2.50567264e+03,1.18510556e-01,5.60669900e-07,6.00053092e-01,2.81508651e-01
1.31131131e+01,6.61647799e+00,-4.59495054e+02,1.32120979e+07,2.50611470e+03,1.18518027e-01,5.60672865e-07,6.00090920e-01,2.81526398e-01
1.32132132e+01,6.61572673e+00,-4.58276470e+02,1.32047651e+07,2.50525137e+03,1.18506524e-01,5.60585887e-07,6.00032676e-01,2.81499074e-01
1.33133133e+01,6.60515306e+00,-4.58367093e+02,1.31747077e+07,2.50359233e+03,1.18504526e-01,5.60543712e-07,6.00022560e-01,2.81494328e-01
1.34134134e+01,6.58935575e+00,-4.57763368e+02,1.31431294e+07,2.50299108e+03,1.18532373e-01,5.60642690e-07,6.00163554e-01,2.81560473e-01
1.35135135e+01,6.59600783e+00,-4.55539835e+02,1.31387258e+07,2.50076973e+03,1.18478304e-01,5.60353982e-07,5.99889790e-01,2.81432040e-01
1.36136136e+01,6.61289371e+00,-4.58408842e+02,1.31553618e+07,2.49909572e+03,1.18404664e-01,5.59972493e-07,5.99516929e-01,2.81257116e-01
1.37137137e+01,6.64635771e+00,-4.65985805e+02,1.32874633e+07,2.50942038e+03,1.18501922e-01,5.60398883e-07,6.00009375e-01,2.81488142e-01
1.38138138e+01,6.69057368e+00,-4.76586146e+02,1.33919740e+07,2.51333079e+03,1.18460084e-01,5.60167051e-07,5.99797536e-01,2.81388760e-01
1.39139139e+01,6.72443935e+00,-4.84901135e+02,1.34874037e+07,2.51836974e+03,1.18465865e-01,5.60160097e-07,5.99826809e-01,2.81402493e-01
1.40140140e+01,6.74468910e+00,-4.93231098e+02,1.35185542e+07,2.51798220e+03,1.18401200e-01,5.59819796e-07,5.99499388e-01,2.81248887e-01
1.41141141e+01,6.76906879e+00,-4.96736297e+02,1.36087552e+07,2.52443907e+03,1.18458173e-01,5.60054379e-07,5.99787861e-01,2.81384221e-01
1.42142142e+01,6.78642131e+00,-4.98063591e+02,1.36760372e+07,2.52932426e+03,1.18510108e-01,5.60264857e-07,6.00050824e-01,2.81507588e-01
1.43143143e+01,6.77663551e+00,-5.03101717e+02,1.36465671e+07,2.52769309e+03,1.18501922e-01,5.60190983e-07,6.00009375e-01,2.81488143e-01
1.44144144e+01,6.77771134e+00,-5.03573174e+02,1.36727015e+07,2.53110779e+03,1.18549867e-01,5.60382343e-07,6.00252136e-01,2.81602031e-01
1.45145145e+01,6.78761892e+00,-5.00551061e+02,1.37011470e+07,2.53264036e+03,1.18551321e-01,5.60353702e-07,6.00259498e-01,2.81605485e-01
1.46146146e+01,6.78366566e+00,-5.01493750e+02,1.36647223e+07,2.52861441e+03,1.18493415e-01,5.60044397e-07,5.99966299e-01,2.81467934e-01
1.47147147e+01,6.76994845e+00,-5.00459129e+02,1.36471886e+07,2.52936584e+03,1.18545925e-01,5.60256907e-07,6.00232173e-01,2.81592666e-01
1.48148148e+01,6.75110169e+00,-4.95372442e+02,1.36009569e+07,2.52748303e+03,1.18562409e-01,5.60299091e-07,6.00315638e-01,2.81631823e-01
1.49149149e+01,6.73137196e+00,-4.88877897e+02,1.35294522e+07,2.52243902e+03,1.18521297e-01,5.60069042e-07,6.00107477e-01,2.81534166e-01
1.50150150e+01,6.71607358e+00,-4.82813492e+02,1.34935951e+07,2.52111845e+03,1.18538500e-01,5.60114470e-07,6.00194577e-01,2.81575028e-01
1.51151151e+01,6.68673301e+00,-4.79611338e+02,1.33959011e+07,2.51477426e+03,1.18494827e-01,5.59872215e-07,5.99973449e-01,2.81471289e-01
1.52152152e+01,6.65379313e+00,-4.75859494e+02,1.33390068e+07,2.51477811e+03,1.18575503e-01,5.60217415e-07,6.00381936e-01,2.81662926e-01
1.53153153e+01,6.63050871e+00,-4.72007565e+02,1.32506995e+07,2.50811862e+03,1.18518005e-01,5.59909698e-07,6.00090808e-01,2.81526346e-01
1.54154154e+01,6.62072947e+00,-4.65333305e+02,1.32291994e+07,2.50751752e+03,1.18528883e-01,5.59924858e-07,6.00145886e-01,2.81552186e-01
1.55155155e+01,6.61402925e+00,-4.59406071e+02,1.32063129e+07,2.50601846e+03,1.18514545e-01,5.59820598e-07,6.00073291e-01,2.81518128e-01
1.56156156e+01,6.61258413e+00,-4.52860651e+02,1.32229532e+07,2.50856812e+03,1.18569176e-01,5.60041793e-07,6.00349899e-01,2.81647896e-01
1.57157157e+01,6.59612206e+00,-4.50717173e+02,1.31240836e+07,2.49873753e+03,1.18440467e-01,5.59396715e-07,5.99698211e-01,2.81342164e-01
1.58158158e+01,6.56556663e+00,-4.49959278e+02,1.30733545e+07,2.49887372e+03,1.18525273e-01,5.59759837e-07,6.00127606e-01,2.81543610e-01
1.59159159e+01,6.52352830e+00,-4.43532049e+02,1.29756316e+07,2.49520517e+03,1.18571453e-01,5.59940233e-07,6.00361430e-01,2.81653306e-01
1.60160160e+01,6.48779807e+00,-4.33400824e+02,1.28850596e+07,2.49108273e+03,1.18588180e-01,5.59981202e-07,6.00446125e-01,2.81693040e-01
1.61161161e+01,6.46110704e+00,-4.25556304e+02,1.27875243e+07,2.48382454e+03,1.18522027e-01,5.59630350e-07,6.00111171e-01,2.81535900e-01
1.62162162e+01,6.45424313e+00,-4.15412791e+02,1.27989747e+07,2.48702100e+03,1.18601684e-01,5.59967388e-07,6.00514500e-01,2.81725117e-01
1.63163163e+01,6.43069040e+00,-4.10491894e+02,1.26721851e+07,2.47471517e+03,1.18442928e-01,5.59178172e-07,5.99710671e-01,2.81348009e-01
1.64164164e+01,6.40693746e+00,-4.04564559e+02,1.26481149e+07,2.47701251e+03,1.18546180e-01,5.59625337e-07,6.00233467e-01,2.81593274e-01
1.65165165e+01,6.38957661e+00,-3.98604297e+02,1.25885104e+07,2.47273269e+03,1.18512876e-01,5.59427013e-07,6.00064840e-01,2.81514164e-01
1.66166166e+01,6.36480821e+00,-3.94116091e+02,1.25238192e+07,2.46949740e+03,1.18517736e-01,5.59408119e-07,6.00089443e-01,2.81525707e-01
1.67167167e+01,6.34048350e+00,-3.89641655e+02,1.24658731e+07,2.46707574e+03,1.18538189e-01,5.59461967e-07,6.00193007e-01,2.81574292e-01
1.68168168e+01,6.31868638e+00,-3.84835753e+02,1.24085489e+07,2.46407005e+03,1.18544551e-01,5.59448432e-07,6.00225218e-01,2.81589404e-01
1.69169169e+01,6.29758474e+00,-3.80090068e+02,1.23448130e+07,2.45993777e+03,1.18529601e-01,5.59333360e-07,6.00149520e-01,2.81553891e-01
1.70170170e+01,6.27808344e+00,-3.74802725e+02,1.22918451e+07,2.45695278e+03,1.18531460e-01,5.59296615e-07,6.00158933e-01,2.81558307e-01
1.71171171e+01,6.25768369e+00,-3.69851837e+02,1.22301822e+07,2.45297388e+03,1.18513233e-01,5.59164054e-07,6.00066645e-01,2.81515011e-01
1.72172172e+01,6.23749822e+00,-3.65163927e+02,1.21746948e+07,2.44985452e+03,1.18508036e-01,5.59091886e-07,6.00040330e-01,2.81502666e-01
1.73173173e+01,6.22016622e+00,-3.59375764e+02,1.21349286e+07,2.44831074e+03,1.18524777e-01,5.59122043e-07,6.00125095e-01,2.81542433e-01
1.74174174e+01,6.20178016e+00,-3.53811636e+02,1.20820227e+07,2.44506322e+03,1.18515086e-01,5.59026322e-07,6.00076027e-01,2.81519413e-01
1.75175175e+01,6.18282221e+00,-3.48701878e+02,1.20311524e+07,2.44221182e+03,1.18516165e-01,5.58980206e-07,6.00081492e-01,2.81521977e-01
1.76176176e+01,6.16703900e+00,-3.42450221e+02,1.19920598e+07,2.44029310e+03,1.18526524e-01,5.58976602e-07,6.00133942e-01,2.81546583e-01
1.77177177e+01,6.15048530e+00,-3.36910934e+02,1.19384281e+07,2.43640846e+03,1.18502664e-01,5.58810350e-07,6.00013130e-01,2.81489906e-01
1.78178178e+01,6.12965163e+00,-3.32475336e+02,1.18810594e+07,2.43303582e+03,1.18498082e-01,5.58733761e-07,5.99989930e-01,2.81479022e-01
1.79179179e+01,6.10779490e+00,-3.28786640e+02,1.18289390e+07,2.43068535e+03,1.18514926e-01,5.58756920e-07,6.00075219e-01,2.81519034e-01
1.80180180e+01,6.08561396e+00,-3.25840840e+02,1.17643713e+07,2.42650244e+03,1.18501552e-01,5.58636354e-07,6.00007504e-01,2.81487266e-01
1.81181181e+01,6.06618063e+00,-3.21948490e+02,1.17110892e+07,2.42331676e+03,1.18498325e-01,5.58562375e-07,5.99991163e-01,2.81479600e-01
1.82182182e+01,6.05299080e+00,-3.16446552e+02,1.16833299e+07,2.42242564e+03,1.18518629e-01,5.58597973e-07,6.00093970e-01,2.81527831e-01
1.83183183e+01,6.04006755e+00,-3.11199531e+02,1.16519970e+07,2.42092624e+03,1.18527045e-01,5.58576226e-07,6.00136582e-01,2.81547822e-01
1.84184184e+01,6.02530420e+00,-3.06693087e+02,1.16161295e+07,2.41920471e+03,1.18536007e-01,5.58555778e-07,6.00181958e-01,2.81569110e-01
1.85185185e+01,6.01035327e+00,-3.02687013e+02,1.15817480e+07,2.41774449e+03,1.18550709e-01,5.58561170e-07,6.00256399e-01,2.81604033e-01
1.86186186e+01,5.99444918e+00,-2.99423767e+02,1.15359226e+07,2.41477113e+03,1.18540710e-01,5.58449068e-07,6.00205772e-01,2.81580282e-01
1.87187187e+01,5.98075609e+00,-2.96127274e+02,1.15044421e+07,2.41340838e+03,1.18554789e-01,5.58449364e-07,6.00277056e-01,2.81613725e-01
1.88188188e+01,5.97021267e+00,-2.93243293e+02,1.14747064e+07,2.41152260e+03,1.18549818e-01,5.58358974e-07,6.00251886e-01,2.81601916e-01
1.89189189e+01,5.96341226e+00,-2.91118076e+02,1.14590478e+07,2.41084749e+03,1.18556237e-01,5.58321405e-07,6.00284390e-01,2.81617165e-01
1.90190190e+01,5.95699173e+00,-2.91093978e+02,1.14251396e+07,2.40727842e+03,1.18508266e-01,5.58027067e-07,6.00041498e-01,2.81503215e-01
1.91191191e+01,5.95568817e+00,-2.89182845e+02,1.14381146e+07,2.40957328e+03,1.18555799e-01,5.58181951e-07,6.00282169e-01,2.81616124e-01
1.92192192e+01,5.95498252e+00,-2.87337009e+02,1.14324617e+07,2.40889192e+03,1.18544770e-01,5.58060815e-07,6.00226325e-01,2.81589925e-01
1.93193193e+01,5.94787944e+00,-2.85328307e+02,1.14165086e+07,2.40826451e+03,1.18551598e-01,5.58023859e-07,6.00260900e-01,2.81606146e-01
1.94194194e+01,5.93686878e+00,-2.84155763e+02,1.13762685e+07,2.40485374e+03,1.18520688e-01,5.57809736e-07,6.00104393e-01,2.81532722e-01
1.95195195e+01,5.93162443e+00,-2.81982624e+02,1.13647496e+07,2.40439724e+03,1.18527862e-01,5.57775585e-07,6.00140718e-01,2.81549764e-01
1.96196196e+01,5.93302676e+00,-2.79583043e+02,1.13640721e+07,2.40391514e+03,1.18516546e-01,5.57655371e-07,6.00083423e-01,2.81522884e-01
1.97197197e+01,5.93449476e+00,-2.77936200e+02,1.13695081e+07,2.40431595e+03,1.18524146e-01,5.57625443e-07,6.00121903e-01,2.81540937e-01
1.98198198e+01,5.93335769e+00,-2.77594412e+02,1.13511893e+07,2.40176336e+03,1.18481643e-01,5.57361378e-07,5.99906699e-01,2.81439976e-01
1.99199199e+01,5.92993878e+00,-2.79365803e+02,1.13395833e+07,2.40084685e+03,1.18473952e-01,5.57262918e-07,5.99867755e-01,2.81421706e-01
2.00200200e+01,5.92158985e+00,-2.81939736e+02,1.13063049e+07,2.39784152e+03,1.18441075e-01,5.57048097e-07,5.99701292e-01,2.81343612e-01
2.01201201e+01,5.92251422e+00,-2.81595315e+02,1.13276495e+07,2.40089926e+03,1.18495047e-01,5.57243784e-07,5.99974567e-01,2.81471816e-01
2.02202202e+01,5.93142562e+00,-2.79665506e+02,1.13569816e+07,2.40317725e+03,1.18510950e-01,5.57262455e-07,6.00055086e-01,2.81509591e-01
2.03203203e+01,5.94182621e+00,-2.76655881e+02,1.13874599e+07,2.40524849e+03,1.18518845e-01,5.57245489e-07,6.00095061e-01,2.81528345e-01
2.04204204e+01,5.94218087e+00,-2.77766943e+02,1.13684292e+07,2.40226705e+03,1.18460553e-01,5.56919384e-07,5.99799913e-01,2.81389879e-01
2.05205205e+01,5.93173108e+00,-2.79703999e+02,1.13355882e+07,2.39987566e+03,1.18444340e-01,5.56793123e-07,5.99717822e-01,2.81351367e-01
2.06206206e+01,5.92358480e+00,-2.81078430e+02,1.13213876e+07,2.39974176e+03,1.18465253e-01,5.56843113e-07,5.99823709e-01,2.81401043e-01
2.07207207e+01,5.92082838e+00,-2.80505595e+02,1.13177194e+07,2.39988213e+03,1.18475073e-01,5.56842411e-07,5.99873430e-01,2.81424369e-01
2.08208208e+01,5.92816952e+00,-2.79120458e+02,1.13510593e+07,2.40316769e+03,1.18514681e-01,5.56982781e-07,6.00073976e-01,2.81518453e-01
2.09209209e+01,5.93381900e+00,-2.78980656e+02,1.13493012e+07,2.40148530e+03,1.18466441e-01,5.56711161e-07,5.99829728e-01,2.81403867e-01
2.10210210e+01,5.93660676e+00,-2.79789058e+02,1.13649918e+07,2.40317347e+03,1.18491221e-01,5.56783291e-07,5.99955192e-01,2.81462727e-01
2.11211211e+01,5.93284841e+00,-2.82701015e+02,1.13296421e+07,2.39868099e+03,1.18418865e-01,5.56399445e-07,5.99588835e-01,2.81290854e-01
2.12212212e+01,5.92602755e+00,-2.84936276e+02,1.13341130e+07,2.40106248e+03,1.18484314e-01,5.56663330e-07,5.99920220e-01,2.81446320e-01
2.13213213e+01,5.92208123e+00,-2.83254153e+02,1.13447007e+07,2.40367360e+03,1.18545108e-01,5.56905347e-07,6.00228040e-01,2.81590731e-01
2.14214214e+01,5.91637252e+00,-2.79094453e+02,1.13296286e+07,2.40279960e+03,1.18544950e-01,5.56860948e-07,6.00227241e-01,2.81590356e-01
2.15215215e+01,5.91612716e+00,-2.75035515e+02,1.13203182e+07,2.40140506e+03,1.18521233e-01,5.56705693e-07,6.00107151e-01,2.81534017e-01
2.16216216e+01,5.91676195e+00,-2.73507104e+02,1.13116420e+07,2.39988566e+03,1.18492661e-01,5.56527364e-07,5.99962484e-01,2.81466148e-01
2.17217217e+01,5.91948645e+00,-2.75351809e+02,1.12933575e+07,2.39639817e+03,1.18418761e-01,5.56135842e-07,5.99588311e-01,2.81290609e-01
2.18218218e+01,5.93295099e+00,-2.82256238e+02,1.13296945e+07,2.39861079e+03,1.18420831e-01,5.56100585e-07,5.99598787e-01,2.81295524e-01
2.19219219e+01,5.93658295e+00,-2.89091997e+02,1.13390399e+07,2.39919235e+03,1.18417291e-01,5.56038550e-07,5.99580866e-01,2.81287116e-01
2.20220220e+01,5.95234979e+00,-2.90223248e+02,1.14261201e+07,2.40858820e+03,1.18546362e-01,5.56598500e-07,6.00234390e-01,2.81593710e-01
2.21221221e+01,5.95952409e+00,-2.91489736e+02,1.14017875e+07,2.40300357e+03,1.18426091e-01,5.55987109e-07,5.99625421e-01,2.81308019e-01
2.22222222e+01,5.96347855e+00,-2.87037442e+02,1.14744492e+07,2.41307799e+03,1.18604529e-01,5.56777442e-07,6.00528907e-01,2.81731880e-01
2.23223223e+01,5.96626118e+00,-2.83616662e+02,1.14502824e+07,2.40873677e+03,1.18512741e-01,5.56298391e-07,6.00064156e-01,2.81513847e-01
2.24224224e+01,5.96324668e+00,-2.81777838e+02,1.14477283e+07,2.40909061e+03,1.18528790e-01,5.56324844e-07,6.00145418e-01,2.81551970e-01
2.25225225e+01,5.94761755e+00,-2.81566209e+02,1.13823145e+07,2.40300553e+03,1.18460408e-01,5.55954197e-07,5.99799180e-01,2.81389536e-01
2.26226226e+01,5.91591874e+00,-2.77545207e+02,1.13263638e+07,2.40238953e+03,1.18540110e-01,5.56277953e-07,6.00202735e-01,2.81578860e-01
2.27227227e+01,5.89207630e+00,-2.72392652e+02,1.12601103e+07,2.39820778e+03,1.18529901e-01,5.56178859e-07,6.00151044e-01,2.81554610e-01
2.28228228e+01,5.87401914e+00,-2.67841756e+02,1.12187819e+07,2.39639066e+03,1.18547711e-01,5.56210363e-07,6.00241222e-01,2.81596916e-01
2.29229229e+01,5.86073083e+00,-2.62604741e+02,1.11960474e+07,2.39622080e+03,1.18584129e-01,5.56328159e-07,6.00425614e-01,2.81683422e-01
2.30230230e+01,5.84731970e+00,-2.59609778e+02,1.11393519e+07,2.39080675e+03,1.18522024e-01,5.55982859e-07,6.00111158e-01,2.81535898e-01
2.31231231e+01,5.83657527e+00,-2.57445891e+02,1.11027407e+07,2.38780574e+03,1.18498694e-01,5.55818599e-07,5.99993031e-01,2.81480480e-01
2.32232232e+01,5.83101029e+00,-2.51972190e+02,1.10993484e+07,2.38866502e+03,1.18532890e-01,5.55923369e-07,6.00166176e-01,2.81561709e-01
2.33233233e+01,5.82373077e+00,-2.47554702e+02,1.10614296e+07,2.38462258e+03,1.18476104e-01,5.55600746e-07,5.99878654e-01,2.81426821e-01
2.34234234e+01,5.80450303e+00,-2.42738072e+02,1.10327344e+07,2.38507427e+03,1.18537745e-01,5.55833147e-07,6.00190759e-01,2.81573242e-01
2.35235235e+01,5.77599737e+00,-2.37204656e+02,1.09540891e+07,2.38001704e+03,1.18524918e-01,5.55716318e-07,6.00125813e-01,2.81542773e-01
2.36236236e+01,5.75510424e+00,-2.31328450e+02,1.09192418e+07,2.37986724e+03,1.18584248e-01,5.55938009e-07,6.00426219e-01,2.81683706e-01
2.37237237e+01,5.73420056e+00,-2.27799190e+02,1.08399973e+07,2.37265183e+03,1.18512110e-01,5.55543920e-07,6.00060962e-01,2.81512349e-01
2.38238238e+01,5.71561861e+00,-2.22618143e+02,1.08045419e+07,2.37174963e+03,1.18553593e-01,5.55683406e-07,6.00271004e-01,2.81610888e-01
2.39239239e+01,5.70117405e+00,-2.16833849e+02,1.07540559e+07,2.36739682e+03,1.18516107e-01,5.55453968e-07,6.00081201e-01,2.81521844e-01
2.40240240e+01,5.68326637e+00,-2.12114679e+02,1.07024920e+07,2.36377349e+03,1.18500857e-01,5.55330483e-07,6.00003986e-01,2.81485620e-01
2.41241241e+01,5.66524007e+00,-2.08441201e+02,1.06483406e+07,2.35976619e+03,1.18477284e-01,5.55170059e-07,5.99884628e-01,2.81429624e-01
2.42242242e+01,5.65112961e+00,-2.03593242e+02,1.06227693e+07,2.35932036e+03,1.18510277e-01,5.55277122e-07,6.00051682e-01,2.81507996e-01
2.43243243e+01,5.63477917e+00,-1.99253968e+02,1.05691345e+07,2.35493435e+03,1.18474304e-01,5.55063797e-07,5.99869540e-01,2.81422546e-01
2.44244244e+01,5.61419897e+00,-1.94995222e+02,1.05310124e+07,2.35413326e+03,1.18520023e-01,5.55236314e-07,6.00101028e-01,2.81531146e-01
2.45245245e+01,5.58893102e+00,-1.88901854e+02,1.04725311e+07,2.35121267e+03,1.18541779e-01,5.55299907e-07,6.00211187e-01,2.81582826e-01
2.46246246e+01,5.56642693e+00,-1.80323279e+02,1.04314755e+07,2.35040002e+03,1.18595414e-01,5.55516333e-07,6.00482754e-01,2.81710229e-01
2.47247247e+01,5.54712383e+00,-1.73513892e+02,1.03523199e+07,2.34251364e+03,1.18502671e-01,5.55050696e-07,6.00013172e-01,2.81489930e-01
2.48248248e+01,5.53692673e+00,-1.65267459e+02,1.03592906e+07,2.34629108e+03,1.18609588e-01,5.55523779e-07,6.00554521e-01,2.81743898e-01
2.49249249e+01,5.51881988e+00,-1.60804993e+02,1.02489331e+07,2.33285090e+03,1.18409324e-01,5.54561654e-07,5.99540528e-01,2.81268194e-01
2.50250250e+01,5.49654307e+00,-1.57739822e+02,1.02274792e+07,2.33514258e+03,1.18523922e-01,5.55077517e-07,6.00120768e-01,2.81540407e-01
2.51251251e+01,5.47502320e+00,-1.52509900e+02,1.01566710e+07,2.32906258e+03,1.18474452e-01,5.54828031e-07,5.99870288e-01,2.81422897e-01
2.52252252e+01,5.45676359e+00,-1.46385150e+02,1.01276246e+07,2.32905270e+03,1.18531447e-01,5.55079853e-07,6.00158870e-01,2.81558282e-01
2.53253253e+01,5.43739848e+00,-1.41650045e+02,1.00592157e+07,2.32276497e+03,1.18469932e-01,5.54778973e-07,5.99847404e-01,2.81412161e-01
2.54254254e+01,5.42043599e+00,-1.35453720e+02,1.00428693e+07,2.32454606e+03,1.18556640e-01,5.55174031e-07,6.00286429e-01,2.81618126e-01
2.55255255e+01,5.40608079e+00,-1.29834566e+02,9.98539919e+06,2.31873247e+03,1.18487546e-01,5.54840795e-07,5.99936585e-01,2.81454000e-01
2.56256256e+01,5.38612258e+00,-1.24818699e+02,9.94714587e+06,2.31761872e+03,1.18527933e-01,5.55021016e-07,6.00141078e-01,2.81549935e-01
2.57257257e+01,5.36307192e+00,-1.19411106e+02,9.87987410e+06,2.31240257e+03,1.18499029e-01,5.54876994e-07,5.99994732e-01,2.81481279e-01
2.58258258e+01,5.34135262e+00,-1.13356640e+02,9.82564500e+06,2.30900500e+03,1.18501922e-01,5.54881544e-07,6.00009375e-01,2.81488148e-01
2.59259259e+01,5.32227554e+00,-1.06193742e+02,9.77739842e+06,2.30588046e+03,1.18503074e-01,5.54877069e-07,6.00015211e-01,2.81490886e-01
2.60260260e+01,5.30186692e+00,-1.01262700e+02,9.71365763e+06,2.30043696e+03,1.18463369e-01,5.54679947e-07,5.99814173e-01,2.81396571e-01
2.61261261e+01,5.28483387e+00,-9.55143460e+01,9.69670220e+06,2.30210433e+03,1.18551803e-01,5.55080961e-07,6.00261939e-01,2.81606636e-01
2.62262262e+01,5.26839827e+00,-9.07515387e+01,9.64043482e+06,2.29683637e+03,1.18502746e-01,5.54835997e-07,6.00013550e-01,2.81490107e-01
2.63263263e+01,5.24930704e+00,-8.65908876e+01,9.60419633e+06,2.29572862e+03,1.18543829e-01,5.55010492e-07,6.00221567e-01,2.81587696e-01
2.64264264e+01,5.22460829e+00,-8.01270065e+01,9.54141479e+06,2.29152572e+03,1.18542683e-01,5.54984475e-07,6.00215762e-01,2.81584973e-01
2.65265265e+01,5.19950956e+00,-7.29052051e+01,9.47871013e+06,2.28741552e+03,1.18544728e-01,5.54970394e-07,6.00226116e-01,2.81589830e-01
2.66266266e+01,5.17887934e+00,-6.57810699e+01,9.42875904e+06,2.28429754e+03,1.18551354e-01,5.54974665e-07,6.00259668e-01,2.81605571e-01
2.67267267e+01,5.15915486e+00,-6.09168809e+01,9.36368253e+06,2.27824727e+03,1.18497096e-01,5.54690776e-07,5.99984940e-01,2.81476685e-01
2.68268268e+01,5.14332821e+00,-5.51777311e+01,9.33918893e+06,2.27826011e+03,1.18550138e-01,5.54906051e-07,6.00253508e-01,2.81602681e-01
2.69269269e+01,5.12864663e+00,-4.98078926e+01,9.29045941e+06,2.27366733e+03,1.18508074e-01,5.54673086e-07,6.00040526e-01,2.81502763e-01
2.70270270e+01,5.11258032e+00,-4.51469098e+01,9.25621385e+06,2.27200926e+03,1.18528717e-01,5.54730820e-07,6.00145051e-01,2.81551800e-01
2.71271271e+01,5.09584847e+00,-3.92249031e+01,9.21410250e+06,2.26912555e+03,1.18527317e-01,5.54682767e-07,6.00137960e-01,2.81548473e-01
2.72272272e+01,5.08005873e+00,-3.26519614e+01,9.17707675e+06,2.26687708e+03,1.18535410e-01,5.54676881e-07,6.00178938e-01,2.81567697e-01
2.73273273e+01,5.06174764e+00,-2.58025900e+01,9.12776428e+06,2.26310831e+03,1.18522017e-01,5.54568531e-07,6.00111127e-01,2.81535885e-01
2.74274274e+01,5.04108847e+00,-1.95897565e+01,9.07628743e+06,2.25957850e+03,1.18521444e-01,5.54518706e-07,6.00108224e-01,2.81534523e-01
2.75275275e+01,5.02157497e+00,-1.39492439e+01,9.01939515e+06,2.25472425e+03,1.18490757e-01,5.54326915e-07,5.99952847e-01,2.81461629e-01
2.76276276e+01,5.00446522e+00,-6.92843829e+00,8.98558392e+06,2.25335590e+03,1.18522086e-01,5.54424610e-07,6.00111472e-01,2.81536047e-01
2.77277277e+01,4.98962447e+00,1.78429177e-01,8.93965405e+06,2.24913361e+03,1.18489002e-01,5.54220729e-07,5.99943962e-01,2.81457461e-01
2.78278278e+01,4.97137078e+00,6.15415968e+00,8.89618270e+06,2.24629213e+03,1.18495470e-01,5.54202050e-07,5.99976710e-01,2.81472825e-01
2.79279279e+01,4.94957049e+00,1.10119457e+01,8.83881161e+06,2.24187980e+03,1.18482576e-01,5.54093563e-07,5.99911422e-01,2.81442196e-01
2.80280280e+01,4.92706279e+00,1.51741579e+01,8.79008709e+06,2.23923229e+03,1.18507648e-01,5.54163729e-07,6.00038371e-01,2.81501752e-01
2.81281281e+01,4.90610161e+00,1.92916566e+01,8.73191073e+06,2.23437820e+03,1.18483128e-01,5.54003290e-07,5.99914216e-01,2.81443507e-01
2.82282282e+01,4.88713738e+00,2.33938167e+01,8.68665568e+06,2.23133067e+03,1.18488055e-01,5.53982510e-07,5.99939167e-01,2.81455212e-01
2.83283283e+01,4.86958921e+00,2.86004855e+01,8.64632111e+06,2.22878426e+03,1.18498117e-01,5.53987926e-07,5.99990111e-01,2.81479112e-01
2.84284284e+01,4.85303946e+00,3.52904567e+01,8.61731387e+06,2.22806024e+03,1.18541825e-01,5.54152914e-07,6.00211417e-01,2.81582935e-01
2.85285285e+01,4.83435765e+00,4.33010107e+01,8.56810187e+06,2.22414216e+03,1.18528762e-01,5.54055180e-07,6.00145278e-01,2.81551907e-01
2.86286286e+01,4.81532351e+00,5.08934824e+01,8.51941219e+06,2.22039926e+03,1.18520516e-01,5.53982851e-07,6.00103526e-01,2.81532319e-01
2.87287287e+01,4.79810632e+00,5.71972704e+01,8.47566608e+06,2.21705055e+03,1.18513772e-01,5.53920395e-07,6.00069381e-01,2.81516301e-01
2.88288288e+01,4.77981895e+00,6.20320774e+01,8.42660948e+06,2.21297644e+03,1.18496378e-01,5.53811185e-07,5.99981308e-01,2.81474982e-01
2.89289289e+01,4.76077321e+00,6.70805102e+01,8.38834950e+06,2.21115941e+03,1.18527580e-01,5.53932159e-07,6.00139291e-01,2.81549098e-01
2.90290290e+01,4.74241211e+00,7.33676424e+01,8.34504471e+06,2.20816991e+03,1.18532470e-01,5.53933089e-07,6.00164054e-01,2.81560716e-01
2.91291291e+01,4.73036258e+00,8.03505522e+01,8.31407473e+06,2.20570651e+03,1.18525614e-01,5.53882123e-07,6.00129340e-01,2.81544430e-01
2.92292292e+01,4.71945536e+00,8.60358751e+01,8.28775442e+06,2.20380152e+03,1.18525817e-01,5.53866957e-07,6.00130368e-01,2.81544912e-01
2.93293293e+01,4.70717835e+00,8.99886069e+01,8.24945642e+06,2.19997300e+03,1.18491657e-01,5.53693852e-07,5.99957406e-01,2.81463769e-01
2.94294294e+01,4.69155587e+00,9.32913075e+01,8.21653527e+06,2.19813497e+03,1.18510798e-01,5.53772245e-07,6.00054320e-01,2.81509235e-01
2.95295295e+01,4.66843242e+00,9.87230752e+01,8.16684089e+06,2.19520561e+03,1.18535452e-01,5.53878639e-07,6.00179152e-01,2.81567799e-01
2.96296296e+01,4.63994862e+00,1.07611036e+02,8.11269648e+06,2.19295423e+03,1.18594059e-01,5.54145678e-07,6.00475897e-01,2.81707013e-01
2.97297297e+01,4.61993311e+00,1.16456867e+02,8.04089764e+06,2.18472538e+03,1.18498387e-01,5.53693519e-07,5.99991481e-01,2.81479755e-01
2.98298298e+01,4.60869804e+00,1.23285988e+02,8.02255343e+06,2.18440059e+03,1.18533887e-01,5.53855589e-07,6.00171225e-01,2.81564080e-01
2.99299299e+01,4.59853263e+00,1.27830007e+02,7.98420825e+06,2.17980893e+03,1.18477151e-01,5.53587603e-07,5.99883954e-01,2.81429310e-01
3.00300300e+01,4.58383906e+00,1.30590282e+02,7.94941153e+06,2.17723495e+03,1.18478833e-01,5.53593097e-07,5.99892473e-01,2.81433307e-01
3.01301301e+01,4.56318433e+00,1.35224490e+02,7.90293631e+06,2.17408616e+03,1.18490672e-01,5.53646134e-07,5.99952419e-01,2.81461429e-01
3.02302302e+01,4.54207455e+00,1.42216349e+02,7.85918568e+06,2.17160062e+03,1.18517855e-01,5.53770501e-07,6.00090050e-01,2.81525998e-01
3.03303303e+01,4.52574725e+00,1.51025479e+02,7.81359162e+06,2.16729095e+03,1.18490530e-01,5.53639368e-07,5.99951697e-01,2.81461091e-01
3.04304304e+01,4.51258006e+00,1.57373499e+02,7.77349980e+06,2.16313210e+03,1.18453822e-01,5.53463101e-07,5.99765832e-01,2.81373894e-01
3.05305305e+01,4.49463499e+00,1.61374093e+02,7.72546649e+06,2.15877017e+03,1.18430707e-01,5.53348601e-07,5.99648797e-01,2.81318988e-01
3.06306306e+01,4.47324556e+00,1.65262385e+02,7.68193667e+06,2.15631007e+03,1.18461497e-01,5.53483775e-07,5.99804696e-01,2.81392127e-01
3.07307307e+01,4.44717142e+00,1.71257681e+02,7.62899586e+06,2.15331938e+03,1.18499224e-01,5.53648731e-07,5.99995717e-01,2.81481742e-01
3.08308308e+01,4.42542404e+00,1.76669240e+02,7.56747259e+06,2.14724176e+03,1.18455565e-01,5.53430417e-07,5.99774658e-01,2.81378035e-01
3.09309309e+01,4.41079876e+00,1.80996675e+02,7.52905447e+06,2.14373492e+03,1.18438408e-01,5.53332580e-07,5.99687787e-01,2.81337280e-01
3.10310310e+01,4.39894395e+00,1.84970619e+02,7.49913044e+06,2.14113264e+03,1.18429352e-01,5.53268968e-07,5.99641937e-01,2.81315770e-01
3.11311311e+01,4.38710061e+00,1.89428672e+02,7.47768038e+06,2.14028116e+03,1.18456506e-01,5.53370649e-07,5.99779426e-01,2.81380272e-01
3.12312312e+01,4.37359708e+00,1.95723639e+02,7.45733433e+06,2.14015540e+03,1.18505902e-01,5.53572167e-07,6.00029529e-01,2.81497605e-01
3.13313313e+01,4.35605861e+00,2.05374863e+02,7.42522677e+06,2.13879581e+03,1.18546061e-01,5.53726401e-07,6.00232868e-01,2.81592999e-01
3.14314314e+01,4.33619250e+00,2.16848282e+02,7.36783657e+06,2.13283279e+03,1.18499104e-01,5.53469670e-07,5.99995109e-01,2.81481457e-01
3.15315315e+01,4.31928499e+00,2.26096371e+02,7.33108117e+06,2.13025296e+03,1.18512848e-01,5.53492586e-07,6.00064701e-01,2.81514106e-01
3.16316316e+01,4.30412430e+00,2.32361315e+02,7.29320981e+06,2.12688088e+03,1.18503501e-01,5.53403943e-07,6.00017376e-01,2.81491903e-01
3.17317317e+01,4.28911216e+00,2.36006340e+02,7.25328577e+06,2.12301538e+03,1.18482632e-01,5.53258085e-07,5.99911706e-01,2.81442330e-01
3.18318318e+01,4.27176688e+00,2.38987419e+02,7.21711353e+06,2.12064270e+03,1.18502889e-01,5.53301314e-07,6.00014274e-01,2.81490449e-01
3.19319319e+01,4.24984718e+00,2.43924759e+02,7.17292082e+06,2.11795359e+03,1.18535034e-01,5.53397620e-07,6.00177036e-01,2.81566807e-01
3.20320320e+01,4.23150982e+00,2.48812618e+02,7.12234520e+06,2.11277076e+03,1.18499286e-01,5.53175196e-07,5.99996032e-01,2.81481891e-01
3.21321321e+01,4.21945886e+00,2.53588447e+02,7.10134783e+06,2.11197674e+03,1.18531927e-01,5.53270874e-07,6.00161300e-01,2.81559425e-01
3.22322322e+01,4.20859074e+00,2.57854412e+02,7.07175649e+06,2.10896966e+03,1.18511561e-01,5.53118630e-07,6.00058183e-01,2.81511048e-01
3.23323323e+01,4.19185813e+00,2.62860497e+02,7.04633216e+06,2.10867782e+03,1.18573258e-01,5.53349544e-07,6.00370574e-01,2.81657603e-01
3.24324324e+01,4.16439880e+00,2.71559058e+02,6.97274052e+06,2.10124060e+03,1.18526608e-01,5.53075894e-07,6.00134369e-01,2.81546790e-01
3.25325325e+01,4.14465936e+00,2.78558175e+02,6.91889558e+06,2.09562698e+03,1.18488008e-01,5.52841816e-07,5.99938930e-01,2.81455102e-01
3.26326326e+01,4.13236714e+00,2.84993013e+02,6.89312204e+06,2.09380439e+03,1.18500834e-01,5.52850286e-07,6.00003872e-01,2.81485569e-01
3.27327327e+01,4.12542007e+00,2.92143371e+02,6.88803617e+06,2.09489522e+03,1.18551044e-01,5.53036395e-07,6.00258096e-01,2.81604836e-01
3.28328328e+01,4.11432906e+00,2.97798465e+02,6.84858603e+06,2.08971652e+03,1.18482706e-01,5.52673375e-07,5.99912081e-01,2.81442506e-01
3.29329329e+01,4.09411287e+00,3.03503122e+02,6.81770667e+06,2.08923781e+03,1.18558056e-01,5.52985223e-07,6.00293602e-01,2.81621493e-01
3.30330330e+01,4.06792428e+00,3.10838945e+02,6.74520976e+06,2.08135182e+03,1.18499781e-01,5.52679107e-07,5.99998538e-01,2.81483067e-01
3.31331331e+01,4.05081804e+00,3.16110006e+02,6.70013170e+06,2.07666722e+03,1.18471570e-01,5.52519050e-07,5.99855697e-01,2.81416055e-01
3.32332332e+01,4.04022871e+00,3.21996226e+02,6.68288296e+06,2.07615020e+03,1.18505793e-01,5.52656344e-07,6.00028981e-01,2.81497349e-01
3.33333333e+01,4.03016329e+00,3.27846297e+02,6.66045208e+06,2.07432547e+03,1.18507166e-01,5.52646910e-07,6.00035930e-01,2.81500609e-01
3.34334334e+01,4.01745302e+00,3.32017614e+02,6.62325673e+06,2.06999276e+03,1.18465639e-01,5.52444205e-07,5.99825669e-01,2.81401967e-01
3.35335335e+01,4.00439153e+00,3.34527129e+02,6.59541785e+06,2.06784695e+03,1.18475305e-01,5.52487227e-07,5.99874611e-01,2.81424928e-01
3.36336336e+01,3.99147555e+00,3.37556479e+02,6.56829441e+06,2.06582396e+03,1.18485791e-01,5.52541197e-07,5.99927704e-01,2.81449836e-01
3.37337337e+01,3.97323360e+00,3.42614412e+02,6.54034874e+06,2.06531903e+03,1.18552333e-01,5.52863743e-07,6.00264624e-01,2.81607899e-01
3.38338338e+01,3.94013401e+00,3.54127034e+02,6.46846054e+06,2.05950964e+03,1.18567744e-01,5.52954930e-07,6.00342657e-01,2.81644507e-01
3.39339339e+01,3.91370302e+00,3.63779459e+02,6.39305304e+06,2.05062901e+03,1.18487842e-01,5.52608411e-07,5.99938086e-01,2.81454706e-01
3.40340340e+01,3.89947015e+00,3.70800978e+02,6.35656427e+06,2.04675220e+03,1.18465536e-01,5.52537048e-07,5.99825145e-01,2.81401721e-01
3.41341341e+01,3.89336770e+00,3.77544191e+02,6.34820378e+06,2.04678818e+03,1.18493079e-01,5.52704526e-07,5.99964603e-01,2.81467147e-01
3.42342342e+01,3.88712657e+00,3.82640413e+02,6.33228668e+06,2.04513032e+03,1.18481718e-01,5.52696655e-07,5.99907082e-01,2.81440161e-01
3.43343343e+01,3.87795192e+00,3.86965570e+02,6.31157891e+06,2.04327152e+03,1.18481341e-01,5.52745762e-07,5.99905171e-01,2.81439264e-01
3.44344344e+01,3.86605483e+00,3.91620052e+02,6.28464640e+06,2.04081332e+03,1.18481353e-01,5.52801948e-07,5.99905230e-01,2.81439292e-01
3.45345345e+01,3.85118836e+00,3.97010958e+02,6.25233896e+06,2.03805308e+03,1.18487547e-01,5.52891702e-07,5.99936595e-01,2.81454006e-01
3.46346346e+01,3.83320441e+00,4.02783915e+02,6.20754488e+06,2.03334777e+03,1.18464076e-01,5.52847076e-07,5.99817755e-01,2.81398254e-01
3.47347347e+01,3.81005827e+00,4.09059187e+02,6.17069496e+06,2.03222354e+03,1.18541776e-01,5.53278031e-07,6.00211172e-01,2.81582821e-01
3.48348348e+01,3.78410801e+00,4.16732074e+02,6.10878067e+06,2.02599986e+03,1.18520110e-01,5.53247837e-07,6.00101467e-01,2.81531355e-01
3.49349349e+01,3.76721158e+00,4.22000742e+02,6.05765092e+06,2.01926152e+03,1.18449193e-01,5.52989507e-07,5.99742398e-01,2.81362901e-01
3.50350350e+01,3.75633056e+00,4.26381928e+02,6.04131631e+06,2.01889811e+03,1.18493306e-01,5.53269387e-07,5.99965752e-01,2.81467685e-01
3.51351351e+01,3.74602352e+00,4.32571067e+02,6.02417450e+06,2.01819142e+03,1.18523682e-01,5.53485693e-07,6.00119556e-01,2.81539840e-01
3.52352352e+01,3.73571957e+00,4.38744696e+02,6.00042668e+06,2.01586196e+03,1.18518876e-01,5.53537472e-07,6.00095220e-01,2.81528423e-01
3.53353353e+01,3.72130419e+00,4.43918393e+02,5.96640072e+06,2.01239099e+03,1.18507361e-01,5.53556774e-07,6.00036920e-01,2.81501072e-01
3.54354354e+01,3.70290912e+00,4.48530301e+02,5.93195846e+06,2.01014542e+03,1.18540844e-01,5.53784126e-07,6.00206454e-01,2.81580607e-01
3.55355355e+01,3.67944405e+00,4.55328065e+02,5.88977426e+06,2.00770424e+03,1.18592482e-01,5.54093228e-07,6.00467908e-01,2.81703266e-01
3.56356356e+01,3.66002546e+00,4.62632568e+02,5.83608298e+06,2.00098530e+03,1.18531533e-01,5.53872158e-07,6.00159308e-01,2.81558489e-01
3.57357357e+01,3.64942089e+00,4.68634222e+02,5.80843311e+06,1.99762859e+03,1.18511567e-01,5.53837537e-07,6.00058214e-01,2.81511062e-01
3.58358358e+01,3.64139125e+00,4.75153766e+02,5.79844479e+06,1.99784124e+03,1.18556032e-01,5.54098137e-07,6.00283353e-01,2.81616684e-01
3.59359359e+01,3.63188520e+00,4.82568750e+02,5.77850899e+06,1.99610943e+03,1.18560434e-01,5.54164624e-07,6.00305642e-01,2.81627140e-01
3.60360360e+01,3.61680424e+00,4.90623277e+02,5.74265811e+06,1.99228661e+03,1.18543184e-01,5.54121955e-07,6.00218299e-01,2.81586164e-01
3.61361361e+01,3.59930066e+00,4.98151893e+02,5.69872271e+06,1.98718635e+03,1.18511706e-01,5.54003610e-07,6.00058918e-01,2.81511392e-01
3.62362362e+01,3.58261688e+00,5.03380979e+02,5.66043501e+06,1.98319078e+03,1.18501921e-01,5.53976441e-07,6.00009375e-01,2.81488150e-01
3.63363363e+01,3.56588587e+00,5.06022219e+02,5.62558927e+06,1.98009015e+03,1.18510291e-01,5.54022748e-07,6.00051755e-01,2.81508031e-01
3.64364364e+01,3.55315917e+00,5.08000855e+02,5.60979564e+06,1.98048116e+03,1.18577451e-01,5.54331349e-07,6.00391801e-01,2.81667561e-01
3.65365365e+01,3.54218550e+00,5.11887318e+02,5.58265990e+06,1.97738859e+03,1.18554568e-01,5.54205272e-07,6.00275940e-01,2.81613205e-01
3.66366366e+01,3.53552156e+00,5.15777794e+02,5.57325314e+06,1.97725758e+03,1.18585743e-01,5.54316830e-07,6.00433786e-01,2.81687258e-01
3.67367367e+01,3.51947948e+00,5.24127013e+02,5.54000976e+06,1.97425026e+03,1.18596080e-01,5.54314531e-07,6.00486127e-01,2.81711813e-01
3.68368368e+01,3.49384882e+00,5.37276359e+02,5.47617023e+06,1.96662145e+03,1.18547529e-01,5.54019432e-07,6.00240300e-01,2.81596486e-01
3.69369369e+01,3.46976004e+00,5.45405710e+02,5.42535277e+06,1.96176271e+03,1.18555720e-01,5.53970779e-07,6.00281774e-01,2.81615943e-01
3.70370370e+01,3.45489917e+00,5.52434650e+02,5.39711263e+06,1.95954086e+03,1.18580213e-01,5.53978310e-07,6.00405788e-01,2.81674123e-01
3.71371371e+01,3.44647291e+00,5.55393533e+02,5.36336381e+06,1.95361173e+03,1.18485329e-01,5.53406421e-07,5.99925365e-01,2.81448737e-01
3.72372372e+01,3.44071010e+00,5.54798694e+02,5.34710604e+06,1.95134120e+03,1.18461696e-01,5.53143871e-07,5.99805701e-01,2.81392599e-01
3.73373373e+01,3.43150537e+00,5.56416272e+02,5.33675048e+06,1.95186138e+03,1.18517830e-01,5.53228505e-07,6.00089924e-01,2.81525939e-01
3.74374374e+01,3.41061394e+00,5.64842588e+02,5.28954888e+06,1.94670940e+03,1.18501921e-01,5.52949988e-07,6.00009375e-01,2.81488151e-01
3.75375375e+01,3.38457096e+00,5.77349349e+02,5.23482774e+06,1.94128533e+03,1.18508594e-01,5.52749332e-07,6.00043160e-01,2.81504001e-01
3.76376376e+01,3.37324447e+00,5.86455638e+02,5.20664931e+06,1.93772911e+03,1.18483505e-01,5.52371573e-07,5.99916127e-01,2.81444405e-01
3.77377377e+01,3.36610737e+00,5.91742261e+02,5.18923086e+06,1.93554324e+03,1.18471147e-01,5.52021369e-07,5.99853559e-01,2.81415052e-01
3.78378378e+01,3.36002903e+00,5.97151081e+02,5.18161974e+06,1.93563143e+03,1.18505986e-01,5.51857119e-07,6.00029958e-01,2.81497808e-01
3.79379379e+01,3.35299295e+00,6.02939478e+02,5.16630575e+06,1.93401404e+03,1.18502711e-01,5.51479163e-07,6.00013376e-01,2.81490029e-01
3.80380380e+01,3.34064532e+00,6.09238871e+02,5.13844648e+06,1.93088192e+03,1.18491228e-01,5.51024881e-07,5.99955231e-01,2.81462752e-01
3.81381381e+01,3.32478544e+00,6.15895773e+02,5.09668112e+06,1.92513189e+03,1.18441472e-01,5.50353563e-07,5.99703304e-01,2.81344563e-01
3.82382382e+01,3.30960453e+00,6.20073655e+02,5.06770629e+06,1.92261128e+03,1.18463427e-01,5.49974584e-07,5.99814470e-01,2.81396716e-01
3.83383383e+01,3.29274082e+00,6.25441198e+02,5.03833396e+06,1.92058726e+03,1.18504763e-01,5.49642491e-07,6.00023765e-01,2.81494905e-01
3.84384384e+01,3.27336537e+00,6.32411104e+02,4.99807877e+06,1.91644946e+03,1.18509097e-01,5.49094457e-07,6.00045709e-01,2.81505201e-01
3.85385385e+01,3.25906045e+00,6.37320076e+02,4.96227020e+06,1.91167473e+03,1.18471650e-01,5.48307753e-07,5.99856107e-01,2.81416252e-01
3.86386386e+01,3.25097637e+00,6.39836814e+02,4.94204415e+06,1.90895220e+03,1.18450854e-01,5.47550571e-07,5.99750811e-01,2.81366854e-01
3.87387387e+01,3.24380968e+00,6.41405889e+02,4.93036898e+06,1.90828270e+03,1.18473655e-01,5.46944776e-07,5.99866259e-01,2.81421016e-01
3.88388388e+01,3.22881809e+00,6.46932438e+02,4.91044780e+06,1.90815652e+03,1.18550658e-01,5.46537711e-07,6.00256148e-01,2.81603929e-01
3.89389389e+01,3.20118650e+00,6.59753788e+02,4.84962803e+06,1.90110810e+03,1.18530764e-01,5.45634642e-07,6.00155419e-01,2.81556674e-01
3.90390390e+01,3.18117786e+00,6.71953216e+02,4.80624568e+06,1.89615169e+03,1.18518291e-01,5.44719648e-07,6.00092265e-01,2.81527047e-01
3.91391391e+01,3.17329736e+00,6.80085989e+02,4.78869042e+06,1.89398670e+03,1.18513960e-01,5.43793509e-07,6.00070335e-01,2.81516760e-01
3.92392392e+01,3.16947624e+00,6.83954307e+02,4.77885022e+06,1.89258523e+03,1.18500699e-01,5.42774731e-07,6.00003195e-01,2.81485263e-01
3.93393393e+01,3.16416583e+00,6.85286247e+02,4.76469556e+06,1.89051801e+03,1.18477408e-01,5.41657987e-07,5.99885264e-01,2.81429938e-01
3.94394394e+01,3.15192096e+00,6.88552738e+02,4.74342085e+06,1.88888187e+03,1.18509177e-01,5.40744001e-07,6.00046122e-01,2.81505404e-01
3.95395395e+01,3.12673976e+00,6.97635190e+02,4.69503302e+06,1.88422916e+03,1.18536919e-01,5.39768102e-07,6.00186588e-01,2.81571303e-01
3.96396396e+01,3.10557440e+00,7.06623305e+02,4.64603853e+06,1.87789876e+03,1.18497486e-01,5.38449905e-07,5.99986926e-01,2.81477635e-01
3.97397397e+01,3.09649860e+00,7.13368660e+02,4.62619791e+06,1.87543739e+03,1.18492590e-01,5.37254075e-07,5.99962136e-01,2.81466007e-01
3.98398398e+01,3.09452472e+00,7.18542481e+02,4.62574518e+06,1.87598811e+03,1.18521764e-01,5.36178635e-07,6.00109856e-01,2.81535309e-01
3.99399399e+01,3.09154469e+00,7.21117747e+02,4.61929309e+06,1.87524850e+03,1.18517260e-01,5.34917689e-07,6.00087053e-01,2.81524613e-01
4.00400400e+01,3.08161379e+00,7.24510483e+02,4.59700151e+06,1.87238024e+03,1.18506679e-01,5.33603924e-07,6.00033479e-01,2.81499480e-01
4.01401401e+01,3.05610483e+00,7.33652227e+02,4.55156934e+06,1.86849415e+03,1.18560934e-01,5.32567294e-07,6.00308187e-01,2.81628358e-01
4.02402402e+01,3.02875640e+00,7.44501539e+02,4.48510116e+06,1.85896169e+03,1.18488962e-01,5.30963297e-07,5.99943775e-01,2.81457400e-01
4.03403403e+01,3.01472481e+00,7.50476172e+02,4.45096690e+06,1.85398238e+03,1.18451762e-01,5.29519284e-07,5.99755418e-01,2.81369036e-01
4.04404404e+01,3.00628339e+00,7.55741770e+02,4.43857428e+06,1.85342270e+03,1.18489410e-01,5.28418578e-07,5.99946040e-01,2.81458465e-01
4.05405405e+01,3.00103825e+00,7.61245857e+02,4.43208462e+06,1.85343213e+03,1.18522352e-01,5.27309823e-07,6.00112839e-01,2.81536718e-01
4.06406406e+01,2.99267315e+00,7.66905111e+02,4.41090801e+06,1.85022609e+03,1.18490724e-01,5.25934801e-07,5.99952696e-01,2.81461591e-01
4.07407407e+01,2.97794175e+00,7.72502350e+02,4.38155265e+06,1.84693218e+03,1.18495354e-01,5.24752140e-07,5.99976144e-01,2.81472592e-01
4.08408408e+01,2.96171821e+00,7.76913224e+02,4.34319492e+06,1.84137592e+03,1.18457773e-01,5.23425246e-07,5.99785858e-01,2.81383323e-01
4.09409409e+01,2.95005795e+00,7.79177396e+02,4.31839149e+06,1.83821836e+03,1.18449928e-01,5.22279398e-07,5.99746137e-01,2.81364689e-01
4.10410410e+01,2.93821491e+00,7.82310132e+02,4.29925405e+06,1.83692768e+03,1.18483514e-01,5.21372789e-07,5.99916196e-01,2.81444472e-01
4.11411411e+01,2.92142313e+00,7.89439226e+02,4.27150516e+06,1.83481373e+03,1.18531813e-01,5.20595429e-07,6.00160744e-01,2.81559200e-01
4.12412412e+01,2.90390966e+00,7.99094647e+02,4.23171440e+06,1.82915971e+03,1.18501011e-01,5.19544190e-07,6.00004790e-01,2.81486037e-01
4.13413413e+01,2.89421200e+00,8.06928665e+02,4.20997255e+06,1.82610798e+03,1.18484872e-01,5.18635432e-07,5.99923072e-01,2.81447701e-01
4.14414414e+01,2.88742038e+00,8.12815110e+02,4.19533166e+06,1.82412598e+03,1.18479138e-01,5.17853731e-07,5.99894040e-01,2.81434082e-01
4.15415415e+01,2.88160873e+00,8.17559977e+02,4.18587896e+06,1.82337099e+03,1.18499644e-01,5.17272385e-07,5.99997870e-01,2.81482793e-01
4.16416416e+01,2.87384909e+00,8.22943098e+02,4.17141541e+06,1.82183533e+03,1.18508854e-01,5.16732159e-07,6.00044499e-01,2.81504669e-01
4.17417417e+01,2.86026905e+00,8.30305729e+02,4.14552005e+06,1.81896692e+03,1.18518942e-01,5.16290938e-07,6.00095580e-01,2.81528634e-01
4.18418418e+01,2.83742051e+00,8.41622302e+02,4.09806715e+06,1.81281718e+03,1.18506396e-01,5.15851082e-07,6.00032057e-01,2.81498833e-01
4.19419419e+01,2.81898375e+00,8.49293485e+02,4.05783714e+06,1.80716217e+03,1.18480083e-01,5.15453388e-07,5.99898823e-01,2.81436329e-01
4.20420420e+01,2.80798566e+00,8.53476874e+02,4.03289720e+06,1.80345333e+03,1.18456199e-01,5.15169471e-07,5.99777893e-01,2.81379596e-01
4.21421421e+01,2.79975396e+00,8.56658014e+02,4.01774546e+06,1.80180794e+03,1.18466208e-01,5.15138331e-07,5.99828574e-01,2.81403372e-01
4.22422422e+01,2.78957571e+00,8.61316907e+02,4.00206968e+06,1.80076683e+03,1.18503027e-01,5.15331924e-07,6.00014997e-01,2.81490830e-01
4.23423423e+01,2.77598236e+00,8.68820394e+02,3.97150508e+06,1.79621782e+03,1.18473127e-01,5.15346457e-07,5.99863607e-01,2.81419807e-01
4.24424424e+01,2.76589596e+00,8.75568977e+02,3.95227300e+06,1.79395142e+03,1.18478856e-01,5.15630172e-07,5.99892610e-01,2.81433414e-01
4.25425425e+01,2.75717820e+00,8.81514294e+02,3.93586333e+06,1.79202271e+03,1.18487381e-01,5.16044952e-07,5.99935776e-01,2.81453664e-01
4.26426426e+01,2.74726168e+00,8.86906515e+02,3.91537839e+06,1.78927300e+03,1.18477952e-01,5.16506212e-07,5.99888034e-01,2.81431265e-01
4.27427427e+01,2.73506840e+00,8.92065345e+02,3.88985314e+06,1.78571962e+03,1.18465578e-01,5.17085709e-07,5.99825381e-01,2.81401872e-01
4.28428428e+01,2.72062724e+00,8.97662755e+02,3.86091459e+06,1.78184474e+03,1.18465455e-01,5.17856880e-07,5.99824759e-01,2.81401579e-01
4.29429429e+01,2.70491941e+00,9.03683362e+02,3.83119711e+06,1.77820915e+03,1.18478013e-01,5.18830202e-07,5.99888341e-01,2.81431407e-01
4.30430430e+01,2.68958922e+00,9.10356240e+02,3.80150725e+06,1.77452164e+03,1.18475624e-01,5.19894527e-07,5.99876245e-01,2.81425731e-01
4.31431431e+01,2.67742647e+00,9.16948146e+02,3.77759900e+06,1.77137301e+03,1.18475545e-01,5.21137321e-07,5.99875845e-01,2.81425542e-01
4.32432432e+01,2.66725148e+00,9.23740795e+02,3.75825019e+06,1.76893666e+03,1.18481318e-01,5.22588271e-07,5.99905074e-01,2.81439253e-01
4.33433433e+01,2.65842819e+00,9.30492435e+02,3.74302101e+06,1.76736251e+03,1.18498303e-01,5.24287470e-07,5.99991072e-01,2.81479596e-01
4.34434434e+01,2.64835914e+00,9.37330291e+02,3.72304999e+06,1.76471515e+03,1.18491668e-01,5.26098278e-07,5.99957477e-01,2.81463833e-01
4.35435435e+01,2.63580879e+00,9.44297205e+02,3.69904262e+06,1.76165051e+03,1.18493934e-01,5.28180419e-07,5.99968950e-01,2.81469214e-01
4.36436436e+01,2.62181617e+00,9.50102511e+02,3.67035231e+06,1.75752806e+03,1.18479629e-01,5.30436777e-07,5.99896517e-01,2.81435230e-01
4.37437437e+01,2.60888826e+00,9.54285688e+02,3.64345031e+06,1.75349418e+03,1.18465934e-01,5.32961878e-07,5.99827173e-01,2.81402695e-01
4.38438438e+01,2.59613340e+00,9.58036408e+02,3.61868019e+06,1.75018465e+03,1.18462194e-01,5.35816081e-07,5.99808233e-01,2.81393806e-01
4.39439439e+01,2.58444403e+00,9.62347833e+02,3.59757473e+06,1.74769694e+03,1.18472351e-01,5.39034631e-07,5.99859662e-01,2.81417930e-01
4.40440440e+01,2.57427793e+00,9.67268381e+02,3.57924399e+06,1.74553614e+03,1.18480661e-01,5.42564471e-07,5.99901735e-01,2.81437664e-01
4.41441441e+01,2.56679450e+00,9.72701924e+02,3.56526325e+06,1.74372328e+03,1.18485003e-01,5.46413981e-07,5.99923716e-01,2.81447972e-01
4.42442442e+01,2.56169011e+00,9.78360587e+02,3.55661960e+06,1.74278177e+03,1.18497247e-01,5.50657125e-07,5.99985710e-01,2.81477051e-01
4.43443443e+01,2.55734026e+00,9.83634135e+02,3.54952984e+06,1.74213610e+03,1.18506094e-01,5.55261573e-07,6.00030499e-01,2.81498058e-01
4.44444444e+01,2.55325383e+00,9.87701488e+02,3.54279705e+06,1.74151986e+03,1.18512538e-01,5.60249821e-07,6.00063127e-01,2.81513360e-01
4.45445445e+01,2.55092562e+00,9.90308851e+02,3.53871399e+06,1.74101980e+03,1.18518025e-01,5.65643539e-07,6.00090905e-01,2.81526385e-01
4.46446446e+01,2.55032167e+00,9.91017210e+02,3.53597701e+06,1.74030090e+03,1.18503336e-01,5.71366939e-07,6.00016528e-01,2.81491485e-01
4.47447447e+01,2.55065522e+00,9.90512598e+02,3.53598727e+06,1.74014152e+03,1.18499036e-01,5.77577577e-07,5.99994752e-01,2.81481263e-01
4.48448448e+01,2.54827656e+00,9.90911191e+02,3.53080440e+06,1.73933804e+03,1.18490507e-01,5.84206543e-07,5.99951564e-01,2.81460994e-01
4.49449449e+01,2.54349269e+00,9.91944472e+02,3.52067601e+06,1.73778825e+03,1.18478397e-01,5.91252393e-07,5.99890238e-01,2.81432216e-01
4.50450450e+01,2.53656760e+00,9.94066773e+02,3.50842541e+06,1.73629833e+03,1.18490060e-01,5.98841843e-07,5.99949288e-01,2.81459910e-01
4.51451451e+01,2.52597048e+00,9.98785460e+02,3.48794694e+06,1.73336666e+03,1.18492708e-01,6.06790098e-07,5.99962689e-01,2.81466188e-01
4.52452452e+01,2.51548946e+00,1.00392944e+03,3.46901810e+06,1.73101813e+03,1.18501245e-01,6.15156672e-07,6.00005913e-01,2.81486456e-01
4.53453453e+01,2.50521391e+00,1.00983489e+03,3.45013113e+06,1.72859807e+03,1.18505152e-01,6.23869009e-07,6.00025687e-01,2.81495724e-01
4.54454454e+01,2.49490247e+00,1.01653655e+03,3.42993213e+06,1.72564938e+03,1.18500413e-01,6.32880260e-07,6.00001688e-01,2.81484454e-01
4.55455455e+01,2.48460398e+00,1.02367114e+03,3.40980310e+06,1.72268785e+03,1.18496632e-01,6.42213639e-07,5.99982538e-01,2.81475460e-01
4.56456456e+01,2.47374376e+00,1.03092029e+03,3.38893170e+06,1.71969852e+03,1.18493974e-01,6.51840516e-07,5.99969072e-01,2.81469131e-01
4.57457457e+01,2.46200794e+00,1.03791345e+03,3.36700219e+06,1.71669547e+03,1.18495312e-01,6.61742579e-07,5.99975840e-01,2.81472296e-01
4.58458458e+01,2.44944233e+00,1.04455270e+03,3.34338508e+06,1.71340522e+03,1.18494878e-01,6.71847573e-07,5.99973639e-01,2.81471252e-01
4.59459459e+01,2.43631976e+00,1.05078619e+03,3.31832499e+06,1.70979232e+03,1.18490015e-01,6.82094351e-07,5.99949008e-01,2.81459685e-01
4.60460460e+01,2.42327164e+00,1.05676059e+03,3.29362402e+06,1.70623168e+03,1.18488011e-01,6.92475142e-07,5.99938856e-01,2.81454910e-01
4.61461461e+01,2.41056402e+00,1.06285070e+03,3.27014016e+06,1.70295584e+03,1.18490847e-01,7.02951234e-07,5.99953207e-01,2.81461631e-01
4.62462462e+01,2.39860010e+00,1.06929025e+03,3.24810680e+06,1.69985697e+03,1.18495148e-01,7.13451053e-07,5.99974980e-01,2.81471834e-01
4.63463463e+01,2.38781920e+00,1.07604758e+03,3.22789230e+06,1.69686900e+03,1.18497662e-01,7.23903013e-07,5.99987699e-01,2.81477789e-01
4.64464464e+01,2.37818792e+00,1.08291819e+03,3.21001459e+06,1.69422891e+03,1.18502975e-01,7.34283837e-07,6.00014594e-01,2.81490395e-01
4.65465465e+01,2.36875832e+00,1.08943443e+03,3.19239889e+06,1.69162691e+03,1.18503812e-01,7.44498197e-07,6.00018826e-01,2.81492369e-01
4.66466466e+01,2.35884624e+00,1.09537530e+03,3.17392313e+06,1.68894068e+03,1.18501237e-01,7.54497777e-07,6.00005783e-01,2.81486238e-01
4.67467467e+01,2.34837324e+00,1.10075970e+03,3.15409932e+06,1.68596516e+03,1.18495037e-01,7.64222377e-07,5.99974382e-01,2.81471496e-01
4.68468468e+01,2.33789226e+00,1.10564988e+03,3.13388669e+06,1.68277667e+03,1.18487580e-01,7.73628254e-07,5.99936622e-01,2.81453771e-01
4.69469469e+01,2.32817889e+00,1.11022029e+03,3.11565278e+06,1.68002683e+03,1.18483263e-01,7.82690407e-07,5.99914759e-01,2.81443504e-01
4.70470470e+01,2.31973896e+00,1.11457310e+03,3.10046556e+06,1.67784375e+03,1.18488664e-01,7.91405321e-07,5.99942100e-01,2.81456321e-01
4.71471471e+01,2.31208129e+00,1.11927434e+03,3.08662285e+06,1.67579504e+03,1.18495018e-01,7.99669257e-07,5.99974267e-01,2.81471402e-01
4.72472472e+01,2.30525317e+00,1.12421421e+03,3.07392287e+06,1.67380947e+03,1.18497406e-01,8.07407265e-07,5.99986352e-01,2.81477063e-01
4.73473473e+01,2.29966393e+00,1.12865659e+03,3.06369433e+06,1.67223864e+03,1.18501360e-01,8.14622348e-07,6.00006368e-01,2.81486445e-01
4.74474474e+01,2.29453442e+00,1.13195682e+03,3.05360405e+06,1.67052649e+03,1.18496442e-01,8.21213509e-07,5.99981461e-01,2.81474753e-01
4.75475475e+01,2.28870996e+00,1.13499473e+03,3.04237337e+06,1.66870601e+03,1.18490206e-01,8.27200697e-07,5.99949883e-01,2.81459932e-01
4.76476476e+01,2.28187786e+00,1.13843230e+03,3.02965649e+06,1.66671657e+03,1.18489476e-01,8.32604039e-07,5.99946182e-01,2.81458189e-01
4.77477477e+01,2.27518174e+00,1.14201127e+03,3.01787574e+06,1.66507940e+03,1.18492497e-01,8.37394331e-07,5.99961476e-01,2.81465359e-01
4.78478478e+01,2.27004575e+00,1.14554296e+03,3.00904713e+06,1.66387917e+03,1.18498577e-01,8.41558416e-07,5.99992257e-01,2.81479795e-01
4.79479479e+01,2.26643826e+00,1.14928711e+03,3.00309149e+06,1.66310800e+03,1.18507206e-01,8.45090618e-07,6.00035947e-01,2.81500287e-01
4.80480480e+01,2.26322089e+00,1.15360244e+03,2.99720993e+06,1.66217777e+03,1.18509534e-01,8.47930632e-07,6.00047731e-01,2.81505813e-01
4.81481481e+01,2.26032906e+00,1.15769022e+03,2.99267637e+06,1.66173216e+03,1.18513439e-01,8.50143651e-07,6.00067504e-01,2.81515087e-01
4.82482482e+01,2.25847318e+00,1.16006513e+03,2.98899859e+06,1.66105988e+03,1.18513010e-01,8.51701567e-07,6.00065329e-01,2.81514065e-01
4.83483483e+01,2.25692165e+00,1.16096977e+03,2.98439730e+06,1.65980485e+03,1.18501452e-01,8.52571757e-07,6.00006805e-01,2.81486608e-01
4.84484484e+01,2.25395004e+00,1.16168409e+03,2.97673166e+06,1.65797564e+03,1.18483479e-01,8.52809053e-07,5.99915806e-01,2.81443916e-01
4.85485485e+01,2.24903862e+00,1.16206818e+03,2.96689078e+06,1.65622474e+03,1.18474783e-01,8.52554039e-07,5.99871773e-01,2.81423259e-01
4.86486486e+01,2.24203640e+00,1.16240435e+03,2.95404494e+06,1.65421959e+03,1.18473664e-01,8.51827681e-07,5.99866111e-01,2.81420603e-01
4.87487487e+01,2.23288846e+00,1.16306446e+03,2.93616851e+06,1.65106053e+03,1.18465392e-01,8.50562736e-07,5.99824225e-01,2.81400954e-01
4.88488488e+01,2.22425682e+00,1.16527399e+03,2.92174766e+06,1.64897307e+03,1.18490833e-01,8.49096193e-07,5.99953042e-01,2.81461389e-01
4.89489489e+01,2.21812176e+00,1.16827613e+03,2.91268333e+06,1.64789986e+03,1.18527087e-01,8.47306285e-07,6.00136609e-01,2.81547510e-01
4.90490490e+01,2.21340381e+00,1.17157979e+03,2.90638020e+06,1.64737233e+03,1.18560643e-01,8.45138397e-07,6.00306512e-01,2.81627221e-01
4.91491491e+01,2.20998874e+00,1.17590624e+03,2.90181365e+06,1.64711121e+03,1.18576076e-01,8.42525934e-07,6.00384659e-01,2.81663886e-01
4.92492492e+01,2.20907019e+00,1.18056354e+03,2.89629687e+06,1.64507600e+03,1.18546335e-01,8.39320216e-07,6.00234070e-01,2.81593242e-01
4.93493493e+01,2.21694956e+00,1.17953178e+03,2.91324361e+06,1.64820367e+03,1.18590705e-01,8.36392754e-07,6.00458731e-01,2.81698642e-01
4.94494494e+01,2.22822982e+00,1.17731157e+03,2.92639178e+06,1.64849450e+03,1.18501956e-01,8.32321710e-07,6.00009375e-01,2.81487836e-01
4.95495495e+01,2.23673104e+00,1.17232950e+03,2.94845470e+06,1.65346239e+03,1.18584222e-01,8.29290376e-07,6.00425910e-01,2.81683253e-01
4.96496496e+01,2.26330965e+00,1.15773588e+03,2.98837752e+06,1.65732050e+03,1.18501956e-01,8.24946082e-07,6.00009375e-01,2.81487844e-01
4.97497497e+01,2.30106081e+00,1.13598581e+03,3.05388457e+06,1.66586398e+03,1.18501955e-01,8.21042609e-07,6.00009375e-01,2.81487849e-01
4.98498498e+01,2.32158405e+00,1.12315788e+03,3.10124926e+06,1.67674600e+03,1.18501955e-01,8.17106864e-07,6.00009375e-01,2.81487853e-01
4.99499499e+01,2.39627468e+00,1.10553694e+03,3.01992840e+06,8.11021640e+02,2.98269174e-01,0.00000000e+00,0.00000000e+00,7.01730826e-01
5.00500501e+01,2.49113905e+00,9.93091408e+02,3.59267434e+06,5.00241447e+03,0.00000000e+00,2.30000000e-01,7.70065516e-01,0.00000000e+00
5.01501502e+01,2.11068766e+00,1.22565989e+03,2.84461149e+06,4.67628505e+03,0.00000000e+00,2.30000000e-01,7.69747501e-01,0.00000000e+00
5.02502503e+01,1.93898037e+00,1.33546329e+03,2.53217676e+06,4.53019479e+03,0.00000000e+00,2.30000000e-01,7.69983922e-01,0.00000000e+00
5.03503504e+01,1.88310914e+00,1.37394613e+03,2.43078886e+06,4.47776799e+03,0.00000000e+00,2.30000000e-01,7.69998295e-01,0.00000000e+00
5.04504505e+01,1.86539018e+00,1.38618620e+03,2.39881735e+06,4.46084747e+03,0.00000000e+00,2.30000000e-01,7.69998214e-01,0.00000000e+00
5.05505506e+01,1.85501462e+00,1.39388051e+03,2.38020573e+06,4.45099022e+03,0.00000000e+00,2.30000000e-01,7.69999105e-01,0.00000000e+00
5.06506507e+01,1.84643566e+00,1.40064124e+03,2.36506490e+06,4.44322271e+03,0.00000000e+00,2.30000000e-01,7.69999735e-01,0.00000000e+00
5.07507508e+01,1.83865078e+00,1.40727185e+03,2.35099021e+06,4.43548172e+03,0.00000000e+00,2.30000000e-01,7.69999682e-01,0.00000000e+00
5.08508509e+01,1.83118828e+00,1.41389352e+03,2.33736642e+06,4.42774599e+03,0.00000000e+00,2.30000000e-01,7.70000410e-01,0.00000000e+00
5.09509510e+01,1.82350716e+00,1.42037261e+03,2.32358569e+06,4.42018035e+03,0.00000000e+00,2.30000000e-01,7.70000697e-01,0.00000000e+00
5.10510511e+01,1.81558181e+00,1.42670521e+03,2.30947637e+06,4.41251828e+03,0.00000000e+00,2.30000000e-01,7.70000587e-01,0.00000000e+00
5.11511512e+01,1.80754394e+00,1.43295223e+03,2.29520248e+06,4.40474696e+03,0.00000000e+00,2.30000000e-01,7.70000571e-01,0.00000000e+00
5.12512513e+01,1.79926995e+00,1.43912335e+03,2.28084005e+06,4.39731386e+03,0.00000000e+00,2.30000000e-01,7.70000268e-01,0.00000000e+00
5.13513514e+01,1.79062943e+00,1.44521585e+03,2.26639136e+06,4.39054335e+03,0.00000000e+00,2.30000000e-01,7.69999996e-01,0.00000000e+00
5.14514515e+01,1.78161450e+00,1.45123654e+03,2.25187685e+06,4.38449969e+03,0.00000000e+00,2.30000000e-01,7.69999852e-01,0.00000000e+00
5.15515516e+01,1.77228213e+00,1.45719707e+03,2.23732561e+06,4.37910654e+03,0.00000000e+00,2.30000000e-01,7.69999787e-01,0.00000000e+00
5.16516517e+01,1.76271700e+00,1.46311089e+03,2.22276883e+06,4.37422260e+03,0.00000000e+00,2.30000000e-01,7.69999788e-01,0.00000000e+00
5.17517518e+01,1.75300497e+00,1.46898963e+03,2.20823377e+06,4.36969413e+03,0.00000000e+00,2.30000000e-01,7.69999871e-01,0.00000000e+00
5.18518519e+01,1.74320073e+00,1.47483958e+03,2.19373571e+06,4.36541941e+03,0.00000000e+00,2.30000000e-01,7.70000019e-01,0.00000000e+00
5.19519520e+01,1.73330103e+00,1.48065934e+03,2.17927234e+06,4.36140596e+03,0.00000000e+00,2.30000000e-01,7.70000173e-01,0.00000000e+00
5.20520521e+01,1.72324297e+00,1.48643954e+03,2.16482502e+06,4.35777943e+03,0.00000000e+00,2.30000000e-01,7.70000263e-01,0.00000000e+00
5.21521522e+01,1.71292985e+00,1.49216535e+03,2.15036493e+06,4.35473327e+03,0.00000000e+00,2.30000000e-01,7.70000248e-01,0.00000000e+00
5.22522523e+01,1.70227011e+00,1.49782258e+03,2.13586503e+06,4.35245544e+03,0.00000000e+00,2.30000000e-01,7.70000174e-01,0.00000000e+00
5.23523524e+01,1.69124187e+00,1.50349100e+03,2.12151270e+06,4.35140547e+03,0.00000000e+00,2.30000000e-01,7.69998747e-01,0.00000000e+00
5.24524525e+01,1.68015883e+00,1.50941184e+03,2.10784189e+06,4.35187904e+03,0.00000000e+00,2.30000000e-01,7.69999900e-01,0.00000000e+00
5.25525526e+01,1.66906024e+00,1.51547976e+03,2.09459869e+06,4.35329185e+03,0.00000000e+00,2.30000000e-01,7.70000251e-01,0.00000000e+00
5.26526527e+01,1.65781384e+00,1.52167348e+03,2.08172749e+06,4.35589129e+03,0.00000000e+00,2.30000000e-01,7.70000366e-01,0.00000000e+00
5.27527528e+01,1.64631129e+00,1.52796022e+03,2.06915323e+06,4.35983059e+03,0.00000000e+00,2.30000000e-01,7.70000365e-01,0.00000000e+00
5.28528529e+01,1.63444927e+00,1.53429931e+03,2.05679218e+06,4.36523853e+03,0.00000000e+00,2.30000000e-01,7.70000148e-01,0.00000000e+00
5.29529530e+01,1.62218053e+00,1.54067862e+03,2.04462276e+06,4.37223093e+03,0.00000000e+00,2.30000000e-01,7.69999983e-01,0.00000000e+00
5.30530531e+01,1.60952971e+00,1.54708521e+03,2.03261642e+06,4.38072016e+03,0.00000000e+00,2.30000000e-01,7.70000005e-01,0.00000000e+00
5.31531532e+01,1.59652361e+00,1.55349803e+03,2.02073024e+06,4.39058142e+03,0.00000000e+00,2.30000000e-01,7.70000089e-01,0.00000000e+00
5.32532533e+01,1.58315862e+00,1.55989247e+03,2.00891331e+06,4.40175424e+03,0.00000000e+00,2.30000000e-01,7.70000123e-01,0.00000000e+00
5.33533534e+01,1.56941602e+00,1.56624372e+03,1.99711541e+06,4.41422148e+03,0.00000000e+00,2.30000000e-01,7.70000092e-01,0.00000000e+00
5.34534535e+01,1.55528486e+00,1.57252980e+03,1.98529655e+06,4.42796839e+03,0.00000000e+00,2.30000000e-01,7.70000029e-01,0.00000000e+00
5.35535536e+01,1.54077067e+00,1.57873525e+03,1.97343338e+06,4.44297187e+03,0.00000000e+00,2.30000000e-01,7.69999963e-01,0.00000000e+00
5.36536537e+01,1.52589275e+00,1.58485489e+03,1.96152090e+06,4.45921132e+03,0.00000000e+00,2.30000000e-01,7.69999906e-01,0.00000000e+00
5.37537538e+01,1.51068087e+00,1.59089419e+03,1.94957361e+06,4.47668000e+03,0.00000000e+00,2.30000000e-01,7.69999858e-01,0.00000000e+00
5.38538539e+01,1.49517505e+00,1.59686573e+03,1.93762555e+06,4.49538572e+03,0.00000000e+00,2.30000000e-01,7.69999841e-01,0.00000000e+00
5.39539540e+01,1.47941660e+00,1.60278751e+03,1.92571714e+06,4.51534706e+03,0.00000000e+00,2.30000000e-01,7.69999891e-01,0.00000000e+00
5.40540541e+01,1.46342964e+00,1.60867787e+03,1.91388595e+06,4.53662691e+03,0.00000000e+00,2.30000000e-01,7.70000500e-01,0.00000000e+00
5.41541542e+01,1.44724435e+00,1.61457228e+03,1.90220340e+06,4.55936317e+03,0.00000000e+00,2.30000000e-01,7.69999968e-01,0.00000000e+00
5.42542543e+01,1.43136849e+00,1.62049072e+03,1.89071370e+06,4.58208826e+03,0.00000000e+00,2.30000000e-01,7.69999884e-01,0.00000000e+00
5.43543544e+01,1.41613359e+00,1.62641626e+03,1.87933513e+06,4.60350967e+03,0.00000000e+00,2.30000000e-01,7.70000061e-01,0.00000000e+00
5.44544545e+01,1.40153508e+00,1.63229884e+03,1.86798499e+06,4.62336794e+03,0.00000000e+00,2.30000000e-01,7.70000070e-01,0.00000000e+00
5.45545546e+01,1.38759019e+00,1.63812883e+03,1.85665022e+06,4.64149596e+03,0.00000000e+00,2.30000000e-01,7.69999943e-01,0.00000000e+00
5.46546547e+01,1.37429656e+00,1.64392587e+03,1.84537291e+06,4.65792850e+03,0.00000000e+00,2.30000000e-01,7.69999876e-01,0.00000000e+00
5.47547548e+01,1.36160855e+00,1.64971523e+03,1.83420350e+06,4.67287712e+03,0.00000000e+00,2.30000000e-01,7.69999923e-01,0.00000000e+00
5.48548549e+01,1.34946214e+00,1.65551962e+03,1.82318497e+06,4.68661329e+03,0.00000000e+00,2.30000000e-01,7.69999978e-01,0.00000000e+00
5.49549550e+01,1.33780825e+00,1.66136258e+03,1.81235690e+06,4.69936238e+03,0.00000000e+00,2.30000000e-01,7.70000001e-01,0.00000000e+00
5.50550551e+01,1.32661834e+00,1.66726562e+03,1.80174901e+06,4.71126304e+03,0.00000000e+00,2.30000000e-01,7.70000050e-01,0.00000000e+00
5.51551552e+01,1.31587797e+00,1.67324260e+03,1.79137354e+06,4.72236521e+03,0.00000000e+00,2.30000000e-01,7.70000107e-01,0.00000000e+00
5.52552553e+01,1.30559214e+00,1.67930172e+03,1.78123355e+06,4.73262817e+03,0.00000000e+00,2.30000000e-01,7.70000083e-01,0.00000000e+00
5.53553554e+01,1.29578509e+00,1.68544863e+03,1.77133118e+06,4.74193823e+03,0.00000000e+00,2.30000000e-01,7.69999950e-01,0.00000000e+00
5.54554555e+01,1.28648048e+00,1.69168124e+03,1.76165855e+06,4.75015421e+03,0.00000000e+00,2.30000000e-01,7.69999788e-01,0.00000000e+00
5.55555556e+01,1.27767454e+00,1.69798272e+03,1.75218260e+06,4.75716627e+03,0.00000000e+00,2.30000000e-01,7.69999712e-01,0.00000000e+00
5.56556557e+01,1.26932686e+00,1.70432158e+03,1.74284640e+06,4.76293684e+03,0.00000000e+00,2.30000000e-01,7.69999774e-01,0.00000000e+00
5.57557558e+01,1.26137592e+00,1.71066337e+03,1.73358820e+06,4.76749807e+03,0.00000000e+00,2.30000000e-01,7.69999907e-01,0.00000000e+00
5.58558559e+01,1.25376584e+00,1.71698840e+03,1.72437069e+06,4.77093268e+03,0.00000000e+00,2.30000000e-01,7.69999980e-01,0.00000000e+00
5.59559560e+01,1.24646124e+00,1.72330121e+03,1.71519755e+06,4.77336313e+03,0.00000000e+00,2.30000000e-01,7.69999939e-01,0.00000000e+00
5.60560561e+01,1.23943899e+00,1.72962088e+03,1.70609705e+06,4.77493783e+03,0.00000000e+00,2.30000000e-01,7.69999861e-01,0.00000000e+00
5.61561562e+01,1.23267058e+00,1.73596135e+03,1.69708824e+06,4.77580458e+03,0.00000000e+00,2.30000000e-01,7.69999830e-01,0.00000000e+00
5.62562563e+01,1.22611834e+00,1.74232076e+03,1.68816341e+06,4.77607609e+03,0.00000000e+00,2.30000000e-01,7.69999862e-01,0.00000000e+00
5.63563564e+01,1.21974486e+00,1.74868447e+03,1.67929431e+06,4.77580881e+03,0.00000000e+00,2.30000000e-01,7.69999925e-01,0.00000000e+00
5.64564565e+01,1.21352205e+00,1.75503626e+03,1.67045166e+06,4.77502153e+03,0.00000000e+00,2.30000000e-01,7.69999967e-01,0.00000000e+00
5.65565566e+01,1.20743628e+00,1.76136318e+03,1.66161495e+06,4.77370149e+03,0.00000000e+00,2.30000000e-01,7.69999981e-01,0.00000000e+00
5.66566567e+01,1.20148276e+00,1.76765640e+03,1.65277036e+06,4.77182015e+03,0.00000000e+00,2.30000000e-01,7.69999970e-01,0.00000000e+00
5.67567568e+01,1.19565853e+00,1.77391021e+03,1.64391137e+06,4.76936254e+03,0.00000000e+00,2.30000000e-01,7.69999951e-01,0.00000000e+00
5.68568569e+01,1.18995742e+00,1.78012012e+03,1.63503361e+06,4.76633287e+03,0.00000000e+00,2.30000000e-01,7.69999940e-01,0.00000000e+00
5.69569570e+01,1.18436936e+00,1.78628040e+03,1.62612851e+06,4.76273929e+03,0.00000000e+00,2.30000000e-01,7.69999939e-01,0.00000000e+00
5.70570571e+01,1.17888193e+00,1.79238459e+03,1.61718536e+06,4.75859322e+03,0.00000000e+00,2.30000000e-01,7.69999975e-01,0.00000000e+00
5.71571572e+01,1.17348232e+00,1.79842624e+03,1.60819283e+06,4.75390591e+03,0.00000000e+00,2.30000000e-01,7.70000160e-01,0.00000000e+00
5.72572573e+01,1.16816404e+00,1.80440125e+03,1.59913822e+06,4.74866087e+03,0.00000000e+00,2.30000000e-01,7.70000214e-01,0.00000000e+00
5.73573574e+01,1.16293954e+00,1.81034226e+03,1.59007193e+06,4.74295204e+03,0.00000000e+00,2.30000000e-01,7.69999958e-01,0.00000000e+00
5.74574575e+01,1.15782521e+00,1.81630948e+03,1.58109810e+06,4.73701720e+03,0.00000000e+00,2.30000000e-01,7.69999852e-01,0.00000000e+00
5.75575576e+01,1.15281425e+00,1.82230125e+03,1.57220560e+06,4.73084964e+03,0.00000000e+00,2.30000000e-01,7.69999860e-01,0.00000000e+00
5.76576577e+01,1.14788191e+00,1.82830003e+03,1.56336346e+06,4.72445650e+03,0.00000000e+00,2.30000000e-01,7.69999942e-01,0.00000000e+00
5.77577578e+01,1.14300383e+00,1.83428843e+03,1.55454249e+06,4.71784850e+03,0.00000000e+00,2.30000000e-01,7.70000004e-01,0.00000000e+00
5.78578579e+01,1.13816728e+00,1.84026023e+03,1.54573250e+06,4.71104562e+03,0.00000000e+00,2.30000000e-01,7.70000034e-01,0.00000000e+00
5.79579580e+01,1.13336481e+00,1.84621398e+03,1.53693386e+06,4.70407800e+03,0.00000000e+00,2.30000000e-01,7.70000049e-01,0.00000000e+00
5.80580581e+01,1.12858652e+00,1.85214663e+03,1.52814816e+06,4.69699029e+03,0.00000000e+00,2.30000000e-01,7.70000048e-01,0.00000000e+00
5.81581582e+01,1.12382283e+00,1.85805473e+03,1.51937609e+06,4.68982352e+03,0.00000000e+00,2.30000000e-01,7.70000037e-01,0.00000000e+00
5.82582583e+01,1.11906645e+00,1.86393524e+03,1.51061789e+06,4.68260731e+03,0.00000000e+00,2.30000000e-01,7.70000200e-01,0.00000000e+00
5.83583584e+01,1.11431441e+00,1.86978685e+03,1.50187795e+06,4.67536982e+03,0.00000000e+00,2.30000000e-01,7.70000014e-01,0.00000000e+00
5.84584585e+01,1.10960970e+00,1.87566847e+03,1.49324294e+06,4.66819861e+03,0.00000000e+00,2.30000000e-01,7.69999957e-01,0.00000000e+00
5.85585586e+01,1.10498521e+00,1.88161420e+03,1.48475304e+06,4.66108320e+03,0.00000000e+00,2.30000000e-01,7.69999959e-01,0.00000000e+00
5.86586587e+01,1.10043683e+00,1.88761498e+03,1.47639729e+06,4.65400896e+03,0.00000000e+00,2.30000000e-01,7.69999972e-01,0.00000000e+00
5.87587588e+01,1.09596108e+00,1.89366037e+03,1.46815746e+06,4.64693496e+03,0.00000000e+00,2.30000000e-01,7.69999984e-01,0.00000000e+00
5.88588589e+01,1.09155622e+00,1.89974158e+03,1.46001833e+06,4.63982175e+03,0.00000000e+00,2.30000000e-01,7.69999964e-01,0.00000000e+00
5.89589590e+01,1.08722147e+00,1.90585307e+03,1.45196972e+06,4.63264112e+03,0.00000000e+00,2.30000000e-01,7.69999915e-01,0.00000000e+00
5.90590591e+01,1.08295264e+00,1.91198820e+03,1.44399952e+06,4.62537248e+03,0.00000000e+00,2.30000000e-01,7.69999898e-01,0.00000000e+00
5.91591592e+01,1.07873843e+00,1.91813452e+03,1.43608651e+06,4.61799598e+03,0.00000000e+00,2.30000000e-01,7.69999953e-01,0.00000000e+00
5.92592593e+01,1.07456419e+00,1.92427751e+03,1.42820593e+06,4.61049489e+03,0.00000000e+00,2.30000000e-01,7.70000008e-01,0.00000000e+00
5.93593594e+01,1.07042063e+00,1.93041098e+03,1.42034401e+06,4.60286394e+03,0.00000000e+00,2.30000000e-01,7.70000038e-01,0.00000000e+00
5.94594595e+01,1.06629994e+00,1.93653417e+03,1.41249819e+06,4.59512760e+03,0.00000000e+00,2.30000000e-01,7.70000043e-01,0.00000000e+00
5.95595596e+01,1.06219305e+00,1.94264661e+03,1.40466985e+06,4.58732880e+03,0.00000000e+00,2.30000000e-01,7.70000037e-01,0.00000000e+00
5.96596597e+01,1.05809282e+00,1.94874681e+03,1.39685741e+06,4.57949274e+03,0.00000000e+00,2.30000000e-01,7.70000031e-01,0.00000000e+00
5.97597598e+01,1.05399389e+00,1.95483248e+03,1.38905808e+06,4.57163316e+03,0.00000000e+00,2.30000000e-01,7.70000041e-01,0.00000000e+00
5.98598599e+01,1.04989034e+00,1.96089901e+03,1.38126537e+06,4.56375413e+03,0.00000000e+00,2.30000000e-01,7.70000053e-01,0.00000000e+00
5.99599600e+01,1.04577299e+00,1.96694323e+03,1.37347041e+06,4.55586598e+03,0.00000000e+00,2.30000000e-01,7.70000056e-01,0.00000000e+00
6.00600601e+01,1.04163179e+00,1.97296261e+03,1.36566538e+06,4.54798615e+03,0.00000000e+00,2.30000000e-01,7.70000047e-01,0.00000000e+00
6.01601602e+01,1.03745858e+00,1.97895445e+03,1.35784509e+06,4.54013249e+03,0.00000000e+00,2.30000000e-01,7.70000028e-01,0.00000000e+00
6.02602603e+01,1.03324931e+00,1.98491549e+03,1.35000839e+06,4.53231850e+03,0.00000000e+00,2.30000000e-01,7.70000004e-01,0.00000000e+00
6.03603604e+01,1.02900466e+00,1.99084236e+03,1.34215816e+06,4.52455054e+03,0.00000000e+00,2.30000000e-01,7.69999980e-01,0.00000000e+00
6.04604605e+01,1.02472931e+00,1.99673319e+03,1.33430104e+06,4.51682922e+03,0.00000000e+00,2.30000000e-01,7.70000169e-01,0.00000000e+00
6.05605606e+01,1.02043523e+00,2.00260087e+03,1.32646595e+06,4.50920336e+03,0.00000000e+00,2.30000000e-01,7.69999825e-01,0.00000000e+00
6.06606607e+01,1.01618769e+00,2.00851925e+03,1.31875124e+06,4.50171575e+03,0.00000000e+00,2.30000000e-01,7.69999915e-01,0.00000000e+00
6.07607608e+01,1.01200554e+00,2.01450489e+03,1.31116651e+06,4.49432061e+03,0.00000000e+00,2.30000000e-01,7.69999974e-01,0.00000000e+00
6.08608609e+01,1.00787786e+00,2.02054493e+03,1.30369827e+06,4.48702279e+03,0.00000000e+00,2.30000000e-01,7.69999974e-01,0.00000000e+00
6.09609610e+01,1.00380207e+00,2.02663337e+03,1.29633521e+06,4.47979705e+03,0.00000000e+00,2.30000000e-01,7.69999938e-01,0.00000000e+00
6.10610611e+01,9.99776006e-01,2.03276471e+03,1.28906701e+06,4.47261899e+03,0.00000000e+00,2.30000000e-01,7.69999911e-01,0.00000000e+00
6.11611612e+01,9.95792957e-01,2.03892937e+03,1.28187844e+06,4.46546722e+03,0.00000000e+00,2.30000000e-01,7.69999927e-01,0.00000000e+00
6.12612613e+01,9.91842417e-01,2.04511452e+03,1.27475066e+06,4.45832432e+03,0.00000000e+00,2.30000000e-01,7.69999980e-01,0.00000000e+00
6.13613614e+01,9.87915155e-01,2.05130977e+03,1.26766848e+06,4.45117960e+03,0.00000000e+00,2.30000000e-01,7.70000012e-01,0.00000000e+00
6.14614615e+01,9.84006706e-01,2.05751110e+03,1.26062455e+06,4.44402780e+03,0.00000000e+00,2.30000000e-01,7.70000038e-01,0.00000000e+00
6.15615616e+01,9.80112084e-01,2.06371458e+03,1.25361468e+06,4.43687694e+03,0.00000000e+00,2.30000000e-01,7.70000051e-01,0.00000000e+00
6.16616617e+01,9.76224693e-01,2.06991460e+03,1.24663486e+06,4.42974309e+03,0.00000000e+00,2.30000000e-01,7.70000042e-01,0.00000000e+00
6.17617618e+01,9.72338836e-01,2.07610647e+03,1.23968345e+06,4.42264661e+03,0.00000000e+00,2.30000000e-01,7.70000033e-01,0.00000000e+00
6.18618619e+01,9.68451147e-01,2.08228470e+03,1.23275503e+06,4.41558380e+03,0.00000000e+00,2.30000000e-01,7.70000033e-01,0.00000000e+00
6.19619620e+01,9.64558769e-01,2.08844289e+03,1.22584014e+06,4.40853412e+03,0.00000000e+00,2.30000000e-01,7.70000039e-01,0.00000000e+00
6.20620621e+01,9.60658439e-01,2.09457345e+03,1.21892928e+06,4.40147835e+03,0.00000000e+00,2.30000000e-01,7.70000041e-01,0.00000000e+00
6.21621622e+01,9.56746485e-01,2.10066842e+03,1.21201260e+06,4.39439732e+03,0.00000000e+00,2.30000000e-01,7.70000038e-01,0.00000000e+00
6.22622623e+01,9.52819587e-01,2.10672020e+03,1.20507986e+06,4.38726853e+03,0.00000000e+00,2.30000000e-01,7.70000034e-01,0.00000000e+00
6.23623624e+01,9.48874954e-01,2.11272174e+03,1.19812101e+06,4.38006711e+03,0.00000000e+00,2.30000000e-01,7.70000032e-01,0.00000000e+00
6.24624625e+01,9.44909827e-01,2.11866656e+03,1.19112685e+06,4.37277081e+03,0.00000000e+00,2.30000000e-01,7.70000032e-01,0.00000000e+00
6.25625626e+01,9.40921157e-01,2.12454877e+03,1.18409015e+06,4.36536540e+03,0.00000000e+00,2.30000000e-01,7.70000030e-01,0.00000000e+00
6.26626627e+01,9.36905914e-01,2.13036322e+03,1.17700671e+06,4.35784752e+03,0.00000000e+00,2.30000000e-01,7.70000020e-01,0.00000000e+00
6.27627628e+01,9.32861954e-01,2.13610622e+03,1.16987624e+06,4.35022400e+03,0.00000000e+00,2.30000000e-01,7.70000000e-01,0.00000000e+00
6.28628629e+01,9.28789258e-01,2.14177662e+03,1.16270371e+06,4.34251044e+03,0.00000000e+00,2.30000000e-01,7.70000185e-01,0.00000000e+00
6.29629630e+01,9.24691471e-01,2.14737770e+03,1.15549834e+06,4.33472435e+03,0.00000000e+00,2.30000000e-01,7.70000153e-01,0.00000000e+00
6.30630631e+01,9.20629801e-01,2.15299509e+03,1.14837655e+06,4.32701539e+03,0.00000000e+00,2.30000000e-01,7.69999832e-01,0.00000000e+00
6.31631632e+01,9.16673431e-01,2.15873557e+03,1.14144023e+06,4.31944235e+03,0.00000000e+00,2.30000000e-01,7.69999839e-01,0.00000000e+00
6.32632633e+01,9.12807049e-01,2.16457563e+03,1.13466873e+06,4.31200485e+03,0.00000000e+00,2.30000000e-01,7.69999865e-01,0.00000000e+00
6.33633634e+01,9.09013227e-01,2.17049407e+03,1.12803278e+06,4.30467779e+03,0.00000000e+00,2.30000000e-01,7.69999884e-01,0.00000000e+00
6.34634635e+01,9.05277488e-01,2.17647265e+03,1.12150643e+06,4.29743361e+03,0.00000000e+00,2.30000000e-01,7.69999893e-01,0.00000000e+00
6.35635636e+01,9.01587372e-01,2.18249589e+03,1.11506685e+06,4.29024611e+03,0.00000000e+00,2.30000000e-01,7.69999907e-01,0.00000000e+00
6.36636637e+01,8.97931409e-01,2.18854981e+03,1.10869319e+06,4.28309123e+03,0.00000000e+00,2.30000000e-01,7.69999940e-01,0.00000000e+00
6.37637638e+01,8.94299479e-01,2.19462233e+03,1.10236749e+06,4.27594885e+03,0.00000000e+00,2.30000000e-01,7.69999993e-01,0.00000000e+00
6.38638639e+01,8.90684713e-01,2.20070587e+03,1.09607606e+06,4.26879959e+03,0.00000000e+00,2.30000000e-01,7.70000021e-01,0.00000000e+00
6.39639640e+01,8.87083235e-01,2.20679860e+03,1.08981001e+06,4.26162745e+03,0.00000000e+00,2.30000000e-01,7.70000043e-01,0.00000000e+00
6.40640641e+01,8.83489185e-01,2.21289887e+03,1.08356417e+06,4.25444056e+03,0.00000000e+00,2.30000000e-01,7.70000042e-01,0.00000000e+00
6.41641642e+01,8.79896547e-01,2.21900552e+03,1.07733690e+06,4.24726139e+03,0.00000000e+00,2.30000000e-01,7.70000032e-01,0.00000000e+00
6.42642643e+01,8.76301449e-01,2.22511598e+03,1.07112361e+06,4.24009056e+03,0.00000000e+00,2.30000000e-01,7.70000022e-01,0.00000000e+00
6.43643644e+01,8.72701877e-01,2.23122695e+03,1.06491689e+06,4.23290845e+03,0.00000000e+00,2.30000000e-01,7.70000024e-01,0.00000000e+00
6.44644645e+01,8.69097349e-01,2.23733087e+03,1.05871281e+06,4.22570140e+03,0.00000000e+00,2.30000000e-01,7.70000036e-01,0.00000000e+00
6.45645646e+01,8.65486712e-01,2.24341720e+03,1.05250943e+06,4.21846694e+03,0.00000000e+00,2.30000000e-01,7.70000046e-01,0.00000000e+00
6.46646647e+01,8.61867417e-01,2.24947507e+03,1.04630457e+06,4.21120827e+03,0.00000000e+00,2.30000000e-01,7.70000046e-01,0.00000000e+00
6.47647648e+01,8.58236203e-01,2.25549498e+03,1.04009498e+06,4.20392766e+03,0.00000000e+00,2.30000000e-01,7.70000039e-01,0.00000000e+00
6.48648649e+01,8.54590004e-01,2.26146945e+03,1.03387675e+06,4.19662368e+03,0.00000000e+00,2.30000000e-01,7.70000026e-01,0.00000000e+00
6.49649650e+01,8.50926706e-01,2.26739336e+03,1.02764641e+06,4.18929201e+03,0.00000000e+00,2.30000000e-01,7.70000007e-01,0.00000000e+00
6.50650651e+01,8.47245958e-01,2.27326389e+03,1.02140247e+06,4.18192736e+03,0.00000000e+00,2.30000000e-01,7.69999984e-01,0.00000000e+00
6.51651652e+01,8.43549770e-01,2.27908065e+03,1.01514650e+06,4.17452540e+03,0.00000000e+00,2.30000000e-01,7.69999962e-01,0.00000000e+00
6.52652653e+01,8.39842123e-01,2.28484615e+03,1.00888445e+06,4.16708872e+03,0.00000000e+00,2.30000000e-01,7.70000238e-01,0.00000000e+00
6.53653654e+01,8.36129638e-01,2.29056610e+03,1.00263051e+06,4.15964634e+03,0.00000000e+00,2.30000000e-01,7.69999930e-01,0.00000000e+00
6.54654655e+01,8.32458085e-01,2.29632215e+03,9.96467170e+05,4.15230989e+03,0.00000000e+00,2.30000000e-01,7.69999870e-01,0.00000000e+00
6.55655656e+01,8.28850563e-01,2.30215398e+03,9.90417812e+05,4.14506481e+03,0.00000000e+00,2.30000000e-01,7.69999912e-01,0.00000000e+00
6.56656657e+01,8.25294343e-01,2.30804672e+03,9.84469744e+05,4.13792502e+03,0.00000000e+00,2.30000000e-01,7.69999929e-01,0.00000000e+00
6.57657658e+01,8.21780281e-01,2.31399117e+03,9.78609615e+05,4.13088279e+03,0.00000000e+00,2.30000000e-01,7.69999934e-01,0.00000000e+00
6.58658659e+01,8.18301671e-01,2.31997856e+03,9.72825341e+05,4.12392293e+03,0.00000000e+00,2.30000000e-01,7.69999948e-01,0.00000000e+00
6.59659660e+01,8.14852216e-01,2.32600086e+03,9.67104378e+05,4.11702579e+03,0.00000000e+00,2.30000000e-01,7.69999979e-01,0.00000000e+00
6.60660661e+01,8.11426641e-01,2.33205214e+03,9.61435648e+05,4.11017240e+03,0.00000000e+00,2.30000000e-01,7.69999999e-01,0.00000000e+00
6.61661662e+01,8.08022309e-01,2.33813089e+03,9.55812836e+05,4.10335032e+03,0.00000000e+00,2.30000000e-01,7.69999981e-01,0.00000000e+00
6.62662663e+01,8.04638312e-01,2.34423909e+03,9.50232803e+05,4.09655143e+03,0.00000000e+00,2.30000000e-01,7.69999956e-01,0.00000000e+00
6.63663664e+01,8.01272247e-01,2.35037716e+03,9.44689682e+05,4.08976323e+03,0.00000000e+00,2.30000000e-01,7.69999967e-01,0.00000000e+00
6.64664665e+01,7.97919455e-01,2.35654212e+03,9.39173658e+05,4.08296756e+03,0.00000000e+00,2.30000000e-01,7.69999999e-01,0.00000000e+00
6.65665666e+01,7.94576086e-01,2.36273182e+03,9.33675975e+05,4.07614633e+03,0.00000000e+00,2.30000000e-01,7.70000018e-01,0.00000000e+00
6.66666667e+01,7.91239539e-01,2.36894708e+03,9.28191870e+05,4.06929192e+03,0.00000000e+00,2.30000000e-01,7.70000029e-01,0.00000000e+00
6.67667668e+01,7.87905915e-01,2.37518893e+03,9.22718379e+05,4.06241116e+03,0.00000000e+00,2.30000000e-01,7.70000031e-01,0.00000000e+00
6.68668669e+01,7.84571381e-01,2.38145740e+03,9.17251796e+05,4.05550731e+03,0.00000000e+00,2.30000000e-01,7.69999999e-01,0.00000000e+00
6.69669670e+01,7.81241689e-01,2.38773495e+03,9.11812941e+05,4.04864248e+03,0.00000000e+00,2.30000000e-01,7.69999986e-01,0.00000000e+00
6.70670671e+01,7.77925469e-01,2.39400023e+03,9.06413843e+05,4.04182611e+03,0.00000000e+00,2.30000000e-01,7.69999987e-01,0.00000000e+00
6.71671672e+01,7.74625210e-01,2.40025001e+03,9.01049756e+05,4.03502501e+03,0.00000000e+00,2.30000000e-01,7.69999990e-01,0.00000000e+00
6.72672673e+01,7.71343721e-01,2.40647869e+03,8.95725713e+05,4.02824775e+03,0.00000000e+00,2.30000000e-01,7.70000000e-01,0.00000000e+00
6.73673674e+01,7.68082875e-01,2.41268007e+03,8.90440228e+05,4.02147861e+03,0.00000000e+00,2.30000000e-01,7.70000016e-01,0.00000000e+00
6.74674675e+01,7.64840368e-01,2.41885459e+03,8.85184939e+05,4.01469246e+03,0.00000000e+00,2.30000000e-01,7.70000026e-01,0.00000000e+00
6.75675676e+01,7.61612583e-01,2.42500301e+03,8.79958144e+05,4.00790089e+03,0.00000000e+00,2.30000000e-01,7.70000026e-01,0.00000000e+00
6.76676677e+01,7.58396365e-01,2.43112453e+03,8.74759588e+05,4.00111965e+03,0.00000000e+00,2.30000000e-01,7.70000022e-01,0.00000000e+00
6.77677678e+01,7.55186780e-01,2.43722593e+03,8.69583700e+05,3.99434972e+03,0.00000000e+00,2.30000000e-01,7.70000013e-01,0.00000000e+00
6.78678679e+01,7.51981211e-01,2.44331027e+03,8.64426536e+05,3.98758706e+03,0.00000000e+00,2.30000000e-01,7.70000006e-01,0.00000000e+00
6.79679680e+01,7.48779859e-01,2.44937411e+03,8.59287519e+05,3.98082813e+03,0.00000000e+00,2.30000000e-01,7.70000006e-01,0.00000000e+00
6.80680681e+01,7.45582802e-01,2.45541467e+03,8.54165936e+05,3.97406937e+03,0.00000000e+00,2.30000000e-01,7.70000007e-01,0.00000000e+00
6.81681682e+01,7.42388932e-01,2.46143263e+03,8.49059466e+05,3.96730598e+03,0.00000000e+00,2.30000000e-01,7.70000007e-01,0.00000000e+00
6.82682683e+01,7.39196756e-01,2.46742993e+03,8.43965250e+05,3.96053258e+03,0.00000000e+00,2.30000000e-01,7.70000006e-01,0.00000000e+00
6.83683684e+01,7.36005084e-01,2.47340806e+03,8.38881128e+05,3.95374529e+03,0.00000000e+00,2.30000000e-01,7.70000007e-01,0.00000000e+00
6.84684685e+01,7.32813055e-01,2.47936723e+03,8.33805845e+05,3.94694261e+03,0.00000000e+00,2.30000000e-01,7.70000012e-01,0.00000000e+00
6.85685686e+01,7.29619023e-01,2.48530817e+03,8.28737589e+05,3.94012466e+03,0.00000000e+00,2.30000000e-01,7.70000015e-01,0.00000000e+00
6.86686687e+01,7.26420816e-01,2.49123237e+03,8.23674529e+05,3.93329419e+03,0.00000000e+00,2.30000000e-01,7.70000011e-01,0.00000000e+00
6.87687688e+01,7.23217084e-01,2.49714013e+03,8.18616537e+05,3.92645765e+03,0.00000000e+00,2.30000000e-01,7.69999998e-01,0.00000000e+00
6.88688689e+01,7.20008382e-01,2.50302998e+03,8.13566210e+05,3.91962431e+03,0.00000000e+00,2.30000000e-01,7.69999974e-01,0.00000000e+00
6.89689690e+01,7.16798010e-01,2.50889973e+03,8.08529249e+05,3.91280348e+03,0.00000000e+00,2.30000000e-01,7.69999974e-01,0.00000000e+00
6.90690691e+01,7.13590737e-01,2.51474269e+03,8.03510185e+05,3.90599131e+03,0.00000000e+00,2.30000000e-01,7.69999977e-01,0.00000000e+00
6.91691692e+01,7.10389337e-01,2.52055755e+03,7.98508447e+05,3.89916896e+03,0.00000000e+00,2.30000000e-01,7.70000239e-01,0.00000000e+00
6.92692693e+01,7.07201098e-01,2.52634555e+03,7.93527202e+05,3.89231531e+03,0.00000000e+00,2.30000000e-01,7.69999905e-01,0.00000000e+00
6.93693694e+01,7.04051808e-01,2.53216414e+03,7.88595715e+05,3.88542840e+03,0.00000000e+00,2.30000000e-01,7.69999921e-01,0.00000000e+00
6.94694695e+01,7.00941076e-01,2.53801506e+03,7.83718195e+05,3.87853325e+03,0.00000000e+00,2.30000000e-01,7.69999954e-01,0.00000000e+00
6.95695696e+01,6.97860994e-01,2.54389451e+03,7.78890062e+05,3.87165210e+03,0.00000000e+00,2.30000000e-01,7.69999984e-01,0.00000000e+00
6.96696697e+01,6.94806398e-01,2.54980249e+03,7.74107364e+05,3.86479513e+03,0.00000000e+00,2.30000000e-01,7.69999984e-01,0.00000000e+00
6.97697698e+01,6.91774828e-01,2.55574134e+03,7.69368300e+05,3.85796812e+03,0.00000000e+00,2.30000000e-01,7.69999954e-01,0.00000000e+00
6.98698699e+01,6.88764274e-01,2.56171278e+03,7.64670302e+05,3.85117028e+03,0.00000000e+00,2.30000000e-01,7.69999932e-01,0.00000000e+00
6.99699700e+01,6.85770961e-01,2.56771399e+03,7.60007440e+05,3.84439363e+03,0.00000000e+00,2.30000000e-01,7.69999963e-01,0.00000000e+00
7.00700701e+01,6.82789517e-01,2.57373888e+03,7.55370235e+05,3.83762117e+03,0.00000000e+00,2.30000000e-01,7.70000003e-01,0.00000000e+00
7.01701702e+01,6.79815992e-01,2.57978599e+03,7.50749369e+05,3.83082813e+03,0.00000000e+00,2.30000000e-01,7.70000025e-01,0.00000000e+00
7.02702703e+01,6.76847625e-01,2.58585663e+03,7.46139708e+05,3.82400376e+03,0.00000000e+00,2.30000000e-01,7.70000029e-01,0.00000000e+00
7.03703704e+01,6.73881775e-01,2.59194994e+03,7.41542376e+05,3.81716854e+03,0.00000000e+00,2.30000000e-01,7.70000018e-01,0.00000000e+00
7.04704705e+01,6.70920552e-01,2.59805069e+03,7.36971356e+05,3.81038264e+03,0.00000000e+00,2.30000000e-01,7.70000006e-01,0.00000000e+00
7.05705706e+01,6.67965292e-01,2.60415108e+03,7.32427297e+05,3.80364265e+03,0.00000000e+00,2.30000000e-01,7.69999992e-01,0.00000000e+00
7.06706707e+01,6.65017285e-01,2.61024849e+03,7.27909851e+05,3.79694014e+03,0.00000000e+00,2.30000000e-01,7.69999985e-01,0.00000000e+00
7.07707708e+01,6.62080128e-01,2.61633425e+03,7.23422695e+05,3.79027446e+03,0.00000000e+00,2.30000000e-01,7.69999995e-01,0.00000000e+00
7.08708709e+01,6.59155063e-01,2.62240523e+03,7.18960340e+05,3.78361050e+03,0.00000000e+00,2.30000000e-01,7.70000001e-01,0.00000000e+00
7.09709710e+01,6.56240382e-01,2.62846778e+03,7.14521001e+05,3.77694899e+03,0.00000000e+00,2.30000000e-01,7.70000016e-01,0.00000000e+00
7.10710711e+01,6.53339492e-01,2.63450170e+03,7.10109360e+05,3.77029556e+03,0.00000000e+00,2.30000000e-01,7.70000023e-01,0.00000000e+00
7.11711712e+01,6.50444491e-01,2.64052953e+03,7.05717336e+05,3.76365342e+03,0.00000000e+00,2.30000000e-01,7.70000007e-01,0.00000000e+00
7.12712713e+01,6.47556319e-01,2.64654447e+03,7.01347947e+05,3.75703343e+03,0.00000000e+00,2.30000000e-01,7.70000013e-01,0.00000000e+00
7.13713714e+01,6.44678428e-01,2.65252708e+03,6.97006614e+05,3.75044525e+03,0.00000000e+00,2.30000000e-01,7.70000024e-01,0.00000000e+00
7.14714715e+01,6.41804181e-01,2.65849483e+03,6.92684425e+05,3.74388031e+03,0.00000000e+00,2.30000000e-01,7.70000010e-01,0.00000000e+00
7.15715716e+01,6.38929718e-01,2.66445954e+03,6.88376499e+05,3.73733502e+03,0.00000000e+00,2.30000000e-01,7.69999993e-01,0.00000000e+00
7.16716717e+01,6.36059208e-01,2.67040636e+03,6.84089953e+05,3.73082345e+03,0.00000000e+00,2.30000000e-01,7.70000113e-01,0.00000000e+00
7.17717718e+01,6.33198383e-01,2.67632841e+03,6.79846703e+05,3.72443438e+03,0.00000000e+00,2.30000000e-01,7.69999891e-01,0.00000000e+00
7.18718719e+01,6.30360995e-01,2.68226320e+03,6.75644615e+05,3.71807446e+03,0.00000000e+00,2.30000000e-01,7.69999965e-01,0.00000000e+00
7.19719720e+01,6.27545136e-01,2.68821963e+03,6.71479136e+05,3.71173228e+03,0.00000000e+00,2.30000000e-01,7.69999981e-01,0.00000000e+00
7.20720721e+01,6.24747798e-01,2.69419534e+03,6.67347891e+05,3.70541314e+03,0.00000000e+00,2.30000000e-01,7.70000003e-01,0.00000000e+00
7.21721722e+01,6.21969095e-01,2.70018157e+03,6.63248758e+05,3.69910546e+03,0.00000000e+00,2.30000000e-01,7.70000015e-01,0.00000000e+00
7.22722723e+01,6.19209782e-01,2.70617497e+03,6.59183735e+05,3.69281686e+03,0.00000000e+00,2.30000000e-01,7.69999966e-01,0.00000000e+00
7.23723724e+01,6.16470074e-01,2.71218040e+03,6.55154459e+05,3.68655579e+03,0.00000000e+00,2.30000000e-01,7.69999937e-01,0.00000000e+00
7.24724725e+01,6.13746911e-01,2.71819947e+03,6.51154095e+05,3.68030274e+03,0.00000000e+00,2.30000000e-01,7.69999981e-01,0.00000000e+00
7.25725726e+01,6.11035290e-01,2.72422957e+03,6.47170120e+05,3.67401766e+03,0.00000000e+00,2.30000000e-01,7.70000010e-01,0.00000000e+00
7.26726727e+01,6.08332216e-01,2.73027178e+03,6.43194108e+05,3.66767047e+03,0.00000000e+00,2.30000000e-01,7.70000028e-01,0.00000000e+00
7.27727728e+01,6.05635351e-01,2.73632614e+03,6.39225885e+05,3.66127376e+03,0.00000000e+00,2.30000000e-01,7.70000028e-01,0.00000000e+00
7.28728729e+01,6.02940764e-01,2.74239972e+03,6.35264037e+05,3.65484276e+03,0.00000000e+00,2.30000000e-01,7.70000014e-01,0.00000000e+00
7.29729730e+01,6.00248149e-01,2.74848862e+03,6.31310730e+05,3.64839137e+03,0.00000000e+00,2.30000000e-01,7.70000004e-01,0.00000000e+00
7.30730731e+01,5.97559573e-01,2.75458189e+03,6.27369757e+05,3.64192879e+03,0.00000000e+00,2.30000000e-01,7.70000003e-01,0.00000000e+00
7.31731732e+01,5.94875888e-01,2.76067410e+03,6.23441746e+05,3.63545347e+03,0.00000000e+00,2.30000000e-01,7.70000008e-01,0.00000000e+00
7.32732733e+01,5.92196441e-01,2.76676506e+03,6.19524740e+05,3.62895794e+03,0.00000000e+00,2.30000000e-01,7.70000014e-01,0.00000000e+00
7.33733734e+01,5.89519807e-01,2.77285621e+03,6.15616321e+05,3.62243663e+03,0.00000000e+00,2.30000000e-01,7.70000017e-01,0.00000000e+00
7.34734735e+01,5.86844306e-01,2.77894898e+03,6.11715011e+05,3.61589084e+03,0.00000000e+00,2.30000000e-01,7.70000027e-01,0.00000000e+00
7.35735736e+01,5.84168075e-01,2.78504232e+03,6.07820333e+05,3.60932896e+03,0.00000000e+00,2.30000000e-01,7.70000045e-01,0.00000000e+00
7.36736737e+01,5.81487635e-01,2.79113597e+03,6.03930000e+05,3.60275874e+03,0.00000000e+00,2.30000000e-01,7.70000043e-01,0.00000000e+00
7.37737738e+01,5.78799185e-01,2.79723167e+03,6.00040939e+05,3.59618513e+03,0.00000000e+00,2.30000000e-01,7.70000024e-01,0.00000000e+00
7.38738739e+01,5.76100766e-01,2.80332960e+03,5.96151727e+05,3.58961138e+03,0.00000000e+00,2.30000000e-01,7.70000001e-01,0.00000000e+00
7.39739740e+01,5.73392612e-01,2.80942807e+03,5.92262811e+05,3.58303841e+03,0.00000000e+00,2.30000000e-01,7.69999970e-01,0.00000000e+00
7.40740741e+01,5.70677076e-01,2.81552638e+03,5.88376522e+05,3.57646534e+03,0.00000000e+00,2.30000000e-01,7.69999926e-01,0.00000000e+00
7.41741742e+01,5.67962131e-01,2.82161370e+03,5.84502891e+05,3.56990272e+03,0.00000000e+00,2.30000000e-01,7.69999960e-01,0.00000000e+00
7.42742743e+01,5.65257168e-01,2.82765882e+03,5.80654303e+05,3.56336728e+03,0.00000000e+00,2.30000000e-01,7.70000139e-01,0.00000000e+00
7.43743744e+01,5.62565492e-01,2.83364420e+03,5.76833029e+05,3.55685443e+03,0.00000000e+00,2.30000000e-01,7.70000045e-01,0.00000000e+00
7.44744745e+01,5.59899718e-01,2.83959293e+03,5.73057416e+05,3.55039740e+03,0.00000000e+00,2.30000000e-01,7.70000003e-01,0.00000000e+00
7.45745746e+01,5.57264935e-01,2.84556206e+03,5.69331814e+05,3.54399320e+03,0.00000000e+00,2.30000000e-01,7.69999858e-01,0.00000000e+00
7.46746747e+01,5.54669460e-01,2.85151242e+03,5.65677261e+05,3.53772087e+03,0.00000000e+00,2.30000000e-01,7.69999965e-01,0.00000000e+00
7.47747748e+01,5.52100533e-01,2.85745294e+03,5.62081877e+05,3.53159096e+03,0.00000000e+00,2.30000000e-01,7.70000225e-01,0.00000000e+00
7.48748749e+01,5.49550533e-01,2.86340537e+03,5.58532883e+05,3.52557698e+03,0.00000000e+00,2.30000000e-01,7.69999981e-01,0.00000000e+00
7.49749750e+01,5.47045839e-01,2.86931703e+03,5.55054719e+05,3.51966400e+03,0.00000000e+00,2.30000000e-01,7.69999899e-01,0.00000000e+00
7.50750751e+01,5.44579612e-01,2.87521716e+03,5.51629155e+05,3.51378230e+03,0.00000000e+00,2.30000000e-01,7.70000140e-01,0.00000000e+00
7.51751752e+01,5.42138849e-01,2.88113351e+03,5.48227749e+05,3.50783852e+03,0.00000000e+00,2.30000000e-01,7.69999938e-01,0.00000000e+00
7.52752753e+01,5.39737206e-01,2.88704583e+03,5.44860797e+05,3.50180838e+03,0.00000000e+00,2.30000000e-01,7.69999791e-01,0.00000000e+00
7.53753754e+01,5.37369940e-01,2.89295780e+03,5.41526777e+05,3.49571149e+03,0.00000000e+00,2.30000000e-01,7.70000145e-01,0.00000000e+00
7.54754755e+01,5.35014988e-01,2.89890497e+03,5.38195002e+05,3.48949700e+03,0.00000000e+00,2.30000000e-01,7.69999917e-01,0.00000000e+00
7.55755756e+01,5.32686079e-01,2.90486775e+03,5.34884865e+05,3.48319772e+03,0.00000000e+00,2.30000000e-01,7.69999809e-01,0.00000000e+00
7.56756757e+01,5.30383039e-01,2.91081734e+03,5.31605596e+05,3.47687393e+03,0.00000000e+00,2.30000000e-01,7.70000121e-01,0.00000000e+00
7.57757758e+01,5.28080809e-01,2.91681389e+03,5.28320534e+05,3.47045284e+03,0.00000000e+00,2.30000000e-01,7.70000088e-01,0.00000000e+00
7.58758759e+01,5.25792884e-01,2.92282751e+03,5.25046795e+05,3.46395672e+03,0.00000000e+00,2.30000000e-01,7.69999845e-01,0.00000000e+00
7.59759760e+01,5.23533009e-01,2.92881891e+03,5.21807219e+05,3.45744372e+03,0.00000000e+00,2.30000000e-01,7.69999944e-01,0.00000000e+00
7.60760761e+01,5.21287850e-01,2.93480266e+03,5.18588530e+05,3.45091560e+03,0.00000000e+00,2.30000000e-01,7.70000103e-01,0.00000000e+00
7.61761762e+01,5.19046323e-01,2.94081200e+03,5.15370994e+05,3.44431527e+03,0.00000000e+00,2.30000000e-01,7.70000083e-01,0.00000000e+00
7.62762763e+01,5.16816998e-01,2.94683591e+03,5.12159274e+05,3.43761640e+03,0.00000000e+00,2.30000000e-01,7.69999822e-01,0.00000000e+00
7.63763764e+01,5.14619336e-01,2.95280455e+03,5.08996695e+05,3.43097811e+03,0.00000000e+00,2.30000000e-01,7.69999991e-01,0.00000000e+00
7.64764765e+01,5.12436037e-01,2.95874613e+03,5.05858153e+05,3.42435005e+03,0.00000000e+00,2.30000000e-01,7.70000035e-01,0.00000000e+00
7.65765766e+01,5.10259200e-01,2.96469820e+03,5.02722802e+05,3.41764411e+03,0.00000000e+00,2.30000000e-01,7.69999965e-01,0.00000000e+00
7.66766767e+01,5.08096156e-01,2.97063235e+03,4.99616233e+05,3.41098420e+03,0.00000000e+00,2.30000000e-01,7.70000009e-01,0.00000000e+00
7.67767768e+01,5.05950733e-01,2.97651077e+03,4.96540127e+05,3.40435768e+03,0.00000000e+00,2.30000000e-01,7.70000042e-01,0.00000000e+00
7.68768769e+01,5.03812161e-01,2.98237968e+03,4.93476872e+05,3.39771720e+03,0.00000000e+00,2.30000000e-01,7.70000017e-01,0.00000000e+00
7.69769770e+01,5.01678340e-01,2.98824483e+03,4.90427480e+05,3.39108378e+03,0.00000000e+00,2.30000000e-01,7.70000015e-01,0.00000000e+00
7.70770771e+01,4.99555504e-01,2.99406295e+03,4.87407152e+05,3.38452098e+03,0.00000000e+00,2.30000000e-01,7.70000040e-01,0.00000000e+00
7.71771772e+01,4.97439282e-01,2.99984400e+03,4.84412234e+05,3.37803455e+03,0.00000000e+00,2.30000000e-01,7.70000041e-01,0.00000000e+00
7.72772773e+01,4.95323165e-01,3.00561120e+03,4.81434136e+05,3.37160974e+03,0.00000000e+00,2.30000000e-01,7.70000047e-01,0.00000000e+00
7.73773774e+01,4.93197161e-01,3.01140600e+03,4.78451022e+05,3.36516272e+03,0.00000000e+00,2.30000000e-01,7.69999840e-01,0.00000000e+00
7.74774775e+01,4.91081604e-01,3.01716411e+03,4.75505611e+05,3.35885360e+03,0.00000000e+00,2.30000000e-01,7.69999967e-01,0.00000000e+00
7.75775776e+01,4.88997610e-01,3.02276846e+03,4.72626216e+05,3.35274189e+03,0.00000000e+00,2.30000000e-01,7.70000070e-01,0.00000000e+00
7.76776777e+01,4.86922575e-01,3.02833043e+03,4.69766999e+05,3.34666025e+03,0.00000000e+00,2.30000000e-01,7.70000110e-01,0.00000000e+00
7.77777778e+01,4.84841137e-01,3.03390407e+03,4.66906716e+05,3.34056164e+03,0.00000000e+00,2.30000000e-01,7.70000559e-01,0.00000000e+00
7.78778779e+01,4.82742626e-01,3.03953697e+03,4.64020889e+05,3.33434973e+03,0.00000000e+00,2.30000000e-01,7.69999582e-01,0.00000000e+00
7.79779780e+01,4.80716722e-01,3.04494581e+03,4.61252197e+05,3.32842143e+03,0.00000000e+00,2.30000000e-01,7.69999974e-01,0.00000000e+00
7.80780781e+01,4.78725388e-01,3.05031393e+03,4.58545586e+05,3.32265367e+03,0.00000000e+00,2.30000000e-01,7.70000138e-01,0.00000000e+00
7.81781782e+01,4.76762512e-01,3.05566832e+03,4.55881938e+05,3.31695394e+03,0.00000000e+00,2.30000000e-01,7.69999832e-01,0.00000000e+00
7.82782783e+01,4.74846595e-01,3.06094288e+03,4.53290941e+05,3.31140713e+03,0.00000000e+00,2.30000000e-01,7.70000473e-01,0.00000000e+00
7.83783784e+01,4.72959621e-01,3.06618262e+03,4.50754755e+05,3.30601935e+03,0.00000000e+00,2.30000000e-01,7.69999869e-01,0.00000000e+00
7.84784785e+01,4.71139016e-01,3.07132445e+03,4.48305910e+05,3.30076494e+03,0.00000000e+00,2.30000000e-01,7.69999721e-01,0.00000000e+00
7.85785786e+01,4.69374667e-01,3.07638871e+03,4.45927634e+05,3.29559227e+03,0.00000000e+00,2.30000000e-01,7.70000771e-01,0.00000000e+00
7.86786787e+01,4.67640261e-01,3.08142999e+03,4.43585844e+05,3.29044873e+03,0.00000000e+00,2.30000000e-01,7.69999408e-01,0.00000000e+00
7.87787788e+01,4.66001163e-01,3.08631377e+03,4.41359190e+05,3.28544636e+03,0.00000000e+00,2.30000000e-01,7.69999716e-01,0.00000000e+00
7.88788789e+01,4.64410142e-01,3.09113200e+03,4.39187579e+05,3.28047900e+03,0.00000000e+00,2.30000000e-01,7.70000385e-01,0.00000000e+00
7.89789790e+01,4.62835860e-01,3.09597411e+03,4.37022531e+05,3.27541283e+03,0.00000000e+00,2.30000000e-01,7.69999690e-01,0.00000000e+00
7.90790791e+01,4.61317348e-01,3.10072701e+03,4.34924002e+05,3.27041253e+03,0.00000000e+00,2.30000000e-01,7.70000294e-01,0.00000000e+00
7.91791792e+01,4.59831599e-01,3.10542315e+03,4.32864314e+05,3.26544225e+03,0.00000000e+00,2.30000000e-01,7.70000098e-01,0.00000000e+00
7.92792793e+01,4.58396079e-01,3.11005153e+03,4.30859596e+05,3.26050008e+03,0.00000000e+00,2.30000000e-01,7.69999419e-01,0.00000000e+00
7.93793794e+01,4.57025497e-01,3.11455714e+03,4.28934605e+05,3.25566573e+03,0.00000000e+00,2.30000000e-01,7.69999837e-01,0.00000000e+00
7.94794795e+01,4.55673542e-01,3.11903196e+03,4.27033783e+05,3.25085179e+03,0.00000000e+00,2.30000000e-01,7.70000740e-01,0.00000000e+00
7.95795796e+01,4.54316003e-01,3.12354591e+03,4.25118716e+05,3.24594679e+03,0.00000000e+00,2.30000000e-01,7.69999719e-01,0.00000000e+00
7.96796797e+01,4.53014247e-01,3.12795813e+03,4.23270271e+05,3.24112062e+03,0.00000000e+00,2.30000000e-01,7.69999537e-01,0.00000000e+00
7.97797798e+01,4.51763242e-01,3.13222956e+03,4.21495531e+05,3.23646616e+03,0.00000000e+00,2.30000000e-01,7.70000209e-01,0.00000000e+00
7.98798799e+01,4.50516610e-01,3.13649373e+03,4.19726472e+05,3.23180033e+03,0.00000000e+00,2.30000000e-01,7.70000255e-01,0.00000000e+00
7.99799800e+01,4.49288007e-01,3.14072986e+03,4.17976998e+05,3.22713271e+03,0.00000000e+00,2.30000000e-01,7.69999578e-01,0.00000000e+00
8.00800801e+01,4.48106463e-01,3.14484154e+03,4.16296221e+05,3.22262937e+03,0.00000000e+00,2.30000000e-01,7.69999956e-01,0.00000000e+00
8.01801802e+01,4.46945080e-01,3.14885285e+03,4.14652203e+05,3.21824217e+03,0.00000000e+00,2.30000000e-01,7.70000392e-01,0.00000000e+00
8.02802803e+01,4.45780864e-01,3.15287448e+03,4.13002962e+05,3.21381499e+03,0.00000000e+00,2.30000000e-01,7.69999893e-01,0.00000000e+00
8.03803804e+01,4.44644468e-01,3.15683477e+03,4.11391630e+05,3.20945851e+03,0.00000000e+00,2.30000000e-01,7.69999713e-01,0.00000000e+00
8.04804805e+01,4.43552012e-01,3.16061863e+03,4.09852094e+05,3.20532205e+03,0.00000000e+00,2.30000000e-01,7.70000031e-01,0.00000000e+00
8.05805806e+01,4.42472735e-01,3.16431634e+03,4.08338268e+05,3.20127169e+03,0.00000000e+00,2.30000000e-01,7.70000252e-01,0.00000000e+00
8.06806807e+01,4.41389481e-01,3.16802225e+03,4.06819671e+05,3.19719474e+03,0.00000000e+00,2.30000000e-01,7.69999902e-01,0.00000000e+00
8.07807808e+01,4.40329125e-01,3.17164761e+03,4.05333767e+05,3.19318835e+03,0.00000000e+00,2.30000000e-01,7.69999814e-01,0.00000000e+00
8.08808809e+01,4.39305746e-01,3.17509984e+03,4.03910960e+05,3.18939137e+03,0.00000000e+00,2.30000000e-01,7.70000044e-01,0.00000000e+00
8.09809810e+01,4.38299823e-01,3.17842581e+03,4.02523986e+05,3.18573409e+03,0.00000000e+00,2.30000000e-01,7.70000061e-01,0.00000000e+00
8.10810811e+01,4.37295498e-01,3.18171522e+03,4.01145632e+05,3.18211685e+03,0.00000000e+00,2.30000000e-01,7.70000040e-01,0.00000000e+00
8.11811812e+01,4.36291165e-01,3.18498698e+03,3.99773258e+05,3.17853105e+03,0.00000000e+00,2.30000000e-01,7.69999872e-01,0.00000000e+00
8.12812813e+01,4.35308043e-01,3.18814011e+03,3.98433724e+05,3.17503479e+03,0.00000000e+00,2.30000000e-01,7.69999982e-01,0.00000000e+00
8.13813814e+01,4.34348402e-01,3.19114300e+03,3.97158359e+05,3.17186382e+03,0.00000000e+00,2.30000000e-01,7.70000057e-01,0.00000000e+00
8.14814815e+01,4.33398807e-01,3.19406326e+03,3.95912263e+05,3.16883993e+03,0.00000000e+00,2.30000000e-01,7.70000045e-01,0.00000000e+00
8.15815816e+01,4.32449824e-01,3.19695233e+03,3.94682298e+05,3.16592760e+03,0.00000000e+00,2.30000000e-01,7.70000055e-01,0.00000000e+00
8.16816817e+01,4.31495802e-01,3.19983088e+03,3.93460053e+05,3.16310011e+03,0.00000000e+00,2.30000000e-01,7.70000478e-01,0.00000000e+00
8.17817818e+01,4.30540025e-01,3.20268750e+03,3.92249668e+05,3.16037254e+03,0.00000000e+00,2.30000000e-01,7.69999670e-01,0.00000000e+00
8.18818819e+01,4.29628325e-01,3.20541983e+03,3.91107605e+05,3.15785779e+03,0.00000000e+00,2.30000000e-01,7.69999702e-01,0.00000000e+00
8.19819820e+01,4.28753575e-01,3.20801414e+03,3.90041320e+05,3.15567266e+03,0.00000000e+00,2.30000000e-01,7.69999990e-01,0.00000000e+00
8.20820821e+01,4.27892100e-01,3.21052583e+03,3.89015430e+05,3.15370910e+03,0.00000000e+00,2.30000000e-01,7.70000018e-01,0.00000000e+00
8.21821822e+01,4.27036732e-01,3.21299525e+03,3.88004380e+05,3.15181292e+03,0.00000000e+00,2.30000000e-01,7.70000099e-01,0.00000000e+00
8.22822823e+01,4.26189925e-01,3.21539865e+03,3.87030065e+05,3.15014427e+03,0.00000000e+00,2.30000000e-01,7.70000359e-01,0.00000000e+00
8.23823824e+01,4.25363798e-01,3.21768046e+03,3.86115951e+05,3.14880870e+03,0.00000000e+00,2.30000000e-01,7.70000050e-01,0.00000000e+00
8.24824825e+01,4.24579492e-01,3.21983240e+03,3.85266617e+05,3.14768625e+03,0.00000000e+00,2.30000000e-01,7.70000020e-01,0.00000000e+00
8.25825826e+01,4.23841092e-01,3.22184380e+03,3.84459802e+05,3.14656685e+03,0.00000000e+00,2.30000000e-01,7.69999992e-01,0.00000000e+00
8.26826827e+01,4.23140731e-01,3.22378042e+03,3.83681458e+05,3.14539494e+03,0.00000000e+00,2.30000000e-01,7.69999722e-01,0.00000000e+00
8.27827828e+01,4.22476588e-01,3.22565657e+03,3.82913822e+05,3.14403543e+03,0.00000000e+00,2.30000000e-01,7.70000100e-01,0.00000000e+00
8.28828829e+01,4.21830772e-01,3.22750300e+03,3.82173514e+05,3.14276055e+03,0.00000000e+00,2.30000000e-01,7.70000259e-01,0.00000000e+00
8.29829830e+01,4.21213059e-01,3.22927576e+03,3.81443673e+05,3.14136055e+03,0.00000000e+00,2.30000000e-01,7.69999738e-01,0.00000000e+00
8.30830831e+01,4.20636205e-01,3.23097777e+03,3.80757109e+05,3.14000482e+03,0.00000000e+00,2.30000000e-01,7.70000305e-01,0.00000000e+00
8.31831832e+01,4.20083668e-01,3.23263785e+03,3.80083944e+05,3.13857779e+03,0.00000000e+00,2.30000000e-01,7.69999800e-01,0.00000000e+00
8.32832833e+01,4.19579541e-01,3.23418533e+03,3.79447953e+05,3.13709161e+03,0.00000000e+00,2.30000000e-01,7.69999530e-01,0.00000000e+00
8.33833834e+01,4.19114725e-01,3.23561947e+03,3.78864251e+05,3.13573594e+03,0.00000000e+00,2.30000000e-01,7.70000683e-01,0.00000000e+00
8.34834835e+01,4.18651355e-01,3.23703077e+03,3.78286195e+05,3.13441570e+03,0.00000000e+00,2.30000000e-01,7.70001068e-01,0.00000000e+00
8.35835836e+01,4.18246671e-01,3.23820789e+03,3.77798724e+05,3.13341409e+03,0.00000000e+00,2.30000000e-01,7.69998394e-01,0.00000000e+00
8.36836837e+01,4.17957525e-01,3.23916671e+03,3.77437584e+05,3.13257846e+03,0.00000000e+00,2.30000000e-01,7.70000262e-01,0.00000000e+00
8.37837838e+01,4.17695661e-01,3.23998876e+03,3.77107077e+05,3.13179263e+03,0.00000000e+00,2.30000000e-01,7.70001793e-01,0.00000000e+00
8.38838839e+01,4.17460500e-01,3.24072865e+03,3.76830295e+05,3.13126803e+03,0.00000000e+00,2.30000000e-01,7.69998342e-01,0.00000000e+00
8.39839840e+01,4.17346489e-01,3.24137624e+03,3.76667613e+05,3.13076810e+03,0.00000000e+00,2.30000000e-01,7.69999317e-01,0.00000000e+00
8.40840841e+01,4.17308612e-01,3.24172008e+03,3.76593829e+05,3.13043684e+03,0.00000000e+00,2.30000000e-01,7.69999968e-01,0.00000000e+00
8.41841842e+01,4.17297659e-01,3.24192094e+03,3.76570187e+05,3.13032217e+03,0.00000000e+00,2.30000000e-01,7.70000063e-01,0.00000000e+00
8.42842843e+01,4.17296530e-01,3.24208683e+03,3.76560136e+05,3.13024732e+03,0.00000000e+00,2.30000000e-01,7.69999992e-01,0.00000000e+00
8.43843844e+01,4.17301288e-01,3.24224991e+03,3.76551368e+05,3.13013888e+03,0.00000000e+00,2.30000000e-01,7.69999952e-01,0.00000000e+00
8.44844845e+01,4.17317470e-01,3.24238634e+03,3.76550238e+05,3.13000822e+03,0.00000000e+00,2.30000000e-01,7.69999918e-01,0.00000000e+00
8.45845846e+01,4.17351107e-01,3.24247871e+03,3.76563521e+05,3.12986667e+03,0.00000000e+00,2.30000000e-01,7.69999819e-01,0.00000000e+00
8.46846847e+01,4.17410464e-01,3.24252727e+03,3.76599170e+05,3.12971965e+03,0.00000000e+00,2.30000000e-01,7.69999260e-01,0.00000000e+00
8.47847848e+01,4.17492776e-01,3.24250440e+03,3.76655460e+05,3.12956583e+03,0.00000000e+00,2.30000000e-01,7.70000650e-01,0.00000000e+00
8.48848849e+01,4.17538819e-01,3.24241050e+03,3.76682946e+05,3.12944984e+03,0.00000000e+00,2.30000000e-01,7.70000414e-01,0.00000000e+00
8.49849850e+01,4.17556203e-01,3.24232275e+03,3.76697747e+05,3.12944348e+03,0.00000000e+00,2.30000000e-01,7.70000116e-01,0.00000000e+00
8.50850851e+01,4.17563622e-01,3.24226075e+03,3.76704332e+05,3.12944282e+03,0.00000000e+00,2.30000000e-01,7.70000040e-01,0.00000000e+00
8.51851852e+01,4.17566539e-01,3.24221418e+03,3.76697422e+05,3.12936322e+03,0.00000000e+00,2.30000000e-01,7.70000142e-01,0.00000000e+00
8.52852853e+01,4.17561904e-01,3.24215750e+03,3.76684461e+05,3.12928972e+03,0.00000000e+00,2.30000000e-01,7.70000319e-01,0.00000000e+00
8.53853854e+01,4.17533404e-01,3.24209833e+03,3.76657207e+05,3.12927709e+03,0.00000000e+00,2.30000000e-01,7.70000258e-01,0.00000000e+00
8.54854855e+01,4.17463486e-01,3.24207006e+03,3.76600802e+05,3.12933315e+03,0.00000000e+00,2.30000000e-01,7.70000055e-01,0.00000000e+00
8.55855856e+01,4.17346249e-01,3.24209071e+03,3.76509731e+05,3.12945579e+03,0.00000000e+00,2.30000000e-01,7.69999890e-01,0.00000000e+00
8.56856857e+01,4.17186070e-01,3.24216443e+03,3.76387211e+05,3.12963874e+03,0.00000000e+00,2.30000000e-01,7.69999848e-01,0.00000000e+00
8.57857858e+01,4.16990421e-01,3.24229136e+03,3.76239805e+05,3.12988076e+03,0.00000000e+00,2.30000000e-01,7.69999887e-01,0.00000000e+00
8.58858859e+01,4.16765239e-01,3.24247099e+03,3.76074296e+05,3.13019416e+03,0.00000000e+00,2.30000000e-01,7.69999925e-01,0.00000000e+00
8.59859860e+01,4.16515059e-01,3.24269859e+03,3.75897387e+05,3.13060069e+03,0.00000000e+00,2.30000000e-01,7.70000007e-01,0.00000000e+00
8.60860861e+01,4.16241237e-01,3.24296457e+03,3.75711671e+05,3.13111078e+03,0.00000000e+00,2.30000000e-01,7.70000513e-01,0.00000000e+00
8.61861862e+01,4.15948426e-01,3.24329151e+03,3.75513210e+05,3.13166330e+03,0.00000000e+00,2.30000000e-01,7.69999444e-01,0.00000000e+00
8.62862863e+01,4.15686665e-01,3.24364732e+03,3.75325176e+05,3.13206424e+03,0.00000000e+00,2.30000000e-01,7.70000053e-01,0.00000000e+00
8.63863864e+01,4.15447683e-01,3.24396639e+03,3.75139125e+05,3.13231143e+03,0.00000000e+00,2.30000000e-01,7.70000369e-01,0.00000000e+00
8.64864865e+01,4.15230545e-01,3.24426038e+03,3.74957887e+05,3.13243654e+03,0.00000000e+00,2.30000000e-01,7.69999996e-01,0.00000000e+00
8.65865866e+01,4.15052008e-01,3.24454057e+03,3.74791853e+05,3.13239752e+03,0.00000000e+00,2.30000000e-01,7.69999624e-01,0.00000000e+00
8.66866867e+01,4.14914894e-01,3.24479536e+03,3.74637627e+05,3.13214296e+03,0.00000000e+00,2.30000000e-01,7.69999714e-01,0.00000000e+00
8.67867868e+01,4.14803216e-01,3.24500956e+03,3.74483905e+05,3.13170006e+03,0.00000000e+00,2.30000000e-01,7.69999915e-01,0.00000000e+00
8.68868869e+01,4.14701400e-01,3.24519004e+03,3.74328528e+05,3.13116903e+03,0.00000000e+00,2.30000000e-01,7.69999984e-01,0.00000000e+00
8.69869870e+01,4.14603140e-01,3.24535006e+03,3.74172282e+05,3.13060379e+03,0.00000000e+00,2.30000000e-01,7.70000000e-01,0.00000000e+00
8.70870871e+01,4.14507157e-01,3.24549269e+03,3.74012204e+05,3.12998904e+03,0.00000000e+00,2.30000000e-01,7.70000008e-01,0.00000000e+00
8.71871872e+01,4.14413174e-01,3.24561707e+03,3.73846322e+05,3.12931032e+03,0.00000000e+00,2.30000000e-01,7.70000017e-01,0.00000000e+00
8.72872873e+01,4.14320578e-01,3.24572171e+03,3.73674516e+05,3.12857122e+03,0.00000000e+00,2.30000000e-01,7.70000024e-01,0.00000000e+00
8.73873874e+01,4.14228416e-01,3.24580523e+03,3.73498176e+05,3.12779051e+03,0.00000000e+00,2.30000000e-01,7.70000043e-01,0.00000000e+00
8.74874875e+01,4.14135162e-01,3.24586370e+03,3.73319629e+05,3.12699924e+03,0.00000000e+00,2.30000000e-01,7.70000055e-01,0.00000000e+00
8.75875876e+01,4.14038167e-01,3.24589658e+03,3.73139925e+05,3.12622624e+03,0.00000000e+00,2.30000000e-01,7.70000043e-01,0.00000000e+00
8.76876877e+01,4.13935116e-01,3.24590507e+03,3.72959818e+05,3.12549524e+03,0.00000000e+00,2.30000000e-01,7.70000026e-01,0.00000000e+00
8.77877878e+01,4.13824662e-01,3.24588929e+03,3.72780890e+05,3.12482953e+03,0.00000000e+00,2.30000000e-01,7.70000048e-01,0.00000000e+00
8.78878879e+01,4.13709317e-01,3.24587442e+03,3.72620347e+05,3.12435547e+03,0.00000000e+00,2.30000000e-01,7.69999789e-01,0.00000000e+00
8.79879880e+01,4.13600526e-01,3.24588353e+03,3.72477602e+05,3.12397957e+03,0.00000000e+00,2.30000000e-01,7.69999946e-01,0.00000000e+00
8.80880881e+01,4.13494217e-01,3.24589927e+03,3.72344280e+05,3.12366399e+03,0.00000000e+00,2.30000000e-01,7.70000035e-01,0.00000000e+00
8.81881882e+01,4.13386598e-01,3.24591446e+03,3.72214458e+05,3.12338755e+03,0.00000000e+00,2.30000000e-01,7.70000114e-01,0.00000000e+00
8.82882883e+01,4.13272234e-01,3.24593003e+03,3.72088260e+05,3.12319253e+03,0.00000000e+00,2.30000000e-01,7.70000139e-01,0.00000000e+00
8.83883884e+01,4.13143589e-01,3.24595175e+03,3.71963298e+05,3.12311595e+03,0.00000000e+00,2.30000000e-01,7.70000099e-01,0.00000000e+00
8.84884885e+01,4.12994882e-01,3.24598543e+03,3.71836672e+05,3.12317712e+03,0.00000000e+00,2.30000000e-01,7.70000034e-01,0.00000000e+00
8.85885886e+01,4.12824242e-01,3.24603115e+03,3.71707238e+05,3.12338037e+03,0.00000000e+00,2.30000000e-01,7.70000067e-01,0.00000000e+00
8.86886887e+01,4.12632248e-01,3.24608001e+03,3.71574892e+05,3.12372049e+03,0.00000000e+00,2.30000000e-01,7.70000243e-01,0.00000000e+00
8.87887888e+01,4.12436805e-01,3.24613921e+03,3.71453216e+05,3.12417909e+03,0.00000000e+00,2.30000000e-01,7.69999702e-01,0.00000000e+00
8.88888889e+01,4.12275399e-01,3.24620203e+03,3.71338502e+05,3.12443684e+03,0.00000000e+00,2.30000000e-01,7.69999758e-01,0.00000000e+00
8.89889890e+01,4.12138289e-01,3.24624795e+03,3.71219755e+05,3.12447635e+03,0.00000000e+00,2.30000000e-01,7.69999898e-01,0.00000000e+00
8.90890891e+01,4.12014215e-01,3.24626956e+03,3.71093185e+05,3.12435141e+03,0.00000000e+00,2.30000000e-01,7.69999963e-01,0.00000000e+00
8.91891892e+01,4.11897311e-01,3.24627051e+03,3.70960865e+05,3.12412376e+03,0.00000000e+00,2.30000000e-01,7.69999976e-01,0.00000000e+00
8.92892893e+01,4.11785312e-01,3.24625341e+03,3.70822800e+05,3.12381040e+03,0.00000000e+00,2.30000000e-01,7.69999979e-01,0.00000000e+00
8.93893894e+01,4.11677121e-01,3.24621750e+03,3.70678209e+05,3.12341296e+03,0.00000000e+00,2.30000000e-01,7.69999993e-01,0.00000000e+00
8.94894895e+01,4.11571967e-01,3.24616077e+03,3.70526416e+05,3.12293157e+03,0.00000000e+00,2.30000000e-01,7.70000004e-01,0.00000000e+00
8.95895896e+01,4.11469413e-01,3.24608218e+03,3.70365842e+05,3.12235617e+03,0.00000000e+00,2.30000000e-01,7.70000016e-01,0.00000000e+00
8.96896897e+01,4.11368847e-01,3.24598076e+03,3.70196008e+05,3.12168733e+03,0.00000000e+00,2.30000000e-01,7.70000024e-01,0.00000000e+00
8.97897898e+01,4.11269197e-01,3.24585587e+03,3.70018406e+05,3.12094568e+03,0.00000000e+00,2.30000000e-01,7.70000035e-01,0.00000000e+00
8.98898899e+01,4.11169108e-01,3.24570518e+03,3.69836579e+05,3.12017108e+03,0.00000000e+00,2.30000000e-01,7.70000132e-01,0.00000000e+00
8.99899900e+01,4.11066899e-01,3.24553508e+03,3.69656715e+05,3.11942983e+03,0.00000000e+00,2.30000000e-01,7.69999893e-01,0.00000000e+00
9.00900901e+01,4.10967793e-01,3.24537975e+03,3.69491427e+05,3.11878690e+03,0.00000000e+00,2.30000000e-01,7.69999904e-01,0.00000000e+00
9.01901902e+01,4.10872642e-01,3.24523733e+03,3.69336008e+05,3.11819672e+03,0.00000000e+00,2.30000000e-01,7.69999992e-01,0.00000000e+00
9.02902903e+01,4.10777991e-01,3.24509630e+03,3.69184915e+05,3.11763907e+03,0.00000000e+00,2.30000000e-01,7.70000059e-01,0.00000000e+00
9.03903904e+01,4.10681284e-01,3.24495164e+03,3.69036131e+05,3.11711625e+03,0.00000000e+00,2.30000000e-01,7.70000128e-01,0.00000000e+00
9.04904905e+01,4.10577012e-01,3.24479990e+03,3.68888488e+05,3.11666031e+03,0.00000000e+00,2.30000000e-01,7.70000183e-01,0.00000000e+00
9.05905906e+01,4.10457111e-01,3.24463660e+03,3.68737017e+05,3.11628991e+03,0.00000000e+00,2.30000000e-01,7.70000405e-01,0.00000000e+00
9.06906907e+01,4.10318205e-01,3.24449797e+03,3.68599142e+05,3.11618253e+03,0.00000000e+00,2.30000000e-01,7.69999387e-01,0.00000000e+00
9.07907908e+01,4.10190362e-01,3.24445012e+03,3.68492282e+05,3.11624861e+03,0.00000000e+00,2.30000000e-01,7.69999837e-01,0.00000000e+00
9.08908909e+01,4.10069421e-01,3.24442504e+03,3.68396898e+05,3.11636013e+03,0.00000000e+00,2.30000000e-01,7.70000044e-01,0.00000000e+00
9.09909910e+01,4.09945519e-01,3.24441046e+03,3.68302538e+05,3.11650332e+03,0.00000000e+00,2.30000000e-01,7.70000122e-01,0.00000000e+00
9.10910911e+01,4.09812482e-01,3.24440927e+03,3.68209007e+05,3.11672334e+03,0.00000000e+00,2.30000000e-01,7.70000117e-01,0.00000000e+00
9.11911912e+01,4.09665709e-01,3.24441301e+03,3.68116741e+05,3.11705887e+03,0.00000000e+00,2.30000000e-01,7.70000070e-01,0.00000000e+00
9.12912913e+01,4.09508164e-01,3.24442806e+03,3.68032868e+05,3.11754809e+03,0.00000000e+00,2.30000000e-01,7.69999912e-01,0.00000000e+00
9.13913914e+01,4.09353039e-01,3.24448473e+03,3.67953376e+05,3.11805366e+03,0.00000000e+00,2.30000000e-01,7.70000601e-01,0.00000000e+00
9.14914915e+01,4.09206671e-01,3.24456692e+03,3.67872828e+05,3.11848742e+03,0.00000000e+00,2.30000000e-01,7.70000203e-01,0.00000000e+00
9.15915916e+01,4.09098329e-01,3.24466725e+03,3.67806810e+05,3.11875543e+03,0.00000000e+00,2.30000000e-01,7.69999600e-01,0.00000000e+00
9.16916917e+01,4.09041942e-01,3.24476761e+03,3.67760100e+05,3.11878955e+03,0.00000000e+00,2.30000000e-01,7.69999501e-01,0.00000000e+00
9.17917918e+01,4.09020812e-01,3.24485784e+03,3.67724745e+05,3.11864984e+03,0.00000000e+00,2.30000000e-01,7.69999809e-01,0.00000000e+00
9.18918919e+01,4.09011926e-01,3.24493413e+03,3.67693065e+05,3.11844845e+03,0.00000000e+00,2.30000000e-01,7.69999950e-01,0.00000000e+00
9.19919920e+01,4.09008308e-01,3.24499543e+03,3.67654111e+05,3.11814564e+03,0.00000000e+00,2.30000000e-01,7.69999959e-01,0.00000000e+00
9.20920921e+01,4.09009686e-01,3.24505735e+03,3.67609132e+05,3.11775391e+03,0.00000000e+00,2.30000000e-01,7.69999881e-01,0.00000000e+00
9.21921922e+01,4.09021349e-01,3.24512283e+03,3.67558542e+05,3.11723579e+03,0.00000000e+00,2.30000000e-01,7.69999932e-01,0.00000000e+00
9.22922923e+01,4.09049879e-01,3.24516825e+03,3.67502576e+05,3.11654356e+03,0.00000000e+00,2.30000000e-01,7.69999994e-01,0.00000000e+00
9.23923924e+01,4.09096448e-01,3.24518739e+03,3.67442141e+05,3.11567640e+03,0.00000000e+00,2.30000000e-01,7.69999977e-01,0.00000000e+00
9.24924925e+01,4.09161577e-01,3.24518313e+03,3.67373583e+05,3.11459967e+03,0.00000000e+00,2.30000000e-01,7.69999839e-01,0.00000000e+00
9.25925926e+01,4.09252914e-01,3.24515165e+03,3.67298487e+05,3.11327081e+03,0.00000000e+00,2.30000000e-01,7.69998970e-01,0.00000000e+00
9.26926927e+01,4.09393195e-01,3.24507333e+03,3.67231142e+05,3.11162798e+03,0.00000000e+00,2.30000000e-01,7.70000663e-01,0.00000000e+00
9.27927928e+01,4.09542461e-01,3.24474558e+03,3.67150454e+05,3.10981083e+03,0.00000000e+00,2.30000000e-01,7.70000542e-01,0.00000000e+00
9.28928929e+01,4.09648247e-01,3.24440813e+03,3.67083469e+05,3.10844131e+03,0.00000000e+00,2.30000000e-01,7.70000300e-01,0.00000000e+00
9.29929930e+01,4.09741803e-01,3.24404258e+03,3.66991398e+05,3.10695312e+03,0.00000000e+00,2.30000000e-01,7.69999979e-01,0.00000000e+00
9.30930931e+01,4.09837750e-01,3.24365539e+03,3.66883694e+05,3.10531693e+03,0.00000000e+00,2.30000000e-01,7.69999108e-01,0.00000000e+00
9.31931932e+01,4.09964133e-01,3.24334079e+03,3.66813596e+05,3.10376769e+03,0.00000000e+00,2.30000000e-01,7.69998735e-01,0.00000000e+00
9.32932933e+01,4.10187942e-01,3.24305626e+03,3.66718367e+05,3.10126640e+03,0.00000000e+00,2.30000000e-01,7.69999504e-01,0.00000000e+00
9.33933934e+01,4.10546791e-01,3.24272805e+03,3.66642553e+05,3.09791165e+03,0.00000000e+00,2.30000000e-01,7.70000578e-01,0.00000000e+00
9.34934935e+01,4.11017849e-01,3.24234693e+03,3.66598355e+05,3.09398670e+03,0.00000000e+00,2.30000000e-01,7.70001046e-01,0.00000000e+00
9.35935936e+01,4.11546287e-01,3.24195113e+03,3.66574550e+05,3.08981418e+03,0.00000000e+00,2.30000000e-01,7.70000766e-01,0.00000000e+00
9.36936937e+01,4.12088040e-01,3.24157873e+03,3.66560710e+05,3.08563758e+03,0.00000000e+00,2.30000000e-01,7.70000154e-01,0.00000000e+00
9.37937938e+01,4.12630493e-01,3.24124888e+03,3.66557192e+05,3.08155316e+03,0.00000000e+00,2.30000000e-01,7.69999646e-01,0.00000000e+00
9.38938939e+01,4.13188287e-01,3.24096828e+03,3.66571833e+05,3.07751678e+03,0.00000000e+00,2.30000000e-01,7.69999418e-01,0.00000000e+00
9.39939940e+01,4.13788900e-01,3.24074048e+03,3.66614846e+05,3.07341031e+03,0.00000000e+00,2.30000000e-01,7.69999437e-01,0.00000000e+00
9.40940941e+01,4.14459986e-01,3.24056785e+03,3.66696959e+05,3.06912066e+03,0.00000000e+00,2.30000000e-01,7.69999590e-01,0.00000000e+00
9.41941942e+01,4.15222456e-01,3.24045000e+03,3.66829508e+05,3.06459165e+03,0.00000000e+00,2.30000000e-01,7.69999769e-01,0.00000000e+00
9.42942943e+01,4.16088708e-01,3.24038409e+03,3.67024339e+05,3.05983536e+03,0.00000000e+00,2.30000000e-01,7.69999902e-01,0.00000000e+00
9.43943944e+01,4.17064234e-01,3.24036786e+03,3.67292938e+05,3.05491217e+03,0.00000000e+00,2.30000000e-01,7.69999961e-01,0.00000000e+00
9.44944945e+01,4.18150690e-01,3.24040349e+03,3.67645359e+05,3.04989839e+03,0.00000000e+00,2.30000000e-01,7.69999956e-01,0.00000000e+00
9.45945946e+01,4.19348833e-01,3.24050011e+03,3.68089511e+05,3.04485854e+03,0.00000000e+00,2.30000000e-01,7.69999917e-01,0.00000000e+00
9.46946947e+01,4.20660317e-01,3.24067394e+03,3.68631049e+05,3.03983145e+03,0.00000000e+00,2.30000000e-01,7.69999877e-01,0.00000000e+00
9.47947948e+01,4.22088178e-01,3.24094632e+03,3.69273802e+05,3.03483061e+03,0.00000000e+00,2.30000000e-01,7.69999853e-01,0.00000000e+00
9.48948949e+01,4.23636494e-01,3.24134031e+03,3.70020514e+05,3.02985319e+03,0.00000000e+00,2.30000000e-01,7.69999850e-01,0.00000000e+00
9.49949950e+01,4.25309822e-01,3.24187718e+03,3.70873579e+05,3.02489028e+03,0.00000000e+00,2.30000000e-01,7.69999861e-01,0.00000000e+00
9.50950951e+01,4.27112786e-01,3.24257362e+03,3.71835389e+05,3.01993282e+03,0.00000000e+00,2.30000000e-01,7.69999878e-01,0.00000000e+00
9.51951952e+01,4.29049867e-01,3.24344061e+03,3.72908109e+05,3.01497130e+03,0.00000000e+00,2.30000000e-01,7.69999897e-01,0.00000000e+00
9.52952953e+01,4.31125241e-01,3.24448379e+03,3.74092908e+05,3.00999063e+03,0.00000000e+00,2.30000000e-01,7.69999914e-01,0.00000000e+00
9.53953954e+01,4.33342696e-01,3.24570469e+03,3.75389053e+05,3.00496375e+03,0.00000000e+00,2.30000000e-01,7.69999926e-01,0.00000000e+00
9.54954955e+01,4.35705806e-01,3.24710152e+03,3.76793485e+05,2.99984732e+03,0.00000000e+00,2.30000000e-01,7.69999926e-01,0.00000000e+00
9.55955956e+01,4.38218590e-01,3.24866876e+03,3.78301273e+05,2.99458143e+03,0.00000000e+00,2.30000000e-01,7.69999909e-01,0.00000000e+00
9.56956957e+01,4.40886430e-01,3.25039642e+03,3.79906598e+05,2.98909170e+03,0.00000000e+00,2.30000000e-01,7.69999879e-01,0.00000000e+00
9.57957958e+01,4.43716715e-01,3.25227099e+03,3.81603324e+05,2.98329026e+03,0.00000000e+00,2.30000000e-01,7.69999844e-01,0.00000000e+00
9.58958959e+01,4.46718844e-01,3.25427744e+03,3.83385127e+05,2.97707715e+03,0.00000000e+00,2.30000000e-01,7.69999952e-01,0.00000000e+00
9.59959960e+01,4.49897540e-01,3.25639947e+03,3.85239777e+05,2.97034991e+03,0.00000000e+00,2.30000000e-01,7.69997701e-01,0.00000000e+00
9.60960961e+01,4.53180426e-01,3.25856584e+03,3.87135993e+05,2.96333219e+03,0.00000000e+00,2.30000000e-01,7.70002571e-01,0.00000000e+00
9.61961962e+01,4.56273929e-01,3.26059484e+03,3.89017362e+05,2.95755889e+03,0.00000000e+00,2.30000000e-01,7.69997787e-01,0.00000000e+00
9.62962963e+01,4.59149907e-01,3.26281953e+03,3.91074046e+05,2.95457946e+03,0.00000000e+00,2.30000000e-01,7.69995302e-01,0.00000000e+00
9.63963964e+01,4.61689400e-01,3.26538769e+03,3.93320978e+05,2.95520033e+03,0.00000000e+00,2.30000000e-01,7.69998568e-01,0.00000000e+00
9.64964965e+01,4.63686796e-01,3.26799078e+03,3.95562627e+05,2.95922385e+03,0.00000000e+00,2.30000000e-01,7.70003992e-01,0.00000000e+00
9.65965966e+01,4.65089254e-01,3.27032079e+03,3.97650497e+05,2.96587024e+03,0.00000000e+00,2.30000000e-01,7.70004829e-01,0.00000000e+00
9.66966967e+01,4.66067901e-01,3.27256676e+03,3.99700849e+05,2.97492683e+03,0.00000000e+00,2.30000000e-01,7.69997023e-01,0.00000000e+00
9.67967968e+01,4.66815406e-01,3.27530249e+03,4.01941516e+05,2.98682839e+03,0.00000000e+00,2.30000000e-01,7.69992160e-01,0.00000000e+00
9.68968969e+01,4.67191850e-01,3.27869059e+03,4.05120570e+05,3.00796471e+03,0.00000000e+00,2.30000000e-01,7.70012034e-01,0.00000000e+00
9.69969970e+01,4.67033278e-01,3.28066265e+03,4.07944520e+05,3.02998503e+03,0.00000000e+00,2.30000000e-01,7.70004193e-01,0.00000000e+00
9.70970971e+01,4.66522165e-01,3.28328444e+03,4.09752327e+05,3.04673725e+03,0.00000000e+00,2.30000000e-01,7.70007210e-01,0.00000000e+00
9.71971972e+01,4.65528524e-01,3.28794452e+03,4.10115078e+05,3.05907703e+03,0.00000000e+00,2.30000000e-01,7.69012158e-01,0.00000000e+00
9.72972973e+01,5.55331833e-01,2.91965025e+03,6.53773337e+05,4.08486604e+03,0.00000000e+00,2.32048541e-01,7.67951459e-01,0.00000000e+00
9.73973974e+01,1.41277962e+00,8.90518384e+02,3.56706422e+06,8.75772506e+03,0.00000000e+00,2.29384458e-01,7.70615542e-01,0.00000000e+00
9.74974975e+01,1.74141868e+00,5.48414517e+02,5.24979358e+06,1.04571513e+04,0.00000000e+00,2.29735708e-01,7.70264292e-01,0.00000000e+00
9.75975976e+01,1.65787109e+00,5.32250534e+02,5.32444341e+06,1.11385096e+04,0.00000000e+00,2.30000000e-01,7.70191149e-01,0.00000000e+00
9.76976977e+01,1.43815708e+00,5.34287552e+02,5.20774736e+06,1.25628514e+04,0.00000000e+00,2.30000000e-01,7.69875744e-01,0.00000000e+00
9.77977978e+01,1.19918536e+00,5.16259744e+02,5.12472739e+06,1.48261976e+04,0.00000000e+00,2.30000000e-01,7.69874184e-01,0.00000000e+00
9.78978979e+01,1.03184918e+00,5.01739405e+02,5.05835894e+06,1.70071199e+04,0.00000000e+00,2.30000000e-01,7.69892039e-01,0.00000000e+00
9.79979980e+01,9.27442770e-01,4.96886226e+02,5.02315734e+06,1.87902982e+04,0.00000000e+00,2.30000000e-01,7.69877149e-01,0.00000000e+00
9.80980981e+01,8.67030433e-01,4.97923461e+02,5.00499330e+06,2.00266078e+04,0.00000000e+00,2.30000000e-01,7.69890067e-01,0.00000000e+00
9.81981982e+01,8.33796328e-01,4.99400599e+02,4.99079376e+06,2.07649167e+04,0.00000000e+00,2.30000000e-01,7.69929620e-01,0.00000000e+00
9.82982983e+01,8.14642994e-01,4.98498106e+02,4.96519725e+06,2.11435129e+04,0.00000000e+00,2.30000000e-01,7.69957761e-01,0.00000000e+00
9.83983984e+01,8.01677624e-01,4.89072039e+02,4.92136371e+06,2.12950362e+04,0.00000000e+00,2.30000000e-01,7.69991943e-01,0.00000000e+00
9.84984985e+01,7.89984628e-01,4.67563056e+02,4.85120673e+06,2.13016990e+04,0.00000000e+00,2.30000000e-01,7.70013371e-01,0.00000000e+00
9.85985986e+01,7.77065510e-01,4.31276716e+02,4.74744576e+06,2.11926556e+04,0.00000000e+00,2.30000000e-01,7.70013594e-01,0.00000000e+00
9.86986987e+01,7.61352286e-01,3.80082891e+02,4.61251524e+06,2.10155990e+04,0.00000000e+00,2.30000000e-01,7.69998805e-01,0.00000000e+00
9.87987988e+01,7.42638829e-01,3.17225479e+02,4.45619289e+06,2.08149425e+04,0.00000000e+00,2.30000000e-01,7.70000432e-01,0.00000000e+00
9.88988989e+01,7.22662633e-01,2.49034939e+02,4.29385297e+06,2.06112433e+04,0.00000000e+00,2.30000000e-01,7.69992085e-01,0.00000000e+00
9.89989990e+01,7.04574296e-01,1.86353870e+02,4.14885093e+06,2.04262327e+04,0.00000000e+00,2.30000000e-01,7.70004114e-01,0.00000000e+00
9.90990991e+01,6.88803646e-01,1.30975855e+02,4.02308724e+06,2.02605698e+04,0.00000000e+00,2.30000000e-01,7.70003216e-01,0.00000000e+00
9.91991992e+01,6.75747163e-01,8.50378837e+01,3.91945171e+06,2.01201426e+04,0.00000000e+00,2.30000000e-01,7.69998016e-01,0.00000000e+00
9.92992993e+01,6.65767142e-01,5.04673271e+01,3.84020913e+06,2.00089777e+04,0.00000000e+00,2.30000000e-01,7.69992619e-01,0.00000000e+00
9.93993994e+01,6.58765612e-01,2.73018313e+01,3.78419850e+06,1.99267281e+04,0.00000000e+00,2.30000000e-01,7.69991217e-01,0.00000000e+00
9.94994995e+01,6.54139476e-01,1.34353451e+01,3.74658785e+06,1.98681620e+04,0.00000000e+00,2.30000000e-01,7.69993177e-01,0.00000000e+00
9.95995996e+01,6.51129404e-01,6.03570473e+00,3.72163479e+06,1.98270144e+04,0.00000000e+00,2.30000000e-01,7.69995982e-01,0.00000000e+00
9.96996997e+01,6.49136866e-01,2.62162178e+00,3.70496743e+06,1.97987346e+04,0.00000000e+00,2.30000000e-01,7.69999479e-01,0.00000000e+00
9.97997998e+01,6.47807710e-01,1.02819524e+00,3.69392428e+06,1.97801790e+04,0.00000000e+00,2.30000000e-01,7.70001654e-01,0.00000000e+00
9.98998999e+01,6.47070884e-01,-9.85703452e-02,3.68775533e+06,1.97698354e+04,0.00000000e+00,2.30000000e-01,7.69991656e-01,0.00000000e+00
1.00000000e+02,6.47070884e-01,9.85703452e-02,3.68775533e+06,1.97698354e+04,0.00000000e+00,2.30000000e-01,7.69991656e-01,0.00000000e+00
