# x(m), rho(kg/m3), u(m/s), p(Pa), T(K), Y_H2, Y_O2, Y_N2, Y_H2O
0.00000000e+00,8.46946092e+00,-3.24824174e-02,1.87961882e+07,2.78566607e+03,1.18501936e-01,6.70184418e-07,6.00009375e-01,2.81488019e-01
1.00100100e-01,8.46946092e+00,3.24824174e-02,1.87961882e+07,2.78566607e+03,1.18501936e-01,6.70184418e-07,6.00009375e-01,2.81488019e-01
2.00200200e-01,8.46993499e+00,1.29538695e-01,1.87957383e+07,2.78544360e+03,1.18501919e-01,5.38629935e-07,6.00009375e-01,2.81488167e-01
3.00300300e-01,8.47157485e+00,1.74979350e-01,1.87951385e+07,2.78481552e+03,1.18501922e-01,5.61613582e-07,6.00009375e-01,2.81488141e-01
4.00400400e-01,8.47479219e+00,1.66244981e-01,1.87941353e+07,2.78360972e+03,1.18501922e-01,5.61899080e-07,6.00009375e-01,2.81488141e-01
5.00500501e-01,8.48010165e+00,8.69081927e-02,1.87932686e+07,2.78173860e+03,1.18501922e-01,5.61900107e-07,6.00009375e-01,2.81488141e-01
6.00600601e-01,8.48740156e+00,-5.59188843e-02,1.87921229e+07,2.77917662e+03,1.18501922e-01,5.61902736e-07,6.00009375e-01,2.81488141e-01
7.00700701e-01,8.49618463e+00,-3.03590153e-01,1.87912424e+07,2.77617351e+03,1.18501922e-01,5.61906952e-07,6.00009375e-01,2.81488141e-01
8.00800801e-01,8.50472902e+00,-5.70377992e-01,1.87909480e+07,2.77334094e+03,1.18501922e-01,5.61911497e-07,6.00009375e-01,2.81488141e-01
9.00900901e-01,8.51221152e+00,-9.03291936e-01,1.87928116e+07,2.77117789e+03,1.18501922e-01,5.61915937e-07,6.00009375e-01,2.81488141e-01
1.00100100e+00,8.51890036e+00,-1.32605047e+00,1.87972532e+07,2.76965647e+03,1.18501922e-01,5.61920037e-07,6.00009375e-01,2.81488141e-01
1.10110110e+00,8.52542638e+00,-1.90005059e+00,1.88050913e+07,2.76869037e+03,1.18501922e-01,5.61923830e-07,6.00009375e-01,2.81488141e-01
1.20120120e+00,8.53233211e+00,-2.70767185e+00,1.88172865e+07,2.76824356e+03,1.18501922e-01,5.61927229e-07,6.00009375e-01,2.81488141e-01
1.30130130e+00,8.54034590e+00,-3.87251919e+00,1.88353326e+07,2.76829830e+03,1.18501922e-01,5.61930320e-07,6.00009375e-01,2.81488141e-01
1.40140140e+00,8.54976092e+00,-5.43491789e+00,1.88594148e+07,2.76878539e+03,1.18501922e-01,5.61933110e-07,6.00009375e-01,2.81488141e-01
1.50150150e+00,8.56102419e+00,-7.48349335e+00,1.88904067e+07,2.76968664e+03,1.18501922e-01,5.61935693e-07,6.00009375e-01,2.81488141e-01
1.60160160e+00,8.57434312e+00,-1.00598769e+01,1.89285455e+07,2.77096753e+03,1.18501922e-01,5.61938051e-07,6.00009375e-01,2.81488141e-01
1.70170170e+00,8.59014181e+00,-1.32453947e+01,1.89748305e+07,2.77263451e+03,1.18501922e-01,5.61940168e-07,6.00009375e-01,2.81488141e-01
1.80180180e+00,8.60909269e+00,-1.71677022e+01,1.90311917e+07,2.77474867e+03,1.18501922e-01,5.61941932e-07,6.00009375e-01,2.81488141e-01
1.90190190e+00,8.63328125e+00,-2.22298546e+01,1.91039734e+07,2.77755629e+03,1.18501922e-01,5.61943245e-07,6.00009375e-01,2.81488141e-01
2.00200200e+00,8.66509721e+00,-2.88766920e+01,1.92004806e+07,2.78133764e+03,1.18501922e-01,5.61943993e-07,6.00009375e-01,2.81488141e-01
2.10210210e+00,8.69563182e+00,-3.52754335e+01,1.92935493e+07,2.78500539e+03,1.18501922e-01,5.61944099e-07,6.00009375e-01,2.81488141e-01
2.20220220e+00,8.71950546e+00,-4.03162502e+01,1.93665586e+07,2.78789012e+03,1.18501922e-01,5.61943507e-07,6.00009375e-01,2.81488141e-01
2.30230230e+00,8.73651005e+00,-4.38425915e+01,1.94185944e+07,2.78993999e+03,1.18501922e-01,5.61942199e-07,6.00009375e-01,2.81488141e-01
2.40240240e+00,8.74698861e+00,-4.60578220e+01,1.94506140e+07,2.79119262e+03,1.18501922e-01,5.61940161e-07,6.00009375e-01,2.81488141e-01
2.50250250e+00,8.75281108e+00,-4.71266249e+01,1.94683027e+07,2.79187255e+03,1.18501922e-01,5.61937410e-07,6.00009375e-01,2.81488141e-01
2.60260260e+00,8.75473626e+00,-4.75588110e+01,1.94739975e+07,2.79207510e+03,1.18501922e-01,5.61933946e-07,6.00009375e-01,2.81488141e-01
2.70270270e+00,8.75520652e+00,-4.75295664e+01,1.94752881e+07,2.79211017e+03,1.18501922e-01,5.61929825e-07,6.00009375e-01,2.81488141e-01
2.80280280e+00,8.75299860e+00,-4.70563372e+01,1.94683959e+07,2.79182611e+03,1.18501922e-01,5.61925058e-07,6.00009375e-01,2.81488141e-01
2.90290290e+00,8.74546578e+00,-4.55407395e+01,1.94451543e+07,2.79089503e+03,1.18501922e-01,5.61919754e-07,6.00009375e-01,2.81488141e-01
3.00300300e+00,8.73085417e+00,-4.26341001e+01,1.94002285e+07,2.78910693e+03,1.18501922e-01,5.61913943e-07,6.00009375e-01,2.81488141e-01
3.10310310e+00,8.70958127e+00,-3.84108260e+01,1.93349054e+07,2.78650501e+03,1.18501922e-01,5.61907779e-07,6.00009375e-01,2.81488141e-01
3.20320320e+00,8.68876807e+00,-3.42730800e+01,1.92710573e+07,2.78395616e+03,1.18501922e-01,5.61901286e-07,6.00009375e-01,2.81488141e-01
3.30330330e+00,8.66988796e+00,-3.06730332e+01,1.92132079e+07,2.78164338e+03,1.18501922e-01,5.61894626e-07,6.00009375e-01,2.81488141e-01
3.40340340e+00,8.65262565e+00,-2.72683153e+01,1.91603619e+07,2.77952668e+03,1.18501922e-01,5.61887801e-07,6.00009375e-01,2.81488141e-01
3.50350350e+00,8.63545857e+00,-2.40720699e+01,1.91078739e+07,2.77742292e+03,1.18501922e-01,5.61880969e-07,6.00009375e-01,2.81488141e-01
3.60360360e+00,8.61861866e+00,-2.08423417e+01,1.90564254e+07,2.77535682e+03,1.18501922e-01,5.61874107e-07,6.00009375e-01,2.81488141e-01
3.70370370e+00,8.60164432e+00,-1.75559135e+01,1.90046011e+07,2.77327113e+03,1.18501922e-01,5.61867356e-07,6.00009375e-01,2.81488141e-01
3.80380380e+00,8.58376712e+00,-1.40764508e+01,1.89500740e+07,2.77107344e+03,1.18501922e-01,5.61860675e-07,6.00009375e-01,2.81488141e-01
3.90390390e+00,8.56399793e+00,-1.01939505e+01,1.88898302e+07,2.76864042e+03,1.18501922e-01,5.61854180e-07,6.00009375e-01,2.81488141e-01
4.00400400e+00,8.54115059e+00,-5.64290730e+00,1.88202786e+07,2.76582515e+03,1.18501922e-01,5.61847812e-07,6.00009375e-01,2.81488141e-01
4.10410410e+00,8.51461866e+00,-2.88947292e-01,1.87395710e+07,2.76254585e+03,1.18501922e-01,5.61841655e-07,6.00009375e-01,2.81488141e-01
4.20420420e+00,8.48732324e+00,5.26546355e+00,1.86566413e+07,2.75916563e+03,1.18501922e-01,5.61835616e-07,6.00009375e-01,2.81488141e-01
4.30430430e+00,8.46148762e+00,1.04741156e+01,1.85782738e+07,2.75596494e+03,1.18501922e-01,5.61829762e-07,6.00009375e-01,2.81488141e-01
4.40440440e+00,8.43714880e+00,1.54759375e+01,1.85045328e+07,2.75294458e+03,1.18501922e-01,5.61823999e-07,6.00009375e-01,2.81488141e-01
4.50450450e+00,8.41334077e+00,2.02266942e+01,1.84324945e+07,2.74998729e+03,1.18501922e-01,5.61818362e-07,6.00009375e-01,2.81488141e-01
4.60460460e+00,8.39034239e+00,2.49388682e+01,1.83629739e+07,2.74712478e+03,1.18501922e-01,5.61812761e-07,6.00009375e-01,2.81488141e-01
4.70470470e+00,8.36719378e+00,2.95756260e+01,1.82930798e+07,2.74423977e+03,1.18501922e-01,5.61807224e-07,6.00009375e-01,2.81488141e-01
4.80480480e+00,8.34399766e+00,3.42318761e+01,1.82231041e+07,2.74134210e+03,1.18501922e-01,5.61801676e-07,6.00009375e-01,2.81488141e-01
4.90490490e+00,8.32096736e+00,3.88967828e+01,1.81536727e+07,2.73845580e+03,1.18501922e-01,5.61796146e-07,6.00009375e-01,2.81488141e-01
5.00500501e+00,8.29826515e+00,4.34362351e+01,1.80853268e+07,2.73560951e+03,1.18501922e-01,5.61790575e-07,6.00009375e-01,2.81488141e-01
5.10510511e+00,8.27657059e+00,4.78310059e+01,1.80200931e+07,2.73288691e+03,1.18501922e-01,5.61784993e-07,6.00009375e-01,2.81488141e-01
5.20520521e+00,8.25552955e+00,5.19590868e+01,1.79568952e+07,2.73024339e+03,1.18501922e-01,5.61779352e-07,6.00009375e-01,2.81488141e-01
5.30530531e+00,8.23581139e+00,5.60541380e+01,1.78977280e+07,2.72776257e+03,1.18501922e-01,5.61773672e-07,6.00009375e-01,2.81488141e-01
5.40540541e+00,8.21592119e+00,6.00075893e+01,1.78381184e+07,2.72525929e+03,1.18501922e-01,5.61767914e-07,6.00009375e-01,2.81488141e-01
5.50550551e+00,8.19595284e+00,6.40193065e+01,1.77783258e+07,2.72274183e+03,1.18501922e-01,5.61762086e-07,6.00009375e-01,2.81488141e-01
5.60560561e+00,8.17526123e+00,6.82642441e+01,1.77163870e+07,2.72012318e+03,1.18501922e-01,5.61756147e-07,6.00009375e-01,2.81488141e-01
5.70570571e+00,8.15240639e+00,7.30466915e+01,1.76480226e+07,2.71722301e+03,1.18501922e-01,5.61750080e-07,6.00009375e-01,2.81488141e-01
5.80580581e+00,8.12934647e+00,7.74276789e+01,1.75791659e+07,2.71429899e+03,1.18501922e-01,5.61743864e-07,6.00009375e-01,2.81488141e-01
5.90590591e+00,8.11451758e+00,8.23321339e+01,1.75349572e+07,2.71242075e+03,1.18501922e-01,5.61737463e-07,6.00009375e-01,2.81488141e-01
6.00600601e+00,8.10022352e+00,8.51669899e+01,1.74516470e+07,2.70603318e+03,1.18425915e-01,5.61370559e-07,5.99624526e-01,2.81307593e-01
6.10610611e+00,8.07908239e+00,8.81220371e+01,1.74246973e+07,2.70739149e+03,1.18492972e-01,5.61681563e-07,5.99964059e-01,2.81466881e-01
6.20620621e+00,8.05246943e+00,9.26068673e+01,1.73355173e+07,2.70287341e+03,1.18473840e-01,5.61583757e-07,5.99867184e-01,2.81421433e-01
6.30630631e+00,8.03088465e+00,9.66353715e+01,1.72864708e+07,2.70182989e+03,1.18501922e-01,5.61709485e-07,6.00009375e-01,2.81488141e-01
6.40640641e+00,8.01144269e+00,1.01165411e+02,1.72327037e+07,2.69978953e+03,1.18509518e-01,5.61737815e-07,6.00047834e-01,2.81506183e-01
6.50650651e+00,7.99808696e+00,1.05533937e+02,1.71862282e+07,2.69729323e+03,1.18496832e-01,5.61669708e-07,5.99983599e-01,2.81476048e-01
6.60660661e+00,7.98265570e+00,1.09188673e+02,1.71431049e+07,2.69561048e+03,1.18501922e-01,5.61685540e-07,6.00009375e-01,2.81488141e-01
6.70670671e+00,7.96770108e+00,1.12781375e+02,1.70965480e+07,2.69343535e+03,1.18497528e-01,5.61656061e-07,5.99987124e-01,2.81477702e-01
6.80680681e+00,7.95137422e+00,1.15987562e+02,1.70460482e+07,2.69109180e+03,1.18493207e-01,5.61626622e-07,5.99965248e-01,2.81467439e-01
6.90690691e+00,7.93281757e+00,1.19292444e+02,1.69973459e+07,2.68941267e+03,1.18504993e-01,5.61673160e-07,6.00024921e-01,2.81495434e-01
7.00700701e+00,7.91054753e+00,1.23577170e+02,1.69322900e+07,2.68662711e+03,1.18506511e-01,5.61670646e-07,6.00032607e-01,2.81499040e-01
7.10710711e+00,7.88753060e+00,1.28065943e+02,1.68618682e+07,2.68336460e+03,1.18501922e-01,5.61638787e-07,6.00009375e-01,2.81488141e-01
7.20720721e+00,7.86814594e+00,1.32975616e+02,1.68214293e+07,2.68278497e+03,1.18534582e-01,5.61783103e-07,6.00174739e-01,2.81565720e-01
7.30730731e+00,7.85031721e+00,1.36759354e+02,1.67490775e+07,2.67818134e+03,1.18496127e-01,5.61589948e-07,5.99980032e-01,2.81474375e-01
7.40740741e+00,7.83416152e+00,1.39435894e+02,1.67036879e+07,2.67632978e+03,1.18500632e-01,5.61599937e-07,6.00002843e-01,2.81485076e-01
7.50750751e+00,7.82353119e+00,1.42103624e+02,1.66726117e+07,2.67495124e+03,1.18501922e-01,5.61594169e-07,6.00009375e-01,2.81488141e-01
7.60760761e+00,7.81342254e+00,1.43485290e+02,1.66556022e+07,2.67509764e+03,1.18527695e-01,5.61703951e-07,6.00139870e-01,2.81549361e-01
7.70770771e+00,7.80605959e+00,1.46156082e+02,1.66387927e+07,2.67469534e+03,1.18537586e-01,5.61737926e-07,6.00189949e-01,2.81572855e-01
7.80780781e+00,7.80018070e+00,1.48996246e+02,1.66071882e+07,2.67224926e+03,1.18509981e-01,5.61593615e-07,6.00050178e-01,2.81507283e-01
7.90790791e+00,7.79174634e+00,1.51660436e+02,1.65642114e+07,2.66901412e+03,1.18474678e-01,5.61412193e-07,5.99871428e-01,2.81423424e-01
8.00800801e+00,7.78157526e+00,1.53243574e+02,1.65131464e+07,2.66519490e+03,1.18433287e-01,5.61201311e-07,5.99661855e-01,2.81325106e-01
8.10810811e+00,7.76706290e+00,1.54467516e+02,1.64726120e+07,2.66352820e+03,1.18437382e-01,5.61205233e-07,5.99682587e-01,2.81334832e-01
8.20820821e+00,7.75048180e+00,1.56536022e+02,1.64371574e+07,2.66290938e+03,1.18462822e-01,5.61309617e-07,5.99811400e-01,2.81395263e-01
8.30830831e+00,7.74115050e+00,1.59269902e+02,1.64082100e+07,2.66151128e+03,1.18458937e-01,5.61274298e-07,5.99791729e-01,2.81386034e-01
8.40840841e+00,7.73751666e+00,1.61798165e+02,1.64250016e+07,2.66427582e+03,1.18512753e-01,5.61511626e-07,6.00064215e-01,2.81513869e-01
8.50850851e+00,7.73405805e+00,1.62507811e+02,1.63897297e+07,2.66089321e+03,1.18461538e-01,5.61250523e-07,5.99804898e-01,2.81392213e-01
8.60860861e+00,7.72760339e+00,1.61216095e+02,1.63971807e+07,2.66317655e+03,1.18512688e-01,5.61473602e-07,6.00063885e-01,2.81513714e-01
8.70870871e+00,7.71759933e+00,1.62342873e+02,1.64141519e+07,2.66734253e+03,1.18603602e-01,5.61884200e-07,6.00524208e-01,2.81729669e-01
8.80880881e+00,7.71453557e+00,1.64663970e+02,1.63823650e+07,2.66427990e+03,1.18557058e-01,5.61642817e-07,6.00288542e-01,2.81619109e-01
8.90890891e+00,7.71576563e+00,1.65160436e+02,1.63670820e+07,2.66222110e+03,1.18519158e-01,5.61441534e-07,6.00096646e-01,2.81529083e-01
9.00900901e+00,7.71751779e+00,1.64900183e+02,1.63684079e+07,2.66200372e+03,1.18511526e-01,5.61382759e-07,6.00058001e-01,2.81510953e-01
9.10910911e+00,7.72005701e+00,1.64573960e+02,1.63739062e+07,2.66210003e+03,1.18508055e-01,5.61342809e-07,6.00040426e-01,2.81502708e-01
9.20920921e+00,7.71962120e+00,1.64401179e+02,1.63803274e+07,2.66293850e+03,1.18523891e-01,5.61393416e-07,6.00120608e-01,2.81540325e-01
9.30930931e+00,7.71523214e+00,1.65448030e+02,1.63634300e+07,2.66187744e+03,1.18516205e-01,5.61331725e-07,6.00081695e-01,2.81522069e-01
9.40940941e+00,7.71418084e+00,1.66166918e+02,1.63514121e+07,2.66067377e+03,1.18498886e-01,5.61223540e-07,5.99994004e-01,2.81480930e-01
9.50950951e+00,7.72028463e+00,1.65875634e+02,1.63602422e+07,2.66039679e+03,1.18481474e-01,5.61114059e-07,5.99905841e-01,2.81439569e-01
9.60960961e+00,7.73590749e+00,1.62768486e+02,1.63868136e+07,2.66017812e+03,1.18443976e-01,5.60908601e-07,5.99715977e-01,2.81350497e-01
9.70970971e+00,7.74451690e+00,1.60285645e+02,1.64499648e+07,2.66577396e+03,1.18518942e-01,5.61234840e-07,6.00095553e-01,2.81528571e-01
9.80980981e+00,7.73820165e+00,1.57960955e+02,1.63835184e+07,2.65931928e+03,1.18423283e-01,5.60752270e-07,5.99611202e-01,2.81301343e-01
9.90990991e+00,7.72668943e+00,1.58753989e+02,1.64326947e+07,2.66754592e+03,1.18588855e-01,5.61505890e-07,6.00449540e-01,2.81694640e-01
1.00100100e+01,7.71361775e+00,1.63222170e+02,1.63501850e+07,2.66063306e+03,1.18500457e-01,5.61056285e-07,6.00001954e-01,2.81484660e-01
1.01101101e+01,7.70996497e+00,1.65181294e+02,1.63564107e+07,2.66215820e+03,1.18533795e-01,5.61182388e-07,6.00170758e-01,2.81563853e-01
1.02102102e+01,7.70957948e+00,1.66600588e+02,1.63391376e+07,2.66021176e+03,1.18501181e-01,5.60995599e-07,6.00005623e-01,2.81486381e-01
1.03103103e+01,7.71277913e+00,1.66129798e+02,1.63388995e+07,2.65950775e+03,1.18481650e-01,5.60870083e-07,5.99906731e-01,2.81439987e-01
1.04104104e+01,7.72871122e+00,1.62272813e+02,1.63621297e+07,2.65884988e+03,1.18434814e-01,5.60614720e-07,5.99669585e-01,2.81328733e-01
1.05105105e+01,7.74384658e+00,1.57901895e+02,1.64514767e+07,2.66613057e+03,1.18524240e-01,5.61003685e-07,6.00122379e-01,2.81541156e-01
1.06106106e+01,7.74311816e+00,1.55876125e+02,1.64700855e+07,2.66846765e+03,1.18565537e-01,5.61164225e-07,6.00331475e-01,2.81639252e-01
1.07107107e+01,7.74155478e+00,1.56060207e+02,1.64786397e+07,2.66979706e+03,1.18591992e-01,5.61253942e-07,6.00465427e-01,2.81702094e-01
1.08108108e+01,7.74253359e+00,1.56355282e+02,1.64631582e+07,2.66777733e+03,1.18555286e-01,5.61044345e-07,6.00279571e-01,2.81614901e-01
1.09109109e+01,7.74511870e+00,1.57367333e+02,1.64904310e+07,2.67043519e+03,1.18593895e-01,5.61190691e-07,6.00475061e-01,2.81706613e-01
1.10110110e+01,7.74070202e+00,1.60020337e+02,1.64657420e+07,2.66848890e+03,1.18570323e-01,5.61042362e-07,6.00355708e-01,2.81650620e-01
1.11111111e+01,7.72973387e+00,1.63759797e+02,1.64066618e+07,2.66389467e+03,1.18516572e-01,5.60750941e-07,6.00083553e-01,2.81522942e-01
1.12112112e+01,7.71882326e+00,1.64636992e+02,1.63465306e+07,2.65914743e+03,1.18460218e-01,5.60446991e-07,5.99798215e-01,2.81389079e-01
1.13113113e+01,7.71000123e+00,1.66530076e+02,1.63381767e+07,2.66005447e+03,1.18494736e-01,5.60572743e-07,5.99972991e-01,2.81471073e-01
1.14114114e+01,7.70051582e+00,1.69492776e+02,1.63024567e+07,2.65786162e+03,1.18478984e-01,5.60460525e-07,5.99893230e-01,2.81433654e-01
1.15115115e+01,7.68620795e+00,1.74271032e+02,1.63246974e+07,2.66354395e+03,1.18607893e-01,5.61032274e-07,6.00545937e-01,2.81739865e-01
1.16116116e+01,7.67322222e+00,1.78107310e+02,1.62254159e+07,2.65457956e+03,1.18484834e-01,5.60412000e-07,5.99922854e-01,2.81447552e-01
1.17117117e+01,7.65941814e+00,1.79094235e+02,1.61949619e+07,2.65393135e+03,1.18504520e-01,5.60466607e-07,6.00022528e-01,2.81494313e-01
1.18118118e+01,7.64439737e+00,1.80717843e+02,1.61498380e+07,2.65179513e+03,1.18501922e-01,5.60415871e-07,6.00009375e-01,2.81488142e-01
1.19119119e+01,7.62633759e+00,1.83565050e+02,1.61226174e+07,2.65244757e+03,1.18553168e-01,5.60619635e-07,6.00268846e-01,2.81609871e-01
1.20120120e+01,7.60655237e+00,1.88808725e+02,1.60759315e+07,2.65116207e+03,1.18574816e-01,5.60683438e-07,6.00378455e-01,2.81661292e-01
1.21121121e+01,7.58345887e+00,1.93833407e+02,1.59741293e+07,2.64402108e+03,1.18501922e-01,5.60300122e-07,6.00009375e-01,2.81488142e-01
1.22122122e+01,7.54858938e+00,1.95534548e+02,1.58728029e+07,2.63938579e+03,1.18501922e-01,5.60261447e-07,6.00009375e-01,2.81488142e-01
1.23123123e+01,7.51800721e+00,1.91612750e+02,1.58276537e+07,2.64051172e+03,1.18594937e-01,5.60662557e-07,6.00480338e-01,2.81709090e-01
1.24124124e+01,7.44069900e+00,1.87153211e+02,1.55593215e+07,2.62477433e+03,1.18501922e-01,5.60184180e-07,6.00009375e-01,2.81488143e-01
1.25125125e+01,7.31699789e+00,1.67284876e+02,1.52026793e+07,2.60796800e+03,1.18501922e-01,5.60145817e-07,6.00009375e-01,2.81488143e-01
1.26126126e+01,7.08196499e+00,1.21241361e+02,1.45285204e+07,2.57503221e+03,1.18501922e-01,5.60107929e-07,6.00009375e-01,2.81488143e-01
1.27127127e+01,6.66382498e+00,2.68364767e+01,1.33552899e+07,2.51561857e+03,1.18501922e-01,5.60071254e-07,6.00009375e-01,2.81488143e-01
1.28128128e+01,6.14361797e+00,-1.02100661e+02,1.19294338e+07,2.43730952e+03,1.18501922e-01,5.60038287e-07,6.00009375e-01,2.81488143e-01
1.29129129e+01,5.87112245e+00,-1.71527675e+02,1.11991001e+07,2.39429161e+03,1.18501922e-01,5.60007144e-07,6.00009375e-01,2.81488143e-01
1.30130130e+01,5.75320215e+00,-1.99727046e+02,1.08876471e+07,2.37541478e+03,1.18501922e-01,5.59976473e-07,6.00009375e-01,2.81488143e-01
1.31131131e+01,5.70097043e+00,-2.09325806e+02,1.07284072e+07,2.36348689e+03,1.18433268e-01,5.59621524e-07,5.99661758e-01,2.81325062e-01
1.32132132e+01,5.67355618e+00,-2.10626799e+02,1.06794513e+07,2.36269092e+03,1.18502392e-01,5.59917587e-07,6.00011753e-01,2.81489258e-01
1.33133133e+01,5.64767158e+00,-2.07060386e+02,1.06344728e+07,2.36216651e+03,1.18570451e-01,5.60208548e-07,6.00356356e-01,2.81650925e-01
1.34134134e+01,5.62691858e+00,-2.02508777e+02,1.05650970e+07,2.35639476e+03,1.18520986e-01,5.59944173e-07,6.00105902e-01,2.81533427e-01
1.35135135e+01,5.61714592e+00,-1.96528157e+02,1.05588542e+07,2.35792340e+03,1.18580109e-01,5.60192657e-07,6.00405255e-01,2.81673866e-01
1.36136136e+01,5.60304075e+00,-1.93495008e+02,1.04920416e+07,2.35076834e+03,1.18485945e-01,5.59716858e-07,5.99928478e-01,2.81450191e-01
1.37137137e+01,5.58810838e+00,-1.89570771e+02,1.04777564e+07,2.35234953e+03,1.18561060e-01,5.60040569e-07,6.00308809e-01,2.81628619e-01
1.38138138e+01,5.57684350e+00,-1.84875165e+02,1.04313038e+07,2.34772864e+03,1.18506640e-01,5.59752179e-07,6.00033262e-01,2.81499350e-01
1.39139139e+01,5.56415003e+00,-1.80079139e+02,1.04105811e+07,2.34766380e+03,1.18544303e-01,5.59898541e-07,6.00223960e-01,2.81588813e-01
1.40140140e+01,5.55013466e+00,-1.76253371e+02,1.03536204e+07,2.34200720e+03,1.18478881e-01,5.59557780e-07,5.99892709e-01,2.81433411e-01
1.41141141e+01,5.53987316e+00,-1.70704150e+02,1.03454804e+07,2.34334865e+03,1.18537123e-01,5.59800803e-07,6.00187606e-01,2.81571758e-01
1.42142142e+01,5.52931915e+00,-1.66035114e+02,1.02942578e+07,2.33768593e+03,1.18461620e-01,5.59411878e-07,5.99805315e-01,2.81392411e-01
1.43143143e+01,5.51583189e+00,-1.61649169e+02,1.02763452e+07,2.33826234e+03,1.18515424e-01,5.59633271e-07,6.00077738e-01,2.81520215e-01
1.44144144e+01,5.50302633e+00,-1.57402657e+02,1.02312322e+07,2.33416587e+03,1.18477283e-01,5.59420113e-07,5.99884620e-01,2.81429615e-01
1.45145145e+01,5.49275576e+00,-1.53305431e+02,1.02169313e+07,2.33447772e+03,1.18517068e-01,5.59574498e-07,6.00086062e-01,2.81524120e-01
1.46146146e+01,5.48037610e+00,-1.50611377e+02,1.01647106e+07,2.32907923e+03,1.18451575e-01,5.59231375e-07,5.99754451e-01,2.81368549e-01
1.47147147e+01,5.46840702e+00,-1.48086357e+02,1.01484009e+07,2.32954343e+03,1.18496744e-01,5.59410245e-07,5.99983159e-01,2.81475844e-01
1.48148148e+01,5.45595684e+00,-1.45344056e+02,1.01110425e+07,2.32662378e+03,1.18478432e-01,5.59288886e-07,5.99890436e-01,2.81432344e-01
1.49149149e+01,5.44051217e+00,-1.42068800e+02,1.00822011e+07,2.32590709e+03,1.18512363e-01,5.59413621e-07,6.00062239e-01,2.81512944e-01
1.50150150e+01,5.41942031e+00,-1.37154378e+02,1.00259812e+07,2.32208687e+03,1.18504826e-01,5.59342080e-07,6.00024080e-01,2.81495042e-01
1.51151151e+01,5.39991296e+00,-1.31770811e+02,9.98298089e+06,2.32004452e+03,1.18527086e-01,5.59410603e-07,6.00136790e-01,2.81547919e-01
1.52152152e+01,5.38737143e+00,-1.26164208e+02,9.94283626e+06,2.31662316e+03,1.18500020e-01,5.59245683e-07,5.99999744e-01,2.81483625e-01
1.53153153e+01,5.37625616e+00,-1.21762048e+02,9.91777000e+06,2.31535438e+03,1.18510561e-01,5.59257559e-07,6.00053117e-01,2.81508665e-01
1.54154154e+01,5.36361219e+00,-1.18238607e+02,9.88138907e+06,2.31257595e+03,1.18496378e-01,5.59152050e-07,5.99981302e-01,2.81474973e-01
1.55155155e+01,5.35110635e+00,-1.15558753e+02,9.85016510e+06,2.31062152e+03,1.18498148e-01,5.59121086e-07,5.99990265e-01,2.81479179e-01
1.56156156e+01,5.34278744e+00,-1.11665618e+02,9.83432116e+06,2.31014931e+03,1.18515973e-01,5.59165061e-07,6.00080521e-01,2.81521521e-01
1.57157157e+01,5.33840461e+00,-1.08028002e+02,9.82232909e+06,2.30927179e+03,1.18513655e-01,5.59113134e-07,6.00068784e-01,2.81516015e-01
1.58158158e+01,5.32752729e+00,-1.05677206e+02,9.78366027e+06,2.30558527e+03,1.18477243e-01,5.58899549e-07,5.99884418e-01,2.81429522e-01
1.59159159e+01,5.30903243e+00,-1.02541352e+02,9.74891563e+06,2.30461055e+03,1.18517869e-01,5.59048571e-07,6.00090121e-01,2.81526025e-01
1.60160160e+01,5.28634611e+00,-9.54867977e+01,9.71251414e+06,2.30448478e+03,1.18588527e-01,5.59338411e-07,6.00447879e-01,2.81693863e-01
1.61161161e+01,5.26717128e+00,-8.94522928e+01,9.62930294e+06,2.29534007e+03,1.18470663e-01,5.58738296e-07,5.99851101e-01,2.81413891e-01
1.62162162e+01,5.25902062e+00,-8.29806948e+01,9.64272258e+06,2.29985556e+03,1.18586345e-01,5.59238697e-07,6.00436834e-01,2.81688682e-01
1.63163163e+01,5.24531406e+00,-7.96576061e+01,9.56325161e+06,2.28980271e+03,1.18434019e-01,5.58474357e-07,5.99665565e-01,2.81326849e-01
1.64164164e+01,5.22832009e+00,-7.68850293e+01,9.55613872e+06,2.29317974e+03,1.18555752e-01,5.59001468e-07,6.00281930e-01,2.81616010e-01
1.65165165e+01,5.21112435e+00,-7.33234194e+01,9.49111377e+06,2.28652460e+03,1.18481437e-01,5.58603309e-07,5.99905651e-01,2.81439483e-01
1.66166166e+01,5.19531141e+00,-6.97890629e+01,9.47527451e+06,2.28805581e+03,1.18564330e-01,5.58945467e-07,6.00325365e-01,2.81636387e-01
1.67167167e+01,5.17782522e+00,-6.72161812e+01,9.40706694e+06,2.28086394e+03,1.18480783e-01,5.58502128e-07,5.99902344e-01,2.81437932e-01
1.68168168e+01,5.16325691e+00,-6.45030020e+01,9.38633944e+06,2.28119835e+03,1.18535905e-01,5.58711613e-07,6.00181440e-01,2.81568867e-01
1.69169169e+01,5.15387243e+00,-6.09136901e+01,9.34710938e+06,2.27685280e+03,1.18481121e-01,5.58402152e-07,5.99904054e-01,2.81438734e-01
1.70170170e+01,5.14440397e+00,-5.70757335e+01,9.34552030e+06,2.27916776e+03,1.18558467e-01,5.58714533e-07,6.00295679e-01,2.81622461e-01
1.71171171e+01,5.13247644e+00,-5.25888232e+01,9.30217431e+06,2.27477379e+03,1.18511294e-01,5.58439267e-07,6.00056829e-01,2.81510407e-01
1.72172172e+01,5.11856598e+00,-4.71657383e+01,9.28240759e+06,2.27509204e+03,1.18564263e-01,5.58635136e-07,6.00325024e-01,2.81636228e-01
1.73173173e+01,5.10683160e+00,-4.19031269e+01,9.23318128e+06,2.26957124e+03,1.18494026e-01,5.58249783e-07,5.99969394e-01,2.81469388e-01
1.74174174e+01,5.09456455e+00,-3.71697947e+01,9.21604160e+06,2.26989894e+03,1.18541736e-01,5.58419458e-07,6.00210966e-01,2.81582719e-01
1.75175175e+01,5.08286930e+00,-3.21069493e+01,9.17496984e+06,2.26579121e+03,1.18499430e-01,5.58164500e-07,5.99996760e-01,2.81482227e-01
1.76176176e+01,5.07258355e+00,-2.77507978e+01,9.15561515e+06,2.26516828e+03,1.18521816e-01,5.58213745e-07,6.00110104e-01,2.81535401e-01
1.77177177e+01,5.06058829e+00,-2.46099477e+01,9.11020772e+06,2.26033623e+03,1.18466259e-01,5.57895538e-07,5.99828803e-01,2.81403431e-01
1.78178178e+01,5.04567389e+00,-2.19421602e+01,9.08461665e+06,2.25986086e+03,1.18507592e-01,5.58033346e-07,6.00038087e-01,2.81501615e-01
1.79179179e+01,5.02828709e+00,-1.73345038e+01,9.04169473e+06,2.25693616e+03,1.18508895e-01,5.57982528e-07,6.00044680e-01,2.81504708e-01
1.80180180e+01,5.01619120e+00,-1.19879271e+01,9.00758958e+06,2.25412013e+03,1.18494420e-01,5.57857382e-07,5.99971390e-01,2.81470325e-01
1.81181181e+01,5.00550566e+00,-6.77473028e+00,8.98952937e+06,2.25381297e+03,1.18525439e-01,5.57946491e-07,6.00128451e-01,2.81544008e-01
1.82182182e+01,4.99241969e+00,-2.83363419e+00,8.94542997e+06,2.24943625e+03,1.18483231e-01,5.57691147e-07,5.99914740e-01,2.81443748e-01
1.83183183e+01,4.97484702e+00,5.07078454e-01,8.91485873e+06,2.24876702e+03,1.18530664e-01,5.57858150e-07,6.00154907e-01,2.81556420e-01
1.84184184e+01,4.95505346e+00,4.79791466e+00,8.87052648e+06,2.24619598e+03,1.18547897e-01,5.57883520e-07,6.00242161e-01,2.81597355e-01
1.85185185e+01,4.93864675e+00,7.78207606e+00,8.82296294e+06,2.24206185e+03,1.18522103e-01,5.57707106e-07,6.00111560e-01,2.81536085e-01
1.86186186e+01,4.92966849e+00,1.13988333e+01,8.80816058e+06,2.24185678e+03,1.18549600e-01,5.57782284e-07,6.00250782e-01,2.81601399e-01
1.87187187e+01,4.92221203e+00,1.35153624e+01,8.76926551e+06,2.23677346e+03,1.18473535e-01,5.57370947e-07,5.99865646e-01,2.81420717e-01
1.88188188e+01,4.91390887e+00,1.54553263e+01,8.76223912e+06,2.23781159e+03,1.18523627e-01,5.57554468e-07,6.00119272e-01,2.81539703e-01
1.89189189e+01,4.90292056e+00,1.98521534e+01,8.73241824e+06,2.23538932e+03,1.18513261e-01,5.57454769e-07,6.00066787e-01,2.81515080e-01
1.90190190e+01,4.89280342e+00,2.62017710e+01,8.71900133e+06,2.23575890e+03,1.18556251e-01,5.57607284e-07,6.00284457e-01,2.81617198e-01
1.91191191e+01,4.87887534e+00,3.39707738e+01,8.66680927e+06,2.22998960e+03,1.18488753e-01,5.57241379e-07,5.99942696e-01,2.81456864e-01
1.92192192e+01,4.86633046e+00,4.00803846e+01,8.64668605e+06,2.22979522e+03,1.18528711e-01,5.57382328e-07,6.00145016e-01,2.81551780e-01
1.93193193e+01,4.85326693e+00,4.35890692e+01,8.60018230e+06,2.22481173e+03,1.18473348e-01,5.57076286e-07,5.99864697e-01,2.81420272e-01
1.94194194e+01,4.84218700e+00,4.64726860e+01,8.58736143e+06,2.22556979e+03,1.18527033e-01,5.57284477e-07,6.00136523e-01,2.81547796e-01
1.95195195e+01,4.82906618e+00,4.87603269e+01,8.54030614e+06,2.22047279e+03,1.18469150e-01,5.56969382e-07,5.99843443e-01,2.81410300e-01
1.96196196e+01,4.81048617e+00,5.24776942e+01,8.51843186e+06,2.22166728e+03,1.18558340e-01,5.57347008e-07,6.00295038e-01,2.81622162e-01
1.97197197e+01,4.78973547e+00,5.81535749e+01,8.45376026e+06,2.21537841e+03,1.18503432e-01,5.57048431e-07,6.00017019e-01,2.81491732e-01
1.98198198e+01,4.77640320e+00,6.38818996e+01,8.42585974e+06,2.21391484e+03,1.18520311e-01,5.57088437e-07,6.00102484e-01,2.81531827e-01
1.99199199e+01,4.76696759e+00,6.89418008e+01,8.39727213e+06,2.21119494e+03,1.18497570e-01,5.56943040e-07,5.99987339e-01,2.81477808e-01
2.00200200e+01,4.75699541e+00,7.25484084e+01,8.38169789e+06,2.21110493e+03,1.18530568e-01,5.57060471e-07,6.00154419e-01,2.81556192e-01
2.01201201e+01,4.74666310e+00,7.39088592e+01,8.33903677e+06,2.20591874e+03,1.18461825e-01,5.56700548e-07,5.99806353e-01,2.81392900e-01
2.02202202e+01,4.74036889e+00,7.44563189e+01,8.32916812e+06,2.20583754e+03,1.18483101e-01,5.56764307e-07,5.99914081e-01,2.81443440e-01
2.03203203e+01,4.73755975e+00,7.78453225e+01,8.33565559e+06,2.20788628e+03,1.18535602e-01,5.56975188e-07,6.00179906e-01,2.81568149e-01
2.04204204e+01,4.73243700e+00,8.16924020e+01,8.31489561e+06,2.20537202e+03,1.18503328e-01,5.56787965e-07,6.00016494e-01,2.81491486e-01
2.05205205e+01,4.71130652e+00,8.75990168e+01,8.27597029e+06,2.20398438e+03,1.18552167e-01,5.56982110e-07,6.00263783e-01,2.81607499e-01
2.06206206e+01,4.67815182e+00,9.67674005e+01,8.19368553e+06,2.19767427e+03,1.18544690e-01,5.56911908e-07,6.00225922e-01,2.81589737e-01
2.07207207e+01,4.66011553e+00,1.02603593e+02,8.11947813e+06,2.18845554e+03,1.18422480e-01,5.56302969e-07,5.99607140e-01,2.81299442e-01
2.08208208e+01,4.65432418e+00,1.06440332e+02,8.12490039e+06,2.19119967e+03,1.18500425e-01,5.56634415e-07,6.00001798e-01,2.81484592e-01
2.09209209e+01,4.64717516e+00,1.08404167e+02,8.09285002e+06,2.18701743e+03,1.18440615e-01,5.56318766e-07,5.99698961e-01,2.81342519e-01
2.10210210e+01,4.63620238e+00,1.09050288e+02,8.08220781e+06,2.18813229e+03,1.18504406e-01,5.56583619e-07,6.00021956e-01,2.81494049e-01
2.11211211e+01,4.62357522e+00,1.10989109e+02,8.05118889e+06,2.18573316e+03,1.18501922e-01,5.56537064e-07,6.00009375e-01,2.81488147e-01
2.12212212e+01,4.61276874e+00,1.13999807e+02,8.02960576e+06,2.18464535e+03,1.18520109e-01,5.56587420e-07,6.00101463e-01,2.81531349e-01
2.13213213e+01,4.59549404e+00,1.20449251e+02,7.98886502e+06,2.18166159e+03,1.18523901e-01,5.56569963e-07,6.00120664e-01,2.81540357e-01
2.14214214e+01,4.58154863e+00,1.26694366e+02,7.94122802e+06,2.17631264e+03,1.18466219e-01,5.56263711e-07,5.99828602e-01,2.81403339e-01
2.15215215e+01,4.57430579e+00,1.33027623e+02,7.92680888e+06,2.17557842e+03,1.18478323e-01,5.56285030e-07,5.99889890e-01,2.81432092e-01
2.16216216e+01,4.56955721e+00,1.38449381e+02,7.91273825e+06,2.17417897e+03,1.18467121e-01,5.56196633e-07,5.99833171e-01,2.81405483e-01
2.17217217e+01,4.56189127e+00,1.41157335e+02,7.88872151e+06,2.17164416e+03,1.18444112e-01,5.56052480e-07,5.99716670e-01,2.81350827e-01
2.18218218e+01,4.55016903e+00,1.43593177e+02,7.87438563e+06,2.17222198e+03,1.18501922e-01,5.56287354e-07,6.00009375e-01,2.81488147e-01
2.19219219e+01,4.53448222e+00,1.47349239e+02,7.83655166e+06,2.16928430e+03,1.18500797e-01,5.56245205e-07,6.00003682e-01,2.81485476e-01
2.20220220e+01,4.52102364e+00,1.51350981e+02,7.81234736e+06,2.16842533e+03,1.18533400e-01,5.56361029e-07,6.00168759e-01,2.81562920e-01
2.21221221e+01,4.50670967e+00,1.55285861e+02,7.77083546e+06,2.16432854e+03,1.18501922e-01,5.56175688e-07,6.00009375e-01,2.81488147e-01
2.22222222e+01,4.48820004e+00,1.59404325e+02,7.74065748e+06,2.16376090e+03,1.18559627e-01,5.56408593e-07,6.00301554e-01,2.81625220e-01
2.23223223e+01,4.46527894e+00,1.65333552e+02,7.68199402e+06,2.15872009e+03,1.18541245e-01,5.56283994e-07,6.00208480e-01,2.81581555e-01
2.24224224e+01,4.44788544e+00,1.70302987e+02,7.63161236e+06,2.15366309e+03,1.18501922e-01,5.56060707e-07,6.00009375e-01,2.81488147e-01
2.25225225e+01,4.44006075e+00,1.75509651e+02,7.62327794e+06,2.15429495e+03,1.18546333e-01,5.56229986e-07,6.00234243e-01,2.81593642e-01
2.26226226e+01,4.44235872e+00,1.79261470e+02,7.61499255e+06,2.15189747e+03,1.18488099e-01,5.55917147e-07,5.99939386e-01,2.81455312e-01
2.27227227e+01,4.44130982e+00,1.79516451e+02,7.61314566e+06,2.15184508e+03,1.18490222e-01,5.55886988e-07,5.99950138e-01,2.81460357e-01
2.28228228e+01,4.43696579e+00,1.80643514e+02,7.60711391e+06,2.15191873e+03,1.18508205e-01,5.55930699e-07,6.00041191e-01,2.81503074e-01
2.29229229e+01,4.42618959e+00,1.82730321e+02,7.58589773e+06,2.15080770e+03,1.18526602e-01,5.55975846e-07,6.00134339e-01,2.81546773e-01
2.30230230e+01,4.39517527e+00,1.91152803e+02,7.53053649e+06,2.14875295e+03,1.18605186e-01,5.56302877e-07,6.00532233e-01,2.81733441e-01
2.31231231e+01,4.36780965e+00,1.98596287e+02,7.44239804e+06,2.13875498e+03,1.18502798e-01,5.55780928e-07,6.00013810e-01,2.81490228e-01
2.32232232e+01,4.35584168e+00,2.02749628e+02,7.40134156e+06,2.13382832e+03,1.18445709e-01,5.55471411e-07,5.99724755e-01,2.81354621e-01
2.33233233e+01,4.35125376e+00,2.07431012e+02,7.40608859e+06,2.13622659e+03,1.18513445e-01,5.55747140e-07,6.00067720e-01,2.81515520e-01
2.34234234e+01,4.34805345e+00,2.12591663e+02,7.40018351e+06,2.13599120e+03,1.18519170e-01,5.55731937e-07,6.00096710e-01,2.81529120e-01
2.35235235e+01,4.34327498e+00,2.16366156e+02,7.38546069e+06,2.13438427e+03,1.18502660e-01,5.55612419e-07,6.00013116e-01,2.81489903e-01
2.36236236e+01,4.33301763e+00,2.17468492e+02,7.33647354e+06,2.12721626e+03,1.18392912e-01,5.55055918e-07,5.99457427e-01,2.81229207e-01
2.37237237e+01,4.31748871e+00,2.18666653e+02,7.32851936e+06,2.13024293e+03,1.18521283e-01,5.55616024e-07,6.00107406e-01,2.81534138e-01
2.38238238e+01,4.29204889e+00,2.25105388e+02,7.27209629e+06,2.12609464e+03,1.18536695e-01,5.55647080e-07,6.00185443e-01,2.81570748e-01
2.39239239e+01,4.26980886e+00,2.31156861e+02,7.22473145e+06,2.12288024e+03,1.18557280e-01,5.55703058e-07,6.00289669e-01,2.81619645e-01
2.40240240e+01,4.25774538e+00,2.35836806e+02,7.18718380e+06,2.11861174e+03,1.18513585e-01,5.55458628e-07,6.00068432e-01,2.81515854e-01
2.41241241e+01,4.25232481e+00,2.37871473e+02,7.16460362e+06,2.11547428e+03,1.18467285e-01,5.55202891e-07,5.99833998e-01,2.81405872e-01
2.42242242e+01,4.25004889e+00,2.40111257e+02,7.16558229e+06,2.11639459e+03,1.18495366e-01,5.55296772e-07,5.99976180e-01,2.81472575e-01
2.43243243e+01,4.25116616e+00,2.43640913e+02,7.17878995e+06,2.11885530e+03,1.18544747e-01,5.55491573e-07,6.00226211e-01,2.81589874e-01
2.44244244e+01,4.24892815e+00,2.47099913e+02,7.17227386e+06,2.11815541e+03,1.18538684e-01,5.55427799e-07,6.00195513e-01,2.81575473e-01
2.45245245e+01,4.23577207e+00,2.52782408e+02,7.14191963e+06,2.11572777e+03,1.18539485e-01,5.55397612e-07,6.00199572e-01,2.81577377e-01
2.46246246e+01,4.21393297e+00,2.60759468e+02,7.08313987e+06,2.10983790e+03,1.18503057e-01,5.55194644e-07,6.00015122e-01,2.81490844e-01
2.47247247e+01,4.19541210e+00,2.66784333e+02,7.03832073e+06,2.10589195e+03,1.18494663e-01,5.55124834e-07,5.99972621e-01,2.81470905e-01
2.48248248e+01,4.17959158e+00,2.70798165e+02,7.00813811e+06,2.10426492e+03,1.18524693e-01,5.55236870e-07,6.00124671e-01,2.81542238e-01
2.49249249e+01,4.16624275e+00,2.73316418e+02,6.96974167e+06,2.10006232e+03,1.18489639e-01,5.55045884e-07,5.99947184e-01,2.81458972e-01
2.50250250e+01,4.15654082e+00,2.74375079e+02,6.94443677e+06,2.09756168e+03,1.18476082e-01,5.54957513e-07,5.99878544e-01,2.81426770e-01
2.51251251e+01,4.15014222e+00,2.76011622e+02,6.92929698e+06,2.09624463e+03,1.18474444e-01,5.54926878e-07,5.99870250e-01,2.81422879e-01
2.52252252e+01,4.14374177e+00,2.78148094e+02,6.92775656e+06,2.09790585e+03,1.18537125e-01,5.55199361e-07,6.00187619e-01,2.81571770e-01
2.53253253e+01,4.12766458e+00,2.85021912e+02,6.89772265e+06,2.09635617e+03,1.18570514e-01,5.55336483e-07,6.00356680e-01,2.81651083e-01
2.54254254e+01,4.11007709e+00,2.92777675e+02,6.83840014e+06,2.08878924e+03,1.18481452e-01,5.54901918e-07,5.99905731e-01,2.81439525e-01
2.55255255e+01,4.10193387e+00,2.99784142e+02,6.82860600e+06,2.08917929e+03,1.18524501e-01,5.55087846e-07,6.00123701e-01,2.81541783e-01
2.56256256e+01,4.09332240e+00,3.04381007e+02,6.79734279e+06,2.08496580e+03,1.18469002e-01,5.54813819e-07,5.99842696e-01,2.81409953e-01
2.57257257e+01,4.08076817e+00,3.07992216e+02,6.77668038e+06,2.08432052e+03,1.18508915e-01,5.54988070e-07,6.00044785e-01,2.81504761e-01
2.58258258e+01,4.06648063e+00,3.12090001e+02,6.73514127e+06,2.07957400e+03,1.18466094e-01,5.54776179e-07,5.99827969e-01,2.81403044e-01
2.59259259e+01,4.05694036e+00,3.16369492e+02,6.72239379e+06,2.07977618e+03,1.18508411e-01,5.54964119e-07,6.00042231e-01,2.81503563e-01
2.60260260e+01,4.04890130e+00,3.20551573e+02,6.70285072e+06,2.07797645e+03,1.18501046e-01,5.54920330e-07,6.00004941e-01,2.81486068e-01
2.61261261e+01,4.03792459e+00,3.23605399e+02,6.68270875e+06,2.07695556e+03,1.18524347e-01,5.55020867e-07,6.00122922e-01,2.81541418e-01
2.62262262e+01,4.02694139e+00,3.25083646e+02,6.65186852e+06,2.07347992e+03,1.18497438e-01,5.54886806e-07,5.99986675e-01,2.81477499e-01
2.63263263e+01,4.01984858e+00,3.25468849e+02,6.63272761e+06,2.07141464e+03,1.18482954e-01,5.54811238e-07,5.99913337e-01,2.81443093e-01
2.64264264e+01,4.01384788e+00,3.27429349e+02,6.62896022e+06,2.07250303e+03,1.18530407e-01,5.55025781e-07,6.00153605e-01,2.81555812e-01
2.65265265e+01,4.00586450e+00,3.31308875e+02,6.60513587e+06,2.06966738e+03,1.18501922e-01,5.54884597e-07,6.00009375e-01,2.81488148e-01
2.66266266e+01,3.98505680e+00,3.39871239e+02,6.57807623e+06,2.07020878e+03,1.18601638e-01,5.55343388e-07,6.00514268e-01,2.81725014e-01
2.67267267e+01,3.96669172e+00,3.48660454e+02,6.51878548e+06,2.06257202e+03,1.18513975e-01,5.54924274e-07,6.00070406e-01,2.81516781e-01
2.68268268e+01,3.95544050e+00,3.55097202e+02,6.49062527e+06,2.05971311e+03,1.18501921e-01,5.54858469e-07,6.00009375e-01,2.81488149e-01
2.69269269e+01,3.94471357e+00,3.61548159e+02,6.47759014e+06,2.06016529e+03,1.18559504e-01,5.55117821e-07,6.00300930e-01,2.81624928e-01
2.70270270e+01,3.93612124e+00,3.67105824e+02,6.45339658e+06,2.05737938e+03,1.18534822e-01,5.54990920e-07,6.00175960e-01,2.81566300e-01
2.71271271e+01,3.92453110e+00,3.69617566e+02,6.42139733e+06,2.05374807e+03,1.18504556e-01,5.54836656e-07,6.00022715e-01,2.81494407e-01
2.72272272e+01,3.91165394e+00,3.70479387e+02,6.38708333e+06,2.04991979e+03,1.18480188e-01,5.54708676e-07,5.99899331e-01,2.81436522e-01
2.73273273e+01,3.89923488e+00,3.71434029e+02,6.36249161e+06,2.04820188e+03,1.18499226e-01,5.54782492e-07,5.99995726e-01,2.81481745e-01
2.74274274e+01,3.88530183e+00,3.74211991e+02,6.34031847e+06,2.04754733e+03,1.18547611e-01,5.54992184e-07,6.00240716e-01,2.81596680e-01
2.75275275e+01,3.87366922e+00,3.78332837e+02,6.31142454e+06,2.04457252e+03,1.18533959e-01,5.54909873e-07,6.00171588e-01,2.81564249e-01
2.76276276e+01,3.86841832e+00,3.81604821e+02,6.29429777e+06,2.04225369e+03,1.18507166e-01,5.54764454e-07,6.00035928e-01,2.81500606e-01
2.77277277e+01,3.86343475e+00,3.83727806e+02,6.28648775e+06,2.04204721e+03,1.18524781e-01,5.54825268e-07,6.00125118e-01,2.81542448e-01
2.78278278e+01,3.85565974e+00,3.87755032e+02,6.27537177e+06,2.04199493e+03,1.18556821e-01,5.54951962e-07,6.00287348e-01,2.81618557e-01
2.79279279e+01,3.84545140e+00,3.94294223e+02,6.25302288e+06,2.04008448e+03,1.18559125e-01,5.54937848e-07,6.00299013e-01,2.81624029e-01
2.80280280e+01,3.83407955e+00,4.01501472e+02,6.22092910e+06,2.03622468e+03,1.18524705e-01,5.54750324e-07,6.00124733e-01,2.81542268e-01
2.81281281e+01,3.81783212e+00,4.08182345e+02,6.18908392e+06,2.03402535e+03,1.18547836e-01,5.54830717e-07,6.00241851e-01,2.81597213e-01
2.82282282e+01,3.80127979e+00,4.13254225e+02,6.14696129e+06,2.02945165e+03,1.18520201e-01,5.54672194e-07,6.00101929e-01,2.81531570e-01
2.83283283e+01,3.78968693e+00,4.17114104e+02,6.11946250e+06,2.02668574e+03,1.18512450e-01,5.54605516e-07,6.00062686e-01,2.81513159e-01
2.84284284e+01,3.77993715e+00,4.21117998e+02,6.10119368e+06,2.02553075e+03,1.18530970e-01,5.54660659e-07,6.00156456e-01,2.81557150e-01
2.85285285e+01,3.77142662e+00,4.25267453e+02,6.08357921e+06,2.02412840e+03,1.18537535e-01,5.54658858e-07,6.00189699e-01,2.81572746e-01
2.86286286e+01,3.76508143e+00,4.28371929e+02,6.06949492e+06,2.02284000e+03,1.18537863e-01,5.54627004e-07,6.00191355e-01,2.81573523e-01
2.87287287e+01,3.75876315e+00,4.29763007e+02,6.05071913e+06,2.02039461e+03,1.18513078e-01,5.54476937e-07,6.00065865e-01,2.81514651e-01
2.88288288e+01,3.75072807e+00,4.31170193e+02,6.03989087e+06,2.02043611e+03,1.18551987e-01,5.54624306e-07,6.00262873e-01,2.81607075e-01
2.89289289e+01,3.73404829e+00,4.36808069e+02,6.00003581e+06,2.01632828e+03,1.18536778e-01,5.54518121e-07,6.00185862e-01,2.81570946e-01
2.90290290e+01,3.72080544e+00,4.43223385e+02,5.96455251e+06,2.01212964e+03,1.18501921e-01,5.54319932e-07,6.00009375e-01,2.81488149e-01
2.91291291e+01,3.70994753e+00,4.46452296e+02,5.94546750e+06,2.01112034e+03,1.18527911e-01,5.54406384e-07,6.00140966e-01,2.81549884e-01
2.92292292e+01,3.69943122e+00,4.49822809e+02,5.92250181e+06,2.00904700e+03,1.18527901e-01,5.54371357e-07,6.00140917e-01,2.81549861e-01
2.93293293e+01,3.68770194e+00,4.54753649e+02,5.90841370e+06,2.00953660e+03,1.18593152e-01,5.54641870e-07,6.00471299e-01,2.81704856e-01
2.94294294e+01,3.67458174e+00,4.62092068e+02,5.87143756e+06,2.00482066e+03,1.18549971e-01,5.54405754e-07,6.00252662e-01,2.81602285e-01
2.95295295e+01,3.66806794e+00,4.67177745e+02,5.85754748e+06,2.00356791e+03,1.18553622e-01,5.54389320e-07,6.00271150e-01,2.81610958e-01
2.96296296e+01,3.66238870e+00,4.69375562e+02,5.85452724e+06,2.00473814e+03,1.18606964e-01,5.54605935e-07,6.00541235e-01,2.81737666e-01
2.97297297e+01,3.65825992e+00,4.70835896e+02,5.83308442e+06,2.00083390e+03,1.18536776e-01,5.54245822e-07,6.00185856e-01,2.81570944e-01
2.98298298e+01,3.65473850e+00,4.70457462e+02,5.82064755e+06,1.99895933e+03,1.18509040e-01,5.54085178e-07,6.00045421e-01,2.81505060e-01
2.99299299e+01,3.64489887e+00,4.72806233e+02,5.79779219e+06,1.99660528e+03,1.18501921e-01,5.54022009e-07,6.00009375e-01,2.81488149e-01
3.00300300e+01,3.61372116e+00,4.85472722e+02,5.74276759e+06,1.99342443e+03,1.18578860e-01,5.54353091e-07,6.00398938e-01,2.81670909e-01
3.01301301e+01,3.59268872e+00,4.96308619e+02,5.68253835e+06,1.98540569e+03,1.18498805e-01,5.53951724e-07,5.99993594e-01,2.81480746e-01
3.02302302e+01,3.58320386e+00,5.01997888e+02,5.65996369e+06,1.98292926e+03,1.18488268e-01,5.53876800e-07,5.99940246e-01,2.81455718e-01
3.03303303e+01,3.58053388e+00,5.05890825e+02,5.66032171e+06,1.98393868e+03,1.18523790e-01,5.54018578e-07,6.00120102e-01,2.81540096e-01
3.04304304e+01,3.58034331e+00,5.06804224e+02,5.64253010e+06,1.97946864e+03,1.18424356e-01,5.53530949e-07,5.99616641e-01,2.81303903e-01
3.05305305e+01,3.58490852e+00,5.03917134e+02,5.65996297e+06,1.98233577e+03,1.18467368e-01,5.53710563e-07,5.99834424e-01,2.81406073e-01
3.06306306e+01,3.58298028e+00,5.01601472e+02,5.65091386e+06,1.98073254e+03,1.18437404e-01,5.53550533e-07,5.99682703e-01,2.81334895e-01
3.07307307e+01,3.57541225e+00,5.02338435e+02,5.65845379e+06,1.98518764e+03,1.18579751e-01,5.54197321e-07,6.00403447e-01,2.81673024e-01
3.08308308e+01,3.54616489e+00,5.14512047e+02,5.59189986e+06,1.97828761e+03,1.18563626e-01,5.54105002e-07,6.00321805e-01,2.81634723e-01
3.09309309e+01,3.52016479e+00,5.27046819e+02,5.52772799e+06,1.97081526e+03,1.18516331e-01,5.53868602e-07,6.00082336e-01,2.81522378e-01
3.10310310e+01,3.50692704e+00,5.35841436e+02,5.49873509e+06,1.96792560e+03,1.18513504e-01,5.53841522e-07,6.00068020e-01,2.81515663e-01
3.11311311e+01,3.49681805e+00,5.38980014e+02,5.46712369e+06,1.96323717e+03,1.18455040e-01,5.53555817e-07,5.99772001e-01,2.81376788e-01
3.12312312e+01,3.48822756e+00,5.40363047e+02,5.45259404e+06,1.96244213e+03,1.18479153e-01,5.53657314e-07,5.99894094e-01,2.81434067e-01
3.13313313e+01,3.47873116e+00,5.42380684e+02,5.43973369e+06,1.96244581e+03,1.18522157e-01,5.53848303e-07,6.00111832e-01,2.81536216e-01
3.14314314e+01,3.47001316e+00,5.44343346e+02,5.41781948e+06,1.95984763e+03,1.18498144e-01,5.53727278e-07,5.99990248e-01,2.81479177e-01
3.15315315e+01,3.46413666e+00,5.45345461e+02,5.40543318e+06,1.95866270e+03,1.18499435e-01,5.53725538e-07,5.99996785e-01,2.81482243e-01
3.16316316e+01,3.46042006e+00,5.47334417e+02,5.39368083e+06,1.95685715e+03,1.18478009e-01,5.53618581e-07,5.99888299e-01,2.81431348e-01
3.17317317e+01,3.46195555e+00,5.49780001e+02,5.40957416e+06,1.96042173e+03,1.18558455e-01,5.53988452e-07,6.00295619e-01,2.81622438e-01
3.18318318e+01,3.45902342e+00,5.54314304e+02,5.40388723e+06,1.95993208e+03,1.18563825e-01,5.54008186e-07,6.00322809e-01,2.81635194e-01
3.19319319e+01,3.44059498e+00,5.64031169e+02,5.36409041e+06,1.95596666e+03,1.18560913e-01,5.53989775e-07,6.00308069e-01,2.81628279e-01
3.20320320e+01,3.41521172e+00,5.75483362e+02,5.29508935e+06,1.94664085e+03,1.18470515e-01,5.53562996e-07,5.99850353e-01,2.81413546e-01
3.21321321e+01,3.39850846e+00,5.80920572e+02,5.26259610e+06,1.94390159e+03,1.18488951e-01,5.53645027e-07,5.99943702e-01,2.81457340e-01
3.22322322e+01,3.38989464e+00,5.83847950e+02,5.23548306e+06,1.93967442e+03,1.18435573e-01,5.53391598e-07,5.99673435e-01,2.81330547e-01
3.23323323e+01,3.38774933e+00,5.84895540e+02,5.23306888e+06,1.93977166e+03,1.18449988e-01,5.53454858e-07,5.99746420e-01,2.81364787e-01
3.24324324e+01,3.38670355e+00,5.85548112e+02,5.23093625e+06,1.93956667e+03,1.18450794e-01,5.53454292e-07,5.99750505e-01,2.81366704e-01
3.25325325e+01,3.38206495e+00,5.86919731e+02,5.22634911e+06,1.93997858e+03,1.18484076e-01,5.53605045e-07,5.99919018e-01,2.81445760e-01
3.26326326e+01,3.36417917e+00,5.94101410e+02,5.19073906e+06,1.93672686e+03,1.18501037e-01,5.53678967e-07,6.00004896e-01,2.81486048e-01
3.27327327e+01,3.34757969e+00,6.01654585e+02,5.14771157e+06,1.93099401e+03,1.18452110e-01,5.53444324e-07,5.99757164e-01,2.81369828e-01
3.28328328e+01,3.33971547e+00,6.06820478e+02,5.13312676e+06,1.92988964e+03,1.18462390e-01,5.53485437e-07,5.99809218e-01,2.81394248e-01
3.29329329e+01,3.33822076e+00,6.10821528e+02,5.12906138e+06,1.92934487e+03,1.18455007e-01,5.53442981e-07,5.99771837e-01,2.81376711e-01
3.30330330e+01,3.33697604e+00,6.11156795e+02,5.12846430e+06,1.92964170e+03,1.18467171e-01,5.53490630e-07,5.99833426e-01,2.81405605e-01
3.31331331e+01,3.32610379e+00,6.14378429e+02,5.10203208e+06,1.92632851e+03,1.18445205e-01,5.53377463e-07,5.99722202e-01,2.81353425e-01
3.32332332e+01,3.30310150e+00,6.21141097e+02,5.05915077e+06,1.92284612e+03,1.18481793e-01,5.53536426e-07,5.99907462e-01,2.81440338e-01
3.33333333e+01,3.28478056e+00,6.26638041e+02,5.01330288e+06,1.91681988e+03,1.18434089e-01,5.53300070e-07,5.99665918e-01,2.81327021e-01
3.34334334e+01,3.27750040e+00,6.28236321e+02,4.99312670e+06,1.91386411e+03,1.18402039e-01,5.53135235e-07,5.99503642e-01,2.81250890e-01
3.35335335e+01,3.27424266e+00,6.29566576e+02,4.98857658e+06,1.91375370e+03,1.18418671e-01,5.53196094e-07,5.99587856e-01,2.81290399e-01
3.36336336e+01,3.27241376e+00,6.32109199e+02,4.98731729e+06,1.91404027e+03,1.18437209e-01,5.53264041e-07,5.99681718e-01,2.81334433e-01
3.37337337e+01,3.27292376e+00,6.34358368e+02,4.98977703e+06,1.91447704e+03,1.18450128e-01,5.53303872e-07,5.99747132e-01,2.81365121e-01
3.38338338e+01,3.27017032e+00,6.36099693e+02,4.98713263e+06,1.91472497e+03,1.18471692e-01,5.53382162e-07,5.99856317e-01,2.81416345e-01
3.39339339e+01,3.25729210e+00,6.41633271e+02,4.97048007e+06,1.91474314e+03,1.18541810e-01,5.53685342e-07,6.00211344e-01,2.81582902e-01
3.40340340e+01,3.22821864e+00,6.54615833e+02,4.90271282e+06,1.90634650e+03,1.18498300e-01,5.53456030e-07,5.99991037e-01,2.81479547e-01
3.41341341e+01,3.20839380e+00,6.65687151e+02,4.85867883e+06,1.90120793e+03,1.18478993e-01,5.53338216e-07,5.99893280e-01,2.81433685e-01
3.42342342e+01,3.19832905e+00,6.70415387e+02,4.83450747e+06,1.89807766e+03,1.18455591e-01,5.53199676e-07,5.99774789e-01,2.81378097e-01
3.43343343e+01,3.19151896e+00,6.72431889e+02,4.81811594e+06,1.89591252e+03,1.18440973e-01,5.53100597e-07,5.99700779e-01,2.81343375e-01
3.44344344e+01,3.18604319e+00,6.73359302e+02,4.80506681e+06,1.89417159e+03,1.18431955e-01,5.53026206e-07,5.99655116e-01,2.81321953e-01
3.45345345e+01,3.18031410e+00,6.74372135e+02,4.79562345e+06,1.89357111e+03,1.18449679e-01,5.53075363e-07,5.99744857e-01,2.81364054e-01
3.46346346e+01,3.17397121e+00,6.76546308e+02,4.78385967e+06,1.89254939e+03,1.18459166e-01,5.53084895e-07,5.99792895e-01,2.81386591e-01
3.47347347e+01,3.16886853e+00,6.80092843e+02,4.77674500e+06,1.89239001e+03,1.18483434e-01,5.53162458e-07,5.99915770e-01,2.81444236e-01
3.48348348e+01,3.16306849e+00,6.84529268e+02,4.76389149e+06,1.89082225e+03,1.18479444e-01,5.53107315e-07,5.99895565e-01,2.81434758e-01
3.49349349e+01,3.14960071e+00,6.90066906e+02,4.73793321e+06,1.88833448e+03,1.18493617e-01,5.53136420e-07,5.99967330e-01,2.81468425e-01
3.50350350e+01,3.12779503e+00,6.97619940e+02,4.69308388e+06,1.88342898e+03,1.18498056e-01,5.53119873e-07,5.99989806e-01,2.81478970e-01
3.51351351e+01,3.11116091e+00,7.02322103e+02,4.65581184e+06,1.87882237e+03,1.18475260e-01,5.52976281e-07,5.99874381e-01,2.81424820e-01
3.52352352e+01,3.10365880e+00,7.04409772e+02,4.63819813e+06,1.87645922e+03,1.18461340e-01,5.52874356e-07,5.99803898e-01,2.81391753e-01
3.53353353e+01,3.10059386e+00,7.05989940e+02,4.63169136e+06,1.87570661e+03,1.18459602e-01,5.52829727e-07,5.99795098e-01,2.81387625e-01
3.54354354e+01,3.10031400e+00,7.07533736e+02,4.63564383e+06,1.87689710e+03,1.18496183e-01,5.52964555e-07,5.99980323e-01,2.81474521e-01
3.55355355e+01,3.09781993e+00,7.10413094e+02,4.63338165e+06,1.87712576e+03,1.18519274e-01,5.53037278e-07,6.00097236e-01,2.81529370e-01
3.56356356e+01,3.08732779e+00,7.16688191e+02,4.61462737e+06,1.87558495e+03,1.18538002e-01,5.53090805e-07,6.00192062e-01,2.81573856e-01
3.57357357e+01,3.06878803e+00,7.26523787e+02,4.57163926e+06,1.86991739e+03,1.18501293e-01,5.52887201e-07,6.00006195e-01,2.81486659e-01
3.58358358e+01,3.05567855e+00,7.33268470e+02,4.54073801e+06,1.86573405e+03,1.18470299e-01,5.52712068e-07,5.99849265e-01,2.81413037e-01
3.59359359e+01,3.04823350e+00,7.37552400e+02,4.52570169e+06,1.86408352e+03,1.18471196e-01,5.52687661e-07,5.99853804e-01,2.81415166e-01
3.60360360e+01,3.04129436e+00,7.41298170e+02,4.51256778e+06,1.86277910e+03,1.18479816e-01,5.52701414e-07,5.99897450e-01,2.81435642e-01
3.61361361e+01,3.03276932e+00,7.45852999e+02,4.49339184e+06,1.86025683e+03,1.18468381e-01,5.52623953e-07,5.99839550e-01,2.81408479e-01
3.62362362e+01,3.02524675e+00,7.49794518e+02,4.47863806e+06,1.85865860e+03,1.18474800e-01,5.52632320e-07,5.99872053e-01,2.81423728e-01
3.63363363e+01,3.01895409e+00,7.52715302e+02,4.46462745e+06,1.85680573e+03,1.18468447e-01,5.52583816e-07,5.99839884e-01,2.81408636e-01
3.64364364e+01,3.01233713e+00,7.54359173e+02,4.45018106e+06,1.85496804e+03,1.18461743e-01,5.52536538e-07,5.99805943e-01,2.81392713e-01
3.65365365e+01,3.00164259e+00,7.57538750e+02,4.42966306e+06,1.85282217e+03,1.18472737e-01,5.52574824e-07,5.99861607e-01,2.81418827e-01
3.66366366e+01,2.98577422e+00,7.63000752e+02,4.40038188e+06,1.85001408e+03,1.18494670e-01,5.52667283e-07,5.99972661e-01,2.81470927e-01
3.67367367e+01,2.97235784e+00,7.68387418e+02,4.37183621e+06,1.84656656e+03,1.18478151e-01,5.52583638e-07,5.99889020e-01,2.81431688e-01
3.68368368e+01,2.96629953e+00,7.72136898e+02,4.35580238e+06,1.84401321e+03,1.18448505e-01,5.52442056e-07,5.99738913e-01,2.81361267e-01
3.69369369e+01,2.96407995e+00,7.75262313e+02,4.35762484e+06,1.84543741e+03,1.18495280e-01,5.52660233e-07,5.99975748e-01,2.81472375e-01
3.70370370e+01,2.96059108e+00,7.79914717e+02,4.35142720e+06,1.84490351e+03,1.18500473e-01,5.52687856e-07,6.00002045e-01,2.81484712e-01
3.71371371e+01,2.95336713e+00,7.86432294e+02,4.33332552e+06,1.84211185e+03,1.18475439e-01,5.52577894e-07,5.99875289e-01,2.81425246e-01
3.72372372e+01,2.94333974e+00,7.92010809e+02,4.30953426e+06,1.83865617e+03,1.18448582e-01,5.52462808e-07,5.99739303e-01,2.81361449e-01
3.73373373e+01,2.93287452e+00,7.94614663e+02,4.28593964e+06,1.83540514e+03,1.18429820e-01,5.52388827e-07,5.99644307e-01,2.81316883e-01
3.74374374e+01,2.92093639e+00,7.96884431e+02,4.26518489e+06,1.83357293e+03,1.18456261e-01,5.52528982e-07,5.99778185e-01,2.81379690e-01
3.75375375e+01,2.90809087e+00,8.00596521e+02,4.23791639e+06,1.83001842e+03,1.18448454e-01,5.52512580e-07,5.99738655e-01,2.81361145e-01
3.76376376e+01,2.89973370e+00,8.03514772e+02,4.22025899e+06,1.82776754e+03,1.18440565e-01,5.52498887e-07,5.99698712e-01,2.81342407e-01
3.77377377e+01,2.89446907e+00,8.06302981e+02,4.21149113e+06,1.82706144e+03,1.18455239e-01,5.52593441e-07,5.99773008e-01,2.81377262e-01
3.78378378e+01,2.89060908e+00,8.09254561e+02,4.20580820e+06,1.82678947e+03,1.18470998e-01,5.52695962e-07,5.99852801e-01,2.81414695e-01
3.79379379e+01,2.88420096e+00,8.12828836e+02,4.19399861e+06,1.82561638e+03,1.18476902e-01,5.52755279e-07,5.99882694e-01,2.81428719e-01
3.80380380e+01,2.87019541e+00,8.19523111e+02,4.16484233e+06,1.82191797e+03,1.18467364e-01,5.52745092e-07,5.99834403e-01,2.81406064e-01
3.81381381e+01,2.85724407e+00,8.25428682e+02,4.13579952e+06,1.81778825e+03,1.18442971e-01,5.52667855e-07,5.99710893e-01,2.81348121e-01
3.82382382e+01,2.84785128e+00,8.29510435e+02,4.11844737e+06,1.81594510e+03,1.18455150e-01,5.52763394e-07,5.99772558e-01,2.81377050e-01
3.83383383e+01,2.83648138e+00,8.34990065e+02,4.09681121e+06,1.81349490e+03,1.18465017e-01,5.52850044e-07,5.99822519e-01,2.81400489e-01
3.84384384e+01,2.82591869e+00,8.40696836e+02,4.07641041e+06,1.81113040e+03,1.18470157e-01,5.52916276e-07,5.99848545e-01,2.81412699e-01
3.85385385e+01,2.81803740e+00,8.45873507e+02,4.06046008e+06,1.80911123e+03,1.18468713e-01,5.52953195e-07,5.99841230e-01,2.81409267e-01
3.86386386e+01,2.81194760e+00,8.49963487e+02,4.04789128e+06,1.80746500e+03,1.18465575e-01,5.52983411e-07,5.99825342e-01,2.81401813e-01
3.87387387e+01,2.80610922e+00,8.53107809e+02,4.03674519e+06,1.80617138e+03,1.18469964e-01,5.53049723e-07,5.99847565e-01,2.81412239e-01
3.88388388e+01,2.79850949e+00,8.57074995e+02,4.02382863e+06,1.80500210e+03,1.18488288e-01,5.53181755e-07,5.99940348e-01,2.81455767e-01
3.89389389e+01,2.78768853e+00,8.62918217e+02,4.00091227e+06,1.80186320e+03,1.18476826e-01,5.53175021e-07,5.99882310e-01,2.81428539e-01
3.90390390e+01,2.77885594e+00,8.67965306e+02,3.98413588e+06,1.79991866e+03,1.18482900e-01,5.53250141e-07,5.99913065e-01,2.81442967e-01
3.91391391e+01,2.77116886e+00,8.72159449e+02,3.96922974e+06,1.79812831e+03,1.18484902e-01,5.53305954e-07,5.99923200e-01,2.81447722e-01
3.92392392e+01,2.76380827e+00,8.75931180e+02,3.95427180e+06,1.79616960e+03,1.18481818e-01,5.53337399e-07,5.99907588e-01,2.81440398e-01
3.93393393e+01,2.75682323e+00,8.79460353e+02,3.94181453e+06,1.79486795e+03,1.18493686e-01,5.53437711e-07,5.99967679e-01,2.81468589e-01
3.94394394e+01,2.74919688e+00,8.83594236e+02,3.92793942e+06,1.79335122e+03,1.18504279e-01,5.53530748e-07,6.00021312e-01,2.81493750e-01
3.95395395e+01,2.74129830e+00,8.88267113e+02,3.91257527e+06,1.79144494e+03,1.18506833e-01,5.53584538e-07,6.00034242e-01,2.81499816e-01
3.96396396e+01,2.73355694e+00,8.92730564e+02,3.89788738e+06,1.78970104e+03,1.18511670e-01,5.53646926e-07,6.00058736e-01,2.81511307e-01
3.97397397e+01,2.72524738e+00,8.96560176e+02,3.88144869e+06,1.78760525e+03,1.18510477e-01,5.53678689e-07,6.00052693e-01,2.81508472e-01
3.98398398e+01,2.71618804e+00,9.00184238e+02,3.86385372e+06,1.78538387e+03,1.18514007e-01,5.53729668e-07,6.00070570e-01,2.81516859e-01
3.99399399e+01,2.70625012e+00,9.04230638e+02,3.84436744e+06,1.78285907e+03,1.18516929e-01,5.53774523e-07,6.00085361e-01,2.81523798e-01
4.00400400e+01,2.69629151e+00,9.08582957e+02,3.82583278e+06,1.78067009e+03,1.18526681e-01,5.53847604e-07,6.00134738e-01,2.81546963e-01
4.01401401e+01,2.68682651e+00,9.12952691e+02,3.80811935e+06,1.77855335e+03,1.18534419e-01,5.53907173e-07,6.00173920e-01,2.81565344e-01
4.02402402e+01,2.67713608e+00,9.16609755e+02,3.78865659e+06,1.77595513e+03,1.18528627e-01,5.53898999e-07,6.00144593e-01,2.81551586e-01
4.03403403e+01,2.66759007e+00,9.19578219e+02,3.76890967e+06,1.77314502e+03,1.18520323e-01,5.53874129e-07,6.00102547e-01,2.81531860e-01
4.04404404e+01,2.65740600e+00,9.22350115e+02,3.74888365e+06,1.77050002e+03,1.18519159e-01,5.53877227e-07,6.00096656e-01,2.81529097e-01
4.05405405e+01,2.64721072e+00,9.25803244e+02,3.73086033e+06,1.76857970e+03,1.18532184e-01,5.53940781e-07,6.00162605e-01,2.81560036e-01
4.06406406e+01,2.63764737e+00,9.30016858e+02,3.71401026e+06,1.76682262e+03,1.18542440e-01,5.53985090e-07,6.00214531e-01,2.81584396e-01
4.07407407e+01,2.62995590e+00,9.35065148e+02,3.70019902e+06,1.76528764e+03,1.18550006e-01,5.54010071e-07,6.00252844e-01,2.81602370e-01
4.08408408e+01,2.62424770e+00,9.40899573e+02,3.68944880e+06,1.76393125e+03,1.18553793e-01,5.54010144e-07,6.00272017e-01,2.81611365e-01
4.09409409e+01,2.62005981e+00,9.47248479e+02,3.68198210e+06,1.76305152e+03,1.18562107e-01,5.54023624e-07,6.00314114e-01,2.81631115e-01
4.10410410e+01,2.61605756e+00,9.53409357e+02,3.67478210e+06,1.76221557e+03,1.18567513e-01,5.54015215e-07,6.00341483e-01,2.81643955e-01
4.11411411e+01,2.61063232e+00,9.58635877e+02,3.66464976e+06,1.76100651e+03,1.18567660e-01,5.53973368e-07,6.00342226e-01,2.81644304e-01
4.12412412e+01,2.60341487e+00,9.62613545e+02,3.64957166e+06,1.75877891e+03,1.18557139e-01,5.53872253e-07,6.00288958e-01,2.81619313e-01
4.13413413e+01,2.59521813e+00,9.65547936e+02,3.63202801e+06,1.75601143e+03,1.18546417e-01,5.53760228e-07,6.00234668e-01,2.81593844e-01
4.14414414e+01,2.58639653e+00,9.67770788e+02,3.61277021e+06,1.75291287e+03,1.18529198e-01,5.53607341e-07,6.00147484e-01,2.81552943e-01
4.15415415e+01,2.57722608e+00,9.69693056e+02,3.59530814e+06,1.75066266e+03,1.18528170e-01,5.53518994e-07,6.00142278e-01,2.81550500e-01
4.16416416e+01,2.56948570e+00,9.72472479e+02,3.58221873e+06,1.74936179e+03,1.18540487e-01,5.53481315e-07,6.00204642e-01,2.81579758e-01
4.17417417e+01,2.56315304e+00,9.75753701e+02,3.57108856e+06,1.74816300e+03,1.18545372e-01,5.53396645e-07,6.00229379e-01,2.81591363e-01
4.18418418e+01,2.55923400e+00,9.79457692e+02,3.56406689e+06,1.74736176e+03,1.18547792e-01,5.53287501e-07,6.00241630e-01,2.81597110e-01
4.19419419e+01,2.55770111e+00,9.83322418e+02,3.56224124e+06,1.74733607e+03,1.18559822e-01,5.53209487e-07,6.00302543e-01,2.81625687e-01
4.20420420e+01,2.55623696e+00,9.86594024e+02,3.55907311e+06,1.74685246e+03,1.18555040e-01,5.53038456e-07,6.00278329e-01,2.81614328e-01
4.21421421e+01,2.55328644e+00,9.88844631e+02,3.55148057e+06,1.74543429e+03,1.18535066e-01,5.52781253e-07,6.00177196e-01,2.81566883e-01
4.22422422e+01,2.55021984e+00,9.89714848e+02,3.54305886e+06,1.74370077e+03,1.18513884e-01,5.52502438e-07,6.00069948e-01,2.81516568e-01
4.23423423e+01,2.54654265e+00,9.89684580e+02,3.53310289e+06,1.74168959e+03,1.18488178e-01,5.52185800e-07,5.99939791e-01,2.81455507e-01
4.24424424e+01,2.54083012e+00,9.89879179e+02,3.52214117e+06,1.74018441e+03,1.18488527e-01,5.51973184e-07,5.99941559e-01,2.81456336e-01
4.25425425e+01,2.53545109e+00,9.91830296e+02,3.51302643e+06,1.73920851e+03,1.18499079e-01,5.51790154e-07,5.99994983e-01,2.81481400e-01
4.26426426e+01,2.53170954e+00,9.94223233e+02,3.50732161e+06,1.73875961e+03,1.18512079e-01,5.51599700e-07,6.00060807e-01,2.81512281e-01
4.27427427e+01,2.52889538e+00,9.97753905e+02,3.50212134e+06,1.73811725e+03,1.18511830e-01,5.51327957e-07,6.00059546e-01,2.81511690e-01
4.28428428e+01,2.52586120e+00,1.00222148e+03,3.49472608e+06,1.73674163e+03,1.18497418e-01,5.50970028e-07,5.99986576e-01,2.81477457e-01
4.29429429e+01,2.52118662e+00,1.00645701e+03,3.48438848e+06,1.73505532e+03,1.18480995e-01,5.50581725e-07,5.99903423e-01,2.81438447e-01
4.30430430e+01,2.51485876e+00,1.00963844e+03,3.47090746e+06,1.73289330e+03,1.18467182e-01,5.50183834e-07,5.99833481e-01,2.81405635e-01
4.31431431e+01,2.50667125e+00,1.01280030e+03,3.45302064e+06,1.72980306e+03,1.18452867e-01,5.49761596e-07,5.99761003e-01,2.81371633e-01
4.32432432e+01,2.49720030e+00,1.01550459e+03,3.43256256e+06,1.72632607e+03,1.18435718e-01,5.49303817e-07,5.99674170e-01,2.81330897e-01
4.33433433e+01,2.48692003e+00,1.01806729e+03,3.41338711e+06,1.72371320e+03,1.18440208e-01,5.48923597e-07,5.99696908e-01,2.81341564e-01
4.34434434e+01,2.47760587e+00,1.02177489e+03,3.39743722e+06,1.72185377e+03,1.18457727e-01,5.48580648e-07,5.99785612e-01,2.81383179e-01
4.35435435e+01,2.46900818e+00,1.02601217e+03,3.38203379e+06,1.71985194e+03,1.18469020e-01,5.48185246e-07,5.99842790e-01,2.81410004e-01
4.36436436e+01,2.46126024e+00,1.03062038e+03,3.36774725e+06,1.71786057e+03,1.18477119e-01,5.47751091e-07,5.99883800e-01,2.81429244e-01
4.37437437e+01,2.45327502e+00,1.03515139e+03,3.35207488e+06,1.71548793e+03,1.18473237e-01,5.47237216e-07,5.99864141e-01,2.81420022e-01
4.38438438e+01,2.44446754e+00,1.03921405e+03,3.33483114e+06,1.71293160e+03,1.18464983e-01,5.46678651e-07,5.99822349e-01,2.81400416e-01
4.39439439e+01,2.43546657e+00,1.04316612e+03,3.31803181e+06,1.71063004e+03,1.18462999e-01,5.46124592e-07,5.99812304e-01,2.81395704e-01
4.40440440e+01,2.42687853e+00,1.04749739e+03,3.30294848e+06,1.70880529e+03,1.18468155e-01,5.45579081e-07,5.99838410e-01,2.81407953e-01
4.41441441e+01,2.41959068e+00,1.05260573e+03,3.29047310e+06,1.70735484e+03,1.18476740e-01,5.45025088e-07,5.99881879e-01,2.81428346e-01
4.42442442e+01,2.41408256e+00,1.05864173e+03,3.28065551e+06,1.70607065e+03,1.18481881e-01,5.44431041e-07,5.99907910e-01,2.81440559e-01
4.43443443e+01,2.41013219e+00,1.06536714e+03,3.27333637e+06,1.70500135e+03,1.18485577e-01,5.43806152e-07,5.99926626e-01,2.81449340e-01
4.44444444e+01,2.40656314e+00,1.07215396e+03,3.26615289e+06,1.70382529e+03,1.18482615e-01,5.43126529e-07,5.99911631e-01,2.81442306e-01
4.45445445e+01,2.40184102e+00,1.07831774e+03,3.25716071e+06,1.70253528e+03,1.18478420e-01,5.42417323e-07,5.99890386e-01,2.81432340e-01
4.46446446e+01,2.39607909e+00,1.08378721e+03,3.24657722e+06,1.70108343e+03,1.18478465e-01,5.41704430e-07,5.99890615e-01,2.81432448e-01
4.47447447e+01,2.38933449e+00,1.08854070e+03,3.23376278e+06,1.69919400e+03,1.18475536e-01,5.40955922e-07,5.99875786e-01,2.81425492e-01
4.48448448e+01,2.38170798e+00,1.09248128e+03,3.21827858e+06,1.69663917e+03,1.18463913e-01,5.40147076e-07,5.99816939e-01,2.81397885e-01
4.49449449e+01,2.37367331e+00,1.09583251e+03,3.20164430e+06,1.69375619e+03,1.18451804e-01,5.39317049e-07,5.99755626e-01,2.81369122e-01
4.50450450e+01,2.36479416e+00,1.09866604e+03,3.18384825e+06,1.69079703e+03,1.18442613e-01,5.38482974e-07,5.99709090e-01,2.81347291e-01
4.51451451e+01,2.35486898e+00,1.10096456e+03,3.16509125e+06,1.68793625e+03,1.18441497e-01,5.37670012e-07,5.99703438e-01,2.81344640e-01
4.52452452e+01,2.34419432e+00,1.10263630e+03,3.14380736e+06,1.68440947e+03,1.18428188e-01,5.36788147e-07,5.99636051e-01,2.81313027e-01
4.53453453e+01,2.33380530e+00,1.10411645e+03,3.12403578e+06,1.68132332e+03,1.18424233e-01,5.35937385e-07,5.99616030e-01,2.81303636e-01
4.54454454e+01,2.32560342e+00,1.10683809e+03,3.11077124e+06,1.67979480e+03,1.18444971e-01,5.35189158e-07,5.99721032e-01,2.81352897e-01
4.55455455e+01,2.31876449e+00,1.11030804e+03,3.10013865e+06,1.67871609e+03,1.18464347e-01,5.34426850e-07,5.99819136e-01,2.81398923e-01
4.56456456e+01,2.31312989e+00,1.11432793e+03,3.09120247e+06,1.67776338e+03,1.18477849e-01,5.33631815e-07,5.99887502e-01,2.81430997e-01
4.57457457e+01,2.30896173e+00,1.11891476e+03,3.08387879e+06,1.67674444e+03,1.18482479e-01,5.32792646e-07,5.99910944e-01,2.81441995e-01
4.58458458e+01,2.30590675e+00,1.12371691e+03,3.07824461e+06,1.67585773e+03,1.18485356e-01,5.31943463e-07,5.99925515e-01,2.81448832e-01
4.59459459e+01,2.30283714e+00,1.12812973e+03,3.07248252e+06,1.67496437e+03,1.18484369e-01,5.31076807e-07,5.99920518e-01,2.81446489e-01
4.60460460e+01,2.29935729e+00,1.13192972e+03,3.06616205e+06,1.67404317e+03,1.18484743e-01,5.30218580e-07,5.99922410e-01,2.81447377e-01
4.61461461e+01,2.29543745e+00,1.13529725e+03,3.05876845e+06,1.67285892e+03,1.18484697e-01,5.29363722e-07,5.99922179e-01,2.81447270e-01
4.62462462e+01,2.29097230e+00,1.13837885e+03,3.05021187e+06,1.67144086e+03,1.18483969e-01,5.28514153e-07,5.99918492e-01,2.81445541e-01
4.63463463e+01,2.28604663e+00,1.14115467e+03,3.04059321e+06,1.66981374e+03,1.18480163e-01,5.27662296e-07,5.99899223e-01,2.81436502e-01
4.64464464e+01,2.28102759e+00,1.14363867e+03,3.03084913e+06,1.66817545e+03,1.18476575e-01,5.26825937e-07,5.99881056e-01,2.81427980e-01
4.65465465e+01,2.27609697e+00,1.14590620e+03,3.02144184e+06,1.66663183e+03,1.18474325e-01,5.26013044e-07,5.99869666e-01,2.81422638e-01
4.66466466e+01,2.27129455e+00,1.14798859e+03,3.01259591e+06,1.66526835e+03,1.18474158e-01,5.25229799e-07,5.99868821e-01,2.81422242e-01
4.67467467e+01,2.26668629e+00,1.14994473e+03,3.00423333e+06,1.66400956e+03,1.18475040e-01,5.24474501e-07,5.99873284e-01,2.81424337e-01
4.68468468e+01,2.26223127e+00,1.15181643e+03,2.99613652e+06,1.66278050e+03,1.18475926e-01,5.23745424e-07,5.99877773e-01,2.81426444e-01
4.69469469e+01,2.25784195e+00,1.15359395e+03,2.98793741e+06,1.66146819e+03,1.18474904e-01,5.23037011e-07,5.99872598e-01,2.81424017e-01
4.70470470e+01,2.25384525e+00,1.15531176e+03,2.98063998e+06,1.66033792e+03,1.18475726e-01,5.22368708e-07,5.99876759e-01,2.81425969e-01
4.71471471e+01,2.25068246e+00,1.15686612e+03,2.97502936e+06,1.65951484e+03,1.18477621e-01,5.21739789e-07,5.99886355e-01,2.81430472e-01
4.72472472e+01,2.24823144e+00,1.15821421e+03,2.97096227e+06,1.65897659e+03,1.18483070e-01,5.21163767e-07,5.99913945e-01,2.81443416e-01
4.73473473e+01,2.24588176e+00,1.15983350e+03,2.96696736e+06,1.65843154e+03,1.18486472e-01,5.20618790e-07,5.99931170e-01,2.81451498e-01
4.74474474e+01,2.24301939e+00,1.16201697e+03,2.96156305e+06,1.65753109e+03,1.18485910e-01,5.20099395e-07,5.99928325e-01,2.81450164e-01
4.75475475e+01,2.23943319e+00,1.16438814e+03,2.95485765e+06,1.65643798e+03,1.18485092e-01,5.19624688e-07,5.99924184e-01,2.81448222e-01
4.76476476e+01,2.23565527e+00,1.16643424e+03,2.94748212e+06,1.65513210e+03,1.18482474e-01,5.19190648e-07,5.99910930e-01,2.81442004e-01
4.77477477e+01,2.23247372e+00,1.16782182e+03,2.94075353e+06,1.65381975e+03,1.18474404e-01,5.18783962e-07,5.99870070e-01,2.81422835e-01
4.78478478e+01,2.22949780e+00,1.16902510e+03,2.93650978e+06,1.65351165e+03,1.18483420e-01,5.18505994e-07,5.99915718e-01,2.81444251e-01
4.79479479e+01,2.22519170e+00,1.17166392e+03,2.93087889e+06,1.65319600e+03,1.18507689e-01,5.18351578e-07,6.00038602e-01,2.81501901e-01
4.80480480e+01,2.21602402e+00,1.17829887e+03,2.91566280e+06,1.65116500e+03,1.18525772e-01,5.18229952e-07,6.00130161e-01,2.81544855e-01
4.81481481e+01,2.20627730e+00,1.18668817e+03,2.89374060e+06,1.64680703e+03,1.18466955e-01,5.17834501e-07,5.99832352e-01,2.81405141e-01
4.82482482e+01,2.20674594e+00,1.18982653e+03,2.89422047e+06,1.64655069e+03,1.18479880e-01,5.17817076e-07,5.99897795e-01,2.81435844e-01
4.83483483e+01,2.23007025e+00,1.17690549e+03,2.93687050e+06,1.65332140e+03,1.18481188e-01,5.17816779e-07,5.99904420e-01,2.81438951e-01
4.84484484e+01,2.27412484e+00,1.15070632e+03,3.01887817e+06,1.66627372e+03,1.18501917e-01,5.17975988e-07,6.00009375e-01,2.81488190e-01
4.85485485e+01,2.31522488e+00,1.12755520e+03,3.08714865e+06,1.67493556e+03,1.18414992e-01,5.17748405e-07,5.99569250e-01,2.81281710e-01
4.86486486e+01,2.33539994e+00,1.11290118e+03,3.12987479e+06,1.68213430e+03,1.18507399e-01,5.18395312e-07,6.00037135e-01,2.81501213e-01
4.87487487e+01,2.33012334e+00,1.11292531e+03,3.12037575e+06,1.68113936e+03,1.18485363e-01,5.18636035e-07,5.99925558e-01,2.81448867e-01
4.88488488e+01,2.32310947e+00,1.11370627e+03,3.10333384e+06,1.67772626e+03,1.18434479e-01,5.18848217e-07,5.99667918e-01,2.81327998e-01
4.89489489e+01,2.32633346e+00,1.10807459e+03,3.10902760e+06,1.67858385e+03,1.18426803e-01,5.19355452e-07,5.99629051e-01,2.81309763e-01
4.90490490e+01,2.32465202e+00,1.10708531e+03,3.10868865e+06,1.67922375e+03,1.18454385e-01,5.20128414e-07,5.99768706e-01,2.81375280e-01
4.91491491e+01,2.32178773e+00,1.10885423e+03,3.10439478e+06,1.67875998e+03,1.18469420e-01,5.20962802e-07,5.99844832e-01,2.81410993e-01
4.92492492e+01,2.32426221e+00,1.10905623e+03,3.11046483e+06,1.67990917e+03,1.18493577e-01,5.21962180e-07,5.99967145e-01,2.81468374e-01
4.93493493e+01,2.32793114e+00,1.10989008e+03,3.11691167e+06,1.68068431e+03,1.18497355e-01,5.23005183e-07,5.99986273e-01,2.81477346e-01
4.94494494e+01,2.33145176e+00,1.11152324e+03,3.12413779e+06,1.68192784e+03,1.18505041e-01,5.24207247e-07,6.00025189e-01,2.81495602e-01
4.95495495e+01,2.33407884e+00,1.11227442e+03,3.12892166e+06,1.68260408e+03,1.18505271e-01,5.25528322e-07,6.00026353e-01,2.81496146e-01
4.96496496e+01,2.33442186e+00,1.11289948e+03,3.12825913e+06,1.68218768e+03,1.18492093e-01,5.26950394e-07,5.99959627e-01,2.81464841e-01
4.97497497e+01,2.33499186e+00,1.11290530e+03,3.12596453e+06,1.68105193e+03,1.18456251e-01,5.28440900e-07,5.99778147e-01,2.81379700e-01
4.98498498e+01,2.34024148e+00,1.11067711e+03,3.14344233e+06,1.68600897e+03,1.18501918e-01,5.30460532e-07,6.00009375e-01,2.81488176e-01
4.99499499e+01,2.40371790e+00,1.09882448e+03,3.03122705e+06,8.12689560e+02,2.97666526e-01,0.00000000e+00,0.00000000e+00,7.02333474e-01
5.00500501e+01,2.49100721e+00,9.90383619e+02,3.60610325e+06,5.02130605e+03,0.00000000e+00,2.30000000e-01,7.70079538e-01,0.00000000e+00
5.01501502e+01,2.11659628e+00,1.21962165e+03,2.86731510e+06,4.70057983e+03,0.00000000e+00,2.30000000e-01,7.69720555e-01,0.00000000e+00
5.02502503e+01,1.95880447e+00,1.32309491e+03,2.57824082e+06,4.56591255e+03,0.00000000e+00,2.30000000e-01,7.69986322e-01,0.00000000e+00
5.03503504e+01,1.91013951e+00,1.35735663e+03,2.49009356e+06,4.52209869e+03,0.00000000e+00,2.30000000e-01,7.69999158e-01,0.00000000e+00
5.04504505e+01,1.89254668e+00,1.37024236e+03,2.45820590e+06,4.50568101e+03,0.00000000e+00,2.30000000e-01,7.70000662e-01,0.00000000e+00
5.05505506e+01,1.88080007e+00,1.37881766e+03,2.43625443e+06,4.49333331e+03,0.00000000e+00,2.30000000e-01,7.70001019e-01,0.00000000e+00
5.06506507e+01,1.87146597e+00,1.38534288e+03,2.41850125e+06,4.48283807e+03,0.00000000e+00,2.30000000e-01,7.70000915e-01,0.00000000e+00
5.07507508e+01,1.86309833e+00,1.39050965e+03,2.40301407e+06,4.47413870e+03,0.00000000e+00,2.30000000e-01,7.70000389e-01,0.00000000e+00
5.08508509e+01,1.85491904e+00,1.39471799e+03,2.38845495e+06,4.46663421e+03,0.00000000e+00,2.30000000e-01,7.70001760e-01,0.00000000e+00
5.09509510e+01,1.84679989e+00,1.39827767e+03,2.37424336e+06,4.45959122e+03,0.00000000e+00,2.30000000e-01,7.69998704e-01,0.00000000e+00
5.10510511e+01,1.83967740e+00,1.40194623e+03,2.36151462e+06,4.45285580e+03,0.00000000e+00,2.30000000e-01,7.69998688e-01,0.00000000e+00
5.11511512e+01,1.83350318e+00,1.40599275e+03,2.35038374e+06,4.44679187e+03,0.00000000e+00,2.30000000e-01,7.69998620e-01,0.00000000e+00
5.12512513e+01,1.82779781e+00,1.41030074e+03,2.34023878e+06,4.44141610e+03,0.00000000e+00,2.30000000e-01,7.69999191e-01,0.00000000e+00
5.13513514e+01,1.82230886e+00,1.41476903e+03,2.33062429e+06,4.43648972e+03,0.00000000e+00,2.30000000e-01,7.69999737e-01,0.00000000e+00
5.14514515e+01,1.81709092e+00,1.41939574e+03,2.32140860e+06,4.43163544e+03,0.00000000e+00,2.30000000e-01,7.69999962e-01,0.00000000e+00
5.15515516e+01,1.81196506e+00,1.42406104e+03,2.31227820e+06,4.42669161e+03,0.00000000e+00,2.30000000e-01,7.70000179e-01,0.00000000e+00
5.16516517e+01,1.80666914e+00,1.42859162e+03,2.30283794e+06,4.42153966e+03,0.00000000e+00,2.30000000e-01,7.70000683e-01,0.00000000e+00
5.17517518e+01,1.80125369e+00,1.43294393e+03,2.29296954e+06,4.41582816e+03,0.00000000e+00,2.30000000e-01,7.70000710e-01,0.00000000e+00
5.18518519e+01,1.79574067e+00,1.43714212e+03,2.28275994e+06,4.40966338e+03,0.00000000e+00,2.30000000e-01,7.70000594e-01,0.00000000e+00
5.19519520e+01,1.78994310e+00,1.44116136e+03,2.27218204e+06,4.40344441e+03,0.00000000e+00,2.30000000e-01,7.70001024e-01,0.00000000e+00
5.20520521e+01,1.78386044e+00,1.44506609e+03,2.26136750e+06,4.39743869e+03,0.00000000e+00,2.30000000e-01,7.69999014e-01,0.00000000e+00
5.21521522e+01,1.77804465e+00,1.44921958e+03,2.25120739e+06,4.39200070e+03,0.00000000e+00,2.30000000e-01,7.69998933e-01,0.00000000e+00
5.22522523e+01,1.77255419e+00,1.45361913e+03,2.24167360e+06,4.38694569e+03,0.00000000e+00,2.30000000e-01,7.69999283e-01,0.00000000e+00
5.23523524e+01,1.76724163e+00,1.45816508e+03,2.23253594e+06,4.38219683e+03,0.00000000e+00,2.30000000e-01,7.69999384e-01,0.00000000e+00
5.24524525e+01,1.76223105e+00,1.46290184e+03,2.22387328e+06,4.37760245e+03,0.00000000e+00,2.30000000e-01,7.69999886e-01,0.00000000e+00
5.25525526e+01,1.75754957e+00,1.46782249e+03,2.21564434e+06,4.37302120e+03,0.00000000e+00,2.30000000e-01,7.69999916e-01,0.00000000e+00
5.26526527e+01,1.75289731e+00,1.47275569e+03,2.20748448e+06,4.36847832e+03,0.00000000e+00,2.30000000e-01,7.70000178e-01,0.00000000e+00
5.27527528e+01,1.74792625e+00,1.47749100e+03,2.19891590e+06,4.36389369e+03,0.00000000e+00,2.30000000e-01,7.70000967e-01,0.00000000e+00
5.28528529e+01,1.74273463e+00,1.48199596e+03,2.18980191e+06,4.35875269e+03,0.00000000e+00,2.30000000e-01,7.70000940e-01,0.00000000e+00
5.29529530e+01,1.73740530e+00,1.48630200e+03,2.18025317e+06,4.35305818e+03,0.00000000e+00,2.30000000e-01,7.70000879e-01,0.00000000e+00
5.30530531e+01,1.73173192e+00,1.49035278e+03,2.17018294e+06,4.34715012e+03,0.00000000e+00,2.30000000e-01,7.70000281e-01,0.00000000e+00
5.31531532e+01,1.72563113e+00,1.49410173e+03,2.15947321e+06,4.34099169e+03,0.00000000e+00,2.30000000e-01,7.69999951e-01,0.00000000e+00
5.32532533e+01,1.71914004e+00,1.49752936e+03,2.14808887e+06,4.33440911e+03,0.00000000e+00,2.30000000e-01,7.70000377e-01,0.00000000e+00
5.33533534e+01,1.71231093e+00,1.50065640e+03,2.13607812e+06,4.32736380e+03,0.00000000e+00,2.30000000e-01,7.70000391e-01,0.00000000e+00
5.34534535e+01,1.70558230e+00,1.50383949e+03,2.12426495e+06,4.32041387e+03,0.00000000e+00,2.30000000e-01,7.69999401e-01,0.00000000e+00
5.35535536e+01,1.69945884e+00,1.50749049e+03,2.11356088e+06,4.31413229e+03,0.00000000e+00,2.30000000e-01,7.69999406e-01,0.00000000e+00
5.36536537e+01,1.69381646e+00,1.51151340e+03,2.10373664e+06,4.30838349e+03,0.00000000e+00,2.30000000e-01,7.69999436e-01,0.00000000e+00
5.37537538e+01,1.68852248e+00,1.51580665e+03,2.09455212e+06,4.30302343e+03,0.00000000e+00,2.30000000e-01,7.69999320e-01,0.00000000e+00
5.38538539e+01,1.68345147e+00,1.52027414e+03,2.08579215e+06,4.29793368e+03,0.00000000e+00,2.30000000e-01,7.69999550e-01,0.00000000e+00
5.39539540e+01,1.67849529e+00,1.52483589e+03,2.07728346e+06,4.29303963e+03,0.00000000e+00,2.30000000e-01,7.69999595e-01,0.00000000e+00
5.40540541e+01,1.67369990e+00,1.52950457e+03,2.06903519e+06,4.28824307e+03,0.00000000e+00,2.30000000e-01,7.69999940e-01,0.00000000e+00
5.41541542e+01,1.66909437e+00,1.53428438e+03,2.06103493e+06,4.28344899e+03,0.00000000e+00,2.30000000e-01,7.69999867e-01,0.00000000e+00
5.42542543e+01,1.66454605e+00,1.53909276e+03,2.05312283e+06,4.27866344e+03,0.00000000e+00,2.30000000e-01,7.70000163e-01,0.00000000e+00
5.43543544e+01,1.65984129e+00,1.54380181e+03,2.04504654e+06,4.27391134e+03,0.00000000e+00,2.30000000e-01,7.70000452e-01,0.00000000e+00
5.44544545e+01,1.65501981e+00,1.54839421e+03,2.03671273e+06,4.26889476e+03,0.00000000e+00,2.30000000e-01,7.70000478e-01,0.00000000e+00
5.45545546e+01,1.65014405e+00,1.55288648e+03,2.02817507e+06,4.26356058e+03,0.00000000e+00,2.30000000e-01,7.70000501e-01,0.00000000e+00
5.46546547e+01,1.64513064e+00,1.55726339e+03,2.01943818e+06,4.25813265e+03,0.00000000e+00,2.30000000e-01,7.70000146e-01,0.00000000e+00
5.47547548e+01,1.63992583e+00,1.56151305e+03,2.01046551e+06,4.25266876e+03,0.00000000e+00,2.30000000e-01,7.69999875e-01,0.00000000e+00
5.48548549e+01,1.63456858e+00,1.56564020e+03,2.00126402e+06,4.24707977e+03,0.00000000e+00,2.30000000e-01,7.69999781e-01,0.00000000e+00
5.49549550e+01,1.62911812e+00,1.56966759e+03,1.99188485e+06,4.24131655e+03,0.00000000e+00,2.30000000e-01,7.70000105e-01,0.00000000e+00
5.50550551e+01,1.62367262e+00,1.57366401e+03,1.98247317e+06,4.23543568e+03,0.00000000e+00,2.30000000e-01,7.69999640e-01,0.00000000e+00
5.51551552e+01,1.61837065e+00,1.57776015e+03,1.97330586e+06,4.22966127e+03,0.00000000e+00,2.30000000e-01,7.69999781e-01,0.00000000e+00
5.52552553e+01,1.61316316e+00,1.58191705e+03,1.96430110e+06,4.22395115e+03,0.00000000e+00,2.30000000e-01,7.69999902e-01,0.00000000e+00
5.53553554e+01,1.60800127e+00,1.58609710e+03,1.95538287e+06,4.21827121e+03,0.00000000e+00,2.30000000e-01,7.70000000e-01,0.00000000e+00
5.54554555e+01,1.60286151e+00,1.59028365e+03,1.94651591e+06,4.21260766e+03,0.00000000e+00,2.30000000e-01,7.70000054e-01,0.00000000e+00
5.55555556e+01,1.59773091e+00,1.59446914e+03,1.93768313e+06,4.20695784e+03,0.00000000e+00,2.30000000e-01,7.70000089e-01,0.00000000e+00
5.56556557e+01,1.59258817e+00,1.59864247e+03,1.92886538e+06,4.20133654e+03,0.00000000e+00,2.30000000e-01,7.70000095e-01,0.00000000e+00
5.57557558e+01,1.58741016e+00,1.60279188e+03,1.92003454e+06,4.19574342e+03,0.00000000e+00,2.30000000e-01,7.70000096e-01,0.00000000e+00
5.58558559e+01,1.58217733e+00,1.60690187e+03,1.91115654e+06,4.19015550e+03,0.00000000e+00,2.30000000e-01,7.70000094e-01,0.00000000e+00
5.59559560e+01,1.57687290e+00,1.61095492e+03,1.90219584e+06,4.18453864e+03,0.00000000e+00,2.30000000e-01,7.70000079e-01,0.00000000e+00
5.60560561e+01,1.57148406e+00,1.61493458e+03,1.89311951e+06,4.17885314e+03,0.00000000e+00,2.30000000e-01,7.70000054e-01,0.00000000e+00
5.61561562e+01,1.56600321e+00,1.61882794e+03,1.88390225e+06,4.17306151e+03,0.00000000e+00,2.30000000e-01,7.70000026e-01,0.00000000e+00
5.62562563e+01,1.56042734e+00,1.62262730e+03,1.87453129e+06,4.16714065e+03,0.00000000e+00,2.30000000e-01,7.70000149e-01,0.00000000e+00
5.63563564e+01,1.55475656e+00,1.62633221e+03,1.86500714e+06,4.16108907e+03,0.00000000e+00,2.30000000e-01,7.70000378e-01,0.00000000e+00
5.64564565e+01,1.54911780e+00,1.63004946e+03,1.85555128e+06,4.15506308e+03,0.00000000e+00,2.30000000e-01,7.69999941e-01,0.00000000e+00
5.65565566e+01,1.54372006e+00,1.63395294e+03,1.84650281e+06,4.14925915e+03,0.00000000e+00,2.30000000e-01,7.69999875e-01,0.00000000e+00
5.66566567e+01,1.53855797e+00,1.63803411e+03,1.83784489e+06,4.14366030e+03,0.00000000e+00,2.30000000e-01,7.69999837e-01,0.00000000e+00
5.67567568e+01,1.53360998e+00,1.64227088e+03,1.82953052e+06,4.13822312e+03,0.00000000e+00,2.30000000e-01,7.69999800e-01,0.00000000e+00
5.68568569e+01,1.52884704e+00,1.64663453e+03,1.82150042e+06,4.13289546e+03,0.00000000e+00,2.30000000e-01,7.69999776e-01,0.00000000e+00
5.69569570e+01,1.52423216e+00,1.65109115e+03,1.81368528e+06,4.12762262e+03,0.00000000e+00,2.30000000e-01,7.69999792e-01,0.00000000e+00
5.70570571e+01,1.51972232e+00,1.65560397e+03,1.80601051e+06,4.12235294e+03,0.00000000e+00,2.30000000e-01,7.69999864e-01,0.00000000e+00
5.71571572e+01,1.51527590e+00,1.66013958e+03,1.79840854e+06,4.11704611e+03,0.00000000e+00,2.30000000e-01,7.69999972e-01,0.00000000e+00
5.72572573e+01,1.51086388e+00,1.66467655e+03,1.79083507e+06,4.11168013e+03,0.00000000e+00,2.30000000e-01,7.70000023e-01,0.00000000e+00
5.73573574e+01,1.50647331e+00,1.66920862e+03,1.78327492e+06,4.10625503e+03,0.00000000e+00,2.30000000e-01,7.70000047e-01,0.00000000e+00
5.74574575e+01,1.50209140e+00,1.67373283e+03,1.77572429e+06,4.10079656e+03,0.00000000e+00,2.30000000e-01,7.70000071e-01,0.00000000e+00
5.75575576e+01,1.49770444e+00,1.67823907e+03,1.76816598e+06,4.09530207e+03,0.00000000e+00,2.30000000e-01,7.70000118e-01,0.00000000e+00
5.76576577e+01,1.49328998e+00,1.68270994e+03,1.76056550e+06,4.08975272e+03,0.00000000e+00,2.30000000e-01,7.70000147e-01,0.00000000e+00
5.77577578e+01,1.48881864e+00,1.68712474e+03,1.75288319e+06,4.08413600e+03,0.00000000e+00,2.30000000e-01,7.70000142e-01,0.00000000e+00
5.78578579e+01,1.48426256e+00,1.69146220e+03,1.74508005e+06,4.07843600e+03,0.00000000e+00,2.30000000e-01,7.70000105e-01,0.00000000e+00
5.79579580e+01,1.47960212e+00,1.69570472e+03,1.73712476e+06,4.07263157e+03,0.00000000e+00,2.30000000e-01,7.70000045e-01,0.00000000e+00
5.80580581e+01,1.47482950e+00,1.69984273e+03,1.72900196e+06,4.06670586e+03,0.00000000e+00,2.30000000e-01,7.69999971e-01,0.00000000e+00
5.81581582e+01,1.46995006e+00,1.70387837e+03,1.72071891e+06,4.06065862e+03,0.00000000e+00,2.30000000e-01,7.69999890e-01,0.00000000e+00
5.82582583e+01,1.46498283e+00,1.70782786e+03,1.71231112e+06,4.05451739e+03,0.00000000e+00,2.30000000e-01,7.70000126e-01,0.00000000e+00
5.83583584e+01,1.45998229e+00,1.71174566e+03,1.70388282e+06,4.04838114e+03,0.00000000e+00,2.30000000e-01,7.69999610e-01,0.00000000e+00
5.84584585e+01,1.45507685e+00,1.71574748e+03,1.69564814e+06,4.04239705e+03,0.00000000e+00,2.30000000e-01,7.69999817e-01,0.00000000e+00
5.85585586e+01,1.45024316e+00,1.71981456e+03,1.68756459e+06,4.03653479e+03,0.00000000e+00,2.30000000e-01,7.69999907e-01,0.00000000e+00
5.86586587e+01,1.44544362e+00,1.72391946e+03,1.67958250e+06,4.03078173e+03,0.00000000e+00,2.30000000e-01,7.69999964e-01,0.00000000e+00
5.87587588e+01,1.44065947e+00,1.72804838e+03,1.67167560e+06,4.02512845e+03,0.00000000e+00,2.30000000e-01,7.70000004e-01,0.00000000e+00
5.88588589e+01,1.43588301e+00,1.73219466e+03,1.66382943e+06,4.01956265e+03,0.00000000e+00,2.30000000e-01,7.70000054e-01,0.00000000e+00
5.89589590e+01,1.43110671e+00,1.73634908e+03,1.65602567e+06,4.01406210e+03,0.00000000e+00,2.30000000e-01,7.70000086e-01,0.00000000e+00
5.90590591e+01,1.42631310e+00,1.74050100e+03,1.64825020e+06,4.00864259e+03,0.00000000e+00,2.30000000e-01,7.70000027e-01,0.00000000e+00
5.91591592e+01,1.42149377e+00,1.74464901e+03,1.64049998e+06,4.00332061e+03,0.00000000e+00,2.30000000e-01,7.69999944e-01,0.00000000e+00
5.92592593e+01,1.41666122e+00,1.74879716e+03,1.63278638e+06,3.99808913e+03,0.00000000e+00,2.30000000e-01,7.69999940e-01,0.00000000e+00
5.93593594e+01,1.41184383e+00,1.75293814e+03,1.62509694e+06,3.99283819e+03,0.00000000e+00,2.30000000e-01,7.69999964e-01,0.00000000e+00
5.94594595e+01,1.40706149e+00,1.75706779e+03,1.61741435e+06,3.98746888e+03,0.00000000e+00,2.30000000e-01,7.69999980e-01,0.00000000e+00
5.95595596e+01,1.40231761e+00,1.76118548e+03,1.60973825e+06,3.98196971e+03,0.00000000e+00,2.30000000e-01,7.70000007e-01,0.00000000e+00
5.96596597e+01,1.39760511e+00,1.76528920e+03,1.60206733e+06,3.97635683e+03,0.00000000e+00,2.30000000e-01,7.70000032e-01,0.00000000e+00
5.97597598e+01,1.39291523e+00,1.76937809e+03,1.59439974e+06,3.97064984e+03,0.00000000e+00,2.30000000e-01,7.70000047e-01,0.00000000e+00
5.98598599e+01,1.38823498e+00,1.77345116e+03,1.58673621e+06,3.96488685e+03,0.00000000e+00,2.30000000e-01,7.70000067e-01,0.00000000e+00
5.99599600e+01,1.38355028e+00,1.77750224e+03,1.57907162e+06,3.95909418e+03,0.00000000e+00,2.30000000e-01,7.70000289e-01,0.00000000e+00
6.00600601e+01,1.37884299e+00,1.78152710e+03,1.57139716e+06,3.95330388e+03,0.00000000e+00,2.30000000e-01,7.70000068e-01,0.00000000e+00
6.01601602e+01,1.37417325e+00,1.78559691e+03,1.56383693e+06,3.94765402e+03,0.00000000e+00,2.30000000e-01,7.69999936e-01,0.00000000e+00
6.02602603e+01,1.36959901e+00,1.78975985e+03,1.55646255e+06,3.94216114e+03,0.00000000e+00,2.30000000e-01,7.69999893e-01,0.00000000e+00
6.03603604e+01,1.36510808e+00,1.79401079e+03,1.54926804e+06,3.93684810e+03,0.00000000e+00,2.30000000e-01,7.69999878e-01,0.00000000e+00
6.04604605e+01,1.36068101e+00,1.79833661e+03,1.54222824e+06,3.93170984e+03,0.00000000e+00,2.30000000e-01,7.69999885e-01,0.00000000e+00
6.05605606e+01,1.35629630e+00,1.80272069e+03,1.53531249e+06,3.92673258e+03,0.00000000e+00,2.30000000e-01,7.69999911e-01,0.00000000e+00
6.06606607e+01,1.35193404e+00,1.80714668e+03,1.52849138e+06,3.92190059e+03,0.00000000e+00,2.30000000e-01,7.69999979e-01,0.00000000e+00
6.07607608e+01,1.34757947e+00,1.81160056e+03,1.52173840e+06,3.91719032e+03,0.00000000e+00,2.30000000e-01,7.70000050e-01,0.00000000e+00
6.08608609e+01,1.34322355e+00,1.81606889e+03,1.51502696e+06,3.91256069e+03,0.00000000e+00,2.30000000e-01,7.70000123e-01,0.00000000e+00
6.09609610e+01,1.33884322e+00,1.82053823e+03,1.50834236e+06,3.90804221e+03,0.00000000e+00,2.30000000e-01,7.70000085e-01,0.00000000e+00
6.10610611e+01,1.33441701e+00,1.82500515e+03,1.50167884e+06,3.90368308e+03,0.00000000e+00,2.30000000e-01,7.70000041e-01,0.00000000e+00
6.11611612e+01,1.32993811e+00,1.82946386e+03,1.49502493e+06,3.89947430e+03,0.00000000e+00,2.30000000e-01,7.70000050e-01,0.00000000e+00
6.12612613e+01,1.32540082e+00,1.83390497e+03,1.48836631e+06,3.89539620e+03,0.00000000e+00,2.30000000e-01,7.70000086e-01,0.00000000e+00
6.13613614e+01,1.32079159e+00,1.83831697e+03,1.48168591e+06,3.89144491e+03,0.00000000e+00,2.30000000e-01,7.70000112e-01,0.00000000e+00
6.14614615e+01,1.31609038e+00,1.84268722e+03,1.47496537e+06,3.88763191e+03,0.00000000e+00,2.30000000e-01,7.70000115e-01,0.00000000e+00
6.15615616e+01,1.31127604e+00,1.84700328e+03,1.46818691e+06,3.88397353e+03,0.00000000e+00,2.30000000e-01,7.70000097e-01,0.00000000e+00
6.16616617e+01,1.30633061e+00,1.85125442e+03,1.46133595e+06,3.88048505e+03,0.00000000e+00,2.30000000e-01,7.70000066e-01,0.00000000e+00
6.17617618e+01,1.30124154e+00,1.85543368e+03,1.45440380e+06,3.87718167e+03,0.00000000e+00,2.30000000e-01,7.70000023e-01,0.00000000e+00
6.18618619e+01,1.29600323e+00,1.85953987e+03,1.44739130e+06,3.87408345e+03,0.00000000e+00,2.30000000e-01,7.69999967e-01,0.00000000e+00
6.19619620e+01,1.29061860e+00,1.86358005e+03,1.44031168e+06,3.87121856e+03,0.00000000e+00,2.30000000e-01,7.69999893e-01,0.00000000e+00
6.20620621e+01,1.28510117e+00,1.86757207e+03,1.43319599e+06,3.86863237e+03,0.00000000e+00,2.30000000e-01,7.69999745e-01,0.00000000e+00
6.21621622e+01,1.27949812e+00,1.87160097e+03,1.42619413e+06,3.86659146e+03,0.00000000e+00,2.30000000e-01,7.69999520e-01,0.00000000e+00
6.22622623e+01,1.27391158e+00,1.87571704e+03,1.41935568e+06,3.86492415e+03,0.00000000e+00,2.30000000e-01,7.70000132e-01,0.00000000e+00
6.23623624e+01,1.26830741e+00,1.87985612e+03,1.41258269e+06,3.86347673e+03,0.00000000e+00,2.30000000e-01,7.70000289e-01,0.00000000e+00
6.24624625e+01,1.26261921e+00,1.88400709e+03,1.40586987e+06,3.86244016e+03,0.00000000e+00,2.30000000e-01,7.70000102e-01,0.00000000e+00
6.25625626e+01,1.25681468e+00,1.88817551e+03,1.39922291e+06,3.86193327e+03,0.00000000e+00,2.30000000e-01,7.69999952e-01,0.00000000e+00
6.26626627e+01,1.25090405e+00,1.89236298e+03,1.39263948e+06,3.86192468e+03,0.00000000e+00,2.30000000e-01,7.69999962e-01,0.00000000e+00
6.27627628e+01,1.24490098e+00,1.89656584e+03,1.38611377e+06,3.86236338e+03,0.00000000e+00,2.30000000e-01,7.70000038e-01,0.00000000e+00
6.28628629e+01,1.23880235e+00,1.90077784e+03,1.37963712e+06,3.86324179e+03,0.00000000e+00,2.30000000e-01,7.70000090e-01,0.00000000e+00
6.29629630e+01,1.23259249e+00,1.90499179e+03,1.37319965e+06,3.86458801e+03,0.00000000e+00,2.30000000e-01,7.70000095e-01,0.00000000e+00
6.30630631e+01,1.22625353e+00,1.90920096e+03,1.36679176e+06,3.86643867e+03,0.00000000e+00,2.30000000e-01,7.70000077e-01,0.00000000e+00
6.31631632e+01,1.21977086e+00,1.91340016e+03,1.36040527e+06,3.86882521e+03,0.00000000e+00,2.30000000e-01,7.70000057e-01,0.00000000e+00
6.32632633e+01,1.21313357e+00,1.91758614e+03,1.35403440e+06,3.87177527e+03,0.00000000e+00,2.30000000e-01,7.70000041e-01,0.00000000e+00
6.33633634e+01,1.20633343e+00,1.92175766e+03,1.34767645e+06,3.87531799e+03,0.00000000e+00,2.30000000e-01,7.70000027e-01,0.00000000e+00
6.34634635e+01,1.19936458e+00,1.92591520e+03,1.34133211e+06,3.87948590e+03,0.00000000e+00,2.30000000e-01,7.70000011e-01,0.00000000e+00
6.35635636e+01,1.19222404e+00,1.93006069e+03,1.33500524e+06,3.88431264e+03,0.00000000e+00,2.30000000e-01,7.69999993e-01,0.00000000e+00
6.36636637e+01,1.18491226e+00,1.93419712e+03,1.32870215e+06,3.88982921e+03,0.00000000e+00,2.30000000e-01,7.69999976e-01,0.00000000e+00
6.37637638e+01,1.17743324e+00,1.93832823e+03,1.32243073e+06,3.89606090e+03,0.00000000e+00,2.30000000e-01,7.69999961e-01,0.00000000e+00
6.38638639e+01,1.16979406e+00,1.94245801e+03,1.31619942e+06,3.90302547e+03,0.00000000e+00,2.30000000e-01,7.69999951e-01,0.00000000e+00
6.39639640e+01,1.16200418e+00,1.94659033e+03,1.31001626e+06,3.91073241e+03,0.00000000e+00,2.30000000e-01,7.69999946e-01,0.00000000e+00
6.40640641e+01,1.15407435e+00,1.95072869e+03,1.30388784e+06,3.91918307e+03,0.00000000e+00,2.30000000e-01,7.69999946e-01,0.00000000e+00
6.41641642e+01,1.14601562e+00,1.95487608e+03,1.29781870e+06,3.92837185e+03,0.00000000e+00,2.30000000e-01,7.69999950e-01,0.00000000e+00
6.42642643e+01,1.13783859e+00,1.95903474e+03,1.29181143e+06,3.93828883e+03,0.00000000e+00,2.30000000e-01,7.69999955e-01,0.00000000e+00
6.43643644e+01,1.12955308e+00,1.96320591e+03,1.28586759e+06,3.94892335e+03,0.00000000e+00,2.30000000e-01,7.69999962e-01,0.00000000e+00
6.44644645e+01,1.12116811e+00,1.96738973e+03,1.27998882e+06,3.96026762e+03,0.00000000e+00,2.30000000e-01,7.69999967e-01,0.00000000e+00
6.45645646e+01,1.11269179e+00,1.97158572e+03,1.27417738e+06,3.97231886e+03,0.00000000e+00,2.30000000e-01,7.69999971e-01,0.00000000e+00
6.46646647e+01,1.10413102e+00,1.97579370e+03,1.26843588e+06,3.98507956e+03,0.00000000e+00,2.30000000e-01,7.69999978e-01,0.00000000e+00
6.47647648e+01,1.09549071e+00,1.98001437e+03,1.26276603e+06,3.99855678e+03,0.00000000e+00,2.30000000e-01,7.70000008e-01,0.00000000e+00
6.48648649e+01,1.08677055e+00,1.98424728e+03,1.25716668e+06,4.01276621e+03,0.00000000e+00,2.30000000e-01,7.70000500e-01,0.00000000e+00
6.49649650e+01,1.07796121e+00,1.98849291e+03,1.25164214e+06,4.02778220e+03,0.00000000e+00,2.30000000e-01,7.70000326e-01,0.00000000e+00
6.50650651e+01,1.06925209e+00,1.99276490e+03,1.24621696e+06,4.04298978e+03,0.00000000e+00,2.30000000e-01,7.69999973e-01,0.00000000e+00
6.51651652e+01,1.06083770e+00,1.99706732e+03,1.24085577e+06,4.05752752e+03,0.00000000e+00,2.30000000e-01,7.69999926e-01,0.00000000e+00
6.52652653e+01,1.05271622e+00,2.00139370e+03,1.23556938e+06,4.07141117e+03,0.00000000e+00,2.30000000e-01,7.69999858e-01,0.00000000e+00
6.53653654e+01,1.04487168e+00,2.00574503e+03,1.23035904e+06,4.08468038e+03,0.00000000e+00,2.30000000e-01,7.69999794e-01,0.00000000e+00
6.54654655e+01,1.03727965e+00,2.01011430e+03,1.22521355e+06,4.09736930e+03,0.00000000e+00,2.30000000e-01,7.69999784e-01,0.00000000e+00
6.55655656e+01,1.02990880e+00,2.01448391e+03,1.22010778e+06,4.10949619e+03,0.00000000e+00,2.30000000e-01,7.69999834e-01,0.00000000e+00
6.56656657e+01,1.02272759e+00,2.01883192e+03,1.21501178e+06,4.12106663e+03,0.00000000e+00,2.30000000e-01,7.69999908e-01,0.00000000e+00
6.57657658e+01,1.01571175e+00,2.02314016e+03,1.20990155e+06,4.13207934e+03,0.00000000e+00,2.30000000e-01,7.69999965e-01,0.00000000e+00
6.58658659e+01,1.00884724e+00,2.02739753e+03,1.20476306e+06,4.14252671e+03,0.00000000e+00,2.30000000e-01,7.69999984e-01,0.00000000e+00
6.59659660e+01,1.00212825e+00,2.03159867e+03,1.19959034e+06,4.15239584e+03,0.00000000e+00,2.30000000e-01,7.69999973e-01,0.00000000e+00
6.60660661e+01,9.95552727e-01,2.03573898e+03,1.19437859e+06,4.16166239e+03,0.00000000e+00,2.30000000e-01,7.69999951e-01,0.00000000e+00
6.61661662e+01,9.89118379e-01,2.03981047e+03,1.18911821e+06,4.17028622e+03,0.00000000e+00,2.30000000e-01,7.69999943e-01,0.00000000e+00
6.62662663e+01,9.82820789e-01,2.04380162e+03,1.18379588e+06,4.17822211e+03,0.00000000e+00,2.30000000e-01,7.70000109e-01,0.00000000e+00
6.63663664e+01,9.76656245e-01,2.04769506e+03,1.17838926e+06,4.18538943e+03,0.00000000e+00,2.30000000e-01,7.70000563e-01,0.00000000e+00
6.64664665e+01,9.70640468e-01,2.05148514e+03,1.17287495e+06,4.19162316e+03,0.00000000e+00,2.30000000e-01,7.70000372e-01,0.00000000e+00
6.65665666e+01,9.64817956e-01,2.05527435e+03,1.16740576e+06,4.19725634e+03,0.00000000e+00,2.30000000e-01,7.70000096e-01,0.00000000e+00
6.66666667e+01,9.59226858e-01,2.05912960e+03,1.16206253e+06,4.20239859e+03,0.00000000e+00,2.30000000e-01,7.70000012e-01,0.00000000e+00
6.67667668e+01,9.53877794e-01,2.06306668e+03,1.15685747e+06,4.20703571e+03,0.00000000e+00,2.30000000e-01,7.69999996e-01,0.00000000e+00
6.68668669e+01,9.48768429e-01,2.06709489e+03,1.15179867e+06,4.21119585e+03,0.00000000e+00,2.30000000e-01,7.69999977e-01,0.00000000e+00
6.69669670e+01,9.43893755e-01,2.07122249e+03,1.14689355e+06,4.21491779e+03,0.00000000e+00,2.30000000e-01,7.69999930e-01,0.00000000e+00
6.70670671e+01,9.39246585e-01,2.07545610e+03,1.14214714e+06,4.21824283e+03,0.00000000e+00,2.30000000e-01,7.69999856e-01,0.00000000e+00
6.71671672e+01,9.34814940e-01,2.07979666e+03,1.13755754e+06,4.22120950e+03,0.00000000e+00,2.30000000e-01,7.69999778e-01,0.00000000e+00
6.72672673e+01,9.30579914e-01,2.08423342e+03,1.13311002e+06,4.22384137e+03,0.00000000e+00,2.30000000e-01,7.69999744e-01,0.00000000e+00
6.73673674e+01,9.26514632e-01,2.08874456e+03,1.12877551e+06,4.22614590e+03,0.00000000e+00,2.30000000e-01,7.69999754e-01,0.00000000e+00
6.74674675e+01,9.22589614e-01,2.09330059e+03,1.12451766e+06,4.22811593e+03,0.00000000e+00,2.30000000e-01,7.69999805e-01,0.00000000e+00
6.75675676e+01,9.18776847e-01,2.09787165e+03,1.12029993e+06,4.22973739e+03,0.00000000e+00,2.30000000e-01,7.69999875e-01,0.00000000e+00
6.76676677e+01,9.15053775e-01,2.10243392e+03,1.11609312e+06,4.23099900e+03,0.00000000e+00,2.30000000e-01,7.69999935e-01,0.00000000e+00
6.77677678e+01,9.11405561e-01,2.10697178e+03,1.11187894e+06,4.23189545e+03,0.00000000e+00,2.30000000e-01,7.69999961e-01,0.00000000e+00
6.78678679e+01,9.07823334e-01,2.11147876e+03,1.10765053e+06,4.23243716e+03,0.00000000e+00,2.30000000e-01,7.69999953e-01,0.00000000e+00
6.79679680e+01,9.04301212e-01,2.11595260e+03,1.10340550e+06,4.23263810e+03,0.00000000e+00,2.30000000e-01,7.69999940e-01,0.00000000e+00
6.80680681e+01,9.00833529e-01,2.12038830e+03,1.09913788e+06,4.23249779e+03,0.00000000e+00,2.30000000e-01,7.69999937e-01,0.00000000e+00
6.81681682e+01,8.97413611e-01,2.12477850e+03,1.09483936e+06,4.23201152e+03,0.00000000e+00,2.30000000e-01,7.69999978e-01,0.00000000e+00
6.82682683e+01,8.94034795e-01,2.12911401e+03,1.09049796e+06,4.23116059e+03,0.00000000e+00,2.30000000e-01,7.70000020e-01,0.00000000e+00
6.83683684e+01,8.90692673e-01,2.13338822e+03,1.08610092e+06,4.22991223e+03,0.00000000e+00,2.30000000e-01,7.70000057e-01,0.00000000e+00
6.84684685e+01,8.87380295e-01,2.13759631e+03,1.08164335e+06,4.22827626e+03,0.00000000e+00,2.30000000e-01,7.70000064e-01,0.00000000e+00
6.85685686e+01,8.84089237e-01,2.14173381e+03,1.07712373e+06,4.22628273e+03,0.00000000e+00,2.30000000e-01,7.70000050e-01,0.00000000e+00
6.86686687e+01,8.80812866e-01,2.14579673e+03,1.07253941e+06,4.22394910e+03,0.00000000e+00,2.30000000e-01,7.70000032e-01,0.00000000e+00
6.87687688e+01,8.77546865e-01,2.14978238e+03,1.06788761e+06,4.22128137e+03,0.00000000e+00,2.30000000e-01,7.70000013e-01,0.00000000e+00
6.88688689e+01,8.74288771e-01,2.15369051e+03,1.06316948e+06,4.21829047e+03,0.00000000e+00,2.30000000e-01,7.70000441e-01,0.00000000e+00
6.89689690e+01,8.71039482e-01,2.15751324e+03,1.05837768e+06,4.21494351e+03,0.00000000e+00,2.30000000e-01,7.70000344e-01,0.00000000e+00
6.90690691e+01,8.67851392e-01,2.16134016e+03,1.05360360e+06,4.21134647e+03,0.00000000e+00,2.30000000e-01,7.69999973e-01,0.00000000e+00
6.91691692e+01,8.64776732e-01,2.16528821e+03,1.04898446e+06,4.20779128e+03,0.00000000e+00,2.30000000e-01,7.69999890e-01,0.00000000e+00
6.92692693e+01,8.61817292e-01,2.16934917e+03,1.04450656e+06,4.20421692e+03,0.00000000e+00,2.30000000e-01,7.69999849e-01,0.00000000e+00
6.93693694e+01,8.58962469e-01,2.17350988e+03,1.04015225e+06,4.20060540e+03,0.00000000e+00,2.30000000e-01,7.69999821e-01,0.00000000e+00
6.94694695e+01,8.56197122e-01,2.17775309e+03,1.03590009e+06,4.19694493e+03,0.00000000e+00,2.30000000e-01,7.69999817e-01,0.00000000e+00
6.95695696e+01,8.53503543e-01,2.18205757e+03,1.03172487e+06,4.19322072e+03,0.00000000e+00,2.30000000e-01,7.69999839e-01,0.00000000e+00
6.96696697e+01,8.50863683e-01,2.18640077e+03,1.02760067e+06,4.18941636e+03,0.00000000e+00,2.30000000e-01,7.69999882e-01,0.00000000e+00
6.97697698e+01,8.48261675e-01,2.19076257e+03,1.02350502e+06,4.18551829e+03,0.00000000e+00,2.30000000e-01,7.69999930e-01,0.00000000e+00
6.98698699e+01,8.45685635e-01,2.19512812e+03,1.01942201e+06,4.18151970e+03,0.00000000e+00,2.30000000e-01,7.69999967e-01,0.00000000e+00
6.99699700e+01,8.43128121e-01,2.19948889e+03,1.01534346e+06,4.17742329e+03,0.00000000e+00,2.30000000e-01,7.69999991e-01,0.00000000e+00
7.00700701e+01,8.40585293e-01,2.20384148e+03,1.01126733e+06,4.17323910e+03,0.00000000e+00,2.30000000e-01,7.70000008e-01,0.00000000e+00
7.01701702e+01,8.38055604e-01,2.20818337e+03,1.00719049e+06,4.16896115e+03,0.00000000e+00,2.30000000e-01,7.70000028e-01,0.00000000e+00
7.02702703e+01,8.35536431e-01,2.21251148e+03,1.00311099e+06,4.16459391e+03,0.00000000e+00,2.30000000e-01,7.70000038e-01,0.00000000e+00
7.03703704e+01,8.33023740e-01,2.21682226e+03,9.99028302e+05,4.16015467e+03,0.00000000e+00,2.30000000e-01,7.70000037e-01,0.00000000e+00
7.04704705e+01,8.30513605e-01,2.22111216e+03,9.94941351e+05,4.15565794e+03,0.00000000e+00,2.30000000e-01,7.70000038e-01,0.00000000e+00
7.05705706e+01,8.28002675e-01,2.22537592e+03,9.90847109e+05,4.15110737e+03,0.00000000e+00,2.30000000e-01,7.70000046e-01,0.00000000e+00
7.06706707e+01,8.25486678e-01,2.22960798e+03,9.86739841e+05,4.14649987e+03,0.00000000e+00,2.30000000e-01,7.70000043e-01,0.00000000e+00
7.07707708e+01,8.22961187e-01,2.23380407e+03,9.82614368e+05,4.14183527e+03,0.00000000e+00,2.30000000e-01,7.70000035e-01,0.00000000e+00
7.08708709e+01,8.20422713e-01,2.23796042e+03,9.78466970e+05,4.13711473e+03,0.00000000e+00,2.30000000e-01,7.70000023e-01,0.00000000e+00
7.09709710e+01,8.17868931e-01,2.24207422e+03,9.74294963e+05,4.13233786e+03,0.00000000e+00,2.30000000e-01,7.70000011e-01,0.00000000e+00
7.10710711e+01,8.15298827e-01,2.24614360e+03,9.70096628e+05,4.12750167e+03,0.00000000e+00,2.30000000e-01,7.69999999e-01,0.00000000e+00
7.11711712e+01,8.12712682e-01,2.25016751e+03,9.65871243e+05,4.12260081e+03,0.00000000e+00,2.30000000e-01,7.69999989e-01,0.00000000e+00
7.12712713e+01,8.10111905e-01,2.25414568e+03,9.61618959e+05,4.11762785e+03,0.00000000e+00,2.30000000e-01,7.69999979e-01,0.00000000e+00
7.13713714e+01,8.07498814e-01,2.25807884e+03,9.57342070e+05,4.11257805e+03,0.00000000e+00,2.30000000e-01,7.70000399e-01,0.00000000e+00
7.14714715e+01,8.04880897e-01,2.26196668e+03,9.53042375e+05,4.10742509e+03,0.00000000e+00,2.30000000e-01,7.70000044e-01,0.00000000e+00
7.15715716e+01,8.02310338e-01,2.26589764e+03,9.48807242e+05,4.10227447e+03,0.00000000e+00,2.30000000e-01,7.69999930e-01,0.00000000e+00
7.16716717e+01,7.99812199e-01,2.26991948e+03,9.44680700e+05,4.09719029e+03,0.00000000e+00,2.30000000e-01,7.69999921e-01,0.00000000e+00
7.17717718e+01,7.97381684e-01,2.27402114e+03,9.40653027e+05,4.09215725e+03,0.00000000e+00,2.30000000e-01,7.69999929e-01,0.00000000e+00
7.18718719e+01,7.95011758e-01,2.27819310e+03,9.36712571e+05,4.08716252e+03,0.00000000e+00,2.30000000e-01,7.69999934e-01,0.00000000e+00
7.19719720e+01,7.92695879e-01,2.28242737e+03,9.32849223e+05,4.08219709e+03,0.00000000e+00,2.30000000e-01,7.69999922e-01,0.00000000e+00
7.20720721e+01,7.90427892e-01,2.28671703e+03,9.29054132e+05,4.07725513e+03,0.00000000e+00,2.30000000e-01,7.69999897e-01,0.00000000e+00
7.21721722e+01,7.88200658e-01,2.29105396e+03,9.25317301e+05,4.07233054e+03,0.00000000e+00,2.30000000e-01,7.69999883e-01,0.00000000e+00
7.22722723e+01,7.86005031e-01,2.29542691e+03,9.21625757e+05,4.06741422e+03,0.00000000e+00,2.30000000e-01,7.69999900e-01,0.00000000e+00
7.23723724e+01,7.83830641e-01,2.29982267e+03,9.17964641e+05,4.06249482e+03,0.00000000e+00,2.30000000e-01,7.69999947e-01,0.00000000e+00
7.24724725e+01,7.81668385e-01,2.30422980e+03,9.14320918e+05,4.05756224e+03,0.00000000e+00,2.30000000e-01,7.69999998e-01,0.00000000e+00
7.25725726e+01,7.79512985e-01,2.30864269e+03,9.10686699e+05,4.05260907e+03,0.00000000e+00,2.30000000e-01,7.70000018e-01,0.00000000e+00
7.26726727e+01,7.77361919e-01,2.31306096e+03,9.07059353e+05,4.04763659e+03,0.00000000e+00,2.30000000e-01,7.70000026e-01,0.00000000e+00
7.27727728e+01,7.75212189e-01,2.31748403e+03,9.03439188e+05,4.04266170e+03,0.00000000e+00,2.30000000e-01,7.70000027e-01,0.00000000e+00
7.28728729e+01,7.73060959e-01,2.32191020e+03,8.99825751e+05,4.03769719e+03,0.00000000e+00,2.30000000e-01,7.70000026e-01,0.00000000e+00
7.29729730e+01,7.70905228e-01,2.32633891e+03,8.96215239e+05,4.03274167e+03,0.00000000e+00,2.30000000e-01,7.70000023e-01,0.00000000e+00
7.30730731e+01,7.68742603e-01,2.33076911e+03,8.92604111e+05,4.02779169e+03,0.00000000e+00,2.30000000e-01,7.70000024e-01,0.00000000e+00
7.31731732e+01,7.66570959e-01,2.33519853e+03,8.88989808e+05,4.02284675e+03,0.00000000e+00,2.30000000e-01,7.70000026e-01,0.00000000e+00
7.32732733e+01,7.64388240e-01,2.33962404e+03,8.85370437e+05,4.01790893e+03,0.00000000e+00,2.30000000e-01,7.70000024e-01,0.00000000e+00
7.33733734e+01,7.62192913e-01,2.34404152e+03,8.81744901e+05,4.01298117e+03,0.00000000e+00,2.30000000e-01,7.70000020e-01,0.00000000e+00
7.34734735e+01,7.59984349e-01,2.34844567e+03,8.78113029e+05,4.00806583e+03,0.00000000e+00,2.30000000e-01,7.70000015e-01,0.00000000e+00
7.35735736e+01,7.57762717e-01,2.35283032e+03,8.74475305e+05,4.00316408e+03,0.00000000e+00,2.30000000e-01,7.70000013e-01,0.00000000e+00
7.36736737e+01,7.55528499e-01,2.35718915e+03,8.70832265e+05,3.99827568e+03,0.00000000e+00,2.30000000e-01,7.70000013e-01,0.00000000e+00
7.37737738e+01,7.53281962e-01,2.36151664e+03,8.67183847e+05,3.99339883e+03,0.00000000e+00,2.30000000e-01,7.70000012e-01,0.00000000e+00
7.38738739e+01,7.51022884e-01,2.36580881e+03,8.63529072e+05,3.98853005e+03,0.00000000e+00,2.30000000e-01,7.70000010e-01,0.00000000e+00
7.39739740e+01,7.48750671e-01,2.37006350e+03,8.59866235e+05,3.98366444e+03,0.00000000e+00,2.30000000e-01,7.70000005e-01,0.00000000e+00
7.40740741e+01,7.46464768e-01,2.37428013e+03,8.56193486e+05,3.97879612e+03,0.00000000e+00,2.30000000e-01,7.69999998e-01,0.00000000e+00
7.41741742e+01,7.44165127e-01,2.37845933e+03,8.52509501e+05,3.97391890e+03,0.00000000e+00,2.30000000e-01,7.69999988e-01,0.00000000e+00
7.42742743e+01,7.41852518e-01,2.38260247e+03,8.48813912e+05,3.96902654e+03,0.00000000e+00,2.30000000e-01,7.69999979e-01,0.00000000e+00
7.43743744e+01,7.39528595e-01,2.38671149e+03,8.45107378e+05,3.96411289e+03,0.00000000e+00,2.30000000e-01,7.69999972e-01,0.00000000e+00
7.44744745e+01,7.37195723e-01,2.39078873e+03,8.41391376e+05,3.95917177e+03,0.00000000e+00,2.30000000e-01,7.69999969e-01,0.00000000e+00
7.45745746e+01,7.34856621e-01,2.39483675e+03,8.37667863e+05,3.95419731e+03,0.00000000e+00,2.30000000e-01,7.69999970e-01,0.00000000e+00
7.46746747e+01,7.32513899e-01,2.39885797e+03,8.33939043e+05,3.94918544e+03,0.00000000e+00,2.30000000e-01,7.69999979e-01,0.00000000e+00
7.47747748e+01,7.30169339e-01,2.40285454e+03,8.30207338e+05,3.94413711e+03,0.00000000e+00,2.30000000e-01,7.70000114e-01,0.00000000e+00
7.48748749e+01,7.27823588e-01,2.40682634e+03,8.26474905e+05,3.93905986e+03,0.00000000e+00,2.30000000e-01,7.70000101e-01,0.00000000e+00
7.49749750e+01,7.25492162e-01,2.41080658e+03,8.22773423e+05,3.93402048e+03,0.00000000e+00,2.30000000e-01,7.69999986e-01,0.00000000e+00
7.50750751e+01,7.23194652e-01,2.41483439e+03,8.19127626e+05,3.92903100e+03,0.00000000e+00,2.30000000e-01,7.69999984e-01,0.00000000e+00
7.51751752e+01,7.20930982e-01,2.41890642e+03,8.15538699e+05,3.92409918e+03,0.00000000e+00,2.30000000e-01,7.69999977e-01,0.00000000e+00
7.52752753e+01,7.18699724e-01,2.42302161e+03,8.12004546e+05,3.91922391e+03,0.00000000e+00,2.30000000e-01,7.69999970e-01,0.00000000e+00
7.53753754e+01,7.16498833e-01,2.42717823e+03,8.08521991e+05,3.91440216e+03,0.00000000e+00,2.30000000e-01,7.69999970e-01,0.00000000e+00
7.54754755e+01,7.14325744e-01,2.43137385e+03,8.05087325e+05,3.90963108e+03,0.00000000e+00,2.30000000e-01,7.69999974e-01,0.00000000e+00
7.55755756e+01,7.12177872e-01,2.43560601e+03,8.01697010e+05,3.90490866e+03,0.00000000e+00,2.30000000e-01,7.69999976e-01,0.00000000e+00
7.56756757e+01,7.10052970e-01,2.43987240e+03,7.98347999e+05,3.90023329e+03,0.00000000e+00,2.30000000e-01,7.69999974e-01,0.00000000e+00
7.57757758e+01,7.07949112e-01,2.44417053e+03,7.95037527e+05,3.89560291e+03,0.00000000e+00,2.30000000e-01,7.69999969e-01,0.00000000e+00
7.58758759e+01,7.05864421e-01,2.44849715e+03,7.91762611e+05,3.89101400e+03,0.00000000e+00,2.30000000e-01,7.69999965e-01,0.00000000e+00
7.59759760e+01,7.03796835e-01,2.45284792e+03,7.88519792e+05,3.88646164e+03,0.00000000e+00,2.30000000e-01,7.69999966e-01,0.00000000e+00
7.60760761e+01,7.01744099e-01,2.45721782e+03,7.85305296e+05,3.88194028e+03,0.00000000e+00,2.30000000e-01,7.69999972e-01,0.00000000e+00
7.61761762e+01,6.99703962e-01,2.46160183e+03,7.82115411e+05,3.87744457e+03,0.00000000e+00,2.30000000e-01,7.69999984e-01,0.00000000e+00
7.62762763e+01,6.97674579e-01,2.46599560e+03,7.78946961e+05,3.87296944e+03,0.00000000e+00,2.30000000e-01,7.69999995e-01,0.00000000e+00
7.63763764e+01,6.95654953e-01,2.47039611e+03,7.75797736e+05,3.86850985e+03,0.00000000e+00,2.30000000e-01,7.69999998e-01,0.00000000e+00
7.64764765e+01,6.93644955e-01,2.47480165e+03,7.72666453e+05,3.86406042e+03,0.00000000e+00,2.30000000e-01,7.69999991e-01,0.00000000e+00
7.65765766e+01,6.91644710e-01,2.47921100e+03,7.69552032e+05,3.85961528e+03,0.00000000e+00,2.30000000e-01,7.69999984e-01,0.00000000e+00
7.66766767e+01,6.89653830e-01,2.48362242e+03,7.66452682e+05,3.85516776e+03,0.00000000e+00,2.30000000e-01,7.69999990e-01,0.00000000e+00
7.67767768e+01,6.87671302e-01,2.48803338e+03,7.63365576e+05,3.85070944e+03,0.00000000e+00,2.30000000e-01,7.70000002e-01,0.00000000e+00
7.68768769e+01,6.85696273e-01,2.49244208e+03,7.60287579e+05,3.84622938e+03,0.00000000e+00,2.30000000e-01,7.70000013e-01,0.00000000e+00
7.69769770e+01,6.83727666e-01,2.49684773e+03,7.57216934e+05,3.84172467e+03,0.00000000e+00,2.30000000e-01,7.70000017e-01,0.00000000e+00
7.70770771e+01,6.81763759e-01,2.50125008e+03,7.54154071e+05,3.83720712e+03,0.00000000e+00,2.30000000e-01,7.70000015e-01,0.00000000e+00
7.71771772e+01,6.79803017e-01,2.50564907e+03,7.51098833e+05,3.83268453e+03,0.00000000e+00,2.30000000e-01,7.70000012e-01,0.00000000e+00
7.72772773e+01,6.77844294e-01,2.51004439e+03,7.48049913e+05,3.82815671e+03,0.00000000e+00,2.30000000e-01,7.70000010e-01,0.00000000e+00
7.73773774e+01,6.75886632e-01,2.51443568e+03,7.45005811e+05,3.82362136e+03,0.00000000e+00,2.30000000e-01,7.70000010e-01,0.00000000e+00
7.74774775e+01,6.73929160e-01,2.51882238e+03,7.41965352e+05,3.81907731e+03,0.00000000e+00,2.30000000e-01,7.70000016e-01,0.00000000e+00
7.75775776e+01,6.71970740e-01,2.52320307e+03,7.38926927e+05,3.81452268e+03,0.00000000e+00,2.30000000e-01,7.70000019e-01,0.00000000e+00
7.76776777e+01,6.70009720e-01,2.52757701e+03,7.35888103e+05,3.80995417e+03,0.00000000e+00,2.30000000e-01,7.70000017e-01,0.00000000e+00
7.77777778e+01,6.68044633e-01,2.53194334e+03,7.32846543e+05,3.80536779e+03,0.00000000e+00,2.30000000e-01,7.70000015e-01,0.00000000e+00
7.78778779e+01,6.66074311e-01,2.53630081e+03,7.29800115e+05,3.80075886e+03,0.00000000e+00,2.30000000e-01,7.70000014e-01,0.00000000e+00
7.79779780e+01,6.64097751e-01,2.54064814e+03,7.26746799e+05,3.79612228e+03,0.00000000e+00,2.30000000e-01,7.70000012e-01,0.00000000e+00
7.80780781e+01,6.62114106e-01,2.54498407e+03,7.23684840e+05,3.79145329e+03,0.00000000e+00,2.30000000e-01,7.70000010e-01,0.00000000e+00
7.81781782e+01,6.60122810e-01,2.54930718e+03,7.20613090e+05,3.78674869e+03,0.00000000e+00,2.30000000e-01,7.70000007e-01,0.00000000e+00
7.82782783e+01,6.58123706e-01,2.55361560e+03,7.17531348e+05,3.78200783e+03,0.00000000e+00,2.30000000e-01,7.70000003e-01,0.00000000e+00
7.83783784e+01,6.56117085e-01,2.55790696e+03,7.14440497e+05,3.77723319e+03,0.00000000e+00,2.30000000e-01,7.70000000e-01,0.00000000e+00
7.84784785e+01,6.54103583e-01,2.56217857e+03,7.11342307e+05,3.77243002e+03,0.00000000e+00,2.30000000e-01,7.69999998e-01,0.00000000e+00
7.85785786e+01,6.52083942e-01,2.56642803e+03,7.08238940e+05,3.76760511e+03,0.00000000e+00,2.30000000e-01,7.69999997e-01,0.00000000e+00
7.86786787e+01,6.50058761e-01,2.57065384e+03,7.05132354e+05,3.76276511e+03,0.00000000e+00,2.30000000e-01,7.69999996e-01,0.00000000e+00
7.87787788e+01,6.48028424e-01,2.57485572e+03,7.02023936e+05,3.75791496e+03,0.00000000e+00,2.30000000e-01,7.69999993e-01,0.00000000e+00
7.88788789e+01,6.45993268e-01,2.57903456e+03,6.98914527e+05,3.75305700e+03,0.00000000e+00,2.30000000e-01,7.69999989e-01,0.00000000e+00
7.89789790e+01,6.43953904e-01,2.58319181e+03,6.95804761e+05,3.74819091e+03,0.00000000e+00,2.30000000e-01,7.69999983e-01,0.00000000e+00
7.90790791e+01,6.41911444e-01,2.58732899e+03,6.92695430e+05,3.74331430e+03,0.00000000e+00,2.30000000e-01,7.69999980e-01,0.00000000e+00
7.91791792e+01,6.39867384e-01,2.59144739e+03,6.89587584e+05,3.73842393e+03,0.00000000e+00,2.30000000e-01,7.69999983e-01,0.00000000e+00
7.92792793e+01,6.37823035e-01,2.59554790e+03,6.86482236e+05,3.73351746e+03,0.00000000e+00,2.30000000e-01,7.69999993e-01,0.00000000e+00
7.93793794e+01,6.35778828e-01,2.59963132e+03,6.83380418e+05,3.72859715e+03,0.00000000e+00,2.30000000e-01,7.70000191e-01,0.00000000e+00
7.94794795e+01,6.33736464e-01,2.60370014e+03,6.80289851e+05,3.72369755e+03,0.00000000e+00,2.30000000e-01,7.69999948e-01,0.00000000e+00
7.95795796e+01,6.31712054e-01,2.60779667e+03,6.77233435e+05,3.71884713e+03,0.00000000e+00,2.30000000e-01,7.69999959e-01,0.00000000e+00
7.96796797e+01,6.29709781e-01,2.61192472e+03,6.74213693e+05,3.71403700e+03,0.00000000e+00,2.30000000e-01,7.69999964e-01,0.00000000e+00
7.97797798e+01,6.27727012e-01,2.61607901e+03,6.71228881e+05,3.70927396e+03,0.00000000e+00,2.30000000e-01,7.69999970e-01,0.00000000e+00
7.98798799e+01,6.25761434e-01,2.62025554e+03,6.68275605e+05,3.70455378e+03,0.00000000e+00,2.30000000e-01,7.69999978e-01,0.00000000e+00
7.99799800e+01,6.23811183e-01,2.62445056e+03,6.65350716e+05,3.69987082e+03,0.00000000e+00,2.30000000e-01,7.69999982e-01,0.00000000e+00
8.00800801e+01,6.21874986e-01,2.62866098e+03,6.62451827e+05,3.69522003e+03,0.00000000e+00,2.30000000e-01,7.69999978e-01,0.00000000e+00
8.01801802e+01,6.19951875e-01,2.63288408e+03,6.59577063e+05,3.69059729e+03,0.00000000e+00,2.30000000e-01,7.69999973e-01,0.00000000e+00
8.02802803e+01,6.18040627e-01,2.63711695e+03,6.56724478e+05,3.68599949e+03,0.00000000e+00,2.30000000e-01,7.69999975e-01,0.00000000e+00
8.03803804e+01,6.16139619e-01,2.64135658e+03,6.53891889e+05,3.68142455e+03,0.00000000e+00,2.30000000e-01,7.69999981e-01,0.00000000e+00
8.04804805e+01,6.14247166e-01,2.64560047e+03,6.51077249e+05,3.67687143e+03,0.00000000e+00,2.30000000e-01,7.69999987e-01,0.00000000e+00
8.05805806e+01,6.12361917e-01,2.64984700e+03,6.48278859e+05,3.67233902e+03,0.00000000e+00,2.30000000e-01,7.69999994e-01,0.00000000e+00
8.06806807e+01,6.10482933e-01,2.65409504e+03,6.45495037e+05,3.66782376e+03,0.00000000e+00,2.30000000e-01,7.70000001e-01,0.00000000e+00
8.07807808e+01,6.08609692e-01,2.65834386e+03,6.42723582e+05,3.66331654e+03,0.00000000e+00,2.30000000e-01,7.70000010e-01,0.00000000e+00
8.08808809e+01,6.06741544e-01,2.66259272e+03,6.39962228e+05,3.65880852e+03,0.00000000e+00,2.30000000e-01,7.70000018e-01,0.00000000e+00
8.09809810e+01,6.04877217e-01,2.66684076e+03,6.37209883e+05,3.65430127e+03,0.00000000e+00,2.30000000e-01,7.70000017e-01,0.00000000e+00
8.10810811e+01,6.03015252e-01,2.67108785e+03,6.34466998e+05,3.64980629e+03,0.00000000e+00,2.30000000e-01,7.70000010e-01,0.00000000e+00
8.11811812e+01,6.01154711e-01,2.67533422e+03,6.31733382e+05,3.64532833e+03,0.00000000e+00,2.30000000e-01,7.70000003e-01,0.00000000e+00
8.12812813e+01,5.99295258e-01,2.67958000e+03,6.29007547e+05,3.64086096e+03,0.00000000e+00,2.30000000e-01,7.70000001e-01,0.00000000e+00
8.13813814e+01,5.97436791e-01,2.68382513e+03,6.26287709e+05,3.63639460e+03,0.00000000e+00,2.30000000e-01,7.70000003e-01,0.00000000e+00
8.14814815e+01,5.95579125e-01,2.68806950e+03,6.23572467e+05,3.63192225e+03,0.00000000e+00,2.30000000e-01,7.70000005e-01,0.00000000e+00
8.15815816e+01,5.93721920e-01,2.69231287e+03,6.20860949e+05,3.62744084e+03,0.00000000e+00,2.30000000e-01,7.70000006e-01,0.00000000e+00
8.16816817e+01,5.91864776e-01,2.69655475e+03,6.18152596e+05,3.62294949e+03,0.00000000e+00,2.30000000e-01,7.70000010e-01,0.00000000e+00
8.17817818e+01,5.90007148e-01,2.70079404e+03,6.15446620e+05,3.61844682e+03,0.00000000e+00,2.30000000e-01,7.70000009e-01,0.00000000e+00
8.18818819e+01,5.88148434e-01,2.70502994e+03,6.12741987e+05,3.61393031e+03,0.00000000e+00,2.30000000e-01,7.70000007e-01,0.00000000e+00
8.19819820e+01,5.86288323e-01,2.70926126e+03,6.10037999e+05,3.60939756e+03,0.00000000e+00,2.30000000e-01,7.70000005e-01,0.00000000e+00
8.20820821e+01,5.84426725e-01,2.71348641e+03,6.07334333e+05,3.60484706e+03,0.00000000e+00,2.30000000e-01,7.70000005e-01,0.00000000e+00
8.21821822e+01,5.82563621e-01,2.71770375e+03,6.04630920e+05,3.60027828e+03,0.00000000e+00,2.30000000e-01,7.70000003e-01,0.00000000e+00
8.22822823e+01,5.80699059e-01,2.72191186e+03,6.01927863e+05,3.59569135e+03,0.00000000e+00,2.30000000e-01,7.70000000e-01,0.00000000e+00
8.23823824e+01,5.78833224e-01,2.72610975e+03,5.99225436e+05,3.59108653e+03,0.00000000e+00,2.30000000e-01,7.69999997e-01,0.00000000e+00
8.24824825e+01,5.76966390e-01,2.73029716e+03,5.96524049e+05,3.58646414e+03,0.00000000e+00,2.30000000e-01,7.70000067e-01,0.00000000e+00
8.25825826e+01,5.75098497e-01,2.73447475e+03,5.93824129e+05,3.58182748e+03,0.00000000e+00,2.30000000e-01,7.70000054e-01,0.00000000e+00
8.26826827e+01,5.73236743e-01,2.73866427e+03,5.91141033e+05,3.57722441e+03,0.00000000e+00,2.30000000e-01,7.69999958e-01,0.00000000e+00
8.27827828e+01,5.71390524e-01,2.74289405e+03,5.88481897e+05,3.57263930e+03,0.00000000e+00,2.30000000e-01,7.69999960e-01,0.00000000e+00
8.28828829e+01,5.69558318e-01,2.74715753e+03,5.85846503e+05,3.56808131e+03,0.00000000e+00,2.30000000e-01,7.69999955e-01,0.00000000e+00
8.29829830e+01,5.67737794e-01,2.75145112e+03,5.83232471e+05,3.56355108e+03,0.00000000e+00,2.30000000e-01,7.69999958e-01,0.00000000e+00
8.30830831e+01,5.65926008e-01,2.75577264e+03,5.80634939e+05,3.55903785e+03,0.00000000e+00,2.30000000e-01,7.69999969e-01,0.00000000e+00
8.31831832e+01,5.64120569e-01,2.76011823e+03,5.78048527e+05,3.55452401e+03,0.00000000e+00,2.30000000e-01,7.69999982e-01,0.00000000e+00
8.32832833e+01,5.62320287e-01,2.76448193e+03,5.75470335e+05,3.54999934e+03,0.00000000e+00,2.30000000e-01,7.69999995e-01,0.00000000e+00
8.33833834e+01,5.60524997e-01,2.76885757e+03,5.72900684e+05,3.54546693e+03,0.00000000e+00,2.30000000e-01,7.69999995e-01,0.00000000e+00
8.34834835e+01,5.58735491e-01,2.77323902e+03,5.70342184e+05,3.54093797e+03,0.00000000e+00,2.30000000e-01,7.69999993e-01,0.00000000e+00
8.35835836e+01,5.56952445e-01,2.77762097e+03,5.67797696e+05,3.53642608e+03,0.00000000e+00,2.30000000e-01,7.70000015e-01,0.00000000e+00
8.36836837e+01,5.55176081e-01,2.78199933e+03,5.65268807e+05,3.53194025e+03,0.00000000e+00,2.30000000e-01,7.70000014e-01,0.00000000e+00
8.37837838e+01,5.53407957e-01,2.78637145e+03,5.62756048e+05,3.52747426e+03,0.00000000e+00,2.30000000e-01,7.69999997e-01,0.00000000e+00
8.38838839e+01,5.51649709e-01,2.79073432e+03,5.60260442e+05,3.52302443e+03,0.00000000e+00,2.30000000e-01,7.69999982e-01,0.00000000e+00
8.39839840e+01,5.49901793e-01,2.79508482e+03,5.57782510e+05,3.51859144e+03,0.00000000e+00,2.30000000e-01,7.69999987e-01,0.00000000e+00
8.40840841e+01,5.48163581e-01,2.79941913e+03,5.55321039e+05,3.51417211e+03,0.00000000e+00,2.30000000e-01,7.70000003e-01,0.00000000e+00
8.41841842e+01,5.46434312e-01,2.80373451e+03,5.52873048e+05,3.50975281e+03,0.00000000e+00,2.30000000e-01,7.70000016e-01,0.00000000e+00
8.42842843e+01,5.44712893e-01,2.80803053e+03,5.50437185e+05,3.50533219e+03,0.00000000e+00,2.30000000e-01,7.70000021e-01,0.00000000e+00
8.43843844e+01,5.42997623e-01,2.81230781e+03,5.48013818e+05,3.50092375e+03,0.00000000e+00,2.30000000e-01,7.70000020e-01,0.00000000e+00
8.44844845e+01,5.41286874e-01,2.81656688e+03,5.45602008e+05,3.49653224e+03,0.00000000e+00,2.30000000e-01,7.70000018e-01,0.00000000e+00
8.45845846e+01,5.39579292e-01,2.82080778e+03,5.43199813e+05,3.49215418e+03,0.00000000e+00,2.30000000e-01,7.70000017e-01,0.00000000e+00
8.46846847e+01,5.37873712e-01,2.82503004e+03,5.40804967e+05,3.48778274e+03,0.00000000e+00,2.30000000e-01,7.70000017e-01,0.00000000e+00
8.47847848e+01,5.36169075e-01,2.82923271e+03,5.38415487e+05,3.48341208e+03,0.00000000e+00,2.30000000e-01,7.70000020e-01,0.00000000e+00
8.48848849e+01,5.34464360e-01,2.83341371e+03,5.36029846e+05,3.47903892e+03,0.00000000e+00,2.30000000e-01,7.70000030e-01,0.00000000e+00
8.49849850e+01,5.32757997e-01,2.83757015e+03,5.33645955e+05,3.47465997e+03,0.00000000e+00,2.30000000e-01,7.70000029e-01,0.00000000e+00
8.50850851e+01,5.31048142e-01,2.84170070e+03,5.31261263e+05,3.47027049e+03,0.00000000e+00,2.30000000e-01,7.70000023e-01,0.00000000e+00
8.51851852e+01,5.29333353e-01,2.84580432e+03,5.28873634e+05,3.46586569e+03,0.00000000e+00,2.30000000e-01,7.70000019e-01,0.00000000e+00
8.52852853e+01,5.27612317e-01,2.84988078e+03,5.26481017e+05,3.46144044e+03,0.00000000e+00,2.30000000e-01,7.70000016e-01,0.00000000e+00
8.53853854e+01,5.25883685e-01,2.85393113e+03,5.24081262e+05,3.45698911e+03,0.00000000e+00,2.30000000e-01,7.70000008e-01,0.00000000e+00
8.54854855e+01,5.24146564e-01,2.85795691e+03,5.21672809e+05,3.45250679e+03,0.00000000e+00,2.30000000e-01,7.69999991e-01,0.00000000e+00
8.55855856e+01,5.22401310e-01,2.86195897e+03,5.19255693e+05,3.44799083e+03,0.00000000e+00,2.30000000e-01,7.69999971e-01,0.00000000e+00
8.56856857e+01,5.20649695e-01,2.86593777e+03,5.16832279e+05,3.44344373e+03,0.00000000e+00,2.30000000e-01,7.70000227e-01,0.00000000e+00
8.57857858e+01,5.18895454e-01,2.86989491e+03,5.14406974e+05,3.43887249e+03,0.00000000e+00,2.30000000e-01,7.69999975e-01,0.00000000e+00
8.58858859e+01,5.17157593e-01,2.87388133e+03,5.12006003e+05,3.43432395e+03,0.00000000e+00,2.30000000e-01,7.69999930e-01,0.00000000e+00
8.59859860e+01,5.15444741e-01,2.87791744e+03,5.09638019e+05,3.42980013e+03,0.00000000e+00,2.30000000e-01,7.69999941e-01,0.00000000e+00
8.60860861e+01,5.13754679e-01,2.88198997e+03,5.07300751e+05,3.42530159e+03,0.00000000e+00,2.30000000e-01,7.69999952e-01,0.00000000e+00
8.61861862e+01,5.12084687e-01,2.88609159e+03,5.04990852e+05,3.42082468e+03,0.00000000e+00,2.30000000e-01,7.69999966e-01,0.00000000e+00
8.62862863e+01,5.10432177e-01,2.89021828e+03,5.02705378e+05,3.41636751e+03,0.00000000e+00,2.30000000e-01,7.69999968e-01,0.00000000e+00
8.63863864e+01,5.08795409e-01,2.89436692e+03,5.00442201e+05,3.41192787e+03,0.00000000e+00,2.30000000e-01,7.69999958e-01,0.00000000e+00
8.64864865e+01,5.07173101e-01,2.89853280e+03,4.98199466e+05,3.40750221e+03,0.00000000e+00,2.30000000e-01,7.69999955e-01,0.00000000e+00
8.65865866e+01,5.05563620e-01,2.90270961e+03,4.95975150e+05,3.40308816e+03,0.00000000e+00,2.30000000e-01,7.69999961e-01,0.00000000e+00
8.66866867e+01,5.03965006e-01,2.90689149e+03,4.93767587e+05,3.39868794e+03,0.00000000e+00,2.30000000e-01,7.69999966e-01,0.00000000e+00
8.67867868e+01,5.02375377e-01,2.91107427e+03,4.91575501e+05,3.39430590e+03,0.00000000e+00,2.30000000e-01,7.69999971e-01,0.00000000e+00
8.68868869e+01,5.00793051e-01,2.91525492e+03,4.89397347e+05,3.38994303e+03,0.00000000e+00,2.30000000e-01,7.69999995e-01,0.00000000e+00
8.69869870e+01,4.99216754e-01,2.91942955e+03,4.87230359e+05,3.38558923e+03,0.00000000e+00,2.30000000e-01,7.70000011e-01,0.00000000e+00
8.70870871e+01,4.97645598e-01,2.92359673e+03,4.85071492e+05,3.38122954e+03,0.00000000e+00,2.30000000e-01,7.70000023e-01,0.00000000e+00
8.71871872e+01,4.96077715e-01,2.92775881e+03,4.82920536e+05,3.37687532e+03,0.00000000e+00,2.30000000e-01,7.70000023e-01,0.00000000e+00
8.72872873e+01,4.94510860e-01,2.93192034e+03,4.80776774e+05,3.37253694e+03,0.00000000e+00,2.30000000e-01,7.70000023e-01,0.00000000e+00
8.73873874e+01,4.92942630e-01,2.93608690e+03,4.78637915e+05,3.36821505e+03,0.00000000e+00,2.30000000e-01,7.69999975e-01,0.00000000e+00
8.74874875e+01,4.91374697e-01,2.94025736e+03,4.76506153e+05,3.36391344e+03,0.00000000e+00,2.30000000e-01,7.69999982e-01,0.00000000e+00
8.75875876e+01,4.89814390e-01,2.94439457e+03,4.74392993e+05,3.35966366e+03,0.00000000e+00,2.30000000e-01,7.70000008e-01,0.00000000e+00
8.76876877e+01,4.88260254e-01,2.94850405e+03,4.72295092e+05,3.35545277e+03,0.00000000e+00,2.30000000e-01,7.70000020e-01,0.00000000e+00
8.77877878e+01,4.86709229e-01,2.95259663e+03,4.70207242e+05,3.35126526e+03,0.00000000e+00,2.30000000e-01,7.70000019e-01,0.00000000e+00
8.78878879e+01,4.85159045e-01,2.95667899e+03,4.68125449e+05,3.34708845e+03,0.00000000e+00,2.30000000e-01,7.70000023e-01,0.00000000e+00
8.79879880e+01,4.83608080e-01,2.96075273e+03,4.66046834e+05,3.34291300e+03,0.00000000e+00,2.30000000e-01,7.70000044e-01,0.00000000e+00
8.80880881e+01,4.82052710e-01,2.96482400e+03,4.63965447e+05,3.33872145e+03,0.00000000e+00,2.30000000e-01,7.70000005e-01,0.00000000e+00
8.81881882e+01,4.80489926e-01,2.96890808e+03,4.61875030e+05,3.33448917e+03,0.00000000e+00,2.30000000e-01,7.69999923e-01,0.00000000e+00
8.82882883e+01,4.78931712e-01,2.97295928e+03,4.59793089e+05,3.33025836e+03,0.00000000e+00,2.30000000e-01,7.69999996e-01,0.00000000e+00
8.83883884e+01,4.77379570e-01,2.97696999e+03,4.57721055e+05,3.32602983e+03,0.00000000e+00,2.30000000e-01,7.70000003e-01,0.00000000e+00
8.84884885e+01,4.75831071e-01,2.98095394e+03,4.55654745e+05,3.32179003e+03,0.00000000e+00,2.30000000e-01,7.70000008e-01,0.00000000e+00
8.85885886e+01,4.74288509e-01,2.98489356e+03,4.53599047e+05,3.31755859e+03,0.00000000e+00,2.30000000e-01,7.70000022e-01,0.00000000e+00
8.86886887e+01,4.72749632e-01,2.98879408e+03,4.51551806e+05,3.31333578e+03,0.00000000e+00,2.30000000e-01,7.70000031e-01,0.00000000e+00
8.87887888e+01,4.71209506e-01,2.99267497e+03,4.49506957e+05,3.30911154e+03,0.00000000e+00,2.30000000e-01,7.70000106e-01,0.00000000e+00
8.88888889e+01,4.69664504e-01,2.99655879e+03,4.47461102e+05,3.30488632e+03,0.00000000e+00,2.30000000e-01,7.70000231e-01,0.00000000e+00
8.89889890e+01,4.68123560e-01,3.00047091e+03,4.45429598e+05,3.30071148e+03,0.00000000e+00,2.30000000e-01,7.70000201e-01,0.00000000e+00
8.90890891e+01,4.66613094e-01,3.00438785e+03,4.43442122e+05,3.29662244e+03,0.00000000e+00,2.30000000e-01,7.69999759e-01,0.00000000e+00
8.91891892e+01,4.65151514e-01,3.00827059e+03,4.41517355e+05,3.29262633e+03,0.00000000e+00,2.30000000e-01,7.69999941e-01,0.00000000e+00
8.92892893e+01,4.63727940e-01,3.01209947e+03,4.39645357e+05,3.28873158e+03,0.00000000e+00,2.30000000e-01,7.69999730e-01,0.00000000e+00
8.93893894e+01,4.62329432e-01,3.01593479e+03,4.37815245e+05,3.28494766e+03,0.00000000e+00,2.30000000e-01,7.69999918e-01,0.00000000e+00
8.94894895e+01,4.60936949e-01,3.01980292e+03,4.35993793e+05,3.28116241e+03,0.00000000e+00,2.30000000e-01,7.70000305e-01,0.00000000e+00
8.95895896e+01,4.59542706e-01,3.02371742e+03,4.34170974e+05,3.27735822e+03,0.00000000e+00,2.30000000e-01,7.70000171e-01,0.00000000e+00
8.96896897e+01,4.58173676e-01,3.02761388e+03,4.32383427e+05,3.27361835e+03,0.00000000e+00,2.30000000e-01,7.69999867e-01,0.00000000e+00
8.97897898e+01,4.56849112e-01,3.03142996e+03,4.30658794e+05,3.27001478e+03,0.00000000e+00,2.30000000e-01,7.69999774e-01,0.00000000e+00
8.98898899e+01,4.55559158e-01,3.03518282e+03,4.28982989e+05,3.26651308e+03,0.00000000e+00,2.30000000e-01,7.69999928e-01,0.00000000e+00
8.99899900e+01,4.54281962e-01,3.03893262e+03,4.27324763e+05,3.26303412e+03,0.00000000e+00,2.30000000e-01,7.70000074e-01,0.00000000e+00
9.00900901e+01,4.53011041e-01,3.04269387e+03,4.25673864e+05,3.25954676e+03,0.00000000e+00,2.30000000e-01,7.70000140e-01,0.00000000e+00
9.01901902e+01,4.51754592e-01,3.04643646e+03,4.24042700e+05,3.25608759e+03,0.00000000e+00,2.30000000e-01,7.70000036e-01,0.00000000e+00
9.02902903e+01,4.50523804e-01,3.05013571e+03,4.22445496e+05,3.25268551e+03,0.00000000e+00,2.30000000e-01,7.69999882e-01,0.00000000e+00
9.03903904e+01,4.49321120e-01,3.05378996e+03,4.20882189e+05,3.24932281e+03,0.00000000e+00,2.30000000e-01,7.69999858e-01,0.00000000e+00
9.04904905e+01,4.48137357e-01,3.05741925e+03,4.19339995e+05,3.24596790e+03,0.00000000e+00,2.30000000e-01,7.69999993e-01,0.00000000e+00
9.05905906e+01,4.46962522e-01,3.06103800e+03,4.17808843e+05,3.24261611e+03,0.00000000e+00,2.30000000e-01,7.70000141e-01,0.00000000e+00
9.06906907e+01,4.45796787e-01,3.06463891e+03,4.16291572e+05,3.23928943e+03,0.00000000e+00,2.30000000e-01,7.70000025e-01,0.00000000e+00
9.07907908e+01,4.44649938e-01,3.06820605e+03,4.14797520e+05,3.23598901e+03,0.00000000e+00,2.30000000e-01,7.69999904e-01,0.00000000e+00
9.08908909e+01,4.43525294e-01,3.07172763e+03,4.13331065e+05,3.23272507e+03,0.00000000e+00,2.30000000e-01,7.69999919e-01,0.00000000e+00
9.09909910e+01,4.42417021e-01,3.07520853e+03,4.11887104e+05,3.22950124e+03,0.00000000e+00,2.30000000e-01,7.69999985e-01,0.00000000e+00
9.10910911e+01,4.41318376e-01,3.07866382e+03,4.10458349e+05,3.22631055e+03,0.00000000e+00,2.30000000e-01,7.69999989e-01,0.00000000e+00
9.11911912e+01,4.40227198e-01,3.08210229e+03,4.09042578e+05,3.22315145e+03,0.00000000e+00,2.30000000e-01,7.70000031e-01,0.00000000e+00
9.12912913e+01,4.39144388e-01,3.08551326e+03,4.07640742e+05,3.22002544e+03,0.00000000e+00,2.30000000e-01,7.70000052e-01,0.00000000e+00
9.13913914e+01,4.38072303e-01,3.08888992e+03,4.06254506e+05,3.21692936e+03,0.00000000e+00,2.30000000e-01,7.69999891e-01,0.00000000e+00
9.14914915e+01,4.37013747e-01,3.09223355e+03,4.04889684e+05,3.21388771e+03,0.00000000e+00,2.30000000e-01,7.69999988e-01,0.00000000e+00
9.15915916e+01,4.35965415e-01,3.09552631e+03,4.03543724e+05,3.21090628e+03,0.00000000e+00,2.30000000e-01,7.70000020e-01,0.00000000e+00
9.16916917e+01,4.34919448e-01,3.09881354e+03,4.02201134e+05,3.20791993e+03,0.00000000e+00,2.30000000e-01,7.70000051e-01,0.00000000e+00
9.17917918e+01,4.33878448e-01,3.10208337e+03,4.00867571e+05,3.20495483e+03,0.00000000e+00,2.30000000e-01,7.70000031e-01,0.00000000e+00
9.18918919e+01,4.32851556e-01,3.10529342e+03,3.99556178e+05,3.20204903e+03,0.00000000e+00,2.30000000e-01,7.69999931e-01,0.00000000e+00
9.19919920e+01,4.31836214e-01,3.10847513e+03,3.98259154e+05,3.19915884e+03,0.00000000e+00,2.30000000e-01,7.69999966e-01,0.00000000e+00
9.20920921e+01,4.30836563e-01,3.11157051e+03,3.97010234e+05,3.19647840e+03,0.00000000e+00,2.30000000e-01,7.70014437e-01,0.00000000e+00
9.21921922e+01,4.29626380e-01,3.11554701e+03,3.94838541e+05,3.18936369e+03,0.00000000e+00,2.30000000e-01,7.69583257e-01,0.00000000e+00
9.22922923e+01,5.06947107e-01,2.70521558e+03,6.58160882e+05,4.50505682e+03,0.00000000e+00,2.32545272e-01,7.67454728e-01,0.00000000e+00
9.23923924e+01,1.35019004e+00,5.19103039e+02,3.87271815e+06,9.94905931e+03,0.00000000e+00,2.29496279e-01,7.70503721e-01,0.00000000e+00
9.24924925e+01,1.81914492e+00,8.54331853e-01,5.86971641e+06,1.11923349e+04,0.00000000e+00,2.29673143e-01,7.70326857e-01,0.00000000e+00
9.25925926e+01,1.84444488e+00,-7.61715609e+01,6.04184190e+06,1.13619129e+04,0.00000000e+00,2.30000000e-01,7.70092370e-01,0.00000000e+00
9.26926927e+01,1.84357855e+00,-7.86974979e+01,6.05958692e+06,1.14016222e+04,0.00000000e+00,2.30000000e-01,7.70008515e-01,0.00000000e+00
9.27927928e+01,1.84015137e+00,-7.91958637e+01,6.06093896e+06,1.14255184e+04,0.00000000e+00,2.30000000e-01,7.69998937e-01,0.00000000e+00
9.28928929e+01,1.83418056e+00,-7.93172596e+01,6.05618457e+06,1.14537984e+04,0.00000000e+00,2.30000000e-01,7.69992310e-01,0.00000000e+00
9.29929930e+01,1.82801694e+00,-7.94563698e+01,6.05024126e+06,1.14810462e+04,0.00000000e+00,2.30000000e-01,7.70000210e-01,0.00000000e+00
9.30930931e+01,1.82187426e+00,-7.89129985e+01,6.04308970e+06,1.15061312e+04,0.00000000e+00,2.30000000e-01,7.70000897e-01,0.00000000e+00
9.31931932e+01,1.81595475e+00,-7.75741650e+01,6.03426893e+06,1.15268128e+04,0.00000000e+00,2.30000000e-01,7.69998834e-01,0.00000000e+00
9.32932933e+01,1.81051830e+00,-7.57233297e+01,6.02383677e+06,1.15414276e+04,0.00000000e+00,2.30000000e-01,7.69999609e-01,0.00000000e+00
9.33933934e+01,1.80519712e+00,-7.31113074e+01,6.01046999e+06,1.15497571e+04,0.00000000e+00,2.30000000e-01,7.70000065e-01,0.00000000e+00
9.34934935e+01,1.79984425e+00,-6.95816057e+01,5.99401923e+06,1.15523639e+04,0.00000000e+00,2.30000000e-01,7.70003189e-01,0.00000000e+00
9.35935936e+01,1.79450494e+00,-6.51041381e+01,5.97431731e+06,1.15486793e+04,0.00000000e+00,2.30000000e-01,7.70000865e-01,0.00000000e+00
9.36936937e+01,1.79018869e+00,-6.07800649e+01,5.95562856e+06,1.15403209e+04,0.00000000e+00,2.30000000e-01,7.69999976e-01,0.00000000e+00
9.37937938e+01,1.78713882e+00,-5.70082150e+01,5.93926453e+06,1.15282617e+04,0.00000000e+00,2.30000000e-01,7.69999187e-01,0.00000000e+00
9.38938939e+01,1.78536389e+00,-5.36880391e+01,5.92554716e+06,1.15130710e+04,0.00000000e+00,2.30000000e-01,7.69999126e-01,0.00000000e+00
9.39939940e+01,1.78461085e+00,-5.09225267e+01,5.91384915e+06,1.14952093e+04,0.00000000e+00,2.30000000e-01,7.69997567e-01,0.00000000e+00
9.40940941e+01,1.78461486e+00,-4.85513091e+01,5.90452650e+06,1.14770404e+04,0.00000000e+00,2.30000000e-01,7.69999424e-01,0.00000000e+00
9.41941942e+01,1.78478582e+00,-4.67315054e+01,5.89641228e+06,1.14601695e+04,0.00000000e+00,2.30000000e-01,7.69999493e-01,0.00000000e+00
9.42942943e+01,1.78520464e+00,-4.51531844e+01,5.89030133e+06,1.14455919e+04,0.00000000e+00,2.30000000e-01,7.70000732e-01,0.00000000e+00
9.43943944e+01,1.78555480e+00,-4.39800630e+01,5.88510618e+06,1.14332681e+04,0.00000000e+00,2.30000000e-01,7.69999575e-01,0.00000000e+00
9.44944945e+01,1.78581344e+00,-4.29871375e+01,5.88140854e+06,1.14244177e+04,0.00000000e+00,2.30000000e-01,7.70000604e-01,0.00000000e+00
9.45945946e+01,1.78585433e+00,-4.22833760e+01,5.87841543e+06,1.14183394e+04,0.00000000e+00,2.30000000e-01,7.70000838e-01,0.00000000e+00
9.46946947e+01,1.78563701e+00,-4.17930413e+01,5.87619264e+06,1.14154169e+04,0.00000000e+00,2.30000000e-01,7.70000337e-01,0.00000000e+00
9.47947948e+01,1.78508596e+00,-4.14670802e+01,5.87471827e+06,1.14160763e+04,0.00000000e+00,2.30000000e-01,7.70000284e-01,0.00000000e+00
9.48948949e+01,1.78411087e+00,-4.12666019e+01,5.87389798e+06,1.14207204e+04,0.00000000e+00,2.30000000e-01,7.70000314e-01,0.00000000e+00
9.49949950e+01,1.78262079e+00,-4.11149630e+01,5.87373261e+06,1.14299442e+04,0.00000000e+00,2.30000000e-01,7.70000397e-01,0.00000000e+00
9.50950951e+01,1.78107971e+00,-4.10396579e+01,5.87387653e+06,1.14401205e+04,0.00000000e+00,2.30000000e-01,7.69999860e-01,0.00000000e+00
9.51951952e+01,1.78011885e+00,-4.10426471e+01,5.87411081e+06,1.14467609e+04,0.00000000e+00,2.30000000e-01,7.69999117e-01,0.00000000e+00
9.52952953e+01,1.77974745e+00,-4.10839861e+01,5.87444526e+06,1.14498018e+04,0.00000000e+00,2.30000000e-01,7.69999091e-01,0.00000000e+00
9.53953954e+01,1.77969990e+00,-4.10751083e+01,5.87475941e+06,1.14507214e+04,0.00000000e+00,2.30000000e-01,7.69998971e-01,0.00000000e+00
9.54954955e+01,1.77996730e+00,-4.09749712e+01,5.87483640e+06,1.14491564e+04,0.00000000e+00,2.30000000e-01,7.69998541e-01,0.00000000e+00
9.55955956e+01,1.78095073e+00,-4.07721999e+01,5.87479686e+06,1.14427579e+04,0.00000000e+00,2.30000000e-01,7.69998482e-01,0.00000000e+00
9.56956957e+01,1.78311745e+00,-4.04540063e+01,5.87464254e+06,1.14285567e+04,0.00000000e+00,2.30000000e-01,7.69998189e-01,0.00000000e+00
9.57957958e+01,1.78702506e+00,-4.00186714e+01,5.87440067e+06,1.14031026e+04,0.00000000e+00,2.30000000e-01,7.69997700e-01,0.00000000e+00
9.58958959e+01,1.79338413e+00,-3.94762309e+01,5.87411303e+06,1.13621188e+04,0.00000000e+00,2.30000000e-01,7.69997161e-01,0.00000000e+00
9.59959960e+01,1.80307912e+00,-3.88493909e+01,5.87383543e+06,1.13004960e+04,0.00000000e+00,2.30000000e-01,7.69996787e-01,0.00000000e+00
9.60960961e+01,1.81712390e+00,-3.81525854e+01,5.87358141e+06,1.12126683e+04,0.00000000e+00,2.30000000e-01,7.69996775e-01,0.00000000e+00
9.61961962e+01,1.83655896e+00,-3.74047917e+01,5.87334640e+06,1.10935635e+04,0.00000000e+00,2.30000000e-01,7.69997202e-01,0.00000000e+00
9.62962963e+01,1.86231768e+00,-3.66375815e+01,5.87317236e+06,1.09397822e+04,0.00000000e+00,2.30000000e-01,7.69998622e-01,0.00000000e+00
9.63963964e+01,1.89489805e+00,-3.58926287e+01,5.87277920e+06,1.07509594e+04,0.00000000e+00,2.30000000e-01,7.69999294e-01,0.00000000e+00
9.64964965e+01,1.92840977e+00,-3.51324179e+01,5.87290519e+06,1.05643445e+04,0.00000000e+00,2.30000000e-01,7.70000430e-01,0.00000000e+00
9.65965966e+01,1.95572691e+00,-3.43909163e+01,5.87312568e+06,1.04171642e+04,0.00000000e+00,2.30000000e-01,7.70001455e-01,0.00000000e+00
9.66966967e+01,1.97600718e+00,-3.37227138e+01,5.87379533e+06,1.03114116e+04,0.00000000e+00,2.30000000e-01,7.70002790e-01,0.00000000e+00
9.67967968e+01,1.98972268e+00,-3.30532032e+01,5.87472750e+06,1.02419530e+04,0.00000000e+00,2.30000000e-01,7.70003302e-01,0.00000000e+00
9.68968969e+01,1.99784430e+00,-3.24206371e+01,5.87624022e+06,1.02029313e+04,0.00000000e+00,2.30000000e-01,7.70004518e-01,0.00000000e+00
9.69969970e+01,2.00155458e+00,-3.17394764e+01,5.87806879e+06,1.01871821e+04,0.00000000e+00,2.30000000e-01,7.70005010e-01,0.00000000e+00
9.70970971e+01,2.00249504e+00,-3.10236203e+01,5.88034945e+06,1.01863453e+04,0.00000000e+00,2.30000000e-01,7.70005311e-01,0.00000000e+00
9.71971972e+01,2.00149522e+00,-3.02424773e+01,5.88299315e+06,1.01960126e+04,0.00000000e+00,2.30000000e-01,7.70005599e-01,0.00000000e+00
9.72972973e+01,1.99745790e+00,-2.93708174e+01,5.88587787e+06,1.02216221e+04,0.00000000e+00,2.30000000e-01,7.70006420e-01,0.00000000e+00
9.73973974e+01,1.98806183e+00,-2.83944969e+01,5.88883364e+06,1.02750816e+04,0.00000000e+00,2.30000000e-01,7.70007153e-01,0.00000000e+00
9.74974975e+01,1.97075274e+00,-2.73316067e+01,5.89183966e+06,1.03706109e+04,0.00000000e+00,2.30000000e-01,7.70007873e-01,0.00000000e+00
9.75975976e+01,1.94278622e+00,-2.61951311e+01,5.89475430e+06,1.05250962e+04,0.00000000e+00,2.30000000e-01,7.70008275e-01,0.00000000e+00
9.76976977e+01,1.90139341e+00,-2.50096046e+01,5.89746141e+06,1.07591633e+04,0.00000000e+00,2.30000000e-01,7.70008280e-01,0.00000000e+00
9.77977978e+01,1.84398032e+00,-2.37924465e+01,5.89986700e+06,1.10986855e+04,0.00000000e+00,2.30000000e-01,7.70007771e-01,0.00000000e+00
9.78978979e+01,1.76836129e+00,-2.25532254e+01,5.90191720e+06,1.15773252e+04,0.00000000e+00,2.30000000e-01,7.70006622e-01,0.00000000e+00
9.79979980e+01,1.67300126e+00,-2.12995088e+01,5.90359969e+06,1.22407404e+04,0.00000000e+00,2.30000000e-01,7.70004535e-01,0.00000000e+00
9.80980981e+01,1.55727973e+00,-2.00459842e+01,5.90496372e+06,1.31534413e+04,0.00000000e+00,2.30000000e-01,7.70000650e-01,0.00000000e+00
9.81981982e+01,1.43495893e+00,-1.87100605e+01,5.90619370e+06,1.42776996e+04,0.00000000e+00,2.30000000e-01,7.69997885e-01,0.00000000e+00
9.82982983e+01,1.32574699e+00,-1.74048939e+01,5.90683357e+06,1.54556091e+04,0.00000000e+00,2.30000000e-01,7.69993382e-01,0.00000000e+00
9.83983984e+01,1.23498651e+00,-1.60674551e+01,5.90734974e+06,1.65929487e+04,0.00000000e+00,2.30000000e-01,7.69991007e-01,0.00000000e+00
9.84984985e+01,1.16072584e+00,-1.48117396e+01,5.90741501e+06,1.76547604e+04,0.00000000e+00,2.30000000e-01,7.69989003e-01,0.00000000e+00
9.85985986e+01,1.10087054e+00,-1.35610799e+01,5.90727366e+06,1.86142385e+04,0.00000000e+00,2.30000000e-01,7.69988024e-01,0.00000000e+00
9.86986987e+01,1.05327773e+00,-1.23252322e+01,5.90696437e+06,1.94543120e+04,0.00000000e+00,2.30000000e-01,7.69988037e-01,0.00000000e+00
9.87987988e+01,1.01590364e+00,-1.11220779e+01,5.90649901e+06,2.01684143e+04,0.00000000e+00,2.30000000e-01,7.69988698e-01,0.00000000e+00
9.88988989e+01,9.86905454e-01,-9.95976597e+00,5.90591303e+06,2.07589390e+04,0.00000000e+00,2.30000000e-01,7.69989771e-01,0.00000000e+00
9.89989990e+01,9.64677203e-01,-8.84173380e+00,5.90524674e+06,2.12348452e+04,0.00000000e+00,2.30000000e-01,7.69991086e-01,0.00000000e+00
9.90990991e+01,9.47854679e-01,-7.76848573e+00,5.90454531e+06,2.16091209e+04,0.00000000e+00,2.30000000e-01,7.69992581e-01,0.00000000e+00
9.91991992e+01,9.35306124e-01,-6.74164679e+00,5.90381704e+06,2.18963102e+04,0.00000000e+00,2.30000000e-01,7.69993860e-01,0.00000000e+00
9.92992993e+01,9.26123871e-01,-5.74638263e+00,5.90313471e+06,2.21108208e+04,0.00000000e+00,2.30000000e-01,7.69995149e-01,0.00000000e+00
9.93993994e+01,9.19577546e-01,-4.79585006e+00,5.90246171e+06,2.22656698e+04,0.00000000e+00,2.30000000e-01,7.69995832e-01,0.00000000e+00
9.94994995e+01,9.15102280e-01,-3.85437112e+00,5.90192253e+06,2.23724952e+04,0.00000000e+00,2.30000000e-01,7.69996699e-01,0.00000000e+00
9.95995996e+01,9.12220094e-01,-2.96061879e+00,5.90140057e+06,2.24411938e+04,0.00000000e+00,2.30000000e-01,7.69996834e-01,0.00000000e+00
9.96996997e+01,9.10557003e-01,-2.05753693e+00,5.90108424e+06,2.24809619e+04,0.00000000e+00,2.30000000e-01,7.69997466e-01,0.00000000e+00
9.97997998e+01,9.09756974e-01,-1.20370214e+00,5.90080409e+06,2.24996791e+04,0.00000000e+00,2.30000000e-01,7.69996777e-01,0.00000000e+00
9.98998999e+01,9.09536653e-01,-3.00743134e-01,5.90105504e+06,2.25060574e+04,0.00000000e+00,2.30000000e-01,7.69998026e-01,0.00000000e+00
1.00000000e+02,9.09536653e-01,3.00743134e-01,5.90105504e+06,2.25060574e+04,0.00000000e+00,2.30000000e-01,7.69998026e-01,0.00000000e+00
