# x(m), rho(kg/m3), u(m/s), p(Pa), T(K), Y_H2, Y_O2, Y_N2, Y_H2O
0.00000000e+00,5.80300589e+00,-0.00000000e+00,3.00000000e+06,6.00000000e+02,1.50000000e-01,2.50000000e-01,6.00000000e-01,0.00000000e+00
1.00100100e-01,5.80300589e+00,0.00000000e+00,3.00000000e+06,6.00000000e+02,1.50000000e-01,2.50000000e-01,6.00000000e-01,0.00000000e+00
2.00200200e-01,5.80300589e+00,0.00000000e+00,3.00000000e+06,6.00000000e+02,1.50000000e-01,2.50000000e-01,6.00000000e-01,0.00000000e+00
3.00300300e-01,5.80300589e+00,0.00000000e+00,3.00000000e+06,6.00000000e+02,1.50000000e-01,2.50000000e-01,6.00000000e-01,0.00000000e+00
4.00400400e-01,5.80300589e+00,0.00000000e+00,3.00000000e+06,6.00000000e+02,1.50000000e-01,2.50000000e-01,6.00000000e-01,0.00000000e+00
5.00500501e-01,5.80300589e+00,0.00000000e+00,3.00000000e+06,6.00000000e+02,1.50000000e-01,2.50000000e-01,6.00000000e-01,0.00000000e+00
6.00600601e-01,5.80300589e+00,0.00000000e+00,3.00000000e+06,6.00000000e+02,1.50000000e-01,2.50000000e-01,6.00000000e-01,0.00000000e+00
7.00700701e-01,5.80300589e+00,0.00000000e+00,3.00000000e+06,6.00000000e+02,1.50000000e-01,2.50000000e-01,6.00000000e-01,0.00000000e+00
8.00800801e-01,5.80300589e+00,0.00000000e+00,3.00000000e+06,6.00000000e+02,1.50000000e-01,2.50000000e-01,6.00000000e-01,0.00000000e+00
9.00900901e-01,5.80300589e+00,0.00000000e+00,3.00000000e+06,6.00000000e+02,1.50000000e-01,2.50000000e-01,6.00000000e-01,0.00000000e+00
1.00100100e+00,5.80300589e+00,0.00000000e+00,3.00000000e+06,6.00000000e+02,1.50000000e-01,2.50000000e-01,6.00000000e-01,0.00000000e+00
1.10110110e+00,5.80300589e+00,0.00000000e+00,3.00000000e+06,6.00000000e+02,1.50000000e-01,2.50000000e-01,6.00000000e-01,0.00000000e+00
1.20120120e+00,5.80300589e+00,0.00000000e+00,3.00000000e+06,6.00000000e+02,1.50000000e-01,2.50000000e-01,6.00000000e-01,0.00000000e+00
1.30130130e+00,5.80300589e+00,0.00000000e+00,3.00000000e+06,6.00000000e+02,1.50000000e-01,2.50000000e-01,6.00000000e-01,0.00000000e+00
1.40140140e+00,5.80300589e+00,0.00000000e+00,3.00000000e+06,6.00000000e+02,1.50000000e-01,2.50000000e-01,6.00000000e-01,0.00000000e+00
1.50150150e+00,5.80300589e+00,0.00000000e+00,3.00000000e+06,6.00000000e+02,1.50000000e-01,2.50000000e-01,6.00000000e-01,0.00000000e+00
1.60160160e+00,5.80300589e+00,0.00000000e+00,3.00000000e+06,6.00000000e+02,1.50000000e-01,2.50000000e-01,6.00000000e-01,0.00000000e+00
1.70170170e+00,5.80300589e+00,0.00000000e+00,3.00000000e+06,6.00000000e+02,1.50000000e-01,2.50000000e-01,6.00000000e-01,0.00000000e+00
1.80180180e+00,5.80300589e+00,0.00000000e+00,3.00000000e+06,6.00000000e+02,1.50000000e-01,2.50000000e-01,6.00000000e-01,0.00000000e+00
1.90190190e+00,5.80300589e+00,0.00000000e+00,3.00000000e+06,6.00000000e+02,1.50000000e-01,2.50000000e-01,6.00000000e-01,0.00000000e+00
2.00200200e+00,5.80300589e+00,0.00000000e+00,3.00000000e+06,6.00000000e+02,1.50000000e-01,2.50000000e-01,6.00000000e-01,0.00000000e+00
2.10210210e+00,5.80300589e+00,0.00000000e+00,3.00000000e+06,6.00000000e+02,1.50000000e-01,2.50000000e-01,6.00000000e-01,0.00000000e+00
2.20220220e+00,5.80300589e+00,0.00000000e+00,3.00000000e+06,6.00000000e+02,1.50000000e-01,2.50000000e-01,6.00000000e-01,0.00000000e+00
2.30230230e+00,5.80300589e+00,0.00000000e+00,3.00000000e+06,6.00000000e+02,1.50000000e-01,2.50000000e-01,6.00000000e-01,0.00000000e+00
2.40240240e+00,5.80300589e+00,0.00000000e+00,3.00000000e+06,6.00000000e+02,1.50000000e-01,2.50000000e-01,6.00000000e-01,0.00000000e+00
2.50250250e+00,5.80300589e+00,0.00000000e+00,3.00000000e+06,6.00000000e+02,1.50000000e-01,2.50000000e-01,6.00000000e-01,0.00000000e+00
2.60260260e+00,5.80300589e+00,0.00000000e+00,3.00000000e+06,6.00000000e+02,1.50000000e-01,2.50000000e-01,6.00000000e-01,0.00000000e+00
2.70270270e+00,5.80300589e+00,0.00000000e+00,3.00000000e+06,6.00000000e+02,1.50000000e-01,2.50000000e-01,6.00000000e-01,0.00000000e+00
2.80280280e+00,5.80300589e+00,0.00000000e+00,3.00000000e+06,6.00000000e+02,1.50000000e-01,2.50000000e-01,6.00000000e-01,0.00000000e+00
2.90290290e+00,5.80300589e+00,0.00000000e+00,3.00000000e+06,6.00000000e+02,1.50000000e-01,2.50000000e-01,6.00000000e-01,0.00000000e+00
3.00300300e+00,5.80300589e+00,0.00000000e+00,3.00000000e+06,6.00000000e+02,1.50000000e-01,2.50000000e-01,6.00000000e-01,0.00000000e+00
3.10310310e+00,5.80300589e+00,0.00000000e+00,3.00000000e+06,6.00000000e+02,1.50000000e-01,2.50000000e-01,6.00000000e-01,0.00000000e+00
3.20320320e+00,5.80300589e+00,0.00000000e+00,3.00000000e+06,6.00000000e+02,1.50000000e-01,2.50000000e-01,6.00000000e-01,0.00000000e+00
3.30330330e+00,5.80300589e+00,0.00000000e+00,3.00000000e+06,6.00000000e+02,1.50000000e-01,2.50000000e-01,6.00000000e-01,0.00000000e+00
3.40340340e+00,5.80300589e+00,0.00000000e+00,3.00000000e+06,6.00000000e+02,1.50000000e-01,2.50000000e-01,6.00000000e-01,0.00000000e+00
3.50350350e+00,5.80300589e+00,0.00000000e+00,3.00000000e+06,6.00000000e+02,1.50000000e-01,2.50000000e-01,6.00000000e-01,0.00000000e+00
3.60360360e+00,5.80300589e+00,0.00000000e+00,3.00000000e+06,6.00000000e+02,1.50000000e-01,2.50000000e-01,6.00000000e-01,0.00000000e+00
3.70370370e+00,5.80300589e+00,0.00000000e+00,3.00000000e+06,6.00000000e+02,1.50000000e-01,2.50000000e-01,6.00000000e-01,0.00000000e+00
3.80380380e+00,5.80300589e+00,0.00000000e+00,3.00000000e+06,6.00000000e+02,1.50000000e-01,2.50000000e-01,6.00000000e-01,0.00000000e+00
3.90390390e+00,5.80300589e+00,0.00000000e+00,3.00000000e+06,6.00000000e+02,1.50000000e-01,2.50000000e-01,6.00000000e-01,0.00000000e+00
4.00400400e+00,5.80300589e+00,0.00000000e+00,3.00000000e+06,6.00000000e+02,1.50000000e-01,2.50000000e-01,6.00000000e-01,0.00000000e+00
4.10410410e+00,5.80300589e+00,0.00000000e+00,3.00000000e+06,6.00000000e+02,1.50000000e-01,2.50000000e-01,6.00000000e-01,0.00000000e+00
4.20420420e+00,5.80300589e+00,0.00000000e+00,3.00000000e+06,6.00000000e+02,1.50000000e-01,2.50000000e-01,6.00000000e-01,0.00000000e+00
4.30430430e+00,5.80300589e+00,0.00000000e+00,3.00000000e+06,6.00000000e+02,1.50000000e-01,2.50000000e-01,6.00000000e-01,0.00000000e+00
4.40440440e+00,5.80300589e+00,0.00000000e+00,3.00000000e+06,6.00000000e+02,1.50000000e-01,2.50000000e-01,6.00000000e-01,0.00000000e+00
4.50450450e+00,5.80300589e+00,0.00000000e+00,3.00000000e+06,6.00000000e+02,1.50000000e-01,2.50000000e-01,6.00000000e-01,0.00000000e+00
4.60460460e+00,5.80300589e+00,0.00000000e+00,3.00000000e+06,6.00000000e+02,1.50000000e-01,2.50000000e-01,6.00000000e-01,0.00000000e+00
4.70470470e+00,5.80300589e+00,0.00000000e+00,3.00000000e+06,6.00000000e+02,1.50000000e-01,2.50000000e-01,6.00000000e-01,0.00000000e+00
4.80480480e+00,5.80300589e+00,0.00000000e+00,3.00000000e+06,6.00000000e+02,1.50000000e-01,2.50000000e-01,6.00000000e-01,0.00000000e+00
4.90490490e+00,5.80300589e+00,0.00000000e+00,3.00000000e+06,6.00000000e+02,1.50000000e-01,2.50000000e-01,6.00000000e-01,0.00000000e+00
5.00500501e+00,5.80300589e+00,0.00000000e+00,3.00000000e+06,6.00000000e+02,1.50000000e-01,2.50000000e-01,6.00000000e-01,0.00000000e+00
5.10510511e+00,5.80300589e+00,0.00000000e+00,3.00000000e+06,6.00000000e+02,1.50000000e-01,2.50000000e-01,6.00000000e-01,0.00000000e+00
5.20520521e+00,5.80300589e+00,0.00000000e+00,3.00000000e+06,6.00000000e+02,1.50000000e-01,2.50000000e-01,6.00000000e-01,0.00000000e+00
5.30530531e+00,5.80300589e+00,0.00000000e+00,3.00000000e+06,6.00000000e+02,1.50000000e-01,2.50000000e-01,6.00000000e-01,0.00000000e+00
5.40540541e+00,5.80300589e+00,0.00000000e+00,3.00000000e+06,6.00000000e+02,1.50000000e-01,2.50000000e-01,6.00000000e-01,0.00000000e+00
5.50550551e+00,5.80300589e+00,0.00000000e+00,3.00000000e+06,6.00000000e+02,1.50000000e-01,2.50000000e-01,6.00000000e-01,0.00000000e+00
5.60560561e+00,5.80300589e+00,0.00000000e+00,3.00000000e+06,6.00000000e+02,1.50000000e-01,2.50000000e-01,6.00000000e-01,0.00000000e+00
5.70570571e+00,5.80300589e+00,0.00000000e+00,3.00000000e+06,6.00000000e+02,1.50000000e-01,2.50000000e-01,6.00000000e-01,0.00000000e+00
5.80580581e+00,5.80300589e+00,0.00000000e+00,3.00000000e+06,6.00000000e+02,1.50000000e-01,2.50000000e-01,6.00000000e-01,0.00000000e+00
5.90590591e+00,5.80300589e+00,0.00000000e+00,3.00000000e+06,6.00000000e+02,1.50000000e-01,2.50000000e-01,6.00000000e-01,0.00000000e+00
6.00600601e+00,5.80300589e+00,0.00000000e+00,3.00000000e+06,6.00000000e+02,1.50000000e-01,2.50000000e-01,6.00000000e-01,0.00000000e+00
6.10610611e+00,5.80300589e+00,1.14283237e-13,3.00000000e+06,6.00000000e+02,1.50000000e-01,2.50000000e-01,6.00000000e-01,0.00000000e+00
6.20620621e+00,5.80300589e+00,5.17960327e-13,3.00000000e+06,6.00000000e+02,1.50000000e-01,2.50000000e-01,6.00000000e-01,0.00000000e+00
6.30630631e+00,5.80300589e+00,1.98766597e-12,3.00000000e+06,6.00000000e+02,1.50000000e-01,2.50000000e-01,6.00000000e-01,0.00000000e+00
6.40640641e+00,5.80300589e+00,3.57031473e-12,3.00000000e+06,6.00000000e+02,1.50000000e-01,2.50000000e-01,6.00000000e-01,0.00000000e+00
6.50650651e+00,5.80300589e+00,5.07450334e-12,3.00000000e+06,6.00000000e+02,1.50000000e-01,2.50000000e-01,6.00000000e-01,0.00000000e+00
6.60660661e+00,5.80300589e+00,6.57734672e-12,3.00000000e+06,6.00000000e+02,1.50000000e-01,2.50000000e-01,6.00000000e-01,0.00000000e+00
6.70670671e+00,5.80300589e+00,7.95650869e-12,3.00000000e+06,6.00000000e+02,1.50000000e-01,2.50000000e-01,6.00000000e-01,0.00000000e+00
6.80680681e+00,5.80300589e+00,9.46366998e-12,3.00000000e+06,6.00000000e+02,1.50000000e-01,2.50000000e-01,6.00000000e-01,0.00000000e+00
6.90690691e+00,5.80300589e+00,1.09613011e-11,3.00000000e+06,6.00000000e+02,1.50000000e-01,2.50000000e-01,6.00000000e-01,0.00000000e+00
7.00700701e+00,5.80300589e+00,1.24537410e-11,3.00000000e+06,6.00000000e+02,1.50000000e-01,2.50000000e-01,6.00000000e-01,0.00000000e+00
7.10710711e+00,5.80300589e+00,1.38688776e-11,3.00000000e+06,6.00000000e+02,1.50000000e-01,2.50000000e-01,6.00000000e-01,0.00000000e+00
7.20720721e+00,5.80300589e+00,1.52676288e-11,3.00000000e+06,6.00000000e+02,1.50000000e-01,2.50000000e-01,6.00000000e-01,0.00000000e+00
7.30730731e+00,5.80300589e+00,1.66500060e-11,3.00000000e+06,6.00000000e+02,1.50000000e-01,2.50000000e-01,6.00000000e-01,0.00000000e+00
7.40740741e+00,5.80300589e+00,1.82377209e-11,3.00000000e+06,6.00000000e+02,1.50000000e-01,2.50000000e-01,6.00000000e-01,0.00000000e+00
7.50750751e+00,5.80300589e+00,2.02430588e-11,3.00000000e+06,6.00000000e+02,1.50000000e-01,2.50000000e-01,6.00000000e-01,0.00000000e+00
7.60760761e+00,5.80300589e+00,2.42095573e-11,3.00000000e+06,6.00000000e+02,1.50000000e-01,2.50000000e-01,6.00000000e-01,0.00000000e+00
7.70770771e+00,5.80300589e+00,3.19477363e-11,3.00000000e+06,6.00000000e+02,1.50000000e-01,2.50000000e-01,6.00000000e-01,0.00000000e+00
7.80780781e+00,5.80300589e+00,4.70758131e-11,3.00000000e+06,6.00000000e+02,1.50000000e-01,2.50000000e-01,6.00000000e-01,0.00000000e+00
7.90790791e+00,5.80300589e+00,7.61179762e-11,3.00000000e+06,6.00000000e+02,1.50000000e-01,2.50000000e-01,6.00000000e-01,0.00000000e+00
8.00800801e+00,5.80300589e+00,1.29253990e-10,3.00000000e+06,6.00000000e+02,1.50000000e-01,2.50000000e-01,6.00000000e-01,0.00000000e+00
8.10810811e+00,5.80300589e+00,2.24927173e-10,3.00000000e+06,6.00000000e+02,1.50000000e-01,2.50000000e-01,6.00000000e-01,0.00000000e+00
8.20820821e+00,5.80300589e+00,3.96404489e-10,3.00000000e+06,6.00000000e+02,1.50000000e-01,2.50000000e-01,6.00000000e-01,0.00000000e+00
8.30830831e+00,5.80300589e+00,7.00591861e-10,3.00000000e+06,6.00000000e+02,1.50000000e-01,2.50000000e-01,6.00000000e-01,0.00000000e+00
8.40840841e+00,5.80300589e+00,1.23771098e-09,3.00000000e+06,6.00000000e+02,1.50000000e-01,2.50000000e-01,6.00000000e-01,0.00000000e+00
8.50850851e+00,5.80300589e+00,2.17881489e-09,3.00000000e+06,6.00000000e+02,1.50000000e-01,2.50000000e-01,6.00000000e-01,0.00000000e+00
8.60860861e+00,5.80300589e+00,3.81871809e-09,3.00000000e+06,6.00000000e+02,1.50000000e-01,2.50000000e-01,6.00000000e-01,0.00000000e+00
8.70870871e+00,5.80300589e+00,6.66059696e-09,3.00000000e+06,6.00000000e+02,1.50000000e-01,2.50000000e-01,6.00000000e-01,0.00000000e+00
8.80880881e+00,5.80300589e+00,1.15600012e-08,3.00000000e+06,6.00000000e+02,1.50000000e-01,2.50000000e-01,6.00000000e-01,0.00000000e+00
8.90890891e+00,5.80300589e+00,1.99645830e-08,3.00000000e+06,6.00000000e+02,1.50000000e-01,2.50000000e-01,6.00000000e-01,0.00000000e+00
9.00900901e+00,5.80300589e+00,3.43068532e-08,3.00000000e+06,6.00000000e+02,1.50000000e-01,2.50000000e-01,6.00000000e-01,0.00000000e+00
9.10910911e+00,5.80300589e+00,5.86553016e-08,3.00000000e+06,6.00000000e+02,1.50000000e-01,2.50000000e-01,6.00000000e-01,0.00000000e+00
9.20920921e+00,5.80300589e+00,9.97765262e-08,3.00000000e+06,6.00000000e+02,1.50000000e-01,2.50000000e-01,6.00000000e-01,0.00000000e+00
9.30930931e+00,5.80300589e+00,1.68857130e-07,3.00000000e+06,6.00000000e+02,1.50000000e-01,2.50000000e-01,6.00000000e-01,0.00000000e+00
9.40940941e+00,5.80300588e+00,2.84287649e-07,3.00000000e+06,6.00000000e+02,1.50000000e-01,2.50000000e-01,6.00000000e-01,0.00000000e+00
9.50950951e+00,5.80300588e+00,4.76124216e-07,3.00000000e+06,6.00000000e+02,1.50000000e-01,2.50000000e-01,6.00000000e-01,0.00000000e+00
9.60960961e+00,5.80300588e+00,7.93197708e-07,3.00000000e+06,6.00000000e+02,1.50000000e-01,2.50000000e-01,6.00000000e-01,0.00000000e+00
9.70970971e+00,5.80300588e+00,1.31435835e-06,2.99999999e+06,6.00000000e+02,1.50000000e-01,2.50000000e-01,6.00000000e-01,0.00000000e+00
9.80980981e+00,5.80300587e+00,2.16615898e-06,2.99999999e+06,5.99999999e+02,1.50000000e-01,2.50000000e-01,6.00000000e-01,0.00000000e+00
9.90990991e+00,5.80300586e+00,3.55044813e-06,2.99999998e+06,5.99999999e+02,1.50000000e-01,2.50000000e-01,6.00000000e-01,0.00000000e+00
1.00100100e+01,5.80300585e+00,5.78712437e-06,2.99999997e+06,5.99999998e+02,1.50000000e-01,2.50000000e-01,6.00000000e-01,0.00000000e+00
1.01101101e+01,5.80300582e+00,9.37991430e-06,2.99999995e+06,5.99999997e+02,1.50000000e-01,2.50000000e-01,6.00000000e-01,0.00000000e+00
1.02102102e+01,5.80300578e+00,1.51168037e-05,2.99999993e+06,5.99999996e+02,1.50000000e-01,2.50000000e-01,6.00000000e-01,0.00000000e+00
1.03103103e+01,5.80300572e+00,2.42221882e-05,2.99999988e+06,5.99999993e+02,1.50000000e-01,2.50000000e-01,6.00000000e-01,0.00000000e+00
1.04104104e+01,5.80300562e+00,3.85855895e-05,2.99999981e+06,5.99999989e+02,1.50000000e-01,2.50000000e-01,6.00000000e-01,0.00000000e+00
1.05105105e+01,5.80300547e+00,6.11026457e-05,2.99999970e+06,5.99999983e+02,1.50000000e-01,2.50000000e-01,6.00000000e-01,0.00000000e+00
1.06106106e+01,5.80300523e+00,9.61792279e-05,2.99999953e+06,5.99999973e+02,1.50000000e-01,2.50000000e-01,6.00000000e-01,0.00000000e+00
1.07107107e+01,5.80300486e+00,1.50470287e-04,2.99999926e+06,5.99999958e+02,1.50000000e-01,2.50000000e-01,6.00000000e-01,0.00000000e+00
1.08108108e+01,5.80300429e+00,2.33952971e-04,2.99999885e+06,5.99999934e+02,1.50000000e-01,2.50000000e-01,6.00000000e-01,0.00000000e+00
1.09109109e+01,5.80300342e+00,3.61470755e-04,2.99999822e+06,5.99999898e+02,1.50000000e-01,2.50000000e-01,6.00000000e-01,0.00000000e+00
1.10110110e+01,5.80300210e+00,5.54933741e-04,2.99999726e+06,5.99999843e+02,1.50000000e-01,2.50000000e-01,6.00000000e-01,0.00000000e+00
1.11111111e+01,5.80300011e+00,8.46422206e-04,2.99999582e+06,5.99999761e+02,1.50000000e-01,2.50000000e-01,6.00000000e-01,0.00000000e+00
1.12112112e+01,5.80299714e+00,1.28251774e-03,2.99999367e+06,5.99999638e+02,1.50000000e-01,2.50000000e-01,6.00000000e-01,0.00000000e+00
1.13113113e+01,5.80299272e+00,1.93028004e-03,2.99999047e+06,5.99999455e+02,1.50000000e-01,2.50000000e-01,6.00000000e-01,0.00000000e+00
1.14114114e+01,5.80298620e+00,2.88539729e-03,2.99998576e+06,5.99999186e+02,1.50000000e-01,2.50000000e-01,6.00000000e-01,0.00000000e+00
1.15115115e+01,5.80297667e+00,4.28316149e-03,2.99997885e+06,5.99998792e+02,1.50000000e-01,2.50000000e-01,6.00000000e-01,0.00000000e+00
1.16116116e+01,5.80296282e+00,6.31305001e-03,2.99996883e+06,5.99998219e+02,1.50000000e-01,2.50000000e-01,6.00000000e-01,0.00000000e+00
1.17117117e+01,5.80294287e+00,9.23781948e-03,2.99995439e+06,5.99997394e+02,1.50000000e-01,2.50000000e-01,6.00000000e-01,0.00000000e+00
1.18118118e+01,5.80291436e+00,1.34181191e-02,2.99993376e+06,5.99996215e+02,1.50000000e-01,2.50000000e-01,6.00000000e-01,0.00000000e+00
1.19119119e+01,5.80287394e+00,1.93436773e-02,2.99990450e+06,5.99994543e+02,1.50000000e-01,2.50000000e-01,6.00000000e-01,0.00000000e+00
1.20120120e+01,5.80281713e+00,2.76720744e-02,2.99986339e+06,5.99992194e+02,1.50000000e-01,2.50000000e-01,6.00000000e-01,0.00000000e+00
1.21121121e+01,5.80273799e+00,3.92759283e-02,2.99980611e+06,5.99988920e+02,1.50000000e-01,2.50000000e-01,6.00000000e-01,0.00000000e+00
1.22122122e+01,5.80262870e+00,5.52989429e-02,2.99972701e+06,5.99984400e+02,1.50000000e-01,2.50000000e-01,6.00000000e-01,0.00000000e+00
1.23123123e+01,5.80247917e+00,7.72206290e-02,2.99961879e+06,5.99978216e+02,1.50000000e-01,2.50000000e-01,6.00000000e-01,0.00000000e+00
1.24124124e+01,5.80227655e+00,1.06928558e-01,2.99947215e+06,5.99969835e+02,1.50000000e-01,2.50000000e-01,6.00000000e-01,0.00000000e+00
1.25125125e+01,5.80200464e+00,1.46795718e-01,2.99927536e+06,5.99958589e+02,1.50000000e-01,2.50000000e-01,6.00000000e-01,0.00000000e+00
1.26126126e+01,5.80164343e+00,1.99758904e-01,2.99901395e+06,5.99943649e+02,1.50000000e-01,2.50000000e-01,6.00000000e-01,0.00000000e+00
1.27127127e+01,5.80116855e+00,2.69392214e-01,2.99867030e+06,5.99924006e+02,1.50000000e-01,2.50000000e-01,6.00000000e-01,0.00000000e+00
1.28128128e+01,5.80055090e+00,3.59967708e-01,2.99822334e+06,5.99898457e+02,1.50000000e-01,2.50000000e-01,6.00000000e-01,0.00000000e+00
1.29129129e+01,5.79975636e+00,4.76493551e-01,2.99764840e+06,5.99865589e+02,1.50000000e-01,2.50000000e-01,6.00000000e-01,0.00000000e+00
1.30130130e+01,5.79874579e+00,6.24718734e-01,2.99691720e+06,5.99823781e+02,1.50000000e-01,2.50000000e-01,6.00000000e-01,0.00000000e+00
1.31131131e+01,5.79747533e+00,8.11093272e-01,2.99599801e+06,5.99771215e+02,1.50000000e-01,2.50000000e-01,6.00000000e-01,0.00000000e+00
1.32132132e+01,5.79589700e+00,1.04267417e+00,2.99485621e+06,5.99705903e+02,1.50000000e-01,2.50000000e-01,6.00000000e-01,0.00000000e+00
1.33133133e+01,5.79395986e+00,1.32697062e+00,2.99345501e+06,5.99625730e+02,1.50000000e-01,2.50000000e-01,6.00000000e-01,0.00000000e+00
1.34134134e+01,5.79161143e+00,1.67172700e+00,2.99175657e+06,5.99528515e+02,1.50000000e-01,2.50000000e-01,6.00000000e-01,0.00000000e+00
1.35135135e+01,5.78879965e+00,2.08464947e+00,2.98972339e+06,5.99412090e+02,1.50000000e-01,2.50000000e-01,6.00000000e-01,0.00000000e+00
1.36136136e+01,5.78547502e+00,2.57308936e+00,2.98731991e+06,5.99274388e+02,1.50000000e-01,2.50000000e-01,6.00000000e-01,0.00000000e+00
1.37137137e+01,5.78159296e+00,3.14370495e+00,2.98451415e+06,5.99113541e+02,1.50000000e-01,2.50000000e-01,6.00000000e-01,0.00000000e+00
1.38138138e+01,5.77711609e+00,3.80212885e+00,2.98127943e+06,5.98927971e+02,1.50000000e-01,2.50000000e-01,6.00000000e-01,0.00000000e+00
1.39139139e+01,5.77201622e+00,4.55267165e+00,2.97759581e+06,5.98716474e+02,1.50000000e-01,2.50000000e-01,6.00000000e-01,0.00000000e+00
1.40140140e+01,5.76627598e+00,5.39809133e+00,2.97345121e+06,5.98478287e+02,1.50000000e-01,2.50000000e-01,6.00000000e-01,0.00000000e+00
1.41141141e+01,5.75988967e+00,6.33945262e+00,2.96884208e+06,5.98213127e+02,1.50000000e-01,2.50000000e-01,6.00000000e-01,0.00000000e+00
1.42142142e+01,5.75286354e+00,7.37609085e+00,2.96377353e+06,5.97921196e+02,1.50000000e-01,2.50000000e-01,6.00000000e-01,0.00000000e+00
1.43143143e+01,5.74521521e+00,8.50568340e+00,2.95825895e+06,5.97603169e+02,1.50000000e-01,2.50000000e-01,6.00000000e-01,0.00000000e+00
1.44144144e+01,5.73697245e+00,9.72441937e+00,2.95231904e+06,5.97260138e+02,1.50000000e-01,2.50000000e-01,6.00000000e-01,0.00000000e+00
1.45145145e+01,5.72817144e+00,1.10272476e+01,2.94598059e+06,5.96893543e+02,1.50000000e-01,2.50000000e-01,6.00000000e-01,0.00000000e+00
1.46146146e+01,5.71885467e+00,1.24081764e+01,2.93927492e+06,5.96505093e+02,1.50000000e-01,2.50000000e-01,6.00000000e-01,0.00000000e+00
1.47147147e+01,5.70906873e+00,1.38605942e+01,2.93223624e+06,5.96096665e+02,1.50000000e-01,2.50000000e-01,6.00000000e-01,0.00000000e+00
1.48148148e+01,5.69886208e+00,1.53775845e+01,2.92490006e+06,5.95670224e+02,1.50000000e-01,2.50000000e-01,6.00000000e-01,0.00000000e+00
1.49149149e+01,5.68828317e+00,1.69522102e+01,2.91730182e+06,5.95227739e+02,1.50000000e-01,2.50000000e-01,6.00000000e-01,0.00000000e+00
1.50150150e+01,5.67737873e+00,1.85777513e+01,2.90947566e+06,5.94771114e+02,1.50000000e-01,2.50000000e-01,6.00000000e-01,0.00000000e+00
1.51151151e+01,5.66619262e+00,2.02478882e+01,2.90145355e+06,5.94302140e+02,1.50000000e-01,2.50000000e-01,6.00000000e-01,0.00000000e+00
1.52152152e+01,5.65476493e+00,2.19568291e+01,2.89326469e+06,5.93822457e+02,1.50000000e-01,2.50000000e-01,6.00000000e-01,0.00000000e+00
1.53153153e+01,5.64313151e+00,2.36993852e+01,2.88493518e+06,5.93333535e+02,1.50000000e-01,2.50000000e-01,6.00000000e-01,0.00000000e+00
1.54154154e+01,5.63132374e+00,2.54710035e+01,2.87648784e+06,5.92836662e+02,1.50000000e-01,2.50000000e-01,6.00000000e-01,0.00000000e+00
1.55155155e+01,5.61936864e+00,2.72677660e+01,2.86794227e+06,5.92332946e+02,1.50000000e-01,2.50000000e-01,6.00000000e-01,0.00000000e+00
1.56156156e+01,5.60728894e+00,2.90863683e+01,2.85931501e+06,5.91823323e+02,1.50000000e-01,2.50000000e-01,6.00000000e-01,0.00000000e+00
1.57157157e+01,5.59510340e+00,3.09240876e+01,2.85061968e+06,5.91308564e+02,1.50000000e-01,2.50000000e-01,6.00000000e-01,0.00000000e+00
1.58158158e+01,5.58282702e+00,3.27787505e+01,2.84186716e+06,5.90789284e+02,1.50000000e-01,2.50000000e-01,6.00000000e-01,0.00000000e+00
1.59159159e+01,5.57047122e+00,3.46487120e+01,2.83306579e+06,5.90265950e+02,1.50000000e-01,2.50000000e-01,6.00000000e-01,0.00000000e+00
1.60160160e+01,5.55804388e+00,3.65328553e+01,2.82422131e+06,5.89738880e+02,1.50000000e-01,2.50000000e-01,6.00000000e-01,0.00000000e+00
1.61161161e+01,5.54554921e+00,3.84306267e+01,2.81533679e+06,5.89208222e+02,1.50000000e-01,2.50000000e-01,6.00000000e-01,0.00000000e+00
1.62162162e+01,5.53298897e+00,4.03420155e+01,2.80641275e+06,5.88673853e+02,1.50000000e-01,2.50000000e-01,6.00000000e-01,0.00000000e+00
1.63163163e+01,5.52039526e+00,4.22631857e+01,2.79747099e+06,5.88136895e+02,1.50000000e-01,2.50000000e-01,6.00000000e-01,0.00000000e+00
1.64164164e+01,5.50778190e+00,4.41879161e+01,2.78852718e+06,5.87599144e+02,1.50000000e-01,2.50000000e-01,6.00000000e-01,0.00000000e+00
1.65165165e+01,5.49518269e+00,4.61187923e+01,2.77960031e+06,5.87060991e+02,1.50000000e-01,2.50000000e-01,6.00000000e-01,0.00000000e+00
1.66166166e+01,5.48255829e+00,4.80497508e+01,2.77066394e+06,5.86521047e+02,1.50000000e-01,2.50000000e-01,6.00000000e-01,0.00000000e+00
1.67167167e+01,5.46996170e+00,4.99880462e+01,2.76175640e+06,5.85981749e+02,1.50000000e-01,2.50000000e-01,6.00000000e-01,0.00000000e+00
1.68168168e+01,5.45734443e+00,5.19253447e+01,2.75284137e+06,5.85440589e+02,1.50000000e-01,2.50000000e-01,6.00000000e-01,0.00000000e+00
1.69169169e+01,5.44476093e+00,5.38692685e+01,2.74395954e+06,5.84900368e+02,1.50000000e-01,2.50000000e-01,6.00000000e-01,0.00000000e+00
1.70170170e+01,5.43215501e+00,5.58107744e+01,2.73506909e+06,5.84358216e+02,1.50000000e-01,2.50000000e-01,6.00000000e-01,0.00000000e+00
1.71171171e+01,5.41959103e+00,5.77594038e+01,2.72621741e+06,5.83817325e+02,1.50000000e-01,2.50000000e-01,6.00000000e-01,0.00000000e+00
1.72172172e+01,5.40700617e+00,5.97049813e+01,2.71735820e+06,5.83274556e+02,1.50000000e-01,2.50000000e-01,6.00000000e-01,0.00000000e+00
1.73173173e+01,5.39446692e+00,6.16573116e+01,2.70854038e+06,5.82733235e+02,1.50000000e-01,2.50000000e-01,6.00000000e-01,0.00000000e+00
1.74174174e+01,5.38190606e+00,6.36057727e+01,2.69971447e+06,5.82189983e+02,1.50000000e-01,2.50000000e-01,6.00000000e-01,0.00000000e+00
1.75175175e+01,5.36939517e+00,6.55612218e+01,2.69093300e+06,5.81648381e+02,1.50000000e-01,2.50000000e-01,6.00000000e-01,0.00000000e+00
1.76176176e+01,5.35686376e+00,6.75124028e+01,2.68214416e+06,5.81104879e+02,1.50000000e-01,2.50000000e-01,6.00000000e-01,0.00000000e+00
1.77177177e+01,5.34438466e+00,6.94703795e+01,2.67340136e+06,5.80563146e+02,1.50000000e-01,2.50000000e-01,6.00000000e-01,0.00000000e+00
1.78178178e+01,5.33188466e+00,7.14236035e+01,2.66465089e+06,5.80019478e+02,1.50000000e-01,2.50000000e-01,6.00000000e-01,0.00000000e+00
1.79179179e+01,5.31943941e+00,7.33837273e+01,2.65594813e+06,5.79477703e+02,1.50000000e-01,2.50000000e-01,6.00000000e-01,0.00000000e+00
1.80180180e+01,5.30697406e+00,7.53388429e+01,2.64723820e+06,5.78934011e+02,1.50000000e-01,2.50000000e-01,6.00000000e-01,0.00000000e+00
1.81181181e+01,5.29456489e+00,7.73007539e+01,2.63857696e+06,5.78392292e+02,1.50000000e-01,2.50000000e-01,6.00000000e-01,0.00000000e+00
1.82182182e+01,5.28213547e+00,7.92573640e+01,2.62990839e+06,5.77848635e+02,1.50000000e-01,2.50000000e-01,6.00000000e-01,0.00000000e+00
1.83183183e+01,5.26976362e+00,8.12208078e+01,2.62128941e+06,5.77307028e+02,1.50000000e-01,2.50000000e-01,6.00000000e-01,0.00000000e+00
1.84184184e+01,5.25737210e+00,8.31787844e+01,2.61266346e+06,5.76763493e+02,1.50000000e-01,2.50000000e-01,6.00000000e-01,0.00000000e+00
1.85185185e+01,5.24503901e+00,8.51435340e+01,2.60408766e+06,5.76222064e+02,1.50000000e-01,2.50000000e-01,6.00000000e-01,0.00000000e+00
1.86186186e+01,5.23268626e+00,8.71026373e+01,2.59550485e+06,5.75678692e+02,1.50000000e-01,2.50000000e-01,6.00000000e-01,0.00000000e+00
1.87187187e+01,5.22039270e+00,8.90685191e+01,2.58697263e+06,5.75137477e+02,1.50000000e-01,2.50000000e-01,6.00000000e-01,0.00000000e+00
1.88188188e+01,5.20807992e+00,9.10286457e+01,2.57843369e+06,5.74594325e+02,1.50000000e-01,2.50000000e-01,6.00000000e-01,0.00000000e+00
1.89189189e+01,5.19582683e+00,9.29955114e+01,2.56994561e+06,5.74053369e+02,1.50000000e-01,2.50000000e-01,6.00000000e-01,0.00000000e+00
1.90190190e+01,5.18355463e+00,9.49565119e+01,2.56145082e+06,5.73510467e+02,1.50000000e-01,2.50000000e-01,6.00000000e-01,0.00000000e+00
1.91191191e+01,5.17134248e+00,9.69242407e+01,2.55300710e+06,5.72969795e+02,1.50000000e-01,2.50000000e-01,6.00000000e-01,0.00000000e+00
1.92192192e+01,5.15911160e+00,9.88860336e+01,2.54455687e+06,5.72427179e+02,1.50000000e-01,2.50000000e-01,6.00000000e-01,0.00000000e+00
1.93193193e+01,5.14694101e+00,1.00854526e+02,2.53615781e+06,5.71886822e+02,1.50000000e-01,2.50000000e-01,6.00000000e-01,0.00000000e+00
1.94194194e+01,5.13475185e+00,1.02817014e+02,2.52775231e+06,5.71344514e+02,1.50000000e-01,2.50000000e-01,6.00000000e-01,0.00000000e+00
1.95195195e+01,5.12262312e+00,1.04786184e+02,2.51939799e+06,5.70804489e+02,1.50000000e-01,2.50000000e-01,6.00000000e-01,0.00000000e+00
1.96196196e+01,5.11047614e+00,1.06749306e+02,2.51103741e+06,5.70262515e+02,1.50000000e-01,2.50000000e-01,6.00000000e-01,0.00000000e+00
1.97197197e+01,5.09838967e+00,1.08719083e+02,2.50272800e+06,5.69722843e+02,1.50000000e-01,2.50000000e-01,6.00000000e-01,0.00000000e+00
1.98198198e+01,5.08628514e+00,1.10682773e+02,2.49441241e+06,5.69181219e+02,1.50000000e-01,2.50000000e-01,6.00000000e-01,0.00000000e+00
1.99199199e+01,5.07424112e+00,1.12653097e+02,2.48614790e+06,5.68641914e+02,1.50000000e-01,2.50000000e-01,6.00000000e-01,0.00000000e+00
2.00200200e+01,5.06217931e+00,1.14617307e+02,2.47787737e+06,5.68100656e+02,1.50000000e-01,2.50000000e-01,6.00000000e-01,0.00000000e+00
2.01201201e+01,5.05017798e+00,1.16588128e+02,2.46965781e+06,5.67561733e+02,1.50000000e-01,2.50000000e-01,6.00000000e-01,0.00000000e+00
2.02202202e+01,5.03815907e+00,1.18552813e+02,2.46143234e+06,5.67020855e+02,1.50000000e-01,2.50000000e-01,6.00000000e-01,0.00000000e+00
2.03203203e+01,5.02620054e+00,1.20524085e+02,2.45325769e+06,5.66482324e+02,1.50000000e-01,2.50000000e-01,6.00000000e-01,0.00000000e+00
2.04204204e+01,5.01422470e+00,1.22489208e+02,2.44507726e+06,5.65941838e+02,1.50000000e-01,2.50000000e-01,6.00000000e-01,0.00000000e+00
2.05205205e+01,5.00230911e+00,1.24460895e+02,2.43694749e+06,5.65403709e+02,1.50000000e-01,2.50000000e-01,6.00000000e-01,0.00000000e+00
2.06206206e+01,4.99037643e+00,1.26426424e+02,2.42881204e+06,5.64863624e+02,1.50000000e-01,2.50000000e-01,6.00000000e-01,0.00000000e+00
2.07207207e+01,4.97850384e+00,1.28398493e+02,2.42072707e+06,5.64325906e+02,1.50000000e-01,2.50000000e-01,6.00000000e-01,0.00000000e+00
2.08208208e+01,4.96661441e+00,1.30364399e+02,2.41263655e+06,5.63786231e+02,1.50000000e-01,2.50000000e-01,6.00000000e-01,0.00000000e+00
2.09209209e+01,4.95478489e+00,1.32336822e+02,2.40459630e+06,5.63248931e+02,1.50000000e-01,2.50000000e-01,6.00000000e-01,0.00000000e+00
2.10210210e+01,4.94293877e+00,1.34303081e+02,2.39655062e+06,5.62709675e+02,1.50000000e-01,2.50000000e-01,6.00000000e-01,0.00000000e+00
2.11211211e+01,4.93115234e+00,1.36275833e+02,2.38855497e+06,5.62172798e+02,1.50000000e-01,2.50000000e-01,6.00000000e-01,0.00000000e+00
2.12212212e+01,4.91934955e+00,1.38242423e+02,2.38055402e+06,5.61633966e+02,1.50000000e-01,2.50000000e-01,6.00000000e-01,0.00000000e+00
2.13213213e+01,4.90760624e+00,1.40215484e+02,2.37260287e+06,5.61097520e+02,1.50000000e-01,2.50000000e-01,6.00000000e-01,0.00000000e+00
2.14214214e+01,4.89584679e+00,1.42182386e+02,2.36464654e+06,5.60559119e+02,1.50000000e-01,2.50000000e-01,6.00000000e-01,0.00000000e+00
2.15215215e+01,4.88414658e+00,1.44155736e+02,2.35673976e+06,5.60023107e+02,1.50000000e-01,2.50000000e-01,6.00000000e-01,0.00000000e+00
2.16216216e+01,4.87243047e+00,1.46122934e+02,2.34882792e+06,5.59485141e+02,1.50000000e-01,2.50000000e-01,6.00000000e-01,0.00000000e+00
2.17217217e+01,4.86077336e+00,1.48096556e+02,2.34096538e+06,5.58949569e+02,1.50000000e-01,2.50000000e-01,6.00000000e-01,0.00000000e+00
2.18218218e+01,4.84910057e+00,1.50064037e+02,2.33309789e+06,5.58412043e+02,1.50000000e-01,2.50000000e-01,6.00000000e-01,0.00000000e+00
2.19219219e+01,4.83748652e+00,1.52037916e+02,2.32527944e+06,5.57876914e+02,1.50000000e-01,2.50000000e-01,6.00000000e-01,0.00000000e+00
2.20220220e+01,4.82585702e+00,1.54005664e+02,2.31745616e+06,5.57339832e+02,1.50000000e-01,2.50000000e-01,6.00000000e-01,0.00000000e+00
2.21221221e+01,4.81428600e+00,1.55979789e+02,2.30968165e+06,5.56805150e+02,1.50000000e-01,2.50000000e-01,6.00000000e-01,0.00000000e+00
2.22222222e+01,4.80269976e+00,1.57947794e+02,2.30190243e+06,5.56268516e+02,1.50000000e-01,2.50000000e-01,6.00000000e-01,0.00000000e+00
2.23223223e+01,4.79117171e+00,1.59922151e+02,2.29417170e+06,5.55734284e+02,1.50000000e-01,2.50000000e-01,6.00000000e-01,0.00000000e+00
2.24224224e+01,4.77962867e+00,1.61890402e+02,2.28643639e+06,5.55198101e+02,1.50000000e-01,2.50000000e-01,6.00000000e-01,0.00000000e+00
2.25225225e+01,4.76814356e+00,1.63864982e+02,2.27874929e+06,5.54664321e+02,1.50000000e-01,2.50000000e-01,6.00000000e-01,0.00000000e+00
2.26226226e+01,4.75664367e+00,1.65833470e+02,2.27105772e+06,5.54128593e+02,1.50000000e-01,2.50000000e-01,6.00000000e-01,0.00000000e+00
2.27227227e+01,4.74520142e+00,1.67808263e+02,2.26341408e+06,5.53595267e+02,1.50000000e-01,2.50000000e-01,6.00000000e-01,0.00000000e+00
2.28228228e+01,4.73374461e+00,1.69776980e+02,2.25576609e+06,5.53059996e+02,1.50000000e-01,2.50000000e-01,6.00000000e-01,0.00000000e+00
2.29229229e+01,4.72234516e+00,1.71751977e+02,2.24816574e+06,5.52527128e+02,1.50000000e-01,2.50000000e-01,6.00000000e-01,0.00000000e+00
2.30230230e+01,4.71093138e+00,1.73720915e+02,2.24056116e+06,5.51992316e+02,1.50000000e-01,2.50000000e-01,6.00000000e-01,0.00000000e+00
2.31231231e+01,4.69957466e+00,1.75696109e+02,2.23300394e+06,5.51459906e+02,1.50000000e-01,2.50000000e-01,6.00000000e-01,0.00000000e+00
2.32232232e+01,4.68820383e+00,1.77665261e+02,2.22544260e+06,5.50925556e+02,1.50000000e-01,2.50000000e-01,6.00000000e-01,0.00000000e+00
2.33233233e+01,4.67688976e+00,1.79640646e+02,2.21792832e+06,5.50393607e+02,1.50000000e-01,2.50000000e-01,6.00000000e-01,0.00000000e+00
2.34234234e+01,4.66556180e+00,1.81610005e+02,2.21041005e+06,5.49859721e+02,1.50000000e-01,2.50000000e-01,6.00000000e-01,0.00000000e+00
2.35235235e+01,4.65429030e+00,1.83585573e+02,2.20293855e+06,5.49328234e+02,1.50000000e-01,2.50000000e-01,6.00000000e-01,0.00000000e+00
2.36236236e+01,4.64300513e+00,1.85555134e+02,2.19546317e+06,5.48794813e+02,1.50000000e-01,2.50000000e-01,6.00000000e-01,0.00000000e+00
2.37237237e+01,4.63177613e+00,1.87530881e+02,2.18803426e+06,5.48263791e+02,1.50000000e-01,2.50000000e-01,6.00000000e-01,0.00000000e+00
2.38238238e+01,4.62053367e+00,1.89500639e+02,2.18060159e+06,5.47730838e+02,1.50000000e-01,2.50000000e-01,6.00000000e-01,0.00000000e+00
2.39239239e+01,4.60934707e+00,1.91476558e+02,2.17321511e+06,5.47200281e+02,1.50000000e-01,2.50000000e-01,6.00000000e-01,0.00000000e+00
2.40240240e+01,4.59814723e+00,1.93446507e+02,2.16582497e+06,5.46667796e+02,1.50000000e-01,2.50000000e-01,6.00000000e-01,0.00000000e+00
2.41241241e+01,4.58700295e+00,1.95422594e+02,2.15848072e+06,5.46137706e+02,1.50000000e-01,2.50000000e-01,6.00000000e-01,0.00000000e+00
2.42242242e+01,4.57584564e+00,1.97392731e+02,2.15113294e+06,5.45605692e+02,1.50000000e-01,2.50000000e-01,6.00000000e-01,0.00000000e+00
2.43243243e+01,4.56474359e+00,1.99368982e+02,2.14383075e+06,5.45076070e+02,1.50000000e-01,2.50000000e-01,6.00000000e-01,0.00000000e+00
2.44244244e+01,4.55362872e+00,2.01339302e+02,2.13652515e+06,5.44544528e+02,1.50000000e-01,2.50000000e-01,6.00000000e-01,0.00000000e+00
2.45245245e+01,4.54256881e+00,2.03315712e+02,2.12926483e+06,5.44015374e+02,1.50000000e-01,2.50000000e-01,6.00000000e-01,0.00000000e+00
2.46246246e+01,4.53149629e+00,2.05286211e+02,2.12200122e+06,5.43484305e+02,1.50000000e-01,2.50000000e-01,6.00000000e-01,0.00000000e+00
2.47247247e+01,4.52047842e+00,2.07262776e+02,2.11478260e+06,5.42955622e+02,1.50000000e-01,2.50000000e-01,6.00000000e-01,0.00000000e+00
2.48248248e+01,4.50944815e+00,2.09233451e+02,2.10756079e+06,5.42425028e+02,1.50000000e-01,2.50000000e-01,6.00000000e-01,0.00000000e+00
2.49249249e+01,4.49847223e+00,2.11210169e+02,2.10038368e+06,5.41896815e+02,1.50000000e-01,2.50000000e-01,6.00000000e-01,0.00000000e+00
2.50250250e+01,4.48748411e+00,2.13181016e+02,2.09320350e+06,5.41366697e+02,1.50000000e-01,2.50000000e-01,6.00000000e-01,0.00000000e+00
2.51251251e+01,4.47655004e+00,2.15157882e+02,2.08606772e+06,5.40838956e+02,1.50000000e-01,2.50000000e-01,6.00000000e-01,0.00000000e+00
2.52252252e+01,4.46560397e+00,2.17128899e+02,2.07892898e+06,5.40309314e+02,1.50000000e-01,2.50000000e-01,6.00000000e-01,0.00000000e+00
2.53253253e+01,4.45471166e+00,2.19105911e+02,2.07183434e+06,5.39782046e+02,1.50000000e-01,2.50000000e-01,6.00000000e-01,0.00000000e+00
2.54254254e+01,4.44380755e+00,2.21077095e+02,2.06473686e+06,5.39252883e+02,1.50000000e-01,2.50000000e-01,6.00000000e-01,0.00000000e+00
2.55255255e+01,4.43295688e+00,2.23054249e+02,2.05768318e+06,5.38726088e+02,1.50000000e-01,2.50000000e-01,6.00000000e-01,0.00000000e+00
2.56256256e+01,4.42209463e+00,2.25025597e+02,2.05062677e+06,5.38197403e+02,1.50000000e-01,2.50000000e-01,6.00000000e-01,0.00000000e+00
2.57257257e+01,4.41128552e+00,2.27002891e+02,2.04361387e+06,5.37671082e+02,1.50000000e-01,2.50000000e-01,6.00000000e-01,0.00000000e+00
2.58258258e+01,4.40046502e+00,2.28974401e+02,2.03659835e+06,5.37142877e+02,1.50000000e-01,2.50000000e-01,6.00000000e-01,0.00000000e+00
2.59259259e+01,4.38969736e+00,2.30951833e+02,2.02962603e+06,5.36617030e+02,1.50000000e-01,2.50000000e-01,6.00000000e-01,0.00000000e+00
2.60260260e+01,4.37891852e+00,2.32923501e+02,2.02265122e+06,5.36089306e+02,1.50000000e-01,2.50000000e-01,6.00000000e-01,0.00000000e+00
2.61261261e+01,4.36819221e+00,2.34901069e+02,2.01571931e+06,5.35563934e+02,1.50000000e-01,2.50000000e-01,6.00000000e-01,0.00000000e+00
2.62262262e+01,4.35745491e+00,2.36872895e+02,2.00878502e+06,5.35036691e+02,1.50000000e-01,2.50000000e-01,6.00000000e-01,0.00000000e+00
2.63263263e+01,4.34676985e+00,2.38850595e+02,2.00189333e+06,5.34511795e+02,1.50000000e-01,2.50000000e-01,6.00000000e-01,0.00000000e+00
2.64264264e+01,4.33607399e+00,2.40822576e+02,1.99499937e+06,5.33985034e+02,1.50000000e-01,2.50000000e-01,6.00000000e-01,0.00000000e+00
2.65265265e+01,4.32543007e+00,2.42800408e+02,1.98814772e+06,5.33460613e+02,1.50000000e-01,2.50000000e-01,6.00000000e-01,0.00000000e+00
2.66266266e+01,4.31477556e+00,2.44772542e+02,1.98129391e+06,5.32934335e+02,1.50000000e-01,2.50000000e-01,6.00000000e-01,0.00000000e+00
2.67267267e+01,4.30417268e+00,2.46750504e+02,1.97448211e+06,5.32410392e+02,1.50000000e-01,2.50000000e-01,6.00000000e-01,0.00000000e+00
2.68268268e+01,4.29355939e+00,2.48722789e+02,1.96766826e+06,5.31884597e+02,1.50000000e-01,2.50000000e-01,6.00000000e-01,0.00000000e+00
2.69269269e+01,4.28299744e+00,2.50700879e+02,1.96089614e+06,5.31361131e+02,1.50000000e-01,2.50000000e-01,6.00000000e-01,0.00000000e+00
2.70270270e+01,4.27242527e+00,2.52673314e+02,1.95412207e+06,5.30835821e+02,1.50000000e-01,2.50000000e-01,6.00000000e-01,0.00000000e+00
2.71271271e+01,4.26190415e+00,2.54651529e+02,1.94738943e+06,5.30312833e+02,1.50000000e-01,2.50000000e-01,6.00000000e-01,0.00000000e+00
2.72272272e+01,4.25137300e+00,2.56624113e+02,1.94065496e+06,5.29788008e+02,1.50000000e-01,2.50000000e-01,6.00000000e-01,0.00000000e+00
2.73273273e+01,4.24089260e+00,2.58602453e+02,1.93396162e+06,5.29265497e+02,1.50000000e-01,2.50000000e-01,6.00000000e-01,0.00000000e+00
2.74274274e+01,4.23040236e+00,2.60575184e+02,1.92726656e+06,5.28741158e+02,1.50000000e-01,2.50000000e-01,6.00000000e-01,0.00000000e+00
2.75275275e+01,4.21996257e+00,2.62553647e+02,1.92061234e+06,5.28219126e+02,1.50000000e-01,2.50000000e-01,6.00000000e-01,0.00000000e+00
2.76276276e+01,4.20951314e+00,2.64526523e+02,1.91395651e+06,5.27695272e+02,1.50000000e-01,2.50000000e-01,6.00000000e-01,0.00000000e+00
2.77277277e+01,4.19911386e+00,2.66505107e+02,1.90734122e+06,5.27173719e+02,1.50000000e-01,2.50000000e-01,6.00000000e-01,0.00000000e+00
2.78278278e+01,4.18870512e+00,2.68478127e+02,1.90072444e+06,5.26650352e+02,1.50000000e-01,2.50000000e-01,6.00000000e-01,0.00000000e+00
2.79279279e+01,4.17834625e+00,2.70456832e+02,1.89414791e+06,5.26129277e+02,1.50000000e-01,2.50000000e-01,6.00000000e-01,0.00000000e+00
2.80280280e+01,4.16797810e+00,2.72429994e+02,1.88756999e+06,5.25606398e+02,1.50000000e-01,2.50000000e-01,6.00000000e-01,0.00000000e+00
2.81281281e+01,4.15765952e+00,2.74408817e+02,1.88103203e+06,5.25085803e+02,1.50000000e-01,2.50000000e-01,6.00000000e-01,0.00000000e+00
2.82282282e+01,4.14733186e+00,2.76382120e+02,1.87449280e+06,5.24563411e+02,1.50000000e-01,2.50000000e-01,6.00000000e-01,0.00000000e+00
2.83283283e+01,4.13705347e+00,2.78361060e+02,1.86799323e+06,5.24043296e+02,1.50000000e-01,2.50000000e-01,6.00000000e-01,0.00000000e+00
2.84284284e+01,4.12676618e+00,2.80334502e+02,1.86149250e+06,5.23521394e+02,1.50000000e-01,2.50000000e-01,6.00000000e-01,0.00000000e+00
2.85285285e+01,4.11652789e+00,2.82313558e+02,1.85503114e+06,5.23001758e+02,1.50000000e-01,2.50000000e-01,6.00000000e-01,0.00000000e+00
2.86286286e+01,4.10628087e+00,2.84287137e+02,1.84856873e+06,5.22480346e+02,1.50000000e-01,2.50000000e-01,6.00000000e-01,0.00000000e+00
2.87287287e+01,4.09608256e+00,2.86266306e+02,1.84214541e+06,5.21961191e+02,1.50000000e-01,2.50000000e-01,6.00000000e-01,0.00000000e+00
2.88288288e+01,4.08587570e+00,2.88240021e+02,1.83572114e+06,5.21440269e+02,1.50000000e-01,2.50000000e-01,6.00000000e-01,0.00000000e+00
2.89289289e+01,4.07571727e+00,2.90219302e+02,1.82933568e+06,5.20921595e+02,1.50000000e-01,2.50000000e-01,6.00000000e-01,0.00000000e+00
2.90290290e+01,4.06555047e+00,2.92193149e+02,1.82294938e+06,5.20401164e+02,1.50000000e-01,2.50000000e-01,6.00000000e-01,0.00000000e+00
2.91291291e+01,4.05543182e+00,2.94172540e+02,1.81660159e+06,5.19882972e+02,1.50000000e-01,2.50000000e-01,6.00000000e-01,0.00000000e+00
2.92292292e+01,4.04530498e+00,2.96146519e+02,1.81025308e+06,5.19363032e+02,1.50000000e-01,2.50000000e-01,6.00000000e-01,0.00000000e+00
2.93293293e+01,4.03522600e+00,2.98126017e+02,1.80394280e+06,5.18845323e+02,1.50000000e-01,2.50000000e-01,6.00000000e-01,0.00000000e+00
2.94294294e+01,4.02513901e+00,3.00100126e+02,1.79763190e+06,5.18325875e+02,1.50000000e-01,2.50000000e-01,6.00000000e-01,0.00000000e+00
2.95295295e+01,4.01509961e+00,3.02079730e+02,1.79135895e+06,5.17808648e+02,1.50000000e-01,2.50000000e-01,6.00000000e-01,0.00000000e+00
2.96296296e+01,4.00505237e+00,3.04053966e+02,1.78508548e+06,5.17289693e+02,1.50000000e-01,2.50000000e-01,6.00000000e-01,0.00000000e+00
2.97297297e+01,3.99505243e+00,3.06033675e+02,1.77884968e+06,5.16772949e+02,1.50000000e-01,2.50000000e-01,6.00000000e-01,0.00000000e+00
2.98298298e+01,3.98504483e+00,3.08008037e+02,1.77261347e+06,5.16254488e+02,1.50000000e-01,2.50000000e-01,6.00000000e-01,0.00000000e+00
2.99299299e+01,3.97508426e+00,3.09987848e+02,1.76641464e+06,5.15738228e+02,1.50000000e-01,2.50000000e-01,6.00000000e-01,0.00000000e+00
3.00300300e+01,3.96511619e+00,3.11962334e+02,1.76021551e+06,5.15220261e+02,1.50000000e-01,2.50000000e-01,6.00000000e-01,0.00000000e+00
3.01301301e+01,3.95519487e+00,3.13942246e+02,1.75405348e+06,5.14704485e+02,1.50000000e-01,2.50000000e-01,6.00000000e-01,0.00000000e+00
3.02302302e+01,3.94526623e+00,3.15916857e+02,1.74789126e+06,5.14187012e+02,1.50000000e-01,2.50000000e-01,6.00000000e-01,0.00000000e+00
3.03303303e+01,3.93538405e+00,3.17896870e+02,1.74176585e+06,5.13671720e+02,1.50000000e-01,2.50000000e-01,6.00000000e-01,0.00000000e+00
3.04304304e+01,3.92549472e+00,3.19871604e+02,1.73564035e+06,5.13154742e+02,1.50000000e-01,2.50000000e-01,6.00000000e-01,0.00000000e+00
3.05305305e+01,3.91565158e+00,3.21851717e+02,1.72955138e+06,5.12639934e+02,1.50000000e-01,2.50000000e-01,6.00000000e-01,0.00000000e+00
3.06306306e+01,3.90580145e+00,3.23826575e+02,1.72346243e+06,5.12123451e+02,1.50000000e-01,2.50000000e-01,6.00000000e-01,0.00000000e+00
3.07307307e+01,3.89599723e+00,3.25806790e+02,1.71740972e+06,5.11609126e+02,1.50000000e-01,2.50000000e-01,6.00000000e-01,0.00000000e+00
3.08308308e+01,3.88618618e+00,3.27781773e+02,1.71135712e+06,5.11093139e+02,1.50000000e-01,2.50000000e-01,6.00000000e-01,0.00000000e+00
3.09309309e+01,3.87642075e+00,3.29762090e+02,1.70534049e+06,5.10579297e+02,1.50000000e-01,2.50000000e-01,6.00000000e-01,0.00000000e+00
3.10310310e+01,3.86664866e+00,3.31737199e+02,1.69932408e+06,5.10063805e+02,1.50000000e-01,2.50000000e-01,6.00000000e-01,0.00000000e+00
3.11311311e+01,3.85692191e+00,3.33717620e+02,1.69334335e+06,5.09550446e+02,1.50000000e-01,2.50000000e-01,6.00000000e-01,0.00000000e+00
3.12312312e+01,3.84718866e+00,3.35692858e+02,1.68736293e+06,5.09035448e+02,1.50000000e-01,2.50000000e-01,6.00000000e-01,0.00000000e+00
3.13313313e+01,3.83750047e+00,3.37673384e+02,1.68141791e+06,5.08522572e+02,1.50000000e-01,2.50000000e-01,6.00000000e-01,0.00000000e+00
3.14314314e+01,3.82780594e+00,3.39648753e+02,1.67547331e+06,5.08008068e+02,1.50000000e-01,2.50000000e-01,6.00000000e-01,0.00000000e+00
3.15315315e+01,3.81815618e+00,3.41629387e+02,1.66956383e+06,5.07495674e+02,1.50000000e-01,2.50000000e-01,6.00000000e-01,0.00000000e+00
3.16316316e+01,3.80850025e+00,3.43604886e+02,1.66365486e+06,5.06981664e+02,1.50000000e-01,2.50000000e-01,6.00000000e-01,0.00000000e+00
3.17317317e+01,3.79888882e+00,3.45585628e+02,1.65778074e+06,5.06469752e+02,1.50000000e-01,2.50000000e-01,6.00000000e-01,0.00000000e+00
3.18318318e+01,3.78927137e+00,3.47561258e+02,1.65190724e+06,5.05956237e+02,1.50000000e-01,2.50000000e-01,6.00000000e-01,0.00000000e+00
3.19319319e+01,3.77969817e+00,3.49542108e+02,1.64606830e+06,5.05444806e+02,1.50000000e-01,2.50000000e-01,6.00000000e-01,0.00000000e+00
3.20320320e+01,3.77011910e+00,3.51517867e+02,1.64023009e+06,5.04931786e+02,1.50000000e-01,2.50000000e-01,6.00000000e-01,0.00000000e+00
3.21321321e+01,3.76058402e+00,3.53498823e+02,1.63442618e+06,5.04420838e+02,1.50000000e-01,2.50000000e-01,6.00000000e-01,0.00000000e+00
3.22322322e+01,3.75104324e+00,3.55474706e+02,1.62862309e+06,5.03908314e+02,1.50000000e-01,2.50000000e-01,6.00000000e-01,0.00000000e+00
3.23323323e+01,3.74154621e+00,3.57455761e+02,1.62285405e+06,5.03397850e+02,1.50000000e-01,2.50000000e-01,6.00000000e-01,0.00000000e+00
3.24324324e+01,3.73204363e+00,3.59431763e+02,1.61708593e+06,5.02885825e+02,1.50000000e-01,2.50000000e-01,6.00000000e-01,0.00000000e+00
3.25325325e+01,3.72258454e+00,3.61412914e+02,1.61135159e+06,5.02375846e+02,1.50000000e-01,2.50000000e-01,6.00000000e-01,0.00000000e+00
3.26326326e+01,3.71312007e+00,3.63389035e+02,1.60561829e+06,5.01864319e+02,1.50000000e-01,2.50000000e-01,6.00000000e-01,0.00000000e+00
3.27327327e+01,3.70369877e+00,3.65370283e+02,1.59991846e+06,5.01354824e+02,1.50000000e-01,2.50000000e-01,6.00000000e-01,0.00000000e+00
3.28328328e+01,3.69427225e+00,3.67346544e+02,1.59421976e+06,5.00843793e+02,1.50000000e-01,2.50000000e-01,6.00000000e-01,0.00000000e+00
3.29329329e+01,3.68488845e+00,3.69327915e+02,1.58855416e+06,5.00334772e+02,1.50000000e-01,2.50000000e-01,6.00000000e-01,0.00000000e+00
3.30330330e+01,3.67549957e+00,3.71304371e+02,1.58288976e+06,4.99824225e+02,1.50000000e-01,2.50000000e-01,6.00000000e-01,0.00000000e+00
3.31331331e+01,3.66615285e+00,3.73285920e+02,1.57725804e+06,4.99315662e+02,1.50000000e-01,2.50000000e-01,6.00000000e-01,0.00000000e+00
3.32332332e+01,3.65680120e+00,3.75262665e+02,1.57162761e+06,4.98805584e+02,1.50000000e-01,2.50000000e-01,6.00000000e-01,0.00000000e+00
3.33333333e+01,3.64749063e+00,3.77244502e+02,1.56602912e+06,4.98297438e+02,1.50000000e-01,2.50000000e-01,6.00000000e-01,0.00000000e+00
3.34334334e+01,3.63817570e+00,3.79221673e+02,1.56043218e+06,4.97787784e+02,1.50000000e-01,2.50000000e-01,6.00000000e-01,0.00000000e+00
3.35335335e+01,3.62890188e+00,3.81203882e+02,1.55486711e+06,4.97280076e+02,1.50000000e-01,2.50000000e-01,6.00000000e-01,0.00000000e+00
3.36336336e+01,3.61962385e+00,3.83180871e+02,1.54930382e+06,4.96770911e+02,1.50000000e-01,2.50000000e-01,6.00000000e-01,0.00000000e+00
3.37337337e+01,3.61038893e+00,3.85163029e+02,1.54377330e+06,4.96263738e+02,1.50000000e-01,2.50000000e-01,6.00000000e-01,0.00000000e+00
3.38338338e+01,3.60115172e+00,3.87140565e+02,1.53824568e+06,4.95755216e+02,1.50000000e-01,2.50000000e-01,6.00000000e-01,0.00000000e+00
3.39339339e+01,3.59194844e+00,3.89121801e+02,1.53274541e+06,4.95248236e+02,1.50000000e-01,2.50000000e-01,6.00000000e-01,0.00000000e+00
3.40340340e+01,3.58274913e+00,3.91099827e+02,1.52725247e+06,4.94740477e+02,1.50000000e-01,2.50000000e-01,6.00000000e-01,0.00000000e+00
3.41341341e+01,3.57358939e+00,3.93082109e+02,1.52178905e+06,4.94234220e+02,1.50000000e-01,2.50000000e-01,6.00000000e-01,0.00000000e+00
3.42342342e+01,3.56442363e+00,3.95059020e+02,1.51632699e+06,4.93726637e+02,1.50000000e-01,2.50000000e-01,6.00000000e-01,0.00000000e+00
3.43343343e+01,3.55529686e+00,3.97040585e+02,1.51089465e+06,4.93220730e+02,1.50000000e-01,2.50000000e-01,6.00000000e-01,0.00000000e+00
3.44344344e+01,3.54617644e+00,3.99019434e+02,1.50547061e+06,4.92714052e+02,1.50000000e-01,2.50000000e-01,6.00000000e-01,0.00000000e+00
3.45345345e+01,3.53708603e+00,4.01001094e+02,1.50007078e+06,4.92208528e+02,1.50000000e-01,2.50000000e-01,6.00000000e-01,0.00000000e+00
3.46346346e+01,3.52799358e+00,4.02978143e+02,1.49467523e+06,4.91702093e+02,1.50000000e-01,2.50000000e-01,6.00000000e-01,0.00000000e+00
3.47347347e+01,3.51894415e+00,4.04960470e+02,1.48931081e+06,4.91197303e+02,1.50000000e-01,2.50000000e-01,6.00000000e-01,0.00000000e+00
3.48348348e+01,3.50989761e+00,4.06939444e+02,1.48395270e+06,4.90691594e+02,1.50000000e-01,2.50000000e-01,6.00000000e-01,0.00000000e+00
3.49349349e+01,3.50087697e+00,4.08920496e+02,1.47861644e+06,4.90186888e+02,1.50000000e-01,2.50000000e-01,6.00000000e-01,0.00000000e+00
3.50350350e+01,3.49186059e+00,4.10898370e+02,1.47328794e+06,4.89681552e+02,1.50000000e-01,2.50000000e-01,6.00000000e-01,0.00000000e+00
3.51351351e+01,3.48288677e+00,4.12881283e+02,1.46799012e+06,4.89177851e+02,1.50000000e-01,2.50000000e-01,6.00000000e-01,0.00000000e+00
3.52352352e+01,3.47391133e+00,4.14859948e+02,1.46269593e+06,4.88672985e+02,1.50000000e-01,2.50000000e-01,6.00000000e-01,0.00000000e+00
3.53353353e+01,3.46496178e+00,4.16840733e+02,1.45742363e+06,4.88169189e+02,1.50000000e-01,2.50000000e-01,6.00000000e-01,0.00000000e+00
3.54354354e+01,3.45602203e+00,4.18819617e+02,1.45216203e+06,4.87664994e+02,1.50000000e-01,2.50000000e-01,6.00000000e-01,0.00000000e+00
3.55355355e+01,3.44712085e+00,4.20802741e+02,1.44692877e+06,4.87162273e+02,1.50000000e-01,2.50000000e-01,6.00000000e-01,0.00000000e+00
3.56356356e+01,3.43821544e+00,4.22781053e+02,1.44169780e+06,4.86658325e+02,1.50000000e-01,2.50000000e-01,6.00000000e-01,0.00000000e+00
3.57357357e+01,3.42933882e+00,4.24762014e+02,1.43648997e+06,4.86155506e+02,1.50000000e-01,2.50000000e-01,6.00000000e-01,0.00000000e+00
3.58358358e+01,3.42047529e+00,4.26741841e+02,1.43129462e+06,4.85652455e+02,1.50000000e-01,2.50000000e-01,6.00000000e-01,0.00000000e+00
3.59359359e+01,3.41164494e+00,4.28724936e+02,1.42612438e+06,4.85150612e+02,1.50000000e-01,2.50000000e-01,6.00000000e-01,0.00000000e+00
3.60360360e+01,3.40280983e+00,4.30702969e+02,1.42095629e+06,4.84647576e+02,1.50000000e-01,2.50000000e-01,6.00000000e-01,0.00000000e+00
3.61361361e+01,3.39400658e+00,4.32684322e+02,1.41581276e+06,4.84145778e+02,1.50000000e-01,2.50000000e-01,6.00000000e-01,0.00000000e+00
3.62362362e+01,3.38521769e+00,4.34664847e+02,1.41068240e+06,4.83643833e+02,1.50000000e-01,2.50000000e-01,6.00000000e-01,0.00000000e+00
3.63363363e+01,3.37645723e+00,4.36647799e+02,1.40557432e+06,4.83142863e+02,1.50000000e-01,2.50000000e-01,6.00000000e-01,0.00000000e+00
3.64364364e+01,3.36769302e+00,4.38625805e+02,1.40046909e+06,4.82640806e+02,1.50000000e-01,2.50000000e-01,6.00000000e-01,0.00000000e+00
3.65365365e+01,3.35896289e+00,4.40607624e+02,1.39538936e+06,4.82140048e+02,1.50000000e-01,2.50000000e-01,6.00000000e-01,0.00000000e+00
3.66366366e+01,3.35024731e+00,4.42588675e+02,1.39032285e+06,4.81639171e+02,1.50000000e-01,2.50000000e-01,6.00000000e-01,0.00000000e+00
3.67367367e+01,3.34155668e+00,4.44571468e+02,1.38527645e+06,4.81139072e+02,1.50000000e-01,2.50000000e-01,6.00000000e-01,0.00000000e+00
3.68368368e+01,3.33286359e+00,4.46549582e+02,1.38023373e+06,4.80638001e+02,1.50000000e-01,2.50000000e-01,6.00000000e-01,0.00000000e+00
3.69369369e+01,3.32420559e+00,4.48531736e+02,1.37521679e+06,4.80138240e+02,1.50000000e-01,2.50000000e-01,6.00000000e-01,0.00000000e+00
3.70370370e+01,3.31556229e+00,4.50513198e+02,1.37021316e+06,4.79638406e+02,1.50000000e-01,2.50000000e-01,6.00000000e-01,0.00000000e+00
3.71371371e+01,3.30694168e+00,4.52495947e+02,1.36522823e+06,4.79139231e+02,1.50000000e-01,2.50000000e-01,6.00000000e-01,0.00000000e+00
3.72372372e+01,3.29831966e+00,4.54474273e+02,1.36024762e+06,4.78639170e+02,1.50000000e-01,2.50000000e-01,6.00000000e-01,0.00000000e+00
3.73373373e+01,3.28973283e+00,4.56456671e+02,1.35529259e+06,4.78140401e+02,1.50000000e-01,2.50000000e-01,6.00000000e-01,0.00000000e+00
3.74374374e+01,3.28116108e+00,4.58438492e+02,1.35035108e+06,4.77641606e+02,1.50000000e-01,2.50000000e-01,6.00000000e-01,0.00000000e+00
3.75375375e+01,3.27261072e+00,4.60421320e+02,1.34542733e+06,4.77143380e+02,1.50000000e-01,2.50000000e-01,6.00000000e-01,0.00000000e+00
3.76376376e+01,3.26405953e+00,4.62399849e+02,1.34050819e+06,4.76644303e+02,1.50000000e-01,2.50000000e-01,6.00000000e-01,0.00000000e+00
3.77377377e+01,3.25554292e+00,4.64382362e+02,1.33561412e+06,4.76146486e+02,1.50000000e-01,2.50000000e-01,6.00000000e-01,0.00000000e+00
3.78378378e+01,3.24704222e+00,4.66364521e+02,1.33073402e+06,4.75648719e+02,1.50000000e-01,2.50000000e-01,6.00000000e-01,0.00000000e+00
3.79379379e+01,3.23856237e+00,4.68347585e+02,1.32587125e+06,4.75151491e+02,1.50000000e-01,2.50000000e-01,6.00000000e-01,0.00000000e+00
3.80380380e+01,3.23008166e+00,4.70326356e+02,1.32101305e+06,4.74653417e+02,1.50000000e-01,2.50000000e-01,6.00000000e-01,0.00000000e+00
3.81381381e+01,3.22163421e+00,4.72308859e+02,1.31617902e+06,4.74156538e+02,1.50000000e-01,2.50000000e-01,6.00000000e-01,0.00000000e+00
3.82382382e+01,3.21320382e+00,4.74291300e+02,1.31135958e+06,4.73659797e+02,1.50000000e-01,2.50000000e-01,6.00000000e-01,0.00000000e+00
3.83383383e+01,3.20479459e+00,4.76274723e+02,1.30655747e+06,4.73163597e+02,1.50000000e-01,2.50000000e-01,6.00000000e-01,0.00000000e+00
3.84384384e+01,3.19638418e+00,4.78253763e+02,1.30175965e+06,4.72666518e+02,1.50000000e-01,2.50000000e-01,6.00000000e-01,0.00000000e+00
3.85385385e+01,3.18800503e+00,4.80236137e+02,1.29698476e+06,4.72170536e+02,1.50000000e-01,2.50000000e-01,6.00000000e-01,0.00000000e+00
3.86386386e+01,3.17964424e+00,4.82218780e+02,1.29222515e+06,4.71674789e+02,1.50000000e-01,2.50000000e-01,6.00000000e-01,0.00000000e+00
3.87387387e+01,3.17130574e+00,4.84202689e+02,1.28748338e+06,4.71179650e+02,1.50000000e-01,2.50000000e-01,6.00000000e-01,0.00000000e+00
3.88388388e+01,3.16296559e+00,4.86182108e+02,1.28274558e+06,4.70683598e+02,1.50000000e-01,2.50000000e-01,6.00000000e-01,0.00000000e+00
3.89389389e+01,3.15465382e+00,4.88164250e+02,1.27802899e+06,4.70188501e+02,1.50000000e-01,2.50000000e-01,6.00000000e-01,0.00000000e+00
3.90390390e+01,3.14636148e+00,4.90146943e+02,1.27332822e+06,4.69693721e+02,1.50000000e-01,2.50000000e-01,6.00000000e-01,0.00000000e+00
3.91391391e+01,3.13809362e+00,4.92131420e+02,1.26864638e+06,4.69199668e+02,1.50000000e-01,2.50000000e-01,6.00000000e-01,0.00000000e+00
3.92392392e+01,3.12982409e+00,4.94111405e+02,1.26396840e+06,4.68704685e+02,1.50000000e-01,2.50000000e-01,6.00000000e-01,0.00000000e+00
3.93393393e+01,3.12157925e+00,4.96093281e+02,1.25930946e+06,4.68210453e+02,1.50000000e-01,2.50000000e-01,6.00000000e-01,0.00000000e+00
3.94394394e+01,3.11335424e+00,4.98075828e+02,1.25466648e+06,4.67716578e+02,1.50000000e-01,2.50000000e-01,6.00000000e-01,0.00000000e+00
3.95395395e+01,3.10515658e+00,5.00060877e+02,1.25004392e+06,4.67223603e+02,1.50000000e-01,2.50000000e-01,6.00000000e-01,0.00000000e+00
3.96396396e+01,3.09695806e+00,5.02041640e+02,1.24542562e+06,4.66729744e+02,1.50000000e-01,2.50000000e-01,6.00000000e-01,0.00000000e+00
3.97397397e+01,3.08878002e+00,5.04023331e+02,1.24082391e+06,4.66236406e+02,1.50000000e-01,2.50000000e-01,6.00000000e-01,0.00000000e+00
3.98398398e+01,3.08062080e+00,5.06005471e+02,1.23623754e+06,4.65743381e+02,1.50000000e-01,2.50000000e-01,6.00000000e-01,0.00000000e+00
3.99399399e+01,3.07249216e+00,5.07990966e+02,1.23167326e+06,4.65251450e+02,1.50000000e-01,2.50000000e-01,6.00000000e-01,0.00000000e+00
4.00400400e+01,3.06436520e+00,5.09972767e+02,1.22711463e+06,4.64758797e+02,1.50000000e-01,2.50000000e-01,6.00000000e-01,0.00000000e+00
4.01401401e+01,3.05625471e+00,5.11954537e+02,1.22257018e+06,4.64266405e+02,1.50000000e-01,2.50000000e-01,6.00000000e-01,0.00000000e+00
4.02402402e+01,3.04816003e+00,5.13936049e+02,1.21803931e+06,4.63774162e+02,1.50000000e-01,2.50000000e-01,6.00000000e-01,0.00000000e+00
4.03403403e+01,3.04009859e+00,5.15921627e+02,1.21353187e+06,4.63283172e+02,1.50000000e-01,2.50000000e-01,6.00000000e-01,0.00000000e+00
4.04404404e+01,3.03204314e+00,5.17904582e+02,1.20903249e+06,4.62791745e+02,1.50000000e-01,2.50000000e-01,6.00000000e-01,0.00000000e+00
4.05405405e+01,3.02400147e+00,5.19886858e+02,1.20454565e+06,4.62300403e+02,1.50000000e-01,2.50000000e-01,6.00000000e-01,0.00000000e+00
4.06406406e+01,3.01597085e+00,5.21867749e+02,1.20006970e+06,4.61808943e+02,1.50000000e-01,2.50000000e-01,6.00000000e-01,0.00000000e+00
4.07407407e+01,3.00797418e+00,5.23852944e+02,1.19561743e+06,4.61318787e+02,1.50000000e-01,2.50000000e-01,6.00000000e-01,0.00000000e+00
4.08408408e+01,2.99998918e+00,5.25836937e+02,1.19117636e+06,4.60828557e+02,1.50000000e-01,2.50000000e-01,6.00000000e-01,0.00000000e+00
4.09409409e+01,2.99201807e+00,5.27820287e+02,1.18674774e+06,4.60338406e+02,1.50000000e-01,2.50000000e-01,6.00000000e-01,0.00000000e+00
4.10410410e+01,2.98405236e+00,5.29800872e+02,1.18232683e+06,4.59847800e+02,1.50000000e-01,2.50000000e-01,6.00000000e-01,0.00000000e+00
4.11411411e+01,2.97611811e+00,5.31785189e+02,1.17792806e+06,4.59358347e+02,1.50000000e-01,2.50000000e-01,6.00000000e-01,0.00000000e+00
4.12412412e+01,2.96820095e+00,5.33769685e+02,1.17354344e+06,4.58869167e+02,1.50000000e-01,2.50000000e-01,6.00000000e-01,0.00000000e+00
4.13413413e+01,2.96030131e+00,5.35754469e+02,1.16917318e+06,4.58380288e+02,1.50000000e-01,2.50000000e-01,6.00000000e-01,0.00000000e+00
4.14414414e+01,2.95240289e+00,5.37735455e+02,1.16480826e+06,4.57890703e+02,1.50000000e-01,2.50000000e-01,6.00000000e-01,0.00000000e+00
4.15415415e+01,2.94453021e+00,5.39718804e+02,1.16046221e+06,4.57401933e+02,1.50000000e-01,2.50000000e-01,6.00000000e-01,0.00000000e+00
4.16416416e+01,2.93667733e+00,5.41703045e+02,1.15613173e+06,4.56913611e+02,1.50000000e-01,2.50000000e-01,6.00000000e-01,0.00000000e+00
4.17417417e+01,2.92884808e+00,5.43689158e+02,1.15181889e+06,4.56425980e+02,1.50000000e-01,2.50000000e-01,6.00000000e-01,0.00000000e+00
4.18418418e+01,2.92101961e+00,5.45671369e+02,1.14751108e+06,4.55937614e+02,1.50000000e-01,2.50000000e-01,6.00000000e-01,0.00000000e+00
4.19419419e+01,2.91320970e+00,5.47654169e+02,1.14321809e+06,4.55449622e+02,1.50000000e-01,2.50000000e-01,6.00000000e-01,0.00000000e+00
4.20420420e+01,2.90541766e+00,5.49637402e+02,1.13893949e+06,4.54961961e+02,1.50000000e-01,2.50000000e-01,6.00000000e-01,0.00000000e+00
4.21421421e+01,2.89765527e+00,5.51624090e+02,1.13468174e+06,4.54475375e+02,1.50000000e-01,2.50000000e-01,6.00000000e-01,0.00000000e+00
4.22422422e+01,2.88989825e+00,5.53608051e+02,1.13043149e+06,4.53988342e+02,1.50000000e-01,2.50000000e-01,6.00000000e-01,0.00000000e+00
4.23423423e+01,2.88215479e+00,5.55591373e+02,1.12619321e+06,4.53501378e+02,1.50000000e-01,2.50000000e-01,6.00000000e-01,0.00000000e+00
4.24424424e+01,2.87442282e+00,5.57573533e+02,1.12196578e+06,4.53014355e+02,1.50000000e-01,2.50000000e-01,6.00000000e-01,0.00000000e+00
4.25425425e+01,2.86672243e+00,5.59559703e+02,1.11776013e+06,4.52528540e+02,1.50000000e-01,2.50000000e-01,6.00000000e-01,0.00000000e+00
4.26426426e+01,2.85903487e+00,5.61545085e+02,1.11356599e+06,4.52042754e+02,1.50000000e-01,2.50000000e-01,6.00000000e-01,0.00000000e+00
4.27427427e+01,2.85136128e+00,5.63529974e+02,1.10938397e+06,4.51557070e+02,1.50000000e-01,2.50000000e-01,6.00000000e-01,0.00000000e+00
4.28428428e+01,2.84369194e+00,5.65511851e+02,1.10520876e+06,4.51070869e+02,1.50000000e-01,2.50000000e-01,6.00000000e-01,0.00000000e+00
4.29429429e+01,2.83605005e+00,5.67496733e+02,1.10105298e+06,4.50585625e+02,1.50000000e-01,2.50000000e-01,6.00000000e-01,0.00000000e+00
4.30430430e+01,2.82842691e+00,5.69482389e+02,1.09691185e+06,4.50100787e+02,1.50000000e-01,2.50000000e-01,6.00000000e-01,0.00000000e+00
4.31431431e+01,2.82082404e+00,5.71469226e+02,1.09278616e+06,4.49616455e+02,1.50000000e-01,2.50000000e-01,6.00000000e-01,0.00000000e+00
4.32432432e+01,2.81322246e+00,5.73452304e+02,1.08866562e+06,4.49131422e+02,1.50000000e-01,2.50000000e-01,6.00000000e-01,0.00000000e+00
4.33433433e+01,2.80563999e+00,5.75436266e+02,1.08455988e+06,4.48646825e+02,1.50000000e-01,2.50000000e-01,6.00000000e-01,0.00000000e+00
4.34434434e+01,2.79807557e+00,5.77420864e+02,1.08046833e+06,4.48162599e+02,1.50000000e-01,2.50000000e-01,6.00000000e-01,0.00000000e+00
4.35435435e+01,2.79053889e+00,5.79408657e+02,1.07639620e+06,4.47679370e+02,1.50000000e-01,2.50000000e-01,6.00000000e-01,0.00000000e+00
4.36436436e+01,2.78300788e+00,5.81393858e+02,1.07233152e+06,4.47195722e+02,1.50000000e-01,2.50000000e-01,6.00000000e-01,0.00000000e+00
4.37437437e+01,2.77548986e+00,5.83378385e+02,1.06827823e+06,4.46712124e+02,1.50000000e-01,2.50000000e-01,6.00000000e-01,0.00000000e+00
4.38438438e+01,2.76798274e+00,5.85361695e+02,1.06423520e+06,4.46228443e+02,1.50000000e-01,2.50000000e-01,6.00000000e-01,0.00000000e+00
4.39439439e+01,2.76050553e+00,5.87348834e+02,1.06021264e+06,4.45745904e+02,1.50000000e-01,2.50000000e-01,6.00000000e-01,0.00000000e+00
4.40440440e+01,2.75304261e+00,5.89335687e+02,1.05620210e+06,4.45263503e+02,1.50000000e-01,2.50000000e-01,6.00000000e-01,0.00000000e+00
4.41441441e+01,2.74559424e+00,5.91322325e+02,1.05220371e+06,4.44781258e+02,1.50000000e-01,2.50000000e-01,6.00000000e-01,0.00000000e+00
4.42442442e+01,2.73814899e+00,5.93305708e+02,1.04821132e+06,4.44298430e+02,1.50000000e-01,2.50000000e-01,6.00000000e-01,0.00000000e+00
4.43443443e+01,2.73072740e+00,5.95291320e+02,1.04423595e+06,4.43816351e+02,1.50000000e-01,2.50000000e-01,6.00000000e-01,0.00000000e+00
4.44444444e+01,2.72332482e+00,5.97277948e+02,1.04027506e+06,4.43334726e+02,1.50000000e-01,2.50000000e-01,6.00000000e-01,0.00000000e+00
4.45445445e+01,2.71594503e+00,5.99266628e+02,1.03633066e+06,4.42853803e+02,1.50000000e-01,2.50000000e-01,6.00000000e-01,0.00000000e+00
4.46446446e+01,2.70856823e+00,6.01252043e+02,1.03239214e+06,4.42372292e+02,1.50000000e-01,2.50000000e-01,6.00000000e-01,0.00000000e+00
4.47447447e+01,2.70120614e+00,6.03237345e+02,1.02846576e+06,4.41890957e+02,1.50000000e-01,2.50000000e-01,6.00000000e-01,0.00000000e+00
4.48448448e+01,2.69385855e+00,6.05222489e+02,1.02455137e+06,4.41409784e+02,1.50000000e-01,2.50000000e-01,6.00000000e-01,0.00000000e+00
4.49449449e+01,2.68653979e+00,6.07211372e+02,1.02065657e+06,4.40929714e+02,1.50000000e-01,2.50000000e-01,6.00000000e-01,0.00000000e+00
4.50450450e+01,2.67923208e+00,6.09199200e+02,1.01677189e+06,4.40449583e+02,1.50000000e-01,2.50000000e-01,6.00000000e-01,0.00000000e+00
4.51451451e+01,2.67193693e+00,6.11186387e+02,1.01289810e+06,4.39969492e+02,1.50000000e-01,2.50000000e-01,6.00000000e-01,0.00000000e+00
4.52452452e+01,2.66464701e+00,6.13170942e+02,1.00903132e+06,4.39488958e+02,1.50000000e-01,2.50000000e-01,6.00000000e-01,0.00000000e+00
4.53453453e+01,2.65738216e+00,6.15158282e+02,1.00518204e+06,4.39009292e+02,1.50000000e-01,2.50000000e-01,6.00000000e-01,0.00000000e+00
4.54454454e+01,2.65013568e+00,6.17146613e+02,1.00134669e+06,4.38530056e+02,1.50000000e-01,2.50000000e-01,6.00000000e-01,0.00000000e+00
4.55455455e+01,2.64290937e+00,6.19136449e+02,9.97526192e+05,4.38051371e+02,1.50000000e-01,2.50000000e-01,6.00000000e-01,0.00000000e+00
4.56456456e+01,2.63568560e+00,6.21122955e+02,9.93711216e+05,4.37572072e+02,1.50000000e-01,2.50000000e-01,6.00000000e-01,0.00000000e+00
4.57457457e+01,2.62847705e+00,6.23109615e+02,9.89908444e+05,4.37092995e+02,1.50000000e-01,2.50000000e-01,6.00000000e-01,0.00000000e+00
4.58458458e+01,2.62128374e+00,6.25096457e+02,9.86117871e+05,4.36614147e+02,1.50000000e-01,2.50000000e-01,6.00000000e-01,0.00000000e+00
4.59459459e+01,2.61411803e+00,6.27086920e+02,9.82345972e+05,4.36136349e+02,1.50000000e-01,2.50000000e-01,6.00000000e-01,0.00000000e+00
4.60460460e+01,2.60696266e+00,6.29076255e+02,9.78583643e+05,4.35658455e+02,1.50000000e-01,2.50000000e-01,6.00000000e-01,0.00000000e+00
4.61461461e+01,2.59981931e+00,6.31064924e+02,9.74831738e+05,4.35180575e+02,1.50000000e-01,2.50000000e-01,6.00000000e-01,0.00000000e+00
4.62462462e+01,2.59268146e+00,6.33051127e+02,9.71086843e+05,4.34702277e+02,1.50000000e-01,2.50000000e-01,6.00000000e-01,0.00000000e+00
4.63463463e+01,2.58556778e+00,6.35040077e+02,9.67358721e+05,4.34224807e+02,1.50000000e-01,2.50000000e-01,6.00000000e-01,0.00000000e+00
4.64464464e+01,2.57847220e+00,6.37030131e+02,9.63644186e+05,4.33747774e+02,1.50000000e-01,2.50000000e-01,6.00000000e-01,0.00000000e+00
4.65465465e+01,2.57139664e+00,6.39021831e+02,9.59944181e+05,4.33271293e+02,1.50000000e-01,2.50000000e-01,6.00000000e-01,0.00000000e+00
4.66466466e+01,2.56432395e+00,6.41010411e+02,9.56249787e+05,4.32794237e+02,1.50000000e-01,2.50000000e-01,6.00000000e-01,0.00000000e+00
4.67467467e+01,2.55726517e+00,6.42998930e+02,9.52566671e+05,4.32317310e+02,1.50000000e-01,2.50000000e-01,6.00000000e-01,0.00000000e+00
4.68468468e+01,2.55022017e+00,6.44987438e+02,9.48894866e+05,4.31840556e+02,1.50000000e-01,2.50000000e-01,6.00000000e-01,0.00000000e+00
4.69469469e+01,2.54320233e+00,6.46979664e+02,9.45241159e+05,4.31364814e+02,1.50000000e-01,2.50000000e-01,6.00000000e-01,0.00000000e+00
4.70470470e+01,2.53619620e+00,6.48971381e+02,9.41597679e+05,4.30889130e+02,1.50000000e-01,2.50000000e-01,6.00000000e-01,0.00000000e+00
4.71471471e+01,2.52920263e+00,6.50962702e+02,9.37964595e+05,4.30413444e+02,1.50000000e-01,2.50000000e-01,6.00000000e-01,0.00000000e+00
4.72472472e+01,2.52221264e+00,6.52951270e+02,9.34337568e+05,4.29937295e+02,1.50000000e-01,2.50000000e-01,6.00000000e-01,0.00000000e+00
4.73473473e+01,2.51524424e+00,6.54942003e+02,9.30725502e+05,4.29461719e+02,1.50000000e-01,2.50000000e-01,6.00000000e-01,0.00000000e+00
4.74474474e+01,2.50829319e+00,6.56934032e+02,9.27126707e+05,4.28986672e+02,1.50000000e-01,2.50000000e-01,6.00000000e-01,0.00000000e+00
4.75475475e+01,2.50136457e+00,6.58928491e+02,9.23543141e+05,4.28512209e+02,1.50000000e-01,2.50000000e-01,6.00000000e-01,0.00000000e+00
4.76476476e+01,2.49443962e+00,6.60920473e+02,9.19965875e+05,4.28037412e+02,1.50000000e-01,2.50000000e-01,6.00000000e-01,0.00000000e+00
4.77477477e+01,2.48752697e+00,6.62911946e+02,9.16398426e+05,4.27562437e+02,1.50000000e-01,2.50000000e-01,6.00000000e-01,0.00000000e+00
4.78478478e+01,2.48062353e+00,6.64902645e+02,9.12840235e+05,4.27087561e+02,1.50000000e-01,2.50000000e-01,6.00000000e-01,0.00000000e+00
4.79479479e+01,2.47374687e+00,6.66897026e+02,9.09299169e+05,4.26613450e+02,1.50000000e-01,2.50000000e-01,6.00000000e-01,0.00000000e+00
4.80480480e+01,2.46688345e+00,6.68891988e+02,9.05769550e+05,4.26139794e+02,1.50000000e-01,2.50000000e-01,6.00000000e-01,0.00000000e+00
4.81481481e+01,2.46003614e+00,6.70887560e+02,9.02251362e+05,4.25666102e+02,1.50000000e-01,2.50000000e-01,6.00000000e-01,0.00000000e+00
4.82482482e+01,2.45318934e+00,6.72880148e+02,8.98738162e+05,4.25192036e+02,1.50000000e-01,2.50000000e-01,6.00000000e-01,0.00000000e+00
4.83483483e+01,2.44636040e+00,6.74873869e+02,8.95237133e+05,4.24717989e+02,1.50000000e-01,2.50000000e-01,6.00000000e-01,0.00000000e+00
4.84484484e+01,2.43954448e+00,6.76868444e+02,8.91747626e+05,4.24244507e+02,1.50000000e-01,2.50000000e-01,6.00000000e-01,0.00000000e+00
4.85485485e+01,2.43275467e+00,6.78866631e+02,8.88274330e+05,4.23771556e+02,1.50000000e-01,2.50000000e-01,6.00000000e-01,0.00000000e+00
4.86486486e+01,2.42597054e+00,6.80863788e+02,8.84808947e+05,4.23298753e+02,1.50000000e-01,2.50000000e-01,6.00000000e-01,0.00000000e+00
4.87487487e+01,2.41919994e+00,6.82860986e+02,8.81353219e+05,4.22825566e+02,1.50000000e-01,2.50000000e-01,6.00000000e-01,0.00000000e+00
4.88488488e+01,2.41243120e+00,6.84856119e+02,8.77903320e+05,4.22352201e+02,1.50000000e-01,2.50000000e-01,6.00000000e-01,0.00000000e+00
4.89489489e+01,2.40568531e+00,6.86854311e+02,8.74467921e+05,4.21879161e+02,1.50000000e-01,2.50000000e-01,6.00000000e-01,0.00000000e+00
4.90490490e+01,2.39895085e+00,6.88853628e+02,8.71043285e+05,4.21406658e+02,1.50000000e-01,2.50000000e-01,6.00000000e-01,0.00000000e+00
4.91491491e+01,2.39223865e+00,6.90855976e+02,8.67632575e+05,4.20934335e+02,1.50000000e-01,2.50000000e-01,6.00000000e-01,0.00000000e+00
4.92492492e+01,2.38552590e+00,6.92856451e+02,8.64226728e+05,4.20461818e+02,1.50000000e-01,2.50000000e-01,6.00000000e-01,0.00000000e+00
4.93493493e+01,2.37882757e+00,6.94858070e+02,8.60830831e+05,4.19988943e+02,1.50000000e-01,2.50000000e-01,6.00000000e-01,0.00000000e+00
4.94494494e+01,2.37213155e+00,6.96859041e+02,8.57440733e+05,4.19515826e+02,1.50000000e-01,2.50000000e-01,6.00000000e-01,0.00000000e+00
4.95495495e+01,2.36545898e+00,6.98864770e+02,8.54065704e+05,4.19043267e+02,1.50000000e-01,2.50000000e-01,6.00000000e-01,0.00000000e+00
4.96496496e+01,2.35878966e+00,7.00871419e+02,8.50696634e+05,4.18570392e+02,1.50000000e-01,2.50000000e-01,6.00000000e-01,0.00000000e+00
4.97497497e+01,2.35213735e+00,7.02881672e+02,8.47339433e+05,4.18097669e+02,1.50000000e-01,2.50000000e-01,6.00000000e-01,0.00000000e+00
4.98498498e+01,2.34547303e+00,7.04892837e+02,8.43981100e+05,4.17623843e+02,1.50000000e-01,2.50000000e-01,6.00000000e-01,0.00000000e+00
4.99499499e+01,2.33882803e+00,7.06907631e+02,8.40634953e+05,4.17149915e+02,1.50000000e-01,2.50000000e-01,6.00000000e-01,0.00000000e+00
5.00500501e+01,2.33214611e+00,7.08932583e+02,8.37275594e+05,1.24537911e+03,0.00000000e+00,2.29996757e-01,7.70003243e-01,0.00000000e+00
5.01501502e+01,2.32554331e+00,7.10940818e+02,8.33959987e+05,1.24396931e+03,0.00000000e+00,2.29996516e-01,7.70003484e-01,0.00000000e+00
5.02502503e+01,2.31898341e+00,7.12941777e+02,8.30668402e+05,1.24256447e+03,0.00000000e+00,2.29996439e-01,7.70003561e-01,0.00000000e+00
5.03503504e+01,2.31244658e+00,7.14940730e+02,8.27392674e+05,1.24116306e+03,0.00000000e+00,2.29996425e-01,7.70003575e-01,0.00000000e+00
5.04504505e+01,2.30592845e+00,7.16938327e+02,8.24128517e+05,1.23976107e+03,0.00000000e+00,2.29996442e-01,7.70003558e-01,0.00000000e+00
5.05505506e+01,2.29942625e+00,7.18935140e+02,8.20877957e+05,1.23836307e+03,0.00000000e+00,2.29996437e-01,7.70003563e-01,0.00000000e+00
5.06506507e+01,2.29294255e+00,7.20930407e+02,8.17638613e+05,1.23696411e+03,0.00000000e+00,2.29996405e-01,7.70003595e-01,0.00000000e+00
5.07507508e+01,2.28647244e+00,7.22925807e+02,8.14411164e+05,1.23556793e+03,0.00000000e+00,2.29996376e-01,7.70003624e-01,0.00000000e+00
5.08508509e+01,2.28002065e+00,7.24920296e+02,8.11195704e+05,1.23417214e+03,0.00000000e+00,2.29996323e-01,7.70003677e-01,0.00000000e+00
5.09509510e+01,2.27358334e+00,7.26915089e+02,8.07991029e+05,1.23277703e+03,0.00000000e+00,2.29996308e-01,7.70003692e-01,0.00000000e+00
5.10510511e+01,2.26715695e+00,7.28911454e+02,8.04796051e+05,1.23138292e+03,0.00000000e+00,2.29996282e-01,7.70003718e-01,0.00000000e+00
5.11511512e+01,2.26075670e+00,7.30904163e+02,8.01616278e+05,1.22998998e+03,0.00000000e+00,2.29996277e-01,7.70003723e-01,0.00000000e+00
5.12512513e+01,2.25436359e+00,7.32899063e+02,7.98445352e+05,1.22859886e+03,0.00000000e+00,2.29996271e-01,7.70003729e-01,0.00000000e+00
5.13513514e+01,2.24798529e+00,7.34893627e+02,7.95283591e+05,1.22720588e+03,0.00000000e+00,2.29996248e-01,7.70003752e-01,0.00000000e+00
5.14514515e+01,2.24162772e+00,7.36885871e+02,7.92137230e+05,1.22581747e+03,0.00000000e+00,2.29996225e-01,7.70003775e-01,0.00000000e+00
5.15515516e+01,2.23528202e+00,7.38878959e+02,7.88999410e+05,1.22442791e+03,0.00000000e+00,2.29996184e-01,7.70003816e-01,0.00000000e+00
5.16516517e+01,2.22894771e+00,7.40873129e+02,7.85870911e+05,1.22303871e+03,0.00000000e+00,2.29996168e-01,7.70003832e-01,0.00000000e+00
5.17517518e+01,2.22263486e+00,7.42865281e+02,7.82757132e+05,1.22165275e+03,0.00000000e+00,2.29996130e-01,7.70003870e-01,0.00000000e+00
5.18518519e+01,2.21633937e+00,7.44856494e+02,7.79654322e+05,1.22026651e+03,0.00000000e+00,2.29996115e-01,7.70003885e-01,0.00000000e+00
5.19519520e+01,2.21004791e+00,7.46851055e+02,7.76558536e+05,1.21888119e+03,0.00000000e+00,2.29996107e-01,7.70003893e-01,0.00000000e+00
5.20520521e+01,2.20376582e+00,7.48847111e+02,7.73469183e+05,1.21749290e+03,0.00000000e+00,2.29996101e-01,7.70003899e-01,0.00000000e+00
5.21521522e+01,2.19750073e+00,7.50842102e+02,7.70393220e+05,1.21610840e+03,0.00000000e+00,2.29996090e-01,7.70003910e-01,0.00000000e+00
5.22522523e+01,2.19126032e+00,7.52833616e+02,7.67331844e+05,1.21472538e+03,0.00000000e+00,2.29996043e-01,7.70003957e-01,0.00000000e+00
5.23523524e+01,2.18503850e+00,7.54823618e+02,7.64283534e+05,1.21334490e+03,0.00000000e+00,2.29996009e-01,7.70003991e-01,0.00000000e+00
5.24524525e+01,2.17882749e+00,7.56814892e+02,7.61244162e+05,1.21196474e+03,0.00000000e+00,2.29995961e-01,7.70004039e-01,0.00000000e+00
5.25525526e+01,2.17262336e+00,7.58808659e+02,7.58210642e+05,1.21058220e+03,0.00000000e+00,2.29995951e-01,7.70004049e-01,0.00000000e+00
5.26526527e+01,2.16642745e+00,7.60804579e+02,7.55185893e+05,1.20920121e+03,0.00000000e+00,2.29995942e-01,7.70004058e-01,0.00000000e+00
5.27527528e+01,2.16025134e+00,7.62798616e+02,7.52172593e+05,1.20781961e+03,0.00000000e+00,2.29995932e-01,7.70004068e-01,0.00000000e+00
5.28528529e+01,2.15409762e+00,7.64789771e+02,7.49175406e+05,1.20644349e+03,0.00000000e+00,2.29995910e-01,7.70004090e-01,0.00000000e+00
5.29529530e+01,2.14796470e+00,7.66778510e+02,7.46190471e+05,1.20506759e+03,0.00000000e+00,2.29995864e-01,7.70004136e-01,0.00000000e+00
5.30530531e+01,2.14184046e+00,7.68768868e+02,7.43214095e+05,1.20369281e+03,0.00000000e+00,2.29995841e-01,7.70004159e-01,0.00000000e+00
5.31531532e+01,2.13572097e+00,7.70762423e+02,7.40243085e+05,1.20231619e+03,0.00000000e+00,2.29995813e-01,7.70004187e-01,0.00000000e+00
5.32532533e+01,2.12961079e+00,7.72757619e+02,7.37279546e+05,1.20093857e+03,0.00000000e+00,2.29995813e-01,7.70004187e-01,0.00000000e+00
5.33533534e+01,2.12351833e+00,7.74751742e+02,7.34328940e+05,1.19956414e+03,0.00000000e+00,2.29995788e-01,7.70004212e-01,0.00000000e+00
5.34534535e+01,2.11745037e+00,7.76742264e+02,7.31392250e+05,1.19819074e+03,0.00000000e+00,2.29995759e-01,7.70004241e-01,0.00000000e+00
5.35535536e+01,2.11140010e+00,7.78731444e+02,7.28469119e+05,1.19682169e+03,0.00000000e+00,2.29995717e-01,7.70004283e-01,0.00000000e+00
5.36536537e+01,2.10536108e+00,7.80721386e+02,7.25553216e+05,1.19545029e+03,0.00000000e+00,2.29995676e-01,7.70004324e-01,0.00000000e+00
5.37537538e+01,2.09932458e+00,7.82715117e+02,7.22643064e+05,1.19407907e+03,0.00000000e+00,2.29995662e-01,7.70004338e-01,0.00000000e+00
5.38538539e+01,2.09329465e+00,7.84711402e+02,7.19738509e+05,1.19270548e+03,0.00000000e+00,2.29995644e-01,7.70004356e-01,0.00000000e+00
5.39539540e+01,2.08727814e+00,7.86707877e+02,7.16843933e+05,1.19133287e+03,0.00000000e+00,2.29995644e-01,7.70004356e-01,0.00000000e+00
5.40540541e+01,2.08128337e+00,7.88701795e+02,7.13963531e+05,1.18996353e+03,0.00000000e+00,2.29995612e-01,7.70004388e-01,0.00000000e+00
5.41541542e+01,2.07531391e+00,7.90691707e+02,7.11097773e+05,1.18859625e+03,0.00000000e+00,2.29995580e-01,7.70004420e-01,0.00000000e+00
5.42542543e+01,2.06936306e+00,7.92679945e+02,7.08245615e+05,1.18723320e+03,0.00000000e+00,2.29995530e-01,7.70004470e-01,0.00000000e+00
5.43543544e+01,2.06342454e+00,7.94668522e+02,7.05401162e+05,1.18586816e+03,0.00000000e+00,2.29995491e-01,7.70004509e-01,0.00000000e+00
5.44544545e+01,2.05748928e+00,7.96660658e+02,7.02562993e+05,1.18450396e+03,0.00000000e+00,2.29995471e-01,7.70004529e-01,0.00000000e+00
5.45545546e+01,2.05155939e+00,7.98655658e+02,6.99729339e+05,1.18313640e+03,0.00000000e+00,2.29995454e-01,7.70004546e-01,0.00000000e+00
5.46546547e+01,2.04563792e+00,8.00652481e+02,6.96903733e+05,1.18176970e+03,0.00000000e+00,2.29995458e-01,7.70004542e-01,0.00000000e+00
5.47547548e+01,2.03973316e+00,8.02648342e+02,6.94089104e+05,1.18040407e+03,0.00000000e+00,2.29995434e-01,7.70004566e-01,0.00000000e+00
5.48548549e+01,2.03384998e+00,8.04641398e+02,6.91287727e+05,1.17904059e+03,0.00000000e+00,2.29995414e-01,7.70004586e-01,0.00000000e+00
5.49549550e+01,2.02798782e+00,8.06631942e+02,6.88500476e+05,1.17768115e+03,0.00000000e+00,2.29995366e-01,7.70004634e-01,0.00000000e+00
5.50550551e+01,2.02214470e+00,8.08620462e+02,6.85724296e+05,1.17632175e+03,0.00000000e+00,2.29995321e-01,7.70004679e-01,0.00000000e+00
5.51551552e+01,2.01631282e+00,8.10609790e+02,6.82958095e+05,1.17496509e+03,0.00000000e+00,2.29995276e-01,7.70004724e-01,0.00000000e+00
5.52552553e+01,2.01048980e+00,8.12600669e+02,6.80197811e+05,1.17360559e+03,0.00000000e+00,2.29995240e-01,7.70004760e-01,0.00000000e+00
5.53553554e+01,2.00467156e+00,8.14594625e+02,6.77444137e+05,1.17224685e+03,0.00000000e+00,2.29995226e-01,7.70004774e-01,0.00000000e+00
5.54554555e+01,1.99886216e+00,8.16590268e+02,6.74696912e+05,1.17088621e+03,0.00000000e+00,2.29995211e-01,7.70004789e-01,0.00000000e+00
5.55555556e+01,1.99306516e+00,8.18586309e+02,6.71959068e+05,1.16952669e+03,0.00000000e+00,2.29995214e-01,7.70004786e-01,0.00000000e+00
5.56556557e+01,1.98728652e+00,8.20580731e+02,6.69233255e+05,1.16816943e+03,0.00000000e+00,2.29995194e-01,7.70004806e-01,0.00000000e+00
5.57557558e+01,1.98153081e+00,8.22571724e+02,6.66520760e+05,1.16681408e+03,0.00000000e+00,2.29995175e-01,7.70004825e-01,0.00000000e+00
5.58558559e+01,1.97579734e+00,8.24559601e+02,6.63823035e+05,1.16546364e+03,0.00000000e+00,2.29995131e-01,7.70004869e-01,0.00000000e+00
5.59559560e+01,1.97008535e+00,8.26544403e+02,6.61137334e+05,1.16411383e+03,0.00000000e+00,2.29995078e-01,7.70004922e-01,0.00000000e+00
5.60560561e+01,1.96438717e+00,8.28528990e+02,6.58462733e+05,1.16276758e+03,0.00000000e+00,2.29995013e-01,7.70004987e-01,0.00000000e+00
5.61561562e+01,1.95869871e+00,8.30514712e+02,6.55794348e+05,1.16141874e+03,0.00000000e+00,2.29994946e-01,7.70005054e-01,0.00000000e+00
5.62562563e+01,1.95301197e+00,8.32504479e+02,6.53130907e+05,1.16006982e+03,0.00000000e+00,2.29994901e-01,7.70005099e-01,0.00000000e+00
5.63563564e+01,1.94732347e+00,8.34499617e+02,6.50469888e+05,1.15871837e+03,0.00000000e+00,2.29994871e-01,7.70005129e-01,0.00000000e+00
5.64564565e+01,1.94163250e+00,8.36500614e+02,6.47809600e+05,1.15736180e+03,0.00000000e+00,2.29994886e-01,7.70005114e-01,0.00000000e+00
5.65565566e+01,1.93594763e+00,8.38504439e+02,6.45155223e+05,1.15600419e+03,0.00000000e+00,2.29994911e-01,7.70005089e-01,0.00000000e+00
5.66566567e+01,1.93028017e+00,8.40506730e+02,6.42512361e+05,1.15464887e+03,0.00000000e+00,2.29994939e-01,7.70005061e-01,0.00000000e+00
5.67567568e+01,1.92463850e+00,8.42504517e+02,6.39885147e+05,1.15329832e+03,0.00000000e+00,2.29994915e-01,7.70005085e-01,0.00000000e+00
5.68568569e+01,1.91902711e+00,8.44495954e+02,6.37274333e+05,1.15195128e+03,0.00000000e+00,2.29994866e-01,7.70005134e-01,0.00000000e+00
5.69569570e+01,1.91344198e+00,8.46482513e+02,6.34679811e+05,1.15061008e+03,0.00000000e+00,2.29994797e-01,7.70005203e-01,0.00000000e+00
5.70570571e+01,1.90787727e+00,8.48466282e+02,6.32097213e+05,1.14927041e+03,0.00000000e+00,2.29994713e-01,7.70005287e-01,0.00000000e+00
5.71571572e+01,1.90232348e+00,8.50450739e+02,6.29522964e+05,1.14793155e+03,0.00000000e+00,2.29994654e-01,7.70005346e-01,0.00000000e+00
5.72572573e+01,1.89677447e+00,8.52438312e+02,6.26954118e+05,1.14659183e+03,0.00000000e+00,2.29994597e-01,7.70005403e-01,0.00000000e+00
5.73573574e+01,1.89122841e+00,8.54429555e+02,6.24388797e+05,1.14524893e+03,0.00000000e+00,2.29994575e-01,7.70005425e-01,0.00000000e+00
5.74574575e+01,1.88568492e+00,8.56424753e+02,6.21828520e+05,1.14390587e+03,0.00000000e+00,2.29994570e-01,7.70005430e-01,0.00000000e+00
5.75575576e+01,1.88014910e+00,8.58421969e+02,6.19273879e+05,1.14256061e+03,0.00000000e+00,2.29994568e-01,7.70005432e-01,0.00000000e+00
5.76576577e+01,1.87462516e+00,8.60419610e+02,6.16728188e+05,1.14121675e+03,0.00000000e+00,2.29994577e-01,7.70005423e-01,0.00000000e+00
5.77577578e+01,1.86911891e+00,8.62415528e+02,6.14193683e+05,1.13987490e+03,0.00000000e+00,2.29994555e-01,7.70005445e-01,0.00000000e+00
5.78578579e+01,1.86363351e+00,8.64408374e+02,6.11671310e+05,1.13853497e+03,0.00000000e+00,2.29994532e-01,7.70005468e-01,0.00000000e+00
5.79579580e+01,1.85816839e+00,8.66398492e+02,6.09162148e+05,1.13719938e+03,0.00000000e+00,2.29994485e-01,7.70005515e-01,0.00000000e+00
5.80580581e+01,1.85272354e+00,8.68385739e+02,6.06664359e+05,1.13586477e+03,0.00000000e+00,2.29994422e-01,7.70005578e-01,0.00000000e+00
5.81581582e+01,1.84729441e+00,8.70371856e+02,6.04177480e+05,1.13453313e+03,0.00000000e+00,2.29994363e-01,7.70005637e-01,0.00000000e+00
5.82582583e+01,1.84187783e+00,8.72358070e+02,6.01698937e+05,1.13320162e+03,0.00000000e+00,2.29994291e-01,7.70005709e-01,0.00000000e+00
5.83583584e+01,1.83646983e+00,8.74345792e+02,5.99226993e+05,1.13186943e+03,0.00000000e+00,2.29994245e-01,7.70005755e-01,0.00000000e+00
5.84584585e+01,1.83106754e+00,8.76336264e+02,5.96761142e+05,1.13053739e+03,0.00000000e+00,2.29994201e-01,7.70005799e-01,0.00000000e+00
5.85585586e+01,1.82567150e+00,8.78329169e+02,5.94300062e+05,1.12920266e+03,0.00000000e+00,2.29994176e-01,7.70005824e-01,0.00000000e+00
5.86586587e+01,1.82028166e+00,8.80324654e+02,5.91845547e+05,1.12786870e+03,0.00000000e+00,2.29994167e-01,7.70005833e-01,0.00000000e+00
5.87587588e+01,1.81490216e+00,8.82321098e+02,5.89397915e+05,1.12653355e+03,0.00000000e+00,2.29994153e-01,7.70005847e-01,0.00000000e+00
5.88588589e+01,1.80953552e+00,8.84317489e+02,5.86959240e+05,1.12519964e+03,0.00000000e+00,2.29994158e-01,7.70005842e-01,0.00000000e+00
5.89589590e+01,1.80418519e+00,8.86312613e+02,5.84531144e+05,1.12386798e+03,0.00000000e+00,2.29994143e-01,7.70005857e-01,0.00000000e+00
5.90590591e+01,1.79885495e+00,8.88304811e+02,5.82114374e+05,1.12253769e+03,0.00000000e+00,2.29994126e-01,7.70005874e-01,0.00000000e+00
5.91591592e+01,1.79354549e+00,8.90293869e+02,5.79710919e+05,1.12121225e+03,0.00000000e+00,2.29994082e-01,7.70005918e-01,0.00000000e+00
5.92592593e+01,1.78825758e+00,8.92279302e+02,5.77319266e+05,1.11988834e+03,0.00000000e+00,2.29994014e-01,7.70005986e-01,0.00000000e+00
5.93593594e+01,1.78298663e+00,8.94262898e+02,5.74938842e+05,1.11856778e+03,0.00000000e+00,2.29993946e-01,7.70006054e-01,0.00000000e+00
5.94594595e+01,1.77772892e+00,8.96246172e+02,5.72567070e+05,1.11724795e+03,0.00000000e+00,2.29993858e-01,7.70006142e-01,0.00000000e+00
5.95595596e+01,1.77248002e+00,8.98230736e+02,5.70201725e+05,1.11592733e+03,0.00000000e+00,2.29993790e-01,7.70006210e-01,0.00000000e+00
5.96596597e+01,1.76723563e+00,9.00218447e+02,5.67841920e+05,1.11460689e+03,0.00000000e+00,2.29993718e-01,7.70006282e-01,0.00000000e+00
5.97597598e+01,1.76199440e+00,9.02209692e+02,5.65485288e+05,1.11328284e+03,0.00000000e+00,2.29993664e-01,7.70006336e-01,0.00000000e+00
5.98598599e+01,1.75675360e+00,9.04205727e+02,5.63132464e+05,1.11195814e+03,0.00000000e+00,2.29993636e-01,7.70006364e-01,0.00000000e+00
5.99599600e+01,1.75151517e+00,9.06205791e+02,5.60782734e+05,1.11063014e+03,0.00000000e+00,2.29993615e-01,7.70006385e-01,0.00000000e+00
6.00600601e+01,1.74628101e+00,9.08209127e+02,5.58437805e+05,1.10930100e+03,0.00000000e+00,2.29993628e-01,7.70006372e-01,0.00000000e+00
6.01601602e+01,1.74105529e+00,9.10214224e+02,5.56099682e+05,1.10797206e+03,0.00000000e+00,2.29993637e-01,7.70006363e-01,0.00000000e+00
6.02602603e+01,1.73584366e+00,9.12218681e+02,5.53769888e+05,1.10664278e+03,0.00000000e+00,2.29993661e-01,7.70006339e-01,0.00000000e+00
6.03603604e+01,1.73065026e+00,9.14221022e+02,5.51451983e+05,1.10531768e+03,0.00000000e+00,2.29993674e-01,7.70006326e-01,0.00000000e+00
6.04604605e+01,1.72548137e+00,9.16218533e+02,5.49146871e+05,1.10399464e+03,0.00000000e+00,2.29993665e-01,7.70006335e-01,0.00000000e+00
6.05605606e+01,1.72033903e+00,9.18210378e+02,5.46857212e+05,1.10267779e+03,0.00000000e+00,2.29993634e-01,7.70006366e-01,0.00000000e+00
6.06606607e+01,1.71522489e+00,9.20195751e+02,5.44582694e+05,1.10136555e+03,0.00000000e+00,2.29993550e-01,7.70006450e-01,0.00000000e+00
6.07607608e+01,1.71013583e+00,9.22175701e+02,5.42322119e+05,1.10005760e+03,0.00000000e+00,2.29993447e-01,7.70006553e-01,0.00000000e+00
6.08608609e+01,1.70506517e+00,9.24153030e+02,5.40073173e+05,1.09875365e+03,0.00000000e+00,2.29993314e-01,7.70006686e-01,0.00000000e+00
6.09609610e+01,1.70000559e+00,9.26130585e+02,5.37830939e+05,1.09744846e+03,0.00000000e+00,2.29993203e-01,7.70006797e-01,0.00000000e+00
6.10610611e+01,1.69494800e+00,9.28112387e+02,5.35593007e+05,1.09614300e+03,0.00000000e+00,2.29993127e-01,7.70006873e-01,0.00000000e+00
6.11611612e+01,1.68988942e+00,9.30099577e+02,5.33356416e+05,1.09483314e+03,0.00000000e+00,2.29993126e-01,7.70006874e-01,0.00000000e+00
6.12612613e+01,1.68483085e+00,9.32092235e+02,5.31122709e+05,1.09352134e+03,0.00000000e+00,2.29993128e-01,7.70006872e-01,0.00000000e+00
6.13613614e+01,1.67978192e+00,9.34085815e+02,5.28895174e+05,1.09220811e+03,0.00000000e+00,2.29993117e-01,7.70006883e-01,0.00000000e+00
6.14614615e+01,1.67474574e+00,9.36078942e+02,5.26676589e+05,1.09089720e+03,0.00000000e+00,2.29993093e-01,7.70006907e-01,0.00000000e+00
6.15615616e+01,1.66972368e+00,9.38071065e+02,5.24466924e+05,1.08958770e+03,0.00000000e+00,2.29993039e-01,7.70006961e-01,0.00000000e+00
6.16616617e+01,1.66471447e+00,9.40062703e+02,5.22265341e+05,1.08827873e+03,0.00000000e+00,2.29992995e-01,7.70007005e-01,0.00000000e+00
6.17617618e+01,1.65971620e+00,9.42054922e+02,5.20071709e+05,1.08697132e+03,0.00000000e+00,2.29992959e-01,7.70007041e-01,0.00000000e+00
6.18618619e+01,1.65472985e+00,9.44047286e+02,5.17885157e+05,1.08566303e+03,0.00000000e+00,2.29992942e-01,7.70007058e-01,0.00000000e+00
6.19619620e+01,1.64975654e+00,9.46039422e+02,5.15707412e+05,1.08435679e+03,0.00000000e+00,2.29992941e-01,7.70007059e-01,0.00000000e+00
6.20620621e+01,1.64480015e+00,9.48029632e+02,5.13539416e+05,1.08305206e+03,0.00000000e+00,2.29992921e-01,7.70007079e-01,0.00000000e+00
6.21621622e+01,1.63986342e+00,9.50016540e+02,5.11382571e+05,1.08175006e+03,0.00000000e+00,2.29992890e-01,7.70007110e-01,0.00000000e+00
6.22622623e+01,1.63494720e+00,9.51999760e+02,5.09237923e+05,1.08045252e+03,0.00000000e+00,2.29992815e-01,7.70007185e-01,0.00000000e+00
6.23623624e+01,1.63005074e+00,9.53979360e+02,5.07104003e+05,1.07915689e+03,0.00000000e+00,2.29992711e-01,7.70007289e-01,0.00000000e+00
6.24624625e+01,1.62516897e+00,9.55957566e+02,5.04979840e+05,1.07786455e+03,0.00000000e+00,2.29992594e-01,7.70007406e-01,0.00000000e+00
6.25625626e+01,1.62029699e+00,9.57936453e+02,5.02862130e+05,1.07657172e+03,0.00000000e+00,2.29992472e-01,7.70007528e-01,0.00000000e+00
6.26626627e+01,1.61542878e+00,9.59918664e+02,5.00748584e+05,1.07527753e+03,0.00000000e+00,2.29992377e-01,7.70007623e-01,0.00000000e+00
6.27627628e+01,1.61056051e+00,9.61906016e+02,4.98637760e+05,1.07398142e+03,0.00000000e+00,2.29992284e-01,7.70007716e-01,0.00000000e+00
6.28628629e+01,1.60568974e+00,9.63899428e+02,4.96527930e+05,1.07268128e+03,0.00000000e+00,2.29992311e-01,7.70007689e-01,0.00000000e+00
6.29629630e+01,1.60081617e+00,9.65899687e+02,4.94418628e+05,1.07137626e+03,0.00000000e+00,2.29992384e-01,7.70007616e-01,0.00000000e+00
6.30630631e+01,1.59595403e+00,9.67900001e+02,4.92317097e+05,1.07007248e+03,0.00000000e+00,2.29992377e-01,7.70007623e-01,0.00000000e+00
6.31631632e+01,1.59110861e+00,9.69897860e+02,4.90225671e+05,1.06877153e+03,0.00000000e+00,2.29992330e-01,7.70007670e-01,0.00000000e+00
6.32632633e+01,1.58627973e+00,9.71893410e+02,4.88144207e+05,1.06747328e+03,0.00000000e+00,2.29992251e-01,7.70007749e-01,0.00000000e+00
6.33633634e+01,1.58146478e+00,9.73887821e+02,4.86071184e+05,1.06617623e+03,0.00000000e+00,2.29992172e-01,7.70007828e-01,0.00000000e+00
6.34634635e+01,1.57666011e+00,9.75882892e+02,4.84005333e+05,1.06488009e+03,0.00000000e+00,2.29992113e-01,7.70007887e-01,0.00000000e+00
6.35635636e+01,1.57186408e+00,9.77879438e+02,4.81945337e+05,1.06358311e+03,0.00000000e+00,2.29992086e-01,7.70007914e-01,0.00000000e+00
6.36636637e+01,1.56707701e+00,9.79877435e+02,4.79891638e+05,1.06228606e+03,0.00000000e+00,2.29992096e-01,7.70007904e-01,0.00000000e+00
6.37637638e+01,1.56230220e+00,9.81875443e+02,4.77845476e+05,1.06098947e+03,0.00000000e+00,2.29992121e-01,7.70007879e-01,0.00000000e+00
6.38638639e+01,1.55754453e+00,9.83871227e+02,4.75809109e+05,1.05969509e+03,0.00000000e+00,2.29992135e-01,7.70007865e-01,0.00000000e+00
6.39639640e+01,1.55280906e+00,9.85862357e+02,4.73784818e+05,1.05840461e+03,0.00000000e+00,2.29992108e-01,7.70007892e-01,0.00000000e+00
6.40640641e+01,1.54809859e+00,9.87847368e+02,4.71774013e+05,1.05711938e+03,0.00000000e+00,2.29992017e-01,7.70007983e-01,0.00000000e+00
6.41641642e+01,1.54341213e+00,9.89826474e+02,4.69776197e+05,1.05583906e+03,0.00000000e+00,2.29991868e-01,7.70008132e-01,0.00000000e+00
6.42642643e+01,1.53874399e+00,9.91802142e+02,4.67788929e+05,1.05456217e+03,0.00000000e+00,2.29991702e-01,7.70008298e-01,0.00000000e+00
6.43643644e+01,1.53408548e+00,9.93778528e+02,4.65808275e+05,1.05328585e+03,0.00000000e+00,2.29991562e-01,7.70008438e-01,0.00000000e+00
6.44644645e+01,1.52942959e+00,9.95759061e+02,4.63830672e+05,1.05200689e+03,0.00000000e+00,2.29991484e-01,7.70008516e-01,0.00000000e+00
6.45645646e+01,1.52477416e+00,9.97744803e+02,4.61855391e+05,1.05072508e+03,0.00000000e+00,2.29991460e-01,7.70008540e-01,0.00000000e+00
6.46646647e+01,1.52012170e+00,9.99734530e+02,4.59883514e+05,1.04944115e+03,0.00000000e+00,2.29991455e-01,7.70008545e-01,0.00000000e+00
6.47647648e+01,1.51547645e+00,1.00172613e+03,4.57916968e+05,1.04815654e+03,0.00000000e+00,2.29991442e-01,7.70008558e-01,0.00000000e+00
6.48648649e+01,1.51084206e+00,1.00371783e+03,4.55957607e+05,1.04687300e+03,0.00000000e+00,2.29991400e-01,7.70008600e-01,0.00000000e+00
6.49649650e+01,1.50622048e+00,1.00570865e+03,4.54006079e+05,1.04559071e+03,0.00000000e+00,2.29991328e-01,7.70008672e-01,0.00000000e+00
6.50650651e+01,1.50161109e+00,1.00769884e+03,4.52062311e+05,1.04430998e+03,0.00000000e+00,2.29991239e-01,7.70008761e-01,0.00000000e+00
6.51651652e+01,1.49701187e+00,1.00968939e+03,4.50125318e+05,1.04302996e+03,0.00000000e+00,2.29991141e-01,7.70008859e-01,0.00000000e+00
6.52652653e+01,1.49242025e+00,1.01168151e+03,4.48193813e+05,1.04174952e+03,0.00000000e+00,2.29991058e-01,7.70008942e-01,0.00000000e+00
6.53653654e+01,1.48783386e+00,1.01367640e+03,4.46266943e+05,1.04046831e+03,0.00000000e+00,2.29991000e-01,7.70009000e-01,0.00000000e+00
6.54654655e+01,1.48325196e+00,1.01567448e+03,4.44344057e+05,1.03918537e+03,0.00000000e+00,2.29990974e-01,7.70009026e-01,0.00000000e+00
6.55655656e+01,1.47867525e+00,1.01767552e+03,4.42425608e+05,1.03790124e+03,0.00000000e+00,2.29990984e-01,7.70009016e-01,0.00000000e+00
6.56656657e+01,1.47410657e+00,1.01967826e+03,4.40512754e+05,1.03661666e+03,0.00000000e+00,2.29991012e-01,7.70008988e-01,0.00000000e+00
6.57657658e+01,1.46955019e+00,1.02168070e+03,4.38607232e+05,1.03533274e+03,0.00000000e+00,2.29991048e-01,7.70008952e-01,0.00000000e+00
6.58658659e+01,1.46501071e+00,1.02368067e+03,4.36711248e+05,1.03405148e+03,0.00000000e+00,2.29991069e-01,7.70008931e-01,0.00000000e+00
6.59659660e+01,1.46049258e+00,1.02567599e+03,4.34826537e+05,1.03277393e+03,0.00000000e+00,2.29991053e-01,7.70008947e-01,0.00000000e+00
6.60660661e+01,1.45599859e+00,1.02766520e+03,4.32954431e+05,1.03150138e+03,0.00000000e+00,2.29990991e-01,7.70009009e-01,0.00000000e+00
6.61661662e+01,1.45152934e+00,1.02964790e+03,4.31095293e+05,1.03023437e+03,0.00000000e+00,2.29990873e-01,7.70009127e-01,0.00000000e+00
6.62662663e+01,1.44708280e+00,1.03162491e+03,4.29248019e+05,1.02897182e+03,0.00000000e+00,2.29990710e-01,7.70009290e-01,0.00000000e+00
6.63663664e+01,1.44265422e+00,1.03359840e+03,4.27410812e+05,1.02771290e+03,0.00000000e+00,2.29990525e-01,7.70009475e-01,0.00000000e+00
6.64664665e+01,1.43823744e+00,1.03557136e+03,4.25580794e+05,1.02645514e+03,0.00000000e+00,2.29990347e-01,7.70009653e-01,0.00000000e+00
6.65665666e+01,1.43382609e+00,1.03754690e+03,4.23755035e+05,1.02519606e+03,0.00000000e+00,2.29990216e-01,7.70009784e-01,0.00000000e+00
6.66666667e+01,1.42941555e+00,1.03952751e+03,4.21931714e+05,1.02393455e+03,0.00000000e+00,2.29990144e-01,7.70009856e-01,0.00000000e+00
6.67667668e+01,1.42500533e+00,1.04151345e+03,4.20110203e+05,1.02266942e+03,0.00000000e+00,2.29990113e-01,7.70009887e-01,0.00000000e+00
6.68668669e+01,1.42059793e+00,1.04350330e+03,4.18291958e+05,1.02140238e+03,0.00000000e+00,2.29990108e-01,7.70009892e-01,0.00000000e+00
6.69669670e+01,1.41619632e+00,1.04549561e+03,4.16478436e+05,1.02013485e+03,0.00000000e+00,2.29990103e-01,7.70009897e-01,0.00000000e+00
6.70670671e+01,1.41180350e+00,1.04748892e+03,4.14670507e+05,1.01886682e+03,0.00000000e+00,2.29990091e-01,7.70009909e-01,0.00000000e+00
6.71671672e+01,1.40742228e+00,1.04948178e+03,4.12869865e+05,1.01760045e+03,0.00000000e+00,2.29990063e-01,7.70009937e-01,0.00000000e+00
6.72672673e+01,1.40305450e+00,1.05147323e+03,4.11077096e+05,1.01633589e+03,0.00000000e+00,2.29990018e-01,7.70009982e-01,0.00000000e+00
6.73673674e+01,1.39870004e+00,1.05346350e+03,4.09291914e+05,1.01507259e+03,0.00000000e+00,2.29989983e-01,7.70010017e-01,0.00000000e+00
6.74674675e+01,1.39435917e+00,1.05545264e+03,4.07514685e+05,1.01381130e+03,0.00000000e+00,2.29989944e-01,7.70010056e-01,0.00000000e+00
6.75675676e+01,1.39003386e+00,1.05743949e+03,4.05745880e+05,1.01255182e+03,0.00000000e+00,2.29989881e-01,7.70010119e-01,0.00000000e+00
6.76676677e+01,1.38572489e+00,1.05942348e+03,4.03986175e+05,1.01129532e+03,0.00000000e+00,2.29989797e-01,7.70010203e-01,0.00000000e+00
6.77677678e+01,1.38143145e+00,1.06140504e+03,4.02235253e+05,1.01004168e+03,0.00000000e+00,2.29989686e-01,7.70010314e-01,0.00000000e+00
6.78678679e+01,1.37715202e+00,1.06338486e+03,4.00492088e+05,1.00878951e+03,0.00000000e+00,2.29989559e-01,7.70010441e-01,0.00000000e+00
6.79679680e+01,1.37288435e+00,1.06536398e+03,3.98756205e+05,1.00753929e+03,0.00000000e+00,2.29989416e-01,7.70010584e-01,0.00000000e+00
6.80680681e+01,1.36862586e+00,1.06734357e+03,3.97026239e+05,1.00628952e+03,0.00000000e+00,2.29989265e-01,7.70010735e-01,0.00000000e+00
6.81681682e+01,1.36437270e+00,1.06932559e+03,3.95300491e+05,1.00503875e+03,0.00000000e+00,2.29989146e-01,7.70010854e-01,0.00000000e+00
6.82682683e+01,1.36012136e+00,1.07131210e+03,3.93577623e+05,1.00378617e+03,0.00000000e+00,2.29989077e-01,7.70010923e-01,0.00000000e+00
6.83683684e+01,1.35587112e+00,1.07330363e+03,3.91856766e+05,1.00253008e+03,0.00000000e+00,2.29989060e-01,7.70010940e-01,0.00000000e+00
6.84684685e+01,1.35162384e+00,1.07529927e+03,3.90139045e+05,1.00127194e+03,0.00000000e+00,2.29989082e-01,7.70010918e-01,0.00000000e+00
6.85685686e+01,1.34738376e+00,1.07729682e+03,3.88426286e+05,1.00001330e+03,0.00000000e+00,2.29989103e-01,7.70010897e-01,0.00000000e+00
6.86686687e+01,1.34315547e+00,1.07929376e+03,3.86720252e+05,9.98755317e+02,0.00000000e+00,2.29989111e-01,7.70010889e-01,0.00000000e+00
6.87687688e+01,1.33894220e+00,1.08128846e+03,3.85022748e+05,9.97500297e+02,0.00000000e+00,2.29989094e-01,7.70010906e-01,0.00000000e+00
6.88688689e+01,1.33474628e+00,1.08327971e+03,3.83334358e+05,9.96248079e+02,0.00000000e+00,2.29989047e-01,7.70010953e-01,0.00000000e+00
6.89689690e+01,1.33056867e+00,1.08526703e+03,3.81655534e+05,9.94999214e+02,0.00000000e+00,2.29988981e-01,7.70011019e-01,0.00000000e+00
6.90690691e+01,1.32640958e+00,1.08725033e+03,3.79986545e+05,9.93754322e+02,0.00000000e+00,2.29988884e-01,7.70011116e-01,0.00000000e+00
6.91691692e+01,1.32226885e+00,1.08922954e+03,3.78326929e+05,9.92512400e+02,0.00000000e+00,2.29988756e-01,7.70011244e-01,0.00000000e+00
6.92692693e+01,1.31814487e+00,1.09120538e+03,3.76676437e+05,9.91274088e+02,0.00000000e+00,2.29988601e-01,7.70011399e-01,0.00000000e+00
6.93693694e+01,1.31403519e+00,1.09317901e+03,3.75033897e+05,9.90038225e+02,0.00000000e+00,2.29988419e-01,7.70011581e-01,0.00000000e+00
6.94694695e+01,1.30993613e+00,1.09515222e+03,3.73397626e+05,9.88803182e+02,0.00000000e+00,2.29988240e-01,7.70011760e-01,0.00000000e+00
6.95695696e+01,1.30584333e+00,1.09712740e+03,3.71766114e+05,9.87568306e+02,0.00000000e+00,2.29988078e-01,7.70011922e-01,0.00000000e+00
6.96696697e+01,1.30175334e+00,1.09910639e+03,3.70137443e+05,9.86331105e+02,0.00000000e+00,2.29987933e-01,7.70012067e-01,0.00000000e+00
6.97697698e+01,1.29766374e+00,1.10109054e+03,3.68510745e+05,9.85091075e+02,0.00000000e+00,2.29987762e-01,7.70012238e-01,0.00000000e+00
6.98698699e+01,1.29357254e+00,1.10308069e+03,3.66885389e+05,9.83848034e+02,0.00000000e+00,2.29987664e-01,7.70012336e-01,0.00000000e+00
6.99699700e+01,1.28947486e+00,1.10507962e+03,3.65259208e+05,9.82599868e+02,0.00000000e+00,2.29987899e-01,7.70012101e-01,0.00000000e+00
7.00700701e+01,1.28537656e+00,1.10708617e+03,3.63633768e+05,9.81346197e+02,0.00000000e+00,2.29988019e-01,7.70011981e-01,0.00000000e+00
7.01701702e+01,1.28129513e+00,1.10908811e+03,3.62017468e+05,9.80096333e+02,0.00000000e+00,2.29988015e-01,7.70011985e-01,0.00000000e+00
7.02702703e+01,1.27723156e+00,1.11108554e+03,3.60411047e+05,9.78851618e+02,0.00000000e+00,2.29987953e-01,7.70012047e-01,0.00000000e+00
7.03703704e+01,1.27318548e+00,1.11307913e+03,3.58813855e+05,9.77610665e+02,0.00000000e+00,2.29987850e-01,7.70012150e-01,0.00000000e+00
7.04704705e+01,1.26915612e+00,1.11506928e+03,3.57225027e+05,9.76371800e+02,0.00000000e+00,2.29987738e-01,7.70012262e-01,0.00000000e+00
7.05705706e+01,1.26514206e+00,1.11705683e+03,3.55644751e+05,9.75136695e+02,0.00000000e+00,2.29987611e-01,7.70012389e-01,0.00000000e+00
7.06706707e+01,1.26114248e+00,1.11904206e+03,3.54072010e+05,9.73903266e+02,0.00000000e+00,2.29987460e-01,7.70012540e-01,0.00000000e+00
7.07707708e+01,1.25715541e+00,1.12102592e+03,3.52506166e+05,9.72671351e+02,0.00000000e+00,2.29987316e-01,7.70012684e-01,0.00000000e+00
7.08708709e+01,1.25317845e+00,1.12300984e+03,3.50946643e+05,9.71441247e+02,0.00000000e+00,2.29987173e-01,7.70012827e-01,0.00000000e+00
7.09709710e+01,1.24921000e+00,1.12499462e+03,3.49391911e+05,9.70210015e+02,0.00000000e+00,2.29987051e-01,7.70012949e-01,0.00000000e+00
7.10710711e+01,1.24524820e+00,1.12698136e+03,3.47841859e+05,9.68978804e+02,0.00000000e+00,2.29986967e-01,7.70013033e-01,0.00000000e+00
7.11711712e+01,1.24129276e+00,1.12897030e+03,3.46296166e+05,9.67746954e+02,0.00000000e+00,2.29986903e-01,7.70013097e-01,0.00000000e+00
7.12712713e+01,1.23734442e+00,1.13096098e+03,3.44754656e+05,9.66513410e+02,0.00000000e+00,2.29986877e-01,7.70013123e-01,0.00000000e+00
7.13713714e+01,1.23340435e+00,1.13295293e+03,3.43218582e+05,9.65280798e+02,0.00000000e+00,2.29986873e-01,7.70013127e-01,0.00000000e+00
7.14714715e+01,1.22947541e+00,1.13494452e+03,3.41688429e+05,9.64048254e+02,0.00000000e+00,2.29986867e-01,7.70013133e-01,0.00000000e+00
7.15715716e+01,1.22556038e+00,1.13693411e+03,3.40165539e+05,9.62817445e+02,0.00000000e+00,2.29986858e-01,7.70013142e-01,0.00000000e+00
7.16716717e+01,1.22166190e+00,1.13892026e+03,3.38651482e+05,9.61590797e+02,0.00000000e+00,2.29986805e-01,7.70013195e-01,0.00000000e+00
7.17717718e+01,1.21778240e+00,1.14090130e+03,3.37146527e+05,9.60367239e+02,0.00000000e+00,2.29986697e-01,7.70013303e-01,0.00000000e+00
7.18718719e+01,1.21392193e+00,1.14287706e+03,3.35651469e+05,9.59149101e+02,0.00000000e+00,2.29986537e-01,7.70013463e-01,0.00000000e+00
7.19719720e+01,1.21007915e+00,1.14484818e+03,3.34165576e+05,9.57935461e+02,0.00000000e+00,2.29986316e-01,7.70013684e-01,0.00000000e+00
7.20720721e+01,1.20625070e+00,1.14681636e+03,3.32687043e+05,9.56723883e+02,0.00000000e+00,2.29986081e-01,7.70013919e-01,0.00000000e+00
7.21721722e+01,1.20243144e+00,1.14878469e+03,3.31214470e+05,9.55514479e+02,0.00000000e+00,2.29985860e-01,7.70014140e-01,0.00000000e+00
7.22722723e+01,1.19861708e+00,1.15075571e+03,3.29745242e+05,9.54303150e+02,0.00000000e+00,2.29985662e-01,7.70014338e-01,0.00000000e+00
7.23723724e+01,1.19480405e+00,1.15273159e+03,3.28277938e+05,9.53088617e+02,0.00000000e+00,2.29985463e-01,7.70014537e-01,0.00000000e+00
7.24724725e+01,1.19098990e+00,1.15471354e+03,3.26811955e+05,9.51871058e+02,0.00000000e+00,2.29985393e-01,7.70014607e-01,0.00000000e+00
7.25725726e+01,1.18717023e+00,1.15670476e+03,3.25345272e+05,9.50648091e+02,0.00000000e+00,2.29985615e-01,7.70014385e-01,0.00000000e+00
7.26726727e+01,1.18335377e+00,1.15870109e+03,3.23880709e+05,9.49420844e+02,0.00000000e+00,2.29985668e-01,7.70014332e-01,0.00000000e+00
7.27727728e+01,1.17955318e+00,1.16069251e+03,3.22424656e+05,9.48197921e+02,0.00000000e+00,2.29985588e-01,7.70014412e-01,0.00000000e+00
7.28728729e+01,1.17576796e+00,1.16267993e+03,3.20977492e+05,9.46980919e+02,0.00000000e+00,2.29985433e-01,7.70014567e-01,0.00000000e+00
7.29729730e+01,1.17199591e+00,1.16466493e+03,3.19537263e+05,9.45765944e+02,0.00000000e+00,2.29985248e-01,7.70014752e-01,0.00000000e+00
7.30730731e+01,1.16823341e+00,1.16664987e+03,3.18102461e+05,9.44551533e+02,0.00000000e+00,2.29985096e-01,7.70014904e-01,0.00000000e+00
7.31731732e+01,1.16447747e+00,1.16863686e+03,3.16672256e+05,9.43337651e+02,0.00000000e+00,2.29984979e-01,7.70015021e-01,0.00000000e+00
7.32732733e+01,1.16072731e+00,1.17062637e+03,3.15245309e+05,9.42120971e+02,0.00000000e+00,2.29984909e-01,7.70015091e-01,0.00000000e+00
7.33733734e+01,1.15698293e+00,1.17261850e+03,3.13822304e+05,9.40903519e+02,0.00000000e+00,2.29984892e-01,7.70015108e-01,0.00000000e+00
7.34734735e+01,1.15324640e+00,1.17461214e+03,3.12404043e+05,9.39686040e+02,0.00000000e+00,2.29984878e-01,7.70015122e-01,0.00000000e+00
7.35735736e+01,1.14952080e+00,1.17660517e+03,3.10991173e+05,9.38467986e+02,0.00000000e+00,2.29984825e-01,7.70015175e-01,0.00000000e+00
7.36736737e+01,1.14580856e+00,1.17859618e+03,3.09585708e+05,9.37253500e+02,0.00000000e+00,2.29984769e-01,7.70015231e-01,0.00000000e+00
7.37737738e+01,1.14211285e+00,1.18058295e+03,3.08188455e+05,9.36042525e+02,0.00000000e+00,2.29984746e-01,7.70015254e-01,0.00000000e+00
7.38738739e+01,1.13843592e+00,1.18256459e+03,3.06799876e+05,9.34834677e+02,0.00000000e+00,2.29984618e-01,7.70015382e-01,0.00000000e+00
7.39739740e+01,1.13477586e+00,1.18454147e+03,3.05420413e+05,9.33632982e+02,0.00000000e+00,2.29984419e-01,7.70015581e-01,0.00000000e+00
7.40740741e+01,1.13113069e+00,1.18651470e+03,3.04048309e+05,9.32433792e+02,0.00000000e+00,2.29984175e-01,7.70015825e-01,0.00000000e+00
7.41741742e+01,1.12749663e+00,1.18848656e+03,3.02682423e+05,9.31236812e+02,0.00000000e+00,2.29983936e-01,7.70016064e-01,0.00000000e+00
7.42742743e+01,1.12386959e+00,1.19045970e+03,3.01321292e+05,9.30040952e+02,0.00000000e+00,2.29983706e-01,7.70016294e-01,0.00000000e+00
7.43743744e+01,1.12024629e+00,1.19243609e+03,2.99962669e+05,9.28842024e+02,0.00000000e+00,2.29983513e-01,7.70016487e-01,0.00000000e+00
7.44744745e+01,1.11662376e+00,1.19441772e+03,2.98605854e+05,9.27640301e+02,0.00000000e+00,2.29983389e-01,7.70016611e-01,0.00000000e+00
7.45745746e+01,1.11300041e+00,1.19640569e+03,2.97250422e+05,9.26435763e+02,0.00000000e+00,2.29983373e-01,7.70016627e-01,0.00000000e+00
7.46746747e+01,1.10937812e+00,1.19839910e+03,2.95896755e+05,9.25227985e+02,0.00000000e+00,2.29983361e-01,7.70016639e-01,0.00000000e+00
7.47747748e+01,1.10576093e+00,1.20039492e+03,2.94546614e+05,9.24019095e+02,0.00000000e+00,2.29983326e-01,7.70016674e-01,0.00000000e+00
7.48748749e+01,1.10215104e+00,1.20239177e+03,2.93200825e+05,9.22809854e+02,0.00000000e+00,2.29983281e-01,7.70016719e-01,0.00000000e+00
7.49749750e+01,1.09854993e+00,1.20438886e+03,2.91860412e+05,9.21602267e+02,0.00000000e+00,2.29983218e-01,7.70016782e-01,0.00000000e+00
7.50750751e+01,1.09495893e+00,1.20638541e+03,2.90525465e+05,9.20395561e+02,0.00000000e+00,2.29983137e-01,7.70016863e-01,0.00000000e+00
7.51751752e+01,1.09137857e+00,1.20838112e+03,2.89196156e+05,9.19189869e+02,0.00000000e+00,2.29983059e-01,7.70016941e-01,0.00000000e+00
7.52752753e+01,1.08780914e+00,1.21037602e+03,2.87872891e+05,9.17986294e+02,0.00000000e+00,2.29982980e-01,7.70017020e-01,0.00000000e+00
7.53753754e+01,1.08425141e+00,1.21236965e+03,2.86555447e+05,9.16783520e+02,0.00000000e+00,2.29982894e-01,7.70017106e-01,0.00000000e+00
7.54754755e+01,1.08070599e+00,1.21436165e+03,2.85244208e+05,9.15582319e+02,0.00000000e+00,2.29982776e-01,7.70017224e-01,0.00000000e+00
7.55755756e+01,1.07717374e+00,1.21635155e+03,2.83939748e+05,9.14383835e+02,0.00000000e+00,2.29982454e-01,7.70017546e-01,0.00000000e+00
7.56756757e+01,1.07365588e+00,1.21833801e+03,2.82642309e+05,9.13187920e+02,0.00000000e+00,2.29982300e-01,7.70017700e-01,0.00000000e+00
7.57757758e+01,1.07015526e+00,1.22031943e+03,2.81353289e+05,9.11996791e+02,0.00000000e+00,2.29982448e-01,7.70017552e-01,0.00000000e+00
7.58758759e+01,1.06667502e+00,1.22229552e+03,2.80073037e+05,9.10808920e+02,0.00000000e+00,2.29982354e-01,7.70017646e-01,0.00000000e+00
7.59759760e+01,1.06321147e+00,1.22426634e+03,2.78800705e+05,9.09624823e+02,0.00000000e+00,2.29982169e-01,7.70017831e-01,0.00000000e+00
7.60760761e+01,1.05976114e+00,1.22623421e+03,2.77535508e+05,9.08444996e+02,0.00000000e+00,2.29981953e-01,7.70018047e-01,0.00000000e+00
7.61761762e+01,1.05632201e+00,1.22820057e+03,2.76276162e+05,9.07267062e+02,0.00000000e+00,2.29981710e-01,7.70018290e-01,0.00000000e+00
7.62762763e+01,1.05289176e+00,1.23016675e+03,2.75021512e+05,9.06089273e+02,0.00000000e+00,2.29981476e-01,7.70018524e-01,0.00000000e+00
7.63763764e+01,1.04946768e+00,1.23213458e+03,2.73771121e+05,9.04912530e+02,0.00000000e+00,2.29981251e-01,7.70018749e-01,0.00000000e+00
7.64764765e+01,1.04604789e+00,1.23410520e+03,2.72523673e+05,9.03734140e+02,0.00000000e+00,2.29981029e-01,7.70018971e-01,0.00000000e+00
7.65765766e+01,1.04263049e+00,1.23607977e+03,2.71278353e+05,9.02553036e+02,0.00000000e+00,2.29980828e-01,7.70019172e-01,0.00000000e+00
7.66766767e+01,1.03921379e+00,1.23805946e+03,2.70034801e+05,9.01369459e+02,0.00000000e+00,2.29980636e-01,7.70019364e-01,0.00000000e+00
7.67767768e+01,1.03579690e+00,1.24004477e+03,2.68792788e+05,9.00183390e+02,0.00000000e+00,2.29980455e-01,7.70019545e-01,0.00000000e+00
7.68768769e+01,1.03237843e+00,1.24203640e+03,2.67551813e+05,8.98994365e+02,0.00000000e+00,2.29980447e-01,7.70019553e-01,0.00000000e+00
7.69769770e+01,1.02895602e+00,1.24403687e+03,2.66310792e+05,8.97800731e+02,0.00000000e+00,2.29980597e-01,7.70019403e-01,0.00000000e+00
7.70770771e+01,1.02553570e+00,1.24604331e+03,2.65070968e+05,8.96601300e+02,0.00000000e+00,2.29980317e-01,7.70019683e-01,0.00000000e+00
7.71771772e+01,1.02212646e+00,1.24804826e+03,2.63836930e+05,8.95403704e+02,0.00000000e+00,2.29979431e-01,7.70020569e-01,0.00000000e+00
7.72772773e+01,1.01873391e+00,1.25004490e+03,2.62612376e+05,8.94215908e+02,0.00000000e+00,2.29979953e-01,7.70020047e-01,0.00000000e+00
7.73773774e+01,1.01537391e+00,1.25202984e+03,2.61400227e+05,8.93033903e+02,0.00000000e+00,2.29980390e-01,7.70019610e-01,0.00000000e+00
7.74774775e+01,1.01204465e+00,1.25400168e+03,2.60200647e+05,8.91859977e+02,0.00000000e+00,2.29980185e-01,7.70019815e-01,0.00000000e+00
7.75775776e+01,1.00873187e+00,1.25596598e+03,2.59010074e+05,8.90694713e+02,0.00000000e+00,2.29979876e-01,7.70020124e-01,0.00000000e+00
7.76776777e+01,1.00542758e+00,1.25793025e+03,2.57824479e+05,8.89531431e+02,0.00000000e+00,2.29979603e-01,7.70020397e-01,0.00000000e+00
7.77777778e+01,1.00212736e+00,1.25989804e+03,2.56641178e+05,8.88364829e+02,0.00000000e+00,2.29979411e-01,7.70020589e-01,0.00000000e+00
7.78778779e+01,9.98829421e-01,1.26187064e+03,2.55459697e+05,8.87194814e+02,0.00000000e+00,2.29979298e-01,7.70020702e-01,0.00000000e+00
7.79779780e+01,9.95534580e-01,1.26384736e+03,2.54280972e+05,8.86023897e+02,0.00000000e+00,2.29979198e-01,7.70020802e-01,0.00000000e+00
7.80780781e+01,9.92244847e-01,1.26582624e+03,2.53105073e+05,8.84850527e+02,0.00000000e+00,2.29979093e-01,7.70020907e-01,0.00000000e+00
7.81781782e+01,9.88960799e-01,1.26780681e+03,2.51933044e+05,8.83677847e+02,0.00000000e+00,2.29978999e-01,7.70021001e-01,0.00000000e+00
7.82782783e+01,9.85682789e-01,1.26978905e+03,2.50764936e+05,8.82505747e+02,0.00000000e+00,2.29978899e-01,7.70021101e-01,0.00000000e+00
7.83783784e+01,9.82411218e-01,1.27177273e+03,2.49600073e+05,8.81331506e+02,0.00000000e+00,2.29978823e-01,7.70021177e-01,0.00000000e+00
7.84784785e+01,9.79146245e-01,1.27375814e+03,2.48439327e+05,8.80158073e+02,0.00000000e+00,2.29978714e-01,7.70021286e-01,0.00000000e+00
7.85785786e+01,9.75889630e-01,1.27574423e+03,2.47282806e+05,8.78984242e+02,0.00000000e+00,2.29978326e-01,7.70021674e-01,0.00000000e+00
7.86786787e+01,9.72643736e-01,1.27772807e+03,2.46131720e+05,8.77812321e+02,0.00000000e+00,2.29978442e-01,7.70021558e-01,0.00000000e+00
7.87787788e+01,9.69414549e-01,1.27970730e+03,2.44988534e+05,8.76645704e+02,0.00000000e+00,2.29978514e-01,7.70021486e-01,0.00000000e+00
7.88788789e+01,9.66203771e-01,1.28168012e+03,2.43853148e+05,8.75482581e+02,0.00000000e+00,2.29978290e-01,7.70021710e-01,0.00000000e+00
7.89789790e+01,9.63005842e-01,1.28364850e+03,2.42724624e+05,8.74324745e+02,0.00000000e+00,2.29978004e-01,7.70021996e-01,0.00000000e+00
7.90790791e+01,9.59816538e-01,1.28561634e+03,2.41601425e+05,8.73170595e+02,0.00000000e+00,2.29977697e-01,7.70022303e-01,0.00000000e+00
7.91791792e+01,9.56632500e-01,1.28758613e+03,2.40480925e+05,8.72013731e+02,0.00000000e+00,2.29977405e-01,7.70022595e-01,0.00000000e+00
7.92792793e+01,9.53450250e-01,1.28956071e+03,2.39362121e+05,8.70853681e+02,0.00000000e+00,2.29977100e-01,7.70022900e-01,0.00000000e+00
7.93793794e+01,9.50267620e-01,1.29154157e+03,2.38244518e+05,8.69690589e+02,0.00000000e+00,2.29976736e-01,7.70023264e-01,0.00000000e+00
7.94794795e+01,9.47080829e-01,1.29353089e+03,2.37126797e+05,8.68523076e+02,0.00000000e+00,2.29976517e-01,7.70023483e-01,0.00000000e+00
7.95795796e+01,9.43886082e-01,1.29553505e+03,2.36006263e+05,8.67344637e+02,0.00000000e+00,2.29976151e-01,7.70023849e-01,0.00000000e+00
7.96796797e+01,9.40703204e-01,1.29753372e+03,2.34892174e+05,8.66171157e+02,0.00000000e+00,2.29976890e-01,7.70023110e-01,0.00000000e+00
7.97797798e+01,9.37551671e-01,1.29951906e+03,2.33790677e+05,8.65007300e+02,0.00000000e+00,2.29976943e-01,7.70023057e-01,0.00000000e+00
7.98798799e+01,9.34421693e-01,1.30149312e+03,2.32699149e+05,8.63852641e+02,0.00000000e+00,2.29976682e-01,7.70023318e-01,0.00000000e+00
7.99799800e+01,9.31301511e-01,1.30346528e+03,2.31612977e+05,8.62701100e+02,0.00000000e+00,2.29976467e-01,7.70023533e-01,0.00000000e+00
8.00800801e+01,9.28186417e-01,1.30544096e+03,2.30529863e+05,8.61548521e+02,0.00000000e+00,2.29976265e-01,7.70023735e-01,0.00000000e+00
8.01801802e+01,9.25076569e-01,1.30742022e+03,2.29448465e+05,8.60389705e+02,0.00000000e+00,2.29975736e-01,7.70024264e-01,0.00000000e+00
8.02802803e+01,9.21974233e-01,1.30939986e+03,2.28371673e+05,8.59233472e+02,0.00000000e+00,2.29975891e-01,7.70024109e-01,0.00000000e+00
8.03803804e+01,9.18888926e-01,1.31137422e+03,2.27302187e+05,8.58081123e+02,0.00000000e+00,2.29976140e-01,7.70023860e-01,0.00000000e+00
8.04804805e+01,9.15824596e-01,1.31334018e+03,2.26240924e+05,8.56932477e+02,0.00000000e+00,2.29975935e-01,7.70024065e-01,0.00000000e+00
8.05805806e+01,9.12773615e-01,1.31530008e+03,2.25187650e+05,8.55793953e+02,0.00000000e+00,2.29975623e-01,7.70024377e-01,0.00000000e+00
8.06806807e+01,9.09730477e-01,1.31725963e+03,2.24138571e+05,8.54656421e+02,0.00000000e+00,2.29975321e-01,7.70024679e-01,0.00000000e+00
8.07807808e+01,9.06690776e-01,1.31922286e+03,2.23091379e+05,8.53515248e+02,0.00000000e+00,2.29975099e-01,7.70024901e-01,0.00000000e+00
8.08808809e+01,9.03652393e-01,1.32119153e+03,2.22045741e+05,8.52371128e+02,0.00000000e+00,2.29974960e-01,7.70025040e-01,0.00000000e+00
8.09809810e+01,9.00615348e-01,1.32316540e+03,2.21001771e+05,8.51224452e+02,0.00000000e+00,2.29974876e-01,7.70025124e-01,0.00000000e+00
8.10810811e+01,8.97580410e-01,1.32514377e+03,2.19959663e+05,8.50075226e+02,0.00000000e+00,2.29974836e-01,7.70025164e-01,0.00000000e+00
8.11811812e+01,8.94548822e-01,1.32712601e+03,2.18920049e+05,8.48924686e+02,0.00000000e+00,2.29974770e-01,7.70025230e-01,0.00000000e+00
8.12812813e+01,8.91522775e-01,1.32911040e+03,2.17882819e+05,8.47770319e+02,0.00000000e+00,2.29974562e-01,7.70025438e-01,0.00000000e+00
8.13813814e+01,8.88504546e-01,1.33109457e+03,2.16850401e+05,8.46619455e+02,0.00000000e+00,2.29974654e-01,7.70025346e-01,0.00000000e+00
8.14814815e+01,8.85499430e-01,1.33307553e+03,2.15823896e+05,8.45471367e+02,0.00000000e+00,2.29974536e-01,7.70025464e-01,0.00000000e+00
8.15815816e+01,8.82507847e-01,1.33505127e+03,2.14803582e+05,8.44326832e+02,0.00000000e+00,2.29974266e-01,7.70025734e-01,0.00000000e+00
8.16816817e+01,8.79526202e-01,1.33702447e+03,2.13789390e+05,8.43189123e+02,0.00000000e+00,2.29973934e-01,7.70026066e-01,0.00000000e+00
8.17817818e+01,8.76551462e-01,1.33899793e+03,2.12778836e+05,8.42051435e+02,0.00000000e+00,2.29973582e-01,7.70026418e-01,0.00000000e+00
8.18818819e+01,8.73580035e-01,1.34097480e+03,2.11770191e+05,8.40910390e+02,0.00000000e+00,2.29973244e-01,7.70026756e-01,0.00000000e+00
8.19819820e+01,8.70609007e-01,1.34295784e+03,2.10762785e+05,8.39766108e+02,0.00000000e+00,2.29972882e-01,7.70027118e-01,0.00000000e+00
8.20820821e+01,8.67635823e-01,1.34494850e+03,2.09755838e+05,8.38617932e+02,0.00000000e+00,2.29972761e-01,7.70027239e-01,0.00000000e+00
8.21821822e+01,8.64657353e-01,1.34695205e+03,2.08747202e+05,8.37460187e+02,0.00000000e+00,2.29972439e-01,7.70027561e-01,0.00000000e+00
8.22822823e+01,8.61686050e-01,1.34895522e+03,2.07742627e+05,8.36303865e+02,0.00000000e+00,2.29972449e-01,7.70027551e-01,0.00000000e+00
8.23823824e+01,8.58733442e-01,1.35094930e+03,2.06746659e+05,8.35156133e+02,0.00000000e+00,2.29972520e-01,7.70027480e-01,0.00000000e+00
8.24824825e+01,8.55799623e-01,1.35293515e+03,2.05758321e+05,8.34013088e+02,0.00000000e+00,2.29972505e-01,7.70027495e-01,0.00000000e+00
8.25825826e+01,8.52879185e-01,1.35491713e+03,2.04776481e+05,8.32875521e+02,0.00000000e+00,2.29972299e-01,7.70027701e-01,0.00000000e+00
8.26826827e+01,8.49968695e-01,1.35689827e+03,2.03798960e+05,8.31737999e+02,0.00000000e+00,2.29971827e-01,7.70028173e-01,0.00000000e+00
8.27827828e+01,8.47067118e-01,1.35887790e+03,2.02825802e+05,8.30601852e+02,0.00000000e+00,2.29971930e-01,7.70028070e-01,0.00000000e+00
8.28828829e+01,8.44179012e-01,1.36085502e+03,2.01858493e+05,8.29468687e+02,0.00000000e+00,2.29971971e-01,7.70028029e-01,0.00000000e+00
8.29829830e+01,8.41305327e-01,1.36282754e+03,2.00896960e+05,8.28337326e+02,0.00000000e+00,2.29971729e-01,7.70028271e-01,0.00000000e+00
8.30830831e+01,8.38441952e-01,1.36479660e+03,1.99940902e+05,8.27210684e+02,0.00000000e+00,2.29971420e-01,7.70028580e-01,0.00000000e+00
8.31831832e+01,8.35586190e-01,1.36676520e+03,1.98989528e+05,8.26088236e+02,0.00000000e+00,2.29971066e-01,7.70028934e-01,0.00000000e+00
8.32832833e+01,8.32735793e-01,1.36873515e+03,1.98040786e+05,8.24963733e+02,0.00000000e+00,2.29970704e-01,7.70029296e-01,0.00000000e+00
8.33833834e+01,8.29887846e-01,1.37070916e+03,1.97093770e+05,8.23836293e+02,0.00000000e+00,2.29970337e-01,7.70029663e-01,0.00000000e+00
8.34834835e+01,8.27040163e-01,1.37268937e+03,1.96147939e+05,8.22705783e+02,0.00000000e+00,2.29969849e-01,7.70030151e-01,0.00000000e+00
8.35835836e+01,8.24190553e-01,1.37467696e+03,1.95202640e+05,8.21571615e+02,0.00000000e+00,2.29969321e-01,7.70030679e-01,0.00000000e+00
8.36836837e+01,8.21333381e-01,1.37667809e+03,1.94255309e+05,8.20428583e+02,0.00000000e+00,2.29969089e-01,7.70030911e-01,0.00000000e+00
8.37837838e+01,8.18477895e-01,1.37868478e+03,1.93309480e+05,8.19282329e+02,0.00000000e+00,2.29969643e-01,7.70030357e-01,0.00000000e+00
8.38838839e+01,8.15645630e-01,1.38067858e+03,1.92373119e+05,8.18144914e+02,0.00000000e+00,2.29969148e-01,7.70030852e-01,0.00000000e+00
8.39839840e+01,8.12826654e-01,1.38266637e+03,1.91443111e+05,8.17013316e+02,0.00000000e+00,2.29968534e-01,7.70031466e-01,0.00000000e+00
8.40840841e+01,8.10017608e-01,1.38465183e+03,1.90518771e+05,8.15888231e+02,0.00000000e+00,2.29969071e-01,7.70030929e-01,0.00000000e+00
8.41841842e+01,8.07229368e-01,1.38663144e+03,1.89600312e+05,8.14759567e+02,0.00000000e+00,2.29969367e-01,7.70030633e-01,0.00000000e+00
8.42842843e+01,8.04460190e-01,1.38860203e+03,1.88689857e+05,8.13638253e+02,0.00000000e+00,2.29969118e-01,7.70030882e-01,0.00000000e+00
8.43843844e+01,8.01701769e-01,1.39056776e+03,1.87785975e+05,8.12526714e+02,0.00000000e+00,2.29968719e-01,7.70031281e-01,0.00000000e+00
8.44844845e+01,7.98949476e-01,1.39253401e+03,1.86884768e+05,8.11412897e+02,0.00000000e+00,2.29968321e-01,7.70031679e-01,0.00000000e+00
8.45845846e+01,7.96199296e-01,1.39450500e+03,1.85985010e+05,8.10295541e+02,0.00000000e+00,2.29967968e-01,7.70032032e-01,0.00000000e+00
8.46846847e+01,7.93448870e-01,1.39648289e+03,1.85086148e+05,8.09174620e+02,0.00000000e+00,2.29967699e-01,7.70032301e-01,0.00000000e+00
8.47847848e+01,7.90696095e-01,1.39847048e+03,1.84187175e+05,8.08047769e+02,0.00000000e+00,2.29967021e-01,7.70032979e-01,0.00000000e+00
8.48848849e+01,7.87945440e-01,1.40046423e+03,1.83289218e+05,8.06915344e+02,0.00000000e+00,2.29966279e-01,7.70033721e-01,0.00000000e+00
8.49849850e+01,7.85208117e-01,1.40244941e+03,1.82398786e+05,8.05794704e+02,0.00000000e+00,2.29967075e-01,7.70032925e-01,0.00000000e+00
8.50850851e+01,7.82499447e-01,1.40442187e+03,1.81516933e+05,8.04674738e+02,0.00000000e+00,2.29967340e-01,7.70032660e-01,0.00000000e+00
8.51851852e+01,7.79812367e-01,1.40638172e+03,1.80645102e+05,8.03569256e+02,0.00000000e+00,2.29966939e-01,7.70033061e-01,0.00000000e+00
8.52852853e+01,7.77135399e-01,1.40833656e+03,1.79778884e+05,8.02470728e+02,0.00000000e+00,2.29966420e-01,7.70033580e-01,0.00000000e+00
8.53853854e+01,7.74462834e-01,1.41029353e+03,1.78914593e+05,8.01368683e+02,0.00000000e+00,2.29965935e-01,7.70034065e-01,0.00000000e+00
8.54854855e+01,7.71791026e-01,1.41225674e+03,1.78051350e+05,8.00262936e+02,0.00000000e+00,2.29965467e-01,7.70034533e-01,0.00000000e+00
8.55855856e+01,7.69117592e-01,1.41422782e+03,1.77188487e+05,7.99152918e+02,0.00000000e+00,2.29965075e-01,7.70034925e-01,0.00000000e+00
8.56856857e+01,7.66440933e-01,1.41621120e+03,1.76324584e+05,7.98033776e+02,0.00000000e+00,2.29964376e-01,7.70035624e-01,0.00000000e+00
8.57857858e+01,7.63771855e-01,1.41819149e+03,1.75465411e+05,7.96920483e+02,0.00000000e+00,2.29964856e-01,7.70035144e-01,0.00000000e+00
8.58858859e+01,7.61124644e-01,1.42016161e+03,1.74613383e+05,7.95809049e+02,0.00000000e+00,2.29965013e-01,7.70034987e-01,0.00000000e+00
8.59859860e+01,7.58496157e-01,1.42212133e+03,1.73769967e+05,7.94709573e+02,0.00000000e+00,2.29964621e-01,7.70035379e-01,0.00000000e+00
8.60860861e+01,7.55877329e-01,1.42407638e+03,1.72932177e+05,7.93618110e+02,0.00000000e+00,2.29964109e-01,7.70035891e-01,0.00000000e+00
8.61861862e+01,7.53263374e-01,1.42603285e+03,1.72096494e+05,7.92523639e+02,0.00000000e+00,2.29963616e-01,7.70036384e-01,0.00000000e+00
8.62862863e+01,7.50650732e-01,1.42799487e+03,1.71262019e+05,7.91425743e+02,0.00000000e+00,2.29963093e-01,7.70036907e-01,0.00000000e+00
8.63863864e+01,7.48037326e-01,1.42996407e+03,1.70428218e+05,7.90324096e+02,0.00000000e+00,2.29962448e-01,7.70037552e-01,0.00000000e+00
8.64864865e+01,7.45418818e-01,1.43194531e+03,1.69593416e+05,7.89215484e+02,0.00000000e+00,2.29961984e-01,7.70038016e-01,0.00000000e+00
8.65865866e+01,7.42800856e-01,1.43393403e+03,1.68758705e+05,7.88099037e+02,0.00000000e+00,2.29962804e-01,7.70037196e-01,0.00000000e+00
8.66866867e+01,7.40208272e-01,1.43590729e+03,1.67934158e+05,7.86995233e+02,0.00000000e+00,2.29962562e-01,7.70037438e-01,0.00000000e+00
8.67867868e+01,7.37630472e-01,1.43786898e+03,1.67117468e+05,7.85904851e+02,0.00000000e+00,2.29962137e-01,7.70037863e-01,0.00000000e+00
8.68868869e+01,7.35055829e-01,1.43983645e+03,1.66301715e+05,7.84807880e+02,0.00000000e+00,2.29961823e-01,7.70038177e-01,0.00000000e+00
8.69869870e+01,7.32485630e-01,1.44180737e+03,1.65488021e+05,7.83708196e+02,0.00000000e+00,2.29961490e-01,7.70038510e-01,0.00000000e+00
8.70870871e+01,7.29922474e-01,1.44377680e+03,1.64678821e+05,7.82614563e+02,0.00000000e+00,2.29961051e-01,7.70038949e-01,0.00000000e+00
8.71871872e+01,7.27364676e-01,1.44574620e+03,1.63872165e+05,7.81519596e+02,0.00000000e+00,2.29960592e-01,7.70039408e-01,0.00000000e+00
8.72872873e+01,7.24808369e-01,1.44772084e+03,1.63066846e+05,7.80421691e+02,0.00000000e+00,2.29960119e-01,7.70039881e-01,0.00000000e+00
8.73873874e+01,7.22251066e-01,1.44970321e+03,1.62262094e+05,7.79319795e+02,0.00000000e+00,2.29959479e-01,7.70040521e-01,0.00000000e+00
8.74874875e+01,7.19690545e-01,1.45169858e+03,1.61456552e+05,7.78209714e+02,0.00000000e+00,2.29958521e-01,7.70041479e-01,0.00000000e+00
8.75875876e+01,7.17137410e-01,1.45369050e+03,1.60654548e+05,7.77100993e+02,0.00000000e+00,2.29959362e-01,7.70040638e-01,0.00000000e+00
8.76876877e+01,7.14611014e-01,1.45566928e+03,1.59861606e+05,7.75999221e+02,0.00000000e+00,2.29959388e-01,7.70040612e-01,0.00000000e+00
8.77877878e+01,7.12103972e-01,1.45763319e+03,1.59078290e+05,7.74915407e+02,0.00000000e+00,2.29958869e-01,7.70041131e-01,0.00000000e+00
8.78878879e+01,7.09603445e-01,1.45959543e+03,1.58297929e+05,7.73831277e+02,0.00000000e+00,2.29958377e-01,7.70041623e-01,0.00000000e+00
8.79879880e+01,7.07103467e-01,1.46156620e+03,1.57518113e+05,7.72741527e+02,0.00000000e+00,2.29957578e-01,7.70042422e-01,0.00000000e+00
8.80880881e+01,7.04605137e-01,1.46354463e+03,1.56739079e+05,7.71646093e+02,0.00000000e+00,2.29956818e-01,7.70043182e-01,0.00000000e+00
8.81881882e+01,7.02116408e-01,1.46551818e+03,1.55964517e+05,7.70554555e+02,0.00000000e+00,2.29957452e-01,7.70042548e-01,0.00000000e+00
8.82882883e+01,6.99649903e-01,1.46748174e+03,1.55197057e+05,7.69465964e+02,0.00000000e+00,2.29957468e-01,7.70042532e-01,0.00000000e+00
8.83883884e+01,6.97199614e-01,1.46943440e+03,1.54437845e+05,7.68392783e+02,0.00000000e+00,2.29956967e-01,7.70043033e-01,0.00000000e+00
8.84884885e+01,6.94756552e-01,1.47138413e+03,1.53682040e+05,7.67321063e+02,0.00000000e+00,2.29956414e-01,7.70043586e-01,0.00000000e+00
8.85885886e+01,6.92315526e-01,1.47333875e+03,1.52927449e+05,7.66245598e+02,0.00000000e+00,2.29955831e-01,7.70044169e-01,0.00000000e+00
8.86886887e+01,6.89873797e-01,1.47530129e+03,1.52173327e+05,7.65165613e+02,0.00000000e+00,2.29954736e-01,7.70045264e-01,0.00000000e+00
8.87887888e+01,6.87427408e-01,1.47727728e+03,1.51418004e+05,7.64077146e+02,0.00000000e+00,2.29954324e-01,7.70045676e-01,0.00000000e+00
8.88888889e+01,6.84988967e-01,1.47925255e+03,1.50665558e+05,7.62986759e+02,0.00000000e+00,2.29955366e-01,7.70044634e-01,0.00000000e+00
8.89889890e+01,6.82581008e-01,1.48120836e+03,1.49924290e+05,7.61911234e+02,0.00000000e+00,2.29955070e-01,7.70044930e-01,0.00000000e+00
8.90890891e+01,6.80186449e-01,1.48315162e+03,1.49190001e+05,7.60848674e+02,0.00000000e+00,2.29954524e-01,7.70045476e-01,0.00000000e+00
8.91891892e+01,6.77793215e-01,1.48510401e+03,1.48455634e+05,7.59776757e+02,0.00000000e+00,2.29954313e-01,7.70045687e-01,0.00000000e+00
8.92892893e+01,6.75406610e-01,1.48705814e+03,1.47723840e+05,7.58702992e+02,0.00000000e+00,2.29953946e-01,7.70046054e-01,0.00000000e+00
8.93893894e+01,6.73030062e-01,1.48900547e+03,1.46997895e+05,7.57640418e+02,0.00000000e+00,2.29953365e-01,7.70046635e-01,0.00000000e+00
8.94894895e+01,6.70658545e-01,1.49095265e+03,1.46274188e+05,7.56576202e+02,0.00000000e+00,2.29952650e-01,7.70047350e-01,0.00000000e+00
8.95895896e+01,6.68286115e-01,1.49290913e+03,1.45550605e+05,7.55506114e+02,0.00000000e+00,2.29951957e-01,7.70048043e-01,0.00000000e+00
8.96896897e+01,6.65912095e-01,1.49487826e+03,1.44826219e+05,7.54426090e+02,0.00000000e+00,2.29952035e-01,7.70047965e-01,0.00000000e+00
8.97897898e+01,6.63552933e-01,1.49683616e+03,1.44107877e+05,7.53353026e+02,0.00000000e+00,2.29951682e-01,7.70048318e-01,0.00000000e+00
8.98898899e+01,6.61202753e-01,1.49879038e+03,1.43394714e+05,7.52289197e+02,0.00000000e+00,2.29950737e-01,7.70049263e-01,0.00000000e+00
8.99899900e+01,6.58856143e-01,1.50074890e+03,1.42682819e+05,7.51220477e+02,0.00000000e+00,2.29950710e-01,7.70049290e-01,0.00000000e+00
9.00900901e+01,6.56521216e-01,1.50270467e+03,1.41974368e+05,7.50148976e+02,0.00000000e+00,2.29950831e-01,7.70049169e-01,0.00000000e+00
9.01901902e+01,6.54201663e-01,1.50465206e+03,1.41272960e+05,7.49089505e+02,0.00000000e+00,2.29950304e-01,7.70049696e-01,0.00000000e+00
9.02902903e+01,6.51890523e-01,1.50659364e+03,1.40575837e+05,7.48035628e+02,0.00000000e+00,2.29949619e-01,7.70050381e-01,0.00000000e+00
9.03903904e+01,6.49582049e-01,1.50853900e+03,1.39880041e+05,7.46978258e+02,0.00000000e+00,2.29948723e-01,7.70051277e-01,0.00000000e+00
9.04904905e+01,6.47272626e-01,1.51049258e+03,1.39184580e+05,7.45916159e+02,0.00000000e+00,2.29947068e-01,7.70052932e-01,0.00000000e+00
9.05905906e+01,6.44956221e-01,1.51246155e+03,1.38487104e+05,7.44843886e+02,0.00000000e+00,2.29947553e-01,7.70052447e-01,0.00000000e+00
9.06906907e+01,6.42653218e-01,1.51442634e+03,1.37794053e+05,7.43772278e+02,0.00000000e+00,2.29948259e-01,7.70051741e-01,0.00000000e+00
9.07907908e+01,6.40377103e-01,1.51636857e+03,1.37112031e+05,7.42721397e+02,0.00000000e+00,2.29947704e-01,7.70052296e-01,0.00000000e+00
9.08908909e+01,6.38108747e-01,1.51830563e+03,1.36433728e+05,7.41674167e+02,0.00000000e+00,2.29946526e-01,7.70053474e-01,0.00000000e+00
9.09909910e+01,6.35839080e-01,1.52025498e+03,1.35754889e+05,7.40618121e+02,0.00000000e+00,2.29945994e-01,7.70054006e-01,0.00000000e+00
9.10910911e+01,6.33576633e-01,1.52220480e+03,1.35078278e+05,7.39558397e+02,0.00000000e+00,2.29946629e-01,7.70053371e-01,0.00000000e+00
9.11911912e+01,6.31335881e-01,1.52414211e+03,1.34409856e+05,7.38510586e+02,0.00000000e+00,2.29946151e-01,7.70053849e-01,0.00000000e+00
9.12912913e+01,6.29106052e-01,1.52606824e+03,1.33747015e+05,7.37473250e+02,0.00000000e+00,2.29945379e-01,7.70054621e-01,0.00000000e+00
9.13913914e+01,6.26877431e-01,1.52800164e+03,1.33084645e+05,7.36429724e+02,0.00000000e+00,2.29944540e-01,7.70055460e-01,0.00000000e+00
9.14914915e+01,6.24648368e-01,1.52994710e+03,1.32421485e+05,7.35374847e+02,0.00000000e+00,2.29943403e-01,7.70056597e-01,0.00000000e+00
9.15915916e+01,6.22426810e-01,1.53188656e+03,1.31763437e+05,7.34332124e+02,0.00000000e+00,2.29942974e-01,7.70057026e-01,0.00000000e+00
9.16916917e+01,6.20217791e-01,1.53382119e+03,1.31108926e+05,7.33287002e+02,0.00000000e+00,2.29943749e-01,7.70056251e-01,0.00000000e+00
9.17917918e+01,6.18030109e-01,1.53574690e+03,1.30460977e+05,7.32245866e+02,0.00000000e+00,2.29943540e-01,7.70056460e-01,0.00000000e+00
9.18918919e+01,6.15857069e-01,1.53765879e+03,1.29820212e+05,7.31220367e+02,0.00000000e+00,2.29942847e-01,7.70057153e-01,0.00000000e+00
9.19919920e+01,6.13688661e-01,1.53956999e+03,1.29181619e+05,7.30194365e+02,0.00000000e+00,2.29942021e-01,7.70057979e-01,0.00000000e+00
9.20920921e+01,6.11519516e-01,1.54149017e+03,1.28543113e+05,7.29162440e+02,0.00000000e+00,2.29941047e-01,7.70058953e-01,0.00000000e+00
9.21921922e+01,6.09349325e-01,1.54342142e+03,1.27904349e+05,7.28123010e+02,0.00000000e+00,2.29940750e-01,7.70059250e-01,0.00000000e+00
9.22922923e+01,6.07191041e-01,1.54534197e+03,1.27270930e+05,7.27092505e+02,0.00000000e+00,2.29941173e-01,7.70058827e-01,0.00000000e+00
9.23923924e+01,6.05047641e-01,1.54725971e+03,1.26642070e+05,7.26062836e+02,0.00000000e+00,2.29940738e-01,7.70059262e-01,0.00000000e+00
9.24924925e+01,6.02915504e-01,1.54916656e+03,1.26018584e+05,7.25043170e+02,0.00000000e+00,2.29939699e-01,7.70060301e-01,0.00000000e+00
9.25925926e+01,6.00783851e-01,1.55108420e+03,1.25394776e+05,7.24013897e+02,0.00000000e+00,2.29939496e-01,7.70060504e-01,0.00000000e+00
9.26926927e+01,5.98663435e-01,1.55299404e+03,1.24775216e+05,7.22988359e+02,0.00000000e+00,2.29939437e-01,7.70060563e-01,0.00000000e+00
9.27927928e+01,5.96552983e-01,1.55490207e+03,1.24160164e+05,7.21969630e+02,0.00000000e+00,2.29938839e-01,7.70061161e-01,0.00000000e+00
9.28928929e+01,5.94450264e-01,1.55680311e+03,1.23548912e+05,7.20956436e+02,0.00000000e+00,2.29937919e-01,7.70062081e-01,0.00000000e+00
9.29929930e+01,5.92345692e-01,1.55871961e+03,1.22936111e+05,7.19929277e+02,0.00000000e+00,2.29937513e-01,7.70062487e-01,0.00000000e+00
9.30930931e+01,5.90251158e-01,1.56062472e+03,1.22328661e+05,7.18913935e+02,0.00000000e+00,2.29936185e-01,7.70063815e-01,0.00000000e+00
9.31931932e+01,5.88156587e-01,1.56254001e+03,1.21721029e+05,7.17890463e+02,0.00000000e+00,2.29936307e-01,7.70063693e-01,0.00000000e+00
9.32932933e+01,5.86074751e-01,1.56445173e+03,1.21117451e+05,7.16868028e+02,0.00000000e+00,2.29935750e-01,7.70064250e-01,0.00000000e+00
9.33933934e+01,5.84006630e-01,1.56634494e+03,1.20521569e+05,7.15858878e+02,0.00000000e+00,2.29844410e-01,7.70155590e-01,0.00000000e+00
9.34934935e+01,5.81359402e-01,1.56984381e+03,1.19358742e+05,7.12771699e+02,0.00000000e+00,2.36314928e-01,7.63685072e-01,0.00000000e+00
9.35935936e+01,1.35399998e+00,5.90530819e+02,8.18186831e+05,2.11999455e+03,0.00000000e+00,3.17699052e-01,6.82300948e-01,0.00000000e+00
9.36936937e+01,2.36588323e+00,4.30947524e+01,1.80680288e+06,2.65698492e+03,0.00000000e+00,2.52995033e-01,7.47004967e-01,0.00000000e+00
9.37937938e+01,2.54320464e+00,-3.52761419e+01,2.02334782e+06,2.76044378e+03,0.00000000e+00,2.31805929e-01,7.68194071e-01,0.00000000e+00
9.38938939e+01,2.55078135e+00,-3.86840250e+01,2.04133728e+06,2.77588443e+03,0.00000000e+00,2.29475092e-01,7.70524908e-01,0.00000000e+00
9.39939940e+01,2.54073190e+00,-3.89985482e+01,2.03781796e+06,2.78215533e+03,0.00000000e+00,2.29744081e-01,7.70255919e-01,0.00000000e+00
9.40940941e+01,2.52972756e+00,-3.90507153e+01,2.03264666e+06,2.78721032e+03,0.00000000e+00,2.29865721e-01,7.70134279e-01,0.00000000e+00
9.41941942e+01,2.52198057e+00,-3.82880884e+01,2.02691151e+06,2.78790888e+03,0.00000000e+00,2.29936095e-01,7.70063905e-01,0.00000000e+00
9.42942943e+01,2.51591833e+00,-3.68240111e+01,2.02042954e+06,2.78568231e+03,0.00000000e+00,2.29916243e-01,7.70083757e-01,0.00000000e+00
9.43943944e+01,2.50972885e+00,-3.46192454e+01,2.01155553e+06,2.78026031e+03,0.00000000e+00,2.29841210e-01,7.70158790e-01,0.00000000e+00
9.44944945e+01,2.50541739e+00,-3.25896377e+01,2.00230477e+06,2.77227521e+03,0.00000000e+00,2.29949129e-01,7.70050871e-01,0.00000000e+00
9.45945946e+01,2.50381956e+00,-3.06904994e+01,1.99444104e+06,2.76313194e+03,0.00000000e+00,2.29898884e-01,7.70101116e-01,0.00000000e+00
9.46946947e+01,2.50342051e+00,-2.90971974e+01,1.98721330e+06,2.75354411e+03,0.00000000e+00,2.29861332e-01,7.70138668e-01,0.00000000e+00
9.47947948e+01,2.50373734e+00,-2.77566360e+01,1.98074539e+06,2.74418242e+03,0.00000000e+00,2.29712887e-01,7.70287113e-01,0.00000000e+00
9.48948949e+01,2.50484230e+00,-2.66096257e+01,1.97517148e+06,2.73521343e+03,0.00000000e+00,2.29599987e-01,7.70400013e-01,0.00000000e+00
9.49949950e+01,2.50671296e+00,-2.57087383e+01,1.97032252e+06,2.72646817e+03,0.00000000e+00,2.29616390e-01,7.70383610e-01,0.00000000e+00
9.50950951e+01,2.50985614e+00,-2.49437371e+01,1.96639713e+06,2.71765603e+03,0.00000000e+00,2.29694823e-01,7.70305177e-01,0.00000000e+00
9.51951952e+01,2.51419296e+00,-2.44056178e+01,1.96303193e+06,2.70839640e+03,0.00000000e+00,2.29899244e-01,7.70100756e-01,0.00000000e+00
9.52952953e+01,2.52035062e+00,-2.39245448e+01,1.96049545e+06,2.69831102e+03,0.00000000e+00,2.29965009e-01,7.70034991e-01,0.00000000e+00
9.53953954e+01,2.52802147e+00,-2.36248407e+01,1.95828535e+06,2.68713899e+03,0.00000000e+00,2.30104783e-01,7.69895217e-01,0.00000000e+00
9.54954955e+01,2.53733587e+00,-2.33355372e+01,1.95666471e+06,2.67497232e+03,0.00000000e+00,2.29852027e-01,7.70147973e-01,0.00000000e+00
9.55955956e+01,2.54778199e+00,-2.31157799e+01,1.95531936e+06,2.66209942e+03,0.00000000e+00,2.29636420e-01,7.70363580e-01,0.00000000e+00
9.56956957e+01,2.55819207e+00,-2.28675605e+01,1.95430682e+06,2.64968791e+03,0.00000000e+00,2.29031126e-01,7.70968874e-01,0.00000000e+00
9.57957958e+01,2.56795559e+00,-2.26170694e+01,1.95348192e+06,2.63833723e+03,0.00000000e+00,2.28551509e-01,7.71448491e-01,0.00000000e+00
9.58958959e+01,2.57747150e+00,-2.23537339e+01,1.95273776e+06,2.62746252e+03,0.00000000e+00,2.28157456e-01,7.71842544e-01,0.00000000e+00
9.59959960e+01,2.58705361e+00,-2.20560724e+01,1.95201982e+06,2.61690338e+03,0.00000000e+00,2.28560081e-01,7.71439919e-01,0.00000000e+00
9.60960961e+01,2.59722841e+00,-2.17149377e+01,1.95129040e+06,2.60592733e+03,0.00000000e+00,2.29307925e-01,7.70692075e-01,0.00000000e+00
9.61961962e+01,2.60902742e+00,-2.13068832e+01,1.95048422e+06,2.59349180e+03,0.00000000e+00,2.30574583e-01,7.69425417e-01,0.00000000e+00
9.62962963e+01,2.62400019e+00,-2.08098445e+01,1.94954486e+06,2.57792002e+03,0.00000000e+00,2.31992637e-01,7.68007363e-01,0.00000000e+00
9.63963964e+01,2.64415775e+00,-2.02181510e+01,1.94845577e+06,2.55748748e+03,0.00000000e+00,2.33971616e-01,7.66028384e-01,0.00000000e+00
9.64964965e+01,2.67211732e+00,-1.95907136e+01,1.94739735e+06,2.52999354e+03,0.00000000e+00,2.35946116e-01,7.64053884e-01,0.00000000e+00
9.65965966e+01,2.71056064e+00,-1.89671090e+01,1.94633394e+06,2.49327980e+03,0.00000000e+00,2.37604327e-01,7.62395673e-01,0.00000000e+00
9.66966967e+01,2.76245091e+00,-1.83221975e+01,1.94534605e+06,2.44496521e+03,0.00000000e+00,2.36843613e-01,7.63156387e-01,0.00000000e+00
9.67967968e+01,2.82695715e+00,-1.76799284e+01,1.94442847e+06,2.38664935e+03,0.00000000e+00,2.32276255e-01,7.67723745e-01,0.00000000e+00
9.68968969e+01,2.88807047e+00,-1.69923358e+01,1.94372583e+06,2.33317163e+03,0.00000000e+00,2.25157395e-01,7.74842605e-01,0.00000000e+00
9.69969970e+01,2.93227927e+00,-1.63099210e+01,1.94309960e+06,2.29589085e+03,0.00000000e+00,2.20521223e-01,7.79478777e-01,0.00000000e+00
9.70970971e+01,2.96067307e+00,-1.56349850e+01,1.94259544e+06,2.27300977e+03,0.00000000e+00,2.19584283e-01,7.80415717e-01,0.00000000e+00
9.71971972e+01,2.97577231e+00,-1.49802935e+01,1.94218838e+06,2.26120139e+03,0.00000000e+00,2.20271045e-01,7.79728955e-01,0.00000000e+00
9.72972973e+01,2.98122124e+00,-1.43558619e+01,1.94184653e+06,2.25675864e+03,0.00000000e+00,2.20573562e-01,7.79426438e-01,0.00000000e+00
9.73973974e+01,2.98144328e+00,-1.37538016e+01,1.94155676e+06,2.25611809e+03,0.00000000e+00,2.20103797e-01,7.79896203e-01,0.00000000e+00
9.74974975e+01,2.97610941e+00,-1.31823002e+01,1.94129553e+06,2.25959095e+03,0.00000000e+00,2.19182869e-01,7.80817131e-01,0.00000000e+00
9.75975976e+01,2.95971007e+00,-1.26483149e+01,1.94103024e+06,2.27133140e+03,0.00000000e+00,2.17569989e-01,7.82430011e-01,0.00000000e+00
9.76976977e+01,2.92659602e+00,-1.21325437e+01,1.94067625e+06,2.29593749e+03,0.00000000e+00,2.15274308e-01,7.84725692e-01,0.00000000e+00
9.77977978e+01,2.87167073e+00,-1.16311418e+01,1.94021867e+06,2.33835012e+03,0.00000000e+00,2.12103056e-01,7.87896944e-01,0.00000000e+00
9.78978979e+01,2.79048368e+00,-1.11302099e+01,1.93964208e+06,2.40459368e+03,0.00000000e+00,2.08612532e-01,7.91387468e-01,0.00000000e+00
9.79979980e+01,2.67932895e+00,-1.06139157e+01,1.93894413e+06,2.50255627e+03,0.00000000e+00,2.05821248e-01,7.94178752e-01,0.00000000e+00
9.80980981e+01,2.53533786e+00,-1.00703609e+01,1.93813970e+06,2.64331344e+03,0.00000000e+00,2.05007754e-01,7.94992246e-01,0.00000000e+00
9.81981982e+01,2.35656822e+00,-9.51128240e+00,1.93728703e+06,2.84377808e+03,0.00000000e+00,2.08291224e-01,7.91708776e-01,0.00000000e+00
9.82982983e+01,2.14515949e+00,-8.92192261e+00,1.93649428e+06,3.12654384e+03,0.00000000e+00,2.17759097e-01,7.82240903e-01,0.00000000e+00
9.83983984e+01,1.93670907e+00,-8.30408299e+00,1.93566488e+06,3.46942905e+03,0.00000000e+00,2.35441309e-01,7.64558691e-01,0.00000000e+00
9.84984985e+01,1.76232401e+00,-7.68677033e+00,1.93487514e+06,3.82307293e+03,0.00000000e+00,2.59683820e-01,7.40316180e-01,0.00000000e+00
9.85985986e+01,1.61918363e+00,-7.07378680e+00,1.93413486e+06,4.17096656e+03,0.00000000e+00,2.81130960e-01,7.18869040e-01,0.00000000e+00
9.86986987e+01,1.50375190e+00,-6.46685958e+00,1.93346006e+06,4.49606044e+03,0.00000000e+00,2.92308480e-01,7.07691520e-01,0.00000000e+00
9.87987988e+01,1.41215524e+00,-5.87569203e+00,1.93284214e+06,4.78569858e+03,0.00000000e+00,2.91565183e-01,7.08434817e-01,0.00000000e+00
9.88988989e+01,1.34057094e+00,-5.28969050e+00,1.93230553e+06,5.03394513e+03,0.00000000e+00,2.82494028e-01,7.17505972e-01,0.00000000e+00
9.89989990e+01,1.28542846e+00,-4.72098259e+00,1.93182705e+06,5.24038510e+03,0.00000000e+00,2.70363786e-01,7.29636214e-01,0.00000000e+00
9.90990991e+01,1.24360109e+00,-4.15008900e+00,1.93144025e+06,5.40742741e+03,0.00000000e+00,2.58702074e-01,7.41297926e-01,0.00000000e+00
9.91991992e+01,1.21238359e+00,-3.61095114e+00,1.93108005e+06,5.53891863e+03,0.00000000e+00,2.49290705e-01,7.50709295e-01,0.00000000e+00
9.92992993e+01,1.18959091e+00,-3.06754088e+00,1.93080836e+06,5.63935376e+03,0.00000000e+00,2.42536043e-01,7.57463957e-01,0.00000000e+00
9.93993994e+01,1.17339630e+00,-2.55082513e+00,1.93056628e+06,5.71321384e+03,0.00000000e+00,2.38100962e-01,7.61899038e-01,0.00000000e+00
9.94994995e+01,1.16236607e+00,-2.02922976e+00,1.93040631e+06,5.76501799e+03,0.00000000e+00,2.35488662e-01,7.64511338e-01,0.00000000e+00
9.95995996e+01,1.15527676e+00,-1.54660827e+00,1.93024723e+06,5.79867389e+03,0.00000000e+00,2.33818347e-01,7.66181653e-01,0.00000000e+00
9.96996997e+01,1.15116701e+00,-1.06591873e+00,1.93015254e+06,5.81940113e+03,0.00000000e+00,2.34234903e-01,7.65765097e-01,0.00000000e+00
9.97997998e+01,1.14916678e+00,-6.21233116e-01,1.93006356e+06,5.82671622e+03,0.00000000e+00,2.30830231e-01,7.69169769e-01,0.00000000e+00
9.98998999e+01,1.14856530e+00,-1.53956749e-01,1.93014475e+06,5.82431775e+03,0.00000000e+00,2.23205996e-01,7.76794004e-01,0.00000000e+00
1.00000000e+02,1.14856530e+00,1.53956749e-01,1.93014475e+06,5.82431775e+03,0.00000000e+00,2.23205996e-01,7.76794004e-01,0.00000000e+00
