# x(m), rho(kg/m3), u(m/s), p(Pa), T(K), Y_H2, Y_O2, Y_N2, Y_H2O
0.00000000e+00,5.80300589e+00,-0.00000000e+00,3.00000000e+06,6.00000000e+02,1.50000000e-01,2.50000000e-01,6.00000000e-01,0.00000000e+00
1.00100100e-01,5.80300589e+00,0.00000000e+00,3.00000000e+06,6.00000000e+02,1.50000000e-01,2.50000000e-01,6.00000000e-01,0.00000000e+00
2.00200200e-01,5.80300589e+00,0.00000000e+00,3.00000000e+06,6.00000000e+02,1.50000000e-01,2.50000000e-01,6.00000000e-01,0.00000000e+00
3.00300300e-01,5.80300589e+00,0.00000000e+00,3.00000000e+06,6.00000000e+02,1.50000000e-01,2.50000000e-01,6.00000000e-01,0.00000000e+00
4.00400400e-01,5.80300589e+00,0.00000000e+00,3.00000000e+06,6.00000000e+02,1.50000000e-01,2.50000000e-01,6.00000000e-01,0.00000000e+00
5.00500501e-01,5.80300589e+00,0.00000000e+00,3.00000000e+06,6.00000000e+02,1.50000000e-01,2.50000000e-01,6.00000000e-01,0.00000000e+00
6.00600601e-01,5.80300589e+00,0.00000000e+00,3.00000000e+06,6.00000000e+02,1.50000000e-01,2.50000000e-01,6.00000000e-01,0.00000000e+00
7.00700701e-01,5.80300589e+00,0.00000000e+00,3.00000000e+06,6.00000000e+02,1.50000000e-01,2.50000000e-01,6.00000000e-01,0.00000000e+00
8.00800801e-01,5.80300589e+00,0.00000000e+00,3.00000000e+06,6.00000000e+02,1.50000000e-01,2.50000000e-01,6.00000000e-01,0.00000000e+00
9.00900901e-01,5.80300589e+00,0.00000000e+00,3.00000000e+06,6.00000000e+02,1.50000000e-01,2.50000000e-01,6.00000000e-01,0.00000000e+00
1.00100100e+00,5.80300589e+00,0.00000000e+00,3.00000000e+06,6.00000000e+02,1.50000000e-01,2.50000000e-01,6.00000000e-01,0.00000000e+00
1.10110110e+00,5.80300589e+00,0.00000000e+00,3.00000000e+06,6.00000000e+02,1.50000000e-01,2.50000000e-01,6.00000000e-01,0.00000000e+00
1.20120120e+00,5.80300589e+00,0.00000000e+00,3.00000000e+06,6.00000000e+02,1.50000000e-01,2.50000000e-01,6.00000000e-01,0.00000000e+00
1.30130130e+00,5.80300589e+00,0.00000000e+00,3.00000000e+06,6.00000000e+02,1.50000000e-01,2.50000000e-01,6.00000000e-01,0.00000000e+00
1.40140140e+00,5.80300589e+00,0.00000000e+00,3.00000000e+06,6.00000000e+02,1.50000000e-01,2.50000000e-01,6.00000000e-01,0.00000000e+00
1.50150150e+00,5.80300589e+00,0.00000000e+00,3.00000000e+06,6.00000000e+02,1.50000000e-01,2.50000000e-01,6.00000000e-01,0.00000000e+00
1.60160160e+00,5.80300589e+00,0.00000000e+00,3.00000000e+06,6.00000000e+02,1.50000000e-01,2.50000000e-01,6.00000000e-01,0.00000000e+00
1.70170170e+00,5.80300589e+00,0.00000000e+00,3.00000000e+06,6.00000000e+02,1.50000000e-01,2.50000000e-01,6.00000000e-01,0.00000000e+00
1.80180180e+00,5.80300589e+00,0.00000000e+00,3.00000000e+06,6.00000000e+02,1.50000000e-01,2.50000000e-01,6.00000000e-01,0.00000000e+00
1.90190190e+00,5.80300589e+00,0.00000000e+00,3.00000000e+06,6.00000000e+02,1.50000000e-01,2.50000000e-01,6.00000000e-01,0.00000000e+00
2.00200200e+00,5.80300589e+00,0.00000000e+00,3.00000000e+06,6.00000000e+02,1.50000000e-01,2.50000000e-01,6.00000000e-01,0.00000000e+00
2.10210210e+00,5.80300589e+00,0.00000000e+00,3.00000000e+06,6.00000000e+02,1.50000000e-01,2.50000000e-01,6.00000000e-01,0.00000000e+00
2.20220220e+00,5.80300589e+00,0.00000000e+00,3.00000000e+06,6.00000000e+02,1.50000000e-01,2.50000000e-01,6.00000000e-01,0.00000000e+00
2.30230230e+00,5.80300589e+00,0.00000000e+00,3.00000000e+06,6.00000000e+02,1.50000000e-01,2.50000000e-01,6.00000000e-01,0.00000000e+00
2.40240240e+00,5.80300589e+00,0.00000000e+00,3.00000000e+06,6.00000000e+02,1.50000000e-01,2.50000000e-01,6.00000000e-01,0.00000000e+00
2.50250250e+00,5.80300589e+00,0.00000000e+00,3.00000000e+06,6.00000000e+02,1.50000000e-01,2.50000000e-01,6.00000000e-01,0.00000000e+00
2.60260260e+00,5.80300589e+00,0.00000000e+00,3.00000000e+06,6.00000000e+02,1.50000000e-01,2.50000000e-01,6.00000000e-01,0.00000000e+00
2.70270270e+00,5.80300589e+00,0.00000000e+00,3.00000000e+06,6.00000000e+02,1.50000000e-01,2.50000000e-01,6.00000000e-01,0.00000000e+00
2.80280280e+00,5.80300589e+00,0.00000000e+00,3.00000000e+06,6.00000000e+02,1.50000000e-01,2.50000000e-01,6.00000000e-01,0.00000000e+00
2.90290290e+00,5.80300589e+00,0.00000000e+00,3.00000000e+06,6.00000000e+02,1.50000000e-01,2.50000000e-01,6.00000000e-01,0.00000000e+00
3.00300300e+00,5.80300589e+00,0.00000000e+00,3.00000000e+06,6.00000000e+02,1.50000000e-01,2.50000000e-01,6.00000000e-01,0.00000000e+00
3.10310310e+00,5.80300589e+00,0.00000000e+00,3.00000000e+06,6.00000000e+02,1.50000000e-01,2.50000000e-01,6.00000000e-01,0.00000000e+00
3.20320320e+00,5.80300589e+00,0.00000000e+00,3.00000000e+06,6.00000000e+02,1.50000000e-01,2.50000000e-01,6.00000000e-01,0.00000000e+00
3.30330330e+00,5.80300589e+00,0.00000000e+00,3.00000000e+06,6.00000000e+02,1.50000000e-01,2.50000000e-01,6.00000000e-01,0.00000000e+00
3.40340340e+00,5.80300589e+00,0.00000000e+00,3.00000000e+06,6.00000000e+02,1.50000000e-01,2.50000000e-01,6.00000000e-01,0.00000000e+00
3.50350350e+00,5.80300589e+00,0.00000000e+00,3.00000000e+06,6.00000000e+02,1.50000000e-01,2.50000000e-01,6.00000000e-01,0.00000000e+00
3.60360360e+00,5.80300589e+00,0.00000000e+00,3.00000000e+06,6.00000000e+02,1.50000000e-01,2.50000000e-01,6.00000000e-01,0.00000000e+00
3.70370370e+00,5.80300589e+00,0.00000000e+00,3.00000000e+06,6.00000000e+02,1.50000000e-01,2.50000000e-01,6.00000000e-01,0.00000000e+00
3.80380380e+00,5.80300589e+00,0.00000000e+00,3.00000000e+06,6.00000000e+02,1.50000000e-01,2.50000000e-01,6.00000000e-01,0.00000000e+00
3.90390390e+00,5.80300589e+00,0.00000000e+00,3.00000000e+06,6.00000000e+02,1.50000000e-01,2.50000000e-01,6.00000000e-01,0.00000000e+00
4.00400400e+00,5.80300589e+00,0.00000000e+00,3.00000000e+06,6.00000000e+02,1.50000000e-01,2.50000000e-01,6.00000000e-01,0.00000000e+00
4.10410410e+00,5.80300589e+00,0.00000000e+00,3.00000000e+06,6.00000000e+02,1.50000000e-01,2.50000000e-01,6.00000000e-01,0.00000000e+00
4.20420420e+00,5.80300589e+00,0.00000000e+00,3.00000000e+06,6.00000000e+02,1.50000000e-01,2.50000000e-01,6.00000000e-01,0.00000000e+00
4.30430430e+00,5.80300589e+00,0.00000000e+00,3.00000000e+06,6.00000000e+02,1.50000000e-01,2.50000000e-01,6.00000000e-01,0.00000000e+00
4.40440440e+00,5.80300589e+00,0.00000000e+00,3.00000000e+06,6.00000000e+02,1.50000000e-01,2.50000000e-01,6.00000000e-01,0.00000000e+00
4.50450450e+00,5.80300589e+00,0.00000000e+00,3.00000000e+06,6.00000000e+02,1.50000000e-01,2.50000000e-01,6.00000000e-01,0.00000000e+00
4.60460460e+00,5.80300589e+00,0.00000000e+00,3.00000000e+06,6.00000000e+02,1.50000000e-01,2.50000000e-01,6.00000000e-01,0.00000000e+00
4.70470470e+00,5.80300589e+00,0.00000000e+00,3.00000000e+06,6.00000000e+02,1.50000000e-01,2.50000000e-01,6.00000000e-01,0.00000000e+00
4.80480480e+00,5.80300589e+00,0.00000000e+00,3.00000000e+06,6.00000000e+02,1.50000000e-01,2.50000000e-01,6.00000000e-01,0.00000000e+00
4.90490490e+00,5.80300589e+00,0.00000000e+00,3.00000000e+06,6.00000000e+02,1.50000000e-01,2.50000000e-01,6.00000000e-01,0.00000000e+00
5.00500501e+00,5.80300589e+00,0.00000000e+00,3.00000000e+06,6.00000000e+02,1.50000000e-01,2.50000000e-01,6.00000000e-01,0.00000000e+00
5.10510511e+00,5.80300589e+00,0.00000000e+00,3.00000000e+06,6.00000000e+02,1.50000000e-01,2.50000000e-01,6.00000000e-01,0.00000000e+00
5.20520521e+00,5.80300589e+00,0.00000000e+00,3.00000000e+06,6.00000000e+02,1.50000000e-01,2.50000000e-01,6.00000000e-01,0.00000000e+00
5.30530531e+00,5.80300589e+00,0.00000000e+00,3.00000000e+06,6.00000000e+02,1.50000000e-01,2.50000000e-01,6.00000000e-01,0.00000000e+00
5.40540541e+00,5.80300589e+00,0.00000000e+00,3.00000000e+06,6.00000000e+02,1.50000000e-01,2.50000000e-01,6.00000000e-01,0.00000000e+00
5.50550551e+00,5.80300589e+00,0.00000000e+00,3.00000000e+06,6.00000000e+02,1.50000000e-01,2.50000000e-01,6.00000000e-01,0.00000000e+00
5.60560561e+00,5.80300589e+00,0.00000000e+00,3.00000000e+06,6.00000000e+02,1.50000000e-01,2.50000000e-01,6.00000000e-01,0.00000000e+00
5.70570571e+00,5.80300589e+00,0.00000000e+00,3.00000000e+06,6.00000000e+02,1.50000000e-01,2.50000000e-01,6.00000000e-01,0.00000000e+00
5.80580581e+00,5.80300589e+00,0.00000000e+00,3.00000000e+06,6.00000000e+02,1.50000000e-01,2.50000000e-01,6.00000000e-01,0.00000000e+00
5.90590591e+00,5.80300589e+00,0.00000000e+00,3.00000000e+06,6.00000000e+02,1.50000000e-01,2.50000000e-01,6.00000000e-01,0.00000000e+00
6.00600601e+00,5.80300589e+00,0.00000000e+00,3.00000000e+06,6.00000000e+02,1.50000000e-01,2.50000000e-01,6.00000000e-01,0.00000000e+00
6.10610611e+00,5.80300589e+00,0.00000000e+00,3.00000000e+06,6.00000000e+02,1.50000000e-01,2.50000000e-01,6.00000000e-01,0.00000000e+00
6.20620621e+00,5.80300589e+00,0.00000000e+00,3.00000000e+06,6.00000000e+02,1.50000000e-01,2.50000000e-01,6.00000000e-01,0.00000000e+00
6.30630631e+00,5.80300589e+00,0.00000000e+00,3.00000000e+06,6.00000000e+02,1.50000000e-01,2.50000000e-01,6.00000000e-01,0.00000000e+00
6.40640641e+00,5.80300589e+00,0.00000000e+00,3.00000000e+06,6.00000000e+02,1.50000000e-01,2.50000000e-01,6.00000000e-01,0.00000000e+00
6.50650651e+00,5.80300589e+00,0.00000000e+00,3.00000000e+06,6.00000000e+02,1.50000000e-01,2.50000000e-01,6.00000000e-01,0.00000000e+00
6.60660661e+00,5.80300589e+00,0.00000000e+00,3.00000000e+06,6.00000000e+02,1.50000000e-01,2.50000000e-01,6.00000000e-01,0.00000000e+00
6.70670671e+00,5.80300589e+00,0.00000000e+00,3.00000000e+06,6.00000000e+02,1.50000000e-01,2.50000000e-01,6.00000000e-01,0.00000000e+00
6.80680681e+00,5.80300589e+00,0.00000000e+00,3.00000000e+06,6.00000000e+02,1.50000000e-01,2.50000000e-01,6.00000000e-01,0.00000000e+00
6.90690691e+00,5.80300589e+00,0.00000000e+00,3.00000000e+06,6.00000000e+02,1.50000000e-01,2.50000000e-01,6.00000000e-01,0.00000000e+00
7.00700701e+00,5.80300589e+00,0.00000000e+00,3.00000000e+06,6.00000000e+02,1.50000000e-01,2.50000000e-01,6.00000000e-01,0.00000000e+00
7.10710711e+00,5.80300589e+00,0.00000000e+00,3.00000000e+06,6.00000000e+02,1.50000000e-01,2.50000000e-01,6.00000000e-01,0.00000000e+00
7.20720721e+00,5.80300589e+00,0.00000000e+00,3.00000000e+06,6.00000000e+02,1.50000000e-01,2.50000000e-01,6.00000000e-01,0.00000000e+00
7.30730731e+00,5.80300589e+00,0.00000000e+00,3.00000000e+06,6.00000000e+02,1.50000000e-01,2.50000000e-01,6.00000000e-01,0.00000000e+00
7.40740741e+00,5.80300589e+00,0.00000000e+00,3.00000000e+06,6.00000000e+02,1.50000000e-01,2.50000000e-01,6.00000000e-01,0.00000000e+00
7.50750751e+00,5.80300589e+00,0.00000000e+00,3.00000000e+06,6.00000000e+02,1.50000000e-01,2.50000000e-01,6.00000000e-01,0.00000000e+00
7.60760761e+00,5.80300589e+00,0.00000000e+00,3.00000000e+06,6.00000000e+02,1.50000000e-01,2.50000000e-01,6.00000000e-01,0.00000000e+00
7.70770771e+00,5.80300589e+00,0.00000000e+00,3.00000000e+06,6.00000000e+02,1.50000000e-01,2.50000000e-01,6.00000000e-01,0.00000000e+00
7.80780781e+00,5.80300589e+00,0.00000000e+00,3.00000000e+06,6.00000000e+02,1.50000000e-01,2.50000000e-01,6.00000000e-01,0.00000000e+00
7.90790791e+00,5.80300589e+00,0.00000000e+00,3.00000000e+06,6.00000000e+02,1.50000000e-01,2.50000000e-01,6.00000000e-01,0.00000000e+00
8.00800801e+00,5.80300589e+00,0.00000000e+00,3.00000000e+06,6.00000000e+02,1.50000000e-01,2.50000000e-01,6.00000000e-01,0.00000000e+00
8.10810811e+00,5.80300589e+00,0.00000000e+00,3.00000000e+06,6.00000000e+02,1.50000000e-01,2.50000000e-01,6.00000000e-01,0.00000000e+00
8.20820821e+00,5.80300589e+00,0.00000000e+00,3.00000000e+06,6.00000000e+02,1.50000000e-01,2.50000000e-01,6.00000000e-01,0.00000000e+00
8.30830831e+00,5.80300589e+00,0.00000000e+00,3.00000000e+06,6.00000000e+02,1.50000000e-01,2.50000000e-01,6.00000000e-01,0.00000000e+00
8.40840841e+00,5.80300589e+00,0.00000000e+00,3.00000000e+06,6.00000000e+02,1.50000000e-01,2.50000000e-01,6.00000000e-01,0.00000000e+00
8.50850851e+00,5.80300589e+00,0.00000000e+00,3.00000000e+06,6.00000000e+02,1.50000000e-01,2.50000000e-01,6.00000000e-01,0.00000000e+00
8.60860861e+00,5.80300589e+00,0.00000000e+00,3.00000000e+06,6.00000000e+02,1.50000000e-01,2.50000000e-01,6.00000000e-01,0.00000000e+00
8.70870871e+00,5.80300589e+00,0.00000000e+00,3.00000000e+06,6.00000000e+02,1.50000000e-01,2.50000000e-01,6.00000000e-01,0.00000000e+00
8.80880881e+00,5.80300589e+00,0.00000000e+00,3.00000000e+06,6.00000000e+02,1.50000000e-01,2.50000000e-01,6.00000000e-01,0.00000000e+00
8.90890891e+00,5.80300589e+00,0.00000000e+00,3.00000000e+06,6.00000000e+02,1.50000000e-01,2.50000000e-01,6.00000000e-01,0.00000000e+00
9.00900901e+00,5.80300589e+00,0.00000000e+00,3.00000000e+06,6.00000000e+02,1.50000000e-01,2.50000000e-01,6.00000000e-01,0.00000000e+00
9.10910911e+00,5.80300589e+00,0.00000000e+00,3.00000000e+06,6.00000000e+02,1.50000000e-01,2.50000000e-01,6.00000000e-01,0.00000000e+00
9.20920921e+00,5.80300589e+00,0.00000000e+00,3.00000000e+06,6.00000000e+02,1.50000000e-01,2.50000000e-01,6.00000000e-01,0.00000000e+00
9.30930931e+00,5.80300589e+00,0.00000000e+00,3.00000000e+06,6.00000000e+02,1.50000000e-01,2.50000000e-01,6.00000000e-01,0.00000000e+00
9.40940941e+00,5.80300589e+00,0.00000000e+00,3.00000000e+06,6.00000000e+02,1.50000000e-01,2.50000000e-01,6.00000000e-01,0.00000000e+00
9.50950951e+00,5.80300589e+00,0.00000000e+00,3.00000000e+06,6.00000000e+02,1.50000000e-01,2.50000000e-01,6.00000000e-01,0.00000000e+00
9.60960961e+00,5.80300589e+00,0.00000000e+00,3.00000000e+06,6.00000000e+02,1.50000000e-01,2.50000000e-01,6.00000000e-01,0.00000000e+00
9.70970971e+00,5.80300589e+00,0.00000000e+00,3.00000000e+06,6.00000000e+02,1.50000000e-01,2.50000000e-01,6.00000000e-01,0.00000000e+00
9.80980981e+00,5.80300589e+00,0.00000000e+00,3.00000000e+06,6.00000000e+02,1.50000000e-01,2.50000000e-01,6.00000000e-01,0.00000000e+00
9.90990991e+00,5.80300589e+00,0.00000000e+00,3.00000000e+06,6.00000000e+02,1.50000000e-01,2.50000000e-01,6.00000000e-01,0.00000000e+00
1.00100100e+01,5.80300589e+00,0.00000000e+00,3.00000000e+06,6.00000000e+02,1.50000000e-01,2.50000000e-01,6.00000000e-01,0.00000000e+00
1.01101101e+01,5.80300589e+00,0.00000000e+00,3.00000000e+06,6.00000000e+02,1.50000000e-01,2.50000000e-01,6.00000000e-01,0.00000000e+00
1.02102102e+01,5.80300589e+00,0.00000000e+00,3.00000000e+06,6.00000000e+02,1.50000000e-01,2.50000000e-01,6.00000000e-01,0.00000000e+00
1.03103103e+01,5.80300589e+00,0.00000000e+00,3.00000000e+06,6.00000000e+02,1.50000000e-01,2.50000000e-01,6.00000000e-01,0.00000000e+00
1.04104104e+01,5.80300589e+00,0.00000000e+00,3.00000000e+06,6.00000000e+02,1.50000000e-01,2.50000000e-01,6.00000000e-01,0.00000000e+00
1.05105105e+01,5.80300589e+00,0.00000000e+00,3.00000000e+06,6.00000000e+02,1.50000000e-01,2.50000000e-01,6.00000000e-01,0.00000000e+00
1.06106106e+01,5.80300589e+00,0.00000000e+00,3.00000000e+06,6.00000000e+02,1.50000000e-01,2.50000000e-01,6.00000000e-01,0.00000000e+00
1.07107107e+01,5.80300589e+00,0.00000000e+00,3.00000000e+06,6.00000000e+02,1.50000000e-01,2.50000000e-01,6.00000000e-01,0.00000000e+00
1.08108108e+01,5.80300589e+00,0.00000000e+00,3.00000000e+06,6.00000000e+02,1.50000000e-01,2.50000000e-01,6.00000000e-01,0.00000000e+00
1.09109109e+01,5.80300589e+00,0.00000000e+00,3.00000000e+06,6.00000000e+02,1.50000000e-01,2.50000000e-01,6.00000000e-01,0.00000000e+00
1.10110110e+01,5.80300589e+00,0.00000000e+00,3.00000000e+06,6.00000000e+02,1.50000000e-01,2.50000000e-01,6.00000000e-01,0.00000000e+00
1.11111111e+01,5.80300589e+00,0.00000000e+00,3.00000000e+06,6.00000000e+02,1.50000000e-01,2.50000000e-01,6.00000000e-01,0.00000000e+00
1.12112112e+01,5.80300589e+00,0.00000000e+00,3.00000000e+06,6.00000000e+02,1.50000000e-01,2.50000000e-01,6.00000000e-01,0.00000000e+00
1.13113113e+01,5.80300589e+00,0.00000000e+00,3.00000000e+06,6.00000000e+02,1.50000000e-01,2.50000000e-01,6.00000000e-01,0.00000000e+00
1.14114114e+01,5.80300589e+00,0.00000000e+00,3.00000000e+06,6.00000000e+02,1.50000000e-01,2.50000000e-01,6.00000000e-01,0.00000000e+00
1.15115115e+01,5.80300589e+00,0.00000000e+00,3.00000000e+06,6.00000000e+02,1.50000000e-01,2.50000000e-01,6.00000000e-01,0.00000000e+00
1.16116116e+01,5.80300589e+00,0.00000000e+00,3.00000000e+06,6.00000000e+02,1.50000000e-01,2.50000000e-01,6.00000000e-01,0.00000000e+00
1.17117117e+01,5.80300589e+00,0.00000000e+00,3.00000000e+06,6.00000000e+02,1.50000000e-01,2.50000000e-01,6.00000000e-01,0.00000000e+00
1.18118118e+01,5.80300589e+00,0.00000000e+00,3.00000000e+06,6.00000000e+02,1.50000000e-01,2.50000000e-01,6.00000000e-01,0.00000000e+00
1.19119119e+01,5.80300589e+00,0.00000000e+00,3.00000000e+06,6.00000000e+02,1.50000000e-01,2.50000000e-01,6.00000000e-01,0.00000000e+00
1.20120120e+01,5.80300589e+00,0.00000000e+00,3.00000000e+06,6.00000000e+02,1.50000000e-01,2.50000000e-01,6.00000000e-01,0.00000000e+00
1.21121121e+01,5.80300589e+00,0.00000000e+00,3.00000000e+06,6.00000000e+02,1.50000000e-01,2.50000000e-01,6.00000000e-01,0.00000000e+00
1.22122122e+01,5.80300589e+00,0.00000000e+00,3.00000000e+06,6.00000000e+02,1.50000000e-01,2.50000000e-01,6.00000000e-01,0.00000000e+00
1.23123123e+01,5.80300589e+00,0.00000000e+00,3.00000000e+06,6.00000000e+02,1.50000000e-01,2.50000000e-01,6.00000000e-01,0.00000000e+00
1.24124124e+01,5.80300589e+00,0.00000000e+00,3.00000000e+06,6.00000000e+02,1.50000000e-01,2.50000000e-01,6.00000000e-01,0.00000000e+00
1.25125125e+01,5.80300589e+00,0.00000000e+00,3.00000000e+06,6.00000000e+02,1.50000000e-01,2.50000000e-01,6.00000000e-01,0.00000000e+00
1.26126126e+01,5.80300589e+00,0.00000000e+00,3.00000000e+06,6.00000000e+02,1.50000000e-01,2.50000000e-01,6.00000000e-01,0.00000000e+00
1.27127127e+01,5.80300589e+00,0.00000000e+00,3.00000000e+06,6.00000000e+02,1.50000000e-01,2.50000000e-01,6.00000000e-01,0.00000000e+00
1.28128128e+01,5.80300589e+00,0.00000000e+00,3.00000000e+06,6.00000000e+02,1.50000000e-01,2.50000000e-01,6.00000000e-01,0.00000000e+00
1.29129129e+01,5.80300589e+00,0.00000000e+00,3.00000000e+06,6.00000000e+02,1.50000000e-01,2.50000000e-01,6.00000000e-01,0.00000000e+00
1.30130130e+01,5.80300589e+00,0.00000000e+00,3.00000000e+06,6.00000000e+02,1.50000000e-01,2.50000000e-01,6.00000000e-01,0.00000000e+00
1.31131131e+01,5.80300589e+00,0.00000000e+00,3.00000000e+06,6.00000000e+02,1.50000000e-01,2.50000000e-01,6.00000000e-01,0.00000000e+00
1.32132132e+01,5.80300589e+00,0.00000000e+00,3.00000000e+06,6.00000000e+02,1.50000000e-01,2.50000000e-01,6.00000000e-01,0.00000000e+00
1.33133133e+01,5.80300589e+00,0.00000000e+00,3.00000000e+06,6.00000000e+02,1.50000000e-01,2.50000000e-01,6.00000000e-01,0.00000000e+00
1.34134134e+01,5.80300589e+00,0.00000000e+00,3.00000000e+06,6.00000000e+02,1.50000000e-01,2.50000000e-01,6.00000000e-01,0.00000000e+00
1.35135135e+01,5.80300589e+00,0.00000000e+00,3.00000000e+06,6.00000000e+02,1.50000000e-01,2.50000000e-01,6.00000000e-01,0.00000000e+00
1.36136136e+01,5.80300589e+00,8.39861573e-14,3.00000000e+06,6.00000000e+02,1.50000000e-01,2.50000000e-01,6.00000000e-01,0.00000000e+00
1.37137137e+01,5.80300589e+00,-2.40759112e-12,3.00000000e+06,6.00000000e+02,1.50000000e-01,2.50000000e-01,6.00000000e-01,0.00000000e+00
1.38138138e+01,5.80300589e+00,-1.44230536e-10,3.00000000e+06,6.00000000e+02,1.50000000e-01,2.50000000e-01,6.00000000e-01,0.00000000e+00
1.39139139e+01,5.80300589e+00,-2.47649073e-09,3.00000000e+06,6.00000000e+02,1.50000000e-01,2.50000000e-01,6.00000000e-01,0.00000000e+00
1.40140140e+01,5.80300589e+00,2.87052213e-08,3.00000000e+06,6.00000000e+02,1.50000000e-01,2.50000000e-01,6.00000000e-01,0.00000000e+00
1.41141141e+01,5.80300587e+00,4.25030434e-06,3.00000000e+06,6.00000001e+02,1.50000000e-01,2.50000000e-01,6.00000001e-01,0.00000000e+00
1.42142142e+01,5.80300588e+00,1.06505818e-04,2.99999952e+06,5.99999932e+02,1.49999993e-01,2.49999988e-01,5.99999971e-01,0.00000000e+00
1.43143143e+01,5.80302925e+00,5.66402217e-05,2.99999114e+06,5.99997383e+02,1.49999608e-01,2.49999346e-01,5.99998431e-01,1.36098819e-16
1.44144144e+01,5.80412220e+00,-1.18130701e-01,3.00018053e+06,5.99965411e+02,1.49988822e-01,2.49981369e-01,5.99955287e-01,4.04679234e-10
1.45145145e+01,5.83131427e+00,-6.73266687e+00,3.03421783e+06,6.03899358e+02,1.49998794e-01,2.49990431e-01,6.00000000e-01,1.07744001e-05
1.46146146e+01,6.10514366e+00,-1.46348132e+02,4.07380888e+06,7.75757790e+02,1.49290080e-01,2.44365386e-01,6.00000211e-01,6.34432252e-03
1.47147147e+01,6.49342138e+00,-4.01546492e+02,1.25552598e+07,2.40663557e+03,1.21769338e-01,2.59339552e-02,6.00008403e-01,2.52288304e-01
1.48148148e+01,6.54893651e+00,-4.44152282e+02,1.29954848e+07,2.49176309e+03,1.18470263e-01,1.69006087e-04,5.99741609e-01,2.81172863e-01
1.49149149e+01,6.55100308e+00,-4.44013252e+02,1.30240094e+07,2.49552940e+03,1.18499041e-01,1.13094085e-06,5.99994425e-01,2.81480486e-01
1.50150150e+01,6.55118010e+00,-4.44149319e+02,1.30246926e+07,2.49557929e+03,1.18499636e-01,5.60833537e-07,5.99997801e-01,2.81482712e-01
1.51151151e+01,6.55130660e+00,-4.44183336e+02,1.30251148e+07,2.49560770e+03,1.18499841e-01,5.60803733e-07,5.99998836e-01,2.81483197e-01
1.52152152e+01,6.55142653e+00,-4.44215785e+02,1.30254315e+07,2.49562269e+03,1.18499841e-01,5.60772682e-07,5.99998837e-01,2.81483198e-01
1.53153153e+01,6.55154632e+00,-4.44248096e+02,1.30257478e+07,2.49563766e+03,1.18499841e-01,5.60741354e-07,5.99998839e-01,2.81483199e-01
1.54154154e+01,6.55166704e+00,-4.44280588e+02,1.30260650e+07,2.49565250e+03,1.18499839e-01,5.60709765e-07,5.99998825e-01,2.81483192e-01
1.55155155e+01,6.55178859e+00,-4.44313307e+02,1.30263842e+07,2.49566742e+03,1.18499836e-01,5.60677956e-07,5.99998811e-01,2.81483186e-01
1.56156156e+01,6.55191135e+00,-4.44346407e+02,1.30267062e+07,2.49568244e+03,1.18499831e-01,5.60645968e-07,5.99998789e-01,2.81483175e-01
1.57157157e+01,6.55203589e+00,-4.44380125e+02,1.30270349e+07,2.49569797e+03,1.18499831e-01,5.60613882e-07,5.99998788e-01,2.81483175e-01
1.58158158e+01,6.55216186e+00,-4.44414311e+02,1.30273709e+07,2.49571417e+03,1.18499840e-01,5.60581764e-07,5.99998830e-01,2.81483195e-01
1.59159159e+01,6.55228795e+00,-4.44448418e+02,1.30277058e+07,2.49573020e+03,1.18499845e-01,5.60549572e-07,5.99998856e-01,2.81483207e-01
1.60160160e+01,6.55241466e+00,-4.44482436e+02,1.30280390e+07,2.49574583e+03,1.18499842e-01,5.60517263e-07,5.99998841e-01,2.81483200e-01
1.61161161e+01,6.55254269e+00,-4.44516685e+02,1.30283745e+07,2.49576146e+03,1.18499836e-01,5.60484808e-07,5.99998811e-01,2.81483186e-01
1.62162162e+01,6.55267233e+00,-4.44551317e+02,1.30287154e+07,2.49577746e+03,1.18499832e-01,5.60452161e-07,5.99998794e-01,2.81483178e-01
1.63163163e+01,6.55280286e+00,-4.44586203e+02,1.30290581e+07,2.49579351e+03,1.18499827e-01,5.60419240e-07,5.99998769e-01,2.81483166e-01
1.64164164e+01,6.55293399e+00,-4.44621387e+02,1.30294022e+07,2.49580960e+03,1.18499821e-01,5.60386020e-07,5.99998739e-01,2.81483152e-01
1.65165165e+01,6.55306566e+00,-4.44656863e+02,1.30297493e+07,2.49582597e+03,1.18499820e-01,5.60352542e-07,5.99998729e-01,2.81483148e-01
1.66166166e+01,6.55319792e+00,-4.44692554e+02,1.30300973e+07,2.49584233e+03,1.18499817e-01,5.60318835e-07,5.99998714e-01,2.81483141e-01
1.67167167e+01,6.55333189e+00,-4.44728642e+02,1.30304491e+07,2.49585878e+03,1.18499812e-01,5.60284965e-07,5.99998689e-01,2.81483129e-01
1.68168168e+01,6.55346921e+00,-4.44765471e+02,1.30308096e+07,2.49587566e+03,1.18499806e-01,5.60251003e-07,5.99998660e-01,2.81483115e-01
1.69169169e+01,6.55361134e+00,-4.44803375e+02,1.30311827e+07,2.49589315e+03,1.18499799e-01,5.60216982e-07,5.99998623e-01,2.81483098e-01
1.70170170e+01,6.55375984e+00,-4.44842807e+02,1.30315719e+07,2.49591137e+03,1.18499788e-01,5.60182906e-07,5.99998568e-01,2.81483072e-01
1.71171171e+01,6.55391633e+00,-4.44884378e+02,1.30319851e+07,2.49593102e+03,1.18499782e-01,5.60148803e-07,5.99998538e-01,2.81483059e-01
1.72172172e+01,6.55408051e+00,-4.44928005e+02,1.30324241e+07,2.49595245e+03,1.18499788e-01,5.60114680e-07,5.99998569e-01,2.81483073e-01
1.73173173e+01,6.55425098e+00,-4.44973002e+02,1.30328753e+07,2.49597408e+03,1.18499782e-01,5.60080394e-07,5.99998537e-01,2.81483058e-01
1.74174174e+01,6.55443070e+00,-4.45020222e+02,1.30333415e+07,2.49599560e+03,1.18499749e-01,5.60045861e-07,5.99998374e-01,2.81482982e-01
1.75175175e+01,6.55462567e+00,-4.45071753e+02,1.30338569e+07,2.49602035e+03,1.18499736e-01,5.60011279e-07,5.99998304e-01,2.81482949e-01
1.76176176e+01,6.55483541e+00,-4.45127396e+02,1.30344298e+07,2.49604959e+03,1.18499764e-01,5.59976754e-07,5.99998449e-01,2.81483017e-01
1.77177177e+01,6.55505385e+00,-4.45184870e+02,1.30350211e+07,2.49607932e+03,1.18499779e-01,5.59942018e-07,5.99998525e-01,2.81483052e-01
1.78178178e+01,6.55528115e+00,-4.45244396e+02,1.30356214e+07,2.49610820e+03,1.18499756e-01,5.59906951e-07,5.99998407e-01,2.81482997e-01
1.79179179e+01,6.55552059e+00,-4.45307540e+02,1.30362720e+07,2.49614118e+03,1.18499776e-01,5.59871933e-07,5.99998510e-01,2.81483045e-01
1.80180180e+01,6.55576012e+00,-4.45370435e+02,1.30369278e+07,2.49617486e+03,1.18499808e-01,5.59836810e-07,5.99998672e-01,2.81483122e-01
1.81181181e+01,6.55600363e+00,-4.45431925e+02,1.30375483e+07,2.49620271e+03,1.18499725e-01,5.59800971e-07,5.99998250e-01,2.81482924e-01
1.82182182e+01,6.55627569e+00,-4.45498679e+02,1.30381826e+07,2.49622570e+03,1.18499481e-01,5.59764200e-07,5.99997015e-01,2.81482344e-01
1.83183183e+01,6.55662811e+00,-4.45589088e+02,1.30390044e+07,2.49625556e+03,1.18499163e-01,5.59726889e-07,5.99995405e-01,2.81481589e-01
1.84184184e+01,6.55705716e+00,-4.45687922e+02,1.30403032e+07,2.49633303e+03,1.18499535e-01,5.59692612e-07,5.99997286e-01,2.81482472e-01
1.85185185e+01,6.55736105e+00,-4.45795241e+02,1.30407957e+07,2.49632868e+03,1.18498725e-01,5.59652471e-07,5.99993186e-01,2.81480548e-01
1.86186186e+01,6.55775424e+00,-4.45845039e+02,1.30422562e+07,2.49643724e+03,1.18499737e-01,5.59620561e-07,5.99998310e-01,2.81482952e-01
1.87187187e+01,6.55795917e+00,-4.45952299e+02,1.30421752e+07,2.49637698e+03,1.18498158e-01,5.59575939e-07,5.99990317e-01,2.81479202e-01
1.88188188e+01,6.55823156e+00,-4.45986819e+02,1.30437583e+07,2.49653143e+03,1.18500288e-01,5.59548241e-07,6.00001101e-01,2.81484261e-01
1.89189189e+01,6.55835166e+00,-4.46054895e+02,1.30435346e+07,2.49647202e+03,1.18498905e-01,5.59503267e-07,5.99994100e-01,2.81480977e-01
1.90190190e+01,6.55851465e+00,-4.46085913e+02,1.30444642e+07,2.49656206e+03,1.18500132e-01,5.59469840e-07,6.00000312e-01,2.81483891e-01
1.91191191e+01,6.55870914e+00,-4.46128770e+02,1.30447000e+07,2.49654803e+03,1.18499426e-01,5.59426437e-07,5.99996736e-01,2.81482214e-01
1.92192192e+01,6.55885427e+00,-4.46182159e+02,1.30451742e+07,2.49657872e+03,1.18499655e-01,5.59386539e-07,5.99997897e-01,2.81482759e-01
1.93193193e+01,6.55903806e+00,-4.46226332e+02,1.30457294e+07,2.49661155e+03,1.18499819e-01,5.59345357e-07,5.99998728e-01,2.81483148e-01
1.94194194e+01,6.55921883e+00,-4.46272294e+02,1.30461853e+07,2.49663124e+03,1.18499759e-01,5.59302072e-07,5.99998425e-01,2.81483006e-01
1.95195195e+01,6.55938355e+00,-4.46319729e+02,1.30466237e+07,2.49665224e+03,1.18499769e-01,5.59257986e-07,5.99998473e-01,2.81483029e-01
1.96196196e+01,6.55956301e+00,-4.46366238e+02,1.30471073e+07,2.49667602e+03,1.18499791e-01,5.59212745e-07,5.99998584e-01,2.81483081e-01
1.97197197e+01,6.55974823e+00,-4.46412260e+02,1.30475947e+07,2.49669891e+03,1.18499785e-01,5.59166070e-07,5.99998555e-01,2.81483068e-01
1.98198198e+01,6.55992586e+00,-4.46460720e+02,1.30480463e+07,2.49671861e+03,1.18499743e-01,5.59117839e-07,5.99998343e-01,2.81482968e-01
1.99199199e+01,6.56010970e+00,-4.46508818e+02,1.30485392e+07,2.49674253e+03,1.18499763e-01,5.59068445e-07,5.99998444e-01,2.81483015e-01
2.00200200e+01,6.56029961e+00,-4.46556519e+02,1.30490369e+07,2.49676564e+03,1.18499755e-01,5.59017406e-07,5.99998403e-01,2.81482996e-01
2.01201201e+01,6.56048469e+00,-4.46605291e+02,1.30495024e+07,2.49678543e+03,1.18499701e-01,5.58964584e-07,5.99998127e-01,2.81482867e-01
2.02202202e+01,6.56068076e+00,-4.46653417e+02,1.30499800e+07,2.49680425e+03,1.18499603e-01,5.58909949e-07,5.99997631e-01,2.81482635e-01
2.03203203e+01,6.56092310e+00,-4.46709820e+02,1.30504832e+07,2.49681564e+03,1.18499254e-01,5.58852476e-07,5.99995866e-01,2.81481806e-01
2.04204204e+01,6.56128469e+00,-4.46796236e+02,1.30512913e+07,2.49684086e+03,1.18498864e-01,5.58793105e-07,5.99993890e-01,2.81480880e-01
2.05205205e+01,6.56173427e+00,-4.46922492e+02,1.30523931e+07,2.49688581e+03,1.18498615e-01,5.58732651e-07,5.99992629e-01,2.81480288e-01
2.06206206e+01,6.56222132e+00,-4.46998436e+02,1.30540001e+07,2.49699103e+03,1.18499414e-01,5.58675363e-07,5.99996678e-01,2.81482188e-01
2.07207207e+01,6.56243634e+00,-4.47127675e+02,1.30536361e+07,2.49688817e+03,1.18497108e-01,5.58601630e-07,5.99985002e-01,2.81476710e-01
2.08208208e+01,6.56283111e+00,-4.47145435e+02,1.30558678e+07,2.49710319e+03,1.18500034e-01,5.58550742e-07,5.99999814e-01,2.81483659e-01
2.09209209e+01,6.56284233e+00,-4.47248067e+02,1.30550117e+07,2.49698219e+03,1.18497802e-01,5.58473722e-07,5.99988517e-01,2.81478359e-01
2.10210210e+01,6.56287886e+00,-4.47229897e+02,1.30566405e+07,2.49719830e+03,1.18501671e-01,5.58423611e-07,6.00008107e-01,2.81487549e-01
2.11211211e+01,6.56267807e+00,-4.47190971e+02,1.30558423e+07,2.49713473e+03,1.18501069e-01,5.58350548e-07,6.00005055e-01,2.81486118e-01
2.12212212e+01,6.56225964e+00,-4.47138999e+02,1.30544113e+07,2.49703443e+03,1.18500395e-01,5.58275231e-07,6.00001644e-01,2.81484518e-01
2.13213213e+01,6.56231367e+00,-4.47040919e+02,1.30548862e+07,2.49708377e+03,1.18501389e-01,5.58205780e-07,6.00006676e-01,2.81486879e-01
2.14214214e+01,6.56217709e+00,-4.47079112e+02,1.30532373e+07,2.49688645e+03,1.18498251e-01,5.58114838e-07,5.99990789e-01,2.81479425e-01
2.15215215e+01,6.56231134e+00,-4.47068208e+02,1.30539905e+07,2.49695711e+03,1.18499311e-01,5.58041640e-07,5.99996158e-01,2.81481944e-01
2.16216216e+01,6.56277430e+00,-4.47141696e+02,1.30546254e+07,2.49693306e+03,1.18497856e-01,5.57954657e-07,5.99988788e-01,2.81478487e-01
2.17217217e+01,6.56295654e+00,-4.47281021e+02,1.30548481e+07,2.49691976e+03,1.18497218e-01,5.57869838e-07,5.99985560e-01,2.81476973e-01
2.18218218e+01,6.56325830e+00,-4.47264920e+02,1.30569425e+07,2.49713677e+03,1.18500481e-01,5.57802116e-07,6.00002080e-01,2.81484723e-01
2.19219219e+01,6.56330168e+00,-4.47348665e+02,1.30559330e+07,2.49698521e+03,1.18497728e-01,5.57705461e-07,5.99988139e-01,2.81478182e-01
2.20220220e+01,6.56347260e+00,-4.47400244e+02,1.30571387e+07,2.49711038e+03,1.18499645e-01,5.57631039e-07,5.99997846e-01,2.81482737e-01
2.21221221e+01,6.56386766e+00,-4.47456466e+02,1.30580498e+07,2.49714202e+03,1.18499279e-01,5.57547162e-07,5.99995996e-01,2.81481869e-01
2.22222222e+01,6.56421124e+00,-4.47563070e+02,1.30587895e+07,2.49716137e+03,1.18498871e-01,5.57465512e-07,5.99993926e-01,2.81480898e-01
2.23223223e+01,6.56456542e+00,-4.47673671e+02,1.30597288e+07,2.49720540e+03,1.18498912e-01,5.57389517e-07,5.99994133e-01,2.81480995e-01
2.24224224e+01,6.56508124e+00,-4.47753986e+02,1.30612125e+07,2.49728684e+03,1.18499198e-01,5.57319152e-07,5.99995583e-01,2.81481675e-01
2.25225225e+01,6.56538072e+00,-4.47896442e+02,1.30612582e+07,2.49722129e+03,1.18497318e-01,5.57243689e-07,5.99986062e-01,2.81477209e-01
2.26226226e+01,6.56574197e+00,-4.47918983e+02,1.30634829e+07,2.49744189e+03,1.18500512e-01,5.57197371e-07,6.00002237e-01,2.81484797e-01
2.27227227e+01,6.56561955e+00,-4.48013420e+02,1.30625946e+07,2.49734812e+03,1.18499112e-01,5.57134455e-07,5.99995151e-01,2.81481473e-01
2.28228228e+01,6.56536165e+00,-4.47948524e+02,1.30638005e+07,2.49757611e+03,1.18503888e-01,5.57104890e-07,6.00019333e-01,2.81492818e-01
2.29229229e+01,6.56474111e+00,-4.47739851e+02,1.30620143e+07,2.49747449e+03,1.18503707e-01,5.57055348e-07,6.00018417e-01,2.81492388e-01
2.30230230e+01,6.56394335e+00,-4.47684664e+02,1.30582229e+07,2.49713812e+03,1.18499669e-01,5.56989893e-07,5.99997968e-01,2.81482795e-01
2.31231231e+01,6.56411312e+00,-4.47495228e+02,1.30603991e+07,2.49739565e+03,1.18504131e-01,5.56965536e-07,6.00020560e-01,2.81493394e-01
2.32232232e+01,6.56381358e+00,-4.47567420e+02,1.30568062e+07,2.49696773e+03,1.18497240e-01,5.56888084e-07,5.99985672e-01,2.81477026e-01
2.33233233e+01,6.56388317e+00,-4.47508022e+02,1.30583921e+07,2.49717015e+03,1.18500771e-01,5.56859244e-07,6.00003550e-01,2.81485414e-01
2.34234234e+01,6.56436749e+00,-4.47592045e+02,1.30579296e+07,2.49699011e+03,1.18496375e-01,5.56792427e-07,5.99981289e-01,2.81474970e-01
2.35235235e+01,6.56500572e+00,-4.47825869e+02,1.30599616e+07,2.49711951e+03,1.18497151e-01,5.56749084e-07,5.99985221e-01,2.81476815e-01
2.36236236e+01,6.56575301e+00,-4.47964381e+02,1.30632792e+07,2.49740166e+03,1.18500373e-01,5.56716446e-07,6.00001533e-01,2.81484468e-01
2.37237237e+01,6.56640463e+00,-4.48141399e+02,1.30635215e+07,2.49728124e+03,1.18496526e-01,5.56649977e-07,5.99982054e-01,2.81475329e-01
2.38238238e+01,6.56755291e+00,-4.48436650e+02,1.30656058e+07,2.49729494e+03,1.18494060e-01,5.56589562e-07,5.99969571e-01,2.81469473e-01
2.39239239e+01,6.56927452e+00,-4.48713057e+02,1.30718023e+07,2.49774249e+03,1.18497952e-01,5.56558731e-07,5.99989274e-01,2.81478716e-01
2.40240240e+01,6.56946455e+00,-4.49140632e+02,1.30703763e+07,2.49750559e+03,1.18492836e-01,5.56485454e-07,5.99963372e-01,2.81466565e-01
2.41241241e+01,6.57007716e+00,-4.49042283e+02,1.30774815e+07,2.49834184e+03,1.18506516e-01,5.56500351e-07,6.00032637e-01,2.81499060e-01
2.42242242e+01,6.56896641e+00,-4.49036016e+02,1.30742756e+07,2.49816407e+03,1.18505930e-01,5.56448134e-07,6.00029671e-01,2.81497668e-01
2.43243243e+01,6.56569388e+00,-4.48416599e+02,1.30674594e+07,2.49799349e+03,1.18511276e-01,5.56423568e-07,6.00056737e-01,2.81510366e-01
2.44244244e+01,6.56461723e+00,-4.47482816e+02,1.30646202e+07,2.49784692e+03,1.18511913e-01,5.56376488e-07,6.00059963e-01,2.81511880e-01
2.45245245e+01,6.56325768e+00,-4.47664922e+02,1.30504003e+07,2.49620317e+03,1.18485415e-01,5.56201404e-07,5.99925798e-01,2.81448938e-01
2.46246246e+01,6.56582499e+00,-4.47785120e+02,1.30582652e+07,2.49667797e+03,1.18487927e-01,5.56161595e-07,5.99938516e-01,2.81454904e-01
2.47247247e+01,6.57119237e+00,-4.48783806e+02,1.30718441e+07,2.49728808e+03,1.18485302e-01,5.56096451e-07,5.99925227e-01,2.81448670e-01
2.48248248e+01,6.57115606e+00,-4.50184392e+02,1.30733253e+07,2.49750849e+03,1.18488926e-01,5.56059201e-07,5.99943572e-01,2.81457276e-01
2.49249249e+01,6.57137375e+00,-4.49702825e+02,1.30939686e+07,2.50030649e+03,1.18539291e-01,5.56239616e-07,6.00198589e-01,2.81576915e-01
2.50250250e+01,6.56268896e+00,-4.48041388e+02,1.30753539e+07,2.49978238e+03,1.18552270e-01,5.56242773e-07,6.00264305e-01,2.81607745e-01
2.51251251e+01,6.54705627e+00,-4.44575071e+02,1.30271651e+07,2.49679003e+03,1.18539275e-01,5.56122223e-07,6.00198507e-01,2.81576877e-01
2.52252252e+01,6.54201712e+00,-4.41989104e+02,1.30047045e+07,2.49485559e+03,1.18517872e-01,5.55960195e-07,6.00090136e-01,2.81526036e-01
2.53253253e+01,6.54210202e+00,-4.41235652e+02,1.29882698e+07,2.49255114e+03,1.18475993e-01,5.55700065e-07,5.99878093e-01,2.81426558e-01
2.54254254e+01,6.54929354e+00,-4.42886343e+02,1.29850902e+07,2.49041447e+03,1.18418439e-01,5.55364352e-07,5.99586677e-01,2.81289843e-01
2.55255255e+01,6.57314657e+00,-4.49415899e+02,1.30423355e+07,2.49273325e+03,1.18398634e-01,5.55203624e-07,5.99486400e-01,2.81242799e-01
2.56256256e+01,6.60636621e+00,-4.56960553e+02,1.31383126e+07,2.49819944e+03,1.18410520e-01,5.55189614e-07,5.99546581e-01,2.81271033e-01
2.57257257e+01,6.62559664e+00,-4.63056819e+02,1.32020744e+07,2.50247025e+03,1.18437357e-01,5.55244506e-07,5.99682464e-01,2.81334781e-01
2.58258258e+01,6.63871661e+00,-4.64375305e+02,1.32698747e+07,2.50868445e+03,1.18516032e-01,5.55541913e-07,6.00080818e-01,2.81521664e-01
2.59259259e+01,6.63814711e+00,-4.66160569e+02,1.32521758e+07,2.50637957e+03,1.18476965e-01,5.55287909e-07,5.99883015e-01,2.81428867e-01
2.60260260e+01,6.63783680e+00,-4.66013409e+02,1.32681316e+07,2.50862586e+03,1.18518938e-01,5.55415291e-07,6.00095536e-01,2.81528570e-01
2.61261261e+01,6.63480895e+00,-4.66238820e+02,1.32427625e+07,2.50584567e+03,1.18477613e-01,5.55154940e-07,5.99886293e-01,2.81430405e-01
2.62262262e+01,6.63061659e+00,-4.65470083e+02,1.32494088e+07,2.50774980e+03,1.18521960e-01,5.55299764e-07,6.00110837e-01,2.81535748e-01
2.63263263e+01,6.62111525e+00,-4.63091926e+02,1.32379748e+07,2.50843773e+03,1.18557089e-01,5.55406081e-07,6.00288703e-01,2.81619192e-01
2.64264264e+01,6.60945878e+00,-4.61039846e+02,1.31961416e+07,2.50547443e+03,1.18530889e-01,5.55230922e-07,6.00156044e-01,2.81556956e-01
2.65265265e+01,6.61498706e+00,-4.59339206e+02,1.31902622e+07,2.50336028e+03,1.18479039e-01,5.54941806e-07,5.99893512e-01,2.81433792e-01
2.66266266e+01,6.62606867e+00,-4.62700551e+02,1.31894588e+07,2.50065017e+03,1.18401867e-01,5.54540864e-07,5.99502772e-01,2.81250481e-01
2.67267267e+01,6.64993955e+00,-4.68868856e+02,1.32549328e+07,2.50402418e+03,1.18402742e-01,5.54512380e-07,5.99507200e-01,2.81252558e-01
2.68268268e+01,6.69760987e+00,-4.78362748e+02,1.34079435e+07,2.51376227e+03,1.18456410e-01,5.54737906e-07,5.99778938e-01,2.81380041e-01
2.69269269e+01,6.73306142e+00,-4.88098317e+02,1.34826931e+07,2.51560164e+03,1.18402985e-01,5.54468433e-07,5.99508432e-01,2.81253136e-01
2.70270270e+01,6.75461377e+00,-4.95184716e+02,1.35674334e+07,2.52197861e+03,1.18466682e-01,5.54753298e-07,5.99830945e-01,2.81404440e-01
2.71271271e+01,6.76142463e+00,-5.00247546e+02,1.36027889e+07,2.52525245e+03,1.18501922e-01,5.54909803e-07,6.00009375e-01,2.81488148e-01
2.72272272e+01,6.78016199e+00,-5.00523676e+02,1.36655076e+07,2.52934988e+03,1.18526985e-01,5.55022322e-07,6.00136278e-01,2.81547684e-01
2.73273273e+01,6.79501462e+00,-5.00694550e+02,1.36809203e+07,2.52800953e+03,1.18464072e-01,5.54725147e-07,5.99817732e-01,2.81398241e-01
2.74274274e+01,6.79918629e+00,-5.03968016e+02,1.36846567e+07,2.52750868e+03,1.18447189e-01,5.54644287e-07,5.99732248e-01,2.81358137e-01
2.75275275e+01,6.78773382e+00,-5.07607767e+02,1.36506210e+07,2.52557560e+03,1.18442531e-01,5.54619931e-07,5.99708666e-01,2.81347074e-01
2.76276276e+01,6.78123220e+00,-5.05439356e+02,1.36931814e+07,2.53285112e+03,1.18584118e-01,5.55278165e-07,6.00425561e-01,2.81683398e-01
2.77277277e+01,6.77025692e+00,-4.99156090e+02,1.36761820e+07,2.53316387e+03,1.18614255e-01,5.55410978e-07,6.00578150e-01,2.81754983e-01
2.78278278e+01,6.74074327e+00,-4.91361589e+02,1.35593350e+07,2.52430489e+03,1.18530261e-01,5.55004751e-07,6.00152866e-01,2.81555466e-01
2.79279279e+01,6.70282695e+00,-4.86517130e+02,1.34417989e+07,2.51715978e+03,1.18502919e-01,5.54858310e-07,6.00014428e-01,2.81490519e-01
2.80280280e+01,6.67711523e+00,-4.77280952e+02,1.34019267e+07,2.51770708e+03,1.18580591e-01,5.55197427e-07,6.00407704e-01,2.81675020e-01
2.81281281e+01,6.65482335e+00,-4.69177474e+02,1.33017033e+07,2.50922236e+03,1.18487360e-01,5.54729800e-07,5.99935645e-01,2.81453559e-01
2.82282282e+01,6.62384173e+00,-4.61035450e+02,1.32252113e+07,2.50597724e+03,1.18510272e-01,5.54799338e-07,6.00051657e-01,2.81507985e-01
2.83283283e+01,6.58421283e+00,-4.51147823e+02,1.31184544e+07,2.50060612e+03,1.18515176e-01,5.54778150e-07,6.00076485e-01,2.81519632e-01
2.84284284e+01,6.54669912e+00,-4.41714843e+02,1.30250547e+07,2.49654703e+03,1.18538075e-01,5.54835159e-07,6.00192430e-01,2.81574027e-01
2.85285285e+01,6.50908274e+00,-4.33590927e+02,1.29237176e+07,2.49139550e+03,1.18540141e-01,5.54789281e-07,6.00202891e-01,2.81578935e-01
2.86286286e+01,6.46857469e+00,-4.27340669e+02,1.28046038e+07,2.48436032e+03,1.18517753e-01,5.54624446e-07,6.00089536e-01,2.81525755e-01
2.87287287e+01,6.43129628e+00,-4.19397554e+02,1.27087937e+07,2.47972847e+03,1.18533779e-01,5.54635835e-07,6.00170680e-01,2.81563823e-01
2.88288288e+01,6.39838348e+00,-4.08074409e+02,1.26373054e+07,2.47746191e+03,1.18581701e-01,5.54793920e-07,6.00413321e-01,2.81677656e-01
2.89289289e+01,6.35780931e+00,-3.95131065e+02,1.25247771e+07,2.47115895e+03,1.18577495e-01,5.54706783e-07,6.00392026e-01,2.81667666e-01
2.90290290e+01,6.30401877e+00,-3.82459210e+02,1.23592058e+07,2.46039284e+03,1.18524753e-01,5.54392575e-07,6.00124979e-01,2.81542384e-01
2.91291291e+01,6.26078487e+00,-3.70664820e+02,1.22695302e+07,2.45798052e+03,1.18593575e-01,5.54647804e-07,6.00473446e-01,2.81705863e-01
2.92292292e+01,6.21866330e+00,-3.64966131e+02,1.20993832e+07,2.44338800e+03,1.18444309e-01,5.53884957e-07,5.99717665e-01,2.81351297e-01
2.93293293e+01,6.19998020e+00,-3.53260468e+02,1.20927188e+07,2.44679849e+03,1.18570293e-01,5.54411858e-07,6.00355559e-01,2.81650558e-01
2.94294294e+01,6.18071850e+00,-3.45836669e+02,1.19950297e+07,2.43715764e+03,1.18445670e-01,5.53770191e-07,5.99724556e-01,2.81354530e-01
2.95295295e+01,6.15135005e+00,-3.40533637e+02,1.19423910e+07,2.43666722e+03,1.18512748e-01,5.54028912e-07,6.00064196e-01,2.81513868e-01
2.96296296e+01,6.12202739e+00,-3.33687578e+02,1.18713640e+07,2.43339258e+03,1.18531456e-01,5.54065994e-07,6.00158918e-01,2.81558306e-01
2.97297297e+01,6.09733727e+00,-3.26415109e+02,1.18172265e+07,2.43145742e+03,1.18562983e-01,5.54167897e-07,6.00318550e-01,2.81633196e-01
2.98298298e+01,6.07481038e+00,-3.19599252e+02,1.17528716e+07,2.42744783e+03,1.18550067e-01,5.54067235e-07,6.00253152e-01,2.81602515e-01
2.99299299e+01,6.05761581e+00,-3.13233261e+02,1.16898642e+07,2.42227135e+03,1.18501921e-01,5.53807264e-07,6.00009375e-01,2.81488150e-01
3.00300300e+01,6.03281234e+00,-3.08736517e+02,1.16164907e+07,2.41740302e+03,1.18480401e-01,5.53677051e-07,5.99900414e-01,2.81437032e-01
3.01301301e+01,6.01057351e+00,-3.02604501e+02,1.15930309e+07,2.41941836e+03,1.18579757e-01,5.54117008e-07,6.00403479e-01,2.81673040e-01
3.02302302e+01,5.99372450e+00,-2.97706524e+02,1.15203746e+07,2.41259754e+03,1.18501921e-01,5.53734022e-07,6.00009375e-01,2.81488150e-01
3.03303303e+01,5.97710388e+00,-2.94033730e+02,1.14981128e+07,2.41330037e+03,1.18567272e-01,5.54024879e-07,6.00340263e-01,2.81643383e-01
3.04304304e+01,5.95873045e+00,-2.92798131e+02,1.14229789e+07,2.40640248e+03,1.18494397e-01,5.53674243e-07,5.99971277e-01,2.81470276e-01
3.05305305e+01,5.94710727e+00,-2.92342966e+02,1.13830198e+07,2.40320979e+03,1.18467843e-01,5.53543898e-07,5.99836827e-01,2.81407201e-01
3.06306306e+01,5.94822093e+00,-2.89320576e+02,1.13962456e+07,2.40496202e+03,1.18496885e-01,5.53676571e-07,5.99983875e-01,2.81476187e-01
3.07307307e+01,5.94715371e+00,-2.88461568e+02,1.13770086e+07,2.40231088e+03,1.18448663e-01,5.53450742e-07,5.99739713e-01,2.81361641e-01
3.08308308e+01,5.95056219e+00,-2.84781608e+02,1.14229208e+07,2.40846633e+03,1.18554771e-01,5.53947695e-07,6.00276966e-01,2.81613687e-01
3.09309309e+01,5.95711165e+00,-2.82022626e+02,1.14121778e+07,2.40516266e+03,1.18475564e-01,5.53579479e-07,5.99875919e-01,2.81425540e-01
3.10310310e+01,5.95260163e+00,-2.81365343e+02,1.13995717e+07,2.40434655e+03,1.18474558e-01,5.53576282e-07,5.99870827e-01,2.81423152e-01
3.11311311e+01,5.94303718e+00,-2.80966873e+02,1.13662794e+07,2.40162293e+03,1.18452848e-01,5.53474796e-07,5.99760902e-01,2.81371581e-01
3.12312312e+01,5.93600479e+00,-2.80160530e+02,1.13574587e+07,2.40202259e+03,1.18481429e-01,5.53605516e-07,5.99905614e-01,2.81439471e-01
3.13313313e+01,5.93460348e+00,-2.78610514e+02,1.13608305e+07,2.40286878e+03,1.18502842e-01,5.53698690e-07,6.00014037e-01,2.81490337e-01
3.14314314e+01,5.92894981e+00,-2.79604671e+02,1.13275560e+07,2.39919509e+03,1.18449526e-01,5.53437389e-07,5.99744082e-01,2.81363690e-01
3.15315315e+01,5.92505866e+00,-2.80326146e+02,1.13291177e+07,2.40044769e+03,1.18481798e-01,5.53569495e-07,5.99907483e-01,2.81440348e-01
3.16316316e+01,5.92532043e+00,-2.80144368e+02,1.13297595e+07,2.40051402e+03,1.18480001e-01,5.53534843e-07,5.99898386e-01,2.81436081e-01
3.17317317e+01,5.92273355e+00,-2.81920055e+02,1.13143007e+07,2.39882247e+03,1.18453490e-01,5.53376328e-07,5.99764153e-01,2.81373107e-01
3.18318318e+01,5.91537383e+00,-2.84135909e+02,1.13019056e+07,2.39878089e+03,1.18472989e-01,5.53423837e-07,5.99862884e-01,2.81419425e-01
3.19319319e+01,5.91641447e+00,-2.82510191e+02,1.13288487e+07,2.40265416e+03,1.18543125e-01,5.53698640e-07,6.00218002e-01,2.81586025e-01
3.20320320e+01,5.92655612e+00,-2.79266444e+02,1.13611077e+07,2.40503521e+03,1.18559752e-01,5.53714317e-07,6.00302188e-01,2.81625520e-01
3.21321321e+01,5.93287317e+00,-2.77530640e+02,1.13676039e+07,2.40442900e+03,1.18531111e-01,5.53510089e-07,6.00157172e-01,2.81557487e-01
3.22322322e+01,5.93341752e+00,-2.78108971e+02,1.13583664e+07,2.40286101e+03,1.18501203e-01,5.53292604e-07,6.00005740e-01,2.81486445e-01
3.23323323e+01,5.92784181e+00,-2.79760973e+02,1.13333408e+07,2.40040977e+03,1.18472187e-01,5.53073590e-07,5.99858820e-01,2.81417519e-01
3.24324324e+01,5.92003521e+00,-2.81965725e+02,1.13133541e+07,2.39929747e+03,1.18474106e-01,5.52995219e-07,5.99868538e-01,2.81422078e-01
3.25325325e+01,5.91786091e+00,-2.82477054e+02,1.13140669e+07,2.39995380e+03,1.18492688e-01,5.52992985e-07,5.99962626e-01,2.81466219e-01
3.26326326e+01,5.91891691e+00,-2.81943971e+02,1.13221488e+07,2.40092970e+03,1.18507986e-01,5.52976166e-07,6.00040084e-01,2.81502557e-01
3.27327327e+01,5.92280584e+00,-2.81068847e+02,1.13327950e+07,2.40158378e+03,1.18509248e-01,5.52897159e-07,6.00046473e-01,2.81505555e-01
3.28328328e+01,5.92479714e+00,-2.80815185e+02,1.13335216e+07,2.40119091e+03,1.18496397e-01,5.52758254e-07,5.99981404e-01,2.81475029e-01
3.29329329e+01,5.92557197e+00,-2.80884827e+02,1.13348303e+07,2.40119253e+03,1.18494504e-01,5.52678914e-07,5.99971821e-01,2.81470533e-01
3.30330330e+01,5.92623421e+00,-2.80322820e+02,1.13414409e+07,2.40203596e+03,1.18508736e-01,5.52685480e-07,6.00043879e-01,2.81504338e-01
3.31331331e+01,5.92827547e+00,-2.79082295e+02,1.13508881e+07,2.40296999e+03,1.18520525e-01,5.52693343e-07,6.00103571e-01,2.81532342e-01
3.32332332e+01,5.92690341e+00,-2.78911116e+02,1.13361311e+07,2.40104967e+03,1.18488530e-01,5.52511428e-07,5.99941572e-01,2.81456342e-01
3.33333333e+01,5.92259878e+00,-2.80621882e+02,1.13167537e+07,2.39915701e+03,1.18465346e-01,5.52386282e-07,5.99824182e-01,2.81401270e-01
3.34334334e+01,5.92348229e+00,-2.81255793e+02,1.13238255e+07,2.40001524e+03,1.18479311e-01,5.52450904e-07,5.99894894e-01,2.81434443e-01
3.35335335e+01,5.93335251e+00,-2.82849804e+02,1.13524448e+07,2.40193499e+03,1.18486384e-01,5.52500486e-07,5.99930704e-01,2.81451243e-01
3.36336336e+01,5.94352518e+00,-2.83135932e+02,1.13853361e+07,2.40443484e+03,1.18502955e-01,5.52611641e-07,6.00014609e-01,2.81490607e-01
3.37337337e+01,5.94570456e+00,-2.83800852e+02,1.13950893e+07,2.40537213e+03,1.18514797e-01,5.52717708e-07,6.00074570e-01,2.81518736e-01
3.38338338e+01,5.94018021e+00,-2.84507854e+02,1.13782619e+07,2.40419568e+03,1.18507801e-01,5.52752072e-07,6.00039146e-01,2.81502117e-01
3.39339339e+01,5.92838531e+00,-2.82224116e+02,1.13736958e+07,2.40647644e+03,1.18583432e-01,5.53186762e-07,6.00422089e-01,2.81681771e-01
3.40340340e+01,5.91134227e+00,-2.76785546e+02,1.13125878e+07,2.40139895e+03,1.18536470e-01,5.53062754e-07,6.00184303e-01,2.81570216e-01
3.41341341e+01,5.90095185e+00,-2.71285762e+02,1.12886232e+07,2.40033267e+03,1.18546276e-01,5.53215019e-07,6.00233955e-01,2.81593510e-01
3.42342342e+01,5.88308398e+00,-2.67707731e+02,1.12223488e+07,2.39462160e+03,1.18490154e-01,5.53068554e-07,5.99949795e-01,2.81460199e-01
3.43343343e+01,5.85651965e+00,-2.63478256e+02,1.11838548e+07,2.39538987e+03,1.18581285e-01,5.53615798e-07,6.00411215e-01,2.81676669e-01
3.44344344e+01,5.82085078e+00,-2.55192091e+02,1.10905761e+07,2.38993251e+03,1.18583004e-01,5.53748973e-07,6.00419921e-01,2.81680754e-01
3.45345345e+01,5.79420636e+00,-2.46535431e+02,1.10170716e+07,2.38522162e+03,1.18572485e-01,5.53825411e-07,6.00366660e-01,2.81655767e-01
3.46346346e+01,5.77286403e+00,-2.39318942e+02,1.09557052e+07,2.38102934e+03,1.18556319e-01,5.53872839e-07,6.00284805e-01,2.81617365e-01
3.47347347e+01,5.75770584e+00,-2.32194162e+02,1.09251286e+07,2.38005170e+03,1.18585377e-01,5.54125563e-07,6.00431936e-01,2.81686390e-01
3.48348348e+01,5.73286617e+00,-2.27608199e+02,1.08292284e+07,2.37122819e+03,1.18493031e-01,5.53801167e-07,5.99964360e-01,2.81467031e-01
3.49349349e+01,5.69575912e+00,-2.21917602e+02,1.07574213e+07,2.36933969e+03,1.18568597e-01,5.54247810e-07,6.00346971e-01,2.81646529e-01
3.50350350e+01,5.65449534e+00,-2.11368195e+02,1.06501459e+07,2.36282859e+03,1.18568666e-01,5.54324064e-07,6.00347324e-01,2.81646695e-01
3.51351351e+01,5.62910074e+00,-1.99188018e+02,1.05628099e+07,2.35535025e+03,1.18501921e-01,5.54066538e-07,6.00009375e-01,2.81488149e-01
3.52352352e+01,5.60260941e+00,-1.88956251e+02,1.04985258e+07,2.35183592e+03,1.18514476e-01,5.54154200e-07,6.00072942e-01,2.81517971e-01
3.53353353e+01,5.57464589e+00,-1.80072878e+02,1.04357778e+07,2.34894465e+03,1.18542805e-01,5.54285523e-07,6.00216383e-01,2.81585265e-01
3.54354354e+01,5.54671713e+00,-1.72457451e+02,1.03534743e+07,2.34277619e+03,1.18511292e-01,5.54102332e-07,6.00056824e-01,2.81510409e-01
3.55355355e+01,5.51983497e+00,-1.63207300e+02,1.02806202e+07,2.33780497e+03,1.18501921e-01,5.53983216e-07,6.00009375e-01,2.81488150e-01
3.56356356e+01,5.49292687e+00,-1.52527660e+02,1.02064265e+07,2.33259942e+03,1.18486857e-01,5.53792539e-07,5.99933099e-01,2.81452365e-01
3.57357357e+01,5.46055222e+00,-1.41815233e+02,1.01159896e+07,2.32610256e+03,1.18463183e-01,5.53511874e-07,5.99813232e-01,2.81396131e-01
3.58358358e+01,5.41883322e+00,-1.33153965e+02,1.00140514e+07,2.32010655e+03,1.18477682e-01,5.53354126e-07,5.99886644e-01,2.81430572e-01
3.59359359e+01,5.37411969e+00,-1.26590192e+02,9.91215579e+06,2.31485397e+03,1.18516176e-01,5.53247653e-07,6.00081553e-01,2.81522012e-01
3.60360360e+01,5.33581641e+00,-1.19645870e+02,9.80929380e+06,2.30763918e+03,1.18497559e-01,5.52807312e-07,5.99987289e-01,2.81477789e-01
3.61361361e+01,5.30489821e+00,-1.10095208e+02,9.76481653e+06,2.30834337e+03,1.18611573e-01,5.52911957e-07,6.00564576e-01,2.81748618e-01
3.62362362e+01,5.27902875e+00,-9.94749914e+01,9.66023863e+06,2.29733824e+03,1.18481169e-01,5.51794513e-07,5.99904303e-01,2.81438858e-01
3.63363363e+01,5.25334269e+00,-8.91155071e+01,9.60064526e+06,2.29395211e+03,1.18500666e-01,5.51286646e-07,6.00003019e-01,2.81485171e-01
3.64364364e+01,5.22407772e+00,-7.78753793e+01,9.52144295e+06,2.28809556e+03,1.18483923e-01,5.50512278e-07,5.99918249e-01,2.81445402e-01
3.65365365e+01,5.19403165e+00,-6.60114746e+01,9.45922677e+06,2.28538908e+03,1.18530835e-01,5.49927975e-07,6.00155773e-01,2.81556835e-01
3.66366366e+01,5.16538866e+00,-5.44668648e+01,9.37979979e+06,2.27925768e+03,1.18505248e-01,5.48892240e-07,6.00026220e-01,2.81496058e-01
3.67367367e+01,5.13391438e+00,-4.39242774e+01,9.30234071e+06,2.27418766e+03,1.18510755e-01,5.47879311e-07,6.00054107e-01,2.81509142e-01
3.68368368e+01,5.09924066e+00,-3.47800207e+01,9.21090564e+06,2.26746020e+03,1.18494337e-01,5.46635734e-07,5.99970977e-01,2.81470144e-01
3.69369369e+01,5.06138272e+00,-2.72094458e+01,9.11797983e+06,2.26127195e+03,1.18499658e-01,5.45359531e-07,5.99997920e-01,2.81482785e-01
3.70370370e+01,5.02477090e+00,-1.93421201e+01,9.02521291e+06,2.25468903e+03,1.18493624e-01,5.43892216e-07,5.99967370e-01,2.81468455e-01
3.71371371e+01,4.99128205e+00,-1.00210636e+01,8.94771811e+06,2.24993448e+03,1.18514299e-01,5.42407181e-07,6.00072054e-01,2.81517568e-01
3.72372372e+01,4.96008905e+00,6.75424016e-01,8.87267150e+06,2.24492857e+03,1.18523057e-01,5.40723086e-07,6.00116399e-01,2.81538374e-01
3.73373373e+01,4.93050706e+00,1.18291201e+01,8.79923149e+06,2.23970326e+03,1.18523132e-01,5.38852482e-07,6.00116778e-01,2.81538554e-01
3.74374374e+01,4.90130970e+00,2.29100808e+01,8.72723430e+06,2.23457530e+03,1.18524993e-01,5.36863023e-07,6.00126202e-01,2.81542977e-01
3.75375375e+01,4.87077718e+00,3.31886645e+01,8.64526502e+06,2.22792042e+03,1.18500672e-01,5.34639266e-07,6.00003063e-01,2.81485210e-01
3.76376376e+01,4.83885307e+00,4.24425002e+01,8.56655018e+06,2.22220988e+03,1.18500148e-01,5.32436449e-07,6.00000411e-01,2.81483968e-01
3.77377377e+01,4.80763975e+00,5.26845175e+01,8.49500544e+06,2.21758234e+03,1.18520214e-01,5.30271546e-07,6.00102014e-01,2.81531637e-01
3.78378378e+01,4.77947720e+00,6.36441046e+01,8.42706222e+06,2.21270681e+03,1.18525657e-01,5.28015003e-07,6.00129574e-01,2.81544569e-01
3.79379379e+01,4.74995464e+00,7.40530255e+01,8.35503580e+06,2.20739827e+03,1.18527355e-01,5.25748441e-07,6.00138169e-01,2.81548604e-01
3.80380380e+01,4.71950629e+00,8.37854842e+01,8.28359163e+06,2.20242467e+03,1.18539062e-01,5.23583360e-07,6.00197446e-01,2.81576416e-01
3.81381381e+01,4.69008251e+00,9.34127561e+01,8.21463116e+06,2.19758032e+03,1.18550465e-01,5.21522158e-07,6.00255188e-01,2.81603507e-01
3.82382382e+01,4.65969875e+00,1.02383584e+02,8.13387452e+06,2.19066581e+03,1.18523354e-01,5.19441077e-07,6.00117919e-01,2.81539111e-01
3.83383383e+01,4.62876391e+00,1.10932458e+02,8.05929259e+06,2.18505648e+03,1.18524917e-01,5.17686312e-07,6.00125832e-01,2.81542825e-01
3.84384384e+01,4.59806839e+00,1.19678001e+02,7.97872203e+06,2.17812842e+03,1.18499048e-01,5.16048906e-07,5.99994850e-01,2.81481378e-01
3.85385385e+01,4.56622354e+00,1.29470221e+02,7.91164591e+06,2.17415125e+03,1.18538753e-01,5.14966292e-07,6.00195887e-01,2.81575694e-01
3.86386386e+01,4.53547765e+00,1.40207717e+02,7.82658736e+06,2.16620688e+03,1.18492240e-01,5.13801754e-07,5.99960380e-01,2.81465209e-01
3.87387387e+01,4.50869103e+00,1.51287057e+02,7.76631990e+06,2.16198443e+03,1.18509365e-01,5.13215535e-07,6.00047091e-01,2.81505890e-01
3.88388388e+01,4.48268879e+00,1.62405630e+02,7.70134353e+06,2.15654029e+03,1.18497930e-01,5.12809010e-07,5.99989191e-01,2.81478727e-01
3.89389389e+01,4.45420846e+00,1.73120067e+02,7.63327654e+06,2.15116132e+03,1.18497151e-01,5.12745607e-07,5.99985250e-01,2.81476878e-01
3.90390390e+01,4.42368727e+00,1.83276244e+02,7.55907760e+06,2.14508725e+03,1.18489497e-01,5.12934555e-07,5.99946495e-01,2.81458696e-01
3.91391391e+01,4.39427759e+00,1.93037683e+02,7.48941180e+06,2.13955456e+03,1.18488797e-01,5.13417043e-07,5.99942947e-01,2.81457031e-01
3.92392392e+01,4.36698443e+00,2.03861329e+02,7.43142764e+06,2.13575026e+03,1.18516980e-01,5.14269304e-07,6.00085646e-01,2.81523976e-01
3.93393393e+01,4.34148403e+00,2.14902957e+02,7.37128567e+06,2.13091274e+03,1.18516769e-01,5.15229961e-07,6.00084579e-01,2.81523474e-01
3.94394394e+01,4.31182946e+00,2.25727585e+02,7.30186442e+06,2.12534154e+03,1.18517885e-01,5.16430232e-07,6.00090227e-01,2.81526123e-01
3.95395395e+01,4.27911172e+00,2.36247153e+02,7.22627332e+06,2.11934458e+03,1.18522177e-01,5.17900485e-07,6.00111959e-01,2.81536316e-01
3.96396396e+01,4.24867539e+00,2.45987673e+02,7.15056875e+06,2.11256264e+03,1.18499871e-01,5.19550759e-07,5.99999013e-01,2.81483327e-01
3.97397397e+01,4.22286437e+00,2.56219601e+02,7.09650717e+06,2.10892434e+03,1.18526907e-01,5.21782682e-07,6.00135904e-01,2.81547546e-01
3.98398398e+01,4.19830645e+00,2.66282970e+02,7.03941754e+06,2.10421815e+03,1.18525628e-01,5.24356214e-07,6.00129425e-01,2.81544503e-01
3.99399399e+01,4.17158910e+00,2.75532308e+02,6.97595586e+06,2.09876058e+03,1.18516751e-01,5.27490741e-07,6.00084481e-01,2.81523415e-01
4.00400400e+01,4.14209516e+00,2.84518259e+02,6.90808761e+06,2.09314378e+03,1.18516588e-01,5.31397026e-07,6.00083653e-01,2.81523022e-01
4.01401401e+01,4.10960522e+00,2.94219379e+02,6.83617830e+06,2.08751026e+03,1.18529131e-01,5.36234074e-07,6.00147156e-01,2.81552808e-01
4.02402402e+01,4.07685483e+00,3.04118534e+02,6.76243601e+06,2.08149171e+03,1.18534201e-01,5.42045965e-07,6.00172826e-01,2.81564844e-01
4.03403403e+01,4.04591801e+00,3.14203592e+02,6.69197417e+06,2.07556055e+03,1.18533802e-01,5.48966075e-07,6.00170800e-01,2.81563886e-01
4.04404404e+01,4.01828773e+00,3.24421037e+02,6.62541489e+06,2.06936181e+03,1.18515749e-01,5.57032431e-07,6.00079388e-01,2.81520992e-01
4.05405405e+01,3.99622639e+00,3.35310551e+02,6.57898977e+06,2.06588984e+03,1.18533857e-01,5.66566742e-07,6.00171069e-01,2.81563992e-01
4.06406406e+01,3.97507236e+00,3.45299089e+02,6.52978169e+06,2.06146507e+03,1.18527220e-01,5.77325406e-07,6.00137454e-01,2.81548210e-01
4.07407407e+01,3.95032903e+00,3.54997021e+02,6.47259927e+06,2.05630902e+03,1.18521606e-01,5.89428032e-07,6.00109019e-01,2.81534857e-01
4.08408408e+01,3.91923176e+00,3.66213060e+02,6.40564644e+06,2.05086878e+03,1.18539913e-01,6.02931736e-07,6.00201709e-01,2.81578326e-01
4.09409409e+01,3.88532896e+00,3.78404255e+02,6.32938401e+06,2.04411263e+03,1.18541194e-01,6.17536592e-07,6.00208181e-01,2.81581346e-01
4.10410410e+01,3.85726656e+00,3.89595113e+02,6.25761025e+06,2.03642394e+03,1.18495303e-01,6.32972635e-07,5.99975815e-01,2.81472316e-01
4.11411411e+01,3.83449975e+00,3.99523384e+02,6.20750107e+06,2.03201189e+03,1.18501084e-01,6.49695272e-07,6.00005074e-01,2.81486024e-01
4.12412412e+01,3.81419034e+00,4.10277142e+02,6.16837290e+06,2.02938653e+03,1.18534280e-01,6.67507460e-07,6.00173145e-01,2.81564853e-01
4.13413413e+01,3.79310500e+00,4.21164334e+02,6.12106772e+06,2.02504984e+03,1.18532404e-01,6.85977714e-07,6.00163633e-01,2.81560369e-01
4.14414414e+01,3.76773678e+00,4.32164536e+02,6.05962134e+06,2.01866742e+03,1.18506085e-01,7.05010597e-07,6.00030361e-01,2.81497825e-01
4.15415415e+01,3.73925877e+00,4.42852217e+02,5.99728447e+06,2.01301373e+03,1.18512154e-01,7.24727022e-07,6.00061078e-01,2.81512213e-01
4.16416416e+01,3.70949862e+00,4.52580329e+02,5.93178925e+06,2.00696676e+03,1.18514319e-01,7.44660110e-07,6.00072028e-01,2.81517328e-01
4.17417417e+01,3.68097928e+00,4.62038796e+02,5.86737947e+06,2.00068537e+03,1.18506595e-01,7.64462292e-07,6.00032907e-01,2.81498952e-01
4.18418418e+01,3.65377676e+00,4.71555568e+02,5.80743080e+06,1.99497537e+03,1.18507276e-01,7.83885794e-07,6.00036342e-01,2.81500542e-01
4.19419419e+01,3.62740113e+00,4.81704733e+02,5.74931193e+06,1.98938589e+03,1.18506393e-01,8.02460242e-07,6.00031860e-01,2.81498418e-01
4.20420420e+01,3.60299485e+00,4.93137792e+02,5.69709618e+06,1.98453719e+03,1.18514421e-01,8.19834413e-07,6.00072494e-01,2.81517462e-01
4.21421421e+01,3.58167135e+00,5.05377081e+02,5.65170990e+06,1.98030604e+03,1.18522923e-01,8.35551646e-07,6.00115531e-01,2.81537635e-01
4.22422422e+01,3.56003805e+00,5.16025040e+02,5.60080445e+06,1.97477403e+03,1.18500151e-01,8.49029322e-07,6.00000223e-01,2.81483523e-01
4.23423423e+01,3.53472713e+00,5.24481622e+02,5.54111743e+06,1.96816469e+03,1.18473323e-01,8.60164313e-07,5.99864377e-01,2.81419780e-01
4.24424424e+01,3.50604855e+00,5.33204682e+02,5.48305512e+06,1.96297347e+03,1.18503398e-01,8.69198717e-07,6.00016648e-01,2.81491207e-01
4.25425425e+01,3.47549055e+00,5.42958866e+02,5.41443842e+06,1.95563220e+03,1.18492449e-01,8.75344449e-07,5.99961211e-01,2.81465192e-01
4.26426426e+01,3.44877024e+00,5.52586255e+02,5.35360810e+06,1.94897277e+03,1.18472374e-01,8.78890791e-07,5.99859563e-01,2.81417501e-01
4.27427427e+01,3.42490698e+00,5.62405314e+02,5.30279386e+06,1.94383687e+03,1.18477723e-01,8.80255638e-07,5.99886644e-01,2.81430204e-01
4.28428428e+01,3.40163831e+00,5.73337189e+02,5.25441794e+06,1.93909111e+03,1.18489213e-01,8.79526821e-07,5.99944823e-01,2.81457499e-01
4.29429429e+01,3.37976106e+00,5.85678670e+02,5.20812255e+06,1.93433993e+03,1.18495798e-01,8.76901396e-07,5.99978165e-01,2.81473144e-01
4.30430430e+01,3.36020477e+00,5.98368975e+02,5.16683421e+06,1.93004397e+03,1.18503759e-01,8.72729061e-07,6.00018476e-01,2.81492060e-01
4.31431431e+01,3.33810617e+00,6.10172248e+02,5.11650808e+06,1.92418694e+03,1.18485935e-01,8.67115718e-07,5.99928234e-01,2.81449730e-01
4.32432432e+01,3.31165058e+00,6.21031226e+02,5.06213948e+06,1.91867005e+03,1.18503137e-01,8.60801334e-07,6.00015335e-01,2.81490600e-01
4.33433433e+01,3.28495526e+00,6.30935028e+02,5.00306478e+06,1.91178334e+03,1.18497322e-01,8.53642733e-07,5.99985898e-01,2.81476798e-01
4.34434434e+01,3.26106214e+00,6.39701720e+02,4.95037460e+06,1.90557532e+03,1.18493195e-01,8.46056324e-07,5.99965006e-01,2.81467005e-01
4.35435435e+01,3.23759542e+00,6.48611846e+02,4.90427281e+06,1.90102728e+03,1.18523436e-01,8.38473552e-07,6.00118127e-01,2.81538849e-01
4.36436436e+01,3.21146832e+00,6.59393255e+02,4.85295910e+06,1.89593711e+03,1.18554924e-01,8.30827986e-07,6.00277564e-01,2.81613656e-01
4.37437437e+01,3.18641091e+00,6.70814702e+02,4.79903077e+06,1.88970011e+03,1.18549410e-01,8.22995320e-07,6.00249654e-01,2.81600571e-01
4.38438438e+01,3.16547805e+00,6.82062465e+02,4.75836085e+06,1.88564780e+03,1.18576334e-01,8.15574727e-07,6.00385980e-01,2.81664535e-01
4.39439439e+01,3.14397201e+00,6.93191839e+02,4.71180147e+06,1.88009542e+03,1.18568397e-01,8.08187891e-07,6.00345798e-01,2.81645693e-01
4.40440440e+01,3.12263598e+00,7.04548082e+02,4.65714314e+06,1.87203190e+03,1.18501952e-01,8.00776465e-07,6.00009375e-01,2.81487872e-01
4.41441441e+01,3.10163874e+00,7.13806464e+02,4.61262537e+06,1.86668910e+03,1.18501952e-01,7.94270028e-07,6.00009375e-01,2.81487879e-01
4.42442442e+01,3.07795519e+00,7.24321233e+02,4.56269790e+06,1.86069180e+03,1.18501951e-01,7.88283182e-07,6.00009375e-01,2.81487886e-01
4.43443443e+01,3.05467113e+00,7.35028618e+02,4.51497006e+06,1.85526280e+03,1.18501950e-01,7.82877610e-07,6.00009375e-01,2.81487892e-01
4.44444444e+01,3.03224369e+00,7.46149176e+02,4.46945667e+06,1.85014452e+03,1.18501950e-01,7.78104923e-07,6.00009375e-01,2.81487897e-01
4.45445445e+01,3.01094155e+00,7.57786088e+02,4.42673672e+06,1.84542496e+03,1.18501949e-01,7.74006135e-07,6.00009375e-01,2.81487902e-01
4.46446446e+01,2.99067312e+00,7.69714418e+02,4.38676259e+06,1.84115439e+03,1.18501949e-01,7.70609346e-07,6.00009375e-01,2.81487906e-01
4.47447447e+01,2.96980505e+00,7.81427275e+02,4.34661911e+06,1.83712483e+03,1.18501948e-01,7.67926919e-07,6.00009375e-01,2.81487909e-01
4.48448448e+01,2.94724848e+00,7.92702028e+02,4.30459790e+06,1.83328870e+03,1.18501948e-01,7.65953756e-07,6.00009375e-01,2.81487911e-01
4.49449449e+01,2.92239080e+00,8.03370178e+02,4.25944322e+06,1.82948801e+03,1.18501948e-01,7.64663180e-07,6.00009375e-01,2.81487912e-01
4.50450450e+01,2.89515083e+00,8.13382019e+02,4.21095050e+06,1.82567710e+03,1.18501948e-01,7.64004334e-07,6.00009375e-01,2.81487913e-01
4.51451451e+01,2.86597384e+00,8.22889992e+02,4.16022746e+06,1.82204827e+03,1.18501948e-01,7.63901324e-07,6.00009375e-01,2.81487913e-01
4.52452452e+01,2.83576407e+00,8.32358198e+02,4.10982335e+06,1.81914821e+03,1.18501948e-01,7.64254495e-07,6.00009375e-01,2.81487913e-01
4.53453453e+01,2.80515179e+00,8.42166634e+02,4.06143779e+06,1.81734953e+03,1.18501948e-01,7.64944014e-07,6.00009375e-01,2.81487912e-01
4.54454454e+01,2.77432661e+00,8.52354719e+02,4.01545507e+06,1.81673761e+03,1.18501948e-01,7.65834748e-07,6.00009375e-01,2.81487911e-01
4.55455455e+01,2.74342507e+00,8.63079777e+02,3.97269466e+06,1.81763681e+03,1.18501948e-01,7.66781303e-07,6.00009375e-01,2.81487910e-01
4.56456456e+01,2.71290850e+00,8.74786084e+02,3.93409724e+06,1.82022455e+03,1.18501948e-01,7.67633019e-07,6.00009375e-01,2.81487909e-01
4.57457457e+01,2.68247358e+00,8.86996156e+02,3.89845212e+06,1.82419716e+03,1.18501948e-01,7.68239120e-07,6.00009375e-01,2.81487908e-01
4.58458458e+01,2.64873775e+00,8.98886891e+02,3.86045174e+06,1.82942323e+03,1.18501948e-01,7.68453233e-07,6.00009375e-01,2.81487908e-01
4.59459459e+01,2.61289504e+00,9.10611158e+02,3.82204465e+06,1.83606823e+03,1.18501948e-01,7.68136645e-07,6.00009375e-01,2.81487908e-01
4.60460460e+01,2.57454991e+00,9.22386416e+02,3.78264200e+06,1.84420395e+03,1.18501948e-01,7.67165025e-07,6.00009375e-01,2.81487909e-01
4.61461461e+01,2.53359460e+00,9.33921509e+02,3.74249099e+06,1.85412352e+03,1.18501948e-01,7.65432921e-07,6.00009375e-01,2.81487911e-01
4.62462462e+01,2.49023831e+00,9.44965226e+02,3.70219842e+06,1.86609524e+03,1.18501948e-01,7.62857362e-07,6.00009375e-01,2.81487914e-01
4.63463463e+01,2.44441357e+00,9.55550453e+02,3.66271350e+06,1.88075782e+03,1.18504788e-01,7.59398188e-07,6.00023760e-01,2.81494667e-01
4.64464464e+01,2.39953489e+00,9.64070942e+02,3.62785069e+06,1.89774284e+03,1.18501947e-01,7.54968944e-07,6.00009375e-01,2.81487923e-01
4.65465465e+01,2.35717719e+00,9.72968178e+02,3.59465439e+06,1.91416750e+03,1.18501946e-01,7.49624555e-07,6.00009375e-01,2.81487929e-01
4.66466466e+01,2.32065951e+00,9.80395131e+02,3.56859356e+06,1.93019280e+03,1.18501945e-01,7.43379574e-07,6.00009375e-01,2.81487936e-01
4.67467467e+01,2.28953142e+00,9.86211128e+02,3.54911608e+06,1.94575710e+03,1.18501944e-01,7.36291912e-07,6.00009375e-01,2.81487944e-01
4.68468468e+01,2.26431299e+00,9.90355291e+02,3.53739289e+06,1.96092900e+03,1.18501943e-01,7.28441078e-07,6.00009375e-01,2.81487953e-01
4.69469469e+01,2.24396385e+00,9.92271377e+02,3.53187678e+06,1.97562593e+03,1.18501942e-01,7.19929474e-07,6.00009375e-01,2.81487963e-01
4.70470470e+01,2.22766954e+00,9.93031056e+02,3.53284162e+06,1.99062032e+03,1.18501941e-01,7.10881919e-07,6.00009375e-01,2.81487973e-01
4.71471471e+01,2.21538559e+00,9.92684058e+02,3.53640920e+06,2.00367934e+03,1.18501940e-01,7.01435421e-07,6.00009375e-01,2.81487983e-01
4.72472472e+01,2.20430101e+00,9.92609947e+02,3.53956550e+06,2.01555238e+03,1.18501939e-01,6.91750006e-07,6.00009375e-01,2.81487994e-01
4.73473473e+01,2.19309379e+00,9.93577061e+02,3.53923734e+06,2.02566451e+03,1.18501938e-01,6.81984035e-07,6.00009375e-01,2.81488005e-01
4.74474474e+01,2.17987737e+00,9.97391017e+02,3.53118127e+06,2.03330714e+03,1.18501936e-01,6.72313689e-07,6.00009375e-01,2.81488016e-01
4.75475475e+01,2.16467924e+00,1.00429581e+03,3.51532737e+06,2.03838992e+03,1.18501935e-01,6.62900537e-07,6.00009375e-01,2.81488027e-01
4.76476476e+01,2.14381632e+00,1.01544745e+03,3.48482791e+06,2.04036941e+03,1.18501934e-01,6.53885009e-07,6.00009375e-01,2.81488037e-01
4.77477477e+01,2.11819343e+00,1.03047207e+03,3.44211826e+06,2.03974187e+03,1.18501933e-01,6.45403036e-07,6.00009375e-01,2.81488047e-01
4.78478478e+01,2.09615722e+00,1.04389571e+03,3.40387122e+06,2.03828219e+03,1.18501932e-01,6.37518032e-07,6.00009375e-01,2.81488055e-01
4.79479479e+01,2.07558045e+00,1.05690176e+03,3.36695090e+06,2.03616166e+03,1.18501931e-01,6.30272652e-07,6.00009375e-01,2.81488064e-01
4.80480480e+01,2.05611543e+00,1.06968027e+03,3.33062292e+06,2.03326048e+03,1.18501930e-01,6.23689378e-07,6.00009375e-01,2.81488071e-01
4.81481481e+01,2.03820158e+00,1.08181534e+03,3.29614499e+06,2.02989802e+03,1.18501929e-01,6.17772211e-07,6.00009375e-01,2.81488078e-01
4.82482482e+01,2.02190546e+00,1.09297699e+03,3.26432291e+06,2.02650330e+03,1.18501929e-01,6.12506031e-07,6.00009375e-01,2.81488084e-01
4.83483483e+01,2.00691404e+00,1.10335163e+03,3.23483846e+06,2.02320027e+03,1.18501928e-01,6.07864880e-07,6.00009375e-01,2.81488089e-01
4.84484484e+01,1.99271457e+00,1.11348751e+03,3.20677466e+06,2.01993965e+03,1.18501928e-01,6.03813178e-07,6.00009375e-01,2.81488093e-01
4.85485485e+01,1.97922784e+00,1.12332401e+03,3.17951275e+06,2.01641457e+03,1.18501927e-01,6.00308408e-07,6.00009375e-01,2.81488097e-01
4.86486486e+01,1.96725190e+00,1.13244638e+03,3.15505834e+06,2.01308665e+03,1.18501927e-01,5.97301959e-07,6.00009375e-01,2.81488101e-01
4.87487487e+01,1.95842734e+00,1.13979079e+03,3.13676888e+06,2.01043532e+03,1.18501927e-01,5.94745184e-07,6.00009375e-01,2.81488104e-01
4.88488488e+01,1.95162457e+00,1.14463610e+03,3.12375391e+06,2.00907238e+03,1.18501926e-01,5.92586491e-07,6.00009375e-01,2.81488106e-01
4.89489489e+01,1.94665489e+00,1.14833571e+03,3.11463187e+06,2.00831951e+03,1.18501926e-01,5.90777138e-07,6.00009375e-01,2.81488108e-01
4.90490490e+01,1.94270362e+00,1.15285881e+03,3.10709897e+06,2.00753713e+03,1.18501926e-01,5.89276196e-07,6.00009375e-01,2.81488110e-01
4.91491491e+01,1.93878187e+00,1.15789662e+03,3.08957032e+06,2.00187062e+03,1.18405966e-01,5.87568521e-07,5.99523504e-01,2.81260170e-01
4.92492492e+01,1.93278191e+00,1.16328897e+03,3.07834569e+06,2.00032019e+03,1.18433748e-01,5.86703712e-07,5.99664174e-01,2.81326165e-01
4.93493493e+01,1.92718994e+00,1.16791823e+03,3.06626258e+06,1.99788581e+03,1.18455333e-01,5.85999871e-07,5.99773462e-01,2.81377437e-01
4.94494494e+01,1.92254335e+00,1.17162225e+03,3.05580906e+06,1.99577209e+03,1.18462143e-01,5.85383381e-07,5.99807943e-01,2.81393614e-01
4.95495495e+01,1.91891192e+00,1.17456979e+03,3.04907481e+06,1.99474536e+03,1.18485725e-01,5.84982655e-07,5.99927350e-01,2.81449633e-01
4.96496496e+01,1.91521032e+00,1.17774704e+03,3.04126381e+06,1.99313159e+03,1.18506482e-01,5.84677278e-07,6.00032446e-01,2.81498938e-01
4.97497497e+01,1.91268143e+00,1.18084236e+03,3.03407925e+06,1.99149032e+03,1.18480407e-01,5.84229861e-07,5.99900421e-01,2.81437001e-01
4.98498498e+01,1.91556228e+00,1.18145847e+03,3.04631351e+06,1.99615091e+03,1.18501925e-01,5.84090021e-07,6.00009375e-01,2.81488116e-01
4.99499499e+01,1.96671142e+00,1.17269593e+03,2.94281399e+06,9.59922838e+02,2.99598164e-01,0.00000000e+00,0.00000000e+00,7.00401836e-01
5.00500501e+01,2.03182984e+00,1.06171171e+03,3.47531255e+06,5.93280800e+03,0.00000000e+00,2.30000000e-01,7.70079002e-01,0.00000000e+00
5.01501502e+01,1.74217251e+00,1.29769823e+03,2.79954807e+06,5.57563196e+03,0.00000000e+00,2.30000000e-01,7.69757925e-01,0.00000000e+00
5.02502503e+01,1.64063192e+00,1.38606826e+03,2.57842275e+06,5.45178679e+03,0.00000000e+00,2.30000000e-01,7.69984760e-01,0.00000000e+00
5.03503504e+01,1.61966705e+00,1.40579220e+03,2.53289001e+06,5.42475457e+03,0.00000000e+00,2.30000000e-01,7.69999034e-01,0.00000000e+00
5.04504505e+01,1.60821862e+00,1.41691991e+03,2.50793776e+06,5.40954509e+03,0.00000000e+00,2.30000000e-01,7.70000009e-01,0.00000000e+00
5.05505506e+01,1.59729923e+00,1.42755625e+03,2.48399006e+06,5.39451729e+03,0.00000000e+00,2.30000000e-01,7.70000141e-01,0.00000000e+00
5.06506507e+01,1.58647478e+00,1.43811859e+03,2.46031555e+06,5.37955996e+03,0.00000000e+00,2.30000000e-01,7.69999929e-01,0.00000000e+00
5.07507508e+01,1.57575418e+00,1.44866989e+03,2.43692471e+06,5.36466606e+03,0.00000000e+00,2.30000000e-01,7.70000068e-01,0.00000000e+00
5.08508509e+01,1.56510366e+00,1.45920839e+03,2.41378566e+06,5.34988721e+03,0.00000000e+00,2.30000000e-01,7.70000116e-01,0.00000000e+00
5.09509510e+01,1.55453511e+00,1.46975400e+03,2.39102996e+06,5.33548088e+03,0.00000000e+00,2.30000000e-01,7.69999990e-01,0.00000000e+00
5.10510511e+01,1.54406975e+00,1.48034778e+03,2.36866194e+06,5.32139241e+03,0.00000000e+00,2.30000000e-01,7.69999912e-01,0.00000000e+00
5.11511512e+01,1.53373882e+00,1.49099987e+03,2.34667944e+06,5.30751800e+03,0.00000000e+00,2.30000000e-01,7.69999918e-01,0.00000000e+00
5.12512513e+01,1.52358517e+00,1.50170586e+03,2.32501330e+06,5.29355951e+03,0.00000000e+00,2.30000000e-01,7.69999969e-01,0.00000000e+00
5.13513514e+01,1.51360563e+00,1.51248131e+03,2.30372105e+06,5.27966380e+03,0.00000000e+00,2.30000000e-01,7.69999925e-01,0.00000000e+00
5.14514515e+01,1.50375603e+00,1.52332217e+03,2.28279661e+06,5.26597619e+03,0.00000000e+00,2.30000000e-01,7.70000058e-01,0.00000000e+00
5.15515516e+01,1.49398669e+00,1.53414039e+03,2.26200106e+06,5.25212736e+03,0.00000000e+00,2.30000000e-01,7.69999792e-01,0.00000000e+00
5.16516517e+01,1.48429445e+00,1.54491073e+03,2.24130375e+06,5.23805174e+03,0.00000000e+00,2.30000000e-01,7.69999888e-01,0.00000000e+00
5.17517518e+01,1.47459566e+00,1.55562129e+03,2.22069454e+06,5.22402090e+03,0.00000000e+00,2.30000000e-01,7.70000108e-01,0.00000000e+00
5.18518519e+01,1.46484890e+00,1.56625869e+03,2.20011923e+06,5.21005518e+03,0.00000000e+00,2.30000000e-01,7.70000321e-01,0.00000000e+00
5.19519520e+01,1.45509830e+00,1.57682418e+03,2.17955519e+06,5.19594433e+03,0.00000000e+00,2.30000000e-01,7.70000286e-01,0.00000000e+00
5.20520521e+01,1.44542054e+00,1.58731427e+03,2.15901887e+06,5.18144869e+03,0.00000000e+00,2.30000000e-01,7.70000212e-01,0.00000000e+00
5.21521522e+01,1.43574954e+00,1.59776676e+03,2.13858824e+06,5.16698917e+03,0.00000000e+00,2.30000000e-01,7.70000037e-01,0.00000000e+00
5.22522523e+01,1.42605559e+00,1.60819331e+03,2.11828030e+06,5.15271469e+03,0.00000000e+00,2.30000000e-01,7.69999897e-01,0.00000000e+00
5.23523524e+01,1.41637911e+00,1.61859637e+03,2.09811499e+06,5.13852995e+03,0.00000000e+00,2.30000000e-01,7.69999911e-01,0.00000000e+00
5.24524525e+01,1.40676606e+00,1.62896452e+03,2.07808683e+06,5.12425716e+03,0.00000000e+00,2.30000000e-01,7.69999934e-01,0.00000000e+00
5.25525526e+01,1.39722610e+00,1.63931601e+03,2.05821658e+06,5.10991275e+03,0.00000000e+00,2.30000000e-01,7.69999955e-01,0.00000000e+00
5.26526527e+01,1.38776020e+00,1.64966919e+03,2.03852532e+06,5.09554661e+03,0.00000000e+00,2.30000000e-01,7.69999960e-01,0.00000000e+00
5.27527528e+01,1.37835951e+00,1.66005246e+03,2.01907433e+06,5.08134741e+03,0.00000000e+00,2.30000000e-01,7.69999984e-01,0.00000000e+00
5.28528529e+01,1.36903095e+00,1.67047938e+03,1.99986344e+06,5.06729486e+03,0.00000000e+00,2.30000000e-01,7.69999957e-01,0.00000000e+00
5.29529530e+01,1.35978897e+00,1.68095718e+03,1.98088679e+06,5.05332493e+03,0.00000000e+00,2.30000000e-01,7.69999991e-01,0.00000000e+00
5.30530531e+01,1.35061625e+00,1.69149642e+03,1.96212118e+06,5.03944759e+03,0.00000000e+00,2.30000000e-01,7.70000006e-01,0.00000000e+00
5.31531532e+01,1.34150547e+00,1.70209846e+03,1.94354148e+06,5.02562913e+03,0.00000000e+00,2.30000000e-01,7.70000022e-01,0.00000000e+00
5.32532533e+01,1.33246639e+00,1.71274053e+03,1.92519162e+06,5.01195048e+03,0.00000000e+00,2.30000000e-01,7.70000018e-01,0.00000000e+00
5.33533534e+01,1.32350399e+00,1.72340682e+03,1.90710391e+06,4.99848245e+03,0.00000000e+00,2.30000000e-01,7.70000019e-01,0.00000000e+00
5.34534535e+01,1.31462429e+00,1.73407936e+03,1.88925216e+06,4.98513978e+03,0.00000000e+00,2.30000000e-01,7.70000033e-01,0.00000000e+00
5.35535536e+01,1.30580972e+00,1.74476445e+03,1.87158077e+06,4.97184678e+03,0.00000000e+00,2.30000000e-01,7.70000044e-01,0.00000000e+00
5.36536537e+01,1.29704314e+00,1.75546294e+03,1.85402791e+06,4.95850668e+03,0.00000000e+00,2.30000000e-01,7.70000050e-01,0.00000000e+00
5.37537538e+01,1.28831616e+00,1.76616146e+03,1.83658392e+06,4.94512625e+03,0.00000000e+00,2.30000000e-01,7.70000040e-01,0.00000000e+00
5.38538539e+01,1.27962836e+00,1.77683989e+03,1.81927104e+06,4.93176783e+03,0.00000000e+00,2.30000000e-01,7.70000018e-01,0.00000000e+00
5.39539540e+01,1.27097538e+00,1.78749369e+03,1.80210026e+06,4.91847984e+03,0.00000000e+00,2.30000000e-01,7.69999987e-01,0.00000000e+00
5.40540541e+01,1.26235565e+00,1.79812937e+03,1.78507590e+06,4.90528286e+03,0.00000000e+00,2.30000000e-01,7.69999959e-01,0.00000000e+00
5.41541542e+01,1.25377227e+00,1.80876044e+03,1.76818435e+06,4.89212988e+03,0.00000000e+00,2.30000000e-01,7.69999960e-01,0.00000000e+00
5.42542543e+01,1.24523464e+00,1.81939141e+03,1.75139972e+06,4.87891403e+03,0.00000000e+00,2.30000000e-01,7.69999988e-01,0.00000000e+00
5.43543544e+01,1.23674571e+00,1.83002314e+03,1.73471567e+06,4.86560626e+03,0.00000000e+00,2.30000000e-01,7.70000015e-01,0.00000000e+00
5.44544545e+01,1.22830871e+00,1.84064309e+03,1.71815254e+06,4.85225092e+03,0.00000000e+00,2.30000000e-01,7.70000036e-01,0.00000000e+00
5.45545546e+01,1.21991997e+00,1.85123852e+03,1.70171156e+06,4.83886674e+03,0.00000000e+00,2.30000000e-01,7.70000059e-01,0.00000000e+00
5.46546547e+01,1.21156626e+00,1.86179995e+03,1.68537380e+06,4.82545334e+03,0.00000000e+00,2.30000000e-01,7.70000060e-01,0.00000000e+00
5.47547548e+01,1.20322275e+00,1.87233526e+03,1.66912894e+06,4.81208086e+03,0.00000000e+00,2.30000000e-01,7.70000037e-01,0.00000000e+00
5.48548549e+01,1.19487471e+00,1.88284885e+03,1.65296896e+06,4.79878626e+03,0.00000000e+00,2.30000000e-01,7.70000006e-01,0.00000000e+00
5.49549550e+01,1.18651652e+00,1.89334550e+03,1.63688305e+06,4.78556213e+03,0.00000000e+00,2.30000000e-01,7.69999961e-01,0.00000000e+00
5.50550551e+01,1.17815786e+00,1.90382718e+03,1.62088417e+06,4.77240846e+03,0.00000000e+00,2.30000000e-01,7.69999928e-01,0.00000000e+00
5.51551552e+01,1.16982090e+00,1.91429070e+03,1.60499889e+06,4.75931522e+03,0.00000000e+00,2.30000000e-01,7.69999930e-01,0.00000000e+00
5.52552553e+01,1.16152826e+00,1.92473129e+03,1.58924086e+06,4.74623182e+03,0.00000000e+00,2.30000000e-01,7.70000172e-01,0.00000000e+00
5.53553554e+01,1.15331304e+00,1.93515747e+03,1.57365296e+06,4.73315673e+03,0.00000000e+00,2.30000000e-01,7.69999897e-01,0.00000000e+00
5.54554555e+01,1.14524600e+00,1.94563190e+03,1.55831519e+06,4.72003965e+03,0.00000000e+00,2.30000000e-01,7.69999897e-01,0.00000000e+00
5.55555556e+01,1.13731729e+00,1.95615335e+03,1.54323842e+06,4.70695988e+03,0.00000000e+00,2.30000000e-01,7.69999929e-01,0.00000000e+00
5.56556557e+01,1.12949991e+00,1.96671597e+03,1.52839787e+06,4.69395938e+03,0.00000000e+00,2.30000000e-01,7.69999949e-01,0.00000000e+00
5.57557558e+01,1.12177313e+00,1.97731923e+03,1.51376297e+06,4.68103563e+03,0.00000000e+00,2.30000000e-01,7.69999953e-01,0.00000000e+00
5.58558559e+01,1.11412404e+00,1.98795971e+03,1.49930526e+06,4.66815859e+03,0.00000000e+00,2.30000000e-01,7.69999990e-01,0.00000000e+00
5.59559560e+01,1.10654279e+00,1.99863074e+03,1.48499815e+06,4.65529032e+03,0.00000000e+00,2.30000000e-01,7.70000021e-01,0.00000000e+00
5.60560561e+01,1.09902163e+00,2.00932996e+03,1.47082120e+06,4.64240147e+03,0.00000000e+00,2.30000000e-01,7.70000060e-01,0.00000000e+00
5.61561562e+01,1.09154722e+00,2.02005316e+03,1.45675746e+06,4.62949653e+03,0.00000000e+00,2.30000000e-01,7.70000087e-01,0.00000000e+00
5.62562563e+01,1.08410183e+00,2.03079173e+03,1.44279074e+06,4.61660066e+03,0.00000000e+00,2.30000000e-01,7.70000089e-01,0.00000000e+00
5.63563564e+01,1.07666851e+00,2.04153444e+03,1.42890755e+06,4.60374407e+03,0.00000000e+00,2.30000000e-01,7.70000060e-01,0.00000000e+00
5.64564565e+01,1.06923681e+00,2.05227139e+03,1.41510307e+06,4.59095719e+03,0.00000000e+00,2.30000000e-01,7.70000025e-01,0.00000000e+00
5.65565566e+01,1.06180374e+00,2.06299550e+03,1.40136990e+06,4.57822998e+03,0.00000000e+00,2.30000000e-01,7.70000014e-01,0.00000000e+00
5.66566567e+01,1.05437980e+00,2.07367945e+03,1.38771023e+06,4.56552562e+03,0.00000000e+00,2.30000000e-01,7.70000022e-01,0.00000000e+00
5.67567568e+01,1.04695892e+00,2.08432356e+03,1.37411501e+06,4.55284129e+03,0.00000000e+00,2.30000000e-01,7.70000019e-01,0.00000000e+00
5.68568569e+01,1.03953259e+00,2.09493500e+03,1.36057826e+06,4.54019498e+03,0.00000000e+00,2.30000000e-01,7.69999985e-01,0.00000000e+00
5.69569570e+01,1.03212366e+00,2.10547306e+03,1.34713037e+06,4.52758877e+03,0.00000000e+00,2.30000000e-01,7.69999998e-01,0.00000000e+00
5.70570571e+01,1.02473482e+00,2.11593079e+03,1.33376955e+06,4.51500654e+03,0.00000000e+00,2.30000000e-01,7.70000001e-01,0.00000000e+00
5.71571572e+01,1.01734256e+00,2.12635417e+03,1.32046591e+06,4.50245188e+03,0.00000000e+00,2.30000000e-01,7.69999957e-01,0.00000000e+00
5.72572573e+01,1.00994460e+00,2.13676665e+03,1.30721348e+06,4.48991458e+03,0.00000000e+00,2.30000000e-01,7.69999924e-01,0.00000000e+00
5.73573574e+01,1.00256843e+00,2.14714584e+03,1.29403015e+06,4.47733399e+03,0.00000000e+00,2.30000000e-01,7.69999910e-01,0.00000000e+00
5.74574575e+01,9.95236328e-01,2.15748359e+03,1.28096910e+06,4.46479518e+03,0.00000000e+00,2.30000000e-01,7.69999942e-01,0.00000000e+00
5.75575576e+01,9.87966193e-01,2.16778608e+03,1.26803777e+06,4.45224675e+03,0.00000000e+00,2.30000000e-01,7.69999913e-01,0.00000000e+00
5.76576577e+01,9.80772130e-01,2.17808872e+03,1.25524889e+06,4.43967150e+03,0.00000000e+00,2.30000000e-01,7.69999938e-01,0.00000000e+00
5.77577578e+01,9.73659074e-01,2.18839346e+03,1.24259335e+06,4.42701699e+03,0.00000000e+00,2.30000000e-01,7.70000002e-01,0.00000000e+00
5.78578579e+01,9.66608857e-01,2.19870655e+03,1.23003374e+06,4.41423368e+03,0.00000000e+00,2.30000000e-01,7.70000029e-01,0.00000000e+00
5.79579580e+01,9.59623262e-01,2.20900889e+03,1.21760341e+06,4.40143344e+03,0.00000000e+00,2.30000000e-01,7.70000063e-01,0.00000000e+00
5.80580581e+01,9.52697072e-01,2.21928110e+03,1.20528841e+06,4.38859179e+03,0.00000000e+00,2.30000000e-01,7.70000097e-01,0.00000000e+00
5.81581582e+01,9.45804604e-01,2.22953512e+03,1.19305696e+06,4.37571269e+03,0.00000000e+00,2.30000000e-01,7.70000085e-01,0.00000000e+00
5.82582583e+01,9.38927730e-01,2.23977156e+03,1.18091414e+06,4.36289955e+03,0.00000000e+00,2.30000000e-01,7.70000054e-01,0.00000000e+00
5.83583584e+01,9.32064517e-01,2.24996742e+03,1.16887203e+06,4.35020838e+03,0.00000000e+00,2.30000000e-01,7.70000029e-01,0.00000000e+00
5.84584585e+01,9.25202058e-01,2.26013863e+03,1.15691721e+06,4.33765256e+03,0.00000000e+00,2.30000000e-01,7.70000022e-01,0.00000000e+00
5.85585586e+01,9.18332690e-01,2.27029266e+03,1.14503353e+06,4.32521029e+03,0.00000000e+00,2.30000000e-01,7.70000025e-01,0.00000000e+00
5.86586587e+01,9.11443452e-01,2.28044968e+03,1.13319657e+06,4.31285239e+03,0.00000000e+00,2.30000000e-01,7.70000017e-01,0.00000000e+00
5.87587588e+01,9.04521267e-01,2.29063513e+03,1.12138171e+06,4.30054777e+03,0.00000000e+00,2.30000000e-01,7.69999976e-01,0.00000000e+00
5.88588589e+01,8.97564895e-01,2.30086465e+03,1.10957918e+06,4.28826454e+03,0.00000000e+00,2.30000000e-01,7.69999893e-01,0.00000000e+00
5.89589590e+01,8.90600824e-01,2.31112159e+03,1.09783560e+06,4.27605519e+03,0.00000000e+00,2.30000000e-01,7.69999989e-01,0.00000000e+00
5.90590591e+01,8.83669587e-01,2.32134464e+03,1.08623681e+06,4.26406319e+03,0.00000000e+00,2.30000000e-01,7.70000126e-01,0.00000000e+00
5.91591592e+01,8.76823912e-01,2.33152652e+03,1.07477975e+06,4.25202912e+03,0.00000000e+00,2.30000000e-01,7.69999869e-01,0.00000000e+00
5.92592593e+01,8.70120764e-01,2.34169492e+03,1.06345798e+06,4.23964859e+03,0.00000000e+00,2.30000000e-01,7.70000050e-01,0.00000000e+00
5.93593594e+01,8.63541063e-01,2.35183299e+03,1.05226512e+06,4.22699039e+03,0.00000000e+00,2.30000000e-01,7.70000003e-01,0.00000000e+00
5.94594595e+01,8.57083956e-01,2.36195970e+03,1.04122026e+06,4.21413479e+03,0.00000000e+00,2.30000000e-01,7.69999785e-01,0.00000000e+00
5.95595596e+01,8.50745095e-01,2.37208828e+03,1.03032252e+06,4.20109871e+03,0.00000000e+00,2.30000000e-01,7.69999847e-01,0.00000000e+00
5.96596597e+01,8.44494550e-01,2.38219853e+03,1.01951813e+06,4.18781199e+03,0.00000000e+00,2.30000000e-01,7.70000011e-01,0.00000000e+00
5.97597598e+01,8.38304613e-01,2.39228310e+03,1.00875774e+06,4.17420783e+03,0.00000000e+00,2.30000000e-01,7.70000083e-01,0.00000000e+00
5.98598599e+01,8.32154674e-01,2.40235946e+03,9.98031088e+05,4.16034212e+03,0.00000000e+00,2.30000000e-01,7.70000104e-01,0.00000000e+00
5.99599600e+01,8.26021563e-01,2.41244378e+03,9.87335908e+05,4.14631771e+03,0.00000000e+00,2.30000000e-01,7.70000113e-01,0.00000000e+00
6.00600601e+01,8.19884465e-01,2.42254389e+03,9.76669438e+05,4.13222487e+03,0.00000000e+00,2.30000000e-01,7.70000164e-01,0.00000000e+00
6.01601602e+01,8.13711746e-01,2.43267704e+03,9.66000040e+05,4.11808752e+03,0.00000000e+00,2.30000000e-01,7.70000150e-01,0.00000000e+00
6.02602603e+01,8.07465863e-01,2.44288595e+03,9.55278455e+05,4.10388251e+03,0.00000000e+00,2.30000000e-01,7.69999942e-01,0.00000000e+00
6.03603604e+01,8.01144544e-01,2.45320486e+03,9.44505348e+05,4.08961810e+03,0.00000000e+00,2.30000000e-01,7.69999704e-01,0.00000000e+00
6.04604605e+01,7.94857262e-01,2.46344247e+03,9.33821660e+05,4.07534055e+03,0.00000000e+00,2.30000000e-01,7.69999937e-01,0.00000000e+00
6.05605606e+01,7.88647804e-01,2.47348917e+03,9.23334600e+05,4.06130015e+03,0.00000000e+00,2.30000000e-01,7.70000012e-01,0.00000000e+00
6.06606607e+01,7.82510006e-01,2.48339355e+03,9.13071981e+05,4.04766254e+03,0.00000000e+00,2.30000000e-01,7.69999774e-01,0.00000000e+00
6.07607608e+01,7.76458930e-01,2.49321411e+03,9.03017172e+05,4.03428531e+03,0.00000000e+00,2.30000000e-01,7.69999981e-01,0.00000000e+00
6.08608609e+01,7.70475102e-01,2.50298173e+03,8.93137940e+05,4.02113808e+03,0.00000000e+00,2.30000000e-01,7.70000051e-01,0.00000000e+00
6.09609610e+01,7.64534550e-01,2.51273662e+03,8.83412368e+05,4.00825573e+03,0.00000000e+00,2.30000000e-01,7.70000039e-01,0.00000000e+00
6.10610611e+01,7.58621284e-01,2.52251085e+03,8.73828540e+05,3.99567615e+03,0.00000000e+00,2.30000000e-01,7.70000002e-01,0.00000000e+00
6.11611612e+01,7.52731590e-01,2.53231532e+03,8.64360615e+05,3.98330707e+03,0.00000000e+00,2.30000000e-01,7.70000269e-01,0.00000000e+00
6.12612613e+01,7.46877908e-01,2.54213478e+03,8.54984740e+05,3.97098143e+03,0.00000000e+00,2.30000000e-01,7.69999941e-01,0.00000000e+00
6.13613614e+01,7.41104007e-01,2.55199311e+03,8.45685005e+05,3.95839034e+03,0.00000000e+00,2.30000000e-01,7.69999846e-01,0.00000000e+00
6.14614615e+01,7.35413340e-01,2.56186781e+03,8.36465618e+05,3.94553347e+03,0.00000000e+00,2.30000000e-01,7.69999865e-01,0.00000000e+00
6.15615616e+01,7.29791389e-01,2.57173378e+03,8.27315614e+05,3.93243521e+03,0.00000000e+00,2.30000000e-01,7.69999979e-01,0.00000000e+00
6.16616617e+01,7.24223937e-01,2.58157137e+03,8.18218226e+05,3.91909093e+03,0.00000000e+00,2.30000000e-01,7.70000033e-01,0.00000000e+00
6.17617618e+01,7.18703150e-01,2.59137870e+03,8.09165604e+05,3.90550246e+03,0.00000000e+00,2.30000000e-01,7.70000066e-01,0.00000000e+00
6.18618619e+01,7.13218914e-01,2.60115899e+03,8.00160903e+05,3.89173734e+03,0.00000000e+00,2.30000000e-01,7.70000077e-01,0.00000000e+00
6.19619620e+01,7.07759704e-01,2.61091593e+03,7.91205604e+05,3.87786398e+03,0.00000000e+00,2.30000000e-01,7.70000067e-01,0.00000000e+00
6.20620621e+01,7.02314392e-01,2.62065686e+03,7.82297888e+05,3.86393359e+03,0.00000000e+00,2.30000000e-01,7.70000037e-01,0.00000000e+00
6.21621622e+01,6.96874635e-01,2.63039376e+03,7.73434745e+05,3.84997662e+03,0.00000000e+00,2.30000000e-01,7.70000020e-01,0.00000000e+00
6.22622623e+01,6.91443913e-01,2.64010278e+03,7.64628523e+05,3.83603537e+03,0.00000000e+00,2.30000000e-01,7.70000033e-01,0.00000000e+00
6.23623624e+01,6.86002584e-01,2.64984221e+03,7.55850654e+05,3.82207522e+03,0.00000000e+00,2.30000000e-01,7.70000206e-01,0.00000000e+00
6.24624625e+01,6.80545625e-01,2.65965692e+03,7.47095558e+05,3.80809756e+03,0.00000000e+00,2.30000000e-01,7.69999824e-01,0.00000000e+00
6.25625626e+01,6.75138372e-01,2.66954716e+03,7.38443129e+05,3.79414112e+03,0.00000000e+00,2.30000000e-01,7.69999691e-01,0.00000000e+00
6.26626627e+01,6.69817006e-01,2.67944589e+03,7.29916463e+05,3.78012450e+03,0.00000000e+00,2.30000000e-01,7.69999925e-01,0.00000000e+00
6.27627628e+01,6.64561118e-01,2.68927962e+03,7.21533810e+05,3.76626457e+03,0.00000000e+00,2.30000000e-01,7.70000032e-01,0.00000000e+00
6.28628629e+01,6.59354960e-01,2.69905270e+03,7.13304014e+05,3.75270517e+03,0.00000000e+00,2.30000000e-01,7.70000055e-01,0.00000000e+00
6.29629630e+01,6.54186212e-01,2.70878622e+03,7.05225544e+05,3.73951865e+03,0.00000000e+00,2.30000000e-01,7.70000055e-01,0.00000000e+00
6.30630631e+01,6.49046049e-01,2.71848879e+03,6.97272194e+05,3.72662665e+03,0.00000000e+00,2.30000000e-01,7.70000069e-01,0.00000000e+00
6.31631632e+01,6.43926783e-01,2.72815838e+03,6.89414789e+05,3.71392519e+03,0.00000000e+00,2.30000000e-01,7.70000077e-01,0.00000000e+00
6.32632633e+01,6.38818914e-01,2.73779685e+03,6.81644646e+05,3.70142810e+03,0.00000000e+00,2.30000000e-01,7.70000053e-01,0.00000000e+00
6.33633634e+01,6.33714303e-01,2.74741182e+03,6.73958827e+05,3.68917215e+03,0.00000000e+00,2.30000000e-01,7.70000033e-01,0.00000000e+00
6.34634635e+01,6.28608665e-01,2.75700508e+03,6.66349898e+05,3.67714731e+03,0.00000000e+00,2.30000000e-01,7.70000054e-01,0.00000000e+00
6.35635636e+01,6.23494736e-01,2.76658297e+03,6.58803953e+05,3.66532458e+03,0.00000000e+00,2.30000000e-01,7.70000103e-01,0.00000000e+00
6.36636637e+01,6.18356662e-01,2.77616838e+03,6.51297007e+05,3.65366775e+03,0.00000000e+00,2.30000000e-01,7.70000150e-01,0.00000000e+00
6.37637638e+01,6.13170300e-01,2.78580152e+03,6.43794785e+05,3.64212928e+03,0.00000000e+00,2.30000000e-01,7.70000147e-01,0.00000000e+00
6.38638639e+01,6.07910164e-01,2.79553201e+03,6.36259048e+05,3.63064372e+03,0.00000000e+00,2.30000000e-01,7.70000030e-01,0.00000000e+00
6.39639640e+01,6.02566992e-01,2.80539140e+03,6.28669310e+05,3.61914606e+03,0.00000000e+00,2.30000000e-01,7.69999758e-01,0.00000000e+00
6.40640641e+01,5.97168928e-01,2.81536349e+03,6.21052367e+05,3.60761567e+03,0.00000000e+00,2.30000000e-01,7.69999629e-01,0.00000000e+00
6.41641642e+01,5.91773731e-01,2.82535860e+03,6.13474008e+05,3.59608036e+03,0.00000000e+00,2.30000000e-01,7.70000392e-01,0.00000000e+00
6.42642643e+01,5.86408562e-01,2.83528831e+03,6.05943183e+05,3.58443342e+03,0.00000000e+00,2.30000000e-01,7.70000366e-01,0.00000000e+00
6.43643644e+01,5.81135917e-01,2.84514956e+03,5.98506858e+05,3.57256879e+03,0.00000000e+00,2.30000000e-01,7.69999763e-01,0.00000000e+00
6.44644645e+01,5.76014658e-01,2.85495150e+03,5.91278241e+05,3.56079934e+03,0.00000000e+00,2.30000000e-01,7.69999868e-01,0.00000000e+00
6.45645646e+01,5.71031671e-01,2.86464316e+03,5.84253322e+05,3.54919615e+03,0.00000000e+00,2.30000000e-01,7.70000163e-01,0.00000000e+00
6.46646647e+01,5.66166440e-01,2.87424722e+03,5.77383683e+05,3.53760648e+03,0.00000000e+00,2.30000000e-01,7.69999873e-01,0.00000000e+00
6.47647648e+01,5.61417625e-01,2.88383987e+03,5.70645363e+05,3.52589628e+03,0.00000000e+00,2.30000000e-01,7.69999548e-01,0.00000000e+00
6.48648649e+01,5.56770717e-01,2.89344038e+03,5.64020700e+05,3.51404869e+03,0.00000000e+00,2.30000000e-01,7.69999918e-01,0.00000000e+00
6.49649650e+01,5.52194710e-01,2.90299007e+03,5.57494620e+05,3.50217111e+03,0.00000000e+00,2.30000000e-01,7.70000352e-01,0.00000000e+00
6.50650651e+01,5.47686384e-01,2.91244895e+03,5.51091770e+05,3.49044642e+03,0.00000000e+00,2.30000000e-01,7.70000192e-01,0.00000000e+00
6.51651652e+01,5.43275747e-01,2.92181508e+03,5.44850189e+05,3.47893253e+03,0.00000000e+00,2.30000000e-01,7.69999691e-01,0.00000000e+00
6.52652653e+01,5.38983570e-01,2.93106988e+03,5.38768823e+05,3.46749787e+03,0.00000000e+00,2.30000000e-01,7.69999568e-01,0.00000000e+00
6.53653654e+01,5.34783222e-01,2.94020894e+03,5.32832208e+05,3.45622335e+03,0.00000000e+00,2.30000000e-01,7.69999945e-01,0.00000000e+00
6.54654655e+01,5.30624519e-01,2.94929094e+03,5.27019475e+05,3.44531088e+03,0.00000000e+00,2.30000000e-01,7.70000033e-01,0.00000000e+00
6.55655656e+01,5.26482386e-01,2.95840785e+03,5.21275128e+05,3.43456883e+03,0.00000000e+00,2.30000000e-01,7.70000031e-01,0.00000000e+00
6.56656657e+01,5.22344680e-01,2.96761376e+03,5.15554469e+05,3.42378464e+03,0.00000000e+00,2.30000000e-01,7.70000048e-01,0.00000000e+00
6.57657658e+01,5.18204077e-01,2.97693087e+03,5.09838602e+05,3.41287895e+03,0.00000000e+00,2.30000000e-01,7.70000189e-01,0.00000000e+00
6.58658659e+01,5.14037992e-01,2.98640607e+03,5.04100516e+05,3.40181342e+03,0.00000000e+00,2.30000000e-01,7.70001147e-01,0.00000000e+00
6.59659660e+01,5.09795930e-01,2.99617305e+03,4.98269898e+05,3.39044781e+03,0.00000000e+00,2.30000000e-01,7.70000679e-01,0.00000000e+00
6.60660661e+01,5.05664006e-01,3.00579594e+03,4.92557067e+05,3.37896885e+03,0.00000000e+00,2.30000000e-01,7.69998672e-01,0.00000000e+00
6.61661662e+01,5.01814864e-01,3.01491691e+03,4.87233982e+05,3.36808858e+03,0.00000000e+00,2.30000000e-01,7.69999161e-01,0.00000000e+00
6.62662663e+01,4.98128483e-01,3.02361632e+03,4.82219800e+05,3.35809307e+03,0.00000000e+00,2.30000000e-01,7.70000032e-01,0.00000000e+00
6.63663664e+01,4.94496249e-01,3.03210290e+03,4.77318904e+05,3.34837933e+03,0.00000000e+00,2.30000000e-01,7.70000137e-01,0.00000000e+00
6.64664665e+01,4.90871232e-01,3.04059276e+03,4.72450660e+05,3.33870433e+03,0.00000000e+00,2.30000000e-01,7.69999997e-01,0.00000000e+00
6.65665666e+01,4.87252827e-01,3.04908886e+03,4.67622514e+05,3.32912545e+03,0.00000000e+00,2.30000000e-01,7.69999922e-01,0.00000000e+00
6.66666667e+01,4.83674904e-01,3.05741422e+03,4.62888390e+05,3.31979806e+03,0.00000000e+00,2.30000000e-01,7.70000330e-01,0.00000000e+00
6.67667668e+01,4.80147712e-01,3.06547078e+03,4.58287474e+05,3.31094429e+03,0.00000000e+00,2.30000000e-01,7.70000741e-01,0.00000000e+00
6.68668669e+01,4.76703753e-01,3.07321135e+03,4.53895766e+05,3.30291104e+03,0.00000000e+00,2.30000000e-01,7.69999471e-01,0.00000000e+00
6.69669670e+01,4.73408036e-01,3.08065874e+03,4.49697617e+05,3.29514334e+03,0.00000000e+00,2.30000000e-01,7.69999393e-01,0.00000000e+00
6.70670671e+01,4.70240508e-01,3.08769832e+03,4.45681067e+05,3.28770806e+03,0.00000000e+00,2.30000000e-01,7.69999958e-01,0.00000000e+00
6.71671672e+01,4.67161595e-01,3.09427497e+03,4.41816639e+05,3.28068059e+03,0.00000000e+00,2.30000000e-01,7.70000149e-01,0.00000000e+00
6.72672673e+01,4.64147606e-01,3.10043792e+03,4.38078998e+05,3.27404686e+03,0.00000000e+00,2.30000000e-01,7.70001136e-01,0.00000000e+00
6.73673674e+01,4.61167667e-01,3.10619171e+03,4.34456515e+05,3.26794900e+03,0.00000000e+00,2.30000000e-01,7.70002846e-01,0.00000000e+00
6.74674675e+01,4.58293929e-01,3.11151644e+03,4.31009243e+05,3.26236237e+03,0.00000000e+00,2.30000000e-01,7.69998571e-01,0.00000000e+00
6.75675676e+01,4.55720218e-01,3.11681573e+03,4.27745535e+05,3.25594570e+03,0.00000000e+00,2.30000000e-01,7.69998021e-01,0.00000000e+00
6.76676677e+01,4.53382000e-01,3.12191830e+03,4.24594470e+05,3.24862419e+03,0.00000000e+00,2.30000000e-01,7.69999253e-01,0.00000000e+00
6.77677678e+01,4.51146994e-01,3.12676848e+03,4.21486146e+05,3.24081567e+03,0.00000000e+00,2.30000000e-01,7.69999969e-01,0.00000000e+00
6.78678679e+01,4.48951548e-01,3.13141495e+03,4.18410860e+05,3.23290153e+03,0.00000000e+00,2.30000000e-01,7.70000175e-01,0.00000000e+00
6.79679680e+01,4.46778867e-01,3.13587157e+03,4.15336335e+05,3.22474732e+03,0.00000000e+00,2.30000000e-01,7.70001551e-01,0.00000000e+00
6.80680681e+01,4.44605799e-01,3.14002373e+03,4.12258503e+05,3.21648727e+03,0.00000000e+00,2.30000000e-01,7.70003898e-01,0.00000000e+00
6.81681682e+01,4.42495219e-01,3.14403413e+03,4.09386317e+05,3.20932253e+03,0.00000000e+00,2.30000000e-01,7.70001020e-01,0.00000000e+00
6.82682683e+01,4.40670527e-01,3.14863776e+03,4.06943970e+05,3.20339341e+03,0.00000000e+00,2.30000000e-01,7.69998692e-01,0.00000000e+00
6.83683684e+01,4.39201534e-01,3.15391514e+03,4.04999715e+05,3.19875607e+03,0.00000000e+00,2.30000000e-01,7.69997375e-01,0.00000000e+00
6.84684685e+01,4.38036829e-01,3.15967976e+03,4.03458670e+05,3.19505499e+03,0.00000000e+00,2.30000000e-01,7.69998141e-01,0.00000000e+00
6.85685686e+01,4.37056982e-01,3.16555520e+03,4.02111604e+05,3.19152138e+03,0.00000000e+00,2.30000000e-01,7.69999698e-01,0.00000000e+00
6.86686687e+01,4.36164555e-01,3.17130482e+03,4.00832427e+05,3.18787690e+03,0.00000000e+00,2.30000000e-01,7.70000035e-01,0.00000000e+00
6.87687688e+01,4.35326192e-01,3.17698539e+03,3.99690671e+05,3.18491993e+03,0.00000000e+00,2.30000000e-01,7.69999496e-01,0.00000000e+00
6.88688689e+01,4.34534924e-01,3.18266784e+03,3.98740868e+05,3.18313739e+03,0.00000000e+00,2.30000000e-01,7.69999461e-01,0.00000000e+00
6.89689690e+01,4.33780089e-01,3.18835578e+03,3.98067257e+05,3.18329086e+03,0.00000000e+00,2.30000000e-01,7.69999106e-01,0.00000000e+00
6.90690691e+01,4.33097701e-01,3.19409282e+03,3.97628181e+05,3.18478975e+03,0.00000000e+00,2.30000000e-01,7.69999087e-01,0.00000000e+00
6.91691692e+01,4.32541397e-01,3.19991756e+03,3.97344174e+05,3.18660712e+03,0.00000000e+00,2.30000000e-01,7.69999394e-01,0.00000000e+00
6.92692693e+01,4.32148646e-01,3.20584879e+03,3.97157731e+05,3.18800508e+03,0.00000000e+00,2.30000000e-01,7.69999864e-01,0.00000000e+00
6.93693694e+01,4.31930112e-01,3.21188183e+03,3.97040190e+05,3.18867271e+03,0.00000000e+00,2.30000000e-01,7.70000276e-01,0.00000000e+00
6.94694695e+01,4.31867100e-01,3.21802259e+03,3.96971638e+05,3.18859113e+03,0.00000000e+00,2.30000000e-01,7.69999119e-01,0.00000000e+00
6.95695696e+01,4.31971269e-01,3.22454229e+03,3.96956982e+05,3.18770382e+03,0.00000000e+00,2.30000000e-01,7.69999329e-01,0.00000000e+00
6.96696697e+01,4.32338516e-01,3.23109001e+03,3.97196078e+05,3.18690846e+03,0.00000000e+00,2.30000000e-01,7.70001152e-01,0.00000000e+00
6.97697698e+01,4.32926139e-01,3.23747107e+03,3.97725022e+05,3.18681988e+03,0.00000000e+00,2.30000000e-01,7.70001496e-01,0.00000000e+00
6.98698699e+01,4.33619379e-01,3.24381363e+03,3.98441452e+05,3.18745887e+03,0.00000000e+00,2.30000000e-01,7.70000719e-01,0.00000000e+00
6.99699700e+01,4.34356212e-01,3.25020785e+03,3.99271892e+05,3.18868636e+03,0.00000000e+00,2.30000000e-01,7.69999947e-01,0.00000000e+00
7.00700701e+01,4.35141125e-01,3.25662591e+03,4.00207778e+05,3.19039616e+03,0.00000000e+00,2.30000000e-01,7.69999690e-01,0.00000000e+00
7.01701702e+01,4.36002380e-01,3.26299902e+03,4.01267460e+05,3.19252455e+03,0.00000000e+00,2.30000000e-01,7.69999815e-01,0.00000000e+00
7.02702703e+01,4.36957134e-01,3.26928903e+03,4.02460408e+05,3.19501869e+03,0.00000000e+00,2.30000000e-01,7.70000014e-01,0.00000000e+00
7.03703704e+01,4.38003818e-01,3.27550239e+03,4.03778952e+05,3.19782583e+03,0.00000000e+00,2.30000000e-01,7.70000123e-01,0.00000000e+00
7.04704705e+01,4.39130323e-01,3.28166973e+03,4.05206684e+05,3.20090064e+03,0.00000000e+00,2.30000000e-01,7.70000136e-01,0.00000000e+00
7.05705706e+01,4.40323256e-01,3.28782331e+03,4.06728073e+05,3.20421433e+03,0.00000000e+00,2.30000000e-01,7.70000104e-01,0.00000000e+00
7.06706707e+01,4.41572608e-01,3.29398515e+03,4.08333298e+05,3.20775895e+03,0.00000000e+00,2.30000000e-01,7.70000060e-01,0.00000000e+00
7.07707708e+01,4.42873084e-01,3.30016305e+03,4.10019574e+05,3.21154772e+03,0.00000000e+00,2.30000000e-01,7.70000011e-01,0.00000000e+00
7.08708709e+01,4.44224572e-01,3.30634942e+03,4.11791397e+05,3.21561311e+03,0.00000000e+00,2.30000000e-01,7.69999956e-01,0.00000000e+00
7.09709710e+01,4.45632539e-01,3.31252111e+03,4.13660347e+05,3.22000185e+03,0.00000000e+00,2.30000000e-01,7.69999903e-01,0.00000000e+00
7.10710711e+01,4.47107640e-01,3.31864159e+03,4.15643643e+05,3.22476588e+03,0.00000000e+00,2.30000000e-01,7.69999869e-01,0.00000000e+00
7.11711712e+01,4.48663754e-01,3.32466694e+03,4.17760704e+05,3.22994954e+03,0.00000000e+00,2.30000000e-01,7.69999871e-01,0.00000000e+00
7.12712713e+01,4.50314587e-01,3.33055481e+03,4.20028174e+05,3.23557542e+03,0.00000000e+00,2.30000000e-01,7.69999911e-01,0.00000000e+00
7.13713714e+01,4.52069971e-01,3.33627373e+03,4.22454978e+05,3.24163313e+03,0.00000000e+00,2.30000000e-01,7.69999977e-01,0.00000000e+00
7.14714715e+01,4.53933292e-01,3.34180926e+03,4.25039244e+05,3.24807503e+03,0.00000000e+00,2.30000000e-01,7.70000048e-01,0.00000000e+00
7.15715716e+01,4.55900906e-01,3.34716518e+03,4.27768179e+05,3.25482057e+03,0.00000000e+00,2.30000000e-01,7.70000107e-01,0.00000000e+00
7.16716717e+01,4.57963381e-01,3.35235994e+03,4.30620671e+05,3.26176850e+03,0.00000000e+00,2.30000000e-01,7.70000149e-01,0.00000000e+00
7.17717718e+01,4.60107309e-01,3.35742085e+03,4.33571127e+05,3.26881395e+03,0.00000000e+00,2.30000000e-01,7.70000221e-01,0.00000000e+00
7.18718719e+01,4.62314472e-01,3.36237781e+03,4.36591317e+05,3.27586857e+03,0.00000000e+00,2.30000000e-01,7.70000482e-01,0.00000000e+00
7.19719720e+01,4.64546245e-01,3.36728824e+03,4.39629207e+05,3.28281601e+03,0.00000000e+00,2.30000000e-01,7.70000270e-01,0.00000000e+00
7.20720721e+01,4.66754944e-01,3.37235966e+03,4.42598720e+05,3.28935163e+03,0.00000000e+00,2.30000000e-01,7.70000012e-01,0.00000000e+00
7.21721722e+01,4.68946965e-01,3.37753722e+03,4.45514096e+05,3.29554165e+03,0.00000000e+00,2.30000000e-01,7.69999990e-01,0.00000000e+00
7.22722723e+01,4.71128603e-01,3.38277981e+03,4.48387962e+05,3.30144113e+03,0.00000000e+00,2.30000000e-01,7.69999991e-01,0.00000000e+00
7.23723724e+01,4.73302294e-01,3.38807391e+03,4.51225695e+05,3.30707694e+03,0.00000000e+00,2.30000000e-01,7.69999986e-01,0.00000000e+00
7.24724725e+01,4.75470104e-01,3.39341033e+03,4.54032291e+05,3.31247504e+03,0.00000000e+00,2.30000000e-01,7.69999981e-01,0.00000000e+00
7.25725726e+01,4.77634336e-01,3.39878102e+03,4.56812842e+05,3.31765983e+03,0.00000000e+00,2.30000000e-01,7.69999977e-01,0.00000000e+00
7.26726727e+01,4.79797353e-01,3.40417938e+03,4.59571098e+05,3.32264521e+03,0.00000000e+00,2.30000000e-01,7.69999936e-01,0.00000000e+00
7.27727728e+01,4.81962686e-01,3.40960825e+03,4.62307467e+05,3.32741253e+03,0.00000000e+00,2.30000000e-01,7.69999834e-01,0.00000000e+00
7.28728729e+01,4.84141191e-01,3.41506565e+03,4.65026706e+05,3.33192377e+03,0.00000000e+00,2.30000000e-01,7.69999742e-01,0.00000000e+00
7.29729730e+01,4.86351733e-01,3.42053735e+03,4.67739892e+05,3.33613143e+03,0.00000000e+00,2.30000000e-01,7.69999712e-01,0.00000000e+00
7.30730731e+01,4.88615955e-01,3.42600578e+03,4.70458815e+05,3.33997455e+03,0.00000000e+00,2.30000000e-01,7.69999754e-01,0.00000000e+00
7.31731732e+01,4.90952309e-01,3.43145815e+03,4.73190496e+05,3.34338090e+03,0.00000000e+00,2.30000000e-01,7.69999844e-01,0.00000000e+00
7.32732733e+01,4.93372336e-01,3.43688860e+03,4.75935106e+05,3.34627824e+03,0.00000000e+00,2.30000000e-01,7.69999950e-01,0.00000000e+00
7.33733734e+01,4.95879873e-01,3.44229501e+03,4.78687396e+05,3.34861000e+03,0.00000000e+00,2.30000000e-01,7.70000047e-01,0.00000000e+00
7.34734735e+01,4.98472297e-01,3.44767413e+03,4.81439750e+05,3.35034820e+03,0.00000000e+00,2.30000000e-01,7.70000117e-01,0.00000000e+00
7.35735736e+01,5.01142573e-01,3.45301892e+03,4.84184949e+05,3.35149826e+03,0.00000000e+00,2.30000000e-01,7.70000154e-01,0.00000000e+00
7.36736737e+01,5.03881469e-01,3.45831929e+03,4.86917872e+05,3.35209520e+03,0.00000000e+00,2.30000000e-01,7.70000145e-01,0.00000000e+00
7.37737738e+01,5.06680027e-01,3.46356587e+03,4.89636559e+05,3.35219365e+03,0.00000000e+00,2.30000000e-01,7.70000074e-01,0.00000000e+00
7.38738739e+01,5.09532903e-01,3.46875550e+03,4.92343776e+05,3.35185587e+03,0.00000000e+00,2.30000000e-01,7.69999917e-01,0.00000000e+00
7.39739740e+01,5.12443207e-01,3.47389821e+03,4.95050617e+05,3.35114414e+03,0.00000000e+00,2.30000000e-01,7.69999636e-01,0.00000000e+00
7.40740741e+01,5.15429318e-01,3.47902814e+03,4.97780191e+05,3.35010522e+03,0.00000000e+00,2.30000000e-01,7.69998042e-01,0.00000000e+00
7.41741742e+01,5.18526743e-01,3.48415456e+03,5.00539718e+05,3.34854435e+03,0.00000000e+00,2.30000000e-01,7.70000916e-01,0.00000000e+00
7.42742743e+01,5.21601220e-01,3.48882222e+03,5.03085943e+05,3.34573872e+03,0.00000000e+00,2.30000000e-01,7.70001435e-01,0.00000000e+00
7.43743744e+01,5.24558890e-01,3.49312273e+03,5.05436354e+05,3.34241948e+03,0.00000000e+00,2.30000000e-01,7.70000784e-01,0.00000000e+00
7.44744745e+01,5.27480302e-01,3.49719846e+03,5.07673382e+05,3.33862210e+03,0.00000000e+00,2.30000000e-01,7.69999917e-01,0.00000000e+00
7.45745746e+01,5.30412798e-01,3.50117684e+03,5.09883536e+05,3.33461971e+03,0.00000000e+00,2.30000000e-01,7.69999469e-01,0.00000000e+00
7.46746747e+01,5.33392266e-01,3.50506784e+03,5.12078694e+05,3.33026984e+03,0.00000000e+00,2.30000000e-01,7.69999212e-01,0.00000000e+00
7.47747748e+01,5.36467290e-01,3.50891712e+03,5.14267988e+05,3.32534219e+03,0.00000000e+00,2.30000000e-01,7.69997722e-01,0.00000000e+00
7.48748749e+01,5.39702321e-01,3.51281644e+03,5.16501113e+05,3.31975750e+03,0.00000000e+00,2.30000000e-01,7.69999318e-01,0.00000000e+00
7.49749750e+01,5.42939845e-01,3.51632222e+03,5.18518231e+05,3.31283905e+03,0.00000000e+00,2.30000000e-01,7.70002368e-01,0.00000000e+00
7.50750751e+01,5.45920024e-01,3.51939238e+03,5.20272872e+05,3.30590509e+03,0.00000000e+00,2.30000000e-01,7.70001915e-01,0.00000000e+00
7.51751752e+01,5.48779868e-01,3.52221278e+03,5.21884636e+05,3.29887370e+03,0.00000000e+00,2.30000000e-01,7.69999402e-01,0.00000000e+00
7.52752753e+01,5.51638898e-01,3.52498789e+03,5.23456483e+05,3.29166512e+03,0.00000000e+00,2.30000000e-01,7.69998068e-01,0.00000000e+00
7.53753754e+01,5.54495753e-01,3.52752810e+03,5.24914507e+05,3.28382182e+03,0.00000000e+00,2.30000000e-01,7.69999657e-01,0.00000000e+00
7.54754755e+01,5.57247909e-01,3.52957083e+03,5.26061505e+05,3.27473573e+03,0.00000000e+00,2.30000000e-01,7.70002007e-01,0.00000000e+00
7.55755756e+01,5.59873300e-01,3.53101864e+03,5.26829646e+05,3.26414282e+03,0.00000000e+00,2.30000000e-01,7.70000842e-01,0.00000000e+00
7.56756757e+01,5.62469536e-01,3.53216931e+03,5.27402946e+05,3.25261764e+03,0.00000000e+00,2.30000000e-01,7.69999135e-01,0.00000000e+00
7.57757758e+01,5.65134356e-01,3.53323566e+03,5.27948132e+05,3.24065383e+03,0.00000000e+00,2.30000000e-01,7.69991022e-01,0.00000000e+00
7.58758759e+01,5.67983153e-01,3.53427455e+03,5.28525971e+05,3.22791056e+03,0.00000000e+00,2.30000000e-01,7.69996568e-01,0.00000000e+00
7.59759760e+01,5.70363112e-01,3.53504675e+03,5.28910717e+05,3.21676307e+03,0.00000000e+00,2.30000000e-01,7.70002108e-01,0.00000000e+00
7.60760761e+01,5.71812731e-01,3.53537912e+03,5.29005725e+05,3.20917529e+03,0.00000000e+00,2.30000000e-01,7.70004904e-01,0.00000000e+00
7.61761762e+01,5.72447515e-01,3.53540474e+03,5.28908225e+05,3.20502711e+03,0.00000000e+00,2.30000000e-01,7.70004515e-01,0.00000000e+00
7.62762763e+01,5.72594668e-01,3.53538276e+03,5.28804681e+05,3.20358407e+03,0.00000000e+00,2.30000000e-01,7.70002115e-01,0.00000000e+00
7.63763764e+01,5.72560717e-01,3.53539681e+03,5.28742142e+05,3.20339622e+03,0.00000000e+00,2.30000000e-01,7.70001789e-01,0.00000000e+00
7.64764765e+01,5.72359712e-01,3.53540436e+03,5.28633895e+05,3.20386413e+03,0.00000000e+00,2.30000000e-01,7.70002102e-01,0.00000000e+00
7.65765766e+01,5.71841105e-01,3.53535960e+03,5.28508778e+05,3.20600912e+03,0.00000000e+00,2.30000000e-01,7.70002599e-01,0.00000000e+00
7.66766767e+01,5.70810443e-01,3.53524886e+03,5.28385781e+05,3.21104882e+03,0.00000000e+00,2.30000000e-01,7.70003097e-01,0.00000000e+00
7.67767768e+01,5.69029681e-01,3.53509282e+03,5.28265599e+05,3.22036360e+03,0.00000000e+00,2.30000000e-01,7.70003535e-01,0.00000000e+00
7.68768769e+01,5.66226084e-01,3.53492323e+03,5.28143628e+05,3.23556021e+03,0.00000000e+00,2.30000000e-01,7.70003952e-01,0.00000000e+00
7.69769770e+01,5.62097611e-01,3.53476539e+03,5.28020563e+05,3.25856360e+03,0.00000000e+00,2.30000000e-01,7.70004417e-01,0.00000000e+00
7.70770771e+01,5.56311476e-01,3.53463373e+03,5.27903102e+05,3.29172139e+03,0.00000000e+00,2.30000000e-01,7.70004932e-01,0.00000000e+00
7.71771772e+01,5.48501323e-01,3.53453538e+03,5.27799520e+05,3.33793572e+03,0.00000000e+00,2.30000000e-01,7.70005420e-01,0.00000000e+00
7.72772773e+01,5.38270166e-01,3.53447448e+03,5.27715619e+05,3.40083953e+03,0.00000000e+00,2.30000000e-01,7.70005769e-01,0.00000000e+00
7.73773774e+01,5.25202610e-01,3.53445346e+03,5.27653270e+05,3.48504364e+03,0.00000000e+00,2.30000000e-01,7.70005855e-01,0.00000000e+00
7.74774775e+01,5.08886267e-01,3.53447209e+03,5.27611174e+05,3.59649822e+03,0.00000000e+00,2.30000000e-01,7.70005557e-01,0.00000000e+00
7.75775776e+01,4.88940549e-01,3.53452627e+03,5.27586337e+05,3.74303977e+03,0.00000000e+00,2.30000000e-01,7.70004751e-01,0.00000000e+00
7.76776777e+01,4.65050807e-01,3.53460765e+03,5.27575236e+05,3.93524342e+03,0.00000000e+00,2.30000000e-01,7.70003306e-01,0.00000000e+00
7.77777778e+01,4.37005557e-01,3.53470384e+03,5.27573490e+05,4.18778729e+03,0.00000000e+00,2.30000000e-01,7.70001053e-01,0.00000000e+00
7.78778779e+01,4.04735788e-01,3.53479385e+03,5.27571692e+05,4.52168265e+03,0.00000000e+00,2.30000000e-01,7.69997492e-01,0.00000000e+00
7.79779780e+01,3.68352642e-01,3.53496834e+03,5.27709284e+05,4.96921659e+03,0.00000000e+00,2.30000000e-01,7.70071796e-01,0.00000000e+00
7.80780781e+01,3.30611929e-01,3.53510750e+03,5.27599787e+05,5.53587940e+03,0.00000000e+00,2.30000000e-01,7.69974393e-01,0.00000000e+00
7.81781782e+01,2.99341117e-01,3.53515581e+03,5.27643117e+05,6.11468159e+03,0.00000000e+00,2.30000000e-01,7.69975700e-01,0.00000000e+00
7.82782783e+01,2.74649610e-01,3.53523154e+03,5.27650644e+05,6.66451356e+03,0.00000000e+00,2.30000000e-01,7.69973409e-01,0.00000000e+00
7.83783784e+01,2.55547056e-01,3.53530858e+03,5.27654173e+05,7.16274280e+03,0.00000000e+00,2.30000000e-01,7.69973648e-01,0.00000000e+00
7.84784785e+01,2.41053712e-01,3.53537510e+03,5.27652210e+05,7.59335949e+03,0.00000000e+00,2.30000000e-01,7.69975526e-01,0.00000000e+00
7.85785786e+01,2.30262097e-01,3.53541692e+03,5.27640069e+05,7.94902826e+03,0.00000000e+00,2.30000000e-01,7.69978424e-01,0.00000000e+00
7.86786787e+01,2.22374099e-01,3.53543050e+03,5.27617682e+05,8.23061710e+03,0.00000000e+00,2.30000000e-01,7.69981712e-01,0.00000000e+00
7.87787788e+01,2.16715038e-01,3.53543092e+03,5.27592084e+05,8.44510454e+03,0.00000000e+00,2.30000000e-01,7.69984955e-01,0.00000000e+00
7.88788789e+01,2.12731406e-01,3.53543908e+03,5.27571488e+05,8.60288595e+03,0.00000000e+00,2.30000000e-01,7.69987969e-01,0.00000000e+00
7.89789790e+01,2.09979593e-01,3.53546142e+03,5.27557672e+05,8.71537525e+03,0.00000000e+00,2.30000000e-01,7.69990704e-01,0.00000000e+00
7.90790791e+01,2.08111879e-01,3.53548508e+03,5.27544761e+05,8.79335513e+03,0.00000000e+00,2.30000000e-01,7.69993091e-01,0.00000000e+00
7.91791792e+01,2.06862867e-01,3.53549237e+03,5.27525400e+05,8.84610588e+03,0.00000000e+00,2.30000000e-01,7.69995041e-01,0.00000000e+00
7.92792793e+01,2.06036123e-01,3.53547730e+03,5.27497234e+05,8.88111410e+03,0.00000000e+00,2.30000000e-01,7.69996530e-01,0.00000000e+00
7.93793794e+01,2.05490463e-01,3.53544861e+03,5.27463641e+05,8.90411999e+03,0.00000000e+00,2.30000000e-01,7.69997615e-01,0.00000000e+00
7.94794795e+01,2.05126886e-01,3.53542107e+03,5.27430488e+05,8.91933443e+03,0.00000000e+00,2.30000000e-01,7.69998379e-01,0.00000000e+00
7.95795796e+01,2.04877341e-01,3.53540709e+03,5.27402903e+05,8.92972646e+03,0.00000000e+00,2.30000000e-01,7.69998906e-01,0.00000000e+00
7.96796797e+01,2.04695847e-01,3.53541212e+03,5.27383437e+05,8.93731064e+03,0.00000000e+00,2.30000000e-01,7.69999287e-01,0.00000000e+00
7.97797798e+01,2.04551783e-01,3.53543309e+03,5.27371293e+05,8.94339644e+03,0.00000000e+00,2.30000000e-01,7.69999585e-01,0.00000000e+00
7.98798799e+01,2.04425441e-01,3.53546248e+03,5.27363608e+05,8.94879128e+03,0.00000000e+00,2.30000000e-01,7.69999812e-01,0.00000000e+00
7.99799800e+01,2.04305307e-01,3.53549441e+03,5.27357965e+05,8.95395593e+03,0.00000000e+00,2.30000000e-01,7.69999978e-01,0.00000000e+00
8.00800801e+01,2.04186004e-01,3.53552615e+03,5.27352947e+05,8.95910163e+03,0.00000000e+00,2.30000000e-01,7.70000053e-01,0.00000000e+00
8.01801802e+01,2.04065475e-01,3.53555689e+03,5.27348302e+05,8.96431366e+03,0.00000000e+00,2.30000000e-01,7.70000118e-01,0.00000000e+00
8.02802803e+01,2.03940591e-01,3.53558673e+03,5.27343688e+05,8.96972422e+03,0.00000000e+00,2.30000000e-01,7.70000154e-01,0.00000000e+00
8.03803804e+01,2.03807126e-01,3.53561660e+03,5.27338434e+05,8.97550868e+03,0.00000000e+00,2.30000000e-01,7.70000153e-01,0.00000000e+00
8.04804805e+01,2.03660821e-01,3.53564733e+03,5.27331993e+05,8.98184720e+03,0.00000000e+00,2.30000000e-01,7.70000110e-01,0.00000000e+00
8.05805806e+01,2.03498608e-01,3.53567818e+03,5.27324585e+05,8.98888131e+03,0.00000000e+00,2.30000000e-01,7.70000025e-01,0.00000000e+00
8.06806807e+01,2.03319679e-01,3.53570786e+03,5.27319136e+05,8.99669299e+03,0.00000000e+00,2.30000000e-01,7.70000663e-01,0.00000000e+00
8.07807808e+01,2.03133303e-01,3.53572450e+03,5.27313627e+05,9.00486119e+03,0.00000000e+00,2.30000000e-01,7.69999825e-01,0.00000000e+00
8.08808809e+01,2.02974085e-01,3.53573070e+03,5.27309490e+05,9.01185460e+03,0.00000000e+00,2.30000000e-01,7.69999777e-01,0.00000000e+00
8.09809810e+01,2.02844483e-01,3.53575024e+03,5.27306457e+05,9.01756134e+03,0.00000000e+00,2.30000000e-01,7.69999694e-01,0.00000000e+00
8.10810811e+01,2.02738568e-01,3.53578417e+03,5.27305048e+05,9.02224826e+03,0.00000000e+00,2.30000000e-01,7.69999691e-01,0.00000000e+00
8.11811812e+01,2.02649612e-01,3.53580729e+03,5.27300482e+05,9.02612927e+03,0.00000000e+00,2.30000000e-01,7.69999828e-01,0.00000000e+00
8.12812813e+01,2.02570148e-01,3.53580015e+03,5.27287379e+05,9.02944463e+03,0.00000000e+00,2.30000000e-01,7.69999935e-01,0.00000000e+00
8.13813814e+01,2.02494781e-01,3.53577063e+03,5.27267680e+05,9.03246748e+03,0.00000000e+00,2.30000000e-01,7.69999976e-01,0.00000000e+00
8.14814815e+01,2.02421147e-01,3.53572720e+03,5.27240997e+05,9.03529581e+03,0.00000000e+00,2.30000000e-01,7.69999992e-01,0.00000000e+00
8.15815816e+01,2.02348589e-01,3.53566934e+03,5.27206420e+05,9.03794279e+03,0.00000000e+00,2.30000000e-01,7.70000003e-01,0.00000000e+00
8.16816817e+01,2.02277067e-01,3.53559225e+03,5.27163955e+05,9.04041017e+03,0.00000000e+00,2.30000000e-01,7.70000013e-01,0.00000000e+00
8.17817818e+01,2.02206346e-01,3.53549399e+03,5.27114207e+05,9.04271852e+03,0.00000000e+00,2.30000000e-01,7.70000016e-01,0.00000000e+00
8.18818819e+01,2.02135945e-01,3.53537530e+03,5.27058151e+05,9.04490596e+03,0.00000000e+00,2.30000000e-01,7.70000021e-01,0.00000000e+00
8.19819820e+01,2.02065226e-01,3.53523744e+03,5.26995682e+05,9.04699893e+03,0.00000000e+00,2.30000000e-01,7.70000041e-01,0.00000000e+00
8.20820821e+01,2.01993054e-01,3.53508177e+03,5.26923814e+05,9.04899678e+03,0.00000000e+00,2.30000000e-01,7.70000087e-01,0.00000000e+00
8.21821822e+01,2.01917974e-01,3.53489556e+03,5.26837727e+05,9.05088070e+03,0.00000000e+00,2.30000000e-01,7.70000285e-01,0.00000000e+00
8.22822823e+01,2.01835930e-01,3.53462686e+03,5.26722577e+05,9.05257429e+03,0.00000000e+00,2.30000000e-01,7.70000977e-01,0.00000000e+00
8.23823824e+01,2.01731901e-01,3.53411550e+03,5.26523774e+05,9.05380229e+03,0.00000000e+00,2.30000000e-01,7.70003308e-01,0.00000000e+00
8.24824825e+01,2.01550622e-01,3.53289254e+03,5.26042824e+05,9.05360059e+03,0.00000000e+00,2.30000000e-01,7.70010527e-01,0.00000000e+00
8.25825826e+01,2.01123120e-01,3.52933976e+03,5.24678738e+05,9.04910011e+03,0.00000000e+00,2.30000000e-01,7.70033900e-01,0.00000000e+00
8.26826827e+01,1.99906506e-01,3.51818884e+03,5.20506556e+05,9.03108118e+03,0.00000000e+00,2.30000000e-01,7.70108729e-01,0.00000000e+00
8.27827828e+01,1.96135349e-01,3.48251981e+03,5.07256975e+05,8.96832222e+03,0.00000000e+00,2.30000000e-01,7.70335622e-01,0.00000000e+00
8.28828829e+01,1.84430533e-01,3.36416624e+03,4.65531177e+05,8.74744504e+03,0.00000000e+00,2.30000000e-01,7.70948357e-01,0.00000000e+00
8.29829830e+01,1.49193300e-01,2.94259009e+03,3.37591673e+05,7.84849193e+03,0.00000000e+00,2.29187102e-01,7.70812898e-01,0.00000000e+00
8.30830831e+01,7.60851906e-02,1.57145426e+03,1.00592477e+05,4.58731202e+03,0.00000000e+00,2.31864164e-01,7.68135836e-01,0.00000000e+00
8.31831832e+01,3.98000225e-02,2.12902469e+02,8.86754643e+03,7.72980513e+02,0.00000000e+00,2.31064911e-01,7.68935089e-01,0.00000000e+00
8.32832833e+01,3.48777062e-02,4.33962723e+00,3.05607149e+03,3.04008262e+02,0.00000000e+00,2.30000000e-01,7.69819494e-01,0.00000000e+00
8.33833834e+01,3.46914840e-02,3.57497242e-02,3.00041463e+03,3.00018973e+02,0.00000000e+00,2.30000000e-01,7.69997217e-01,0.00000000e+00
8.34834835e+01,3.46888096e-02,2.69339964e-04,3.00000305e+03,3.00000098e+02,0.00000000e+00,2.30000000e-01,7.69999962e-01,0.00000000e+00
8.35835836e+01,3.46887845e-02,1.96183320e-06,3.00000002e+03,3.00000001e+02,0.00000000e+00,2.30000000e-01,7.70000000e-01,0.00000000e+00
8.36836837e+01,3.46887843e-02,1.41880576e-08,3.00000000e+03,3.00000000e+02,0.00000000e+00,2.30000000e-01,7.70000000e-01,0.00000000e+00
8.37837838e+01,3.46887843e-02,1.02550971e-10,3.00000000e+03,3.00000000e+02,0.00000000e+00,2.30000000e-01,7.70000000e-01,0.00000000e+00
8.38838839e+01,3.46887843e-02,7.40907747e-13,3.00000000e+03,3.00000000e+02,0.00000000e+00,2.30000000e-01,7.70000000e-01,0.00000000e+00
8.39839840e+01,3.46887843e-02,4.57350084e-15,3.00000000e+03,3.00000000e+02,0.00000000e+00,2.30000000e-01,7.70000000e-01,0.00000000e+00
8.40840841e+01,3.46887843e-02,0.00000000e+00,3.00000000e+03,3.00000000e+02,0.00000000e+00,2.30000000e-01,7.70000000e-01,0.00000000e+00
8.41841842e+01,3.46887843e-02,0.00000000e+00,3.00000000e+03,3.00000000e+02,0.00000000e+00,2.30000000e-01,7.70000000e-01,0.00000000e+00
8.42842843e+01,3.46887843e-02,0.00000000e+00,3.00000000e+03,3.00000000e+02,0.00000000e+00,2.30000000e-01,7.70000000e-01,0.00000000e+00
8.43843844e+01,3.46887843e-02,0.00000000e+00,3.00000000e+03,3.00000000e+02,0.00000000e+00,2.30000000e-01,7.70000000e-01,0.00000000e+00
8.44844845e+01,3.46887843e-02,0.00000000e+00,3.00000000e+03,3.00000000e+02,0.00000000e+00,2.30000000e-01,7.70000000e-01,0.00000000e+00
8.45845846e+01,3.46887843e-02,0.00000000e+00,3.00000000e+03,3.00000000e+02,0.00000000e+00,2.30000000e-01,7.70000000e-01,0.00000000e+00
8.46846847e+01,3.46887843e-02,0.00000000e+00,3.00000000e+03,3.00000000e+02,0.00000000e+00,2.30000000e-01,7.70000000e-01,0.00000000e+00
8.47847848e+01,3.46887843e-02,0.00000000e+00,3.00000000e+03,3.00000000e+02,0.00000000e+00,2.30000000e-01,7.70000000e-01,0.00000000e+00
8.48848849e+01,3.46887843e-02,0.00000000e+00,3.00000000e+03,3.00000000e+02,0.00000000e+00,2.30000000e-01,7.70000000e-01,0.00000000e+00
8.49849850e+01,3.46887843e-02,0.00000000e+00,3.00000000e+03,3.00000000e+02,0.00000000e+00,2.30000000e-01,7.70000000e-01,0.00000000e+00
8.50850851e+01,3.46887843e-02,0.00000000e+00,3.00000000e+03,3.00000000e+02,0.00000000e+00,2.30000000e-01,7.70000000e-01,0.00000000e+00
8.51851852e+01,3.46887843e-02,0.00000000e+00,3.00000000e+03,3.00000000e+02,0.00000000e+00,2.30000000e-01,7.70000000e-01,0.00000000e+00
8.52852853e+01,3.46887843e-02,0.00000000e+00,3.00000000e+03,3.00000000e+02,0.00000000e+00,2.30000000e-01,7.70000000e-01,0.00000000e+00
8.53853854e+01,3.46887843e-02,0.00000000e+00,3.00000000e+03,3.00000000e+02,0.00000000e+00,2.30000000e-01,7.70000000e-01,0.00000000e+00
8.54854855e+01,3.46887843e-02,0.00000000e+00,3.00000000e+03,3.00000000e+02,0.00000000e+00,2.30000000e-01,7.70000000e-01,0.00000000e+00
8.55855856e+01,3.46887843e-02,0.00000000e+00,3.00000000e+03,3.00000000e+02,0.00000000e+00,2.30000000e-01,7.70000000e-01,0.00000000e+00
8.56856857e+01,3.46887843e-02,0.00000000e+00,3.00000000e+03,3.00000000e+02,0.00000000e+00,2.30000000e-01,7.70000000e-01,0.00000000e+00
8.57857858e+01,3.46887843e-02,0.00000000e+00,3.00000000e+03,3.00000000e+02,0.00000000e+00,2.30000000e-01,7.70000000e-01,0.00000000e+00
8.58858859e+01,3.46887843e-02,0.00000000e+00,3.00000000e+03,3.00000000e+02,0.00000000e+00,2.30000000e-01,7.70000000e-01,0.00000000e+00
8.59859860e+01,3.46887843e-02,0.00000000e+00,3.00000000e+03,3.00000000e+02,0.00000000e+00,2.30000000e-01,7.70000000e-01,0.00000000e+00
8.60860861e+01,3.46887843e-02,0.00000000e+00,3.00000000e+03,3.00000000e+02,0.00000000e+00,2.30000000e-01,7.70000000e-01,0.00000000e+00
8.61861862e+01,3.46887843e-02,0.00000000e+00,3.00000000e+03,3.00000000e+02,0.00000000e+00,2.30000000e-01,7.70000000e-01,0.00000000e+00
8.62862863e+01,3.46887843e-02,0.00000000e+00,3.00000000e+03,3.00000000e+02,0.00000000e+00,2.30000000e-01,7.70000000e-01,0.00000000e+00
8.63863864e+01,3.46887843e-02,0.00000000e+00,3.00000000e+03,3.00000000e+02,0.00000000e+00,2.30000000e-01,7.70000000e-01,0.00000000e+00
8.64864865e+01,3.46887843e-02,0.00000000e+00,3.00000000e+03,3.00000000e+02,0.00000000e+00,2.30000000e-01,7.70000000e-01,0.00000000e+00
8.65865866e+01,3.46887843e-02,0.00000000e+00,3.00000000e+03,3.00000000e+02,0.00000000e+00,2.30000000e-01,7.70000000e-01,0.00000000e+00
8.66866867e+01,3.46887843e-02,0.00000000e+00,3.00000000e+03,3.00000000e+02,0.00000000e+00,2.30000000e-01,7.70000000e-01,0.00000000e+00
8.67867868e+01,3.46887843e-02,0.00000000e+00,3.00000000e+03,3.00000000e+02,0.00000000e+00,2.30000000e-01,7.70000000e-01,0.00000000e+00
8.68868869e+01,3.46887843e-02,0.00000000e+00,3.00000000e+03,3.00000000e+02,0.00000000e+00,2.30000000e-01,7.70000000e-01,0.00000000e+00
8.69869870e+01,3.46887843e-02,0.00000000e+00,3.00000000e+03,3.00000000e+02,0.00000000e+00,2.30000000e-01,7.70000000e-01,0.00000000e+00
8.70870871e+01,3.46887843e-02,0.00000000e+00,3.00000000e+03,3.00000000e+02,0.00000000e+00,2.30000000e-01,7.70000000e-01,0.00000000e+00
8.71871872e+01,3.46887843e-02,0.00000000e+00,3.00000000e+03,3.00000000e+02,0.00000000e+00,2.30000000e-01,7.70000000e-01,0.00000000e+00
8.72872873e+01,3.46887843e-02,0.00000000e+00,3.00000000e+03,3.00000000e+02,0.00000000e+00,2.30000000e-01,7.70000000e-01,0.00000000e+00
8.73873874e+01,3.46887843e-02,0.00000000e+00,3.00000000e+03,3.00000000e+02,0.00000000e+00,2.30000000e-01,7.70000000e-01,0.00000000e+00
8.74874875e+01,3.46887843e-02,0.00000000e+00,3.00000000e+03,3.00000000e+02,0.00000000e+00,2.30000000e-01,7.70000000e-01,0.00000000e+00
8.75875876e+01,3.46887843e-02,0.00000000e+00,3.00000000e+03,3.00000000e+02,0.00000000e+00,2.30000000e-01,7.70000000e-01,0.00000000e+00
8.76876877e+01,3.46887843e-02,0.00000000e+00,3.00000000e+03,3.00000000e+02,0.00000000e+00,2.30000000e-01,7.70000000e-01,0.00000000e+00
8.77877878e+01,3.46887843e-02,0.00000000e+00,3.00000000e+03,3.00000000e+02,0.00000000e+00,2.30000000e-01,7.70000000e-01,0.00000000e+00
8.78878879e+01,3.46887843e-02,0.00000000e+00,3.00000000e+03,3.00000000e+02,0.00000000e+00,2.30000000e-01,7.70000000e-01,0.00000000e+00
8.79879880e+01,3.46887843e-02,0.00000000e+00,3.00000000e+03,3.00000000e+02,0.00000000e+00,2.30000000e-01,7.70000000e-01,0.00000000e+00
8.80880881e+01,3.46887843e-02,0.00000000e+00,3.00000000e+03,3.00000000e+02,0.00000000e+00,2.30000000e-01,7.70000000e-01,0.00000000e+00
8.81881882e+01,3.46887843e-02,0.00000000e+00,3.00000000e+03,3.00000000e+02,0.00000000e+00,2.30000000e-01,7.70000000e-01,0.00000000e+00
8.82882883e+01,3.46887843e-02,0.00000000e+00,3.00000000e+03,3.00000000e+02,0.00000000e+00,2.30000000e-01,7.70000000e-01,0.00000000e+00
8.83883884e+01,3.46887843e-02,0.00000000e+00,3.00000000e+03,3.00000000e+02,0.00000000e+00,2.30000000e-01,7.70000000e-01,0.00000000e+00
8.84884885e+01,3.46887843e-02,0.00000000e+00,3.00000000e+03,3.00000000e+02,0.00000000e+00,2.30000000e-01,7.70000000e-01,0.00000000e+00
8.85885886e+01,3.46887843e-02,0.00000000e+00,3.00000000e+03,3.00000000e+02,0.00000000e+00,2.30000000e-01,7.70000000e-01,0.00000000e+00
8.86886887e+01,3.46887843e-02,0.00000000e+00,3.00000000e+03,3.00000000e+02,0.00000000e+00,2.30000000e-01,7.70000000e-01,0.00000000e+00
8.87887888e+01,3.46887843e-02,0.00000000e+00,3.00000000e+03,3.00000000e+02,0.00000000e+00,2.30000000e-01,7.70000000e-01,0.00000000e+00
8.88888889e+01,3.46887843e-02,0.00000000e+00,3.00000000e+03,3.00000000e+02,0.00000000e+00,2.30000000e-01,7.70000000e-01,0.00000000e+00
8.89889890e+01,3.46887843e-02,0.00000000e+00,3.00000000e+03,3.00000000e+02,0.00000000e+00,2.30000000e-01,7.70000000e-01,0.00000000e+00
8.90890891e+01,3.46887843e-02,0.00000000e+00,3.00000000e+03,3.00000000e+02,0.00000000e+00,2.30000000e-01,7.70000000e-01,0.00000000e+00
8.91891892e+01,3.46887843e-02,0.00000000e+00,3.00000000e+03,3.00000000e+02,0.00000000e+00,2.30000000e-01,7.70000000e-01,0.00000000e+00
8.92892893e+01,3.46887843e-02,0.00000000e+00,3.00000000e+03,3.00000000e+02,0.00000000e+00,2.30000000e-01,7.70000000e-01,0.00000000e+00
8.93893894e+01,3.46887843e-02,0.00000000e+00,3.00000000e+03,3.00000000e+02,0.00000000e+00,2.30000000e-01,7.70000000e-01,0.00000000e+00
8.94894895e+01,3.46887843e-02,0.00000000e+00,3.00000000e+03,3.00000000e+02,0.00000000e+00,2.30000000e-01,7.70000000e-01,0.00000000e+00
8.95895896e+01,3.46887843e-02,0.00000000e+00,3.00000000e+03,3.00000000e+02,0.00000000e+00,2.30000000e-01,7.70000000e-01,0.00000000e+00
8.96896897e+01,3.46887843e-02,0.00000000e+00,3.00000000e+03,3.00000000e+02,0.00000000e+00,2.30000000e-01,7.70000000e-01,0.00000000e+00
8.97897898e+01,3.46887843e-02,0.00000000e+00,3.00000000e+03,3.00000000e+02,0.00000000e+00,2.30000000e-01,7.70000000e-01,0.00000000e+00
8.98898899e+01,3.46887843e-02,0.00000000e+00,3.00000000e+03,3.00000000e+02,0.00000000e+00,2.30000000e-01,7.70000000e-01,0.00000000e+00
8.99899900e+01,3.46887843e-02,0.00000000e+00,3.00000000e+03,3.00000000e+02,0.00000000e+00,2.30000000e-01,7.70000000e-01,0.00000000e+00
9.00900901e+01,3.46887843e-02,0.00000000e+00,3.00000000e+03,3.00000000e+02,0.00000000e+00,2.30000000e-01,7.70000000e-01,0.00000000e+00
9.01901902e+01,3.46887843e-02,0.00000000e+00,3.00000000e+03,3.00000000e+02,0.00000000e+00,2.30000000e-01,7.70000000e-01,0.00000000e+00
9.02902903e+01,3.46887843e-02,0.00000000e+00,3.00000000e+03,3.00000000e+02,0.00000000e+00,2.30000000e-01,7.70000000e-01,0.00000000e+00
9.03903904e+01,3.46887843e-02,0.00000000e+00,3.00000000e+03,3.00000000e+02,0.00000000e+00,2.30000000e-01,7.70000000e-01,0.00000000e+00
9.04904905e+01,3.46887843e-02,0.00000000e+00,3.00000000e+03,3.00000000e+02,0.00000000e+00,2.30000000e-01,7.70000000e-01,0.00000000e+00
9.05905906e+01,3.46887843e-02,0.00000000e+00,3.00000000e+03,3.00000000e+02,0.00000000e+00,2.30000000e-01,7.70000000e-01,0.00000000e+00
9.06906907e+01,3.46887843e-02,0.00000000e+00,3.00000000e+03,3.00000000e+02,0.00000000e+00,2.30000000e-01,7.70000000e-01,0.00000000e+00
9.07907908e+01,3.46887843e-02,0.00000000e+00,3.00000000e+03,3.00000000e+02,0.00000000e+00,2.30000000e-01,7.70000000e-01,0.00000000e+00
9.08908909e+01,3.46887843e-02,0.00000000e+00,3.00000000e+03,3.00000000e+02,0.00000000e+00,2.30000000e-01,7.70000000e-01,0.00000000e+00
9.09909910e+01,3.46887843e-02,0.00000000e+00,3.00000000e+03,3.00000000e+02,0.00000000e+00,2.30000000e-01,7.70000000e-01,0.00000000e+00
9.10910911e+01,3.46887843e-02,0.00000000e+00,3.00000000e+03,3.00000000e+02,0.00000000e+00,2.30000000e-01,7.70000000e-01,0.00000000e+00
9.11911912e+01,3.46887843e-02,0.00000000e+00,3.00000000e+03,3.00000000e+02,0.00000000e+00,2.30000000e-01,7.70000000e-01,0.00000000e+00
9.12912913e+01,3.46887843e-02,0.00000000e+00,3.00000000e+03,3.00000000e+02,0.00000000e+00,2.30000000e-01,7.70000000e-01,0.00000000e+00
9.13913914e+01,3.46887843e-02,0.00000000e+00,3.00000000e+03,3.00000000e+02,0.00000000e+00,2.30000000e-01,7.70000000e-01,0.00000000e+00
9.14914915e+01,3.46887843e-02,0.00000000e+00,3.00000000e+03,3.00000000e+02,0.00000000e+00,2.30000000e-01,7.70000000e-01,0.00000000e+00
9.15915916e+01,3.46887843e-02,0.00000000e+00,3.00000000e+03,3.00000000e+02,0.00000000e+00,2.30000000e-01,7.70000000e-01,0.00000000e+00
9.16916917e+01,3.46887843e-02,0.00000000e+00,3.00000000e+03,3.00000000e+02,0.00000000e+00,2.30000000e-01,7.70000000e-01,0.00000000e+00
9.17917918e+01,3.46887843e-02,0.00000000e+00,3.00000000e+03,3.00000000e+02,0.00000000e+00,2.30000000e-01,7.70000000e-01,0.00000000e+00
9.18918919e+01,3.46887843e-02,0.00000000e+00,3.00000000e+03,3.00000000e+02,0.00000000e+00,2.30000000e-01,7.70000000e-01,0.00000000e+00
9.19919920e+01,3.46887843e-02,0.00000000e+00,3.00000000e+03,3.00000000e+02,0.00000000e+00,2.30000000e-01,7.70000000e-01,0.00000000e+00
9.20920921e+01,3.46887843e-02,0.00000000e+00,3.00000000e+03,3.00000000e+02,0.00000000e+00,2.30000000e-01,7.70000000e-01,0.00000000e+00
9.21921922e+01,3.46887843e-02,0.00000000e+00,3.00000000e+03,3.00000000e+02,0.00000000e+00,2.30000000e-01,7.70000000e-01,0.00000000e+00
9.22922923e+01,3.46887843e-02,0.00000000e+00,3.00000000e+03,3.00000000e+02,0.00000000e+00,2.30000000e-01,7.70000000e-01,0.00000000e+00
9.23923924e+01,3.46887843e-02,0.00000000e+00,3.00000000e+03,3.00000000e+02,0.00000000e+00,2.30000000e-01,7.70000000e-01,0.00000000e+00
9.24924925e+01,3.46887843e-02,0.00000000e+00,3.00000000e+03,3.00000000e+02,0.00000000e+00,2.30000000e-01,7.70000000e-01,0.00000000e+00
9.25925926e+01,3.46887843e-02,0.00000000e+00,3.00000000e+03,3.00000000e+02,0.00000000e+00,2.30000000e-01,7.70000000e-01,0.00000000e+00
9.26926927e+01,3.46887843e-02,0.00000000e+00,3.00000000e+03,3.00000000e+02,0.00000000e+00,2.30000000e-01,7.70000000e-01,0.00000000e+00
9.27927928e+01,3.46887843e-02,0.00000000e+00,3.00000000e+03,3.00000000e+02,0.00000000e+00,2.30000000e-01,7.70000000e-01,0.00000000e+00
9.28928929e+01,3.46887843e-02,0.00000000e+00,3.00000000e+03,3.00000000e+02,0.00000000e+00,2.30000000e-01,7.70000000e-01,0.00000000e+00
9.29929930e+01,3.46887843e-02,0.00000000e+00,3.00000000e+03,3.00000000e+02,0.00000000e+00,2.30000000e-01,7.70000000e-01,0.00000000e+00
9.30930931e+01,3.46887843e-02,0.00000000e+00,3.00000000e+03,3.00000000e+02,0.00000000e+00,2.30000000e-01,7.70000000e-01,0.00000000e+00
9.31931932e+01,3.46887843e-02,0.00000000e+00,3.00000000e+03,3.00000000e+02,0.00000000e+00,2.30000000e-01,7.70000000e-01,0.00000000e+00
9.32932933e+01,3.46887843e-02,0.00000000e+00,3.00000000e+03,3.00000000e+02,0.00000000e+00,2.30000000e-01,7.70000000e-01,0.00000000e+00
9.33933934e+01,3.46887843e-02,0.00000000e+00,3.00000000e+03,3.00000000e+02,0.00000000e+00,2.30000000e-01,7.70000000e-01,0.00000000e+00
9.34934935e+01,3.46887843e-02,0.00000000e+00,3.00000000e+03,3.00000000e+02,0.00000000e+00,2.30000000e-01,7.70000000e-01,0.00000000e+00
9.35935936e+01,3.46887843e-02,0.00000000e+00,3.00000000e+03,3.00000000e+02,0.00000000e+00,2.30000000e-01,7.70000000e-01,0.00000000e+00
9.36936937e+01,3.46887843e-02,0.00000000e+00,3.00000000e+03,3.00000000e+02,0.00000000e+00,2.30000000e-01,7.70000000e-01,0.00000000e+00
9.37937938e+01,3.46887843e-02,0.00000000e+00,3.00000000e+03,3.00000000e+02,0.00000000e+00,2.30000000e-01,7.70000000e-01,0.00000000e+00
9.38938939e+01,3.46887843e-02,0.00000000e+00,3.00000000e+03,3.00000000e+02,0.00000000e+00,2.30000000e-01,7.70000000e-01,0.00000000e+00
9.39939940e+01,3.46887843e-02,0.00000000e+00,3.00000000e+03,3.00000000e+02,0.00000000e+00,2.30000000e-01,7.70000000e-01,0.00000000e+00
9.40940941e+01,3.46887843e-02,0.00000000e+00,3.00000000e+03,3.00000000e+02,0.00000000e+00,2.30000000e-01,7.70000000e-01,0.00000000e+00
9.41941942e+01,3.46887843e-02,0.00000000e+00,3.00000000e+03,3.00000000e+02,0.00000000e+00,2.30000000e-01,7.70000000e-01,0.00000000e+00
9.42942943e+01,3.46887843e-02,0.00000000e+00,3.00000000e+03,3.00000000e+02,0.00000000e+00,2.30000000e-01,7.70000000e-01,0.00000000e+00
9.43943944e+01,3.46887843e-02,0.00000000e+00,3.00000000e+03,3.00000000e+02,0.00000000e+00,2.30000000e-01,7.70000000e-01,0.00000000e+00
9.44944945e+01,3.46887843e-02,0.00000000e+00,3.00000000e+03,3.00000000e+02,0.00000000e+00,2.30000000e-01,7.70000000e-01,0.00000000e+00
9.45945946e+01,3.46887843e-02,0.00000000e+00,3.00000000e+03,3.00000000e+02,0.00000000e+00,2.30000000e-01,7.70000000e-01,0.00000000e+00
9.46946947e+01,3.46887843e-02,0.00000000e+00,3.00000000e+03,3.00000000e+02,0.00000000e+00,2.30000000e-01,7.70000000e-01,0.00000000e+00
9.47947948e+01,3.46887843e-02,0.00000000e+00,3.00000000e+03,3.00000000e+02,0.00000000e+00,2.30000000e-01,7.70000000e-01,0.00000000e+00
9.48948949e+01,3.46887843e-02,0.00000000e+00,3.00000000e+03,3.00000000e+02,0.00000000e+00,2.30000000e-01,7.70000000e-01,0.00000000e+00
9.49949950e+01,3.46887843e-02,0.00000000e+00,3.00000000e+03,3.00000000e+02,0.00000000e+00,2.30000000e-01,7.70000000e-01,0.00000000e+00
9.50950951e+01,3.46887843e-02,0.00000000e+00,3.00000000e+03,3.00000000e+02,0.00000000e+00,2.30000000e-01,7.70000000e-01,0.00000000e+00
9.51951952e+01,3.46887843e-02,0.00000000e+00,3.00000000e+03,3.00000000e+02,0.00000000e+00,2.30000000e-01,7.70000000e-01,0.00000000e+00
9.52952953e+01,3.46887843e-02,0.00000000e+00,3.00000000e+03,3.00000000e+02,0.00000000e+00,2.30000000e-01,7.70000000e-01,0.00000000e+00
9.53953954e+01,3.46887843e-02,0.00000000e+00,3.00000000e+03,3.00000000e+02,0.00000000e+00,2.30000000e-01,7.70000000e-01,0.00000000e+00
9.54954955e+01,3.46887843e-02,0.00000000e+00,3.00000000e+03,3.00000000e+02,0.00000000e+00,2.30000000e-01,7.70000000e-01,0.00000000e+00
9.55955956e+01,3.46887843e-02,0.00000000e+00,3.00000000e+03,3.00000000e+02,0.00000000e+00,2.30000000e-01,7.70000000e-01,0.00000000e+00
9.56956957e+01,3.46887843e-02,0.00000000e+00,3.00000000e+03,3.00000000e+02,0.00000000e+00,2.30000000e-01,7.70000000e-01,0.00000000e+00
9.57957958e+01,3.46887843e-02,0.00000000e+00,3.00000000e+03,3.00000000e+02,0.00000000e+00,2.30000000e-01,7.70000000e-01,0.00000000e+00
9.58958959e+01,3.46887843e-02,0.00000000e+00,3.00000000e+03,3.00000000e+02,0.00000000e+00,2.30000000e-01,7.70000000e-01,0.00000000e+00
9.59959960e+01,3.46887843e-02,0.00000000e+00,3.00000000e+03,3.00000000e+02,0.00000000e+00,2.30000000e-01,7.70000000e-01,0.00000000e+00
9.60960961e+01,3.46887843e-02,0.00000000e+00,3.00000000e+03,3.00000000e+02,0.00000000e+00,2.30000000e-01,7.70000000e-01,0.00000000e+00
9.61961962e+01,3.46887843e-02,0.00000000e+00,3.00000000e+03,3.00000000e+02,0.00000000e+00,2.30000000e-01,7.70000000e-01,0.00000000e+00
9.62962963e+01,3.46887843e-02,0.00000000e+00,3.00000000e+03,3.00000000e+02,0.00000000e+00,2.30000000e-01,7.70000000e-01,0.00000000e+00
9.63963964e+01,3.46887843e-02,0.00000000e+00,3.00000000e+03,3.00000000e+02,0.00000000e+00,2.30000000e-01,7.70000000e-01,0.00000000e+00
9.64964965e+01,3.46887843e-02,0.00000000e+00,3.00000000e+03,3.00000000e+02,0.00000000e+00,2.30000000e-01,7.70000000e-01,0.00000000e+00
9.65965966e+01,3.46887843e-02,0.00000000e+00,3.00000000e+03,3.00000000e+02,0.00000000e+00,2.30000000e-01,7.70000000e-01,0.00000000e+00
9.66966967e+01,3.46887843e-02,0.00000000e+00,3.00000000e+03,3.00000000e+02,0.00000000e+00,2.30000000e-01,7.70000000e-01,0.00000000e+00
9.67967968e+01,3.46887843e-02,0.00000000e+00,3.00000000e+03,3.00000000e+02,0.00000000e+00,2.30000000e-01,7.70000000e-01,0.00000000e+00
9.68968969e+01,3.46887843e-02,0.00000000e+00,3.00000000e+03,3.00000000e+02,0.00000000e+00,2.30000000e-01,7.70000000e-01,0.00000000e+00
9.69969970e+01,3.46887843e-02,0.00000000e+00,3.00000000e+03,3.00000000e+02,0.00000000e+00,2.30000000e-01,7.70000000e-01,0.00000000e+00
9.70970971e+01,3.46887843e-02,0.00000000e+00,3.00000000e+03,3.00000000e+02,0.00000000e+00,2.30000000e-01,7.70000000e-01,0.00000000e+00
9.71971972e+01,3.46887843e-02,0.00000000e+00,3.00000000e+03,3.00000000e+02,0.00000000e+00,2.30000000e-01,7.70000000e-01,0.00000000e+00
9.72972973e+01,3.46887843e-02,0.00000000e+00,3.00000000e+03,3.00000000e+02,0.00000000e+00,2.30000000e-01,7.70000000e-01,0.00000000e+00
9.73973974e+01,3.46887843e-02,0.00000000e+00,3.00000000e+03,3.00000000e+02,0.00000000e+00,2.30000000e-01,7.70000000e-01,0.00000000e+00
9.74974975e+01,3.46887843e-02,0.00000000e+00,3.00000000e+03,3.00000000e+02,0.00000000e+00,2.30000000e-01,7.70000000e-01,0.00000000e+00
9.75975976e+01,3.46887843e-02,0.00000000e+00,3.00000000e+03,3.00000000e+02,0.00000000e+00,2.30000000e-01,7.70000000e-01,0.00000000e+00
9.76976977e+01,3.46887843e-02,0.00000000e+00,3.00000000e+03,3.00000000e+02,0.00000000e+00,2.30000000e-01,7.70000000e-01,0.00000000e+00
9.77977978e+01,3.46887843e-02,0.00000000e+00,3.00000000e+03,3.00000000e+02,0.00000000e+00,2.30000000e-01,7.70000000e-01,0.00000000e+00
9.78978979e+01,3.46887843e-02,0.00000000e+00,3.00000000e+03,3.00000000e+02,0.00000000e+00,2.30000000e-01,7.70000000e-01,0.00000000e+00
9.79979980e+01,3.46887843e-02,0.00000000e+00,3.00000000e+03,3.00000000e+02,0.00000000e+00,2.30000000e-01,7.70000000e-01,0.00000000e+00
9.80980981e+01,3.46887843e-02,0.00000000e+00,3.00000000e+03,3.00000000e+02,0.00000000e+00,2.30000000e-01,7.70000000e-01,0.00000000e+00
9.81981982e+01,3.46887843e-02,0.00000000e+00,3.00000000e+03,3.00000000e+02,0.00000000e+00,2.30000000e-01,7.70000000e-01,0.00000000e+00
9.82982983e+01,3.46887843e-02,0.00000000e+00,3.00000000e+03,3.00000000e+02,0.00000000e+00,2.30000000e-01,7.70000000e-01,0.00000000e+00
9.83983984e+01,3.46887843e-02,0.00000000e+00,3.00000000e+03,3.00000000e+02,0.00000000e+00,2.30000000e-01,7.70000000e-01,0.00000000e+00
9.84984985e+01,3.46887843e-02,0.00000000e+00,3.00000000e+03,3.00000000e+02,0.00000000e+00,2.30000000e-01,7.70000000e-01,0.00000000e+00
9.85985986e+01,3.46887843e-02,0.00000000e+00,3.00000000e+03,3.00000000e+02,0.00000000e+00,2.30000000e-01,7.70000000e-01,0.00000000e+00
9.86986987e+01,3.46887843e-02,0.00000000e+00,3.00000000e+03,3.00000000e+02,0.00000000e+00,2.30000000e-01,7.70000000e-01,0.00000000e+00
9.87987988e+01,3.46887843e-02,0.00000000e+00,3.00000000e+03,3.00000000e+02,0.00000000e+00,2.30000000e-01,7.70000000e-01,0.00000000e+00
9.88988989e+01,3.46887843e-02,0.00000000e+00,3.00000000e+03,3.00000000e+02,0.00000000e+00,2.30000000e-01,7.70000000e-01,0.00000000e+00
9.89989990e+01,3.46887843e-02,0.00000000e+00,3.00000000e+03,3.00000000e+02,0.00000000e+00,2.30000000e-01,7.70000000e-01,0.00000000e+00
9.90990991e+01,3.46887843e-02,0.00000000e+00,3.00000000e+03,3.00000000e+02,0.00000000e+00,2.30000000e-01,7.70000000e-01,0.00000000e+00
9.91991992e+01,3.46887843e-02,0.00000000e+00,3.00000000e+03,3.00000000e+02,0.00000000e+00,2.30000000e-01,7.70000000e-01,0.00000000e+00
9.92992993e+01,3.46887843e-02,0.00000000e+00,3.00000000e+03,3.00000000e+02,0.00000000e+00,2.30000000e-01,7.70000000e-01,0.00000000e+00
9.93993994e+01,3.46887843e-02,0.00000000e+00,3.00000000e+03,3.00000000e+02,0.00000000e+00,2.30000000e-01,7.70000000e-01,0.00000000e+00
9.94994995e+01,3.46887843e-02,0.00000000e+00,3.00000000e+03,3.00000000e+02,0.00000000e+00,2.30000000e-01,7.70000000e-01,0.00000000e+00
9.95995996e+01,3.46887843e-02,0.00000000e+00,3.00000000e+03,3.00000000e+02,0.00000000e+00,2.30000000e-01,7.70000000e-01,0.00000000e+00
9.96996997e+01,3.46887843e-02,0.00000000e+00,3.00000000e+03,3.00000000e+02,0.00000000e+00,2.30000000e-01,7.70000000e-01,0.00000000e+00
9.97997998e+01,3.46887843e-02,0.00000000e+00,3.00000000e+03,3.00000000e+02,0.00000000e+00,2.30000000e-01,7.70000000e-01,0.00000000e+00
9.98998999e+01,3.46887843e-02,0.00000000e+00,3.00000000e+03,3.00000000e+02,0.00000000e+00,2.30000000e-01,7.70000000e-01,0.00000000e+00
1.00000000e+02,3.46887843e-02,-0.00000000e+00,3.00000000e+03,3.00000000e+02,0.00000000e+00,2.30000000e-01,7.70000000e-01,0.00000000e+00
