# x(m), rho(kg/m3), u(m/s), p(Pa), T(K), Y_H2, Y_O2, Y_N2, Y_H2O
0.00000000e+00,5.80300589e+00,-0.00000000e+00,3.00000000e+06,6.00000000e+02,1.50000000e-01,2.50000000e-01,6.00000000e-01,0.00000000e+00
1.00100100e-01,5.80300589e+00,0.00000000e+00,3.00000000e+06,6.00000000e+02,1.50000000e-01,2.50000000e-01,6.00000000e-01,0.00000000e+00
2.00200200e-01,5.80300589e+00,0.00000000e+00,3.00000000e+06,6.00000000e+02,1.50000000e-01,2.50000000e-01,6.00000000e-01,0.00000000e+00
3.00300300e-01,5.80300589e+00,0.00000000e+00,3.00000000e+06,6.00000000e+02,1.50000000e-01,2.50000000e-01,6.00000000e-01,0.00000000e+00
4.00400400e-01,5.80300589e+00,0.00000000e+00,3.00000000e+06,6.00000000e+02,1.50000000e-01,2.50000000e-01,6.00000000e-01,0.00000000e+00
5.00500501e-01,5.80300589e+00,0.00000000e+00,3.00000000e+06,6.00000000e+02,1.50000000e-01,2.50000000e-01,6.00000000e-01,0.00000000e+00
6.00600601e-01,5.80300589e+00,0.00000000e+00,3.00000000e+06,6.00000000e+02,1.50000000e-01,2.50000000e-01,6.00000000e-01,0.00000000e+00
7.00700701e-01,5.80300589e+00,0.00000000e+00,3.00000000e+06,6.00000000e+02,1.50000000e-01,2.50000000e-01,6.00000000e-01,0.00000000e+00
8.00800801e-01,5.80300589e+00,0.00000000e+00,3.00000000e+06,6.00000000e+02,1.50000000e-01,2.50000000e-01,6.00000000e-01,0.00000000e+00
9.00900901e-01,5.80300589e+00,0.00000000e+00,3.00000000e+06,6.00000000e+02,1.50000000e-01,2.50000000e-01,6.00000000e-01,0.00000000e+00
1.00100100e+00,5.80300589e+00,0.00000000e+00,3.00000000e+06,6.00000000e+02,1.50000000e-01,2.50000000e-01,6.00000000e-01,0.00000000e+00
1.10110110e+00,5.80300589e+00,0.00000000e+00,3.00000000e+06,6.00000000e+02,1.50000000e-01,2.50000000e-01,6.00000000e-01,0.00000000e+00
1.20120120e+00,5.80300589e+00,0.00000000e+00,3.00000000e+06,6.00000000e+02,1.50000000e-01,2.50000000e-01,6.00000000e-01,0.00000000e+00
1.30130130e+00,5.80300589e+00,0.00000000e+00,3.00000000e+06,6.00000000e+02,1.50000000e-01,2.50000000e-01,6.00000000e-01,0.00000000e+00
1.40140140e+00,5.80300589e+00,0.00000000e+00,3.00000000e+06,6.00000000e+02,1.50000000e-01,2.50000000e-01,6.00000000e-01,0.00000000e+00
1.50150150e+00,5.80300589e+00,0.00000000e+00,3.00000000e+06,6.00000000e+02,1.50000000e-01,2.50000000e-01,6.00000000e-01,0.00000000e+00
1.60160160e+00,5.80300589e+00,0.00000000e+00,3.00000000e+06,6.00000000e+02,1.50000000e-01,2.50000000e-01,6.00000000e-01,0.00000000e+00
1.70170170e+00,5.80300589e+00,0.00000000e+00,3.00000000e+06,6.00000000e+02,1.50000000e-01,2.50000000e-01,6.00000000e-01,0.00000000e+00
1.80180180e+00,5.80300589e+00,0.00000000e+00,3.00000000e+06,6.00000000e+02,1.50000000e-01,2.50000000e-01,6.00000000e-01,0.00000000e+00
1.90190190e+00,5.80300589e+00,0.00000000e+00,3.00000000e+06,6.00000000e+02,1.50000000e-01,2.50000000e-01,6.00000000e-01,0.00000000e+00
2.00200200e+00,5.80300589e+00,0.00000000e+00,3.00000000e+06,6.00000000e+02,1.50000000e-01,2.50000000e-01,6.00000000e-01,0.00000000e+00
2.10210210e+00,5.80300589e+00,0.00000000e+00,3.00000000e+06,6.00000000e+02,1.50000000e-01,2.50000000e-01,6.00000000e-01,0.00000000e+00
2.20220220e+00,5.80300589e+00,0.00000000e+00,3.00000000e+06,6.00000000e+02,1.50000000e-01,2.50000000e-01,6.00000000e-01,0.00000000e+00
2.30230230e+00,5.80300589e+00,0.00000000e+00,3.00000000e+06,6.00000000e+02,1.50000000e-01,2.50000000e-01,6.00000000e-01,0.00000000e+00
2.40240240e+00,5.80300589e+00,0.00000000e+00,3.00000000e+06,6.00000000e+02,1.50000000e-01,2.50000000e-01,6.00000000e-01,0.00000000e+00
2.50250250e+00,5.80300589e+00,0.00000000e+00,3.00000000e+06,6.00000000e+02,1.50000000e-01,2.50000000e-01,6.00000000e-01,0.00000000e+00
2.60260260e+00,5.80300589e+00,0.00000000e+00,3.00000000e+06,6.00000000e+02,1.50000000e-01,2.50000000e-01,6.00000000e-01,0.00000000e+00
2.70270270e+00,5.80300589e+00,0.00000000e+00,3.00000000e+06,6.00000000e+02,1.50000000e-01,2.50000000e-01,6.00000000e-01,0.00000000e+00
2.80280280e+00,5.80300589e+00,0.00000000e+00,3.00000000e+06,6.00000000e+02,1.50000000e-01,2.50000000e-01,6.00000000e-01,0.00000000e+00
2.90290290e+00,5.80300589e+00,0.00000000e+00,3.00000000e+06,6.00000000e+02,1.50000000e-01,2.50000000e-01,6.00000000e-01,0.00000000e+00
3.00300300e+00,5.80300589e+00,0.00000000e+00,3.00000000e+06,6.00000000e+02,1.50000000e-01,2.50000000e-01,6.00000000e-01,0.00000000e+00
3.10310310e+00,5.80300589e+00,0.00000000e+00,3.00000000e+06,6.00000000e+02,1.50000000e-01,2.50000000e-01,6.00000000e-01,0.00000000e+00
3.20320320e+00,5.80300589e+00,0.00000000e+00,3.00000000e+06,6.00000000e+02,1.50000000e-01,2.50000000e-01,6.00000000e-01,0.00000000e+00
3.30330330e+00,5.80300589e+00,0.00000000e+00,3.00000000e+06,6.00000000e+02,1.50000000e-01,2.50000000e-01,6.00000000e-01,0.00000000e+00
3.40340340e+00,5.80300589e+00,0.00000000e+00,3.00000000e+06,6.00000000e+02,1.50000000e-01,2.50000000e-01,6.00000000e-01,0.00000000e+00
3.50350350e+00,5.80300589e+00,0.00000000e+00,3.00000000e+06,6.00000000e+02,1.50000000e-01,2.50000000e-01,6.00000000e-01,0.00000000e+00
3.60360360e+00,5.80300589e+00,0.00000000e+00,3.00000000e+06,6.00000000e+02,1.50000000e-01,2.50000000e-01,6.00000000e-01,0.00000000e+00
3.70370370e+00,5.80300589e+00,0.00000000e+00,3.00000000e+06,6.00000000e+02,1.50000000e-01,2.50000000e-01,6.00000000e-01,0.00000000e+00
3.80380380e+00,5.80300589e+00,0.00000000e+00,3.00000000e+06,6.00000000e+02,1.50000000e-01,2.50000000e-01,6.00000000e-01,0.00000000e+00
3.90390390e+00,5.80300589e+00,0.00000000e+00,3.00000000e+06,6.00000000e+02,1.50000000e-01,2.50000000e-01,6.00000000e-01,0.00000000e+00
4.00400400e+00,5.80300589e+00,0.00000000e+00,3.00000000e+06,6.00000000e+02,1.50000000e-01,2.50000000e-01,6.00000000e-01,0.00000000e+00
4.10410410e+00,5.80300589e+00,0.00000000e+00,3.00000000e+06,6.00000000e+02,1.50000000e-01,2.50000000e-01,6.00000000e-01,0.00000000e+00
4.20420420e+00,5.80300589e+00,0.00000000e+00,3.00000000e+06,6.00000000e+02,1.50000000e-01,2.50000000e-01,6.00000000e-01,0.00000000e+00
4.30430430e+00,5.80300589e+00,0.00000000e+00,3.00000000e+06,6.00000000e+02,1.50000000e-01,2.50000000e-01,6.00000000e-01,0.00000000e+00
4.40440440e+00,5.80300589e+00,0.00000000e+00,3.00000000e+06,6.00000000e+02,1.50000000e-01,2.50000000e-01,6.00000000e-01,0.00000000e+00
4.50450450e+00,5.80300589e+00,0.00000000e+00,3.00000000e+06,6.00000000e+02,1.50000000e-01,2.50000000e-01,6.00000000e-01,0.00000000e+00
4.60460460e+00,5.80300589e+00,0.00000000e+00,3.00000000e+06,6.00000000e+02,1.50000000e-01,2.50000000e-01,6.00000000e-01,0.00000000e+00
4.70470470e+00,5.80300589e+00,0.00000000e+00,3.00000000e+06,6.00000000e+02,1.50000000e-01,2.50000000e-01,6.00000000e-01,0.00000000e+00
4.80480480e+00,5.80300589e+00,0.00000000e+00,3.00000000e+06,6.00000000e+02,1.50000000e-01,2.50000000e-01,6.00000000e-01,0.00000000e+00
4.90490490e+00,5.80300589e+00,0.00000000e+00,3.00000000e+06,6.00000000e+02,1.50000000e-01,2.50000000e-01,6.00000000e-01,0.00000000e+00
5.00500501e+00,5.80300589e+00,0.00000000e+00,3.00000000e+06,6.00000000e+02,1.50000000e-01,2.50000000e-01,6.00000000e-01,0.00000000e+00
5.10510511e+00,5.80300589e+00,0.00000000e+00,3.00000000e+06,6.00000000e+02,1.50000000e-01,2.50000000e-01,6.00000000e-01,0.00000000e+00
5.20520521e+00,5.80300589e+00,0.00000000e+00,3.00000000e+06,6.00000000e+02,1.50000000e-01,2.50000000e-01,6.00000000e-01,0.00000000e+00
5.30530531e+00,5.80300589e+00,0.00000000e+00,3.00000000e+06,6.00000000e+02,1.50000000e-01,2.50000000e-01,6.00000000e-01,0.00000000e+00
5.40540541e+00,5.80300589e+00,0.00000000e+00,3.00000000e+06,6.00000000e+02,1.50000000e-01,2.50000000e-01,6.00000000e-01,0.00000000e+00
5.50550551e+00,5.80300589e+00,0.00000000e+00,3.00000000e+06,6.00000000e+02,1.50000000e-01,2.50000000e-01,6.00000000e-01,0.00000000e+00
5.60560561e+00,5.80300589e+00,0.00000000e+00,3.00000000e+06,6.00000000e+02,1.50000000e-01,2.50000000e-01,6.00000000e-01,0.00000000e+00
5.70570571e+00,5.80300589e+00,0.00000000e+00,3.00000000e+06,6.00000000e+02,1.50000000e-01,2.50000000e-01,6.00000000e-01,0.00000000e+00
5.80580581e+00,5.80300589e+00,0.00000000e+00,3.00000000e+06,6.00000000e+02,1.50000000e-01,2.50000000e-01,6.00000000e-01,0.00000000e+00
5.90590591e+00,5.80300589e+00,0.00000000e+00,3.00000000e+06,6.00000000e+02,1.50000000e-01,2.50000000e-01,6.00000000e-01,0.00000000e+00
6.00600601e+00,5.80300589e+00,0.00000000e+00,3.00000000e+06,6.00000000e+02,1.50000000e-01,2.50000000e-01,6.00000000e-01,0.00000000e+00
6.10610611e+00,5.80300589e+00,0.00000000e+00,3.00000000e+06,6.00000000e+02,1.50000000e-01,2.50000000e-01,6.00000000e-01,0.00000000e+00
6.20620621e+00,5.80300589e+00,0.00000000e+00,3.00000000e+06,6.00000000e+02,1.50000000e-01,2.50000000e-01,6.00000000e-01,0.00000000e+00
6.30630631e+00,5.80300589e+00,0.00000000e+00,3.00000000e+06,6.00000000e+02,1.50000000e-01,2.50000000e-01,6.00000000e-01,0.00000000e+00
6.40640641e+00,5.80300589e+00,0.00000000e+00,3.00000000e+06,6.00000000e+02,1.50000000e-01,2.50000000e-01,6.00000000e-01,0.00000000e+00
6.50650651e+00,5.80300589e+00,0.00000000e+00,3.00000000e+06,6.00000000e+02,1.50000000e-01,2.50000000e-01,6.00000000e-01,0.00000000e+00
6.60660661e+00,5.80300589e+00,0.00000000e+00,3.00000000e+06,6.00000000e+02,1.50000000e-01,2.50000000e-01,6.00000000e-01,0.00000000e+00
6.70670671e+00,5.80300589e+00,0.00000000e+00,3.00000000e+06,6.00000000e+02,1.50000000e-01,2.50000000e-01,6.00000000e-01,0.00000000e+00
6.80680681e+00,5.80300589e+00,0.00000000e+00,3.00000000e+06,6.00000000e+02,1.50000000e-01,2.50000000e-01,6.00000000e-01,0.00000000e+00
6.90690691e+00,5.80300589e+00,0.00000000e+00,3.00000000e+06,6.00000000e+02,1.50000000e-01,2.50000000e-01,6.00000000e-01,0.00000000e+00
7.00700701e+00,5.80300589e+00,0.00000000e+00,3.00000000e+06,6.00000000e+02,1.50000000e-01,2.50000000e-01,6.00000000e-01,0.00000000e+00
7.10710711e+00,5.80300589e+00,0.00000000e+00,3.00000000e+06,6.00000000e+02,1.50000000e-01,2.50000000e-01,6.00000000e-01,0.00000000e+00
7.20720721e+00,5.80300589e+00,0.00000000e+00,3.00000000e+06,6.00000000e+02,1.50000000e-01,2.50000000e-01,6.00000000e-01,0.00000000e+00
7.30730731e+00,5.80300589e+00,0.00000000e+00,3.00000000e+06,6.00000000e+02,1.50000000e-01,2.50000000e-01,6.00000000e-01,0.00000000e+00
7.40740741e+00,5.80300589e+00,0.00000000e+00,3.00000000e+06,6.00000000e+02,1.50000000e-01,2.50000000e-01,6.00000000e-01,0.00000000e+00
7.50750751e+00,5.80300589e+00,0.00000000e+00,3.00000000e+06,6.00000000e+02,1.50000000e-01,2.50000000e-01,6.00000000e-01,0.00000000e+00
7.60760761e+00,5.80300589e+00,0.00000000e+00,3.00000000e+06,6.00000000e+02,1.50000000e-01,2.50000000e-01,6.00000000e-01,0.00000000e+00
7.70770771e+00,5.80300589e+00,0.00000000e+00,3.00000000e+06,6.00000000e+02,1.50000000e-01,2.50000000e-01,6.00000000e-01,0.00000000e+00
7.80780781e+00,5.80300589e+00,0.00000000e+00,3.00000000e+06,6.00000000e+02,1.50000000e-01,2.50000000e-01,6.00000000e-01,0.00000000e+00
7.90790791e+00,5.80300589e+00,0.00000000e+00,3.00000000e+06,6.00000000e+02,1.50000000e-01,2.50000000e-01,6.00000000e-01,0.00000000e+00
8.00800801e+00,5.80300589e+00,0.00000000e+00,3.00000000e+06,6.00000000e+02,1.50000000e-01,2.50000000e-01,6.00000000e-01,0.00000000e+00
8.10810811e+00,5.80300589e+00,0.00000000e+00,3.00000000e+06,6.00000000e+02,1.50000000e-01,2.50000000e-01,6.00000000e-01,0.00000000e+00
8.20820821e+00,5.80300589e+00,0.00000000e+00,3.00000000e+06,6.00000000e+02,1.50000000e-01,2.50000000e-01,6.00000000e-01,0.00000000e+00
8.30830831e+00,5.80300589e+00,0.00000000e+00,3.00000000e+06,6.00000000e+02,1.50000000e-01,2.50000000e-01,6.00000000e-01,0.00000000e+00
8.40840841e+00,5.80300589e+00,0.00000000e+00,3.00000000e+06,6.00000000e+02,1.50000000e-01,2.50000000e-01,6.00000000e-01,0.00000000e+00
8.50850851e+00,5.80300589e+00,0.00000000e+00,3.00000000e+06,6.00000000e+02,1.50000000e-01,2.50000000e-01,6.00000000e-01,0.00000000e+00
8.60860861e+00,5.80300589e+00,0.00000000e+00,3.00000000e+06,6.00000000e+02,1.50000000e-01,2.50000000e-01,6.00000000e-01,0.00000000e+00
8.70870871e+00,5.80300589e+00,0.00000000e+00,3.00000000e+06,6.00000000e+02,1.50000000e-01,2.50000000e-01,6.00000000e-01,0.00000000e+00
8.80880881e+00,5.80300589e+00,0.00000000e+00,3.00000000e+06,6.00000000e+02,1.50000000e-01,2.50000000e-01,6.00000000e-01,0.00000000e+00
8.90890891e+00,5.80300589e+00,0.00000000e+00,3.00000000e+06,6.00000000e+02,1.50000000e-01,2.50000000e-01,6.00000000e-01,0.00000000e+00
9.00900901e+00,5.80300589e+00,0.00000000e+00,3.00000000e+06,6.00000000e+02,1.50000000e-01,2.50000000e-01,6.00000000e-01,0.00000000e+00
9.10910911e+00,5.80300589e+00,0.00000000e+00,3.00000000e+06,6.00000000e+02,1.50000000e-01,2.50000000e-01,6.00000000e-01,0.00000000e+00
9.20920921e+00,5.80300589e+00,0.00000000e+00,3.00000000e+06,6.00000000e+02,1.50000000e-01,2.50000000e-01,6.00000000e-01,0.00000000e+00
9.30930931e+00,5.80300589e+00,0.00000000e+00,3.00000000e+06,6.00000000e+02,1.50000000e-01,2.50000000e-01,6.00000000e-01,0.00000000e+00
9.40940941e+00,5.80300589e+00,0.00000000e+00,3.00000000e+06,6.00000000e+02,1.50000000e-01,2.50000000e-01,6.00000000e-01,0.00000000e+00
9.50950951e+00,5.80300589e+00,0.00000000e+00,3.00000000e+06,6.00000000e+02,1.50000000e-01,2.50000000e-01,6.00000000e-01,0.00000000e+00
9.60960961e+00,5.80300589e+00,0.00000000e+00,3.00000000e+06,6.00000000e+02,1.50000000e-01,2.50000000e-01,6.00000000e-01,0.00000000e+00
9.70970971e+00,5.80300589e+00,0.00000000e+00,3.00000000e+06,6.00000000e+02,1.50000000e-01,2.50000000e-01,6.00000000e-01,0.00000000e+00
9.80980981e+00,5.80300589e+00,0.00000000e+00,3.00000000e+06,6.00000000e+02,1.50000000e-01,2.50000000e-01,6.00000000e-01,0.00000000e+00
9.90990991e+00,5.80300589e+00,0.00000000e+00,3.00000000e+06,6.00000000e+02,1.50000000e-01,2.50000000e-01,6.00000000e-01,0.00000000e+00
1.00100100e+01,5.80300589e+00,0.00000000e+00,3.00000000e+06,6.00000000e+02,1.50000000e-01,2.50000000e-01,6.00000000e-01,0.00000000e+00
1.01101101e+01,5.80300589e+00,0.00000000e+00,3.00000000e+06,6.00000000e+02,1.50000000e-01,2.50000000e-01,6.00000000e-01,0.00000000e+00
1.02102102e+01,5.80300589e+00,0.00000000e+00,3.00000000e+06,6.00000000e+02,1.50000000e-01,2.50000000e-01,6.00000000e-01,0.00000000e+00
1.03103103e+01,5.80300589e+00,0.00000000e+00,3.00000000e+06,6.00000000e+02,1.50000000e-01,2.50000000e-01,6.00000000e-01,0.00000000e+00
1.04104104e+01,5.80300589e+00,0.00000000e+00,3.00000000e+06,6.00000000e+02,1.50000000e-01,2.50000000e-01,6.00000000e-01,0.00000000e+00
1.05105105e+01,5.80300589e+00,0.00000000e+00,3.00000000e+06,6.00000000e+02,1.50000000e-01,2.50000000e-01,6.00000000e-01,0.00000000e+00
1.06106106e+01,5.80300589e+00,0.00000000e+00,3.00000000e+06,6.00000000e+02,1.50000000e-01,2.50000000e-01,6.00000000e-01,0.00000000e+00
1.07107107e+01,5.80300589e+00,0.00000000e+00,3.00000000e+06,6.00000000e+02,1.50000000e-01,2.50000000e-01,6.00000000e-01,0.00000000e+00
1.08108108e+01,5.80300589e+00,0.00000000e+00,3.00000000e+06,6.00000000e+02,1.50000000e-01,2.50000000e-01,6.00000000e-01,0.00000000e+00
1.09109109e+01,5.80300589e+00,0.00000000e+00,3.00000000e+06,6.00000000e+02,1.50000000e-01,2.50000000e-01,6.00000000e-01,0.00000000e+00
1.10110110e+01,5.80300589e+00,0.00000000e+00,3.00000000e+06,6.00000000e+02,1.50000000e-01,2.50000000e-01,6.00000000e-01,0.00000000e+00
1.11111111e+01,5.80300589e+00,0.00000000e+00,3.00000000e+06,6.00000000e+02,1.50000000e-01,2.50000000e-01,6.00000000e-01,0.00000000e+00
1.12112112e+01,5.80300589e+00,0.00000000e+00,3.00000000e+06,6.00000000e+02,1.50000000e-01,2.50000000e-01,6.00000000e-01,0.00000000e+00
1.13113113e+01,5.80300589e+00,0.00000000e+00,3.00000000e+06,6.00000000e+02,1.50000000e-01,2.50000000e-01,6.00000000e-01,0.00000000e+00
1.14114114e+01,5.80300589e+00,0.00000000e+00,3.00000000e+06,6.00000000e+02,1.50000000e-01,2.50000000e-01,6.00000000e-01,0.00000000e+00
1.15115115e+01,5.80300589e+00,0.00000000e+00,3.00000000e+06,6.00000000e+02,1.50000000e-01,2.50000000e-01,6.00000000e-01,0.00000000e+00
1.16116116e+01,5.80300589e+00,0.00000000e+00,3.00000000e+06,6.00000000e+02,1.50000000e-01,2.50000000e-01,6.00000000e-01,0.00000000e+00
1.17117117e+01,5.80300589e+00,0.00000000e+00,3.00000000e+06,6.00000000e+02,1.50000000e-01,2.50000000e-01,6.00000000e-01,0.00000000e+00
1.18118118e+01,5.80300589e+00,0.00000000e+00,3.00000000e+06,6.00000000e+02,1.50000000e-01,2.50000000e-01,6.00000000e-01,0.00000000e+00
1.19119119e+01,5.80300589e+00,0.00000000e+00,3.00000000e+06,6.00000000e+02,1.50000000e-01,2.50000000e-01,6.00000000e-01,0.00000000e+00
1.20120120e+01,5.80300589e+00,0.00000000e+00,3.00000000e+06,6.00000000e+02,1.50000000e-01,2.50000000e-01,6.00000000e-01,0.00000000e+00
1.21121121e+01,5.80300589e+00,0.00000000e+00,3.00000000e+06,6.00000000e+02,1.50000000e-01,2.50000000e-01,6.00000000e-01,0.00000000e+00
1.22122122e+01,5.80300589e+00,0.00000000e+00,3.00000000e+06,6.00000000e+02,1.50000000e-01,2.50000000e-01,6.00000000e-01,0.00000000e+00
1.23123123e+01,5.80300589e+00,0.00000000e+00,3.00000000e+06,6.00000000e+02,1.50000000e-01,2.50000000e-01,6.00000000e-01,0.00000000e+00
1.24124124e+01,5.80300589e+00,0.00000000e+00,3.00000000e+06,6.00000000e+02,1.50000000e-01,2.50000000e-01,6.00000000e-01,0.00000000e+00
1.25125125e+01,5.80300589e+00,0.00000000e+00,3.00000000e+06,6.00000000e+02,1.50000000e-01,2.50000000e-01,6.00000000e-01,0.00000000e+00
1.26126126e+01,5.80300589e+00,0.00000000e+00,3.00000000e+06,6.00000000e+02,1.50000000e-01,2.50000000e-01,6.00000000e-01,0.00000000e+00
1.27127127e+01,5.80300589e+00,0.00000000e+00,3.00000000e+06,6.00000000e+02,1.50000000e-01,2.50000000e-01,6.00000000e-01,0.00000000e+00
1.28128128e+01,5.80300589e+00,0.00000000e+00,3.00000000e+06,6.00000000e+02,1.50000000e-01,2.50000000e-01,6.00000000e-01,0.00000000e+00
1.29129129e+01,5.80300589e+00,0.00000000e+00,3.00000000e+06,6.00000000e+02,1.50000000e-01,2.50000000e-01,6.00000000e-01,0.00000000e+00
1.30130130e+01,5.80300589e+00,0.00000000e+00,3.00000000e+06,6.00000000e+02,1.50000000e-01,2.50000000e-01,6.00000000e-01,0.00000000e+00
1.31131131e+01,5.80300589e+00,0.00000000e+00,3.00000000e+06,6.00000000e+02,1.50000000e-01,2.50000000e-01,6.00000000e-01,0.00000000e+00
1.32132132e+01,5.80300589e+00,0.00000000e+00,3.00000000e+06,6.00000000e+02,1.50000000e-01,2.50000000e-01,6.00000000e-01,0.00000000e+00
1.33133133e+01,5.80300589e+00,0.00000000e+00,3.00000000e+06,6.00000000e+02,1.50000000e-01,2.50000000e-01,6.00000000e-01,0.00000000e+00
1.34134134e+01,5.80300589e+00,0.00000000e+00,3.00000000e+06,6.00000000e+02,1.50000000e-01,2.50000000e-01,6.00000000e-01,0.00000000e+00
1.35135135e+01,5.80300589e+00,0.00000000e+00,3.00000000e+06,6.00000000e+02,1.50000000e-01,2.50000000e-01,6.00000000e-01,0.00000000e+00
1.36136136e+01,5.80300589e+00,0.00000000e+00,3.00000000e+06,6.00000000e+02,1.50000000e-01,2.50000000e-01,6.00000000e-01,0.00000000e+00
1.37137137e+01,5.80300589e+00,0.00000000e+00,3.00000000e+06,6.00000000e+02,1.50000000e-01,2.50000000e-01,6.00000000e-01,0.00000000e+00
1.38138138e+01,5.80300589e+00,0.00000000e+00,3.00000000e+06,6.00000000e+02,1.50000000e-01,2.50000000e-01,6.00000000e-01,0.00000000e+00
1.39139139e+01,5.80300589e+00,0.00000000e+00,3.00000000e+06,6.00000000e+02,1.50000000e-01,2.50000000e-01,6.00000000e-01,0.00000000e+00
1.40140140e+01,5.80300589e+00,0.00000000e+00,3.00000000e+06,6.00000000e+02,1.50000000e-01,2.50000000e-01,6.00000000e-01,0.00000000e+00
1.41141141e+01,5.80300589e+00,0.00000000e+00,3.00000000e+06,6.00000000e+02,1.50000000e-01,2.50000000e-01,6.00000000e-01,0.00000000e+00
1.42142142e+01,5.80300589e+00,0.00000000e+00,3.00000000e+06,6.00000000e+02,1.50000000e-01,2.50000000e-01,6.00000000e-01,0.00000000e+00
1.43143143e+01,5.80300589e+00,0.00000000e+00,3.00000000e+06,6.00000000e+02,1.50000000e-01,2.50000000e-01,6.00000000e-01,0.00000000e+00
1.44144144e+01,5.80300589e+00,0.00000000e+00,3.00000000e+06,6.00000000e+02,1.50000000e-01,2.50000000e-01,6.00000000e-01,0.00000000e+00
1.45145145e+01,5.80300589e+00,0.00000000e+00,3.00000000e+06,6.00000000e+02,1.50000000e-01,2.50000000e-01,6.00000000e-01,0.00000000e+00
1.46146146e+01,5.80300589e+00,0.00000000e+00,3.00000000e+06,6.00000000e+02,1.50000000e-01,2.50000000e-01,6.00000000e-01,0.00000000e+00
1.47147147e+01,5.80300589e+00,0.00000000e+00,3.00000000e+06,6.00000000e+02,1.50000000e-01,2.50000000e-01,6.00000000e-01,0.00000000e+00
1.48148148e+01,5.80300589e+00,0.00000000e+00,3.00000000e+06,6.00000000e+02,1.50000000e-01,2.50000000e-01,6.00000000e-01,0.00000000e+00
1.49149149e+01,5.80300589e+00,0.00000000e+00,3.00000000e+06,6.00000000e+02,1.50000000e-01,2.50000000e-01,6.00000000e-01,0.00000000e+00
1.50150150e+01,5.80300589e+00,0.00000000e+00,3.00000000e+06,6.00000000e+02,1.50000000e-01,2.50000000e-01,6.00000000e-01,0.00000000e+00
1.51151151e+01,5.80300589e+00,0.00000000e+00,3.00000000e+06,6.00000000e+02,1.50000000e-01,2.50000000e-01,6.00000000e-01,0.00000000e+00
1.52152152e+01,5.80300589e+00,0.00000000e+00,3.00000000e+06,6.00000000e+02,1.50000000e-01,2.50000000e-01,6.00000000e-01,0.00000000e+00
1.53153153e+01,5.80300589e+00,0.00000000e+00,3.00000000e+06,6.00000000e+02,1.50000000e-01,2.50000000e-01,6.00000000e-01,0.00000000e+00
1.54154154e+01,5.80300589e+00,0.00000000e+00,3.00000000e+06,6.00000000e+02,1.50000000e-01,2.50000000e-01,6.00000000e-01,0.00000000e+00
1.55155155e+01,5.80300589e+00,0.00000000e+00,3.00000000e+06,6.00000000e+02,1.50000000e-01,2.50000000e-01,6.00000000e-01,0.00000000e+00
1.56156156e+01,5.80300589e+00,0.00000000e+00,3.00000000e+06,6.00000000e+02,1.50000000e-01,2.50000000e-01,6.00000000e-01,0.00000000e+00
1.57157157e+01,5.80300589e+00,0.00000000e+00,3.00000000e+06,6.00000000e+02,1.50000000e-01,2.50000000e-01,6.00000000e-01,0.00000000e+00
1.58158158e+01,5.80300589e+00,0.00000000e+00,3.00000000e+06,6.00000000e+02,1.50000000e-01,2.50000000e-01,6.00000000e-01,0.00000000e+00
1.59159159e+01,5.80300589e+00,0.00000000e+00,3.00000000e+06,6.00000000e+02,1.50000000e-01,2.50000000e-01,6.00000000e-01,0.00000000e+00
1.60160160e+01,5.80300589e+00,0.00000000e+00,3.00000000e+06,6.00000000e+02,1.50000000e-01,2.50000000e-01,6.00000000e-01,0.00000000e+00
1.61161161e+01,5.80300589e+00,0.00000000e+00,3.00000000e+06,6.00000000e+02,1.50000000e-01,2.50000000e-01,6.00000000e-01,0.00000000e+00
1.62162162e+01,5.80300589e+00,0.00000000e+00,3.00000000e+06,6.00000000e+02,1.50000000e-01,2.50000000e-01,6.00000000e-01,0.00000000e+00
1.63163163e+01,5.80300589e+00,0.00000000e+00,3.00000000e+06,6.00000000e+02,1.50000000e-01,2.50000000e-01,6.00000000e-01,0.00000000e+00
1.64164164e+01,5.80300589e+00,0.00000000e+00,3.00000000e+06,6.00000000e+02,1.50000000e-01,2.50000000e-01,6.00000000e-01,0.00000000e+00
1.65165165e+01,5.80300589e+00,0.00000000e+00,3.00000000e+06,6.00000000e+02,1.50000000e-01,2.50000000e-01,6.00000000e-01,0.00000000e+00
1.66166166e+01,5.80300589e+00,0.00000000e+00,3.00000000e+06,6.00000000e+02,1.50000000e-01,2.50000000e-01,6.00000000e-01,0.00000000e+00
1.67167167e+01,5.80300589e+00,0.00000000e+00,3.00000000e+06,6.00000000e+02,1.50000000e-01,2.50000000e-01,6.00000000e-01,0.00000000e+00
1.68168168e+01,5.80300589e+00,0.00000000e+00,3.00000000e+06,6.00000000e+02,1.50000000e-01,2.50000000e-01,6.00000000e-01,0.00000000e+00
1.69169169e+01,5.80300589e+00,0.00000000e+00,3.00000000e+06,6.00000000e+02,1.50000000e-01,2.50000000e-01,6.00000000e-01,0.00000000e+00
1.70170170e+01,5.80300589e+00,0.00000000e+00,3.00000000e+06,6.00000000e+02,1.50000000e-01,2.50000000e-01,6.00000000e-01,0.00000000e+00
1.71171171e+01,5.80300589e+00,0.00000000e+00,3.00000000e+06,6.00000000e+02,1.50000000e-01,2.50000000e-01,6.00000000e-01,0.00000000e+00
1.72172172e+01,5.80300589e+00,0.00000000e+00,3.00000000e+06,6.00000000e+02,1.50000000e-01,2.50000000e-01,6.00000000e-01,0.00000000e+00
1.73173173e+01,5.80300589e+00,0.00000000e+00,3.00000000e+06,6.00000000e+02,1.50000000e-01,2.50000000e-01,6.00000000e-01,0.00000000e+00
1.74174174e+01,5.80300589e+00,0.00000000e+00,3.00000000e+06,6.00000000e+02,1.50000000e-01,2.50000000e-01,6.00000000e-01,0.00000000e+00
1.75175175e+01,5.80300589e+00,0.00000000e+00,3.00000000e+06,6.00000000e+02,1.50000000e-01,2.50000000e-01,6.00000000e-01,0.00000000e+00
1.76176176e+01,5.80300589e+00,0.00000000e+00,3.00000000e+06,6.00000000e+02,1.50000000e-01,2.50000000e-01,6.00000000e-01,0.00000000e+00
1.77177177e+01,5.80300589e+00,0.00000000e+00,3.00000000e+06,6.00000000e+02,1.50000000e-01,2.50000000e-01,6.00000000e-01,0.00000000e+00
1.78178178e+01,5.80300589e+00,0.00000000e+00,3.00000000e+06,6.00000000e+02,1.50000000e-01,2.50000000e-01,6.00000000e-01,0.00000000e+00
1.79179179e+01,5.80300589e+00,0.00000000e+00,3.00000000e+06,6.00000000e+02,1.50000000e-01,2.50000000e-01,6.00000000e-01,0.00000000e+00
1.80180180e+01,5.80300589e+00,0.00000000e+00,3.00000000e+06,6.00000000e+02,1.50000000e-01,2.50000000e-01,6.00000000e-01,0.00000000e+00
1.81181181e+01,5.80300589e+00,0.00000000e+00,3.00000000e+06,6.00000000e+02,1.50000000e-01,2.50000000e-01,6.00000000e-01,0.00000000e+00
1.82182182e+01,5.80300589e+00,0.00000000e+00,3.00000000e+06,6.00000000e+02,1.50000000e-01,2.50000000e-01,6.00000000e-01,0.00000000e+00
1.83183183e+01,5.80300589e+00,0.00000000e+00,3.00000000e+06,6.00000000e+02,1.50000000e-01,2.50000000e-01,6.00000000e-01,0.00000000e+00
1.84184184e+01,5.80300589e+00,0.00000000e+00,3.00000000e+06,6.00000000e+02,1.50000000e-01,2.50000000e-01,6.00000000e-01,0.00000000e+00
1.85185185e+01,5.80300589e+00,0.00000000e+00,3.00000000e+06,6.00000000e+02,1.50000000e-01,2.50000000e-01,6.00000000e-01,0.00000000e+00
1.86186186e+01,5.80300589e+00,0.00000000e+00,3.00000000e+06,6.00000000e+02,1.50000000e-01,2.50000000e-01,6.00000000e-01,0.00000000e+00
1.87187187e+01,5.80300589e+00,0.00000000e+00,3.00000000e+06,6.00000000e+02,1.50000000e-01,2.50000000e-01,6.00000000e-01,0.00000000e+00
1.88188188e+01,5.80300589e+00,0.00000000e+00,3.00000000e+06,6.00000000e+02,1.50000000e-01,2.50000000e-01,6.00000000e-01,0.00000000e+00
1.89189189e+01,5.80300589e+00,0.00000000e+00,3.00000000e+06,6.00000000e+02,1.50000000e-01,2.50000000e-01,6.00000000e-01,0.00000000e+00
1.90190190e+01,5.80300589e+00,0.00000000e+00,3.00000000e+06,6.00000000e+02,1.50000000e-01,2.50000000e-01,6.00000000e-01,0.00000000e+00
1.91191191e+01,5.80300589e+00,0.00000000e+00,3.00000000e+06,6.00000000e+02,1.50000000e-01,2.50000000e-01,6.00000000e-01,0.00000000e+00
1.92192192e+01,5.80300589e+00,0.00000000e+00,3.00000000e+06,6.00000000e+02,1.50000000e-01,2.50000000e-01,6.00000000e-01,0.00000000e+00
1.93193193e+01,5.80300589e+00,0.00000000e+00,3.00000000e+06,6.00000000e+02,1.50000000e-01,2.50000000e-01,6.00000000e-01,0.00000000e+00
1.94194194e+01,5.80300589e+00,0.00000000e+00,3.00000000e+06,6.00000000e+02,1.50000000e-01,2.50000000e-01,6.00000000e-01,0.00000000e+00
1.95195195e+01,5.80300589e+00,0.00000000e+00,3.00000000e+06,6.00000000e+02,1.50000000e-01,2.50000000e-01,6.00000000e-01,0.00000000e+00
1.96196196e+01,5.80300589e+00,0.00000000e+00,3.00000000e+06,6.00000000e+02,1.50000000e-01,2.50000000e-01,6.00000000e-01,0.00000000e+00
1.97197197e+01,5.80300589e+00,0.00000000e+00,3.00000000e+06,6.00000000e+02,1.50000000e-01,2.50000000e-01,6.00000000e-01,0.00000000e+00
1.98198198e+01,5.80300589e+00,0.00000000e+00,3.00000000e+06,6.00000000e+02,1.50000000e-01,2.50000000e-01,6.00000000e-01,0.00000000e+00
1.99199199e+01,5.80300589e+00,0.00000000e+00,3.00000000e+06,6.00000000e+02,1.50000000e-01,2.50000000e-01,6.00000000e-01,0.00000000e+00
2.00200200e+01,5.80300589e+00,0.00000000e+00,3.00000000e+06,6.00000000e+02,1.50000000e-01,2.50000000e-01,6.00000000e-01,0.00000000e+00
2.01201201e+01,5.80300589e+00,0.00000000e+00,3.00000000e+06,6.00000000e+02,1.50000000e-01,2.50000000e-01,6.00000000e-01,0.00000000e+00
2.02202202e+01,5.80300589e+00,0.00000000e+00,3.00000000e+06,6.00000000e+02,1.50000000e-01,2.50000000e-01,6.00000000e-01,0.00000000e+00
2.03203203e+01,5.80300589e+00,0.00000000e+00,3.00000000e+06,6.00000000e+02,1.50000000e-01,2.50000000e-01,6.00000000e-01,0.00000000e+00
2.04204204e+01,5.80300589e+00,0.00000000e+00,3.00000000e+06,6.00000000e+02,1.50000000e-01,2.50000000e-01,6.00000000e-01,0.00000000e+00
2.05205205e+01,5.80300589e+00,0.00000000e+00,3.00000000e+06,6.00000000e+02,1.50000000e-01,2.50000000e-01,6.00000000e-01,0.00000000e+00
2.06206206e+01,5.80300589e+00,0.00000000e+00,3.00000000e+06,6.00000000e+02,1.50000000e-01,2.50000000e-01,6.00000000e-01,0.00000000e+00
2.07207207e+01,5.80300589e+00,0.00000000e+00,3.00000000e+06,6.00000000e+02,1.50000000e-01,2.50000000e-01,6.00000000e-01,0.00000000e+00
2.08208208e+01,5.80300589e+00,0.00000000e+00,3.00000000e+06,6.00000000e+02,1.50000000e-01,2.50000000e-01,6.00000000e-01,0.00000000e+00
2.09209209e+01,5.80300589e+00,0.00000000e+00,3.00000000e+06,6.00000000e+02,1.50000000e-01,2.50000000e-01,6.00000000e-01,0.00000000e+00
2.10210210e+01,5.80300589e+00,0.00000000e+00,3.00000000e+06,6.00000000e+02,1.50000000e-01,2.50000000e-01,6.00000000e-01,0.00000000e+00
2.11211211e+01,5.80300589e+00,0.00000000e+00,3.00000000e+06,6.00000000e+02,1.50000000e-01,2.50000000e-01,6.00000000e-01,0.00000000e+00
2.12212212e+01,5.80300589e+00,0.00000000e+00,3.00000000e+06,6.00000000e+02,1.50000000e-01,2.50000000e-01,6.00000000e-01,0.00000000e+00
2.13213213e+01,5.80300589e+00,0.00000000e+00,3.00000000e+06,6.00000000e+02,1.50000000e-01,2.50000000e-01,6.00000000e-01,0.00000000e+00
2.14214214e+01,5.80300589e+00,0.00000000e+00,3.00000000e+06,6.00000000e+02,1.50000000e-01,2.50000000e-01,6.00000000e-01,0.00000000e+00
2.15215215e+01,5.80300589e+00,0.00000000e+00,3.00000000e+06,6.00000000e+02,1.50000000e-01,2.50000000e-01,6.00000000e-01,0.00000000e+00
2.16216216e+01,5.80300589e+00,0.00000000e+00,3.00000000e+06,6.00000000e+02,1.50000000e-01,2.50000000e-01,6.00000000e-01,0.00000000e+00
2.17217217e+01,5.80300589e+00,0.00000000e+00,3.00000000e+06,6.00000000e+02,1.50000000e-01,2.50000000e-01,6.00000000e-01,0.00000000e+00
2.18218218e+01,5.80300589e+00,0.00000000e+00,3.00000000e+06,6.00000000e+02,1.50000000e-01,2.50000000e-01,6.00000000e-01,0.00000000e+00
2.19219219e+01,5.80300589e+00,0.00000000e+00,3.00000000e+06,6.00000000e+02,1.50000000e-01,2.50000000e-01,6.00000000e-01,0.00000000e+00
2.20220220e+01,5.80300589e+00,0.00000000e+00,3.00000000e+06,6.00000000e+02,1.50000000e-01,2.50000000e-01,6.00000000e-01,0.00000000e+00
2.21221221e+01,5.80300589e+00,0.00000000e+00,3.00000000e+06,6.00000000e+02,1.50000000e-01,2.50000000e-01,6.00000000e-01,0.00000000e+00
2.22222222e+01,5.80300589e+00,0.00000000e+00,3.00000000e+06,6.00000000e+02,1.50000000e-01,2.50000000e-01,6.00000000e-01,0.00000000e+00
2.23223223e+01,5.80300589e+00,0.00000000e+00,3.00000000e+06,6.00000000e+02,1.50000000e-01,2.50000000e-01,6.00000000e-01,0.00000000e+00
2.24224224e+01,5.80300589e+00,0.00000000e+00,3.00000000e+06,6.00000000e+02,1.50000000e-01,2.50000000e-01,6.00000000e-01,0.00000000e+00
2.25225225e+01,5.80300589e+00,0.00000000e+00,3.00000000e+06,6.00000000e+02,1.50000000e-01,2.50000000e-01,6.00000000e-01,0.00000000e+00
2.26226226e+01,5.80300589e+00,0.00000000e+00,3.00000000e+06,6.00000000e+02,1.50000000e-01,2.50000000e-01,6.00000000e-01,0.00000000e+00
2.27227227e+01,5.80300589e+00,0.00000000e+00,3.00000000e+06,6.00000000e+02,1.50000000e-01,2.50000000e-01,6.00000000e-01,0.00000000e+00
2.28228228e+01,5.80300589e+00,0.00000000e+00,3.00000000e+06,6.00000000e+02,1.50000000e-01,2.50000000e-01,6.00000000e-01,0.00000000e+00
2.29229229e+01,5.80300589e+00,0.00000000e+00,3.00000000e+06,6.00000000e+02,1.50000000e-01,2.50000000e-01,6.00000000e-01,0.00000000e+00
2.30230230e+01,5.80300589e+00,0.00000000e+00,3.00000000e+06,6.00000000e+02,1.50000000e-01,2.50000000e-01,6.00000000e-01,0.00000000e+00
2.31231231e+01,5.80300589e+00,0.00000000e+00,3.00000000e+06,6.00000000e+02,1.50000000e-01,2.50000000e-01,6.00000000e-01,0.00000000e+00
2.32232232e+01,5.80300589e+00,0.00000000e+00,3.00000000e+06,6.00000000e+02,1.50000000e-01,2.50000000e-01,6.00000000e-01,0.00000000e+00
2.33233233e+01,5.80300589e+00,0.00000000e+00,3.00000000e+06,6.00000000e+02,1.50000000e-01,2.50000000e-01,6.00000000e-01,0.00000000e+00
2.34234234e+01,5.80300589e+00,0.00000000e+00,3.00000000e+06,6.00000000e+02,1.50000000e-01,2.50000000e-01,6.00000000e-01,0.00000000e+00
2.35235235e+01,5.80300589e+00,0.00000000e+00,3.00000000e+06,6.00000000e+02,1.50000000e-01,2.50000000e-01,6.00000000e-01,0.00000000e+00
2.36236236e+01,5.80300589e+00,0.00000000e+00,3.00000000e+06,6.00000000e+02,1.50000000e-01,2.50000000e-01,6.00000000e-01,0.00000000e+00
2.37237237e+01,5.80300589e+00,0.00000000e+00,3.00000000e+06,6.00000000e+02,1.50000000e-01,2.50000000e-01,6.00000000e-01,0.00000000e+00
2.38238238e+01,5.80300589e+00,0.00000000e+00,3.00000000e+06,6.00000000e+02,1.50000000e-01,2.50000000e-01,6.00000000e-01,0.00000000e+00
2.39239239e+01,5.80300589e+00,0.00000000e+00,3.00000000e+06,6.00000000e+02,1.50000000e-01,2.50000000e-01,6.00000000e-01,0.00000000e+00
2.40240240e+01,5.80300589e+00,0.00000000e+00,3.00000000e+06,6.00000000e+02,1.50000000e-01,2.50000000e-01,6.00000000e-01,0.00000000e+00
2.41241241e+01,5.80300589e+00,0.00000000e+00,3.00000000e+06,6.00000000e+02,1.50000000e-01,2.50000000e-01,6.00000000e-01,0.00000000e+00
2.42242242e+01,5.80300589e+00,0.00000000e+00,3.00000000e+06,6.00000000e+02,1.50000000e-01,2.50000000e-01,6.00000000e-01,0.00000000e+00
2.43243243e+01,5.80300589e+00,0.00000000e+00,3.00000000e+06,6.00000000e+02,1.50000000e-01,2.50000000e-01,6.00000000e-01,0.00000000e+00
2.44244244e+01,5.80300589e+00,0.00000000e+00,3.00000000e+06,6.00000000e+02,1.50000000e-01,2.50000000e-01,6.00000000e-01,0.00000000e+00
2.45245245e+01,5.80300589e+00,0.00000000e+00,3.00000000e+06,6.00000000e+02,1.50000000e-01,2.50000000e-01,6.00000000e-01,0.00000000e+00
2.46246246e+01,5.80300589e+00,0.00000000e+00,3.00000000e+06,6.00000000e+02,1.50000000e-01,2.50000000e-01,6.00000000e-01,0.00000000e+00
2.47247247e+01,5.80300589e+00,0.00000000e+00,3.00000000e+06,6.00000000e+02,1.50000000e-01,2.50000000e-01,6.00000000e-01,0.00000000e+00
2.48248248e+01,5.80300589e+00,0.00000000e+00,3.00000000e+06,6.00000000e+02,1.50000000e-01,2.50000000e-01,6.00000000e-01,0.00000000e+00
2.49249249e+01,5.80300589e+00,0.00000000e+00,3.00000000e+06,6.00000000e+02,1.50000000e-01,2.50000000e-01,6.00000000e-01,0.00000000e+00
2.50250250e+01,5.80300589e+00,0.00000000e+00,3.00000000e+06,6.00000000e+02,1.50000000e-01,2.50000000e-01,6.00000000e-01,0.00000000e+00
2.51251251e+01,5.80300589e+00,0.00000000e+00,3.00000000e+06,6.00000000e+02,1.50000000e-01,2.50000000e-01,6.00000000e-01,0.00000000e+00
2.52252252e+01,5.80300589e+00,0.00000000e+00,3.00000000e+06,6.00000000e+02,1.50000000e-01,2.50000000e-01,6.00000000e-01,0.00000000e+00
2.53253253e+01,5.80300589e+00,0.00000000e+00,3.00000000e+06,6.00000000e+02,1.50000000e-01,2.50000000e-01,6.00000000e-01,0.00000000e+00
2.54254254e+01,5.80300589e+00,0.00000000e+00,3.00000000e+06,6.00000000e+02,1.50000000e-01,2.50000000e-01,6.00000000e-01,0.00000000e+00
2.55255255e+01,5.80300589e+00,0.00000000e+00,3.00000000e+06,6.00000000e+02,1.50000000e-01,2.50000000e-01,6.00000000e-01,0.00000000e+00
2.56256256e+01,5.80300589e+00,0.00000000e+00,3.00000000e+06,6.00000000e+02,1.50000000e-01,2.50000000e-01,6.00000000e-01,0.00000000e+00
2.57257257e+01,5.80300589e+00,0.00000000e+00,3.00000000e+06,6.00000000e+02,1.50000000e-01,2.50000000e-01,6.00000000e-01,0.00000000e+00
2.58258258e+01,5.80300589e+00,0.00000000e+00,3.00000000e+06,6.00000000e+02,1.50000000e-01,2.50000000e-01,6.00000000e-01,0.00000000e+00
2.59259259e+01,5.80300589e+00,0.00000000e+00,3.00000000e+06,6.00000000e+02,1.50000000e-01,2.50000000e-01,6.00000000e-01,0.00000000e+00
2.60260260e+01,5.80300589e+00,0.00000000e+00,3.00000000e+06,6.00000000e+02,1.50000000e-01,2.50000000e-01,6.00000000e-01,0.00000000e+00
2.61261261e+01,5.80300589e+00,0.00000000e+00,3.00000000e+06,6.00000000e+02,1.50000000e-01,2.50000000e-01,6.00000000e-01,0.00000000e+00
2.62262262e+01,5.80300589e+00,0.00000000e+00,3.00000000e+06,6.00000000e+02,1.50000000e-01,2.50000000e-01,6.00000000e-01,0.00000000e+00
2.63263263e+01,5.80300589e+00,0.00000000e+00,3.00000000e+06,6.00000000e+02,1.50000000e-01,2.50000000e-01,6.00000000e-01,0.00000000e+00
2.64264264e+01,5.80300589e+00,0.00000000e+00,3.00000000e+06,6.00000000e+02,1.50000000e-01,2.50000000e-01,6.00000000e-01,0.00000000e+00
2.65265265e+01,5.80300589e+00,0.00000000e+00,3.00000000e+06,6.00000000e+02,1.50000000e-01,2.50000000e-01,6.00000000e-01,0.00000000e+00
2.66266266e+01,5.80300589e+00,0.00000000e+00,3.00000000e+06,6.00000000e+02,1.50000000e-01,2.50000000e-01,6.00000000e-01,0.00000000e+00
2.67267267e+01,5.80300589e+00,0.00000000e+00,3.00000000e+06,6.00000000e+02,1.50000000e-01,2.50000000e-01,6.00000000e-01,0.00000000e+00
2.68268268e+01,5.80300589e+00,0.00000000e+00,3.00000000e+06,6.00000000e+02,1.50000000e-01,2.50000000e-01,6.00000000e-01,0.00000000e+00
2.69269269e+01,5.80300589e+00,0.00000000e+00,3.00000000e+06,6.00000000e+02,1.50000000e-01,2.50000000e-01,6.00000000e-01,0.00000000e+00
2.70270270e+01,5.80300589e+00,0.00000000e+00,3.00000000e+06,6.00000000e+02,1.50000000e-01,2.50000000e-01,6.00000000e-01,0.00000000e+00
2.71271271e+01,5.80300589e+00,0.00000000e+00,3.00000000e+06,6.00000000e+02,1.50000000e-01,2.50000000e-01,6.00000000e-01,0.00000000e+00
2.72272272e+01,5.80300589e+00,0.00000000e+00,3.00000000e+06,6.00000000e+02,1.50000000e-01,2.50000000e-01,6.00000000e-01,0.00000000e+00
2.73273273e+01,5.80300589e+00,0.00000000e+00,3.00000000e+06,6.00000000e+02,1.50000000e-01,2.50000000e-01,6.00000000e-01,0.00000000e+00
2.74274274e+01,5.80300589e+00,0.00000000e+00,3.00000000e+06,6.00000000e+02,1.50000000e-01,2.50000000e-01,6.00000000e-01,0.00000000e+00
2.75275275e+01,5.80300589e+00,0.00000000e+00,3.00000000e+06,6.00000000e+02,1.50000000e-01,2.50000000e-01,6.00000000e-01,0.00000000e+00
2.76276276e+01,5.80300589e+00,0.00000000e+00,3.00000000e+06,6.00000000e+02,1.50000000e-01,2.50000000e-01,6.00000000e-01,0.00000000e+00
2.77277277e+01,5.80300589e+00,0.00000000e+00,3.00000000e+06,6.00000000e+02,1.50000000e-01,2.50000000e-01,6.00000000e-01,0.00000000e+00
2.78278278e+01,5.80300589e+00,0.00000000e+00,3.00000000e+06,6.00000000e+02,1.50000000e-01,2.50000000e-01,6.00000000e-01,0.00000000e+00
2.79279279e+01,5.80300589e+00,0.00000000e+00,3.00000000e+06,6.00000000e+02,1.50000000e-01,2.50000000e-01,6.00000000e-01,0.00000000e+00
2.80280280e+01,5.80300589e+00,0.00000000e+00,3.00000000e+06,6.00000000e+02,1.50000000e-01,2.50000000e-01,6.00000000e-01,0.00000000e+00
2.81281281e+01,5.80300589e+00,0.00000000e+00,3.00000000e+06,6.00000000e+02,1.50000000e-01,2.50000000e-01,6.00000000e-01,0.00000000e+00
2.82282282e+01,5.80300589e+00,0.00000000e+00,3.00000000e+06,6.00000000e+02,1.50000000e-01,2.50000000e-01,6.00000000e-01,0.00000000e+00
2.83283283e+01,5.80300589e+00,0.00000000e+00,3.00000000e+06,6.00000000e+02,1.50000000e-01,2.50000000e-01,6.00000000e-01,0.00000000e+00
2.84284284e+01,5.80300589e+00,0.00000000e+00,3.00000000e+06,6.00000000e+02,1.50000000e-01,2.50000000e-01,6.00000000e-01,0.00000000e+00
2.85285285e+01,5.80300589e+00,0.00000000e+00,3.00000000e+06,6.00000000e+02,1.50000000e-01,2.50000000e-01,6.00000000e-01,0.00000000e+00
2.86286286e+01,5.80300589e+00,0.00000000e+00,3.00000000e+06,6.00000000e+02,1.50000000e-01,2.50000000e-01,6.00000000e-01,0.00000000e+00
2.87287287e+01,5.80300589e+00,0.00000000e+00,3.00000000e+06,6.00000000e+02,1.50000000e-01,2.50000000e-01,6.00000000e-01,0.00000000e+00
2.88288288e+01,5.80300589e+00,0.00000000e+00,3.00000000e+06,6.00000000e+02,1.50000000e-01,2.50000000e-01,6.00000000e-01,0.00000000e+00
2.89289289e+01,5.80300589e+00,0.00000000e+00,3.00000000e+06,6.00000000e+02,1.50000000e-01,2.50000000e-01,6.00000000e-01,0.00000000e+00
2.90290290e+01,5.80300589e+00,0.00000000e+00,3.00000000e+06,6.00000000e+02,1.50000000e-01,2.50000000e-01,6.00000000e-01,0.00000000e+00
2.91291291e+01,5.80300589e+00,0.00000000e+00,3.00000000e+06,6.00000000e+02,1.50000000e-01,2.50000000e-01,6.00000000e-01,0.00000000e+00
2.92292292e+01,5.80300589e+00,0.00000000e+00,3.00000000e+06,6.00000000e+02,1.50000000e-01,2.50000000e-01,6.00000000e-01,0.00000000e+00
2.93293293e+01,5.80300589e+00,0.00000000e+00,3.00000000e+06,6.00000000e+02,1.50000000e-01,2.50000000e-01,6.00000000e-01,0.00000000e+00
2.94294294e+01,5.80300589e+00,0.00000000e+00,3.00000000e+06,6.00000000e+02,1.50000000e-01,2.50000000e-01,6.00000000e-01,0.00000000e+00
2.95295295e+01,5.80300589e+00,0.00000000e+00,3.00000000e+06,6.00000000e+02,1.50000000e-01,2.50000000e-01,6.00000000e-01,0.00000000e+00
2.96296296e+01,5.80300589e+00,0.00000000e+00,3.00000000e+06,6.00000000e+02,1.50000000e-01,2.50000000e-01,6.00000000e-01,0.00000000e+00
2.97297297e+01,5.80300589e+00,0.00000000e+00,3.00000000e+06,6.00000000e+02,1.50000000e-01,2.50000000e-01,6.00000000e-01,0.00000000e+00
2.98298298e+01,5.80300589e+00,0.00000000e+00,3.00000000e+06,6.00000000e+02,1.50000000e-01,2.50000000e-01,6.00000000e-01,0.00000000e+00
2.99299299e+01,5.80300589e+00,0.00000000e+00,3.00000000e+06,6.00000000e+02,1.50000000e-01,2.50000000e-01,6.00000000e-01,0.00000000e+00
3.00300300e+01,5.80300589e+00,0.00000000e+00,3.00000000e+06,6.00000000e+02,1.50000000e-01,2.50000000e-01,6.00000000e-01,0.00000000e+00
3.01301301e+01,5.80300589e+00,0.00000000e+00,3.00000000e+06,6.00000000e+02,1.50000000e-01,2.50000000e-01,6.00000000e-01,0.00000000e+00
3.02302302e+01,5.80300589e+00,0.00000000e+00,3.00000000e+06,6.00000000e+02,1.50000000e-01,2.50000000e-01,6.00000000e-01,0.00000000e+00
3.03303303e+01,5.80300589e+00,0.00000000e+00,3.00000000e+06,6.00000000e+02,1.50000000e-01,2.50000000e-01,6.00000000e-01,0.00000000e+00
3.04304304e+01,5.80300589e+00,0.00000000e+00,3.00000000e+06,6.00000000e+02,1.50000000e-01,2.50000000e-01,6.00000000e-01,0.00000000e+00
3.05305305e+01,5.80300589e+00,0.00000000e+00,3.00000000e+06,6.00000000e+02,1.50000000e-01,2.50000000e-01,6.00000000e-01,0.00000000e+00
3.06306306e+01,5.80300589e+00,0.00000000e+00,3.00000000e+06,6.00000000e+02,1.50000000e-01,2.50000000e-01,6.00000000e-01,0.00000000e+00
3.07307307e+01,5.80300589e+00,0.00000000e+00,3.00000000e+06,6.00000000e+02,1.50000000e-01,2.50000000e-01,6.00000000e-01,0.00000000e+00
3.08308308e+01,5.80300589e+00,0.00000000e+00,3.00000000e+06,6.00000000e+02,1.50000000e-01,2.50000000e-01,6.00000000e-01,0.00000000e+00
3.09309309e+01,5.80300589e+00,0.00000000e+00,3.00000000e+06,6.00000000e+02,1.50000000e-01,2.50000000e-01,6.00000000e-01,0.00000000e+00
3.10310310e+01,5.80300589e+00,0.00000000e+00,3.00000000e+06,6.00000000e+02,1.50000000e-01,2.50000000e-01,6.00000000e-01,0.00000000e+00
3.11311311e+01,5.80300589e+00,0.00000000e+00,3.00000000e+06,6.00000000e+02,1.50000000e-01,2.50000000e-01,6.00000000e-01,0.00000000e+00
3.12312312e+01,5.80300589e+00,0.00000000e+00,3.00000000e+06,6.00000000e+02,1.50000000e-01,2.50000000e-01,6.00000000e-01,0.00000000e+00
3.13313313e+01,5.80300589e+00,0.00000000e+00,3.00000000e+06,6.00000000e+02,1.50000000e-01,2.50000000e-01,6.00000000e-01,0.00000000e+00
3.14314314e+01,5.80300589e+00,0.00000000e+00,3.00000000e+06,6.00000000e+02,1.50000000e-01,2.50000000e-01,6.00000000e-01,0.00000000e+00
3.15315315e+01,5.80300589e+00,0.00000000e+00,3.00000000e+06,6.00000000e+02,1.50000000e-01,2.50000000e-01,6.00000000e-01,0.00000000e+00
3.16316316e+01,5.80300589e+00,0.00000000e+00,3.00000000e+06,6.00000000e+02,1.50000000e-01,2.50000000e-01,6.00000000e-01,0.00000000e+00
3.17317317e+01,5.80300589e+00,0.00000000e+00,3.00000000e+06,6.00000000e+02,1.50000000e-01,2.50000000e-01,6.00000000e-01,0.00000000e+00
3.18318318e+01,5.80300589e+00,0.00000000e+00,3.00000000e+06,6.00000000e+02,1.50000000e-01,2.50000000e-01,6.00000000e-01,0.00000000e+00
3.19319319e+01,5.80300589e+00,0.00000000e+00,3.00000000e+06,6.00000000e+02,1.50000000e-01,2.50000000e-01,6.00000000e-01,0.00000000e+00
3.20320320e+01,5.80300589e+00,0.00000000e+00,3.00000000e+06,6.00000000e+02,1.50000000e-01,2.50000000e-01,6.00000000e-01,0.00000000e+00
3.21321321e+01,5.80300589e+00,0.00000000e+00,3.00000000e+06,6.00000000e+02,1.50000000e-01,2.50000000e-01,6.00000000e-01,0.00000000e+00
3.22322322e+01,5.80300589e+00,0.00000000e+00,3.00000000e+06,6.00000000e+02,1.50000000e-01,2.50000000e-01,6.00000000e-01,0.00000000e+00
3.23323323e+01,5.80300589e+00,0.00000000e+00,3.00000000e+06,6.00000000e+02,1.50000000e-01,2.50000000e-01,6.00000000e-01,0.00000000e+00
3.24324324e+01,5.80300589e+00,0.00000000e+00,3.00000000e+06,6.00000000e+02,1.50000000e-01,2.50000000e-01,6.00000000e-01,0.00000000e+00
3.25325325e+01,5.80300589e+00,0.00000000e+00,3.00000000e+06,6.00000000e+02,1.50000000e-01,2.50000000e-01,6.00000000e-01,0.00000000e+00
3.26326326e+01,5.80300589e+00,0.00000000e+00,3.00000000e+06,6.00000000e+02,1.50000000e-01,2.50000000e-01,6.00000000e-01,0.00000000e+00
3.27327327e+01,5.80300589e+00,0.00000000e+00,3.00000000e+06,6.00000000e+02,1.50000000e-01,2.50000000e-01,6.00000000e-01,0.00000000e+00
3.28328328e+01,5.80300589e+00,0.00000000e+00,3.00000000e+06,6.00000000e+02,1.50000000e-01,2.50000000e-01,6.00000000e-01,0.00000000e+00
3.29329329e+01,5.80300589e+00,0.00000000e+00,3.00000000e+06,6.00000000e+02,1.50000000e-01,2.50000000e-01,6.00000000e-01,0.00000000e+00
3.30330330e+01,5.80300589e+00,0.00000000e+00,3.00000000e+06,6.00000000e+02,1.50000000e-01,2.50000000e-01,6.00000000e-01,0.00000000e+00
3.31331331e+01,5.80300589e+00,0.00000000e+00,3.00000000e+06,6.00000000e+02,1.50000000e-01,2.50000000e-01,6.00000000e-01,0.00000000e+00
3.32332332e+01,5.80300589e+00,0.00000000e+00,3.00000000e+06,6.00000000e+02,1.50000000e-01,2.50000000e-01,6.00000000e-01,0.00000000e+00
3.33333333e+01,5.80300589e+00,0.00000000e+00,3.00000000e+06,6.00000000e+02,1.50000000e-01,2.50000000e-01,6.00000000e-01,0.00000000e+00
3.34334334e+01,5.80300589e+00,0.00000000e+00,3.00000000e+06,6.00000000e+02,1.50000000e-01,2.50000000e-01,6.00000000e-01,0.00000000e+00
3.35335335e+01,5.80300589e+00,0.00000000e+00,3.00000000e+06,6.00000000e+02,1.50000000e-01,2.50000000e-01,6.00000000e-01,0.00000000e+00
3.36336336e+01,5.80300589e+00,0.00000000e+00,3.00000000e+06,6.00000000e+02,1.50000000e-01,2.50000000e-01,6.00000000e-01,0.00000000e+00
3.37337337e+01,5.80300589e+00,0.00000000e+00,3.00000000e+06,6.00000000e+02,1.50000000e-01,2.50000000e-01,6.00000000e-01,0.00000000e+00
3.38338338e+01,5.80300589e+00,0.00000000e+00,3.00000000e+06,6.00000000e+02,1.50000000e-01,2.50000000e-01,6.00000000e-01,0.00000000e+00
3.39339339e+01,5.80300589e+00,0.00000000e+00,3.00000000e+06,6.00000000e+02,1.50000000e-01,2.50000000e-01,6.00000000e-01,0.00000000e+00
3.40340340e+01,5.80300589e+00,0.00000000e+00,3.00000000e+06,6.00000000e+02,1.50000000e-01,2.50000000e-01,6.00000000e-01,0.00000000e+00
3.41341341e+01,5.80300589e+00,0.00000000e+00,3.00000000e+06,6.00000000e+02,1.50000000e-01,2.50000000e-01,6.00000000e-01,0.00000000e+00
3.42342342e+01,5.80300589e+00,0.00000000e+00,3.00000000e+06,6.00000000e+02,1.50000000e-01,2.50000000e-01,6.00000000e-01,0.00000000e+00
3.43343343e+01,5.80300589e+00,0.00000000e+00,3.00000000e+06,6.00000000e+02,1.50000000e-01,2.50000000e-01,6.00000000e-01,0.00000000e+00
3.44344344e+01,5.80300589e+00,0.00000000e+00,3.00000000e+06,6.00000000e+02,1.50000000e-01,2.50000000e-01,6.00000000e-01,0.00000000e+00
3.45345345e+01,5.80300589e+00,0.00000000e+00,3.00000000e+06,6.00000000e+02,1.50000000e-01,2.50000000e-01,6.00000000e-01,0.00000000e+00
3.46346346e+01,5.80300589e+00,0.00000000e+00,3.00000000e+06,6.00000000e+02,1.50000000e-01,2.50000000e-01,6.00000000e-01,0.00000000e+00
3.47347347e+01,5.80300589e+00,0.00000000e+00,3.00000000e+06,6.00000000e+02,1.50000000e-01,2.50000000e-01,6.00000000e-01,0.00000000e+00
3.48348348e+01,5.80300589e+00,0.00000000e+00,3.00000000e+06,6.00000000e+02,1.50000000e-01,2.50000000e-01,6.00000000e-01,0.00000000e+00
3.49349349e+01,5.80300589e+00,0.00000000e+00,3.00000000e+06,6.00000000e+02,1.50000000e-01,2.50000000e-01,6.00000000e-01,0.00000000e+00
3.50350350e+01,5.80300589e+00,0.00000000e+00,3.00000000e+06,6.00000000e+02,1.50000000e-01,2.50000000e-01,6.00000000e-01,0.00000000e+00
3.51351351e+01,5.80300589e+00,0.00000000e+00,3.00000000e+06,6.00000000e+02,1.50000000e-01,2.50000000e-01,6.00000000e-01,0.00000000e+00
3.52352352e+01,5.80300589e+00,0.00000000e+00,3.00000000e+06,6.00000000e+02,1.50000000e-01,2.50000000e-01,6.00000000e-01,0.00000000e+00
3.53353353e+01,5.80300589e+00,0.00000000e+00,3.00000000e+06,6.00000000e+02,1.50000000e-01,2.50000000e-01,6.00000000e-01,0.00000000e+00
3.54354354e+01,5.80300589e+00,0.00000000e+00,3.00000000e+06,6.00000000e+02,1.50000000e-01,2.50000000e-01,6.00000000e-01,0.00000000e+00
3.55355355e+01,5.80300589e+00,0.00000000e+00,3.00000000e+06,6.00000000e+02,1.50000000e-01,2.50000000e-01,6.00000000e-01,0.00000000e+00
3.56356356e+01,5.80300589e+00,0.00000000e+00,3.00000000e+06,6.00000000e+02,1.50000000e-01,2.50000000e-01,6.00000000e-01,0.00000000e+00
3.57357357e+01,5.80300589e+00,0.00000000e+00,3.00000000e+06,6.00000000e+02,1.50000000e-01,2.50000000e-01,6.00000000e-01,0.00000000e+00
3.58358358e+01,5.80300589e+00,0.00000000e+00,3.00000000e+06,6.00000000e+02,1.50000000e-01,2.50000000e-01,6.00000000e-01,0.00000000e+00
3.59359359e+01,5.80300589e+00,0.00000000e+00,3.00000000e+06,6.00000000e+02,1.50000000e-01,2.50000000e-01,6.00000000e-01,0.00000000e+00
3.60360360e+01,5.80300589e+00,0.00000000e+00,3.00000000e+06,6.00000000e+02,1.50000000e-01,2.50000000e-01,6.00000000e-01,0.00000000e+00
3.61361361e+01,5.80300589e+00,0.00000000e+00,3.00000000e+06,6.00000000e+02,1.50000000e-01,2.50000000e-01,6.00000000e-01,0.00000000e+00
3.62362362e+01,5.80300589e+00,0.00000000e+00,3.00000000e+06,6.00000000e+02,1.50000000e-01,2.50000000e-01,6.00000000e-01,0.00000000e+00
3.63363363e+01,5.80300589e+00,0.00000000e+00,3.00000000e+06,6.00000000e+02,1.50000000e-01,2.50000000e-01,6.00000000e-01,0.00000000e+00
3.64364364e+01,5.80300589e+00,0.00000000e+00,3.00000000e+06,6.00000000e+02,1.50000000e-01,2.50000000e-01,6.00000000e-01,0.00000000e+00
3.65365365e+01,5.80300589e+00,0.00000000e+00,3.00000000e+06,6.00000000e+02,1.50000000e-01,2.50000000e-01,6.00000000e-01,0.00000000e+00
3.66366366e+01,5.80300589e+00,0.00000000e+00,3.00000000e+06,6.00000000e+02,1.50000000e-01,2.50000000e-01,6.00000000e-01,0.00000000e+00
3.67367367e+01,5.80300589e+00,0.00000000e+00,3.00000000e+06,6.00000000e+02,1.50000000e-01,2.50000000e-01,6.00000000e-01,0.00000000e+00
3.68368368e+01,5.80300589e+00,0.00000000e+00,3.00000000e+06,6.00000000e+02,1.50000000e-01,2.50000000e-01,6.00000000e-01,0.00000000e+00
3.69369369e+01,5.80300589e+00,0.00000000e+00,3.00000000e+06,6.00000000e+02,1.50000000e-01,2.50000000e-01,6.00000000e-01,0.00000000e+00
3.70370370e+01,5.80300589e+00,0.00000000e+00,3.00000000e+06,6.00000000e+02,1.50000000e-01,2.50000000e-01,6.00000000e-01,0.00000000e+00
3.71371371e+01,5.80300589e+00,0.00000000e+00,3.00000000e+06,6.00000000e+02,1.50000000e-01,2.50000000e-01,6.00000000e-01,0.00000000e+00
3.72372372e+01,5.80300589e+00,0.00000000e+00,3.00000000e+06,6.00000000e+02,1.50000000e-01,2.50000000e-01,6.00000000e-01,0.00000000e+00
3.73373373e+01,5.80300589e+00,0.00000000e+00,3.00000000e+06,6.00000000e+02,1.50000000e-01,2.50000000e-01,6.00000000e-01,0.00000000e+00
3.74374374e+01,5.80300589e+00,0.00000000e+00,3.00000000e+06,6.00000000e+02,1.50000000e-01,2.50000000e-01,6.00000000e-01,0.00000000e+00
3.75375375e+01,5.80300589e+00,0.00000000e+00,3.00000000e+06,6.00000000e+02,1.50000000e-01,2.50000000e-01,6.00000000e-01,0.00000000e+00
3.76376376e+01,5.80300589e+00,0.00000000e+00,3.00000000e+06,6.00000000e+02,1.50000000e-01,2.50000000e-01,6.00000000e-01,0.00000000e+00
3.77377377e+01,5.80300589e+00,0.00000000e+00,3.00000000e+06,6.00000000e+02,1.50000000e-01,2.50000000e-01,6.00000000e-01,0.00000000e+00
3.78378378e+01,5.80300589e+00,0.00000000e+00,3.00000000e+06,6.00000000e+02,1.50000000e-01,2.50000000e-01,6.00000000e-01,0.00000000e+00
3.79379379e+01,5.80300589e+00,0.00000000e+00,3.00000000e+06,6.00000000e+02,1.50000000e-01,2.50000000e-01,6.00000000e-01,0.00000000e+00
3.80380380e+01,5.80300589e+00,0.00000000e+00,3.00000000e+06,6.00000000e+02,1.50000000e-01,2.50000000e-01,6.00000000e-01,0.00000000e+00
3.81381381e+01,5.80300589e+00,0.00000000e+00,3.00000000e+06,6.00000000e+02,1.50000000e-01,2.50000000e-01,6.00000000e-01,0.00000000e+00
3.82382382e+01,5.80300589e+00,0.00000000e+00,3.00000000e+06,6.00000000e+02,1.50000000e-01,2.50000000e-01,6.00000000e-01,0.00000000e+00
3.83383383e+01,5.80300589e+00,0.00000000e+00,3.00000000e+06,6.00000000e+02,1.50000000e-01,2.50000000e-01,6.00000000e-01,0.00000000e+00
3.84384384e+01,5.80300589e+00,0.00000000e+00,3.00000000e+06,6.00000000e+02,1.50000000e-01,2.50000000e-01,6.00000000e-01,0.00000000e+00
3.85385385e+01,5.80300589e+00,0.00000000e+00,3.00000000e+06,6.00000000e+02,1.50000000e-01,2.50000000e-01,6.00000000e-01,0.00000000e+00
3.86386386e+01,5.80300589e+00,0.00000000e+00,3.00000000e+06,6.00000000e+02,1.50000000e-01,2.50000000e-01,6.00000000e-01,0.00000000e+00
3.87387387e+01,5.80300589e+00,0.00000000e+00,3.00000000e+06,6.00000000e+02,1.50000000e-01,2.50000000e-01,6.00000000e-01,0.00000000e+00
3.88388388e+01,5.80300589e+00,0.00000000e+00,3.00000000e+06,6.00000000e+02,1.50000000e-01,2.50000000e-01,6.00000000e-01,0.00000000e+00
3.89389389e+01,5.80300589e+00,0.00000000e+00,3.00000000e+06,6.00000000e+02,1.50000000e-01,2.50000000e-01,6.00000000e-01,0.00000000e+00
3.90390390e+01,5.80300589e+00,0.00000000e+00,3.00000000e+06,6.00000000e+02,1.50000000e-01,2.50000000e-01,6.00000000e-01,0.00000000e+00
3.91391391e+01,5.80300589e+00,0.00000000e+00,3.00000000e+06,6.00000000e+02,1.50000000e-01,2.50000000e-01,6.00000000e-01,0.00000000e+00
3.92392392e+01,5.80300589e+00,0.00000000e+00,3.00000000e+06,6.00000000e+02,1.50000000e-01,2.50000000e-01,6.00000000e-01,0.00000000e+00
3.93393393e+01,5.80300589e+00,0.00000000e+00,3.00000000e+06,6.00000000e+02,1.50000000e-01,2.50000000e-01,6.00000000e-01,0.00000000e+00
3.94394394e+01,5.80300589e+00,0.00000000e+00,3.00000000e+06,6.00000000e+02,1.50000000e-01,2.50000000e-01,6.00000000e-01,0.00000000e+00
3.95395395e+01,5.80300589e+00,0.00000000e+00,3.00000000e+06,6.00000000e+02,1.50000000e-01,2.50000000e-01,6.00000000e-01,0.00000000e+00
3.96396396e+01,5.80300589e+00,0.00000000e+00,3.00000000e+06,6.00000000e+02,1.50000000e-01,2.50000000e-01,6.00000000e-01,0.00000000e+00
3.97397397e+01,5.80300589e+00,0.00000000e+00,3.00000000e+06,6.00000000e+02,1.50000000e-01,2.50000000e-01,6.00000000e-01,0.00000000e+00
3.98398398e+01,5.80300589e+00,0.00000000e+00,3.00000000e+06,6.00000000e+02,1.50000000e-01,2.50000000e-01,6.00000000e-01,0.00000000e+00
3.99399399e+01,5.80300589e+00,0.00000000e+00,3.00000000e+06,6.00000000e+02,1.50000000e-01,2.50000000e-01,6.00000000e-01,0.00000000e+00
4.00400400e+01,5.80300589e+00,0.00000000e+00,3.00000000e+06,6.00000000e+02,1.50000000e-01,2.50000000e-01,6.00000000e-01,0.00000000e+00
4.01401401e+01,5.80300589e+00,0.00000000e+00,3.00000000e+06,6.00000000e+02,1.50000000e-01,2.50000000e-01,6.00000000e-01,0.00000000e+00
4.02402402e+01,5.80300589e+00,0.00000000e+00,3.00000000e+06,6.00000000e+02,1.50000000e-01,2.50000000e-01,6.00000000e-01,0.00000000e+00
4.03403403e+01,5.80300589e+00,0.00000000e+00,3.00000000e+06,6.00000000e+02,1.50000000e-01,2.50000000e-01,6.00000000e-01,0.00000000e+00
4.04404404e+01,5.80300589e+00,0.00000000e+00,3.00000000e+06,6.00000000e+02,1.50000000e-01,2.50000000e-01,6.00000000e-01,0.00000000e+00
4.05405405e+01,5.80300589e+00,0.00000000e+00,3.00000000e+06,6.00000000e+02,1.50000000e-01,2.50000000e-01,6.00000000e-01,0.00000000e+00
4.06406406e+01,5.80300589e+00,0.00000000e+00,3.00000000e+06,6.00000000e+02,1.50000000e-01,2.50000000e-01,6.00000000e-01,0.00000000e+00
4.07407407e+01,5.80300589e+00,0.00000000e+00,3.00000000e+06,6.00000000e+02,1.50000000e-01,2.50000000e-01,6.00000000e-01,0.00000000e+00
4.08408408e+01,5.80300589e+00,0.00000000e+00,3.00000000e+06,6.00000000e+02,1.50000000e-01,2.50000000e-01,6.00000000e-01,0.00000000e+00
4.09409409e+01,5.80300589e+00,0.00000000e+00,3.00000000e+06,6.00000000e+02,1.50000000e-01,2.50000000e-01,6.00000000e-01,0.00000000e+00
4.10410410e+01,5.80300589e+00,0.00000000e+00,3.00000000e+06,6.00000000e+02,1.50000000e-01,2.50000000e-01,6.00000000e-01,0.00000000e+00
4.11411411e+01,5.80300589e+00,0.00000000e+00,3.00000000e+06,6.00000000e+02,1.50000000e-01,2.50000000e-01,6.00000000e-01,0.00000000e+00
4.12412412e+01,5.80300589e+00,0.00000000e+00,3.00000000e+06,6.00000000e+02,1.50000000e-01,2.50000000e-01,6.00000000e-01,0.00000000e+00
4.13413413e+01,5.80300589e+00,0.00000000e+00,3.00000000e+06,6.00000000e+02,1.50000000e-01,2.50000000e-01,6.00000000e-01,0.00000000e+00
4.14414414e+01,5.80300589e+00,0.00000000e+00,3.00000000e+06,6.00000000e+02,1.50000000e-01,2.50000000e-01,6.00000000e-01,0.00000000e+00
4.15415415e+01,5.80300589e+00,0.00000000e+00,3.00000000e+06,6.00000000e+02,1.50000000e-01,2.50000000e-01,6.00000000e-01,0.00000000e+00
4.16416416e+01,5.80300589e+00,0.00000000e+00,3.00000000e+06,6.00000000e+02,1.50000000e-01,2.50000000e-01,6.00000000e-01,0.00000000e+00
4.17417417e+01,5.80300589e+00,0.00000000e+00,3.00000000e+06,6.00000000e+02,1.50000000e-01,2.50000000e-01,6.00000000e-01,0.00000000e+00
4.18418418e+01,5.80300589e+00,0.00000000e+00,3.00000000e+06,6.00000000e+02,1.50000000e-01,2.50000000e-01,6.00000000e-01,0.00000000e+00
4.19419419e+01,5.80300589e+00,0.00000000e+00,3.00000000e+06,6.00000000e+02,1.50000000e-01,2.50000000e-01,6.00000000e-01,0.00000000e+00
4.20420420e+01,5.80300589e+00,1.00071473e-13,3.00000000e+06,6.00000000e+02,1.50000000e-01,2.50000000e-01,6.00000000e-01,0.00000000e+00
4.21421421e+01,5.80300589e+00,6.44109075e-13,3.00000000e+06,6.00000000e+02,1.50000000e-01,2.50000000e-01,6.00000000e-01,0.00000000e+00
4.22422422e+01,5.80300589e+00,3.06085908e-12,3.00000000e+06,6.00000000e+02,1.50000000e-01,2.50000000e-01,6.00000000e-01,0.00000000e+00
4.23423423e+01,5.80300589e+00,1.06825504e-11,3.00000000e+06,6.00000000e+02,1.50000000e-01,2.50000000e-01,6.00000000e-01,0.00000000e+00
4.24424424e+01,5.80300589e+00,3.59700204e-11,3.00000000e+06,6.00000000e+02,1.50000000e-01,2.50000000e-01,6.00000000e-01,0.00000000e+00
4.25425425e+01,5.80300589e+00,1.18177524e-10,3.00000000e+06,6.00000000e+02,1.50000000e-01,2.50000000e-01,6.00000000e-01,0.00000000e+00
4.26426426e+01,5.80300589e+00,3.81621821e-10,3.00000000e+06,6.00000000e+02,1.50000000e-01,2.50000000e-01,6.00000000e-01,0.00000000e+00
4.27427427e+01,5.80300589e+00,1.20747881e-09,3.00000000e+06,6.00000000e+02,1.50000000e-01,2.50000000e-01,6.00000000e-01,0.00000000e+00
4.28428428e+01,5.80300589e+00,3.75104113e-09,3.00000000e+06,6.00000000e+02,1.50000000e-01,2.50000000e-01,6.00000000e-01,0.00000000e+00
4.29429429e+01,5.80300589e+00,1.14494378e-08,3.00000000e+06,6.00000000e+02,1.50000000e-01,2.50000000e-01,6.00000000e-01,0.00000000e+00
4.30430430e+01,5.80300589e+00,3.43272477e-08,3.00000000e+06,6.00000000e+02,1.50000000e-01,2.50000000e-01,6.00000000e-01,0.00000000e+00
4.31431431e+01,5.80300589e+00,1.01060982e-07,3.00000000e+06,6.00000000e+02,1.50000000e-01,2.50000000e-01,6.00000000e-01,0.00000000e+00
4.32432432e+01,5.80300588e+00,2.92038358e-07,3.00000000e+06,6.00000000e+02,1.50000000e-01,2.50000000e-01,6.00000000e-01,0.00000000e+00
4.33433433e+01,5.80300588e+00,8.27974995e-07,3.00000000e+06,6.00000000e+02,1.50000000e-01,2.50000000e-01,6.00000000e-01,0.00000000e+00
4.34434434e+01,5.80300587e+00,2.30202304e-06,2.99999999e+06,5.99999999e+02,1.50000000e-01,2.50000000e-01,6.00000000e-01,0.00000000e+00
4.35435435e+01,5.80300584e+00,6.27333540e-06,2.99999997e+06,5.99999998e+02,1.50000000e-01,2.50000000e-01,6.00000000e-01,0.00000000e+00
4.36436436e+01,5.80300577e+00,1.67475170e-05,2.99999992e+06,5.99999995e+02,1.50000000e-01,2.50000000e-01,6.00000000e-01,0.00000000e+00
4.37437437e+01,5.80300559e+00,4.37739536e-05,2.99999978e+06,5.99999988e+02,1.50000000e-01,2.50000000e-01,6.00000000e-01,0.00000000e+00
4.38438438e+01,5.80300512e+00,1.11950678e-04,2.99999945e+06,5.99999968e+02,1.50000000e-01,2.50000000e-01,6.00000000e-01,0.00000000e+00
4.39439439e+01,5.80300398e+00,2.79959437e-04,2.99999862e+06,5.99999921e+02,1.50000000e-01,2.50000000e-01,6.00000000e-01,0.00000000e+00
4.40440440e+01,5.80300122e+00,6.84084332e-04,2.99999662e+06,5.99999807e+02,1.50000000e-01,2.50000000e-01,6.00000000e-01,0.00000000e+00
4.41441441e+01,5.80299475e+00,1.63204755e-03,2.99999194e+06,5.99999540e+02,1.50000000e-01,2.50000000e-01,6.00000000e-01,0.00000000e+00
4.42442442e+01,5.80297998e+00,3.79836922e-03,2.99998125e+06,5.99998928e+02,1.50000000e-01,2.50000000e-01,6.00000000e-01,0.00000000e+00
4.43443443e+01,5.80294712e+00,8.61591113e-03,2.99995746e+06,5.99997569e+02,1.50000000e-01,2.50000000e-01,6.00000000e-01,0.00000000e+00
4.44444444e+01,5.80287609e+00,1.90285011e-02,2.99990606e+06,5.99994632e+02,1.50000000e-01,2.50000000e-01,6.00000000e-01,0.00000000e+00
4.45445445e+01,5.80272710e+00,4.08717604e-02,2.99979823e+06,5.99988470e+02,1.50000000e-01,2.50000000e-01,6.00000000e-01,0.00000000e+00
4.46446446e+01,5.80242423e+00,8.52757542e-02,2.99957903e+06,5.99975944e+02,1.50000000e-01,2.50000000e-01,6.00000000e-01,0.00000000e+00
4.47447447e+01,5.80182866e+00,1.72595152e-01,2.99914802e+06,5.99951314e+02,1.50000000e-01,2.50000000e-01,6.00000000e-01,0.00000000e+00
4.48448448e+01,5.80069803e+00,3.38376237e-01,2.99832987e+06,5.99904555e+02,1.50000000e-01,2.50000000e-01,6.00000000e-01,0.00000000e+00
4.49449449e+01,5.79863039e+00,6.41599701e-01,2.99683389e+06,5.99819045e+02,1.50000000e-01,2.50000000e-01,6.00000000e-01,0.00000000e+00
4.50450450e+01,5.79499650e+00,1.17468329e+00,2.99420539e+06,5.99668749e+02,1.50000000e-01,2.50000000e-01,6.00000000e-01,0.00000000e+00
4.51451451e+01,5.78887388e+00,2.07335820e+00,2.98977862e+06,5.99415475e+02,1.50000000e-01,2.50000000e-01,6.00000000e-01,0.00000000e+00
4.52452452e+01,5.77900867e+00,3.52274570e+00,2.98265068e+06,5.99007215e+02,1.50000000e-01,2.50000000e-01,6.00000000e-01,0.00000000e+00
4.53453453e+01,5.76384133e+00,5.75456088e+00,2.97170285e+06,5.98379038e+02,1.50000000e-01,2.50000000e-01,6.00000000e-01,0.00000000e+00
4.54454454e+01,5.74162945e+00,9.03075410e+00,2.95569358e+06,5.97457826e+02,1.50000000e-01,2.50000000e-01,6.00000000e-01,0.00000000e+00
4.55455455e+01,5.71067562e+00,1.36123503e+01,2.93342823e+06,5.96171186e+02,1.50000000e-01,2.50000000e-01,6.00000000e-01,0.00000000e+00
4.56456456e+01,5.66962143e+00,1.97185726e+01,2.90397574e+06,5.94459033e+02,1.50000000e-01,2.50000000e-01,6.00000000e-01,0.00000000e+00
4.57457457e+01,5.61772062e+00,2.74879154e+01,2.86686675e+06,5.92284514e+02,1.50000000e-01,2.50000000e-01,6.00000000e-01,0.00000000e+00
4.58458458e+01,5.55498589e+00,3.69555568e+01,2.82219528e+06,5.89640231e+02,1.50000000e-01,2.50000000e-01,6.00000000e-01,0.00000000e+00
4.59459459e+01,5.48213633e+00,4.80578208e+01,2.77057225e+06,5.86546779e+02,1.50000000e-01,2.50000000e-01,6.00000000e-01,0.00000000e+00
4.60460460e+01,5.40034186e+00,6.06662147e+01,2.71293027e+06,5.83042731e+02,1.50000000e-01,2.50000000e-01,6.00000000e-01,0.00000000e+00
4.61461461e+01,5.31085111e+00,7.46498033e+01,2.65020777e+06,5.79160326e+02,1.50000000e-01,2.50000000e-01,6.00000000e-01,0.00000000e+00
4.62462462e+01,5.21545139e+00,8.97897893e+01,2.58370120e+06,5.74954388e+02,1.50000000e-01,2.50000000e-01,6.00000000e-01,0.00000000e+00
4.63463463e+01,5.12018446e+00,1.05285458e+02,2.51774215e+06,5.70701023e+02,1.50000000e-01,2.50000000e-01,6.00000000e-01,0.00000000e+00
4.64464464e+01,5.02406782e+00,1.20613960e+02,2.45191291e+06,5.66412141e+02,1.50000000e-01,2.50000000e-01,6.00000000e-01,0.00000000e+00
4.65465465e+01,4.93149310e+00,1.36391693e+02,2.38890366e+06,5.62216015e+02,1.50000000e-01,2.50000000e-01,6.00000000e-01,0.00000000e+00
4.66466466e+01,4.83743013e+00,1.51915989e+02,2.32524975e+06,5.57876295e+02,1.50000000e-01,2.50000000e-01,6.00000000e-01,0.00000000e+00
4.67467467e+01,4.74611736e+00,1.67775950e+02,2.26412375e+06,5.53661969e+02,1.50000000e-01,2.50000000e-01,6.00000000e-01,0.00000000e+00
4.68468468e+01,4.65429499e+00,1.83336577e+02,2.20300009e+06,5.49343026e+02,1.50000000e-01,2.50000000e-01,6.00000000e-01,0.00000000e+00
4.69469469e+01,4.56600659e+00,1.99319015e+02,2.14477563e+06,5.45165469e+02,1.50000000e-01,2.50000000e-01,6.00000000e-01,0.00000000e+00
4.70470470e+01,4.47649173e+00,2.15010536e+02,2.08607400e+06,5.40847629e+02,1.50000000e-01,2.50000000e-01,6.00000000e-01,0.00000000e+00
4.71471471e+01,4.38982764e+00,2.31059027e+02,2.02983175e+06,5.36655495e+02,1.50000000e-01,2.50000000e-01,6.00000000e-01,0.00000000e+00
4.72472472e+01,4.30268337e+00,2.46788288e+02,1.97356446e+06,5.32347153e+02,1.50000000e-01,2.50000000e-01,6.00000000e-01,0.00000000e+00
4.73473473e+01,4.21887712e+00,2.62923202e+02,1.92003548e+06,5.28196337e+02,1.50000000e-01,2.50000000e-01,6.00000000e-01,0.00000000e+00
4.74474474e+01,4.13425793e+00,2.78761860e+02,1.86625679e+06,5.23910181e+02,1.50000000e-01,2.50000000e-01,6.00000000e-01,0.00000000e+00
4.75475475e+01,4.05208847e+00,2.94913254e+02,1.81460079e+06,5.19738852e+02,1.50000000e-01,2.50000000e-01,6.00000000e-01,0.00000000e+00
4.76476476e+01,3.96983590e+00,3.10833407e+02,1.76320915e+06,5.15482923e+02,1.50000000e-01,2.50000000e-01,6.00000000e-01,0.00000000e+00
4.77477477e+01,3.89053490e+00,3.27095372e+02,1.71414454e+06,5.11353379e+02,1.50000000e-01,2.50000000e-01,6.00000000e-01,0.00000000e+00
4.78478478e+01,3.81051846e+00,3.43034592e+02,1.66494606e+06,5.07106417e+02,1.50000000e-01,2.50000000e-01,6.00000000e-01,0.00000000e+00
4.79479479e+01,3.73287351e+00,3.59281495e+02,1.61770723e+06,5.02967194e+02,1.50000000e-01,2.50000000e-01,6.00000000e-01,0.00000000e+00
4.80480480e+01,3.65556857e+00,3.75385013e+02,1.57097096e+06,4.98765296e+02,1.50000000e-01,2.50000000e-01,6.00000000e-01,0.00000000e+00
4.81481481e+01,3.58060799e+00,3.91757955e+02,1.52609532e+06,4.94661251e+02,1.50000000e-01,2.50000000e-01,6.00000000e-01,0.00000000e+00
4.82482482e+01,3.50513960e+00,4.07815056e+02,1.48123528e+06,4.90457901e+02,1.50000000e-01,2.50000000e-01,6.00000000e-01,0.00000000e+00
4.83483483e+01,3.43186459e+00,4.24152969e+02,1.43811260e+06,4.86346454e+02,1.50000000e-01,2.50000000e-01,6.00000000e-01,0.00000000e+00
4.84484484e+01,3.35919372e+00,4.40404212e+02,1.39564466e+06,4.82195125e+02,1.50000000e-01,2.50000000e-01,6.00000000e-01,0.00000000e+00
4.85485485e+01,3.28863724e+00,4.56902663e+02,1.35480572e+06,4.78127869e+02,1.50000000e-01,2.50000000e-01,6.00000000e-01,0.00000000e+00
4.86486486e+01,3.21776509e+00,4.73117697e+02,1.31409957e+06,4.73976646e+02,1.50000000e-01,2.50000000e-01,6.00000000e-01,0.00000000e+00
4.87487487e+01,3.14864464e+00,4.89522739e+02,1.27478194e+06,4.69888981e+02,1.50000000e-01,2.50000000e-01,6.00000000e-01,0.00000000e+00
4.88488488e+01,3.08020314e+00,5.05858329e+02,1.23615972e+06,4.65777209e+02,1.50000000e-01,2.50000000e-01,6.00000000e-01,0.00000000e+00
4.89489489e+01,3.01396094e+00,5.22489620e+02,1.19911934e+06,4.61750949e+02,1.50000000e-01,2.50000000e-01,6.00000000e-01,0.00000000e+00
4.90490490e+01,2.94772783e+00,5.38917417e+02,1.16239492e+06,4.57666713e+02,1.50000000e-01,2.50000000e-01,6.00000000e-01,0.00000000e+00
4.91491491e+01,2.88281418e+00,5.55456182e+02,1.12673242e+06,4.53614727e+02,1.50000000e-01,2.50000000e-01,6.00000000e-01,0.00000000e+00
4.92492492e+01,2.81816137e+00,5.71849097e+02,1.09152726e+06,4.49522810e+02,1.50000000e-01,2.50000000e-01,6.00000000e-01,0.00000000e+00
4.93493493e+01,2.75559669e+00,5.88571785e+02,1.05775952e+06,4.45506755e+02,1.50000000e-01,2.50000000e-01,6.00000000e-01,0.00000000e+00
4.94494494e+01,2.69341875e+00,6.05256272e+02,1.02451420e+06,4.41465847e+02,1.50000000e-01,2.50000000e-01,6.00000000e-01,0.00000000e+00
4.95495495e+01,2.63264415e+00,6.22140410e+02,9.92297601e+05,4.37454399e+02,1.50000000e-01,2.50000000e-01,6.00000000e-01,0.00000000e+00
4.96496496e+01,2.57150940e+00,6.38852406e+02,9.60218215e+05,4.33375974e+02,1.50000000e-01,2.50000000e-01,6.00000000e-01,0.00000000e+00
4.97497497e+01,2.51186390e+00,6.55859998e+02,9.29201363e+05,4.29335442e+02,1.50000000e-01,2.50000000e-01,6.00000000e-01,0.00000000e+00
4.98498498e+01,2.45194988e+00,6.72927405e+02,8.98315448e+05,4.25206884e+02,1.50000000e-01,2.50000000e-01,6.00000000e-01,0.00000000e+00
4.99499499e+01,2.39372241e+00,6.90414538e+02,8.68566226e+05,4.21126100e+02,1.50000000e-01,2.50000000e-01,6.00000000e-01,0.00000000e+00
5.00500501e+01,2.33207862e+00,7.08778303e+02,8.37574731e+05,1.24906413e+03,9.99306770e-16,2.50000000e-01,7.50000000e-01,0.00000000e+00
5.01501502e+01,2.27476330e+00,7.26310960e+02,8.08956193e+05,1.23678198e+03,9.99258693e-16,2.50000000e-01,7.50000000e-01,0.00000000e+00
5.02502503e+01,2.21968215e+00,7.43526191e+02,7.81683357e+05,1.22474150e+03,9.99229374e-16,2.50000000e-01,7.50000000e-01,0.00000000e+00
5.03503504e+01,2.16585245e+00,7.60665522e+02,7.55297145e+05,1.21281158e+03,9.99190942e-16,2.50000000e-01,7.50000000e-01,0.00000000e+00
5.04504505e+01,2.11312751e+00,7.77776046e+02,7.29722068e+05,1.20098099e+03,9.99143603e-16,2.50000000e-01,7.50000000e-01,0.00000000e+00
5.05505506e+01,2.06150118e+00,7.94881390e+02,7.04926973e+05,1.18922738e+03,9.99093028e-16,2.50000000e-01,7.50000000e-01,0.00000000e+00
5.06506507e+01,2.01096917e+00,8.11995785e+02,6.80882188e+05,1.17752712e+03,9.99046203e-16,2.50000000e-01,7.50000000e-01,0.00000000e+00
5.07507508e+01,1.96149484e+00,8.29120833e+02,6.57560990e+05,1.16587833e+03,9.99006897e-16,2.50000000e-01,7.50000000e-01,0.00000000e+00
5.08508509e+01,1.91303288e+00,8.46244056e+02,6.34945672e+05,1.15429945e+03,9.98970678e-16,2.50000000e-01,7.50000000e-01,0.00000000e+00
5.09509510e+01,1.86557118e+00,8.63340826e+02,6.13034513e+05,1.14281902e+03,9.98927682e-16,2.50000000e-01,7.50000000e-01,0.00000000e+00
5.10510511e+01,1.81905511e+00,8.80410169e+02,5.91755897e+05,1.13136072e+03,9.98878603e-16,2.50000000e-01,7.50000000e-01,0.00000000e+00
5.11511512e+01,1.77341637e+00,8.97480452e+02,5.71103379e+05,1.11997512e+03,9.98822215e-16,2.50000000e-01,7.50000000e-01,0.00000000e+00
5.12512513e+01,1.72879859e+00,9.14494348e+02,5.51109249e+05,1.10865816e+03,9.98755219e-16,2.50000000e-01,7.50000000e-01,0.00000000e+00
5.13513514e+01,1.68518787e+00,9.31467267e+02,5.31777863e+05,1.09745391e+03,9.98682283e-16,2.50000000e-01,7.50000000e-01,0.00000000e+00
5.14514515e+01,1.64251993e+00,9.48444812e+02,5.13054511e+05,1.08631861e+03,9.98604956e-16,2.50000000e-01,7.50000000e-01,0.00000000e+00
5.15515516e+01,1.60081370e+00,9.65415522e+02,4.94919946e+05,1.07522294e+03,9.98526937e-16,2.50000000e-01,7.50000000e-01,0.00000000e+00
5.16516517e+01,1.56006020e+00,9.82365773e+02,4.77379351e+05,1.06420827e+03,9.98446413e-16,2.50000000e-01,7.50000000e-01,0.00000000e+00
5.17517518e+01,1.52027013e+00,9.99250493e+02,4.60432499e+05,1.05329389e+03,9.98359243e-16,2.50000000e-01,7.50000000e-01,0.00000000e+00
5.18518519e+01,1.48130470e+00,1.01610525e+03,4.44018758e+05,1.04246450e+03,9.98269495e-16,2.49999999e-01,7.50000001e-01,0.00000000e+00
5.19519520e+01,1.44299687e+00,1.03301173e+03,4.28043850e+05,1.03163776e+03,9.98179713e-16,2.49999999e-01,7.50000001e-01,0.00000000e+00
5.20520521e+01,1.40539508e+00,1.04995822e+03,4.12528046e+05,1.02084407e+03,9.98079113e-16,2.49999999e-01,7.50000001e-01,0.00000000e+00
5.21521522e+01,1.36873796e+00,1.06681699e+03,3.97567855e+05,1.01017196e+03,9.97952654e-16,2.49999998e-01,7.50000002e-01,0.00000000e+00
5.22522523e+01,1.33314831e+00,1.08351094e+03,3.83216213e+05,9.99700174e+02,9.97797942e-16,2.49999996e-01,7.50000004e-01,0.00000000e+00
5.23523524e+01,1.29852149e+00,1.10008987e+03,3.69402470e+05,9.89361515e+02,9.97626446e-16,2.49999994e-01,7.50000006e-01,0.00000000e+00
5.24524525e+01,1.26464148e+00,1.11668032e+03,3.56024155e+05,9.79075991e+02,9.97446091e-16,2.49999991e-01,7.50000009e-01,0.00000000e+00
5.25525526e+01,1.23141985e+00,1.13332938e+03,3.43053202e+05,9.68857008e+02,9.97249384e-16,2.49999986e-01,7.50000014e-01,0.00000000e+00
5.26526527e+01,1.19885400e+00,1.15002510e+03,3.30441920e+05,9.58590673e+02,9.97029683e-16,2.49999980e-01,7.50000020e-01,0.00000000e+00
5.27527528e+01,1.16698292e+00,1.16671903e+03,3.18215889e+05,9.48334863e+02,9.96775341e-16,2.49999971e-01,7.50000029e-01,0.00000000e+00
5.28528529e+01,1.13591046e+00,1.18330333e+03,3.06479842e+05,9.38344194e+02,9.96467114e-16,2.49999959e-01,7.50000041e-01,0.00000000e+00
5.29529530e+01,1.10557902e+00,1.19982394e+03,2.95143738e+05,9.28427808e+02,9.96107153e-16,2.49999943e-01,7.50000057e-01,0.00000000e+00
5.30530531e+01,1.07588769e+00,1.21637596e+03,2.84096601e+05,9.18339898e+02,9.95703503e-16,2.49999921e-01,7.50000079e-01,0.00000000e+00
5.31531532e+01,1.04692446e+00,1.23287270e+03,2.73457271e+05,9.08402835e+02,9.95251046e-16,2.49999892e-01,7.50000108e-01,0.00000000e+00
5.32532533e+01,1.01878602e+00,1.24924291e+03,2.63301547e+05,8.98824260e+02,9.94714690e-16,2.49999854e-01,7.50000146e-01,0.00000000e+00
5.33533534e+01,9.91461699e-01,1.26552133e+03,2.53522593e+05,8.89293411e+02,9.94104999e-16,2.49999805e-01,7.50000195e-01,0.00000000e+00
5.34534535e+01,9.64769380e-01,1.28185794e+03,2.43979609e+05,8.79497002e+02,9.93457539e-16,2.49999742e-01,7.50000258e-01,0.00000000e+00
5.35535536e+01,9.38691369e-01,1.29822446e+03,2.34735379e+05,8.69681168e+02,9.92761027e-16,2.49999662e-01,7.50000338e-01,0.00000000e+00
5.36536537e+01,9.13311294e-01,1.31448684e+03,2.25890897e+05,8.60169887e+02,9.91986194e-16,2.49999560e-01,7.50000440e-01,0.00000000e+00
5.37537538e+01,8.88608012e-01,1.33066422e+03,2.17382915e+05,8.50784386e+02,9.91124816e-16,2.49999433e-01,7.50000567e-01,0.00000000e+00
5.38538539e+01,8.64580998e-01,1.34669731e+03,2.09170569e+05,8.41393608e+02,9.90192921e-16,2.49999274e-01,7.50000726e-01,0.00000000e+00
5.39539540e+01,8.41109154e-01,1.36264129e+03,2.01236980e+05,8.32069761e+02,9.89204308e-16,2.49999076e-01,7.50000924e-01,0.00000000e+00
5.40540541e+01,8.18041820e-01,1.37863801e+03,1.93549070e+05,8.22848488e+02,9.88143733e-16,2.49998832e-01,7.50001168e-01,0.00000000e+00
5.41541542e+01,7.95341354e-01,1.39475395e+03,1.86121139e+05,8.13853835e+02,9.87054661e-16,2.49998531e-01,7.50001469e-01,0.00000000e+00
5.42542543e+01,7.73227660e-01,1.41092960e+03,1.78905921e+05,8.04677002e+02,9.85871878e-16,2.49998163e-01,7.50001837e-01,0.00000000e+00
5.43543544e+01,7.51834510e-01,1.42703684e+03,1.71956007e+05,7.95425165e+02,9.84554519e-16,2.49997712e-01,7.50002288e-01,0.00000000e+00
5.44544545e+01,7.31086990e-01,1.44293474e+03,1.65289551e+05,7.86286002e+02,9.83123352e-16,2.49997161e-01,7.50002839e-01,0.00000000e+00
5.45545546e+01,7.10934783e-01,1.45845650e+03,1.58970205e+05,7.77660665e+02,9.81833267e-16,2.49996487e-01,7.50003513e-01,0.00000000e+00
5.46546547e+01,6.91546414e-01,1.47366640e+03,1.53067626e+05,7.69779124e+02,9.80600073e-16,2.49995661e-01,7.50004339e-01,0.00000000e+00
5.47547548e+01,6.73093511e-01,1.48851556e+03,1.47437614e+05,7.61792953e+02,9.79304871e-16,2.49994647e-01,7.50005353e-01,0.00000000e+00
5.48548549e+01,6.55458381e-01,1.50295792e+03,1.42155530e+05,7.54262696e+02,9.77975132e-16,2.49993397e-01,7.50006603e-01,0.00000000e+00
5.49549550e+01,6.38554027e-01,1.51727737e+03,1.37102224e+05,7.46707913e+02,9.76507338e-16,2.49991851e-01,7.50008149e-01,0.00000000e+00
5.50550551e+01,6.22450898e-01,1.53121222e+03,1.32331732e+05,7.39371481e+02,9.74813983e-16,2.49989928e-01,7.50010072e-01,0.00000000e+00
5.51551552e+01,6.07054009e-01,1.54426843e+03,1.27949813e+05,7.33020270e+02,9.73071950e-16,2.49987517e-01,7.50012483e-01,0.00000000e+00
5.52552553e+01,5.92194762e-01,1.55632339e+03,1.23902475e+05,7.27643929e+02,9.72237844e-16,2.49984466e-01,7.50015534e-01,0.00000000e+00
5.53553554e+01,5.78903600e-01,1.56720925e+03,1.20329185e+05,7.22882978e+02,9.72128148e-16,2.49980563e-01,7.50019437e-01,0.00000000e+00
5.54554555e+01,5.68081048e-01,1.57673996e+03,1.17393303e+05,7.18680751e+02,9.71938010e-16,2.49975527e-01,7.50024473e-01,0.00000000e+00
5.55555556e+01,5.59328764e-01,1.58503880e+03,1.15038987e+05,7.15287313e+02,9.71493491e-16,2.49968989e-01,7.50031011e-01,0.00000000e+00
5.56556557e+01,5.51973344e-01,1.59228889e+03,1.13122653e+05,7.12744092e+02,9.70981039e-16,2.49960455e-01,7.50039545e-01,0.00000000e+00
5.57557558e+01,5.45598969e-01,1.59820349e+03,1.11580441e+05,7.11239811e+02,9.70691546e-16,2.49949256e-01,7.50050744e-01,0.00000000e+00
5.58558559e+01,5.39923865e-01,1.60237790e+03,1.10379187e+05,7.10976702e+02,9.71015322e-16,2.49934499e-01,7.50065501e-01,0.00000000e+00
5.59559560e+01,5.34772000e-01,1.60477505e+03,1.09484924e+05,7.12008654e+02,9.72458066e-16,2.49915011e-01,7.50084989e-01,0.00000000e+00
5.60560561e+01,5.30163422e-01,1.60563338e+03,1.08946060e+05,7.14660772e+02,9.74859488e-16,2.49889300e-01,7.50110700e-01,0.00000000e+00
5.61561562e+01,5.26558319e-01,1.60609437e+03,1.08696074e+05,7.17899540e+02,9.77560381e-16,2.49855586e-01,7.50144414e-01,0.00000000e+00
5.62562563e+01,5.23777586e-01,1.60637961e+03,1.08684113e+05,7.21627378e+02,9.80480575e-16,2.49811747e-01,7.50188253e-01,0.00000000e+00
5.63563564e+01,5.21425367e-01,1.60650102e+03,1.08817345e+05,7.25766077e+02,9.83822659e-16,2.49755257e-01,7.50244743e-01,0.00000000e+00
5.64564565e+01,5.19214672e-01,1.60644559e+03,1.09019629e+05,7.30204344e+02,9.87764200e-16,2.49683161e-01,7.50316839e-01,0.00000000e+00
5.65565566e+01,5.17033181e-01,1.60627430e+03,1.09248656e+05,7.34817134e+02,9.92333299e-16,2.49592123e-01,7.50407877e-01,0.00000000e+00
5.66566567e+01,5.14807759e-01,1.60597661e+03,1.09502079e+05,7.39694723e+02,9.97544854e-16,2.49478506e-01,7.50521494e-01,0.00000000e+00
5.67567568e+01,5.12352220e-01,1.60555727e+03,1.09760473e+05,7.44980265e+02,1.00341241e-15,2.49338452e-01,7.50661548e-01,0.00000000e+00
5.68568569e+01,5.09397438e-01,1.60509835e+03,1.09983926e+05,7.50810548e+02,1.00987944e-15,2.49167962e-01,7.50832038e-01,0.00000000e+00
5.69569570e+01,5.05702667e-01,1.60467580e+03,1.10143510e+05,7.57373541e+02,1.01681042e-15,2.48962999e-01,7.51037001e-01,0.00000000e+00
5.70570571e+01,5.01116662e-01,1.60430762e+03,1.10241597e+05,7.64961407e+02,1.02403535e-15,2.48719638e-01,7.51280362e-01,0.00000000e+00
5.71571572e+01,4.95549278e-01,1.60395971e+03,1.10310863e+05,7.74013215e+02,1.03140411e-15,2.48434234e-01,7.51565766e-01,0.00000000e+00
5.72572573e+01,4.88879465e-01,1.60358581e+03,1.10397171e+05,7.85153610e+02,1.03881395e-15,2.48103602e-01,7.51896398e-01,0.00000000e+00
5.73573574e+01,4.80858845e-01,1.60316809e+03,1.10537767e+05,7.99227533e+02,1.04620077e-15,2.47725141e-01,7.52274859e-01,0.00000000e+00
5.74574575e+01,4.71065579e-01,1.60273646e+03,1.10745367e+05,8.17330393e+02,1.05350696e-15,2.47296871e-01,7.52703129e-01,0.00000000e+00
5.75575576e+01,4.58932259e-01,1.60235933e+03,1.11004748e+05,8.40852188e+02,1.06064785e-15,2.46817340e-01,7.53182660e-01,0.00000000e+00
5.76576577e+01,4.43831479e-01,1.60211158e+03,1.11282670e+05,8.71578356e+02,1.06749536e-15,2.46285379e-01,7.53714621e-01,0.00000000e+00
5.77577578e+01,4.25174488e-01,1.60203651e+03,1.11545249e+05,9.11902057e+02,1.07388454e-15,2.45699702e-01,7.54300298e-01,0.00000000e+00
5.78578579e+01,4.02479083e-01,1.60212286e+03,1.11772929e+05,9.65210061e+02,1.07963037e-15,2.45058312e-01,7.54941688e-01,0.00000000e+00
5.79579580e+01,3.75391973e-01,1.60231146e+03,1.11965178e+05,1.03654323e+03,1.08453582e-15,2.44357663e-01,7.55642337e-01,0.00000000e+00
5.80580581e+01,3.43686634e-01,1.60253283e+03,1.12134333e+05,1.13376393e+03,1.08838938e-15,2.43591379e-01,7.56408621e-01,0.00000000e+00
5.81581582e+01,3.07273007e-01,1.60276272e+03,1.12296024e+05,1.26981242e+03,1.09309680e-15,2.42747570e-01,7.57252430e-01,0.00000000e+00
5.82582583e+01,2.67719002e-01,1.60280422e+03,1.12410607e+05,1.45872965e+03,1.10384080e-15,2.41799421e-01,7.58200579e-01,0.00000000e+00
5.83583584e+01,2.34891456e-01,1.60285633e+03,1.12517136e+05,1.66394543e+03,1.11213363e-15,2.40740011e-01,7.59259989e-01,0.00000000e+00
5.84584585e+01,2.10804958e-01,1.60357004e+03,1.12724309e+05,1.85720901e+03,1.11587521e-15,2.39599356e-01,7.60400644e-01,0.00000000e+00
5.85585586e+01,1.93815503e-01,1.60342035e+03,1.12754888e+05,2.02025023e+03,1.11592584e-15,2.38420666e-01,7.61579334e-01,0.00000000e+00
5.86586587e+01,1.82559117e-01,1.60207346e+03,1.12577984e+05,2.14113000e+03,1.11311383e-15,2.37251046e-01,7.62748954e-01,0.00000000e+00
5.87587588e+01,1.76111471e-01,1.60166871e+03,1.12563754e+05,2.21892159e+03,1.10576983e-15,2.36137636e-01,7.63862364e-01,0.00000000e+00
5.88588589e+01,1.73266606e-01,1.60312227e+03,1.12848525e+05,2.26076441e+03,1.09351146e-15,2.35119526e-01,7.64880474e-01,0.00000000e+00
5.89589590e+01,1.72424532e-01,1.60451096e+03,1.13102872e+05,2.27666199e+03,1.07915207e-15,2.34216709e-01,7.65783291e-01,0.00000000e+00
5.90590591e+01,1.72309618e-01,1.60504062e+03,1.13242487e+05,2.28076276e+03,1.06519425e-15,2.33431565e-01,7.66568435e-01,0.00000000e+00
5.91591592e+01,1.72418091e-01,1.60564178e+03,1.13400067e+05,2.28230239e+03,1.05231234e-15,2.32757981e-01,7.67242019e-01,0.00000000e+00
5.92592593e+01,1.72951392e-01,1.60666335e+03,1.13584376e+05,2.27879622e+03,1.04056187e-15,2.32188058e-01,7.67811942e-01,0.00000000e+00
5.93593594e+01,1.74153974e-01,1.60826509e+03,1.13869827e+05,2.26860962e+03,1.02950970e-15,2.31713123e-01,7.68286877e-01,0.00000000e+00
5.94594595e+01,1.75909138e-01,1.60949213e+03,1.14087614e+05,2.25015736e+03,1.02016458e-15,2.31323456e-01,7.68676544e-01,0.00000000e+00
5.95595596e+01,1.76821655e-01,1.60811758e+03,1.13918650e+05,2.23513869e+03,1.01440367e-15,2.31005789e-01,7.68994211e-01,0.00000000e+00
5.96596597e+01,1.77119252e-01,1.60601708e+03,1.13580459e+05,2.22468559e+03,1.01091819e-15,2.30748967e-01,7.69251033e-01,0.00000000e+00
5.97597598e+01,1.76955412e-01,1.60018503e+03,1.12500943e+05,2.20552355e+03,1.01153968e-15,2.30544186e-01,7.69455814e-01,0.00000000e+00
5.98598599e+01,1.74127963e-01,1.57789564e+03,1.08906678e+05,2.16968326e+03,1.02300563e-15,2.30381877e-01,7.69618123e-01,0.00000000e+00
5.99599600e+01,1.61616617e-01,1.50184811e+03,9.71445426e+04,2.08514115e+03,1.06394305e-15,2.30251076e-01,7.69748924e-01,0.00000000e+00
6.00600601e+01,1.22285606e-01,1.22544357e+03,6.30904414e+04,1.78971891e+03,1.22534399e-15,2.30134999e-01,7.69865001e-01,0.00000000e+00
6.01601602e+01,5.82033009e-02,4.91118024e+02,1.56512522e+04,9.32807155e+02,1.25965160e-15,2.30023608e-01,7.69976392e-01,0.00000000e+00
6.02602603e+01,3.70297863e-02,4.65683757e+01,3.68324646e+03,3.45039389e+02,1.03099661e-15,2.30000374e-01,7.69999626e-01,0.00000000e+00
6.03603604e+01,3.47841483e-02,1.29931947e+00,3.01577991e+03,3.00751187e+02,1.00095324e-15,2.30000000e-01,7.70000000e-01,0.00000000e+00
6.04604605e+01,3.46913385e-02,2.85748773e-02,3.00034490e+03,3.00012400e+02,1.00003005e-15,2.30000000e-01,7.70000000e-01,0.00000000e+00
6.05605606e+01,3.46888440e-02,6.23431019e-04,3.00000753e+03,3.00000236e+02,1.00000077e-15,2.30000000e-01,7.70000000e-01,0.00000000e+00
6.06606607e+01,3.46887857e-02,1.36360592e-05,3.00000016e+03,3.00000005e+02,1.00000002e-15,2.30000000e-01,7.70000000e-01,0.00000000e+00
6.07607608e+01,3.46887844e-02,2.98544929e-07,3.00000000e+03,3.00000000e+02,1.00000000e-15,2.30000000e-01,7.70000000e-01,0.00000000e+00
6.08608609e+01,3.46887843e-02,6.53453394e-09,3.00000000e+03,3.00000000e+02,1.00000000e-15,2.30000000e-01,7.70000000e-01,0.00000000e+00
6.09609610e+01,3.46887843e-02,1.42965256e-10,3.00000000e+03,3.00000000e+02,1.00000000e-15,2.30000000e-01,7.70000000e-01,0.00000000e+00
6.10610611e+01,3.46887843e-02,3.11667243e-12,3.00000000e+03,3.00000000e+02,1.00000000e-15,2.30000000e-01,7.70000000e-01,0.00000000e+00
6.11611612e+01,3.46887843e-02,6.08013785e-14,3.00000000e+03,3.00000000e+02,1.00000000e-15,2.30000000e-01,7.70000000e-01,0.00000000e+00
6.12612613e+01,3.46887843e-02,0.00000000e+00,3.00000000e+03,3.00000000e+02,1.00000000e-15,2.30000000e-01,7.70000000e-01,0.00000000e+00
6.13613614e+01,3.46887843e-02,0.00000000e+00,3.00000000e+03,3.00000000e+02,1.00000000e-15,2.30000000e-01,7.70000000e-01,0.00000000e+00
6.14614615e+01,3.46887843e-02,0.00000000e+00,3.00000000e+03,3.00000000e+02,1.00000000e-15,2.30000000e-01,7.70000000e-01,0.00000000e+00
6.15615616e+01,3.46887843e-02,0.00000000e+00,3.00000000e+03,3.00000000e+02,1.00000000e-15,2.30000000e-01,7.70000000e-01,0.00000000e+00
6.16616617e+01,3.46887843e-02,0.00000000e+00,3.00000000e+03,3.00000000e+02,1.00000000e-15,2.30000000e-01,7.70000000e-01,0.00000000e+00
6.17617618e+01,3.46887843e-02,0.00000000e+00,3.00000000e+03,3.00000000e+02,1.00000000e-15,2.30000000e-01,7.70000000e-01,0.00000000e+00
6.18618619e+01,3.46887843e-02,0.00000000e+00,3.00000000e+03,3.00000000e+02,1.00000000e-15,2.30000000e-01,7.70000000e-01,0.00000000e+00
6.19619620e+01,3.46887843e-02,0.00000000e+00,3.00000000e+03,3.00000000e+02,1.00000000e-15,2.30000000e-01,7.70000000e-01,0.00000000e+00
6.20620621e+01,3.46887843e-02,0.00000000e+00,3.00000000e+03,3.00000000e+02,1.00000000e-15,2.30000000e-01,7.70000000e-01,0.00000000e+00
6.21621622e+01,3.46887843e-02,0.00000000e+00,3.00000000e+03,3.00000000e+02,1.00000000e-15,2.30000000e-01,7.70000000e-01,0.00000000e+00
6.22622623e+01,3.46887843e-02,0.00000000e+00,3.00000000e+03,3.00000000e+02,1.00000000e-15,2.30000000e-01,7.70000000e-01,0.00000000e+00
6.23623624e+01,3.46887843e-02,0.00000000e+00,3.00000000e+03,3.00000000e+02,1.00000000e-15,2.30000000e-01,7.70000000e-01,0.00000000e+00
6.24624625e+01,3.46887843e-02,0.00000000e+00,3.00000000e+03,3.00000000e+02,1.00000000e-15,2.30000000e-01,7.70000000e-01,0.00000000e+00
6.25625626e+01,3.46887843e-02,0.00000000e+00,3.00000000e+03,3.00000000e+02,1.00000000e-15,2.30000000e-01,7.70000000e-01,0.00000000e+00
6.26626627e+01,3.46887843e-02,0.00000000e+00,3.00000000e+03,3.00000000e+02,1.00000000e-15,2.30000000e-01,7.70000000e-01,0.00000000e+00
6.27627628e+01,3.46887843e-02,0.00000000e+00,3.00000000e+03,3.00000000e+02,1.00000000e-15,2.30000000e-01,7.70000000e-01,0.00000000e+00
6.28628629e+01,3.46887843e-02,0.00000000e+00,3.00000000e+03,3.00000000e+02,1.00000000e-15,2.30000000e-01,7.70000000e-01,0.00000000e+00
6.29629630e+01,3.46887843e-02,0.00000000e+00,3.00000000e+03,3.00000000e+02,1.00000000e-15,2.30000000e-01,7.70000000e-01,0.00000000e+00
6.30630631e+01,3.46887843e-02,0.00000000e+00,3.00000000e+03,3.00000000e+02,1.00000000e-15,2.30000000e-01,7.70000000e-01,0.00000000e+00
6.31631632e+01,3.46887843e-02,0.00000000e+00,3.00000000e+03,3.00000000e+02,1.00000000e-15,2.30000000e-01,7.70000000e-01,0.00000000e+00
6.32632633e+01,3.46887843e-02,0.00000000e+00,3.00000000e+03,3.00000000e+02,1.00000000e-15,2.30000000e-01,7.70000000e-01,0.00000000e+00
6.33633634e+01,3.46887843e-02,0.00000000e+00,3.00000000e+03,3.00000000e+02,1.00000000e-15,2.30000000e-01,7.70000000e-01,0.00000000e+00
6.34634635e+01,3.46887843e-02,0.00000000e+00,3.00000000e+03,3.00000000e+02,1.00000000e-15,2.30000000e-01,7.70000000e-01,0.00000000e+00
6.35635636e+01,3.46887843e-02,0.00000000e+00,3.00000000e+03,3.00000000e+02,1.00000000e-15,2.30000000e-01,7.70000000e-01,0.00000000e+00
6.36636637e+01,3.46887843e-02,0.00000000e+00,3.00000000e+03,3.00000000e+02,1.00000000e-15,2.30000000e-01,7.70000000e-01,0.00000000e+00
6.37637638e+01,3.46887843e-02,0.00000000e+00,3.00000000e+03,3.00000000e+02,1.00000000e-15,2.30000000e-01,7.70000000e-01,0.00000000e+00
6.38638639e+01,3.46887843e-02,0.00000000e+00,3.00000000e+03,3.00000000e+02,1.00000000e-15,2.30000000e-01,7.70000000e-01,0.00000000e+00
6.39639640e+01,3.46887843e-02,0.00000000e+00,3.00000000e+03,3.00000000e+02,1.00000000e-15,2.30000000e-01,7.70000000e-01,0.00000000e+00
6.40640641e+01,3.46887843e-02,0.00000000e+00,3.00000000e+03,3.00000000e+02,1.00000000e-15,2.30000000e-01,7.70000000e-01,0.00000000e+00
6.41641642e+01,3.46887843e-02,0.00000000e+00,3.00000000e+03,3.00000000e+02,1.00000000e-15,2.30000000e-01,7.70000000e-01,0.00000000e+00
6.42642643e+01,3.46887843e-02,0.00000000e+00,3.00000000e+03,3.00000000e+02,1.00000000e-15,2.30000000e-01,7.70000000e-01,0.00000000e+00
6.43643644e+01,3.46887843e-02,0.00000000e+00,3.00000000e+03,3.00000000e+02,1.00000000e-15,2.30000000e-01,7.70000000e-01,0.00000000e+00
6.44644645e+01,3.46887843e-02,0.00000000e+00,3.00000000e+03,3.00000000e+02,1.00000000e-15,2.30000000e-01,7.70000000e-01,0.00000000e+00
6.45645646e+01,3.46887843e-02,0.00000000e+00,3.00000000e+03,3.00000000e+02,1.00000000e-15,2.30000000e-01,7.70000000e-01,0.00000000e+00
6.46646647e+01,3.46887843e-02,0.00000000e+00,3.00000000e+03,3.00000000e+02,1.00000000e-15,2.30000000e-01,7.70000000e-01,0.00000000e+00
6.47647648e+01,3.46887843e-02,0.00000000e+00,3.00000000e+03,3.00000000e+02,1.00000000e-15,2.30000000e-01,7.70000000e-01,0.00000000e+00
6.48648649e+01,3.46887843e-02,0.00000000e+00,3.00000000e+03,3.00000000e+02,1.00000000e-15,2.30000000e-01,7.70000000e-01,0.00000000e+00
6.49649650e+01,3.46887843e-02,0.00000000e+00,3.00000000e+03,3.00000000e+02,1.00000000e-15,2.30000000e-01,7.70000000e-01,0.00000000e+00
6.50650651e+01,3.46887843e-02,0.00000000e+00,3.00000000e+03,3.00000000e+02,1.00000000e-15,2.30000000e-01,7.70000000e-01,0.00000000e+00
6.51651652e+01,3.46887843e-02,0.00000000e+00,3.00000000e+03,3.00000000e+02,1.00000000e-15,2.30000000e-01,7.70000000e-01,0.00000000e+00
6.52652653e+01,3.46887843e-02,0.00000000e+00,3.00000000e+03,3.00000000e+02,1.00000000e-15,2.30000000e-01,7.70000000e-01,0.00000000e+00
6.53653654e+01,3.46887843e-02,0.00000000e+00,3.00000000e+03,3.00000000e+02,1.00000000e-15,2.30000000e-01,7.70000000e-01,0.00000000e+00
6.54654655e+01,3.46887843e-02,0.00000000e+00,3.00000000e+03,3.00000000e+02,1.00000000e-15,2.30000000e-01,7.70000000e-01,0.00000000e+00
6.55655656e+01,3.46887843e-02,0.00000000e+00,3.00000000e+03,3.00000000e+02,1.00000000e-15,2.30000000e-01,7.70000000e-01,0.00000000e+00
6.56656657e+01,3.46887843e-02,0.00000000e+00,3.00000000e+03,3.00000000e+02,1.00000000e-15,2.30000000e-01,7.70000000e-01,0.00000000e+00
6.57657658e+01,3.46887843e-02,0.00000000e+00,3.00000000e+03,3.00000000e+02,1.00000000e-15,2.30000000e-01,7.70000000e-01,0.00000000e+00
6.58658659e+01,3.46887843e-02,0.00000000e+00,3.00000000e+03,3.00000000e+02,1.00000000e-15,2.30000000e-01,7.70000000e-01,0.00000000e+00
6.59659660e+01,3.46887843e-02,0.00000000e+00,3.00000000e+03,3.00000000e+02,1.00000000e-15,2.30000000e-01,7.70000000e-01,0.00000000e+00
6.60660661e+01,3.46887843e-02,0.00000000e+00,3.00000000e+03,3.00000000e+02,1.00000000e-15,2.30000000e-01,7.70000000e-01,0.00000000e+00
6.61661662e+01,3.46887843e-02,0.00000000e+00,3.00000000e+03,3.00000000e+02,1.00000000e-15,2.30000000e-01,7.70000000e-01,0.00000000e+00
6.62662663e+01,3.46887843e-02,0.00000000e+00,3.00000000e+03,3.00000000e+02,1.00000000e-15,2.30000000e-01,7.70000000e-01,0.00000000e+00
6.63663664e+01,3.46887843e-02,0.00000000e+00,3.00000000e+03,3.00000000e+02,1.00000000e-15,2.30000000e-01,7.70000000e-01,0.00000000e+00
6.64664665e+01,3.46887843e-02,0.00000000e+00,3.00000000e+03,3.00000000e+02,1.00000000e-15,2.30000000e-01,7.70000000e-01,0.00000000e+00
6.65665666e+01,3.46887843e-02,0.00000000e+00,3.00000000e+03,3.00000000e+02,1.00000000e-15,2.30000000e-01,7.70000000e-01,0.00000000e+00
6.66666667e+01,3.46887843e-02,0.00000000e+00,3.00000000e+03,3.00000000e+02,1.00000000e-15,2.30000000e-01,7.70000000e-01,0.00000000e+00
6.67667668e+01,3.46887843e-02,0.00000000e+00,3.00000000e+03,3.00000000e+02,1.00000000e-15,2.30000000e-01,7.70000000e-01,0.00000000e+00
6.68668669e+01,3.46887843e-02,0.00000000e+00,3.00000000e+03,3.00000000e+02,1.00000000e-15,2.30000000e-01,7.70000000e-01,0.00000000e+00
6.69669670e+01,3.46887843e-02,0.00000000e+00,3.00000000e+03,3.00000000e+02,1.00000000e-15,2.30000000e-01,7.70000000e-01,0.00000000e+00
6.70670671e+01,3.46887843e-02,0.00000000e+00,3.00000000e+03,3.00000000e+02,1.00000000e-15,2.30000000e-01,7.70000000e-01,0.00000000e+00
6.71671672e+01,3.46887843e-02,0.00000000e+00,3.00000000e+03,3.00000000e+02,1.00000000e-15,2.30000000e-01,7.70000000e-01,0.00000000e+00
6.72672673e+01,3.46887843e-02,0.00000000e+00,3.00000000e+03,3.00000000e+02,1.00000000e-15,2.30000000e-01,7.70000000e-01,0.00000000e+00
6.73673674e+01,3.46887843e-02,0.00000000e+00,3.00000000e+03,3.00000000e+02,1.00000000e-15,2.30000000e-01,7.70000000e-01,0.00000000e+00
6.74674675e+01,3.46887843e-02,0.00000000e+00,3.00000000e+03,3.00000000e+02,1.00000000e-15,2.30000000e-01,7.70000000e-01,0.00000000e+00
6.75675676e+01,3.46887843e-02,0.00000000e+00,3.00000000e+03,3.00000000e+02,1.00000000e-15,2.30000000e-01,7.70000000e-01,0.00000000e+00
6.76676677e+01,3.46887843e-02,0.00000000e+00,3.00000000e+03,3.00000000e+02,1.00000000e-15,2.30000000e-01,7.70000000e-01,0.00000000e+00
6.77677678e+01,3.46887843e-02,0.00000000e+00,3.00000000e+03,3.00000000e+02,1.00000000e-15,2.30000000e-01,7.70000000e-01,0.00000000e+00
6.78678679e+01,3.46887843e-02,0.00000000e+00,3.00000000e+03,3.00000000e+02,1.00000000e-15,2.30000000e-01,7.70000000e-01,0.00000000e+00
6.79679680e+01,3.46887843e-02,0.00000000e+00,3.00000000e+03,3.00000000e+02,1.00000000e-15,2.30000000e-01,7.70000000e-01,0.00000000e+00
6.80680681e+01,3.46887843e-02,0.00000000e+00,3.00000000e+03,3.00000000e+02,1.00000000e-15,2.30000000e-01,7.70000000e-01,0.00000000e+00
6.81681682e+01,3.46887843e-02,0.00000000e+00,3.00000000e+03,3.00000000e+02,1.00000000e-15,2.30000000e-01,7.70000000e-01,0.00000000e+00
6.82682683e+01,3.46887843e-02,0.00000000e+00,3.00000000e+03,3.00000000e+02,1.00000000e-15,2.30000000e-01,7.70000000e-01,0.00000000e+00
6.83683684e+01,3.46887843e-02,0.00000000e+00,3.00000000e+03,3.00000000e+02,1.00000000e-15,2.30000000e-01,7.70000000e-01,0.00000000e+00
6.84684685e+01,3.46887843e-02,0.00000000e+00,3.00000000e+03,3.00000000e+02,1.00000000e-15,2.30000000e-01,7.70000000e-01,0.00000000e+00
6.85685686e+01,3.46887843e-02,0.00000000e+00,3.00000000e+03,3.00000000e+02,1.00000000e-15,2.30000000e-01,7.70000000e-01,0.00000000e+00
6.86686687e+01,3.46887843e-02,0.00000000e+00,3.00000000e+03,3.00000000e+02,1.00000000e-15,2.30000000e-01,7.70000000e-01,0.00000000e+00
6.87687688e+01,3.46887843e-02,0.00000000e+00,3.00000000e+03,3.00000000e+02,1.00000000e-15,2.30000000e-01,7.70000000e-01,0.00000000e+00
6.88688689e+01,3.46887843e-02,0.00000000e+00,3.00000000e+03,3.00000000e+02,1.00000000e-15,2.30000000e-01,7.70000000e-01,0.00000000e+00
6.89689690e+01,3.46887843e-02,0.00000000e+00,3.00000000e+03,3.00000000e+02,1.00000000e-15,2.30000000e-01,7.70000000e-01,0.00000000e+00
6.90690691e+01,3.46887843e-02,0.00000000e+00,3.00000000e+03,3.00000000e+02,1.00000000e-15,2.30000000e-01,7.70000000e-01,0.00000000e+00
6.91691692e+01,3.46887843e-02,0.00000000e+00,3.00000000e+03,3.00000000e+02,1.00000000e-15,2.30000000e-01,7.70000000e-01,0.00000000e+00
6.92692693e+01,3.46887843e-02,0.00000000e+00,3.00000000e+03,3.00000000e+02,1.00000000e-15,2.30000000e-01,7.70000000e-01,0.00000000e+00
6.93693694e+01,3.46887843e-02,0.00000000e+00,3.00000000e+03,3.00000000e+02,1.00000000e-15,2.30000000e-01,7.70000000e-01,0.00000000e+00
6.94694695e+01,3.46887843e-02,0.00000000e+00,3.00000000e+03,3.00000000e+02,1.00000000e-15,2.30000000e-01,7.70000000e-01,0.00000000e+00
6.95695696e+01,3.46887843e-02,0.00000000e+00,3.00000000e+03,3.00000000e+02,1.00000000e-15,2.30000000e-01,7.70000000e-01,0.00000000e+00
6.96696697e+01,3.46887843e-02,0.00000000e+00,3.00000000e+03,3.00000000e+02,1.00000000e-15,2.30000000e-01,7.70000000e-01,0.00000000e+00
6.97697698e+01,3.46887843e-02,0.00000000e+00,3.00000000e+03,3.00000000e+02,1.00000000e-15,2.30000000e-01,7.70000000e-01,0.00000000e+00
6.98698699e+01,3.46887843e-02,0.00000000e+00,3.00000000e+03,3.00000000e+02,1.00000000e-15,2.30000000e-01,7.70000000e-01,0.00000000e+00
6.99699700e+01,3.46887843e-02,0.00000000e+00,3.00000000e+03,3.00000000e+02,1.00000000e-15,2.30000000e-01,7.70000000e-01,0.00000000e+00
7.00700701e+01,3.46887843e-02,0.00000000e+00,3.00000000e+03,3.00000000e+02,1.00000000e-15,2.30000000e-01,7.70000000e-01,0.00000000e+00
7.01701702e+01,3.46887843e-02,0.00000000e+00,3.00000000e+03,3.00000000e+02,1.00000000e-15,2.30000000e-01,7.70000000e-01,0.00000000e+00
7.02702703e+01,3.46887843e-02,0.00000000e+00,3.00000000e+03,3.00000000e+02,1.00000000e-15,2.30000000e-01,7.70000000e-01,0.00000000e+00
7.03703704e+01,3.46887843e-02,0.00000000e+00,3.00000000e+03,3.00000000e+02,1.00000000e-15,2.30000000e-01,7.70000000e-01,0.00000000e+00
7.04704705e+01,3.46887843e-02,0.00000000e+00,3.00000000e+03,3.00000000e+02,1.00000000e-15,2.30000000e-01,7.70000000e-01,0.00000000e+00
7.05705706e+01,3.46887843e-02,0.00000000e+00,3.00000000e+03,3.00000000e+02,1.00000000e-15,2.30000000e-01,7.70000000e-01,0.00000000e+00
7.06706707e+01,3.46887843e-02,0.00000000e+00,3.00000000e+03,3.00000000e+02,1.00000000e-15,2.30000000e-01,7.70000000e-01,0.00000000e+00
7.07707708e+01,3.46887843e-02,0.00000000e+00,3.00000000e+03,3.00000000e+02,1.00000000e-15,2.30000000e-01,7.70000000e-01,0.00000000e+00
7.08708709e+01,3.46887843e-02,0.00000000e+00,3.00000000e+03,3.00000000e+02,1.00000000e-15,2.30000000e-01,7.70000000e-01,0.00000000e+00
7.09709710e+01,3.46887843e-02,0.00000000e+00,3.00000000e+03,3.00000000e+02,1.00000000e-15,2.30000000e-01,7.70000000e-01,0.00000000e+00
7.10710711e+01,3.46887843e-02,0.00000000e+00,3.00000000e+03,3.00000000e+02,1.00000000e-15,2.30000000e-01,7.70000000e-01,0.00000000e+00
7.11711712e+01,3.46887843e-02,0.00000000e+00,3.00000000e+03,3.00000000e+02,1.00000000e-15,2.30000000e-01,7.70000000e-01,0.00000000e+00
7.12712713e+01,3.46887843e-02,0.00000000e+00,3.00000000e+03,3.00000000e+02,1.00000000e-15,2.30000000e-01,7.70000000e-01,0.00000000e+00
7.13713714e+01,3.46887843e-02,0.00000000e+00,3.00000000e+03,3.00000000e+02,1.00000000e-15,2.30000000e-01,7.70000000e-01,0.00000000e+00
7.14714715e+01,3.46887843e-02,0.00000000e+00,3.00000000e+03,3.00000000e+02,1.00000000e-15,2.30000000e-01,7.70000000e-01,0.00000000e+00
7.15715716e+01,3.46887843e-02,0.00000000e+00,3.00000000e+03,3.00000000e+02,1.00000000e-15,2.30000000e-01,7.70000000e-01,0.00000000e+00
7.16716717e+01,3.46887843e-02,0.00000000e+00,3.00000000e+03,3.00000000e+02,1.00000000e-15,2.30000000e-01,7.70000000e-01,0.00000000e+00
7.17717718e+01,3.46887843e-02,0.00000000e+00,3.00000000e+03,3.00000000e+02,1.00000000e-15,2.30000000e-01,7.70000000e-01,0.00000000e+00
7.18718719e+01,3.46887843e-02,0.00000000e+00,3.00000000e+03,3.00000000e+02,1.00000000e-15,2.30000000e-01,7.70000000e-01,0.00000000e+00
7.19719720e+01,3.46887843e-02,0.00000000e+00,3.00000000e+03,3.00000000e+02,1.00000000e-15,2.30000000e-01,7.70000000e-01,0.00000000e+00
7.20720721e+01,3.46887843e-02,0.00000000e+00,3.00000000e+03,3.00000000e+02,1.00000000e-15,2.30000000e-01,7.70000000e-01,0.00000000e+00
7.21721722e+01,3.46887843e-02,0.00000000e+00,3.00000000e+03,3.00000000e+02,1.00000000e-15,2.30000000e-01,7.70000000e-01,0.00000000e+00
7.22722723e+01,3.46887843e-02,0.00000000e+00,3.00000000e+03,3.00000000e+02,1.00000000e-15,2.30000000e-01,7.70000000e-01,0.00000000e+00
7.23723724e+01,3.46887843e-02,0.00000000e+00,3.00000000e+03,3.00000000e+02,1.00000000e-15,2.30000000e-01,7.70000000e-01,0.00000000e+00
7.24724725e+01,3.46887843e-02,0.00000000e+00,3.00000000e+03,3.00000000e+02,1.00000000e-15,2.30000000e-01,7.70000000e-01,0.00000000e+00
7.25725726e+01,3.46887843e-02,0.00000000e+00,3.00000000e+03,3.00000000e+02,1.00000000e-15,2.30000000e-01,7.70000000e-01,0.00000000e+00
7.26726727e+01,3.46887843e-02,0.00000000e+00,3.00000000e+03,3.00000000e+02,1.00000000e-15,2.30000000e-01,7.70000000e-01,0.00000000e+00
7.27727728e+01,3.46887843e-02,0.00000000e+00,3.00000000e+03,3.00000000e+02,1.00000000e-15,2.30000000e-01,7.70000000e-01,0.00000000e+00
7.28728729e+01,3.46887843e-02,0.00000000e+00,3.00000000e+03,3.00000000e+02,1.00000000e-15,2.30000000e-01,7.70000000e-01,0.00000000e+00
7.29729730e+01,3.46887843e-02,0.00000000e+00,3.00000000e+03,3.00000000e+02,1.00000000e-15,2.30000000e-01,7.70000000e-01,0.00000000e+00
7.30730731e+01,3.46887843e-02,0.00000000e+00,3.00000000e+03,3.00000000e+02,1.00000000e-15,2.30000000e-01,7.70000000e-01,0.00000000e+00
7.31731732e+01,3.46887843e-02,0.00000000e+00,3.00000000e+03,3.00000000e+02,1.00000000e-15,2.30000000e-01,7.70000000e-01,0.00000000e+00
7.32732733e+01,3.46887843e-02,0.00000000e+00,3.00000000e+03,3.00000000e+02,1.00000000e-15,2.30000000e-01,7.70000000e-01,0.00000000e+00
7.33733734e+01,3.46887843e-02,0.00000000e+00,3.00000000e+03,3.00000000e+02,1.00000000e-15,2.30000000e-01,7.70000000e-01,0.00000000e+00
7.34734735e+01,3.46887843e-02,0.00000000e+00,3.00000000e+03,3.00000000e+02,1.00000000e-15,2.30000000e-01,7.70000000e-01,0.00000000e+00
7.35735736e+01,3.46887843e-02,0.00000000e+00,3.00000000e+03,3.00000000e+02,1.00000000e-15,2.30000000e-01,7.70000000e-01,0.00000000e+00
7.36736737e+01,3.46887843e-02,0.00000000e+00,3.00000000e+03,3.00000000e+02,1.00000000e-15,2.30000000e-01,7.70000000e-01,0.00000000e+00
7.37737738e+01,3.46887843e-02,0.00000000e+00,3.00000000e+03,3.00000000e+02,1.00000000e-15,2.30000000e-01,7.70000000e-01,0.00000000e+00
7.38738739e+01,3.46887843e-02,0.00000000e+00,3.00000000e+03,3.00000000e+02,1.00000000e-15,2.30000000e-01,7.70000000e-01,0.00000000e+00
7.39739740e+01,3.46887843e-02,0.00000000e+00,3.00000000e+03,3.00000000e+02,1.00000000e-15,2.30000000e-01,7.70000000e-01,0.00000000e+00
7.40740741e+01,3.46887843e-02,0.00000000e+00,3.00000000e+03,3.00000000e+02,1.00000000e-15,2.30000000e-01,7.70000000e-01,0.00000000e+00
7.41741742e+01,3.46887843e-02,0.00000000e+00,3.00000000e+03,3.00000000e+02,1.00000000e-15,2.30000000e-01,7.70000000e-01,0.00000000e+00
7.42742743e+01,3.46887843e-02,0.00000000e+00,3.00000000e+03,3.00000000e+02,1.00000000e-15,2.30000000e-01,7.70000000e-01,0.00000000e+00
7.43743744e+01,3.46887843e-02,0.00000000e+00,3.00000000e+03,3.00000000e+02,1.00000000e-15,2.30000000e-01,7.70000000e-01,0.00000000e+00
7.44744745e+01,3.46887843e-02,0.00000000e+00,3.00000000e+03,3.00000000e+02,1.00000000e-15,2.30000000e-01,7.70000000e-01,0.00000000e+00
7.45745746e+01,3.46887843e-02,0.00000000e+00,3.00000000e+03,3.00000000e+02,1.00000000e-15,2.30000000e-01,7.70000000e-01,0.00000000e+00
7.46746747e+01,3.46887843e-02,0.00000000e+00,3.00000000e+03,3.00000000e+02,1.00000000e-15,2.30000000e-01,7.70000000e-01,0.00000000e+00
7.47747748e+01,3.46887843e-02,0.00000000e+00,3.00000000e+03,3.00000000e+02,1.00000000e-15,2.30000000e-01,7.70000000e-01,0.00000000e+00
7.48748749e+01,3.46887843e-02,0.00000000e+00,3.00000000e+03,3.00000000e+02,1.00000000e-15,2.30000000e-01,7.70000000e-01,0.00000000e+00
7.49749750e+01,3.46887843e-02,0.00000000e+00,3.00000000e+03,3.00000000e+02,1.00000000e-15,2.30000000e-01,7.70000000e-01,0.00000000e+00
7.50750751e+01,3.46887843e-02,0.00000000e+00,3.00000000e+03,3.00000000e+02,1.00000000e-15,2.30000000e-01,7.70000000e-01,0.00000000e+00
7.51751752e+01,3.46887843e-02,0.00000000e+00,3.00000000e+03,3.00000000e+02,1.00000000e-15,2.30000000e-01,7.70000000e-01,0.00000000e+00
7.52752753e+01,3.46887843e-02,0.00000000e+00,3.00000000e+03,3.00000000e+02,1.00000000e-15,2.30000000e-01,7.70000000e-01,0.00000000e+00
7.53753754e+01,3.46887843e-02,0.00000000e+00,3.00000000e+03,3.00000000e+02,1.00000000e-15,2.30000000e-01,7.70000000e-01,0.00000000e+00
7.54754755e+01,3.46887843e-02,0.00000000e+00,3.00000000e+03,3.00000000e+02,1.00000000e-15,2.30000000e-01,7.70000000e-01,0.00000000e+00
7.55755756e+01,3.46887843e-02,0.00000000e+00,3.00000000e+03,3.00000000e+02,1.00000000e-15,2.30000000e-01,7.70000000e-01,0.00000000e+00
7.56756757e+01,3.46887843e-02,0.00000000e+00,3.00000000e+03,3.00000000e+02,1.00000000e-15,2.30000000e-01,7.70000000e-01,0.00000000e+00
7.57757758e+01,3.46887843e-02,0.00000000e+00,3.00000000e+03,3.00000000e+02,1.00000000e-15,2.30000000e-01,7.70000000e-01,0.00000000e+00
7.58758759e+01,3.46887843e-02,0.00000000e+00,3.00000000e+03,3.00000000e+02,1.00000000e-15,2.30000000e-01,7.70000000e-01,0.00000000e+00
7.59759760e+01,3.46887843e-02,0.00000000e+00,3.00000000e+03,3.00000000e+02,1.00000000e-15,2.30000000e-01,7.70000000e-01,0.00000000e+00
7.60760761e+01,3.46887843e-02,0.00000000e+00,3.00000000e+03,3.00000000e+02,1.00000000e-15,2.30000000e-01,7.70000000e-01,0.00000000e+00
7.61761762e+01,3.46887843e-02,0.00000000e+00,3.00000000e+03,3.00000000e+02,1.00000000e-15,2.30000000e-01,7.70000000e-01,0.00000000e+00
7.62762763e+01,3.46887843e-02,0.00000000e+00,3.00000000e+03,3.00000000e+02,1.00000000e-15,2.30000000e-01,7.70000000e-01,0.00000000e+00
7.63763764e+01,3.46887843e-02,0.00000000e+00,3.00000000e+03,3.00000000e+02,1.00000000e-15,2.30000000e-01,7.70000000e-01,0.00000000e+00
7.64764765e+01,3.46887843e-02,0.00000000e+00,3.00000000e+03,3.00000000e+02,1.00000000e-15,2.30000000e-01,7.70000000e-01,0.00000000e+00
7.65765766e+01,3.46887843e-02,0.00000000e+00,3.00000000e+03,3.00000000e+02,1.00000000e-15,2.30000000e-01,7.70000000e-01,0.00000000e+00
7.66766767e+01,3.46887843e-02,0.00000000e+00,3.00000000e+03,3.00000000e+02,1.00000000e-15,2.30000000e-01,7.70000000e-01,0.00000000e+00
7.67767768e+01,3.46887843e-02,0.00000000e+00,3.00000000e+03,3.00000000e+02,1.00000000e-15,2.30000000e-01,7.70000000e-01,0.00000000e+00
7.68768769e+01,3.46887843e-02,0.00000000e+00,3.00000000e+03,3.00000000e+02,1.00000000e-15,2.30000000e-01,7.70000000e-01,0.00000000e+00
7.69769770e+01,3.46887843e-02,0.00000000e+00,3.00000000e+03,3.00000000e+02,1.00000000e-15,2.30000000e-01,7.70000000e-01,0.00000000e+00
7.70770771e+01,3.46887843e-02,0.00000000e+00,3.00000000e+03,3.00000000e+02,1.00000000e-15,2.30000000e-01,7.70000000e-01,0.00000000e+00
7.71771772e+01,3.46887843e-02,0.00000000e+00,3.00000000e+03,3.00000000e+02,1.00000000e-15,2.30000000e-01,7.70000000e-01,0.00000000e+00
7.72772773e+01,3.46887843e-02,0.00000000e+00,3.00000000e+03,3.00000000e+02,1.00000000e-15,2.30000000e-01,7.70000000e-01,0.00000000e+00
7.73773774e+01,3.46887843e-02,0.00000000e+00,3.00000000e+03,3.00000000e+02,1.00000000e-15,2.30000000e-01,7.70000000e-01,0.00000000e+00
7.74774775e+01,3.46887843e-02,0.00000000e+00,3.00000000e+03,3.00000000e+02,1.00000000e-15,2.30000000e-01,7.70000000e-01,0.00000000e+00
7.75775776e+01,3.46887843e-02,0.00000000e+00,3.00000000e+03,3.00000000e+02,1.00000000e-15,2.30000000e-01,7.70000000e-01,0.00000000e+00
7.76776777e+01,3.46887843e-02,0.00000000e+00,3.00000000e+03,3.00000000e+02,1.00000000e-15,2.30000000e-01,7.70000000e-01,0.00000000e+00
7.77777778e+01,3.46887843e-02,0.00000000e+00,3.00000000e+03,3.00000000e+02,1.00000000e-15,2.30000000e-01,7.70000000e-01,0.00000000e+00
7.78778779e+01,3.46887843e-02,0.00000000e+00,3.00000000e+03,3.00000000e+02,1.00000000e-15,2.30000000e-01,7.70000000e-01,0.00000000e+00
7.79779780e+01,3.46887843e-02,0.00000000e+00,3.00000000e+03,3.00000000e+02,1.00000000e-15,2.30000000e-01,7.70000000e-01,0.00000000e+00
7.80780781e+01,3.46887843e-02,0.00000000e+00,3.00000000e+03,3.00000000e+02,1.00000000e-15,2.30000000e-01,7.70000000e-01,0.00000000e+00
7.81781782e+01,3.46887843e-02,0.00000000e+00,3.00000000e+03,3.00000000e+02,1.00000000e-15,2.30000000e-01,7.70000000e-01,0.00000000e+00
7.82782783e+01,3.46887843e-02,0.00000000e+00,3.00000000e+03,3.00000000e+02,1.00000000e-15,2.30000000e-01,7.70000000e-01,0.00000000e+00
7.83783784e+01,3.46887843e-02,0.00000000e+00,3.00000000e+03,3.00000000e+02,1.00000000e-15,2.30000000e-01,7.70000000e-01,0.00000000e+00
7.84784785e+01,3.46887843e-02,0.00000000e+00,3.00000000e+03,3.00000000e+02,1.00000000e-15,2.30000000e-01,7.70000000e-01,0.00000000e+00
7.85785786e+01,3.46887843e-02,0.00000000e+00,3.00000000e+03,3.00000000e+02,1.00000000e-15,2.30000000e-01,7.70000000e-01,0.00000000e+00
7.86786787e+01,3.46887843e-02,0.00000000e+00,3.00000000e+03,3.00000000e+02,1.00000000e-15,2.30000000e-01,7.70000000e-01,0.00000000e+00
7.87787788e+01,3.46887843e-02,0.00000000e+00,3.00000000e+03,3.00000000e+02,1.00000000e-15,2.30000000e-01,7.70000000e-01,0.00000000e+00
7.88788789e+01,3.46887843e-02,0.00000000e+00,3.00000000e+03,3.00000000e+02,1.00000000e-15,2.30000000e-01,7.70000000e-01,0.00000000e+00
7.89789790e+01,3.46887843e-02,0.00000000e+00,3.00000000e+03,3.00000000e+02,1.00000000e-15,2.30000000e-01,7.70000000e-01,0.00000000e+00
7.90790791e+01,3.46887843e-02,0.00000000e+00,3.00000000e+03,3.00000000e+02,1.00000000e-15,2.30000000e-01,7.70000000e-01,0.00000000e+00
7.91791792e+01,3.46887843e-02,0.00000000e+00,3.00000000e+03,3.00000000e+02,1.00000000e-15,2.30000000e-01,7.70000000e-01,0.00000000e+00
7.92792793e+01,3.46887843e-02,0.00000000e+00,3.00000000e+03,3.00000000e+02,1.00000000e-15,2.30000000e-01,7.70000000e-01,0.00000000e+00
7.93793794e+01,3.46887843e-02,0.00000000e+00,3.00000000e+03,3.00000000e+02,1.00000000e-15,2.30000000e-01,7.70000000e-01,0.00000000e+00
7.94794795e+01,3.46887843e-02,0.00000000e+00,3.00000000e+03,3.00000000e+02,1.00000000e-15,2.30000000e-01,7.70000000e-01,0.00000000e+00
7.95795796e+01,3.46887843e-02,0.00000000e+00,3.00000000e+03,3.00000000e+02,1.00000000e-15,2.30000000e-01,7.70000000e-01,0.00000000e+00
7.96796797e+01,3.46887843e-02,0.00000000e+00,3.00000000e+03,3.00000000e+02,1.00000000e-15,2.30000000e-01,7.70000000e-01,0.00000000e+00
7.97797798e+01,3.46887843e-02,0.00000000e+00,3.00000000e+03,3.00000000e+02,1.00000000e-15,2.30000000e-01,7.70000000e-01,0.00000000e+00
7.98798799e+01,3.46887843e-02,0.00000000e+00,3.00000000e+03,3.00000000e+02,1.00000000e-15,2.30000000e-01,7.70000000e-01,0.00000000e+00
7.99799800e+01,3.46887843e-02,0.00000000e+00,3.00000000e+03,3.00000000e+02,1.00000000e-15,2.30000000e-01,7.70000000e-01,0.00000000e+00
8.00800801e+01,3.46887843e-02,0.00000000e+00,3.00000000e+03,3.00000000e+02,1.00000000e-15,2.30000000e-01,7.70000000e-01,0.00000000e+00
8.01801802e+01,3.46887843e-02,0.00000000e+00,3.00000000e+03,3.00000000e+02,1.00000000e-15,2.30000000e-01,7.70000000e-01,0.00000000e+00
8.02802803e+01,3.46887843e-02,0.00000000e+00,3.00000000e+03,3.00000000e+02,1.00000000e-15,2.30000000e-01,7.70000000e-01,0.00000000e+00
8.03803804e+01,3.46887843e-02,0.00000000e+00,3.00000000e+03,3.00000000e+02,1.00000000e-15,2.30000000e-01,7.70000000e-01,0.00000000e+00
8.04804805e+01,3.46887843e-02,0.00000000e+00,3.00000000e+03,3.00000000e+02,1.00000000e-15,2.30000000e-01,7.70000000e-01,0.00000000e+00
8.05805806e+01,3.46887843e-02,0.00000000e+00,3.00000000e+03,3.00000000e+02,1.00000000e-15,2.30000000e-01,7.70000000e-01,0.00000000e+00
8.06806807e+01,3.46887843e-02,0.00000000e+00,3.00000000e+03,3.00000000e+02,1.00000000e-15,2.30000000e-01,7.70000000e-01,0.00000000e+00
8.07807808e+01,3.46887843e-02,0.00000000e+00,3.00000000e+03,3.00000000e+02,1.00000000e-15,2.30000000e-01,7.70000000e-01,0.00000000e+00
8.08808809e+01,3.46887843e-02,0.00000000e+00,3.00000000e+03,3.00000000e+02,1.00000000e-15,2.30000000e-01,7.70000000e-01,0.00000000e+00
8.09809810e+01,3.46887843e-02,0.00000000e+00,3.00000000e+03,3.00000000e+02,1.00000000e-15,2.30000000e-01,7.70000000e-01,0.00000000e+00
8.10810811e+01,3.46887843e-02,0.00000000e+00,3.00000000e+03,3.00000000e+02,1.00000000e-15,2.30000000e-01,7.70000000e-01,0.00000000e+00
8.11811812e+01,3.46887843e-02,0.00000000e+00,3.00000000e+03,3.00000000e+02,1.00000000e-15,2.30000000e-01,7.70000000e-01,0.00000000e+00
8.12812813e+01,3.46887843e-02,0.00000000e+00,3.00000000e+03,3.00000000e+02,1.00000000e-15,2.30000000e-01,7.70000000e-01,0.00000000e+00
8.13813814e+01,3.46887843e-02,0.00000000e+00,3.00000000e+03,3.00000000e+02,1.00000000e-15,2.30000000e-01,7.70000000e-01,0.00000000e+00
8.14814815e+01,3.46887843e-02,0.00000000e+00,3.00000000e+03,3.00000000e+02,1.00000000e-15,2.30000000e-01,7.70000000e-01,0.00000000e+00
8.15815816e+01,3.46887843e-02,0.00000000e+00,3.00000000e+03,3.00000000e+02,1.00000000e-15,2.30000000e-01,7.70000000e-01,0.00000000e+00
8.16816817e+01,3.46887843e-02,0.00000000e+00,3.00000000e+03,3.00000000e+02,1.00000000e-15,2.30000000e-01,7.70000000e-01,0.00000000e+00
8.17817818e+01,3.46887843e-02,0.00000000e+00,3.00000000e+03,3.00000000e+02,1.00000000e-15,2.30000000e-01,7.70000000e-01,0.00000000e+00
8.18818819e+01,3.46887843e-02,0.00000000e+00,3.00000000e+03,3.00000000e+02,1.00000000e-15,2.30000000e-01,7.70000000e-01,0.00000000e+00
8.19819820e+01,3.46887843e-02,0.00000000e+00,3.00000000e+03,3.00000000e+02,1.00000000e-15,2.30000000e-01,7.70000000e-01,0.00000000e+00
8.20820821e+01,3.46887843e-02,0.00000000e+00,3.00000000e+03,3.00000000e+02,1.00000000e-15,2.30000000e-01,7.70000000e-01,0.00000000e+00
8.21821822e+01,3.46887843e-02,0.00000000e+00,3.00000000e+03,3.00000000e+02,1.00000000e-15,2.30000000e-01,7.70000000e-01,0.00000000e+00
8.22822823e+01,3.46887843e-02,0.00000000e+00,3.00000000e+03,3.00000000e+02,1.00000000e-15,2.30000000e-01,7.70000000e-01,0.00000000e+00
8.23823824e+01,3.46887843e-02,0.00000000e+00,3.00000000e+03,3.00000000e+02,1.00000000e-15,2.30000000e-01,7.70000000e-01,0.00000000e+00
8.24824825e+01,3.46887843e-02,0.00000000e+00,3.00000000e+03,3.00000000e+02,1.00000000e-15,2.30000000e-01,7.70000000e-01,0.00000000e+00
8.25825826e+01,3.46887843e-02,0.00000000e+00,3.00000000e+03,3.00000000e+02,1.00000000e-15,2.30000000e-01,7.70000000e-01,0.00000000e+00
8.26826827e+01,3.46887843e-02,0.00000000e+00,3.00000000e+03,3.00000000e+02,1.00000000e-15,2.30000000e-01,7.70000000e-01,0.00000000e+00
8.27827828e+01,3.46887843e-02,0.00000000e+00,3.00000000e+03,3.00000000e+02,1.00000000e-15,2.30000000e-01,7.70000000e-01,0.00000000e+00
8.28828829e+01,3.46887843e-02,0.00000000e+00,3.00000000e+03,3.00000000e+02,1.00000000e-15,2.30000000e-01,7.70000000e-01,0.00000000e+00
8.29829830e+01,3.46887843e-02,0.00000000e+00,3.00000000e+03,3.00000000e+02,1.00000000e-15,2.30000000e-01,7.70000000e-01,0.00000000e+00
8.30830831e+01,3.46887843e-02,0.00000000e+00,3.00000000e+03,3.00000000e+02,1.00000000e-15,2.30000000e-01,7.70000000e-01,0.00000000e+00
8.31831832e+01,3.46887843e-02,0.00000000e+00,3.00000000e+03,3.00000000e+02,1.00000000e-15,2.30000000e-01,7.70000000e-01,0.00000000e+00
8.32832833e+01,3.46887843e-02,0.00000000e+00,3.00000000e+03,3.00000000e+02,1.00000000e-15,2.30000000e-01,7.70000000e-01,0.00000000e+00
8.33833834e+01,3.46887843e-02,0.00000000e+00,3.00000000e+03,3.00000000e+02,1.00000000e-15,2.30000000e-01,7.70000000e-01,0.00000000e+00
8.34834835e+01,3.46887843e-02,0.00000000e+00,3.00000000e+03,3.00000000e+02,1.00000000e-15,2.30000000e-01,7.70000000e-01,0.00000000e+00
8.35835836e+01,3.46887843e-02,0.00000000e+00,3.00000000e+03,3.00000000e+02,1.00000000e-15,2.30000000e-01,7.70000000e-01,0.00000000e+00
8.36836837e+01,3.46887843e-02,0.00000000e+00,3.00000000e+03,3.00000000e+02,1.00000000e-15,2.30000000e-01,7.70000000e-01,0.00000000e+00
8.37837838e+01,3.46887843e-02,0.00000000e+00,3.00000000e+03,3.00000000e+02,1.00000000e-15,2.30000000e-01,7.70000000e-01,0.00000000e+00
8.38838839e+01,3.46887843e-02,0.00000000e+00,3.00000000e+03,3.00000000e+02,1.00000000e-15,2.30000000e-01,7.70000000e-01,0.00000000e+00
8.39839840e+01,3.46887843e-02,0.00000000e+00,3.00000000e+03,3.00000000e+02,1.00000000e-15,2.30000000e-01,7.70000000e-01,0.00000000e+00
8.40840841e+01,3.46887843e-02,0.00000000e+00,3.00000000e+03,3.00000000e+02,1.00000000e-15,2.30000000e-01,7.70000000e-01,0.00000000e+00
8.41841842e+01,3.46887843e-02,0.00000000e+00,3.00000000e+03,3.00000000e+02,1.00000000e-15,2.30000000e-01,7.70000000e-01,0.00000000e+00
8.42842843e+01,3.46887843e-02,0.00000000e+00,3.00000000e+03,3.00000000e+02,1.00000000e-15,2.30000000e-01,7.70000000e-01,0.00000000e+00
8.43843844e+01,3.46887843e-02,0.00000000e+00,3.00000000e+03,3.00000000e+02,1.00000000e-15,2.30000000e-01,7.70000000e-01,0.00000000e+00
8.44844845e+01,3.46887843e-02,0.00000000e+00,3.00000000e+03,3.00000000e+02,1.00000000e-15,2.30000000e-01,7.70000000e-01,0.00000000e+00
8.45845846e+01,3.46887843e-02,0.00000000e+00,3.00000000e+03,3.00000000e+02,1.00000000e-15,2.30000000e-01,7.70000000e-01,0.00000000e+00
8.46846847e+01,3.46887843e-02,0.00000000e+00,3.00000000e+03,3.00000000e+02,1.00000000e-15,2.30000000e-01,7.70000000e-01,0.00000000e+00
8.47847848e+01,3.46887843e-02,0.00000000e+00,3.00000000e+03,3.00000000e+02,1.00000000e-15,2.30000000e-01,7.70000000e-01,0.00000000e+00
8.48848849e+01,3.46887843e-02,0.00000000e+00,3.00000000e+03,3.00000000e+02,1.00000000e-15,2.30000000e-01,7.70000000e-01,0.00000000e+00
8.49849850e+01,3.46887843e-02,0.00000000e+00,3.00000000e+03,3.00000000e+02,1.00000000e-15,2.30000000e-01,7.70000000e-01,0.00000000e+00
8.50850851e+01,3.46887843e-02,0.00000000e+00,3.00000000e+03,3.00000000e+02,1.00000000e-15,2.30000000e-01,7.70000000e-01,0.00000000e+00
8.51851852e+01,3.46887843e-02,0.00000000e+00,3.00000000e+03,3.00000000e+02,1.00000000e-15,2.30000000e-01,7.70000000e-01,0.00000000e+00
8.52852853e+01,3.46887843e-02,0.00000000e+00,3.00000000e+03,3.00000000e+02,1.00000000e-15,2.30000000e-01,7.70000000e-01,0.00000000e+00
8.53853854e+01,3.46887843e-02,0.00000000e+00,3.00000000e+03,3.00000000e+02,1.00000000e-15,2.30000000e-01,7.70000000e-01,0.00000000e+00
8.54854855e+01,3.46887843e-02,0.00000000e+00,3.00000000e+03,3.00000000e+02,1.00000000e-15,2.30000000e-01,7.70000000e-01,0.00000000e+00
8.55855856e+01,3.46887843e-02,0.00000000e+00,3.00000000e+03,3.00000000e+02,1.00000000e-15,2.30000000e-01,7.70000000e-01,0.00000000e+00
8.56856857e+01,3.46887843e-02,0.00000000e+00,3.00000000e+03,3.00000000e+02,1.00000000e-15,2.30000000e-01,7.70000000e-01,0.00000000e+00
8.57857858e+01,3.46887843e-02,0.00000000e+00,3.00000000e+03,3.00000000e+02,1.00000000e-15,2.30000000e-01,7.70000000e-01,0.00000000e+00
8.58858859e+01,3.46887843e-02,0.00000000e+00,3.00000000e+03,3.00000000e+02,1.00000000e-15,2.30000000e-01,7.70000000e-01,0.00000000e+00
8.59859860e+01,3.46887843e-02,0.00000000e+00,3.00000000e+03,3.00000000e+02,1.00000000e-15,2.30000000e-01,7.70000000e-01,0.00000000e+00
8.60860861e+01,3.46887843e-02,0.00000000e+00,3.00000000e+03,3.00000000e+02,1.00000000e-15,2.30000000e-01,7.70000000e-01,0.00000000e+00
8.61861862e+01,3.46887843e-02,0.00000000e+00,3.00000000e+03,3.00000000e+02,1.00000000e-15,2.30000000e-01,7.70000000e-01,0.00000000e+00
8.62862863e+01,3.46887843e-02,0.00000000e+00,3.00000000e+03,3.00000000e+02,1.00000000e-15,2.30000000e-01,7.70000000e-01,0.00000000e+00
8.63863864e+01,3.46887843e-02,0.00000000e+00,3.00000000e+03,3.00000000e+02,1.00000000e-15,2.30000000e-01,7.70000000e-01,0.00000000e+00
8.64864865e+01,3.46887843e-02,0.00000000e+00,3.00000000e+03,3.00000000e+02,1.00000000e-15,2.30000000e-01,7.70000000e-01,0.00000000e+00
8.65865866e+01,3.46887843e-02,0.00000000e+00,3.00000000e+03,3.00000000e+02,1.00000000e-15,2.30000000e-01,7.70000000e-01,0.00000000e+00
8.66866867e+01,3.46887843e-02,0.00000000e+00,3.00000000e+03,3.00000000e+02,1.00000000e-15,2.30000000e-01,7.70000000e-01,0.00000000e+00
8.67867868e+01,3.46887843e-02,0.00000000e+00,3.00000000e+03,3.00000000e+02,1.00000000e-15,2.30000000e-01,7.70000000e-01,0.00000000e+00
8.68868869e+01,3.46887843e-02,0.00000000e+00,3.00000000e+03,3.00000000e+02,1.00000000e-15,2.30000000e-01,7.70000000e-01,0.00000000e+00
8.69869870e+01,3.46887843e-02,0.00000000e+00,3.00000000e+03,3.00000000e+02,1.00000000e-15,2.30000000e-01,7.70000000e-01,0.00000000e+00
8.70870871e+01,3.46887843e-02,0.00000000e+00,3.00000000e+03,3.00000000e+02,1.00000000e-15,2.30000000e-01,7.70000000e-01,0.00000000e+00
8.71871872e+01,3.46887843e-02,0.00000000e+00,3.00000000e+03,3.00000000e+02,1.00000000e-15,2.30000000e-01,7.70000000e-01,0.00000000e+00
8.72872873e+01,3.46887843e-02,0.00000000e+00,3.00000000e+03,3.00000000e+02,1.00000000e-15,2.30000000e-01,7.70000000e-01,0.00000000e+00
8.73873874e+01,3.46887843e-02,0.00000000e+00,3.00000000e+03,3.00000000e+02,1.00000000e-15,2.30000000e-01,7.70000000e-01,0.00000000e+00
8.74874875e+01,3.46887843e-02,0.00000000e+00,3.00000000e+03,3.00000000e+02,1.00000000e-15,2.30000000e-01,7.70000000e-01,0.00000000e+00
8.75875876e+01,3.46887843e-02,0.00000000e+00,3.00000000e+03,3.00000000e+02,1.00000000e-15,2.30000000e-01,7.70000000e-01,0.00000000e+00
8.76876877e+01,3.46887843e-02,0.00000000e+00,3.00000000e+03,3.00000000e+02,1.00000000e-15,2.30000000e-01,7.70000000e-01,0.00000000e+00
8.77877878e+01,3.46887843e-02,0.00000000e+00,3.00000000e+03,3.00000000e+02,1.00000000e-15,2.30000000e-01,7.70000000e-01,0.00000000e+00
8.78878879e+01,3.46887843e-02,0.00000000e+00,3.00000000e+03,3.00000000e+02,1.00000000e-15,2.30000000e-01,7.70000000e-01,0.00000000e+00
8.79879880e+01,3.46887843e-02,0.00000000e+00,3.00000000e+03,3.00000000e+02,1.00000000e-15,2.30000000e-01,7.70000000e-01,0.00000000e+00
8.80880881e+01,3.46887843e-02,0.00000000e+00,3.00000000e+03,3.00000000e+02,1.00000000e-15,2.30000000e-01,7.70000000e-01,0.00000000e+00
8.81881882e+01,3.46887843e-02,0.00000000e+00,3.00000000e+03,3.00000000e+02,1.00000000e-15,2.30000000e-01,7.70000000e-01,0.00000000e+00
8.82882883e+01,3.46887843e-02,0.00000000e+00,3.00000000e+03,3.00000000e+02,1.00000000e-15,2.30000000e-01,7.70000000e-01,0.00000000e+00
8.83883884e+01,3.46887843e-02,0.00000000e+00,3.00000000e+03,3.00000000e+02,1.00000000e-15,2.30000000e-01,7.70000000e-01,0.00000000e+00
8.84884885e+01,3.46887843e-02,0.00000000e+00,3.00000000e+03,3.00000000e+02,1.00000000e-15,2.30000000e-01,7.70000000e-01,0.00000000e+00
8.85885886e+01,3.46887843e-02,0.00000000e+00,3.00000000e+03,3.00000000e+02,1.00000000e-15,2.30000000e-01,7.70000000e-01,0.00000000e+00
8.86886887e+01,3.46887843e-02,0.00000000e+00,3.00000000e+03,3.00000000e+02,1.00000000e-15,2.30000000e-01,7.70000000e-01,0.00000000e+00
8.87887888e+01,3.46887843e-02,0.00000000e+00,3.00000000e+03,3.00000000e+02,1.00000000e-15,2.30000000e-01,7.70000000e-01,0.00000000e+00
8.88888889e+01,3.46887843e-02,0.00000000e+00,3.00000000e+03,3.00000000e+02,1.00000000e-15,2.30000000e-01,7.70000000e-01,0.00000000e+00
8.89889890e+01,3.46887843e-02,0.00000000e+00,3.00000000e+03,3.00000000e+02,1.00000000e-15,2.30000000e-01,7.70000000e-01,0.00000000e+00
8.90890891e+01,3.46887843e-02,0.00000000e+00,3.00000000e+03,3.00000000e+02,1.00000000e-15,2.30000000e-01,7.70000000e-01,0.00000000e+00
8.91891892e+01,3.46887843e-02,0.00000000e+00,3.00000000e+03,3.00000000e+02,1.00000000e-15,2.30000000e-01,7.70000000e-01,0.00000000e+00
8.92892893e+01,3.46887843e-02,0.00000000e+00,3.00000000e+03,3.00000000e+02,1.00000000e-15,2.30000000e-01,7.70000000e-01,0.00000000e+00
8.93893894e+01,3.46887843e-02,0.00000000e+00,3.00000000e+03,3.00000000e+02,1.00000000e-15,2.30000000e-01,7.70000000e-01,0.00000000e+00
8.94894895e+01,3.46887843e-02,0.00000000e+00,3.00000000e+03,3.00000000e+02,1.00000000e-15,2.30000000e-01,7.70000000e-01,0.00000000e+00
8.95895896e+01,3.46887843e-02,0.00000000e+00,3.00000000e+03,3.00000000e+02,1.00000000e-15,2.30000000e-01,7.70000000e-01,0.00000000e+00
8.96896897e+01,3.46887843e-02,0.00000000e+00,3.00000000e+03,3.00000000e+02,1.00000000e-15,2.30000000e-01,7.70000000e-01,0.00000000e+00
8.97897898e+01,3.46887843e-02,0.00000000e+00,3.00000000e+03,3.00000000e+02,1.00000000e-15,2.30000000e-01,7.70000000e-01,0.00000000e+00
8.98898899e+01,3.46887843e-02,0.00000000e+00,3.00000000e+03,3.00000000e+02,1.00000000e-15,2.30000000e-01,7.70000000e-01,0.00000000e+00
8.99899900e+01,3.46887843e-02,0.00000000e+00,3.00000000e+03,3.00000000e+02,1.00000000e-15,2.30000000e-01,7.70000000e-01,0.00000000e+00
9.00900901e+01,3.46887843e-02,0.00000000e+00,3.00000000e+03,3.00000000e+02,1.00000000e-15,2.30000000e-01,7.70000000e-01,0.00000000e+00
9.01901902e+01,3.46887843e-02,0.00000000e+00,3.00000000e+03,3.00000000e+02,1.00000000e-15,2.30000000e-01,7.70000000e-01,0.00000000e+00
9.02902903e+01,3.46887843e-02,0.00000000e+00,3.00000000e+03,3.00000000e+02,1.00000000e-15,2.30000000e-01,7.70000000e-01,0.00000000e+00
9.03903904e+01,3.46887843e-02,0.00000000e+00,3.00000000e+03,3.00000000e+02,1.00000000e-15,2.30000000e-01,7.70000000e-01,0.00000000e+00
9.04904905e+01,3.46887843e-02,0.00000000e+00,3.00000000e+03,3.00000000e+02,1.00000000e-15,2.30000000e-01,7.70000000e-01,0.00000000e+00
9.05905906e+01,3.46887843e-02,0.00000000e+00,3.00000000e+03,3.00000000e+02,1.00000000e-15,2.30000000e-01,7.70000000e-01,0.00000000e+00
9.06906907e+01,3.46887843e-02,0.00000000e+00,3.00000000e+03,3.00000000e+02,1.00000000e-15,2.30000000e-01,7.70000000e-01,0.00000000e+00
9.07907908e+01,3.46887843e-02,0.00000000e+00,3.00000000e+03,3.00000000e+02,1.00000000e-15,2.30000000e-01,7.70000000e-01,0.00000000e+00
9.08908909e+01,3.46887843e-02,0.00000000e+00,3.00000000e+03,3.00000000e+02,1.00000000e-15,2.30000000e-01,7.70000000e-01,0.00000000e+00
9.09909910e+01,3.46887843e-02,0.00000000e+00,3.00000000e+03,3.00000000e+02,1.00000000e-15,2.30000000e-01,7.70000000e-01,0.00000000e+00
9.10910911e+01,3.46887843e-02,0.00000000e+00,3.00000000e+03,3.00000000e+02,1.00000000e-15,2.30000000e-01,7.70000000e-01,0.00000000e+00
9.11911912e+01,3.46887843e-02,0.00000000e+00,3.00000000e+03,3.00000000e+02,1.00000000e-15,2.30000000e-01,7.70000000e-01,0.00000000e+00
9.12912913e+01,3.46887843e-02,0.00000000e+00,3.00000000e+03,3.00000000e+02,1.00000000e-15,2.30000000e-01,7.70000000e-01,0.00000000e+00
9.13913914e+01,3.46887843e-02,0.00000000e+00,3.00000000e+03,3.00000000e+02,1.00000000e-15,2.30000000e-01,7.70000000e-01,0.00000000e+00
9.14914915e+01,3.46887843e-02,0.00000000e+00,3.00000000e+03,3.00000000e+02,1.00000000e-15,2.30000000e-01,7.70000000e-01,0.00000000e+00
9.15915916e+01,3.46887843e-02,0.00000000e+00,3.00000000e+03,3.00000000e+02,1.00000000e-15,2.30000000e-01,7.70000000e-01,0.00000000e+00
9.16916917e+01,3.46887843e-02,0.00000000e+00,3.00000000e+03,3.00000000e+02,1.00000000e-15,2.30000000e-01,7.70000000e-01,0.00000000e+00
9.17917918e+01,3.46887843e-02,0.00000000e+00,3.00000000e+03,3.00000000e+02,1.00000000e-15,2.30000000e-01,7.70000000e-01,0.00000000e+00
9.18918919e+01,3.46887843e-02,0.00000000e+00,3.00000000e+03,3.00000000e+02,1.00000000e-15,2.30000000e-01,7.70000000e-01,0.00000000e+00
9.19919920e+01,3.46887843e-02,0.00000000e+00,3.00000000e+03,3.00000000e+02,1.00000000e-15,2.30000000e-01,7.70000000e-01,0.00000000e+00
9.20920921e+01,3.46887843e-02,0.00000000e+00,3.00000000e+03,3.00000000e+02,1.00000000e-15,2.30000000e-01,7.70000000e-01,0.00000000e+00
9.21921922e+01,3.46887843e-02,0.00000000e+00,3.00000000e+03,3.00000000e+02,1.00000000e-15,2.30000000e-01,7.70000000e-01,0.00000000e+00
9.22922923e+01,3.46887843e-02,0.00000000e+00,3.00000000e+03,3.00000000e+02,1.00000000e-15,2.30000000e-01,7.70000000e-01,0.00000000e+00
9.23923924e+01,3.46887843e-02,0.00000000e+00,3.00000000e+03,3.00000000e+02,1.00000000e-15,2.30000000e-01,7.70000000e-01,0.00000000e+00
9.24924925e+01,3.46887843e-02,0.00000000e+00,3.00000000e+03,3.00000000e+02,1.00000000e-15,2.30000000e-01,7.70000000e-01,0.00000000e+00
9.25925926e+01,3.46887843e-02,0.00000000e+00,3.00000000e+03,3.00000000e+02,1.00000000e-15,2.30000000e-01,7.70000000e-01,0.00000000e+00
9.26926927e+01,3.46887843e-02,0.00000000e+00,3.00000000e+03,3.00000000e+02,1.00000000e-15,2.30000000e-01,7.70000000e-01,0.00000000e+00
9.27927928e+01,3.46887843e-02,0.00000000e+00,3.00000000e+03,3.00000000e+02,1.00000000e-15,2.30000000e-01,7.70000000e-01,0.00000000e+00
9.28928929e+01,3.46887843e-02,0.00000000e+00,3.00000000e+03,3.00000000e+02,1.00000000e-15,2.30000000e-01,7.70000000e-01,0.00000000e+00
9.29929930e+01,3.46887843e-02,0.00000000e+00,3.00000000e+03,3.00000000e+02,1.00000000e-15,2.30000000e-01,7.70000000e-01,0.00000000e+00
9.30930931e+01,3.46887843e-02,0.00000000e+00,3.00000000e+03,3.00000000e+02,1.00000000e-15,2.30000000e-01,7.70000000e-01,0.00000000e+00
9.31931932e+01,3.46887843e-02,0.00000000e+00,3.00000000e+03,3.00000000e+02,1.00000000e-15,2.30000000e-01,7.70000000e-01,0.00000000e+00
9.32932933e+01,3.46887843e-02,0.00000000e+00,3.00000000e+03,3.00000000e+02,1.00000000e-15,2.30000000e-01,7.70000000e-01,0.00000000e+00
9.33933934e+01,3.46887843e-02,0.00000000e+00,3.00000000e+03,3.00000000e+02,1.00000000e-15,2.30000000e-01,7.70000000e-01,0.00000000e+00
9.34934935e+01,3.46887843e-02,0.00000000e+00,3.00000000e+03,3.00000000e+02,1.00000000e-15,2.30000000e-01,7.70000000e-01,0.00000000e+00
9.35935936e+01,3.46887843e-02,0.00000000e+00,3.00000000e+03,3.00000000e+02,1.00000000e-15,2.30000000e-01,7.70000000e-01,0.00000000e+00
9.36936937e+01,3.46887843e-02,0.00000000e+00,3.00000000e+03,3.00000000e+02,1.00000000e-15,2.30000000e-01,7.70000000e-01,0.00000000e+00
9.37937938e+01,3.46887843e-02,0.00000000e+00,3.00000000e+03,3.00000000e+02,1.00000000e-15,2.30000000e-01,7.70000000e-01,0.00000000e+00
9.38938939e+01,3.46887843e-02,0.00000000e+00,3.00000000e+03,3.00000000e+02,1.00000000e-15,2.30000000e-01,7.70000000e-01,0.00000000e+00
9.39939940e+01,3.46887843e-02,0.00000000e+00,3.00000000e+03,3.00000000e+02,1.00000000e-15,2.30000000e-01,7.70000000e-01,0.00000000e+00
9.40940941e+01,3.46887843e-02,0.00000000e+00,3.00000000e+03,3.00000000e+02,1.00000000e-15,2.30000000e-01,7.70000000e-01,0.00000000e+00
9.41941942e+01,3.46887843e-02,0.00000000e+00,3.00000000e+03,3.00000000e+02,1.00000000e-15,2.30000000e-01,7.70000000e-01,0.00000000e+00
9.42942943e+01,3.46887843e-02,0.00000000e+00,3.00000000e+03,3.00000000e+02,1.00000000e-15,2.30000000e-01,7.70000000e-01,0.00000000e+00
9.43943944e+01,3.46887843e-02,0.00000000e+00,3.00000000e+03,3.00000000e+02,1.00000000e-15,2.30000000e-01,7.70000000e-01,0.00000000e+00
9.44944945e+01,3.46887843e-02,0.00000000e+00,3.00000000e+03,3.00000000e+02,1.00000000e-15,2.30000000e-01,7.70000000e-01,0.00000000e+00
9.45945946e+01,3.46887843e-02,0.00000000e+00,3.00000000e+03,3.00000000e+02,1.00000000e-15,2.30000000e-01,7.70000000e-01,0.00000000e+00
9.46946947e+01,3.46887843e-02,0.00000000e+00,3.00000000e+03,3.00000000e+02,1.00000000e-15,2.30000000e-01,7.70000000e-01,0.00000000e+00
9.47947948e+01,3.46887843e-02,0.00000000e+00,3.00000000e+03,3.00000000e+02,1.00000000e-15,2.30000000e-01,7.70000000e-01,0.00000000e+00
9.48948949e+01,3.46887843e-02,0.00000000e+00,3.00000000e+03,3.00000000e+02,1.00000000e-15,2.30000000e-01,7.70000000e-01,0.00000000e+00
9.49949950e+01,3.46887843e-02,0.00000000e+00,3.00000000e+03,3.00000000e+02,1.00000000e-15,2.30000000e-01,7.70000000e-01,0.00000000e+00
9.50950951e+01,3.46887843e-02,0.00000000e+00,3.00000000e+03,3.00000000e+02,1.00000000e-15,2.30000000e-01,7.70000000e-01,0.00000000e+00
9.51951952e+01,3.46887843e-02,0.00000000e+00,3.00000000e+03,3.00000000e+02,1.00000000e-15,2.30000000e-01,7.70000000e-01,0.00000000e+00
9.52952953e+01,3.46887843e-02,0.00000000e+00,3.00000000e+03,3.00000000e+02,1.00000000e-15,2.30000000e-01,7.70000000e-01,0.00000000e+00
9.53953954e+01,3.46887843e-02,0.00000000e+00,3.00000000e+03,3.00000000e+02,1.00000000e-15,2.30000000e-01,7.70000000e-01,0.00000000e+00
9.54954955e+01,3.46887843e-02,0.00000000e+00,3.00000000e+03,3.00000000e+02,1.00000000e-15,2.30000000e-01,7.70000000e-01,0.00000000e+00
9.55955956e+01,3.46887843e-02,0.00000000e+00,3.00000000e+03,3.00000000e+02,1.00000000e-15,2.30000000e-01,7.70000000e-01,0.00000000e+00
9.56956957e+01,3.46887843e-02,0.00000000e+00,3.00000000e+03,3.00000000e+02,1.00000000e-15,2.30000000e-01,7.70000000e-01,0.00000000e+00
9.57957958e+01,3.46887843e-02,0.00000000e+00,3.00000000e+03,3.00000000e+02,1.00000000e-15,2.30000000e-01,7.70000000e-01,0.00000000e+00
9.58958959e+01,3.46887843e-02,0.00000000e+00,3.00000000e+03,3.00000000e+02,1.00000000e-15,2.30000000e-01,7.70000000e-01,0.00000000e+00
9.59959960e+01,3.46887843e-02,0.00000000e+00,3.00000000e+03,3.00000000e+02,1.00000000e-15,2.30000000e-01,7.70000000e-01,0.00000000e+00
9.60960961e+01,3.46887843e-02,0.00000000e+00,3.00000000e+03,3.00000000e+02,1.00000000e-15,2.30000000e-01,7.70000000e-01,0.00000000e+00
9.61961962e+01,3.46887843e-02,0.00000000e+00,3.00000000e+03,3.00000000e+02,1.00000000e-15,2.30000000e-01,7.70000000e-01,0.00000000e+00
9.62962963e+01,3.46887843e-02,0.00000000e+00,3.00000000e+03,3.00000000e+02,1.00000000e-15,2.30000000e-01,7.70000000e-01,0.00000000e+00
9.63963964e+01,3.46887843e-02,0.00000000e+00,3.00000000e+03,3.00000000e+02,1.00000000e-15,2.30000000e-01,7.70000000e-01,0.00000000e+00
9.64964965e+01,3.46887843e-02,0.00000000e+00,3.00000000e+03,3.00000000e+02,1.00000000e-15,2.30000000e-01,7.70000000e-01,0.00000000e+00
9.65965966e+01,3.46887843e-02,0.00000000e+00,3.00000000e+03,3.00000000e+02,1.00000000e-15,2.30000000e-01,7.70000000e-01,0.00000000e+00
9.66966967e+01,3.46887843e-02,0.00000000e+00,3.00000000e+03,3.00000000e+02,1.00000000e-15,2.30000000e-01,7.70000000e-01,0.00000000e+00
9.67967968e+01,3.46887843e-02,0.00000000e+00,3.00000000e+03,3.00000000e+02,1.00000000e-15,2.30000000e-01,7.70000000e-01,0.00000000e+00
9.68968969e+01,3.46887843e-02,0.00000000e+00,3.00000000e+03,3.00000000e+02,1.00000000e-15,2.30000000e-01,7.70000000e-01,0.00000000e+00
9.69969970e+01,3.46887843e-02,0.00000000e+00,3.00000000e+03,3.00000000e+02,1.00000000e-15,2.30000000e-01,7.70000000e-01,0.00000000e+00
9.70970971e+01,3.46887843e-02,0.00000000e+00,3.00000000e+03,3.00000000e+02,1.00000000e-15,2.30000000e-01,7.70000000e-01,0.00000000e+00
9.71971972e+01,3.46887843e-02,0.00000000e+00,3.00000000e+03,3.00000000e+02,1.00000000e-15,2.30000000e-01,7.70000000e-01,0.00000000e+00
9.72972973e+01,3.46887843e-02,0.00000000e+00,3.00000000e+03,3.00000000e+02,1.00000000e-15,2.30000000e-01,7.70000000e-01,0.00000000e+00
9.73973974e+01,3.46887843e-02,0.00000000e+00,3.00000000e+03,3.00000000e+02,1.00000000e-15,2.30000000e-01,7.70000000e-01,0.00000000e+00
9.74974975e+01,3.46887843e-02,0.00000000e+00,3.00000000e+03,3.00000000e+02,1.00000000e-15,2.30000000e-01,7.70000000e-01,0.00000000e+00
9.75975976e+01,3.46887843e-02,0.00000000e+00,3.00000000e+03,3.00000000e+02,1.00000000e-15,2.30000000e-01,7.70000000e-01,0.00000000e+00
9.76976977e+01,3.46887843e-02,0.00000000e+00,3.00000000e+03,3.00000000e+02,1.00000000e-15,2.30000000e-01,7.70000000e-01,0.00000000e+00
9.77977978e+01,3.46887843e-02,0.00000000e+00,3.00000000e+03,3.00000000e+02,1.00000000e-15,2.30000000e-01,7.70000000e-01,0.00000000e+00
9.78978979e+01,3.46887843e-02,0.00000000e+00,3.00000000e+03,3.00000000e+02,1.00000000e-15,2.30000000e-01,7.70000000e-01,0.00000000e+00
9.79979980e+01,3.46887843e-02,0.00000000e+00,3.00000000e+03,3.00000000e+02,1.00000000e-15,2.30000000e-01,7.70000000e-01,0.00000000e+00
9.80980981e+01,3.46887843e-02,0.00000000e+00,3.00000000e+03,3.00000000e+02,1.00000000e-15,2.30000000e-01,7.70000000e-01,0.00000000e+00
9.81981982e+01,3.46887843e-02,0.00000000e+00,3.00000000e+03,3.00000000e+02,1.00000000e-15,2.30000000e-01,7.70000000e-01,0.00000000e+00
9.82982983e+01,3.46887843e-02,0.00000000e+00,3.00000000e+03,3.00000000e+02,1.00000000e-15,2.30000000e-01,7.70000000e-01,0.00000000e+00
9.83983984e+01,3.46887843e-02,0.00000000e+00,3.00000000e+03,3.00000000e+02,1.00000000e-15,2.30000000e-01,7.70000000e-01,0.00000000e+00
9.84984985e+01,3.46887843e-02,0.00000000e+00,3.00000000e+03,3.00000000e+02,1.00000000e-15,2.30000000e-01,7.70000000e-01,0.00000000e+00
9.85985986e+01,3.46887843e-02,0.00000000e+00,3.00000000e+03,3.00000000e+02,1.00000000e-15,2.30000000e-01,7.70000000e-01,0.00000000e+00
9.86986987e+01,3.46887843e-02,0.00000000e+00,3.00000000e+03,3.00000000e+02,1.00000000e-15,2.30000000e-01,7.70000000e-01,0.00000000e+00
9.87987988e+01,3.46887843e-02,0.00000000e+00,3.00000000e+03,3.00000000e+02,1.00000000e-15,2.30000000e-01,7.70000000e-01,0.00000000e+00
9.88988989e+01,3.46887843e-02,0.00000000e+00,3.00000000e+03,3.00000000e+02,1.00000000e-15,2.30000000e-01,7.70000000e-01,0.00000000e+00
9.89989990e+01,3.46887843e-02,0.00000000e+00,3.00000000e+03,3.00000000e+02,1.00000000e-15,2.30000000e-01,7.70000000e-01,0.00000000e+00
9.90990991e+01,3.46887843e-02,0.00000000e+00,3.00000000e+03,3.00000000e+02,1.00000000e-15,2.30000000e-01,7.70000000e-01,0.00000000e+00
9.91991992e+01,3.46887843e-02,0.00000000e+00,3.00000000e+03,3.00000000e+02,1.00000000e-15,2.30000000e-01,7.70000000e-01,0.00000000e+00
9.92992993e+01,3.46887843e-02,0.00000000e+00,3.00000000e+03,3.00000000e+02,1.00000000e-15,2.30000000e-01,7.70000000e-01,0.00000000e+00
9.93993994e+01,3.46887843e-02,0.00000000e+00,3.00000000e+03,3.00000000e+02,1.00000000e-15,2.30000000e-01,7.70000000e-01,0.00000000e+00
9.94994995e+01,3.46887843e-02,0.00000000e+00,3.00000000e+03,3.00000000e+02,1.00000000e-15,2.30000000e-01,7.70000000e-01,0.00000000e+00
9.95995996e+01,3.46887843e-02,0.00000000e+00,3.00000000e+03,3.00000000e+02,1.00000000e-15,2.30000000e-01,7.70000000e-01,0.00000000e+00
9.96996997e+01,3.46887843e-02,0.00000000e+00,3.00000000e+03,3.00000000e+02,1.00000000e-15,2.30000000e-01,7.70000000e-01,0.00000000e+00
9.97997998e+01,3.46887843e-02,0.00000000e+00,3.00000000e+03,3.00000000e+02,1.00000000e-15,2.30000000e-01,7.70000000e-01,0.00000000e+00
9.98998999e+01,3.46887843e-02,0.00000000e+00,3.00000000e+03,3.00000000e+02,1.00000000e-15,2.30000000e-01,7.70000000e-01,0.00000000e+00
1.00000000e+02,3.46887843e-02,-0.00000000e+00,3.00000000e+03,3.00000000e+02,1.00000000e-15,2.30000000e-01,7.70000000e-01,0.00000000e+00
