# x(m), rho(kg/m3), u(m/s), p(Pa), T(K), Y_H2, Y_O2, Y_N2, Y_H2O
0.00000000e+00,8.41832737e+00,2.21830118e-02,1.86890087e+07,2.78660552e+03,1.18501936e-01,6.70998079e-07,6.00009375e-01,2.81488018e-01
1.00100100e-01,8.41832737e+00,-2.21830118e-02,1.86890087e+07,2.78660552e+03,1.18501936e-01,6.70998079e-07,6.00009375e-01,2.81488018e-01
2.00200200e-01,8.41988046e+00,-8.94703519e-02,1.86891571e+07,2.78611376e+03,1.18501919e-01,5.38802236e-07,6.00009375e-01,2.81488167e-01
3.00300300e-01,8.42423539e+00,-1.57499599e-01,1.86891329e+07,2.78466984e+03,1.18501922e-01,5.62012631e-07,6.00009375e-01,2.81488140e-01
4.00400400e-01,8.43247737e+00,-2.28467070e-01,1.86891364e+07,2.78194861e+03,1.18501922e-01,5.62262004e-07,6.00009375e-01,2.81488140e-01
5.00500501e-01,8.44511770e+00,-3.02645261e-01,1.86891516e+07,2.77778695e+03,1.18501922e-01,5.62232498e-07,6.00009375e-01,2.81488140e-01
6.00600601e-01,8.45941318e+00,-3.80449125e-01,1.86892064e+07,2.77310093e+03,1.18501922e-01,5.62205201e-07,6.00009375e-01,2.81488140e-01
7.00700701e-01,8.47125918e+00,-4.65338396e-01,1.86893849e+07,2.76924953e+03,1.18501922e-01,5.62182823e-07,6.00009375e-01,2.81488140e-01
8.00800801e-01,8.47976345e+00,-5.54515149e-01,1.86896692e+07,2.76651438e+03,1.18501922e-01,5.62167210e-07,6.00009375e-01,2.81488140e-01
9.00900901e-01,8.48568838e+00,-6.44810668e-01,1.86900090e+07,2.76463298e+03,1.18501922e-01,5.62157914e-07,6.00009375e-01,2.81488140e-01
1.00100100e+00,8.48971479e+00,-7.30482442e-01,1.86903475e+07,2.76337185e+03,1.18501922e-01,5.62153994e-07,6.00009375e-01,2.81488140e-01
1.10110110e+00,8.49242513e+00,-8.13713440e-01,1.86907009e+07,2.76254216e+03,1.18501922e-01,5.62153650e-07,6.00009375e-01,2.81488140e-01
1.20120120e+00,8.49424817e+00,-8.96418160e-01,1.86910837e+07,2.76200582e+03,1.18501922e-01,5.62155190e-07,6.00009375e-01,2.81488140e-01
1.30130130e+00,8.49551506e+00,-9.82041648e-01,1.86915273e+07,2.76165948e+03,1.18501922e-01,5.62157382e-07,6.00009375e-01,2.81488140e-01
1.40140140e+00,8.49647296e+00,-1.07764564e+00,1.86921186e+07,2.76143548e+03,1.18501922e-01,5.62159438e-07,6.00009375e-01,2.81488140e-01
1.50150150e+00,8.49719878e+00,-1.17431384e+00,1.86927177e+07,2.76128811e+03,1.18501922e-01,5.62161088e-07,6.00009375e-01,2.81488140e-01
1.60160160e+00,8.49772132e+00,-1.25945978e+00,1.86931188e+07,2.76117755e+03,1.18501922e-01,5.62162203e-07,6.00009375e-01,2.81488140e-01
1.70170170e+00,8.49807863e+00,-1.33037465e+00,1.86932793e+07,2.76108517e+03,1.18501922e-01,5.62162775e-07,6.00009375e-01,2.81488140e-01
1.80180180e+00,8.49821162e+00,-1.38474447e+00,1.86930863e+07,2.76101346e+03,1.18501922e-01,5.62162774e-07,6.00009375e-01,2.81488140e-01
1.90190190e+00,8.49817016e+00,-1.40773562e+00,1.86925389e+07,2.76094608e+03,1.18501922e-01,5.62162165e-07,6.00009375e-01,2.81488140e-01
2.00200200e+00,8.49804225e+00,-1.40928344e+00,1.86917405e+07,2.76086970e+03,1.18501922e-01,5.62160929e-07,6.00009375e-01,2.81488140e-01
2.10210210e+00,8.49779892e+00,-1.39136204e+00,1.86906475e+07,2.76078731e+03,1.18501922e-01,5.62159004e-07,6.00009375e-01,2.81488140e-01
2.20220220e+00,8.49754759e+00,-1.37383214e+00,1.86895756e+07,2.76071063e+03,1.18501922e-01,5.62156406e-07,6.00009375e-01,2.81488140e-01
2.30230230e+00,8.49737457e+00,-1.37992878e+00,1.86887667e+07,2.76064735e+03,1.18501922e-01,5.62153067e-07,6.00009375e-01,2.81488140e-01
2.40240240e+00,8.49735399e+00,-1.41519516e+00,1.86884931e+07,2.76061362e+03,1.18501922e-01,5.62149046e-07,6.00009375e-01,2.81488140e-01
2.50250250e+00,8.49747336e+00,-1.47709524e+00,1.86887051e+07,2.76060616e+03,1.18501922e-01,5.62144262e-07,6.00009375e-01,2.81488140e-01
2.60260260e+00,8.49791951e+00,-1.60795515e+00,1.86899083e+07,2.76063894e+03,1.18501922e-01,5.62138802e-07,6.00009375e-01,2.81488140e-01
2.70270270e+00,8.49886294e+00,-1.83950057e+00,1.86926354e+07,2.76073527e+03,1.18501922e-01,5.62132566e-07,6.00009375e-01,2.81488140e-01
2.80280280e+00,8.49965792e+00,-2.03811621e+00,1.86949186e+07,2.76081422e+03,1.18501922e-01,5.62125673e-07,6.00009375e-01,2.81488140e-01
2.90290290e+00,8.50006914e+00,-2.15254642e+00,1.86960366e+07,2.76084576e+03,1.18501922e-01,5.62118029e-07,6.00009375e-01,2.81488140e-01
3.00300300e+00,8.50014187e+00,-2.20136770e+00,1.86961601e+07,2.76084038e+03,1.18501922e-01,5.62109807e-07,6.00009375e-01,2.81488140e-01
3.10310310e+00,8.49996411e+00,-2.18944828e+00,1.86955466e+07,2.76080751e+03,1.18501922e-01,5.62100939e-07,6.00009375e-01,2.81488140e-01
3.20320320e+00,8.49918665e+00,-2.05692797e+00,1.86931050e+07,2.76069947e+03,1.18501922e-01,5.62091653e-07,6.00009375e-01,2.81488140e-01
3.30330330e+00,8.49791553e+00,-1.82128031e+00,1.86891703e+07,2.76053123e+03,1.18501922e-01,5.62081896e-07,6.00009375e-01,2.81488140e-01
3.40340340e+00,8.49711820e+00,-1.68608838e+00,1.86866728e+07,2.76042132e+03,1.18501922e-01,5.62071915e-07,6.00009375e-01,2.81488140e-01
3.50350350e+00,8.49682914e+00,-1.66053997e+00,1.86857282e+07,2.76037570e+03,1.18501922e-01,5.62061636e-07,6.00009375e-01,2.81488140e-01
3.60360360e+00,8.49701287e+00,-1.72394936e+00,1.86862364e+07,2.76039108e+03,1.18501922e-01,5.62051285e-07,6.00009375e-01,2.81488140e-01
3.70370370e+00,8.49836832e+00,-2.03069713e+00,1.86903045e+07,2.76055166e+03,1.18501922e-01,5.62040744e-07,6.00009375e-01,2.81488140e-01
3.80380380e+00,8.50170307e+00,-2.73859091e+00,1.87003791e+07,2.76095629e+03,1.18501922e-01,5.62030204e-07,6.00009375e-01,2.81488140e-01
3.90390390e+00,8.50471078e+00,-3.37923648e+00,1.87094598e+07,2.76132009e+03,1.18501922e-01,5.62019517e-07,6.00009375e-01,2.81488140e-01
4.00400400e+00,8.50626289e+00,-3.72147621e+00,1.87141201e+07,2.76150392e+03,1.18501922e-01,5.62008855e-07,6.00009375e-01,2.81488140e-01
4.10410410e+00,8.50666469e+00,-3.82884102e+00,1.87153009e+07,2.76154773e+03,1.18501922e-01,5.61998065e-07,6.00009375e-01,2.81488140e-01
4.20420420e+00,8.50625595e+00,-3.77133780e+00,1.87140343e+07,2.76149352e+03,1.18501922e-01,5.61987309e-07,6.00009375e-01,2.81488140e-01
4.30430430e+00,8.50383717e+00,-3.30433002e+00,1.87066678e+07,2.76119165e+03,1.18501922e-01,5.61976427e-07,6.00009375e-01,2.81488141e-01
4.40440440e+00,8.49904441e+00,-2.34852251e+00,1.86921026e+07,2.76059763e+03,1.18501922e-01,5.61965564e-07,6.00009375e-01,2.81488141e-01
4.50450450e+00,8.49549765e+00,-1.64864331e+00,1.86813286e+07,2.76015828e+03,1.18501922e-01,5.61954542e-07,6.00009375e-01,2.81488141e-01
4.60460460e+00,8.49379944e+00,-1.34092668e+00,1.86761649e+07,2.75994706e+03,1.18501922e-01,5.61943481e-07,6.00009375e-01,2.81488141e-01
4.70470470e+00,8.49339186e+00,-1.28919647e+00,1.86749150e+07,2.75989478e+03,1.18501922e-01,5.61932182e-07,6.00009375e-01,2.81488141e-01
4.80480480e+00,8.49410896e+00,-1.46090903e+00,1.86770765e+07,2.75998120e+03,1.18501922e-01,5.61920765e-07,6.00009375e-01,2.81488141e-01
4.90490490e+00,8.49730434e+00,-2.15165435e+00,1.86867578e+07,2.76037342e+03,1.18501922e-01,5.61909019e-07,6.00009375e-01,2.81488141e-01
5.00500501e+00,8.50181574e+00,-3.10970513e+00,1.87004221e+07,2.76092605e+03,1.18501922e-01,5.61897080e-07,6.00009375e-01,2.81488141e-01
5.10510511e+00,8.50490600e+00,-3.76946050e+00,1.87097355e+07,2.76129740e+03,1.18501922e-01,5.61884754e-07,6.00009375e-01,2.81488141e-01
5.20520521e+00,8.50650738e+00,-4.11167468e+00,1.87144940e+07,2.76147973e+03,1.18501922e-01,5.61872212e-07,6.00009375e-01,2.81488141e-01
5.30530531e+00,8.50672696e+00,-4.23201750e+00,1.87150776e+07,2.76149455e+03,1.18501922e-01,5.61859268e-07,6.00009375e-01,2.81488141e-01
5.40540541e+00,8.50589177e+00,-4.07377463e+00,1.87124853e+07,2.76138317e+03,1.18501922e-01,5.61846107e-07,6.00009375e-01,2.81488141e-01
5.50550551e+00,8.50429914e+00,-3.75161879e+00,1.87076072e+07,2.76118031e+03,1.18501922e-01,5.61832537e-07,6.00009375e-01,2.81488141e-01
5.60560561e+00,8.50364121e+00,-3.75514948e+00,1.87056009e+07,2.76109780e+03,1.18501922e-01,5.61818743e-07,6.00009375e-01,2.81488141e-01
5.70570571e+00,8.50443535e+00,-4.17534357e+00,1.87080227e+07,2.76119741e+03,1.18501922e-01,5.61804548e-07,6.00009375e-01,2.81488141e-01
5.80580581e+00,8.50385198e+00,-4.83899407e+00,1.87062586e+07,2.76112645e+03,1.18501922e-01,5.61790145e-07,6.00009375e-01,2.81488141e-01
5.90590591e+00,8.49926617e+00,-5.42138743e+00,1.86923066e+07,2.76055573e+03,1.18501922e-01,5.61775339e-07,6.00009375e-01,2.81488141e-01
6.00600601e+00,8.49501204e+00,-8.13801441e+00,1.86793167e+07,2.76001879e+03,1.18501922e-01,5.61760351e-07,6.00009375e-01,2.81488141e-01
6.10610611e+00,8.47730676e+00,-1.30429895e+01,1.86255283e+07,2.75781896e+03,1.18501922e-01,5.61744933e-07,6.00009375e-01,2.81488141e-01
6.20620621e+00,8.40335026e+00,-1.77957895e+01,1.84014869e+07,2.74862508e+03,1.18501922e-01,5.61729463e-07,6.00009375e-01,2.81488141e-01
6.30630631e+00,8.29081845e+00,-4.08577853e+01,1.80615529e+07,2.73446730e+03,1.18501922e-01,5.61713843e-07,6.00009375e-01,2.81488141e-01
6.40640641e+00,8.03935815e+00,-9.07022764e+01,1.73057166e+07,2.70198706e+03,1.18501922e-01,5.61698424e-07,6.00009375e-01,2.81488141e-01
6.50650651e+00,7.58295885e+00,-1.98203524e+02,1.59642656e+07,2.64256269e+03,1.18501922e-01,5.61683568e-07,6.00009375e-01,2.81488141e-01
6.60660661e+00,7.00749203e+00,-3.39616682e+02,1.43059610e+07,2.56253307e+03,1.18501922e-01,5.61669563e-07,6.00009375e-01,2.81488141e-01
6.70670671e+00,6.72528189e+00,-4.14561574e+02,1.35085193e+07,2.52122909e+03,1.18501922e-01,5.61655888e-07,6.00009375e-01,2.81488141e-01
6.80680681e+00,6.61715171e+00,-4.43235238e+02,1.32061335e+07,2.50506872e+03,1.18501922e-01,5.61642247e-07,6.00009375e-01,2.81488141e-01
6.90690691e+00,6.59043231e+00,-4.47121033e+02,1.31322085e+07,2.50114529e+03,1.18501922e-01,5.61628458e-07,6.00009375e-01,2.81488141e-01
7.00700701e+00,6.56401472e+00,-4.45421504e+02,1.30961080e+07,2.50249787e+03,1.18587642e-01,5.62020730e-07,6.00443399e-01,2.81691759e-01
7.10710711e+00,6.53702438e+00,-4.43510841e+02,1.29911663e+07,2.49440106e+03,1.18506509e-01,5.61622084e-07,6.00032598e-01,2.81499035e-01
7.20720721e+00,6.53956502e+00,-4.39420282e+02,1.29947337e+07,2.49421322e+03,1.18501922e-01,5.61585971e-07,6.00009375e-01,2.81488141e-01
7.30730731e+00,6.53292826e+00,-4.40768467e+02,1.29396784e+07,2.48810193e+03,1.18409862e-01,5.61135091e-07,5.99543246e-01,2.81269461e-01
7.40740741e+00,6.54174145e+00,-4.40186581e+02,1.29858312e+07,2.49236093e+03,1.18469319e-01,5.61401982e-07,5.99844297e-01,2.81410696e-01
7.50750751e+00,6.56409339e+00,-4.43562201e+02,1.30300387e+07,2.49317626e+03,1.18429097e-01,5.61196163e-07,5.99640642e-01,2.81315153e-01
7.60760761e+00,6.56759283e+00,-4.50299383e+02,1.30262547e+07,2.49191507e+03,1.18391510e-01,5.61002554e-07,5.99450325e-01,2.81225868e-01
7.70770771e+00,6.57815696e+00,-4.50009172e+02,1.31262797e+07,2.50326448e+03,1.18568994e-01,5.61827703e-07,6.00348976e-01,2.81647461e-01
7.80780781e+00,6.57329402e+00,-4.50942689e+02,1.30855808e+07,2.49883654e+03,1.18498416e-01,5.61477098e-07,5.99991623e-01,2.81479813e-01
7.90790791e+00,6.55747071e+00,-4.47953017e+02,1.30448253e+07,2.49699090e+03,1.18501922e-01,5.61477228e-07,6.00009375e-01,2.81488141e-01
8.00800801e+00,6.54359984e+00,-4.40760787e+02,1.30465552e+07,2.50044456e+03,1.18604821e-01,5.61947918e-07,6.00530379e-01,2.81732565e-01
8.10810811e+00,6.52444005e+00,-4.40811931e+02,1.29283901e+07,2.48853474e+03,1.18439875e-01,5.61149230e-07,5.99695213e-01,2.81340755e-01
8.20820821e+00,6.52931898e+00,-4.36872781e+02,1.29951449e+07,2.49663745e+03,1.18576386e-01,5.61778360e-07,6.00386405e-01,2.81665021e-01
8.30830831e+00,6.53118777e+00,-4.38242212e+02,1.29405633e+07,2.48858268e+03,1.18426634e-01,5.61050793e-07,5.99628169e-01,2.81309302e-01
8.40840841e+00,6.53719095e+00,-4.40124133e+02,1.29778498e+07,2.49243380e+03,1.18475456e-01,5.61263494e-07,5.99875370e-01,2.81425274e-01
8.50850851e+00,6.55930522e+00,-4.44401681e+02,1.30220769e+07,2.49339817e+03,1.18432591e-01,5.61041238e-07,5.99658328e-01,2.81323451e-01
8.60860861e+00,6.57845928e+00,-4.50522889e+02,1.30639885e+07,2.49465740e+03,1.18408024e-01,5.60905090e-07,5.99533942e-01,2.81265097e-01
8.70870871e+00,6.58670170e+00,-4.53363341e+02,1.31131393e+07,2.49945272e+03,1.18477042e-01,5.61211616e-07,5.99883397e-01,2.81429040e-01
8.80880881e+00,6.58618728e+00,-4.54056962e+02,1.31225816e+07,2.50083166e+03,1.18506234e-01,5.61328903e-07,6.00031205e-01,2.81498382e-01
8.90890891e+00,6.58891167e+00,-4.51887654e+02,1.31387555e+07,2.50241124e+03,1.18528370e-01,5.61412129e-07,6.00143286e-01,2.81550964e-01
9.00900901e+00,6.58491786e+00,-4.52689266e+02,1.31028839e+07,2.49846972e+03,1.18463044e-01,5.61080443e-07,5.99812524e-01,2.81395790e-01
9.10910911e+00,6.57456371e+00,-4.52141793e+02,1.31320692e+07,2.50496705e+03,1.18605453e-01,5.61732087e-07,6.00533580e-01,2.81734067e-01
9.20920921e+00,6.57658180e+00,-4.49132324e+02,1.30923963e+07,2.49899133e+03,1.18493524e-01,5.61178464e-07,5.99966852e-01,2.81468192e-01
9.30930931e+00,6.58684551e+00,-4.51610288e+02,1.30774360e+07,2.49451143e+03,1.18385926e-01,5.60644728e-07,5.99422055e-01,2.81212606e-01
9.40940941e+00,6.61760963e+00,-4.59273716e+02,1.32082419e+07,2.50529530e+03,1.18501922e-01,5.61169108e-07,6.00009375e-01,2.81488141e-01
9.50950951e+00,6.66288575e+00,-4.70995965e+02,1.33051465e+07,2.50789033e+03,1.18437492e-01,5.60838261e-07,5.99683145e-01,2.81335094e-01
9.60960961e+00,6.69504415e+00,-4.79696445e+02,1.34081726e+07,2.51436421e+03,1.18475462e-01,5.60991602e-07,5.99875399e-01,2.81425288e-01
9.70970971e+00,6.70624291e+00,-4.86672513e+02,1.34533507e+07,2.51806094e+03,1.18501922e-01,5.61089811e-07,6.00009375e-01,2.81488142e-01
9.80980981e+00,6.73306994e+00,-4.86172988e+02,1.35639806e+07,2.52689280e+03,1.18584429e-01,5.61452789e-07,6.00427128e-01,2.81684126e-01
9.90990991e+00,6.74718245e+00,-4.87782384e+02,1.35714369e+07,2.52454023e+03,1.18511782e-01,5.61080613e-07,6.00059298e-01,2.81511562e-01
1.00100100e+01,6.73894511e+00,-4.92630907e+02,1.35085889e+07,2.51794472e+03,1.18416528e-01,5.60601111e-07,5.99577002e-01,2.81285298e-01
1.01101101e+01,6.74635694e+00,-4.93712830e+02,1.35551607e+07,2.52253039e+03,1.18478459e-01,5.60865393e-07,5.99890576e-01,2.81432408e-01
1.02102102e+01,6.75918000e+00,-4.95482299e+02,1.35782141e+07,2.52263626e+03,1.18449833e-01,5.60700635e-07,5.99745633e-01,2.81364410e-01
1.03103103e+01,6.76173561e+00,-4.97483966e+02,1.36006283e+07,2.52504978e+03,1.18487160e-01,5.60847946e-07,5.99934627e-01,2.81453075e-01
1.04104104e+01,6.76466149e+00,-4.97955680e+02,1.36137306e+07,2.52605371e+03,1.18502893e-01,5.60892876e-07,6.00014291e-01,2.81490448e-01
1.05105105e+01,6.76507906e+00,-4.95612140e+02,1.36408956e+07,2.52958939e+03,1.18566070e-01,5.61162295e-07,6.00334176e-01,2.81640519e-01
1.06106106e+01,6.74930470e+00,-4.91671592e+02,1.35931365e+07,2.52689759e+03,1.18553246e-01,5.61072051e-07,6.00269243e-01,2.81610056e-01
1.07107107e+01,6.72006407e+00,-4.87645535e+02,1.34932847e+07,2.52029110e+03,1.18504273e-01,5.60810952e-07,6.00021280e-01,2.81493727e-01
1.08108108e+01,6.69409059e+00,-4.85491658e+02,1.34315383e+07,2.51799449e+03,1.18527696e-01,5.60892615e-07,6.00139876e-01,2.81549365e-01
1.09109109e+01,6.67288947e+00,-4.80977648e+02,1.33899951e+07,2.51727650e+03,1.18570326e-01,5.61065331e-07,6.00355721e-01,2.81650627e-01
1.10110110e+01,6.65287270e+00,-4.73769311e+02,1.33311610e+07,2.51395392e+03,1.18561011e-01,5.60992436e-07,6.00308559e-01,2.81628501e-01
1.11111111e+01,6.64304427e+00,-4.65565481e+02,1.33006255e+07,2.51207486e+03,1.18553066e-01,5.60926152e-07,6.00268332e-01,2.81609629e-01
1.12112112e+01,6.63056071e+00,-4.59428948e+02,1.32544290e+07,2.50862474e+03,1.18526515e-01,5.60771957e-07,6.00133893e-01,2.81546558e-01
1.13113113e+01,6.60791916e+00,-4.55339810e+02,1.31840013e+07,2.50430953e+03,1.18504532e-01,5.60639519e-07,6.00022587e-01,2.81494340e-01
1.14114114e+01,6.58002161e+00,-4.51460503e+02,1.31216079e+07,2.50228730e+03,1.18539479e-01,5.60776533e-07,6.00199535e-01,2.81577353e-01
1.15115115e+01,6.55162777e+00,-4.47162524e+02,1.30411375e+07,2.49775088e+03,1.18537998e-01,5.60741310e-07,6.00192036e-01,2.81573835e-01
1.16116116e+01,6.52868911e+00,-4.40928864e+02,1.29680356e+07,2.49301115e+03,1.18512574e-01,5.60592889e-07,6.00063309e-01,2.81513444e-01
1.17117117e+01,6.51551982e+00,-4.32770384e+02,1.29421821e+07,2.49258866e+03,1.18535454e-01,5.60672890e-07,6.00179157e-01,2.81567794e-01
1.18118118e+01,6.49793696e+00,-4.26043043e+02,1.28836668e+07,2.48862944e+03,1.18507055e-01,5.60510269e-07,6.00035363e-01,2.81500334e-01
1.19119119e+01,6.47756834e+00,-4.21107271e+02,1.28463817e+07,2.48824122e+03,1.18554156e-01,5.60704632e-07,6.00273852e-01,2.81612219e-01
1.20120120e+01,6.44996436e+00,-4.19721680e+02,1.27450852e+07,2.48049752e+03,1.18491468e-01,5.60379639e-07,5.99956440e-01,2.81463309e-01
1.21121121e+01,6.43186216e+00,-4.15881191e+02,1.27068413e+07,2.47937984e+03,1.18521806e-01,5.60494463e-07,6.00110052e-01,2.81535374e-01
1.22122122e+01,6.42067535e+00,-4.12611580e+02,1.26552618e+07,2.47468636e+03,1.18470632e-01,5.60223571e-07,5.99850944e-01,2.81413816e-01
1.23123123e+01,6.41245402e+00,-4.07771400e+02,1.26423037e+07,2.47473375e+03,1.18498792e-01,5.60327604e-07,5.99993527e-01,2.81480707e-01
1.24124124e+01,6.40341680e+00,-4.03341110e+02,1.26071012e+07,2.47193109e+03,1.18469773e-01,5.60160936e-07,5.99846593e-01,2.81411775e-01
1.25125125e+01,6.38637490e+00,-3.98822837e+02,1.25681881e+07,2.47057780e+03,1.18484128e-01,5.60199102e-07,5.99919277e-01,2.81445874e-01
1.26126126e+01,6.35932392e+00,-3.93429859e+02,1.25056415e+07,2.46819202e+03,1.18510419e-01,5.60293432e-07,6.00052395e-01,2.81508325e-01
1.27127127e+01,6.33150019e+00,-3.87727330e+02,1.24403327e+07,2.46552906e+03,1.18537480e-01,5.60391178e-07,6.00189416e-01,2.81572607e-01
1.28128128e+01,6.30739702e+00,-3.84082986e+02,1.23553554e+07,2.45907542e+03,1.18487810e-01,5.60125934e-07,5.99937922e-01,2.81454621e-01
1.29129129e+01,6.29281554e+00,-3.77782055e+02,1.23307472e+07,2.45898477e+03,1.18530196e-01,5.60295623e-07,6.00152535e-01,2.81555304e-01
1.30130130e+01,6.27496606e+00,-3.72586741e+02,1.22642377e+07,2.45372310e+03,1.18479735e-01,5.60026162e-07,5.99897035e-01,2.81435439e-01
1.31131131e+01,6.25059439e+00,-3.67916822e+02,1.22114034e+07,2.45205137e+03,1.18510040e-01,5.60138289e-07,6.00050480e-01,2.81507426e-01
1.32132132e+01,6.22730831e+00,-3.63047124e+02,1.21594114e+07,2.45019026e+03,1.18536698e-01,5.60232971e-07,6.00185454e-01,2.81570748e-01
1.33133133e+01,6.20606460e+00,-3.58513338e+02,1.21031377e+07,2.44714672e+03,1.18539235e-01,5.60213506e-07,6.00198301e-01,2.81576776e-01
1.34134134e+01,6.18767640e+00,-3.53307882e+02,1.20579566e+07,2.44500639e+03,1.18551369e-01,5.60239259e-07,6.00259740e-01,2.81605599e-01
1.35135135e+01,6.17293536e+00,-3.47936774e+02,1.20214379e+07,2.44322628e+03,1.18560888e-01,5.60252537e-07,6.00307938e-01,2.81628210e-01
1.36136136e+01,6.15672694e+00,-3.43560133e+02,1.19709999e+07,2.43973833e+03,1.18543496e-01,5.60138580e-07,6.00219877e-01,2.81586897e-01
1.37137137e+01,6.14358669e+00,-3.38681168e+02,1.19369490e+07,2.43791138e+03,1.18547904e-01,5.60127586e-07,6.00242196e-01,2.81597368e-01
1.38138138e+01,6.13275437e+00,-3.34197504e+02,1.19018508e+07,2.43534334e+03,1.18532974e-01,5.60025177e-07,6.00166601e-01,2.81561904e-01
1.39139139e+01,6.11791745e+00,-3.30792914e+02,1.18509423e+07,2.43141890e+03,1.18503160e-01,5.59852469e-07,6.00015644e-01,2.81491084e-01
1.40140140e+01,6.10297749e+00,-3.27742597e+02,1.18085176e+07,2.42878336e+03,1.18496435e-01,5.59788867e-07,5.99981591e-01,2.81475108e-01
1.41141141e+01,6.09183650e+00,-3.23416797e+02,1.17825253e+07,2.42765663e+03,1.18506816e-01,5.59806084e-07,6.00034157e-01,2.81499769e-01
1.42142142e+01,6.07988539e+00,-3.19596884e+02,1.17444557e+07,2.42493919e+03,1.18488744e-01,5.59688888e-07,5.99942651e-01,2.81456840e-01
1.43143143e+01,6.06417472e+00,-3.16474169e+02,1.17040069e+07,2.42279986e+03,1.18491111e-01,5.59668248e-07,5.99954636e-01,2.81462463e-01
1.44144144e+01,6.04790040e+00,-3.13487599e+02,1.16679057e+07,2.42143119e+03,1.18510436e-01,5.59727681e-07,6.00052484e-01,2.81508367e-01
1.45145145e+01,6.03215515e+00,-3.10519331e+02,1.16262436e+07,2.41907161e+03,1.18510993e-01,5.59698418e-07,6.00055304e-01,2.81509690e-01
1.46146146e+01,6.01786232e+00,-3.07687011e+02,1.15822391e+07,2.41597094e+03,1.18494725e-01,5.59589605e-07,5.99972936e-01,2.81471048e-01
1.47147147e+01,6.00733380e+00,-3.02867046e+02,1.15621053e+07,2.41554644e+03,1.18516881e-01,5.59662069e-07,6.00085117e-01,2.81523677e-01
1.48148148e+01,6.00079577e+00,-2.97844345e+02,1.15454923e+07,2.41465428e+03,1.18519306e-01,5.59641086e-07,6.00097396e-01,2.81529437e-01
1.49149149e+01,5.98954848e+00,-2.94159761e+02,1.15125262e+07,2.41244575e+03,1.18511212e-01,5.59570114e-07,6.00056411e-01,2.81510210e-01
1.50150150e+01,5.97372189e+00,-2.91845393e+02,1.14761440e+07,2.41087710e+03,1.18526747e-01,5.59610334e-07,6.00135070e-01,2.81547112e-01
1.51151151e+01,5.95893924e+00,-2.90209234e+02,1.14425610e+07,2.40946923e+03,1.18542298e-01,5.59650158e-07,6.00213808e-01,2.81584051e-01
1.52152152e+01,5.94664683e+00,-2.89165258e+02,1.14050108e+07,2.40680843e+03,1.18528416e-01,5.59550473e-07,6.00143519e-01,2.81551076e-01
1.53153153e+01,5.93902681e+00,-2.87238792e+02,1.13883039e+07,2.40616824e+03,1.18538171e-01,5.59561715e-07,6.00192912e-01,2.81574248e-01
1.54154154e+01,5.93782567e+00,-2.84918126e+02,1.13872578e+07,2.40630304e+03,1.18544617e-01,5.59556549e-07,6.00225553e-01,2.81589561e-01
1.55155155e+01,5.93398106e+00,-2.84209227e+02,1.13643191e+07,2.40374419e+03,1.18508490e-01,5.59349604e-07,6.00042633e-01,2.81503746e-01
1.56156156e+01,5.93118388e+00,-2.83645999e+02,1.13566781e+07,2.40329174e+03,1.18506966e-01,5.59305096e-07,6.00034916e-01,2.81500126e-01
1.57157157e+01,5.93285889e+00,-2.81754448e+02,1.13722328e+07,2.40526634e+03,1.18538383e-01,5.59415068e-07,6.00193986e-01,2.81574752e-01
1.58158158e+01,5.93461783e+00,-2.80606059e+02,1.13674761e+07,2.40409137e+03,1.18511575e-01,5.59249278e-07,6.00058253e-01,2.81511074e-01
1.59159159e+01,5.93184341e+00,-2.80900545e+02,1.13532316e+07,2.40259255e+03,1.18492304e-01,5.59118115e-07,5.99960675e-01,2.81465296e-01
1.60160160e+01,5.92908719e+00,-2.80144372e+02,1.13526444e+07,2.40319987e+03,1.18511298e-01,5.59166606e-07,6.00056848e-01,2.81510415e-01
1.61161161e+01,5.93360925e+00,-2.78222822e+02,1.13754350e+07,2.40555646e+03,1.18542468e-01,5.59271626e-07,6.00214669e-01,2.81584455e-01
1.62162162e+01,5.93561118e+00,-2.77647319e+02,1.13674989e+07,2.40382721e+03,1.18505001e-01,5.59052069e-07,6.00024966e-01,2.81495458e-01
1.63163163e+01,5.93507240e+00,-2.78374549e+02,1.13654875e+07,2.40364880e+03,1.18503583e-01,5.59001974e-07,6.00017785e-01,2.81492089e-01
1.64164164e+01,5.93242039e+00,-2.79339064e+02,1.13572192e+07,2.40304951e+03,1.18499854e-01,5.58940567e-07,5.99998906e-01,2.81483232e-01
1.65165165e+01,5.92825473e+00,-2.80776234e+02,1.13459989e+07,2.40238768e+03,1.18498605e-01,5.58890640e-07,5.99992579e-01,2.81480264e-01
1.66166166e+01,5.92207409e+00,-2.81697827e+02,1.13318752e+07,2.40177358e+03,1.18504907e-01,5.58876361e-07,6.00024489e-01,2.81495234e-01
1.67167167e+01,5.91779075e+00,-2.81607379e+02,1.13219554e+07,2.40130946e+03,1.18509769e-01,5.58855530e-07,6.00049108e-01,2.81506784e-01
1.68168168e+01,5.91672640e+00,-2.79896416e+02,1.13169551e+07,2.40080914e+03,1.18503429e-01,5.58782339e-07,6.00017007e-01,2.81491725e-01
1.69169169e+01,5.92810321e+00,-2.78043616e+02,1.13587917e+07,2.40437657e+03,1.18537111e-01,5.58898440e-07,6.00187549e-01,2.81571733e-01
1.70170170e+01,5.94034686e+00,-2.78961619e+02,1.13537086e+07,2.40053761e+03,1.18428948e-01,5.58346606e-07,5.99639888e-01,2.81314803e-01
1.71171171e+01,5.94755398e+00,-2.81511824e+02,1.13921018e+07,2.40459150e+03,1.18485336e-01,5.58571624e-07,5.99925396e-01,2.81448746e-01
1.72172172e+01,5.94476081e+00,-2.83211015e+02,1.13897361e+07,2.40490599e+03,1.18500892e-01,5.58605415e-07,6.00004161e-01,2.81485698e-01
1.73173173e+01,5.93618644e+00,-2.83521105e+02,1.13745182e+07,2.40472691e+03,1.18522325e-01,5.58668341e-07,6.00112680e-01,2.81536609e-01
1.74174174e+01,5.92078544e+00,-2.79814323e+02,1.13518655e+07,2.40511918e+03,1.18574625e-01,5.58878341e-07,6.00377492e-01,2.81660842e-01
1.75175175e+01,5.91214329e+00,-2.76726015e+02,1.13094323e+07,2.40078077e+03,1.18517859e-01,5.58575871e-07,6.00090071e-01,2.81526002e-01
1.76176176e+01,5.91133952e+00,-2.74581558e+02,1.13159485e+07,2.40200747e+03,1.18541701e-01,5.58654910e-07,6.00210786e-01,2.81582634e-01
1.77177177e+01,5.91354495e+00,-2.76719636e+02,1.12801152e+07,2.39593643e+03,1.18421563e-01,5.58057017e-07,5.99602493e-01,2.81297260e-01
1.78178178e+01,5.91986223e+00,-2.82360722e+02,1.13042782e+07,2.39808967e+03,1.18442146e-01,5.58123852e-07,5.99706712e-01,2.81346153e-01
1.79179179e+01,5.93067812e+00,-2.84890220e+02,1.13633299e+07,2.40445367e+03,1.18529185e-01,5.58505332e-07,6.00147415e-01,2.81552905e-01
1.80180180e+01,5.94152830e+00,-2.85250245e+02,1.13719101e+07,2.40299456e+03,1.18473961e-01,5.58217964e-07,5.99867800e-01,2.81421726e-01
1.81181181e+01,5.94913765e+00,-2.81511624e+02,1.14369678e+07,2.41100901e+03,1.18603771e-01,5.58803902e-07,6.00525064e-01,2.81730075e-01
1.82182182e+01,5.94828965e+00,-2.80598580e+02,1.13978346e+07,2.40527446e+03,1.18496644e-01,5.58274976e-07,5.99982652e-01,2.81475608e-01
1.83183183e+01,5.93478981e+00,-2.80685961e+02,1.13643754e+07,2.40356174e+03,1.18501922e-01,5.58277139e-07,6.00009375e-01,2.81488145e-01
1.84184184e+01,5.92090717e+00,-2.82550679e+02,1.13185565e+07,2.40001477e+03,1.18475711e-01,5.58132368e-07,5.99876664e-01,2.81425885e-01
1.85185185e+01,5.91788260e+00,-2.81351946e+02,1.13294540e+07,2.40244556e+03,1.18530340e-01,5.58369731e-07,6.00153262e-01,2.81555648e-01
1.86186186e+01,5.92345435e+00,-2.79266253e+02,1.13548246e+07,2.40492009e+03,1.18561908e-01,5.58499628e-07,6.00313103e-01,2.81630636e-01
1.87187187e+01,5.92809249e+00,-2.77863688e+02,1.13631864e+07,2.40502100e+03,1.18551413e-01,5.58432449e-07,6.00259963e-01,2.81605705e-01
1.88188188e+01,5.92336774e+00,-2.78021255e+02,1.13483220e+07,2.40394121e+03,1.18543995e-01,5.58380710e-07,6.00222403e-01,2.81588084e-01
1.89189189e+01,5.90473578e+00,-2.74642511e+02,1.13188301e+07,2.40410223e+03,1.18601065e-01,5.58633530e-07,6.00511364e-01,2.81723647e-01
1.90190190e+01,5.87897573e+00,-2.68699043e+02,1.12306522e+07,2.39699655e+03,1.18543118e-01,5.58345202e-07,6.00217965e-01,2.81586003e-01
1.91191191e+01,5.86614039e+00,-2.62616690e+02,1.12004979e+07,2.39558378e+03,1.18553385e-01,5.58378485e-07,6.00269950e-01,2.81610391e-01
1.92192192e+01,5.85681270e+00,-2.58710000e+02,1.11696667e+07,2.39316511e+03,1.18535016e-01,5.58276934e-07,6.00176939e-01,2.81566756e-01
1.93193193e+01,5.84413032e+00,-2.57330415e+02,1.11297238e+07,2.39019237e+03,1.18514663e-01,5.58165805e-07,6.00073887e-01,2.81518410e-01
1.94194194e+01,5.83189343e+00,-2.57174093e+02,1.10909478e+07,2.38723968e+03,1.18495950e-01,5.58061868e-07,5.99979136e-01,2.81473959e-01
1.95195195e+01,5.82337015e+00,-2.54562940e+02,1.10764646e+07,2.38710873e+03,1.18520921e-01,5.58162823e-07,6.00105571e-01,2.81533274e-01
1.96196196e+01,5.81935348e+00,-2.49594825e+02,1.10740017e+07,2.38773310e+03,1.18545348e-01,5.58260047e-07,6.00229254e-01,2.81591299e-01
1.97197197e+01,5.80514436e+00,-2.43000623e+02,1.10283139e+07,2.38419584e+03,1.18520812e-01,5.58125303e-07,6.00105020e-01,2.81533016e-01
1.98198198e+01,5.78121977e+00,-2.38252961e+02,1.09475889e+07,2.37763011e+03,1.18466390e-01,5.57848231e-07,5.99829469e-01,2.81403744e-01
1.99199199e+01,5.76091365e+00,-2.35133548e+02,1.09081435e+07,2.37662723e+03,1.18505595e-01,5.58010224e-07,6.00027973e-01,2.81496870e-01
2.00200200e+01,5.74865327e+00,-2.31735451e+02,1.08660467e+07,2.37310402e+03,1.18475657e-01,5.57844638e-07,5.99876389e-01,2.81425756e-01
2.01201201e+01,5.73956815e+00,-2.25605816e+02,1.08658934e+07,2.37537858e+03,1.18547892e-01,5.58158022e-07,6.00242133e-01,2.81597341e-01
2.02202202e+01,5.73114029e+00,-2.19915217e+02,1.08189152e+07,2.37007404e+03,1.18473498e-01,5.57778870e-07,5.99865457e-01,2.81420627e-01
2.03203203e+01,5.71450042e+00,-2.15508831e+02,1.07749294e+07,2.36734948e+03,1.18471596e-01,5.57738955e-07,5.99855826e-01,2.81416109e-01
2.04204204e+01,5.69041004e+00,-2.12020162e+02,1.07073003e+07,2.36276451e+03,1.18455827e-01,5.57631810e-07,5.99775984e-01,2.81378652e-01
2.05205205e+01,5.66443305e+00,-2.08709870e+02,1.06534315e+07,2.36084063e+03,1.18496861e-01,5.57790293e-07,5.99983751e-01,2.81476124e-01
2.06206206e+01,5.64081439e+00,-2.03865948e+02,1.05894931e+07,2.35668036e+03,1.18487660e-01,5.57710765e-07,5.99937166e-01,2.81454269e-01
2.07207207e+01,5.62407943e+00,-1.97169886e+02,1.05585163e+07,2.35604363e+03,1.18524619e-01,5.57847196e-07,6.00124297e-01,2.81542060e-01
2.08208208e+01,5.60938744e+00,-1.90894040e+02,1.05210802e+07,2.35380764e+03,1.18526203e-01,5.57816132e-07,6.00132318e-01,2.81545823e-01
2.09209209e+01,5.59349915e+00,-1.86403193e+02,1.04801912e+07,2.35131284e+03,1.18526555e-01,5.57778659e-07,6.00134101e-01,2.81546659e-01
2.10210210e+01,5.57631861e+00,-1.83829644e+02,1.04260090e+07,2.34696083e+03,1.18496391e-01,5.57597351e-07,5.99981369e-01,2.81475007e-01
2.11211211e+01,5.56217783e+00,-1.80125337e+02,1.03965027e+07,2.34581090e+03,1.18519511e-01,5.57666915e-07,6.00098434e-01,2.81529926e-01
2.12212212e+01,5.55203878e+00,-1.74087908e+02,1.03804853e+07,2.34582793e+03,1.18552157e-01,5.57781714e-07,6.00263732e-01,2.81607474e-01
2.13213213e+01,5.53578828e+00,-1.67344628e+02,1.03305996e+07,2.34190984e+03,1.18526738e-01,5.57624136e-07,6.00135027e-01,2.81547094e-01
2.14214214e+01,5.51271054e+00,-1.60507278e+02,1.02758891e+07,2.33897576e+03,1.18541097e-01,5.57654827e-07,6.00207733e-01,2.81581203e-01
2.15215215e+01,5.48854561e+00,-1.56661119e+02,1.02019980e+07,2.33312832e+03,1.18503118e-01,5.57440654e-07,6.00015434e-01,2.81490988e-01
2.16216216e+01,5.47179354e+00,-1.51741516e+02,1.01750934e+07,2.33308373e+03,1.18554713e-01,5.57649258e-07,6.00276672e-01,2.81613545e-01
2.17217217e+01,5.45550173e+00,-1.47723327e+02,1.01209363e+07,2.32838448e+03,1.18514570e-01,5.57427836e-07,6.00073415e-01,2.81518189e-01
2.18218218e+01,5.43711578e+00,-1.44237788e+02,1.00787380e+07,2.32620551e+03,1.18530452e-01,5.57471418e-07,6.00153834e-01,2.81555917e-01
2.19219219e+01,5.41825147e+00,-1.38986503e+02,1.00292717e+07,2.32292229e+03,1.18526648e-01,5.57423776e-07,6.00134573e-01,2.81546881e-01
2.20220220e+01,5.40601633e+00,-1.31954738e+02,9.99899523e+06,2.32109363e+03,1.18529594e-01,5.57409043e-07,6.00149485e-01,2.81553877e-01
2.21221221e+01,5.39291530e+00,-1.25649739e+02,9.95952532e+06,2.31792569e+03,1.18510268e-01,5.57290527e-07,6.00051634e-01,2.81507971e-01
2.22222222e+01,5.37618563e+00,-1.20880008e+02,9.91619571e+06,2.31505668e+03,1.18508541e-01,5.57255478e-07,6.00042892e-01,2.81503870e-01
2.23223223e+01,5.35787095e+00,-1.17290432e+02,9.86541572e+06,2.31134052e+03,1.18494899e-01,5.57164777e-07,5.99973817e-01,2.81471464e-01
2.24224224e+01,5.33980380e+00,-1.13539886e+02,9.82175864e+06,2.30874510e+03,1.18502747e-01,5.57175177e-07,6.00013553e-01,2.81490106e-01
2.25225225e+01,5.32255903e+00,-1.09202842e+02,9.77031140e+06,2.30458043e+03,1.18477668e-01,5.57030472e-07,5.99886570e-01,2.81430533e-01
2.26226226e+01,5.30970290e+00,-1.02449882e+02,9.74445873e+06,2.30360782e+03,1.18500287e-01,5.57109378e-07,6.00001097e-01,2.81484262e-01
2.27227227e+01,5.30066624e+00,-9.53033778e+01,9.71953043e+06,2.30176083e+03,1.18493650e-01,5.57049764e-07,5.99967491e-01,2.81468496e-01
2.28228228e+01,5.28361942e+00,-8.95363756e+01,9.66675207e+06,2.29727488e+03,1.18461311e-01,5.56868158e-07,5.99803753e-01,2.81391681e-01
2.29229229e+01,5.25953957e+00,-8.44476684e+01,9.62129747e+06,2.29592997e+03,1.18513473e-01,5.57082408e-07,6.00067863e-01,2.81515585e-01
2.30230230e+01,5.23507881e+00,-7.98398315e+01,9.56541779e+06,2.29287402e+03,1.18533463e-01,5.57143936e-07,6.00169078e-01,2.81563069e-01
2.31231231e+01,5.21482827e+00,-7.55540794e+01,9.50865656e+06,2.28850714e+03,1.18513364e-01,5.57015476e-07,6.00067309e-01,2.81515325e-01
2.32232232e+01,5.19874377e+00,-7.11183587e+01,9.46907437e+06,2.28598525e+03,1.18515769e-01,5.56991235e-07,6.00079487e-01,2.81521038e-01
2.33233233e+01,5.18364443e+00,-6.68815436e+01,9.42718274e+06,2.28277440e+03,1.18501590e-01,5.56887584e-07,6.00007694e-01,2.81487357e-01
2.34234234e+01,5.16966167e+00,-6.23793941e+01,9.39203174e+06,2.28042376e+03,1.18501084e-01,5.56846907e-07,6.00005131e-01,2.81486155e-01
2.35235235e+01,5.15838407e+00,-5.67215949e+01,9.36686673e+06,2.27907935e+03,1.18511820e-01,5.56857998e-07,6.00059492e-01,2.81511658e-01
2.36236236e+01,5.14756580e+00,-5.12318939e+01,9.33866469e+06,2.27706228e+03,1.18508203e-01,5.56800943e-07,6.00041180e-01,2.81503067e-01
2.37237237e+01,5.13152794e+00,-4.60760049e+01,9.29611324e+06,2.27392452e+03,1.18500207e-01,5.56723048e-07,6.00000695e-01,2.81484074e-01
2.38238238e+01,5.10925117e+00,-4.00822472e+01,9.24568982e+06,2.27108458e+03,1.18519334e-01,5.56772821e-07,6.00097540e-01,2.81529508e-01
2.39239239e+01,5.08881191e+00,-3.28695682e+01,9.20210936e+06,2.26894341e+03,1.18546238e-01,5.56859816e-07,6.00233759e-01,2.81593414e-01
2.40240240e+01,5.07154961e+00,-2.70834083e+01,9.14206213e+06,2.26296568e+03,1.18485709e-01,5.56537355e-07,5.99927283e-01,2.81449634e-01
2.41241241e+01,5.05744874e+00,-2.12917731e+01,9.13648090e+06,2.26586912e+03,1.18591370e-01,5.56997167e-07,6.00462279e-01,2.81700622e-01
2.42242242e+01,5.04378157e+00,-1.73355930e+01,9.07786370e+06,2.25911938e+03,1.18502811e-01,5.56547001e-07,6.00013879e-01,2.81490260e-01
2.43243243e+01,5.02753418e+00,-1.52198578e+01,9.04618788e+06,2.25792865e+03,1.18533417e-01,5.56659202e-07,6.00168844e-01,2.81562960e-01
2.44244244e+01,5.00913905e+00,-1.24418260e+01,8.99104211e+06,2.25307434e+03,1.18498232e-01,5.56465570e-07,5.99990693e-01,2.81479382e-01
2.45245245e+01,4.98957322e+00,-8.12330177e+00,8.95908839e+06,2.25273716e+03,1.18557858e-01,5.56720624e-07,6.00292599e-01,2.81621018e-01
2.46246246e+01,4.97164218e+00,-2.27972936e+00,8.89889982e+06,2.24677773e+03,1.18499574e-01,5.56425712e-07,5.99997491e-01,2.81482571e-01
2.47247247e+01,4.95716834e+00,4.06032073e+00,8.86383966e+06,2.24441559e+03,1.18501922e-01,5.56419301e-07,6.00009375e-01,2.81488147e-01
2.48248248e+01,4.94111155e+00,1.02944712e+01,8.81317417e+06,2.23960700e+03,1.18461254e-01,5.56214853e-07,5.99803463e-01,2.81391545e-01
2.49249249e+01,4.92329960e+00,1.59487422e+01,8.78164038e+06,2.23879586e+03,1.18507363e-01,5.56421752e-07,6.00036928e-01,2.81501073e-01
2.50250250e+01,4.90432031e+00,2.04151951e+01,8.72399371e+06,2.23347224e+03,1.18466731e-01,5.56225054e-07,5.99831195e-01,2.81404555e-01
2.51251251e+01,4.88643554e+00,2.47283134e+01,8.69578902e+06,2.23328337e+03,1.18525947e-01,5.56500577e-07,6.00131025e-01,2.81545217e-01
2.52252252e+01,4.87121420e+00,2.93231950e+01,8.64525522e+06,2.22817023e+03,1.18476624e-01,5.56269471e-07,5.99881286e-01,2.81428055e-01
2.53253253e+01,4.86189679e+00,3.46178676e+01,8.63762820e+06,2.22938343e+03,1.18534412e-01,5.56543760e-07,6.00173882e-01,2.81565324e-01
2.54254254e+01,4.85389068e+00,3.90151700e+01,8.60426233e+06,2.22541076e+03,1.18482420e-01,5.56304519e-07,5.99910632e-01,2.81441822e-01
2.55255255e+01,4.84153444e+00,4.20301831e+01,8.57662080e+06,2.22374170e+03,1.18492071e-01,5.56355961e-07,5.99959497e-01,2.81464747e-01
2.56256256e+01,4.82334806e+00,4.69855141e+01,8.53712220e+06,2.22149592e+03,1.18510771e-01,5.56450473e-07,6.00054180e-01,2.81509166e-01
2.57257257e+01,4.80182652e+00,5.43730060e+01,8.48797515e+06,2.21836791e+03,1.18523511e-01,5.56516820e-07,6.00118686e-01,2.81539429e-01
2.58258258e+01,4.78326543e+00,6.29336352e+01,8.44218560e+06,2.21500902e+03,1.18521015e-01,5.56510680e-07,6.00106050e-01,2.81533501e-01
2.59259259e+01,4.76678757e+00,6.84706835e+01,8.38972111e+06,2.20975397e+03,1.18472690e-01,5.56287690e-07,5.99861367e-01,2.81418710e-01
2.60260260e+01,4.75208962e+00,7.22723179e+01,8.35415905e+06,2.20718816e+03,1.18472951e-01,5.56290469e-07,5.99862687e-01,2.81419330e-01
2.61261261e+01,4.74090009e+00,7.73294077e+01,8.33452566e+06,2.20665631e+03,1.18502042e-01,5.56425597e-07,6.00009986e-01,2.81488434e-01
2.62262262e+01,4.72677024e+00,8.23088782e+01,8.29182339e+06,2.20253227e+03,1.18468726e-01,5.56264064e-07,5.99841295e-01,2.81409294e-01
2.63263263e+01,4.70527592e+00,8.79964924e+01,8.24532119e+06,2.19977773e+03,1.18490663e-01,5.56357794e-07,5.99952369e-01,2.81461403e-01
2.64264264e+01,4.68400012e+00,9.26597916e+01,8.19271072e+06,2.19575420e+03,1.18486112e-01,5.56322585e-07,5.99929324e-01,2.81450592e-01
2.65265265e+01,4.66991775e+00,9.70449073e+01,8.15353877e+06,2.19222420e+03,1.18465635e-01,5.56207731e-07,5.99825648e-01,2.81401953e-01
2.66266266e+01,4.66348893e+00,1.02059737e+02,8.14713516e+06,2.19284497e+03,1.18502221e-01,5.56355628e-07,6.00010888e-01,2.81488857e-01
2.67267267e+01,4.65558097e+00,1.05955328e+02,8.12063347e+06,2.18997626e+03,1.18472367e-01,5.56186306e-07,5.99859731e-01,2.81417943e-01
2.68268268e+01,4.64441009e+00,1.09292984e+02,8.10354808e+06,2.18988897e+03,1.18512185e-01,5.56338735e-07,6.00061340e-01,2.81512525e-01
2.69269269e+01,4.62746599e+00,1.14310998e+02,8.06659670e+06,2.18759507e+03,1.18527908e-01,5.56372874e-07,6.00140952e-01,2.81549875e-01
2.70270270e+01,4.60055850e+00,1.21902386e+02,8.00380426e+06,2.18311894e+03,1.18535641e-01,5.56364539e-07,6.00180105e-01,2.81568243e-01
2.71271271e+01,4.57540901e+00,1.29413336e+02,7.94982706e+06,2.17982661e+03,1.18562201e-01,5.56440133e-07,6.00314589e-01,2.81631335e-01
2.72272272e+01,4.55670676e+00,1.33848713e+02,7.88043644e+06,2.17151688e+03,1.18461282e-01,5.55913521e-07,5.99803604e-01,2.81391612e-01
2.73273273e+01,4.54425921e+00,1.37531708e+02,7.86746854e+06,2.17260284e+03,1.18531021e-01,5.56184289e-07,6.00156712e-01,2.81557269e-01
2.74274274e+01,4.53730475e+00,1.43419408e+02,7.85260775e+06,2.17170464e+03,1.18537467e-01,5.56154999e-07,6.00189352e-01,2.81572582e-01
2.75275275e+01,4.52693386e+00,1.48398737e+02,7.82685993e+06,2.16962721e+03,1.18532854e-01,5.56071406e-07,6.00165994e-01,2.81561624e-01
2.76276276e+01,4.50614027e+00,1.54525867e+02,7.77999683e+06,2.16636842e+03,1.18544892e-01,5.56064379e-07,6.00226945e-01,2.81590218e-01
2.77277277e+01,4.48062939e+00,1.60714703e+02,7.72027096e+06,2.16189746e+03,1.18549268e-01,5.56020850e-07,6.00249101e-01,2.81600612e-01
2.78278278e+01,4.46395492e+00,1.66187348e+02,7.67945506e+06,2.15860028e+03,1.18543793e-01,5.55931508e-07,6.00221383e-01,2.81587609e-01
2.79279279e+01,4.45282168e+00,1.69689090e+02,7.64122567e+06,2.15413763e+03,1.18493553e-01,5.55633245e-07,5.99967002e-01,2.81468269e-01
2.80280280e+01,4.44517617e+00,1.73324478e+02,7.63192725e+06,2.15452947e+03,1.18531356e-01,5.55749603e-07,6.00158410e-01,2.81558066e-01
2.81281281e+01,4.44119842e+00,1.78170557e+02,7.62346483e+06,2.15399857e+03,1.18535179e-01,5.55709093e-07,6.00177767e-01,2.81567147e-01
2.82282282e+01,4.43711499e+00,1.81686346e+02,7.61121141e+06,2.15272766e+03,1.18523497e-01,5.55599076e-07,6.00118619e-01,2.81539398e-01
2.83283283e+01,4.42610767e+00,1.83736877e+02,7.57417394e+06,2.14844211e+03,1.18475920e-01,5.55324719e-07,5.99877722e-01,2.81426384e-01
2.84284284e+01,4.40622527e+00,1.87159704e+02,7.54602021e+06,2.14863419e+03,1.18557555e-01,5.55660626e-07,6.00291062e-01,2.81620298e-01
2.85285285e+01,4.37378448e+00,1.96887756e+02,7.47820066e+06,2.14442245e+03,1.18595944e-01,5.55799116e-07,6.00485438e-01,2.81711488e-01
2.86286286e+01,4.34686496e+00,2.07654469e+02,7.40239066e+06,2.13680904e+03,1.18541546e-01,5.55508631e-07,6.00210004e-01,2.81582271e-01
2.87287287e+01,4.33522032e+00,2.15890395e+02,7.37451691e+06,2.13451222e+03,1.18539803e-01,5.55471064e-07,6.00201181e-01,2.81578132e-01
2.88288288e+01,4.32388607e+00,2.18827308e+02,7.32736587e+06,2.12806063e+03,1.18448641e-01,5.55020727e-07,5.99739603e-01,2.81361587e-01
2.89289289e+01,4.31479946e+00,2.21205533e+02,7.31530335e+06,2.12829838e+03,1.18489442e-01,5.55195170e-07,5.99946189e-01,2.81458505e-01
2.90290290e+01,4.30374898e+00,2.25768917e+02,7.30209582e+06,2.12890195e+03,1.18545584e-01,5.55447974e-07,6.00230452e-01,2.81591864e-01
2.91291291e+01,4.28596166e+00,2.33664898e+02,7.26452771e+06,2.12641875e+03,1.18563430e-01,5.55527854e-07,6.00320811e-01,2.81634255e-01
2.92292292e+01,4.26671946e+00,2.40461292e+02,7.20328917e+06,2.11932660e+03,1.18489351e-01,5.55183460e-07,5.99945726e-01,2.81458288e-01
2.93293293e+01,4.25693473e+00,2.44054650e+02,7.17823506e+06,2.11698994e+03,1.18479261e-01,5.55145143e-07,5.99894639e-01,2.81434321e-01
2.94294294e+01,4.25053974e+00,2.45069213e+02,7.15269118e+06,2.11348522e+03,1.18431335e-01,5.54935596e-07,5.99651976e-01,2.81320478e-01
2.95295295e+01,4.24389321e+00,2.46200782e+02,7.15085414e+06,2.11514674e+03,1.18493197e-01,5.55246302e-07,5.99965198e-01,2.81467423e-01
2.96296296e+01,4.23350022e+00,2.50828920e+02,7.13823687e+06,2.11566920e+03,1.18545222e-01,5.55516477e-07,6.00228615e-01,2.81591002e-01
2.97297297e+01,4.21484304e+00,2.59592423e+02,7.09612636e+06,2.11240162e+03,1.18550636e-01,5.55573458e-07,6.00256033e-01,2.81603865e-01
2.98298298e+01,4.18504379e+00,2.71600374e+02,7.02098391e+06,2.10539908e+03,1.18523369e-01,5.55482022e-07,6.00117972e-01,2.81539095e-01
2.99299299e+01,4.15868230e+00,2.77635733e+02,6.95888378e+06,2.10008676e+03,1.18518746e-01,5.55500986e-07,6.00094565e-01,2.81528114e-01
3.00300300e+01,4.14195301e+00,2.79756307e+02,6.90341168e+06,2.09315076e+03,1.18440039e-01,5.55176605e-07,5.99696047e-01,2.81341153e-01
3.01301301e+01,4.13367211e+00,2.80789402e+02,6.88871761e+06,2.09250336e+03,1.18461340e-01,5.55324577e-07,5.99803897e-01,2.81391750e-01
3.02302302e+01,4.12854173e+00,2.83768463e+02,6.88638900e+06,2.09361223e+03,1.18505655e-01,5.55583786e-07,6.00028277e-01,2.81497015e-01
3.03303303e+01,4.12518738e+00,2.87203792e+02,6.88164670e+06,2.09362564e+03,1.18519582e-01,5.55703581e-07,6.00098793e-01,2.81530097e-01
3.04304304e+01,4.11524734e+00,2.92170374e+02,6.86645843e+06,2.09340735e+03,1.18556004e-01,5.55931595e-07,6.00283211e-01,2.81616615e-01
3.05305305e+01,4.09295936e+00,3.01212361e+02,6.81018587e+06,2.08797906e+03,1.18532062e-01,5.55878826e-07,6.00161986e-01,2.81559743e-01
3.06306306e+01,4.07351451e+00,3.08665056e+02,6.75862829e+06,2.08264597e+03,1.18498892e-01,5.55784540e-07,5.99994037e-01,2.81480952e-01
3.07307307e+01,4.06008501e+00,3.14972285e+02,6.72343603e+06,2.07902782e+03,1.18477613e-01,5.55747493e-07,5.99886293e-01,2.81430405e-01
3.08308308e+01,4.04836617e+00,3.21137701e+02,6.70440049e+06,2.07848629e+03,1.18515034e-01,5.55987070e-07,6.00075765e-01,2.81519294e-01
3.09309309e+01,4.03568635e+00,3.27683692e+02,6.67245042e+06,2.07535719e+03,1.18499234e-01,5.55977963e-07,5.99995768e-01,2.81481763e-01
3.10310310e+01,4.01902381e+00,3.33973491e+02,6.63543486e+06,2.07234148e+03,1.18502616e-01,5.56059557e-07,6.00012891e-01,2.81489797e-01
3.11311311e+01,4.00090280e+00,3.38774649e+02,6.58984863e+06,2.06780144e+03,1.18481093e-01,5.56024562e-07,5.99903914e-01,2.81438671e-01
3.12312312e+01,3.98392676e+00,3.41376479e+02,6.55332543e+06,2.06491440e+03,1.18491933e-01,5.56141500e-07,5.99958800e-01,2.81464420e-01
3.13313313e+01,3.97041514e+00,3.43650743e+02,6.51718629e+06,2.06099303e+03,1.18464477e-01,5.56078478e-07,5.99819780e-01,2.81399200e-01
3.14314314e+01,3.96204799e+00,3.45883702e+02,6.50033848e+06,2.05983300e+03,1.18474443e-01,5.56190714e-07,5.99870243e-01,2.81422874e-01
3.15315315e+01,3.95852307e+00,3.49767558e+02,6.50003008e+06,2.06091586e+03,1.18512012e-01,5.56431983e-07,6.00060465e-01,2.81512115e-01
3.16316316e+01,3.95341414e+00,3.53715867e+02,6.48409339e+06,2.05891751e+03,1.18489113e-01,5.56388658e-07,5.99944522e-01,2.81457722e-01
3.17317317e+01,3.93807243e+00,3.57895301e+02,6.45182611e+06,2.05643037e+03,1.18501921e-01,5.56512013e-07,6.00009373e-01,2.81488146e-01
3.18318318e+01,3.90517848e+00,3.67608527e+02,6.39348390e+06,2.05357621e+03,1.18584059e-01,5.56959675e-07,6.00425258e-01,2.81683254e-01
3.19319319e+01,3.87795204e+00,3.76837057e+02,6.30734673e+06,2.04234677e+03,1.18455501e-01,5.56415964e-07,5.99774336e-01,2.81377880e-01
3.20320320e+01,3.86351358e+00,3.82729580e+02,6.27886333e+06,2.04036611e+03,1.18476150e-01,5.56571290e-07,5.99878885e-01,2.81426929e-01
3.21321321e+01,3.85268612e+00,3.88788993e+02,6.25853763e+06,2.03908635e+03,1.18498832e-01,5.56734503e-07,5.99993730e-01,2.81480807e-01
3.22322322e+01,3.84336910e+00,3.93026293e+02,6.23355693e+06,2.03623223e+03,1.18477798e-01,5.56690628e-07,5.99887232e-01,2.81430844e-01
3.23323323e+01,3.83795625e+00,3.96998194e+02,6.22825195e+06,2.03679431e+03,1.18511209e-01,5.56900869e-07,6.00056397e-01,2.81510206e-01
3.24324324e+01,3.83628672e+00,4.01837750e+02,6.23258843e+06,2.03839757e+03,1.18552016e-01,5.57144246e-07,6.00263018e-01,2.81607140e-01
3.25325325e+01,3.83017357e+00,4.07325519e+02,6.21230222e+06,2.03562235e+03,1.18516101e-01,5.57025522e-07,6.00081170e-01,2.81521828e-01
3.26326326e+01,3.81639081e+00,4.12967161e+02,6.17271394e+06,2.03073844e+03,1.18470377e-01,5.56859108e-07,5.99849652e-01,2.81413214e-01
3.27327327e+01,3.79595777e+00,4.18295554e+02,6.13461011e+06,2.02835838e+03,1.18511734e-01,5.57100500e-07,6.00059056e-01,2.81511453e-01
3.28328328e+01,3.77005408e+00,4.24891107e+02,6.07682058e+06,2.02304758e+03,1.18512234e-01,5.57148497e-07,6.00061588e-01,2.81512641e-01
3.29329329e+01,3.75385752e+00,4.30243773e+02,6.03547168e+06,2.01845616e+03,1.18482595e-01,5.57053600e-07,5.99911517e-01,2.81442237e-01
3.30330330e+01,3.74275640e+00,4.32610199e+02,6.00589186e+06,2.01497603e+03,1.18455849e-01,5.56971549e-07,5.99776095e-01,2.81378705e-01
3.31331331e+01,3.73119948e+00,4.35397862e+02,5.98444481e+06,2.01359545e+03,1.18479612e-01,5.57126587e-07,5.99896415e-01,2.81435152e-01
3.32332332e+01,3.71890239e+00,4.39741650e+02,5.95941954e+06,2.01157820e+03,1.18493003e-01,5.57232811e-07,5.99964219e-01,2.81466961e-01
3.33333333e+01,3.70913356e+00,4.44999880e+02,5.93660932e+06,2.00928794e+03,1.18485244e-01,5.57239890e-07,5.99924930e-01,2.81448529e-01
3.34334334e+01,3.70027681e+00,4.51144608e+02,5.92742946e+06,2.01002449e+03,1.18541735e-01,5.57549940e-07,6.00210962e-01,2.81582718e-01
3.35335335e+01,3.68398429e+00,4.61280902e+02,5.88716440e+06,2.00561600e+03,1.18517111e-01,5.57479659e-07,6.00086282e-01,2.81524226e-01
3.36336336e+01,3.66925956e+00,4.70452262e+02,5.85263002e+06,2.00206088e+03,1.18504762e-01,5.57468636e-07,6.00023757e-01,2.81494893e-01
3.37337337e+01,3.66003126e+00,4.75583970e+02,5.83119405e+06,1.99986838e+03,1.18498194e-01,5.57486781e-07,5.99990502e-01,2.81479292e-01
3.38338338e+01,3.65427876e+00,4.77015467e+02,5.81345351e+06,1.99741757e+03,1.18468834e-01,5.57400201e-07,5.99841840e-01,2.81409548e-01
3.39339339e+01,3.65060892e+00,4.76865517e+02,5.80383216e+06,1.99626270e+03,1.18460153e-01,5.57413860e-07,5.99797889e-01,2.81388929e-01
3.40340340e+01,3.64232657e+00,4.77190777e+02,5.79291983e+06,1.99634099e+03,1.18501640e-01,5.57666995e-07,6.00007947e-01,2.81487475e-01
3.41341341e+01,3.61672552e+00,4.85149512e+02,5.75340154e+06,1.99512809e+03,1.18598391e-01,5.58183897e-07,6.00497828e-01,2.81717298e-01
3.42342342e+01,3.58131176e+00,4.97819610e+02,5.66099521e+06,1.98394212e+03,1.18511940e-01,5.57842213e-07,6.00060100e-01,2.81511942e-01
3.43343343e+01,3.56505428e+00,5.06783705e+02,5.61353115e+06,1.97749058e+03,1.18439350e-01,5.57569403e-07,5.99692554e-01,2.81339512e-01
3.44344344e+01,3.55921024e+00,5.11387516e+02,5.60434034e+06,1.97714235e+03,1.18460447e-01,5.57741944e-07,5.99799377e-01,2.81389627e-01
3.45345345e+01,3.55345503e+00,5.15486044e+02,5.59496263e+06,1.97675252e+03,1.18477127e-01,5.57898417e-07,5.99883830e-01,2.81429247e-01
3.46346346e+01,3.54698896e+00,5.17843215e+02,5.57429926e+06,1.97370738e+03,1.18437199e-01,5.57793157e-07,5.99681662e-01,2.81334402e-01
3.47347347e+01,3.54054926e+00,5.18293705e+02,5.56397955e+06,1.97326885e+03,1.18459275e-01,5.57984874e-07,5.99793442e-01,2.81386842e-01
3.48348348e+01,3.53077625e+00,5.20896920e+02,5.55582797e+06,1.97457245e+03,1.18534826e-01,5.58433546e-07,6.00175979e-01,2.81566305e-01
3.49349349e+01,3.50884196e+00,5.30511243e+02,5.51985225e+06,1.97291767e+03,1.18602852e-01,5.58851774e-07,6.00520412e-01,2.81727892e-01
3.50350350e+01,3.48135767e+00,5.44265885e+02,5.44343821e+06,1.96260090e+03,1.18504027e-01,5.58488126e-07,6.00020033e-01,2.81493144e-01
3.51351351e+01,3.46668165e+00,5.50977360e+02,5.40949650e+06,1.95878984e+03,1.18493762e-01,5.58545823e-07,5.99968058e-01,2.81468761e-01
3.52352352e+01,3.45559539e+00,5.52930017e+02,5.38061759e+06,1.95505617e+03,1.18465106e-01,5.58521291e-07,5.99822967e-01,2.81400693e-01
3.53353353e+01,3.44697952e+00,5.53943131e+02,5.35869154e+06,1.95229018e+03,1.18444837e-01,5.58540501e-07,5.99720338e-01,2.81352545e-01
3.54354354e+01,3.44114418e+00,5.55059801e+02,5.34758011e+06,1.95140395e+03,1.18453445e-01,5.58699895e-07,5.99763924e-01,2.81372993e-01
3.55355355e+01,3.43634562e+00,5.56969379e+02,5.34130781e+06,1.95144031e+03,1.18477517e-01,5.58936059e-07,5.99885807e-01,2.81430173e-01
3.56356356e+01,3.43083199e+00,5.60225047e+02,5.33615269e+06,1.95201572e+03,1.18518442e-01,5.59255340e-07,6.00093020e-01,2.81527385e-01
3.57357357e+01,3.42226195e+00,5.66311944e+02,5.32691613e+06,1.95258557e+03,1.18574959e-01,5.59651441e-07,6.00379181e-01,2.81661634e-01
3.58358358e+01,3.40327893e+00,5.77884792e+02,5.28165961e+06,1.94725502e+03,1.18546976e-01,5.59651275e-07,6.00237495e-01,2.81595163e-01
3.59359359e+01,3.37736209e+00,5.92214312e+02,5.22875201e+06,1.94228221e+03,1.18562824e-01,5.59859644e-07,6.00317740e-01,2.81632810e-01
3.60360360e+01,3.35827791e+00,6.01758840e+02,5.18811254e+06,1.93814755e+03,1.18562232e-01,5.59991283e-07,6.00314741e-01,2.81631402e-01
3.61361361e+01,3.34481019e+00,6.04274075e+02,5.14435976e+06,1.93108758e+03,1.18467257e-01,5.59678116e-07,5.99833854e-01,2.81405799e-01
3.62362362e+01,3.33623296e+00,6.03887316e+02,5.12106857e+06,1.92780580e+03,1.18435361e-01,5.59663389e-07,5.99672356e-01,2.81330034e-01
3.63363363e+01,3.32849251e+00,6.04515349e+02,5.10958317e+06,1.92747549e+03,1.18464840e-01,5.59938717e-07,5.99821618e-01,2.81400058e-01
3.64364364e+01,3.31917212e+00,6.07501923e+02,5.09993103e+06,1.92817787e+03,1.18529891e-01,5.60381799e-07,6.00150988e-01,2.81554579e-01
3.65365365e+01,3.30291157e+00,6.15362434e+02,5.06447140e+06,1.92429374e+03,1.18523989e-01,5.60488252e-07,6.00121106e-01,2.81540559e-01
3.66366366e+01,3.29054632e+00,6.23041893e+02,5.03271314e+06,1.92000983e+03,1.18487126e-01,5.60446175e-07,5.99934456e-01,2.81452995e-01
3.67367367e+01,3.28351902e+00,6.28304929e+02,5.01720118e+06,1.91824623e+03,1.18483554e-01,5.60559063e-07,5.99916374e-01,2.81444511e-01
3.68368368e+01,3.27786144e+00,6.32153677e+02,5.00581806e+06,1.91713506e+03,1.18487411e-01,5.60704200e-07,5.99935900e-01,2.81453672e-01
3.69369369e+01,3.26894974e+00,6.35739393e+02,4.98689997e+06,1.91514964e+03,1.18484121e-01,5.60811989e-07,5.99919240e-01,2.81445856e-01
3.70370370e+01,3.25132914e+00,6.42361362e+02,4.95323444e+06,1.91217438e+03,1.18506153e-01,5.61035156e-07,6.00030799e-01,2.81498192e-01
3.71371371e+01,3.23400763e+00,6.48975124e+02,4.91094059e+06,1.90663077e+03,1.18467027e-01,5.60963272e-07,5.99832691e-01,2.81405252e-01
3.72372372e+01,3.22374952e+00,6.53993548e+02,4.88622287e+06,1.90343316e+03,1.18444473e-01,5.60963784e-07,5.99718493e-01,2.81351677e-01
3.73373373e+01,3.21637702e+00,6.59364980e+02,4.87649876e+06,1.90339988e+03,1.18481782e-01,5.61241188e-07,5.99907401e-01,2.81440301e-01
3.74374374e+01,3.20943723e+00,6.66112371e+02,4.86254401e+06,1.90201562e+03,1.18484361e-01,5.61346793e-07,5.99920455e-01,2.81446425e-01
3.75375375e+01,3.20135227e+00,6.72345751e+02,4.84408433e+06,1.89976598e+03,1.18472778e-01,5.61377242e-07,5.99861809e-01,2.81418912e-01
3.76376376e+01,3.19006017e+00,6.76807905e+02,4.81733592e+06,1.89632580e+03,1.18450133e-01,5.61346323e-07,5.99747150e-01,2.81365121e-01
3.77377377e+01,3.17607110e+00,6.79523406e+02,4.78863431e+06,1.89325664e+03,1.18454733e-01,5.61434720e-07,5.99770441e-01,2.81376047e-01
3.78378378e+01,3.15600350e+00,6.84516554e+02,4.75369745e+06,1.89061198e+03,1.18503753e-01,5.61722943e-07,6.00018643e-01,2.81492489e-01
3.79379379e+01,3.13767425e+00,6.89712201e+02,4.70861905e+06,1.88445951e+03,1.18451166e-01,5.61517892e-07,5.99752380e-01,2.81367574e-01
3.80380380e+01,3.12763033e+00,6.92924841e+02,4.68980164e+06,1.88271111e+03,1.18466572e-01,5.61622820e-07,5.99830386e-01,2.81404170e-01
3.81381381e+01,3.11942659e+00,6.96611315e+02,4.67011211e+06,1.88006278e+03,1.18446064e-01,5.61544331e-07,5.99726550e-01,2.81355456e-01
3.82382382e+01,3.11475104e+00,6.99736276e+02,4.66244318e+06,1.87956943e+03,1.18460153e-01,5.61615813e-07,5.99797884e-01,2.81388922e-01
3.83383383e+01,3.10972061e+00,7.03360792e+02,4.65912927e+06,1.88048257e+03,1.18509871e-01,5.61841191e-07,6.00049621e-01,2.81507022e-01
3.84384384e+01,3.09759129e+00,7.10853354e+02,4.63836775e+06,1.87895856e+03,1.18539833e-01,5.61956853e-07,6.00201329e-01,2.81578194e-01
3.85385385e+01,3.07467840e+00,7.23818395e+02,4.58657566e+06,1.87233264e+03,1.18507628e-01,5.61760903e-07,6.00038265e-01,2.81501694e-01
3.86386386e+01,3.05553559e+00,7.33394691e+02,4.54682897e+06,1.86777042e+03,1.18505424e-01,5.61689557e-07,6.00027104e-01,2.81496458e-01
3.87387387e+01,3.04358843e+00,7.38691348e+02,4.51752062e+06,1.86355761e+03,1.18470943e-01,5.61446593e-07,5.99852516e-01,2.81414552e-01
3.88388388e+01,3.03525100e+00,7.40688386e+02,4.49686378e+06,1.86050211e+03,1.18447365e-01,5.61235519e-07,5.99733135e-01,2.81358546e-01
3.89389389e+01,3.02702503e+00,7.42692696e+02,4.48377023e+06,1.85968827e+03,1.18475250e-01,5.61247363e-07,5.99874324e-01,2.81424784e-01
3.90390390e+01,3.01605912e+00,7.47307573e+02,4.46729074e+06,1.85889569e+03,1.18519496e-01,5.61314663e-07,6.00098355e-01,2.81529885e-01
3.91391391e+01,3.00420330e+00,7.54251360e+02,4.43985290e+06,1.85512238e+03,1.18496943e-01,5.61042634e-07,5.99984165e-01,2.81476315e-01
3.92392392e+01,2.99673796e+00,7.60717517e+02,4.42522015e+06,1.85352886e+03,1.18502417e-01,5.60879356e-07,6.00011879e-01,2.81489316e-01
3.93393393e+01,2.99032982e+00,7.64892642e+02,4.41150516e+06,1.85180079e+03,1.18498781e-01,5.60647494e-07,5.99993472e-01,2.81480681e-01
3.94394394e+01,2.98143451e+00,7.67931604e+02,4.39408051e+06,1.84993563e+03,1.18502242e-01,5.60422303e-07,6.00010995e-01,2.81488902e-01
3.95395395e+01,2.96513393e+00,7.73906427e+02,4.36248543e+06,1.84652069e+03,1.18515717e-01,5.60216882e-07,6.00079220e-01,2.81520910e-01
3.96396396e+01,2.94978477e+00,7.79817031e+02,4.32660756e+06,1.84140900e+03,1.18480632e-01,5.59753946e-07,5.99901577e-01,2.81437570e-01
3.97397397e+01,2.93972403e+00,7.84391465e+02,4.30660663e+06,1.83909355e+03,1.18485517e-01,5.59450382e-07,5.99926313e-01,2.81449175e-01
3.98398398e+01,2.92944016e+00,7.89986753e+02,4.28813293e+06,1.83738009e+03,1.18501828e-01,5.59170024e-07,6.00008901e-01,2.81487921e-01
3.99399399e+01,2.91965502e+00,7.96758549e+02,4.26835345e+06,1.83505631e+03,1.18500420e-01,5.58774205e-07,6.00001769e-01,2.81484576e-01
4.00400400e+01,2.91176135e+00,8.03382262e+02,4.25273495e+06,1.83325084e+03,1.18503477e-01,5.58366450e-07,6.00017250e-01,2.81491839e-01
4.01401401e+01,2.90313238e+00,8.08989266e+02,4.23439614e+06,1.83092114e+03,1.18493753e-01,5.57864084e-07,5.99968012e-01,2.81468740e-01
4.02402402e+01,2.89321499e+00,8.13441460e+02,4.21235079e+06,1.82787752e+03,1.18477854e-01,5.57297379e-07,5.99887514e-01,2.81430976e-01
4.03403403e+01,2.88215099e+00,8.17413974e+02,4.19005549e+06,1.82513085e+03,1.18481212e-01,5.56785283e-07,5.99904516e-01,2.81438953e-01
4.04404404e+01,2.86935170e+00,8.22252255e+02,4.16475548e+06,1.82210503e+03,1.18487563e-01,5.56250900e-07,5.99936672e-01,2.81454039e-01
4.05405405e+01,2.85732422e+00,8.27641486e+02,4.14014600e+06,1.81907711e+03,1.18480116e-01,5.55615060e-07,5.99898968e-01,2.81436351e-01
4.06406406e+01,2.84811228e+00,8.33081121e+02,4.12195577e+06,1.81690682e+03,1.18482446e-01,5.54987681e-07,5.99910767e-01,2.81441887e-01
4.07407407e+01,2.84058265e+00,8.38657546e+02,4.10822142e+06,1.81548942e+03,1.18493121e-01,5.54361129e-07,5.99964814e-01,2.81467243e-01
4.08408408e+01,2.83212456e+00,8.44110937e+02,4.09046541e+06,1.81318322e+03,1.18483842e-01,5.53602353e-07,5.99917836e-01,2.81445205e-01
4.09409409e+01,2.82184772e+00,8.49378903e+02,4.06883855e+06,1.81031961e+03,1.18473734e-01,5.52801157e-07,5.99866653e-01,2.81421194e-01
4.10410410e+01,2.81049404e+00,8.54429536e+02,4.04535188e+06,1.80722814e+03,1.18468012e-01,5.51982572e-07,5.99837683e-01,2.81407604e-01
4.11411411e+01,2.79889576e+00,8.59444611e+02,4.02243880e+06,1.80440188e+03,1.18470411e-01,5.51164750e-07,5.99849830e-01,2.81413304e-01
4.12412412e+01,2.78713796e+00,8.64763198e+02,3.99954658e+06,1.80164151e+03,1.18474357e-01,5.50318019e-07,5.99869811e-01,2.81422678e-01
4.13413413e+01,2.77507213e+00,8.70058037e+02,3.97581656e+06,1.79873115e+03,1.18474873e-01,5.49420419e-07,5.99872424e-01,2.81423905e-01
4.14414414e+01,2.76234790e+00,8.74788753e+02,3.95030899e+06,1.79548721e+03,1.18470664e-01,5.48467403e-07,5.99851113e-01,2.81413908e-01
4.15415415e+01,2.74966128e+00,8.79001133e+02,3.92472351e+06,1.79213054e+03,1.18467895e-01,5.47489571e-07,5.99837094e-01,2.81407333e-01
4.16416416e+01,2.73770265e+00,8.83181470e+02,3.90066801e+06,1.78898127e+03,1.18464264e-01,5.46478552e-07,5.99818712e-01,2.81398710e-01
4.17417417e+01,2.72712495e+00,8.87638649e+02,3.88047102e+06,1.78654133e+03,1.18469562e-01,5.45481698e-07,5.99845537e-01,2.81411296e-01
4.18418418e+01,2.71783693e+00,8.92950551e+02,3.86326598e+06,1.78457020e+03,1.18478084e-01,5.44475018e-07,5.99888684e-01,2.81431539e-01
4.19419419e+01,2.70996682e+00,8.99226714e+02,3.84844758e+06,1.78279424e+03,1.18484304e-01,5.43435652e-07,5.99920181e-01,2.81446317e-01
4.20420420e+01,2.70341753e+00,9.05982840e+02,3.83627527e+06,1.78133640e+03,1.18492575e-01,5.42386314e-07,5.99962060e-01,2.81465965e-01
4.21421421e+01,2.69582442e+00,9.12540498e+02,3.82086824e+06,1.77925331e+03,1.18487659e-01,5.41260248e-07,5.99937169e-01,2.81454289e-01
4.22422422e+01,2.68579597e+00,9.18324551e+02,3.80067379e+06,1.77654815e+03,1.18481635e-01,5.40116816e-07,5.99906668e-01,2.81439981e-01
4.23423423e+01,2.67380738e+00,9.23123457e+02,3.77589563e+06,1.77303069e+03,1.18471545e-01,5.38947416e-07,5.99855582e-01,2.81416016e-01
4.24424424e+01,2.66148627e+00,9.27143910e+02,3.75104028e+06,1.76957282e+03,1.18467575e-01,5.37803310e-07,5.99835481e-01,2.81406587e-01
4.25425425e+01,2.64931989e+00,9.31313134e+02,3.72799888e+06,1.76668758e+03,1.18473729e-01,5.36707341e-07,5.99866641e-01,2.81421206e-01
4.26426426e+01,2.63810462e+00,9.35980026e+02,3.70681196e+06,1.76404980e+03,1.18478117e-01,5.35610124e-07,5.99888857e-01,2.81431630e-01
4.27427427e+01,2.62915330e+00,9.41095825e+02,3.68986266e+06,1.76188723e+03,1.18483159e-01,5.34526710e-07,5.99914386e-01,2.81443608e-01
4.28428428e+01,2.62214403e+00,9.46779953e+02,3.67699398e+06,1.76030454e+03,1.18491994e-01,5.33474919e-07,5.99959122e-01,2.81464597e-01
4.29429429e+01,2.61631692e+00,9.52898629e+02,3.66626427e+06,1.75896405e+03,1.18499602e-01,5.32435718e-07,5.99997646e-01,2.81482671e-01
4.30430430e+01,2.61018520e+00,9.58707116e+02,3.65459646e+06,1.75745263e+03,1.18501792e-01,5.31393947e-07,6.00008734e-01,2.81487874e-01
4.31431431e+01,2.60282332e+00,9.63551184e+02,3.64015827e+06,1.75550316e+03,1.18498922e-01,5.30355325e-07,5.99994204e-01,2.81481059e-01
4.32432432e+01,2.59441699e+00,9.67137677e+02,3.62265955e+06,1.75286296e+03,1.18489595e-01,5.29317936e-07,5.99946978e-01,2.81458904e-01
4.33433433e+01,2.58564492e+00,9.70017473e+02,3.60448613e+06,1.75006729e+03,1.18484124e-01,5.28332186e-07,5.99919280e-01,2.81445911e-01
4.34434434e+01,2.57644034e+00,9.72289127e+02,3.58548736e+06,1.74718773e+03,1.18475615e-01,5.27370783e-07,5.99876197e-01,2.81425700e-01
4.35435435e+01,2.56811222e+00,9.74464926e+02,3.56993352e+06,1.74519038e+03,1.18479649e-01,5.26506089e-07,5.99896622e-01,2.81435283e-01
4.36436436e+01,2.56192114e+00,9.76753401e+02,3.55881322e+06,1.74386253e+03,1.18486161e-01,5.25695341e-07,5.99929593e-01,2.81450752e-01
4.37437437e+01,2.55726081e+00,9.79119199e+02,3.55132442e+06,1.74316851e+03,1.18499465e-01,5.24959004e-07,5.99996955e-01,2.81482356e-01
4.38438438e+01,2.55354444e+00,9.82188775e+02,3.54526359e+06,1.74256901e+03,1.18510153e-01,5.24256693e-07,6.00051075e-01,2.81507746e-01
4.39439439e+01,2.55011496e+00,9.85812348e+02,3.53848746e+06,1.74156385e+03,1.18511075e-01,5.23557911e-07,6.00055742e-01,2.81509937e-01
4.40440440e+01,2.54526553e+00,9.89431201e+02,3.52799649e+06,1.73986241e+03,1.18500608e-01,5.22856314e-07,6.00002745e-01,2.81485074e-01
4.41441441e+01,2.53831796e+00,9.92736047e+02,3.51325797e+06,1.73751304e+03,1.18488549e-01,5.22195786e-07,5.99941686e-01,2.81456430e-01
4.42442442e+01,2.52976780e+00,9.95995693e+02,3.49568357e+06,1.73476486e+03,1.18481698e-01,5.21606542e-07,5.99907001e-01,2.81440158e-01
4.43443443e+01,2.52014994e+00,9.99492433e+02,3.47732089e+06,1.73218811e+03,1.18485109e-01,5.21110383e-07,5.99924271e-01,2.81448261e-01
4.44444444e+01,2.51047067e+00,1.00375292e+03,3.46041218e+06,1.73023677e+03,1.18497061e-01,5.20698704e-07,5.99984788e-01,2.81476652e-01
4.45445445e+01,2.50171726e+00,1.00907990e+03,3.44472644e+06,1.72829063e+03,1.18505955e-01,5.20319161e-07,6.00029819e-01,2.81497779e-01
4.46446446e+01,2.49437969e+00,1.01544699e+03,3.43064067e+06,1.72626584e+03,1.18507389e-01,5.19950808e-07,6.00037080e-01,2.81501186e-01
4.47447447e+01,2.48813051e+00,1.02245296e+03,3.41855441e+06,1.72447640e+03,1.18509324e-01,5.19626781e-07,6.00046878e-01,2.81505782e-01
4.48448448e+01,2.48138434e+00,1.02940251e+03,3.40544925e+06,1.72257345e+03,1.18506743e-01,5.19323315e-07,6.00033811e-01,2.81499652e-01
4.49449449e+01,2.47305347e+00,1.03568871e+03,3.38996597e+06,1.72052531e+03,1.18506236e-01,5.19067879e-07,6.00031241e-01,2.81498447e-01
4.50450450e+01,2.46317017e+00,1.04111789e+03,3.37058085e+06,1.71765921e+03,1.18498749e-01,5.18819849e-07,5.99993335e-01,2.81480664e-01
4.51451451e+01,2.45232202e+00,1.04573002e+03,3.34859083e+06,1.71415270e+03,1.18488312e-01,5.18596289e-07,5.99940490e-01,2.81455872e-01
4.52452452e+01,2.44075376e+00,1.04986292e+03,3.32506408e+06,1.71034644e+03,1.18476550e-01,5.18404109e-07,5.99880934e-01,2.81427932e-01
4.53453453e+01,2.42808383e+00,1.05353918e+03,3.29985524e+06,1.70641410e+03,1.18464224e-01,5.18246933e-07,5.99818526e-01,2.81398654e-01
4.54454454e+01,2.41598187e+00,1.05790336e+03,3.27881498e+06,1.70379962e+03,1.18480031e-01,5.18251262e-07,5.99898558e-01,2.81436201e-01
4.55455455e+01,2.40486390e+00,1.06313766e+03,3.25967083e+06,1.70147048e+03,1.18494791e-01,5.18291151e-07,5.99973297e-01,2.81471264e-01
4.56456456e+01,2.39492548e+00,1.06904600e+03,3.24209267e+06,1.69918489e+03,1.18504057e-01,5.18349785e-07,6.00020209e-01,2.81493272e-01
4.57457457e+01,2.38629369e+00,1.07558726e+03,3.22614860e+06,1.69689498e+03,1.18507530e-01,5.18429582e-07,6.00037794e-01,2.81501522e-01
4.58458458e+01,2.37838876e+00,1.08236712e+03,3.21109841e+06,1.69459973e+03,1.18507019e-01,5.18543330e-07,6.00035209e-01,2.81500309e-01
4.59459459e+01,2.36999198e+00,1.08875583e+03,3.19519901e+06,1.69223283e+03,1.18503549e-01,5.18701643e-07,6.00017636e-01,2.81492065e-01
4.60460460e+01,2.36115890e+00,1.09457686e+03,3.17877899e+06,1.68984775e+03,1.18502627e-01,5.18936020e-07,6.00012969e-01,2.81489875e-01
4.61461461e+01,2.35208307e+00,1.09993498e+03,3.16177283e+06,1.68730777e+03,1.18501579e-01,5.19243393e-07,6.00007664e-01,2.81487386e-01
4.62462462e+01,2.34280943e+00,1.10501507e+03,3.14430518e+06,1.68464841e+03,1.18500146e-01,5.19632495e-07,6.00000410e-01,2.81483982e-01
4.63463463e+01,2.33357809e+00,1.10996024e+03,3.12724165e+06,1.68211763e+03,1.18501317e-01,5.20127542e-07,6.00006336e-01,2.81486762e-01
4.64464464e+01,2.32466872e+00,1.11478544e+03,3.11101705e+06,1.67976686e+03,1.18503929e-01,5.20735875e-07,6.00019559e-01,2.81492965e-01
4.65465465e+01,2.31614297e+00,1.11929867e+03,3.09532603e+06,1.67744627e+03,1.18503957e-01,5.21453565e-07,6.00019703e-01,2.81493031e-01
4.66466466e+01,2.30795934e+00,1.12349233e+03,3.08035934e+06,1.67524383e+03,1.18504717e-01,5.22310126e-07,6.00023550e-01,2.81494835e-01
4.67467467e+01,2.30018374e+00,1.12746680e+03,3.06626397e+06,1.67317138e+03,1.18507823e-01,5.23328695e-07,6.00039274e-01,2.81502211e-01
4.68468468e+01,2.29323278e+00,1.13119038e+03,3.05404308e+06,1.67151082e+03,1.18510891e-01,5.24515983e-07,6.00054809e-01,2.81509498e-01
4.69469469e+01,2.28787860e+00,1.13453919e+03,3.04506825e+06,1.67043478e+03,1.18515450e-01,5.25897436e-07,6.00077893e-01,2.81520325e-01
4.70470470e+01,2.28434655e+00,1.13759694e+03,3.03898804e+06,1.66965726e+03,1.18516852e-01,5.27472312e-07,6.00084989e-01,2.81523653e-01
4.71471471e+01,2.28270533e+00,1.14022408e+03,3.03671003e+06,1.66947006e+03,1.18526450e-01,5.29312305e-07,6.00133584e-01,2.81546449e-01
4.72472472e+01,2.28195752e+00,1.14230213e+03,3.03553666e+06,1.66927923e+03,1.18533027e-01,5.31389758e-07,6.00166887e-01,2.81562070e-01
4.73473473e+01,2.28013498e+00,1.14429283e+03,3.03183182e+06,1.66862173e+03,1.18529675e-01,5.33694868e-07,6.00149913e-01,2.81554105e-01
4.74474474e+01,2.27615892e+00,1.14672008e+03,3.02332503e+06,1.66704935e+03,1.18515251e-01,5.36240893e-07,6.00076880e-01,2.81519839e-01
4.75475475e+01,2.27102653e+00,1.14903342e+03,3.01287739e+06,1.66523508e+03,1.18501580e-01,5.39099166e-07,6.00007657e-01,2.81487360e-01
4.76476476e+01,2.26470839e+00,1.15127985e+03,3.00116674e+06,1.66344588e+03,1.18497613e-01,5.42327724e-07,5.99987570e-01,2.81477933e-01
4.77477477e+01,2.25758701e+00,1.15344542e+03,2.98870032e+06,1.66166339e+03,1.18504615e-01,5.45948333e-07,6.00023021e-01,2.81494560e-01
4.78478478e+01,2.25055153e+00,1.15531515e+03,2.97535669e+06,1.65941372e+03,1.18504774e-01,5.49893061e-07,6.00023820e-01,2.81494931e-01
4.79479479e+01,2.24441757e+00,1.15711944e+03,2.96387952e+06,1.65753846e+03,1.18504193e-01,5.54202076e-07,6.00020879e-01,2.81493546e-01
4.80480480e+01,2.23936715e+00,1.15910604e+03,2.95504764e+06,1.65625339e+03,1.18509414e-01,5.58916795e-07,6.00047310e-01,2.81505941e-01
4.81481481e+01,2.23483535e+00,1.16143297e+03,2.94760315e+06,1.65531869e+03,1.18517453e-01,5.64032005e-07,6.00088009e-01,2.81525029e-01
4.82482482e+01,2.23069617e+00,1.16407803e+03,2.94092978e+06,1.65454392e+03,1.18524023e-01,5.69532832e-07,6.00121273e-01,2.81540628e-01
4.83483483e+01,2.22770804e+00,1.16697944e+03,2.93602949e+06,1.65395889e+03,1.18527161e-01,5.75411957e-07,6.00137158e-01,2.81548074e-01
4.84484484e+01,2.22609277e+00,1.16993673e+03,2.93358935e+06,1.65369087e+03,1.18533794e-01,5.81703183e-07,6.00170738e-01,2.81563820e-01
4.85485485e+01,2.22470187e+00,1.17309551e+03,2.93109358e+06,1.65329491e+03,1.18535379e-01,5.88360960e-07,6.00178759e-01,2.81567576e-01
4.86486486e+01,2.22157613e+00,1.17697619e+03,2.92545204e+06,1.65245180e+03,1.18534137e-01,5.95383709e-07,6.00172464e-01,2.81564615e-01
4.87487487e+01,2.21794473e+00,1.18070159e+03,2.91845221e+06,1.65134542e+03,1.18523482e-01,6.02720004e-07,6.00118511e-01,2.81539295e-01
4.88488488e+01,2.21741763e+00,1.18227834e+03,2.91700007e+06,1.65091827e+03,1.18523328e-01,6.10459856e-07,6.00117725e-01,2.81538917e-01
4.89489489e+01,2.22274921e+00,1.17939531e+03,2.92523224e+06,1.65180827e+03,1.18508832e-01,6.18475076e-07,6.00044326e-01,2.81504474e-01
4.90490490e+01,2.23813570e+00,1.17029879e+03,2.95146072e+06,1.65541966e+03,1.18490343e-01,6.26824728e-07,5.99950702e-01,2.81460542e-01
4.91491491e+01,2.26805746e+00,1.15220241e+03,3.00389761e+06,1.66295329e+03,1.18465391e-01,6.35518802e-07,5.99824361e-01,2.81401260e-01
4.92492492e+01,2.29844410e+00,1.13342945e+03,3.06262781e+06,1.67260324e+03,1.18497126e-01,6.44891172e-07,5.99985038e-01,2.81476629e-01
4.93493493e+01,2.31293744e+00,1.12342285e+03,3.09034946e+06,1.67703299e+03,1.18506611e-01,6.54417821e-07,6.00033057e-01,2.81499147e-01
4.94494494e+01,2.32163930e+00,1.11712401e+03,3.10639980e+06,1.67947861e+03,1.18502799e-01,6.64065543e-07,6.00013748e-01,2.81490077e-01
4.95495495e+01,2.32699967e+00,1.11284369e+03,3.11748265e+06,1.68145021e+03,1.18512510e-01,6.73913560e-07,6.00062911e-01,2.81513131e-01
4.96496496e+01,2.32849068e+00,1.11073049e+03,3.11969640e+06,1.68159006e+03,1.18510869e-01,6.83744297e-07,6.00054597e-01,2.81509219e-01
4.97497497e+01,2.32702149e+00,1.11060358e+03,3.11683401e+06,1.68118659e+03,1.18505321e-01,6.93519939e-07,6.00026501e-01,2.81496027e-01
4.98498498e+01,2.32304474e+00,1.11189624e+03,3.11314094e+06,1.68152242e+03,1.18543854e-01,7.03450959e-07,6.00221595e-01,2.81587542e-01
4.99499499e+01,2.31183026e+00,1.11629436e+03,3.08920282e+06,1.67727977e+03,1.18501941e-01,7.12771704e-07,6.00009375e-01,2.81487971e-01
5.00500501e+01,2.25077795e+00,1.13091989e+03,3.13660795e+06,4.83287340e+03,0.00000000e+00,2.28002184e-01,7.71997816e-01,0.00000000e+00
5.01501502e+01,2.00881618e+00,1.28476633e+03,2.67115032e+06,4.61177550e+03,0.00000000e+00,2.30000000e-01,7.70176827e-01,0.00000000e+00
5.02502503e+01,1.90004163e+00,1.36063983e+03,2.47139318e+06,4.51201854e+03,0.00000000e+00,2.30000000e-01,7.69993139e-01,0.00000000e+00
5.03503504e+01,1.88050871e+00,1.37560324e+03,2.43559428e+06,4.49281446e+03,0.00000000e+00,2.30000000e-01,7.70000429e-01,0.00000000e+00
5.04504505e+01,1.86948970e+00,1.38403922e+03,2.41520309e+06,4.48145710e+03,0.00000000e+00,2.30000000e-01,7.70000932e-01,0.00000000e+00
5.05505506e+01,1.86084073e+00,1.39042769e+03,2.39964243e+06,4.47328062e+03,0.00000000e+00,2.30000000e-01,7.70000595e-01,0.00000000e+00
5.06506507e+01,1.85281119e+00,1.39622342e+03,2.38546807e+06,4.46613307e+03,0.00000000e+00,2.30000000e-01,7.69999695e-01,0.00000000e+00
5.07507508e+01,1.84528773e+00,1.40175607e+03,2.37192476e+06,4.45888324e+03,0.00000000e+00,2.30000000e-01,7.69999542e-01,0.00000000e+00
5.08508509e+01,1.83817463e+00,1.40719833e+03,2.35881712e+06,4.45140126e+03,0.00000000e+00,2.30000000e-01,7.69999640e-01,0.00000000e+00
5.09509510e+01,1.83129909e+00,1.41265147e+03,2.34611972e+06,4.44406175e+03,0.00000000e+00,2.30000000e-01,7.69999744e-01,0.00000000e+00
5.10510511e+01,1.82465880e+00,1.41821556e+03,2.33390455e+06,4.43701197e+03,0.00000000e+00,2.30000000e-01,7.69999790e-01,0.00000000e+00
5.11511512e+01,1.81809171e+00,1.42382594e+03,2.32190615e+06,4.43014331e+03,0.00000000e+00,2.30000000e-01,7.70000406e-01,0.00000000e+00
5.12512513e+01,1.81132485e+00,1.42933990e+03,2.30972838e+06,4.42337171e+03,0.00000000e+00,2.30000000e-01,7.70000472e-01,0.00000000e+00
5.13513514e+01,1.80449183e+00,1.43475750e+03,2.29733712e+06,4.41630102e+03,0.00000000e+00,2.30000000e-01,7.70000501e-01,0.00000000e+00
5.14514515e+01,1.79762078e+00,1.44005842e+03,2.28471411e+06,4.40882307e+03,0.00000000e+00,2.30000000e-01,7.70000433e-01,0.00000000e+00
5.15515516e+01,1.79058624e+00,1.44518069e+03,2.27173235e+06,4.40099508e+03,0.00000000e+00,2.30000000e-01,7.70000260e-01,0.00000000e+00
5.16516517e+01,1.78331349e+00,1.45008245e+03,2.25830242e+06,4.39282040e+03,0.00000000e+00,2.30000000e-01,7.70000088e-01,0.00000000e+00
5.17517518e+01,1.77577277e+00,1.45475572e+03,2.24441848e+06,4.38434985e+03,0.00000000e+00,2.30000000e-01,7.70000725e-01,0.00000000e+00
5.18518519e+01,1.76818649e+00,1.45938698e+03,2.23051482e+06,4.37589057e+03,0.00000000e+00,2.30000000e-01,7.69999271e-01,0.00000000e+00
5.19519520e+01,1.76107712e+00,1.46436239e+03,2.21749395e+06,4.36790774e+03,0.00000000e+00,2.30000000e-01,7.69999314e-01,0.00000000e+00
5.20520521e+01,1.75431465e+00,1.46959511e+03,2.20512488e+06,4.36028618e+03,0.00000000e+00,2.30000000e-01,7.69999520e-01,0.00000000e+00
5.21521522e+01,1.74773412e+00,1.47495624e+03,2.19311065e+06,4.35285619e+03,0.00000000e+00,2.30000000e-01,7.69999865e-01,0.00000000e+00
5.22522523e+01,1.74121892e+00,1.48035714e+03,2.18125215e+06,4.34551785e+03,0.00000000e+00,2.30000000e-01,7.70000082e-01,0.00000000e+00
5.23523524e+01,1.73471359e+00,1.48576046e+03,2.16945437e+06,4.33822142e+03,0.00000000e+00,2.30000000e-01,7.70000232e-01,0.00000000e+00
5.24524525e+01,1.72815248e+00,1.49113439e+03,2.15764397e+06,4.33098514e+03,0.00000000e+00,2.30000000e-01,7.70000249e-01,0.00000000e+00
5.25525526e+01,1.72147404e+00,1.49643752e+03,2.14572349e+06,4.32376684e+03,0.00000000e+00,2.30000000e-01,7.70000205e-01,0.00000000e+00
5.26526527e+01,1.71464294e+00,1.50162231e+03,2.13358972e+06,4.31644530e+03,0.00000000e+00,2.30000000e-01,7.70000119e-01,0.00000000e+00
5.27527528e+01,1.70764393e+00,1.50665508e+03,2.12117564e+06,4.30891824e+03,0.00000000e+00,2.30000000e-01,7.70000309e-01,0.00000000e+00
5.28528529e+01,1.70048731e+00,1.51154007e+03,2.10849121e+06,4.30117905e+03,0.00000000e+00,2.30000000e-01,7.69999906e-01,0.00000000e+00
5.29529530e+01,1.69341880e+00,1.51648585e+03,2.09602140e+06,4.29359063e+03,0.00000000e+00,2.30000000e-01,7.69999508e-01,0.00000000e+00
5.30530531e+01,1.68663849e+00,1.52164695e+03,2.08409416e+06,4.28631995e+03,0.00000000e+00,2.30000000e-01,7.69999608e-01,0.00000000e+00
5.31531532e+01,1.68003526e+00,1.52693651e+03,2.07251280e+06,4.27925339e+03,0.00000000e+00,2.30000000e-01,7.69999782e-01,0.00000000e+00
5.32532533e+01,1.67351972e+00,1.53228418e+03,2.06111424e+06,4.27228605e+03,0.00000000e+00,2.30000000e-01,7.69999973e-01,0.00000000e+00
5.33533534e+01,1.66704187e+00,1.53765017e+03,2.04980357e+06,4.26535109e+03,0.00000000e+00,2.30000000e-01,7.70000076e-01,0.00000000e+00
5.34534535e+01,1.66057766e+00,1.54301766e+03,2.03853798e+06,4.25842138e+03,0.00000000e+00,2.30000000e-01,7.70000142e-01,0.00000000e+00
5.35535536e+01,1.65409038e+00,1.54836706e+03,2.02728029e+06,4.25151362e+03,0.00000000e+00,2.30000000e-01,7.70000153e-01,0.00000000e+00
5.36536537e+01,1.64754011e+00,1.55367737e+03,2.01598333e+06,4.24463118e+03,0.00000000e+00,2.30000000e-01,7.70000132e-01,0.00000000e+00
5.37537538e+01,1.64089249e+00,1.55893036e+03,2.00461095e+06,4.23778588e+03,0.00000000e+00,2.30000000e-01,7.70000091e-01,0.00000000e+00
5.38538539e+01,1.63412959e+00,1.56412610e+03,1.99316858e+06,4.23103576e+03,0.00000000e+00,2.30000000e-01,7.69999829e-01,0.00000000e+00
5.39539540e+01,1.62735179e+00,1.56937550e+03,1.98190567e+06,4.22465011e+03,0.00000000e+00,2.30000000e-01,7.69999700e-01,0.00000000e+00
5.40540541e+01,1.62067882e+00,1.57473338e+03,1.97092448e+06,4.21853994e+03,0.00000000e+00,2.30000000e-01,7.69999872e-01,0.00000000e+00
5.41541542e+01,1.61403753e+00,1.58015626e+03,1.96013749e+06,4.21271387e+03,0.00000000e+00,2.30000000e-01,7.70000054e-01,0.00000000e+00
5.42542543e+01,1.60739227e+00,1.58560919e+03,1.94946537e+06,4.20709803e+03,0.00000000e+00,2.30000000e-01,7.70000219e-01,0.00000000e+00
5.43543544e+01,1.60068833e+00,1.59106217e+03,1.93885069e+06,4.20171497e+03,0.00000000e+00,2.30000000e-01,7.70000179e-01,0.00000000e+00
5.44544545e+01,1.59386813e+00,1.59650354e+03,1.92827086e+06,4.19666868e+03,0.00000000e+00,2.30000000e-01,7.70000108e-01,0.00000000e+00
5.45545546e+01,1.58690897e+00,1.60191600e+03,1.91768534e+06,4.19193329e+03,0.00000000e+00,2.30000000e-01,7.70000113e-01,0.00000000e+00
5.46546547e+01,1.57979339e+00,1.60727576e+03,1.90704499e+06,4.18745027e+03,0.00000000e+00,2.30000000e-01,7.70000146e-01,0.00000000e+00
5.47547548e+01,1.57249237e+00,1.61255797e+03,1.89630065e+06,4.18319073e+03,0.00000000e+00,2.30000000e-01,7.70000137e-01,0.00000000e+00
5.48548549e+01,1.56497378e+00,1.61774357e+03,1.88541633e+06,4.17916241e+03,0.00000000e+00,2.30000000e-01,7.70000065e-01,0.00000000e+00
5.49549550e+01,1.55721848e+00,1.62282699e+03,1.87438587e+06,4.17540372e+03,0.00000000e+00,2.30000000e-01,7.70000132e-01,0.00000000e+00
5.50550551e+01,1.54923695e+00,1.62784482e+03,1.86328564e+06,4.17206461e+03,0.00000000e+00,2.30000000e-01,7.69999209e-01,0.00000000e+00
5.51551552e+01,1.54123727e+00,1.63301215e+03,1.85255313e+06,4.16956187e+03,0.00000000e+00,2.30000000e-01,7.69999616e-01,0.00000000e+00
5.52552553e+01,1.53330439e+00,1.63831606e+03,1.84213921e+06,4.16757213e+03,0.00000000e+00,2.30000000e-01,7.70000054e-01,0.00000000e+00
5.53553554e+01,1.52533680e+00,1.64369243e+03,1.83191186e+06,4.16608161e+03,0.00000000e+00,2.30000000e-01,7.70000299e-01,0.00000000e+00
5.54554555e+01,1.51725808e+00,1.64910995e+03,1.82180569e+06,4.16515871e+03,0.00000000e+00,2.30000000e-01,7.70000269e-01,0.00000000e+00
5.55555556e+01,1.50898734e+00,1.65455291e+03,1.81180332e+06,4.16499512e+03,0.00000000e+00,2.30000000e-01,7.70000083e-01,0.00000000e+00
5.56556557e+01,1.50050197e+00,1.66001606e+03,1.80189573e+06,4.16564409e+03,0.00000000e+00,2.30000000e-01,7.70000007e-01,0.00000000e+00
5.57557558e+01,1.49181454e+00,1.66548628e+03,1.79206189e+06,4.16703571e+03,0.00000000e+00,2.30000000e-01,7.70000056e-01,0.00000000e+00
5.58558559e+01,1.48292554e+00,1.67094502e+03,1.78227315e+06,4.16911566e+03,0.00000000e+00,2.30000000e-01,7.70000126e-01,0.00000000e+00
5.59559560e+01,1.47381289e+00,1.67637159e+03,1.77249562e+06,4.17188022e+03,0.00000000e+00,2.30000000e-01,7.70000157e-01,0.00000000e+00
5.60560561e+01,1.46444373e+00,1.68174525e+03,1.76269366e+06,4.17535270e+03,0.00000000e+00,2.30000000e-01,7.70000151e-01,0.00000000e+00
5.61561562e+01,1.45478573e+00,1.68704690e+03,1.75283374e+06,4.17956145e+03,0.00000000e+00,2.30000000e-01,7.70000129e-01,0.00000000e+00
5.62562563e+01,1.44481123e+00,1.69226079e+03,1.74288856e+06,4.18453829e+03,0.00000000e+00,2.30000000e-01,7.70000100e-01,0.00000000e+00
5.63563564e+01,1.43449785e+00,1.69737608e+03,1.73284120e+06,4.19032699e+03,0.00000000e+00,2.30000000e-01,7.70000064e-01,0.00000000e+00
5.64564565e+01,1.42382956e+00,1.70238846e+03,1.72268873e+06,4.19698950e+03,0.00000000e+00,2.30000000e-01,7.70000014e-01,0.00000000e+00
5.65565566e+01,1.41279928e+00,1.70730183e+03,1.71244472e+06,4.20460496e+03,0.00000000e+00,2.30000000e-01,7.69999948e-01,0.00000000e+00
5.66566567e+01,1.40141248e+00,1.71213015e+03,1.70214111e+06,4.21326491e+03,0.00000000e+00,2.30000000e-01,7.69999762e-01,0.00000000e+00
5.67567568e+01,1.38969499e+00,1.71692700e+03,1.69189016e+06,4.22320549e+03,0.00000000e+00,2.30000000e-01,7.69998969e-01,0.00000000e+00
5.68568569e+01,1.37781474e+00,1.72191912e+03,1.68210950e+06,4.23499260e+03,0.00000000e+00,2.30000000e-01,7.69999693e-01,0.00000000e+00
5.69569570e+01,1.36593962e+00,1.72706171e+03,1.67265870e+06,4.24780547e+03,0.00000000e+00,2.30000000e-01,7.70000653e-01,0.00000000e+00
5.70570571e+01,1.35391588e+00,1.73224047e+03,1.66336028e+06,4.26170611e+03,0.00000000e+00,2.30000000e-01,7.70000503e-01,0.00000000e+00
5.71571572e+01,1.34158770e+00,1.73745778e+03,1.65423310e+06,4.27727072e+03,0.00000000e+00,2.30000000e-01,7.69999956e-01,0.00000000e+00
5.72572573e+01,1.32895590e+00,1.74273003e+03,1.64529716e+06,4.29460285e+03,0.00000000e+00,2.30000000e-01,7.69999671e-01,0.00000000e+00
5.73573574e+01,1.31611051e+00,1.74807230e+03,1.63656748e+06,4.31350870e+03,0.00000000e+00,2.30000000e-01,7.69999911e-01,0.00000000e+00
5.74574575e+01,1.30310287e+00,1.75345861e+03,1.62800898e+06,4.33377843e+03,0.00000000e+00,2.30000000e-01,7.70001053e-01,0.00000000e+00
5.75575576e+01,1.29003648e+00,1.75890475e+03,1.61966479e+06,4.35524157e+03,0.00000000e+00,2.30000000e-01,7.69999963e-01,0.00000000e+00
5.76576577e+01,1.27744630e+00,1.76438802e+03,1.61144853e+06,4.37585513e+03,0.00000000e+00,2.30000000e-01,7.69999850e-01,0.00000000e+00
5.77577578e+01,1.26540871e+00,1.76989760e+03,1.60335460e+06,4.39529396e+03,0.00000000e+00,2.30000000e-01,7.69999812e-01,0.00000000e+00
5.78578579e+01,1.25389105e+00,1.77541479e+03,1.59535401e+06,4.41353341e+03,0.00000000e+00,2.30000000e-01,7.69999841e-01,0.00000000e+00
5.79579580e+01,1.24285380e+00,1.78091636e+03,1.58740491e+06,4.43054139e+03,0.00000000e+00,2.30000000e-01,7.69999902e-01,0.00000000e+00
5.80580581e+01,1.23226268e+00,1.78638274e+03,1.57947301e+06,4.44629242e+03,0.00000000e+00,2.30000000e-01,7.69999941e-01,0.00000000e+00
5.81581582e+01,1.22209190e+00,1.79180631e+03,1.57154408e+06,4.46079032e+03,0.00000000e+00,2.30000000e-01,7.69999941e-01,0.00000000e+00
5.82582583e+01,1.21232000e+00,1.79718906e+03,1.56362146e+06,4.47407704e+03,0.00000000e+00,2.30000000e-01,7.69999947e-01,0.00000000e+00
5.83583584e+01,1.20292387e+00,1.80253653e+03,1.55571172e+06,4.48621491e+03,0.00000000e+00,2.30000000e-01,7.69999968e-01,0.00000000e+00
5.84584585e+01,1.19388355e+00,1.80785247e+03,1.54781934e+06,4.49725378e+03,0.00000000e+00,2.30000000e-01,7.69999970e-01,0.00000000e+00
5.85585586e+01,1.18518454e+00,1.81314131e+03,1.53994967e+06,4.50722937e+03,0.00000000e+00,2.30000000e-01,7.69999939e-01,0.00000000e+00
5.86586587e+01,1.17681203e+00,1.81840956e+03,1.53211059e+06,4.51618935e+03,0.00000000e+00,2.30000000e-01,7.69999899e-01,0.00000000e+00
5.87587588e+01,1.16874466e+00,1.82366232e+03,1.52430643e+06,4.52419979e+03,0.00000000e+00,2.30000000e-01,7.69999882e-01,0.00000000e+00
5.88588589e+01,1.16095534e+00,1.82889897e+03,1.51653445e+06,4.53133205e+03,0.00000000e+00,2.30000000e-01,7.69999906e-01,0.00000000e+00
5.89589590e+01,1.15341553e+00,1.83411508e+03,1.50878426e+06,4.53764430e+03,0.00000000e+00,2.30000000e-01,7.69999962e-01,0.00000000e+00
5.90590591e+01,1.14610315e+00,1.83930568e+03,1.50104438e+06,4.54316909e+03,0.00000000e+00,2.30000000e-01,7.70000015e-01,0.00000000e+00
5.91591592e+01,1.13900794e+00,1.84446869e+03,1.49331067e+06,4.54791637e+03,0.00000000e+00,2.30000000e-01,7.70000063e-01,0.00000000e+00
5.92592593e+01,1.13212804e+00,1.84960879e+03,1.48559039e+06,4.55189845e+03,0.00000000e+00,2.30000000e-01,7.70000109e-01,0.00000000e+00
5.93593594e+01,1.12546756e+00,1.85473946e+03,1.47790432e+06,4.55514662e+03,0.00000000e+00,2.30000000e-01,7.70000127e-01,0.00000000e+00
5.94594595e+01,1.11903612e+00,1.85988310e+03,1.47028699e+06,4.55771377e+03,0.00000000e+00,2.30000000e-01,7.70000093e-01,0.00000000e+00
5.95595596e+01,1.11284563e+00,1.86506617e+03,1.46277933e+06,4.55966519e+03,0.00000000e+00,2.30000000e-01,7.70000033e-01,0.00000000e+00
5.96596597e+01,1.10690357e+00,1.87030978e+03,1.45541462e+06,4.56106277e+03,0.00000000e+00,2.30000000e-01,7.69999950e-01,0.00000000e+00
5.97597598e+01,1.10120991e+00,1.87562507e+03,1.44821026e+06,4.56195133e+03,0.00000000e+00,2.30000000e-01,7.69999873e-01,0.00000000e+00
5.98598599e+01,1.09575481e+00,1.88100824e+03,1.44115940e+06,4.56234151e+03,0.00000000e+00,2.30000000e-01,7.69999828e-01,0.00000000e+00
5.99599600e+01,1.09051623e+00,1.88644644e+03,1.43424007e+06,4.56224810e+03,0.00000000e+00,2.30000000e-01,7.69999779e-01,0.00000000e+00
6.00600601e+01,1.08546881e+00,1.89191596e+03,1.42741574e+06,4.56165361e+03,0.00000000e+00,2.30000000e-01,7.69999798e-01,0.00000000e+00
6.01601602e+01,1.08057778e+00,1.89738998e+03,1.42064083e+06,4.56055187e+03,0.00000000e+00,2.30000000e-01,7.69999870e-01,0.00000000e+00
6.02602603e+01,1.07581108e+00,1.90284433e+03,1.41387743e+06,4.55895033e+03,0.00000000e+00,2.30000000e-01,7.69999926e-01,0.00000000e+00
6.03603604e+01,1.07114676e+00,1.90826548e+03,1.40710289e+06,4.55686313e+03,0.00000000e+00,2.30000000e-01,7.69999938e-01,0.00000000e+00
6.04604605e+01,1.06656864e+00,1.91365203e+03,1.40031251e+06,4.55433807e+03,0.00000000e+00,2.30000000e-01,7.69999938e-01,0.00000000e+00
6.05605606e+01,1.06206341e+00,1.91900275e+03,1.39350005e+06,4.55140673e+03,0.00000000e+00,2.30000000e-01,7.69999946e-01,0.00000000e+00
6.06606607e+01,1.05761812e+00,1.92431574e+03,1.38665693e+06,4.54809184e+03,0.00000000e+00,2.30000000e-01,7.69999987e-01,0.00000000e+00
6.07607608e+01,1.05322348e+00,1.92958579e+03,1.37977570e+06,4.54440507e+03,0.00000000e+00,2.30000000e-01,7.70000014e-01,0.00000000e+00
6.08608609e+01,1.04887388e+00,1.93481134e+03,1.37285436e+06,4.54035978e+03,0.00000000e+00,2.30000000e-01,7.70000023e-01,0.00000000e+00
6.09609610e+01,1.04456145e+00,1.93999651e+03,1.36590330e+06,4.53602047e+03,0.00000000e+00,2.30000000e-01,7.70000072e-01,0.00000000e+00
6.10610611e+01,1.04028189e+00,1.94514906e+03,1.35893794e+06,4.53145485e+03,0.00000000e+00,2.30000000e-01,7.70000018e-01,0.00000000e+00
6.11611612e+01,1.03604335e+00,1.95029357e+03,1.35199500e+06,4.52674695e+03,0.00000000e+00,2.30000000e-01,7.70000045e-01,0.00000000e+00
6.12612613e+01,1.03185002e+00,1.95544363e+03,1.34509497e+06,4.52194648e+03,0.00000000e+00,2.30000000e-01,7.70000083e-01,0.00000000e+00
6.13613614e+01,1.02770469e+00,1.96060975e+03,1.33825310e+06,4.51709230e+03,0.00000000e+00,2.30000000e-01,7.70000078e-01,0.00000000e+00
6.14614615e+01,1.02361487e+00,1.96580920e+03,1.33149311e+06,4.51223179e+03,0.00000000e+00,2.30000000e-01,7.70000035e-01,0.00000000e+00
6.15615616e+01,1.01958928e+00,1.97105523e+03,1.32483131e+06,4.50738241e+03,0.00000000e+00,2.30000000e-01,7.69999998e-01,0.00000000e+00
6.16616617e+01,1.01563359e+00,1.97635062e+03,1.31826815e+06,4.50252142e+03,0.00000000e+00,2.30000000e-01,7.69999990e-01,0.00000000e+00
6.17617618e+01,1.01175008e+00,1.98168972e+03,1.31179185e+06,4.49759934e+03,0.00000000e+00,2.30000000e-01,7.69999991e-01,0.00000000e+00
6.18618619e+01,1.00793999e+00,1.98706554e+03,1.30538870e+06,4.49256395e+03,0.00000000e+00,2.30000000e-01,7.69999966e-01,0.00000000e+00
6.19619620e+01,1.00420372e+00,1.99247309e+03,1.29904794e+06,4.48737605e+03,0.00000000e+00,2.30000000e-01,7.69999927e-01,0.00000000e+00
6.20620621e+01,1.00053747e+00,1.99790633e+03,1.29275784e+06,4.48201126e+03,0.00000000e+00,2.30000000e-01,7.69999913e-01,0.00000000e+00
6.21621622e+01,9.96931605e-01,2.00335560e+03,1.28650258e+06,4.47645690e+03,0.00000000e+00,2.30000000e-01,7.69999930e-01,0.00000000e+00
6.22622623e+01,9.93374510e-01,2.00880979e+03,1.28026654e+06,4.47070985e+03,0.00000000e+00,2.30000000e-01,7.69999954e-01,0.00000000e+00
6.23623624e+01,9.89857038e-01,2.01425966e+03,1.27403942e+06,4.46477403e+03,0.00000000e+00,2.30000000e-01,7.69999969e-01,0.00000000e+00
6.24624625e+01,9.86373368e-01,2.01969881e+03,1.26781690e+06,4.45865930e+03,0.00000000e+00,2.30000000e-01,7.69999980e-01,0.00000000e+00
6.25625626e+01,9.82919641e-01,2.02512269e+03,1.26159888e+06,4.45238142e+03,0.00000000e+00,2.30000000e-01,7.70000002e-01,0.00000000e+00
6.26626627e+01,9.79493557e-01,2.03052696e+03,1.25538292e+06,4.44594105e+03,0.00000000e+00,2.30000000e-01,7.70000025e-01,0.00000000e+00
6.27627628e+01,9.76092065e-01,2.03590797e+03,1.24916706e+06,4.43934403e+03,0.00000000e+00,2.30000000e-01,7.70000040e-01,0.00000000e+00
6.28628629e+01,9.72709277e-01,2.04126213e+03,1.24295166e+06,4.43261735e+03,0.00000000e+00,2.30000000e-01,7.70000043e-01,0.00000000e+00
6.29629630e+01,9.69338722e-01,2.04658608e+03,1.23673632e+06,4.42578810e+03,0.00000000e+00,2.30000000e-01,7.70000038e-01,0.00000000e+00
6.30630631e+01,9.65974708e-01,2.05187669e+03,1.23051933e+06,4.41887536e+03,0.00000000e+00,2.30000000e-01,7.70000031e-01,0.00000000e+00
6.31631632e+01,9.62612634e-01,2.05713150e+03,1.22429912e+06,4.41189377e+03,0.00000000e+00,2.30000000e-01,7.70000031e-01,0.00000000e+00
6.32632633e+01,9.59248393e-01,2.06234720e+03,1.21807319e+06,4.40485251e+03,0.00000000e+00,2.30000000e-01,7.70000033e-01,0.00000000e+00
6.33633634e+01,9.55876589e-01,2.06752240e+03,1.21183821e+06,4.39776367e+03,0.00000000e+00,2.30000000e-01,7.70000024e-01,0.00000000e+00
6.34634635e+01,9.52492409e-01,2.07265802e+03,1.20559467e+06,4.39064953e+03,0.00000000e+00,2.30000000e-01,7.70000229e-01,0.00000000e+00
6.35635636e+01,9.49101179e-01,2.07777262e+03,1.19937017e+06,4.38358947e+03,0.00000000e+00,2.30000000e-01,7.69999855e-01,0.00000000e+00
6.36636637e+01,9.45755188e-01,2.08294323e+03,1.19325131e+06,4.37665510e+03,0.00000000e+00,2.30000000e-01,7.69999878e-01,0.00000000e+00
6.37637638e+01,9.42459915e-01,2.08817591e+03,1.18723982e+06,4.36983150e+03,0.00000000e+00,2.30000000e-01,7.69999901e-01,0.00000000e+00
6.38638639e+01,9.39200886e-01,2.09345585e+03,1.18131830e+06,4.36312394e+03,0.00000000e+00,2.30000000e-01,7.69999927e-01,0.00000000e+00
6.39639640e+01,9.35966445e-01,2.09877093e+03,1.17546847e+06,4.35652092e+03,0.00000000e+00,2.30000000e-01,7.69999956e-01,0.00000000e+00
6.40640641e+01,9.32747959e-01,2.10411230e+03,1.16967615e+06,4.35001160e+03,0.00000000e+00,2.30000000e-01,7.69999980e-01,0.00000000e+00
6.41641642e+01,9.29540065e-01,2.10947503e+03,1.16393218e+06,4.34358819e+03,0.00000000e+00,2.30000000e-01,7.69999998e-01,0.00000000e+00
6.42642643e+01,9.26340175e-01,2.11485734e+03,1.15823088e+06,4.33724260e+03,0.00000000e+00,2.30000000e-01,7.70000010e-01,0.00000000e+00
6.43643644e+01,9.23146939e-01,2.12025809e+03,1.15256706e+06,4.33096265e+03,0.00000000e+00,2.30000000e-01,7.70000027e-01,0.00000000e+00
6.44644645e+01,9.19957745e-01,2.12567352e+03,1.14693318e+06,4.32473292e+03,0.00000000e+00,2.30000000e-01,7.70000054e-01,0.00000000e+00
6.45645646e+01,9.16767399e-01,2.13109535e+03,1.14132007e+06,4.31854402e+03,0.00000000e+00,2.30000000e-01,7.70000055e-01,0.00000000e+00
6.46646647e+01,9.13568358e-01,2.13651951e+03,1.13572441e+06,4.31241936e+03,0.00000000e+00,2.30000000e-01,7.70000011e-01,0.00000000e+00
6.47647648e+01,9.10358552e-01,2.14194644e+03,1.13014198e+06,4.30635291e+03,0.00000000e+00,2.30000000e-01,7.69999981e-01,0.00000000e+00
6.48648649e+01,9.07141674e-01,2.14737510e+03,1.12456996e+06,4.30031684e+03,0.00000000e+00,2.30000000e-01,7.69999971e-01,0.00000000e+00
6.49649650e+01,9.03923985e-01,2.15280198e+03,1.11901045e+06,4.29428950e+03,0.00000000e+00,2.30000000e-01,7.69999987e-01,0.00000000e+00
6.50650651e+01,9.00711074e-01,2.15821866e+03,1.11346471e+06,4.28824942e+03,0.00000000e+00,2.30000000e-01,7.69999993e-01,0.00000000e+00
6.51651652e+01,8.97504250e-01,2.16362415e+03,1.10793133e+06,4.28218485e+03,0.00000000e+00,2.30000000e-01,7.69999996e-01,0.00000000e+00
6.52652653e+01,8.94304886e-01,2.16901648e+03,1.10240951e+06,4.27608597e+03,0.00000000e+00,2.30000000e-01,7.69999998e-01,0.00000000e+00
6.53653654e+01,8.91113493e-01,2.17439467e+03,1.09689841e+06,4.26994682e+03,0.00000000e+00,2.30000000e-01,7.70000002e-01,0.00000000e+00
6.54654655e+01,8.87930097e-01,2.17975754e+03,1.09139826e+06,4.26376792e+03,0.00000000e+00,2.30000000e-01,7.70000006e-01,0.00000000e+00
6.55655656e+01,8.84753685e-01,2.18510487e+03,1.08590993e+06,4.25755730e+03,0.00000000e+00,2.30000000e-01,7.70000008e-01,0.00000000e+00
6.56656657e+01,8.81582417e-01,2.19043780e+03,1.08043454e+06,4.25132804e+03,0.00000000e+00,2.30000000e-01,7.70000006e-01,0.00000000e+00
6.57657658e+01,8.78414175e-01,2.19575920e+03,1.07497336e+06,4.24509532e+03,0.00000000e+00,2.30000000e-01,7.70000000e-01,0.00000000e+00
6.58658659e+01,8.75248961e-01,2.20106888e+03,1.06952943e+06,4.23887119e+03,0.00000000e+00,2.30000000e-01,7.69999993e-01,0.00000000e+00
6.59659660e+01,8.72086871e-01,2.20636877e+03,1.06410593e+06,4.23266802e+03,0.00000000e+00,2.30000000e-01,7.69999974e-01,0.00000000e+00
6.60660661e+01,8.68928458e-01,2.21166683e+03,1.05870952e+06,4.22650994e+03,0.00000000e+00,2.30000000e-01,7.69999963e-01,0.00000000e+00
6.61661662e+01,8.65777072e-01,2.21696873e+03,1.05334239e+06,4.22038990e+03,0.00000000e+00,2.30000000e-01,7.69999970e-01,0.00000000e+00
6.62662663e+01,8.62636796e-01,2.22227556e+03,1.04800605e+06,4.21429463e+03,0.00000000e+00,2.30000000e-01,7.69999987e-01,0.00000000e+00
6.63663664e+01,8.59509509e-01,2.22758748e+03,1.04270168e+06,4.20822031e+03,0.00000000e+00,2.30000000e-01,7.70000002e-01,0.00000000e+00
6.64664665e+01,8.56394452e-01,2.23290549e+03,1.03742784e+06,4.20216525e+03,0.00000000e+00,2.30000000e-01,7.70000010e-01,0.00000000e+00
6.65665666e+01,8.53289993e-01,2.23822996e+03,1.03218045e+06,4.19612146e+03,0.00000000e+00,2.30000000e-01,7.70000013e-01,0.00000000e+00
6.66666667e+01,8.50194710e-01,2.24355960e+03,1.02695471e+06,4.19007662e+03,0.00000000e+00,2.30000000e-01,7.70000016e-01,0.00000000e+00
6.67667668e+01,8.47107033e-01,2.24889216e+03,1.02174536e+06,4.18401716e+03,0.00000000e+00,2.30000000e-01,7.70000019e-01,0.00000000e+00
6.68668669e+01,8.44024350e-01,2.25422717e+03,1.01654921e+06,4.17794294e+03,0.00000000e+00,2.30000000e-01,7.70000014e-01,0.00000000e+00
6.69669670e+01,8.40943755e-01,2.25956694e+03,1.01136458e+06,4.17186138e+03,0.00000000e+00,2.30000000e-01,7.70000007e-01,0.00000000e+00
6.70670671e+01,8.37863410e-01,2.26491391e+03,1.00618823e+06,4.16576808e+03,0.00000000e+00,2.30000000e-01,7.70000003e-01,0.00000000e+00
6.71671672e+01,8.34782688e-01,2.27026879e+03,1.00101707e+06,4.15965323e+03,0.00000000e+00,2.30000000e-01,7.70000004e-01,0.00000000e+00
6.72672673e+01,8.31700652e-01,2.27563287e+03,9.95847649e+05,4.15350691e+03,0.00000000e+00,2.30000000e-01,7.70000008e-01,0.00000000e+00
6.73673674e+01,8.28615405e-01,2.28100856e+03,9.90675922e+05,4.14732137e+03,0.00000000e+00,2.30000000e-01,7.69999989e-01,0.00000000e+00
6.74674675e+01,8.25527644e-01,2.28639859e+03,9.85505331e+05,4.14110694e+03,0.00000000e+00,2.30000000e-01,7.69999981e-01,0.00000000e+00
6.75675676e+01,8.22450909e-01,2.29177310e+03,9.80354184e+05,4.13487232e+03,0.00000000e+00,2.30000000e-01,7.69999997e-01,0.00000000e+00
6.76676677e+01,8.19387187e-01,2.29712701e+03,9.75226018e+05,4.12862264e+03,0.00000000e+00,2.30000000e-01,7.70000003e-01,0.00000000e+00
6.77677678e+01,8.16335052e-01,2.30246244e+03,9.70119793e+05,4.12236079e+03,0.00000000e+00,2.30000000e-01,7.70000006e-01,0.00000000e+00
6.78678679e+01,8.13294365e-01,2.30777711e+03,9.65035505e+05,4.11608756e+03,0.00000000e+00,2.30000000e-01,7.70000010e-01,0.00000000e+00
6.79679680e+01,8.10263598e-01,2.31307120e+03,9.59971033e+05,4.10980177e+03,0.00000000e+00,2.30000000e-01,7.70000012e-01,0.00000000e+00
6.80680681e+01,8.07239848e-01,2.31834807e+03,9.54922596e+05,4.10350203e+03,0.00000000e+00,2.30000000e-01,7.70000012e-01,0.00000000e+00
6.81681682e+01,8.04221167e-01,2.32360861e+03,9.49887557e+05,4.09718690e+03,0.00000000e+00,2.30000000e-01,7.70000010e-01,0.00000000e+00
6.82682683e+01,8.01205741e-01,2.32885411e+03,9.44863634e+05,4.09085568e+03,0.00000000e+00,2.30000000e-01,7.70000007e-01,0.00000000e+00
6.83683684e+01,7.98192727e-01,2.33408414e+03,9.39849863e+05,4.08450840e+03,0.00000000e+00,2.30000000e-01,7.70000006e-01,0.00000000e+00
6.84684685e+01,7.95181636e-01,2.33929755e+03,9.34845804e+05,4.07814552e+03,0.00000000e+00,2.30000000e-01,7.70000005e-01,0.00000000e+00
6.85685686e+01,7.92170505e-01,2.34449793e+03,9.29849817e+05,4.07176982e+03,0.00000000e+00,2.30000000e-01,7.70000007e-01,0.00000000e+00
6.86686687e+01,7.89157561e-01,2.34968775e+03,9.24860468e+05,4.06538401e+03,0.00000000e+00,2.30000000e-01,7.70000001e-01,0.00000000e+00
6.87687688e+01,7.86140787e-01,2.35487232e+03,9.19876350e+05,4.05899198e+03,0.00000000e+00,2.30000000e-01,7.70000025e-01,0.00000000e+00
6.88688689e+01,7.83120972e-01,2.36005782e+03,9.14904636e+05,4.05262167e+03,0.00000000e+00,2.30000000e-01,7.69999983e-01,0.00000000e+00
6.89689690e+01,7.80112571e-01,2.36526114e+03,9.09969723e+05,4.04630639e+03,0.00000000e+00,2.30000000e-01,7.69999958e-01,0.00000000e+00
6.90690691e+01,7.77128410e-01,2.37049098e+03,9.05075661e+05,4.03999843e+03,0.00000000e+00,2.30000000e-01,7.69999965e-01,0.00000000e+00
6.91691692e+01,7.74166629e-01,2.37573670e+03,9.00224830e+05,4.03371897e+03,0.00000000e+00,2.30000000e-01,7.69999963e-01,0.00000000e+00
6.92692693e+01,7.71225000e-01,2.38099135e+03,8.95415822e+05,4.02747412e+03,0.00000000e+00,2.30000000e-01,7.69999971e-01,0.00000000e+00
6.93693694e+01,7.68300623e-01,2.38624924e+03,8.90646018e+05,4.02126812e+03,0.00000000e+00,2.30000000e-01,7.69999987e-01,0.00000000e+00
6.94694695e+01,7.65391080e-01,2.39150624e+03,8.85913599e+05,4.01510634e+03,0.00000000e+00,2.30000000e-01,7.69999999e-01,0.00000000e+00
6.95695696e+01,7.62495146e-01,2.39676073e+03,8.81218079e+05,4.00899388e+03,0.00000000e+00,2.30000000e-01,7.70000004e-01,0.00000000e+00
6.96696697e+01,7.59612245e-01,2.40201259e+03,8.76559435e+05,4.00293456e+03,0.00000000e+00,2.30000000e-01,7.70000004e-01,0.00000000e+00
6.97697698e+01,7.56741999e-01,2.40726111e+03,8.71937144e+05,3.99692887e+03,0.00000000e+00,2.30000000e-01,7.70000003e-01,0.00000000e+00
6.98698699e+01,7.53884359e-01,2.41250489e+03,8.67349514e+05,3.99097020e+03,0.00000000e+00,2.30000000e-01,7.70000004e-01,0.00000000e+00
6.99699700e+01,7.51039327e-01,2.41774228e+03,8.62793817e+05,3.98504677e+03,0.00000000e+00,2.30000000e-01,7.70000006e-01,0.00000000e+00
7.00700701e+01,7.48206500e-01,2.42297201e+03,8.58267115e+05,3.97914781e+03,0.00000000e+00,2.30000000e-01,7.70000009e-01,0.00000000e+00
7.01701702e+01,7.45384906e-01,2.42819355e+03,8.53767306e+05,3.97326930e+03,0.00000000e+00,2.30000000e-01,7.70000009e-01,0.00000000e+00
7.02702703e+01,7.42573263e-01,2.43340722e+03,8.49293397e+05,3.96741396e+03,0.00000000e+00,2.30000000e-01,7.70000005e-01,0.00000000e+00
7.03703704e+01,7.39770505e-01,2.43861409e+03,8.44845175e+05,3.96158699e+03,0.00000000e+00,2.30000000e-01,7.69999999e-01,0.00000000e+00
7.04704705e+01,7.36976190e-01,2.44381557e+03,8.40422026e+05,3.95578839e+03,0.00000000e+00,2.30000000e-01,7.69999994e-01,0.00000000e+00
7.05705706e+01,7.34190528e-01,2.44901298e+03,8.36022618e+05,3.95001126e+03,0.00000000e+00,2.30000000e-01,7.69999992e-01,0.00000000e+00
7.06706707e+01,7.31414034e-01,2.45420747e+03,8.31646019e+05,3.94424872e+03,0.00000000e+00,2.30000000e-01,7.70000025e-01,0.00000000e+00
7.07707708e+01,7.28648239e-01,2.45940084e+03,8.27292482e+05,3.93849455e+03,0.00000000e+00,2.30000000e-01,7.69999977e-01,0.00000000e+00
7.08708709e+01,7.25897510e-01,2.46460024e+03,8.22961749e+05,3.93272370e+03,0.00000000e+00,2.30000000e-01,7.69999974e-01,0.00000000e+00
7.09709710e+01,7.23160764e-01,2.46980425e+03,8.18652784e+05,3.92693734e+03,0.00000000e+00,2.30000000e-01,7.69999994e-01,0.00000000e+00
7.10710711e+01,7.20435693e-01,2.47501008e+03,8.14360326e+05,3.92112296e+03,0.00000000e+00,2.30000000e-01,7.70000011e-01,0.00000000e+00
7.11711712e+01,7.17720548e-01,2.48021719e+03,8.10078726e+05,3.91526278e+03,0.00000000e+00,2.30000000e-01,7.70000024e-01,0.00000000e+00
7.12712713e+01,7.15012326e-01,2.48542647e+03,8.05807028e+05,3.90936834e+03,0.00000000e+00,2.30000000e-01,7.70000025e-01,0.00000000e+00
7.13713714e+01,7.12307757e-01,2.49063952e+03,8.01545738e+05,3.90345977e+03,0.00000000e+00,2.30000000e-01,7.70000018e-01,0.00000000e+00
7.14714715e+01,7.09604544e-01,2.49585763e+03,7.97293366e+05,3.89754231e+03,0.00000000e+00,2.30000000e-01,7.70000009e-01,0.00000000e+00
7.15715716e+01,7.06901492e-01,2.50108153e+03,7.93047388e+05,3.89161006e+03,0.00000000e+00,2.30000000e-01,7.70000009e-01,0.00000000e+00
7.16716717e+01,7.04197694e-01,2.50631105e+03,7.88804793e+05,3.88565300e+03,0.00000000e+00,2.30000000e-01,7.70000016e-01,0.00000000e+00
7.17717718e+01,7.01491184e-01,2.51154714e+03,7.84561766e+05,3.87966290e+03,0.00000000e+00,2.30000000e-01,7.70000024e-01,0.00000000e+00
7.18718719e+01,6.98779199e-01,2.51679090e+03,7.80314679e+05,3.87363662e+03,0.00000000e+00,2.30000000e-01,7.70000025e-01,0.00000000e+00
7.19719720e+01,6.96059262e-01,2.52204203e+03,7.76061320e+05,3.86757633e+03,0.00000000e+00,2.30000000e-01,7.70000018e-01,0.00000000e+00
7.20720721e+01,6.93330381e-01,2.52729773e+03,7.71801860e+05,3.86148781e+03,0.00000000e+00,2.30000000e-01,7.70000005e-01,0.00000000e+00
7.21721722e+01,6.90593481e-01,2.53255304e+03,7.67538749e+05,3.85537767e+03,0.00000000e+00,2.30000000e-01,7.69999974e-01,0.00000000e+00
7.22722723e+01,6.87853096e-01,2.53780165e+03,7.63279478e+05,3.84925765e+03,0.00000000e+00,2.30000000e-01,7.69999974e-01,0.00000000e+00
7.23723724e+01,6.85118493e-01,2.54301919e+03,7.59036133e+05,3.84313680e+03,0.00000000e+00,2.30000000e-01,7.69999993e-01,0.00000000e+00
7.24724725e+01,6.82390774e-01,2.54820335e+03,7.54808774e+05,3.83700950e+03,0.00000000e+00,2.30000000e-01,7.69999998e-01,0.00000000e+00
7.25725726e+01,6.79670308e-01,2.55335288e+03,7.50596386e+05,3.83086855e+03,0.00000000e+00,2.30000000e-01,7.70000003e-01,0.00000000e+00
7.26726727e+01,6.76957292e-01,2.55846545e+03,7.46398136e+05,3.82470748e+03,0.00000000e+00,2.30000000e-01,7.70000292e-01,0.00000000e+00
7.27727728e+01,6.74254434e-01,2.56353911e+03,7.42218124e+05,3.81853537e+03,0.00000000e+00,2.30000000e-01,7.70000015e-01,0.00000000e+00
7.28728729e+01,6.71586982e-01,2.56863750e+03,7.38092642e+05,3.81239325e+03,0.00000000e+00,2.30000000e-01,7.69999988e-01,0.00000000e+00
7.29729730e+01,6.68963017e-01,2.57377913e+03,7.34035440e+05,3.80630880e+03,0.00000000e+00,2.30000000e-01,7.69999958e-01,0.00000000e+00
7.30730731e+01,6.66380155e-01,2.57896792e+03,7.30049299e+05,3.80031192e+03,0.00000000e+00,2.30000000e-01,7.69999933e-01,0.00000000e+00
7.31731732e+01,6.63834400e-01,2.58420346e+03,7.26130720e+05,3.79440921e+03,0.00000000e+00,2.30000000e-01,7.69999935e-01,0.00000000e+00
7.32732733e+01,6.61320735e-01,2.58947934e+03,7.22271956e+05,3.78859089e+03,0.00000000e+00,2.30000000e-01,7.69999961e-01,0.00000000e+00
7.33733734e+01,6.58834893e-01,2.59478707e+03,7.18464522e+05,3.78283871e+03,0.00000000e+00,2.30000000e-01,7.69999980e-01,0.00000000e+00
7.34734735e+01,6.56374533e-01,2.60012039e+03,7.14702487e+05,3.77713632e+03,0.00000000e+00,2.30000000e-01,7.69999981e-01,0.00000000e+00
7.35735736e+01,6.53938561e-01,2.60547581e+03,7.10982481e+05,3.77147339e+03,0.00000000e+00,2.30000000e-01,7.69999966e-01,0.00000000e+00
7.36736737e+01,6.51525607e-01,2.61085138e+03,7.07302062e+05,3.76584587e+03,0.00000000e+00,2.30000000e-01,7.69999941e-01,0.00000000e+00
7.37737738e+01,6.49133107e-01,2.61624412e+03,7.03658153e+05,3.76025306e+03,0.00000000e+00,2.30000000e-01,7.69999935e-01,0.00000000e+00
7.38738739e+01,6.46756717e-01,2.62164891e+03,7.00044704e+05,3.75468857e+03,0.00000000e+00,2.30000000e-01,7.69999969e-01,0.00000000e+00
7.39739740e+01,6.44391706e-01,2.62705960e+03,6.96453567e+05,3.74913694e+03,0.00000000e+00,2.30000000e-01,7.70000004e-01,0.00000000e+00
7.40740741e+01,6.42035295e-01,2.63247336e+03,6.92877457e+05,3.74357550e+03,0.00000000e+00,2.30000000e-01,7.70000028e-01,0.00000000e+00
7.41741742e+01,6.39684975e-01,2.63788964e+03,6.89313422e+05,3.73800303e+03,0.00000000e+00,2.30000000e-01,7.70000036e-01,0.00000000e+00
7.42742743e+01,6.37337305e-01,2.64330861e+03,6.85763047e+05,3.73244836e+03,0.00000000e+00,2.30000000e-01,7.70000028e-01,0.00000000e+00
7.43743744e+01,6.34989700e-01,2.64873044e+03,6.82227533e+05,3.72693341e+03,0.00000000e+00,2.30000000e-01,7.70000019e-01,0.00000000e+00
7.44744745e+01,6.32640402e-01,2.65415515e+03,6.78703889e+05,3.72145260e+03,0.00000000e+00,2.30000000e-01,7.70000004e-01,0.00000000e+00
7.45745746e+01,6.30288468e-01,2.65958512e+03,6.75187247e+05,3.71598498e+03,0.00000000e+00,2.30000000e-01,7.69999998e-01,0.00000000e+00
7.46746747e+01,6.27933844e-01,2.66502145e+03,6.71673565e+05,3.71050860e+03,0.00000000e+00,2.30000000e-01,7.70000007e-01,0.00000000e+00
7.47747748e+01,6.25575967e-01,2.67046436e+03,6.68159271e+05,3.70500684e+03,0.00000000e+00,2.30000000e-01,7.70000021e-01,0.00000000e+00
7.48748749e+01,6.23213052e-01,2.67591387e+03,6.64640682e+05,3.69946947e+03,0.00000000e+00,2.30000000e-01,7.70000030e-01,0.00000000e+00
7.49749750e+01,6.20842702e-01,2.68136913e+03,6.61114463e+05,3.69389159e+03,0.00000000e+00,2.30000000e-01,7.70000028e-01,0.00000000e+00
7.50750751e+01,6.18463283e-01,2.68682670e+03,6.57578952e+05,3.68827296e+03,0.00000000e+00,2.30000000e-01,7.70000017e-01,0.00000000e+00
7.51751752e+01,6.16075224e-01,2.69227862e+03,6.54035534e+05,3.68261807e+03,0.00000000e+00,2.30000000e-01,7.70000002e-01,0.00000000e+00
7.52752753e+01,6.13681340e-01,2.69771210e+03,6.50488847e+05,3.67693558e+03,0.00000000e+00,2.30000000e-01,7.69999991e-01,0.00000000e+00
7.53753754e+01,6.11285431e-01,2.70311404e+03,6.46944681e+05,3.67123497e+03,0.00000000e+00,2.30000000e-01,7.70000000e-01,0.00000000e+00
7.54754755e+01,6.08891857e-01,2.70846455e+03,6.43409231e+05,3.66552508e+03,0.00000000e+00,2.30000000e-01,7.70000015e-01,0.00000000e+00
7.55755756e+01,6.06499366e-01,2.71376268e+03,6.39880203e+05,3.65980032e+03,0.00000000e+00,2.30000000e-01,7.70000025e-01,0.00000000e+00
7.56756757e+01,6.04105476e-01,2.71900939e+03,6.36353224e+05,3.65405047e+03,0.00000000e+00,2.30000000e-01,7.70000033e-01,0.00000000e+00
7.57757758e+01,6.01706576e-01,2.72420757e+03,6.32821972e+05,3.64826068e+03,0.00000000e+00,2.30000000e-01,7.70000020e-01,0.00000000e+00
7.58758759e+01,5.99300200e-01,2.72936024e+03,6.29281660e+05,3.64241757e+03,0.00000000e+00,2.30000000e-01,7.69999998e-01,0.00000000e+00
7.59759760e+01,5.96886362e-01,2.73446765e+03,6.25731025e+05,3.63651277e+03,0.00000000e+00,2.30000000e-01,7.69999990e-01,0.00000000e+00
7.60760761e+01,5.94465580e-01,2.73953092e+03,6.22169543e+05,3.63053909e+03,0.00000000e+00,2.30000000e-01,7.69999995e-01,0.00000000e+00
7.61761762e+01,5.92036961e-01,2.74455563e+03,6.18594799e+05,3.62448678e+03,0.00000000e+00,2.30000000e-01,7.70000008e-01,0.00000000e+00
7.62762763e+01,5.89597180e-01,2.74955380e+03,6.15001218e+05,3.61834230e+03,0.00000000e+00,2.30000000e-01,7.70000021e-01,0.00000000e+00
7.63763764e+01,5.87141247e-01,2.75454048e+03,6.11382729e+05,3.61209835e+03,0.00000000e+00,2.30000000e-01,7.70000200e-01,0.00000000e+00
7.64764765e+01,5.84669874e-01,2.75951815e+03,6.07751245e+05,3.60582152e+03,0.00000000e+00,2.30000000e-01,7.69999989e-01,0.00000000e+00
7.65765766e+01,5.82216125e-01,2.76452011e+03,6.04180391e+05,3.59974311e+03,0.00000000e+00,2.30000000e-01,7.69999926e-01,0.00000000e+00
7.66766767e+01,5.79800869e-01,2.76958320e+03,6.00672670e+05,3.59375207e+03,0.00000000e+00,2.30000000e-01,7.69999950e-01,0.00000000e+00
7.67767768e+01,5.77419424e-01,2.77470151e+03,5.97219397e+05,3.58782829e+03,0.00000000e+00,2.30000000e-01,7.69999879e-01,0.00000000e+00
7.68768769e+01,5.75068193e-01,2.77987418e+03,5.93814692e+05,3.58195987e+03,0.00000000e+00,2.30000000e-01,7.69999899e-01,0.00000000e+00
7.69769770e+01,5.72738413e-01,2.78509646e+03,5.90449684e+05,3.57614940e+03,0.00000000e+00,2.30000000e-01,7.70000019e-01,0.00000000e+00
7.70770771e+01,5.70423869e-01,2.79035914e+03,5.87118141e+05,3.57039990e+03,0.00000000e+00,2.30000000e-01,7.70000062e-01,0.00000000e+00
7.71771772e+01,5.68128331e-01,2.79565182e+03,5.83821851e+05,3.56470005e+03,0.00000000e+00,2.30000000e-01,7.69999970e-01,0.00000000e+00
7.72772773e+01,5.65858919e-01,2.80096434e+03,5.80565299e+05,3.55903314e+03,0.00000000e+00,2.30000000e-01,7.69999902e-01,0.00000000e+00
7.73773774e+01,5.63615363e-01,2.80628553e+03,5.77346534e+05,3.55338978e+03,0.00000000e+00,2.30000000e-01,7.69999936e-01,0.00000000e+00
7.74774775e+01,5.61390890e-01,2.81160985e+03,5.74159040e+05,3.54777390e+03,0.00000000e+00,2.30000000e-01,7.69999984e-01,0.00000000e+00
7.75775776e+01,5.59180180e-01,2.81693854e+03,5.70999217e+05,3.54219794e+03,0.00000000e+00,2.30000000e-01,7.69999993e-01,0.00000000e+00
7.76776777e+01,5.56980751e-01,2.82227808e+03,5.67864160e+05,3.53666052e+03,0.00000000e+00,2.30000000e-01,7.69999953e-01,0.00000000e+00
7.77777778e+01,5.54791517e-01,2.82763224e+03,5.64751181e+05,3.53115208e+03,0.00000000e+00,2.30000000e-01,7.69999986e-01,0.00000000e+00
7.78778779e+01,5.52610556e-01,2.83299188e+03,5.61652993e+05,3.52564010e+03,0.00000000e+00,2.30000000e-01,7.70000008e-01,0.00000000e+00
7.79779780e+01,5.50433829e-01,2.83836908e+03,5.58558615e+05,3.52008146e+03,0.00000000e+00,2.30000000e-01,7.70000010e-01,0.00000000e+00
7.80780781e+01,5.48261464e-01,2.84375973e+03,5.55470693e+05,3.51449157e+03,0.00000000e+00,2.30000000e-01,7.70000007e-01,0.00000000e+00
7.81781782e+01,5.46095810e-01,2.84914907e+03,5.52401366e+05,3.50893217e+03,0.00000000e+00,2.30000000e-01,7.70000014e-01,0.00000000e+00
7.82782783e+01,5.43937892e-01,2.85452597e+03,5.49351473e+05,3.50340260e+03,0.00000000e+00,2.30000000e-01,7.70000026e-01,0.00000000e+00
7.83783784e+01,5.41785256e-01,2.85989276e+03,5.46318147e+05,3.49790100e+03,0.00000000e+00,2.30000000e-01,7.70000024e-01,0.00000000e+00
7.84784785e+01,5.39634350e-01,2.86525872e+03,5.43298005e+05,3.49242910e+03,0.00000000e+00,2.30000000e-01,7.70000015e-01,0.00000000e+00
7.85785786e+01,5.37483227e-01,2.87062849e+03,5.40287814e+05,3.48697902e+03,0.00000000e+00,2.30000000e-01,7.70000004e-01,0.00000000e+00
7.86786787e+01,5.35331711e-01,2.87600154e+03,5.37285781e+05,3.48154057e+03,0.00000000e+00,2.30000000e-01,7.69999995e-01,0.00000000e+00
7.87787788e+01,5.33179803e-01,2.88137990e+03,5.34289972e+05,3.47610124e+03,0.00000000e+00,2.30000000e-01,7.69999991e-01,0.00000000e+00
7.88788789e+01,5.31029571e-01,2.88675610e+03,5.31302156e+05,3.47065905e+03,0.00000000e+00,2.30000000e-01,7.70000001e-01,0.00000000e+00
7.89789790e+01,5.28882053e-01,2.89212372e+03,5.28323231e+05,3.46521316e+03,0.00000000e+00,2.30000000e-01,7.70000005e-01,0.00000000e+00
7.90790791e+01,5.26733204e-01,2.89750258e+03,5.25346107e+05,3.45974367e+03,0.00000000e+00,2.30000000e-01,7.69999953e-01,0.00000000e+00
7.91791792e+01,5.24586883e-01,2.90289031e+03,5.22372874e+05,3.45423823e+03,0.00000000e+00,2.30000000e-01,7.69999962e-01,0.00000000e+00
7.92792793e+01,5.22456836e-01,2.90822784e+03,5.19428624e+05,3.44877253e+03,0.00000000e+00,2.30000000e-01,7.69999981e-01,0.00000000e+00
7.93793794e+01,5.20345586e-01,2.91350737e+03,5.16524071e+05,3.44340230e+03,0.00000000e+00,2.30000000e-01,7.70000012e-01,0.00000000e+00
7.94794795e+01,5.18249129e-01,2.91874147e+03,5.13644992e+05,3.43806079e+03,0.00000000e+00,2.30000000e-01,7.70000016e-01,0.00000000e+00
7.95795796e+01,5.16162831e-01,2.92394923e+03,5.10783353e+05,3.43272551e+03,0.00000000e+00,2.30000000e-01,7.70000024e-01,0.00000000e+00
7.96796797e+01,5.14087096e-01,2.92912541e+03,5.07938226e+05,3.42738791e+03,0.00000000e+00,2.30000000e-01,7.70000032e-01,0.00000000e+00
7.97797798e+01,5.12030429e-01,2.93423737e+03,5.05142923e+05,3.42221746e+03,0.00000000e+00,2.30000000e-01,7.69999954e-01,0.00000000e+00
7.98798799e+01,5.09995977e-01,2.93929530e+03,5.02397666e+05,3.41719617e+03,0.00000000e+00,2.30000000e-01,7.70000072e-01,0.00000000e+00
7.99799800e+01,5.07974182e-01,2.94433240e+03,4.99679682e+05,3.41223669e+03,0.00000000e+00,2.30000000e-01,7.69999961e-01,0.00000000e+00
8.00800801e+01,5.05963590e-01,2.94938779e+03,4.96977330e+05,3.40726875e+03,0.00000000e+00,2.30000000e-01,7.70000008e-01,0.00000000e+00
8.01801802e+01,5.03961854e-01,2.95445955e+03,4.94286642e+05,3.40228139e+03,0.00000000e+00,2.30000000e-01,7.70000133e-01,0.00000000e+00
8.02802803e+01,5.01974455e-01,2.95951849e+03,4.91614507e+05,3.39728592e+03,0.00000000e+00,2.30000000e-01,7.70000121e-01,0.00000000e+00
8.03803804e+01,5.00013137e-01,2.96454528e+03,4.88971268e+05,3.39227498e+03,0.00000000e+00,2.30000000e-01,7.69999902e-01,0.00000000e+00
8.04804805e+01,4.98081560e-01,2.96956510e+03,4.86355837e+05,3.38721555e+03,0.00000000e+00,2.30000000e-01,7.69999809e-01,0.00000000e+00
8.05805806e+01,4.96172923e-01,2.97457899e+03,4.83757628e+05,3.38207993e+03,0.00000000e+00,2.30000000e-01,7.69999952e-01,0.00000000e+00
8.06806807e+01,4.94271063e-01,2.97960693e+03,4.81159988e+05,3.37686219e+03,0.00000000e+00,2.30000000e-01,7.70000139e-01,0.00000000e+00
8.07807808e+01,4.92366866e-01,2.98467543e+03,4.78554269e+05,3.37156358e+03,0.00000000e+00,2.30000000e-01,7.70000227e-01,0.00000000e+00
8.08808809e+01,4.90475219e-01,2.98974694e+03,4.75958087e+05,3.36620706e+03,0.00000000e+00,2.30000000e-01,7.69999765e-01,0.00000000e+00
8.09809810e+01,4.88620079e-01,2.99478245e+03,4.73399712e+05,3.36082437e+03,0.00000000e+00,2.30000000e-01,7.69999872e-01,0.00000000e+00
8.10810811e+01,4.86787548e-01,2.99976637e+03,4.70865805e+05,3.35541907e+03,0.00000000e+00,2.30000000e-01,7.70000009e-01,0.00000000e+00
8.11811812e+01,4.84962103e-01,3.00473806e+03,4.68338465e+05,3.34997135e+03,0.00000000e+00,2.30000000e-01,7.70000030e-01,0.00000000e+00
8.12812813e+01,4.83137134e-01,3.00972634e+03,4.65806696e+05,3.34444739e+03,0.00000000e+00,2.30000000e-01,7.70000046e-01,0.00000000e+00
8.13813814e+01,4.81305620e-01,3.01475743e+03,4.63259622e+05,3.33881709e+03,0.00000000e+00,2.30000000e-01,7.69999927e-01,0.00000000e+00
8.14814815e+01,4.79481540e-01,3.01977418e+03,4.60719863e+05,3.33314438e+03,0.00000000e+00,2.30000000e-01,7.69999996e-01,0.00000000e+00
8.15815816e+01,4.77670857e-01,3.02474237e+03,4.58198984e+05,3.32747168e+03,0.00000000e+00,2.30000000e-01,7.70000195e-01,0.00000000e+00
8.16816817e+01,4.75871277e-01,3.02967855e+03,4.55692331e+05,3.32178342e+03,0.00000000e+00,2.30000000e-01,7.69999987e-01,0.00000000e+00
8.17817818e+01,4.74098960e-01,3.03456142e+03,4.53214527e+05,3.31607213e+03,0.00000000e+00,2.30000000e-01,7.69999847e-01,0.00000000e+00
8.18818819e+01,4.72349466e-01,3.03940976e+03,4.50770509e+05,3.31040528e+03,0.00000000e+00,2.30000000e-01,7.69999955e-01,0.00000000e+00
8.19819820e+01,4.70604574e-01,3.04427907e+03,4.48335731e+05,3.30473139e+03,0.00000000e+00,2.30000000e-01,7.70000276e-01,0.00000000e+00
8.20820821e+01,4.68849598e-01,3.04920365e+03,4.45885828e+05,3.29897426e+03,0.00000000e+00,2.30000000e-01,7.70000613e-01,0.00000000e+00
8.21821822e+01,4.67106953e-01,3.05413793e+03,4.43450308e+05,3.29319819e+03,0.00000000e+00,2.30000000e-01,7.69999643e-01,0.00000000e+00
8.22822823e+01,4.65448553e-01,3.05891147e+03,4.41120699e+05,3.28757027e+03,0.00000000e+00,2.30000000e-01,7.69999529e-01,0.00000000e+00
8.23823824e+01,4.63840543e-01,3.06358850e+03,4.38867644e+05,3.28211539e+03,0.00000000e+00,2.30000000e-01,7.70000206e-01,0.00000000e+00
8.24824825e+01,4.62237736e-01,3.06828006e+03,4.36630909e+05,3.27671089e+03,0.00000000e+00,2.30000000e-01,7.70000076e-01,0.00000000e+00
8.25825826e+01,4.60660746e-01,3.07294185e+03,4.34421596e+05,3.27129279e+03,0.00000000e+00,2.30000000e-01,7.69999696e-01,0.00000000e+00
8.26826827e+01,4.59118003e-01,3.07754559e+03,4.32267303e+05,3.26600681e+03,0.00000000e+00,2.30000000e-01,7.70000129e-01,0.00000000e+00
8.27827828e+01,4.57587880e-01,3.08210899e+03,4.30151013e+05,3.26088350e+03,0.00000000e+00,2.30000000e-01,7.70000522e-01,0.00000000e+00
8.28828829e+01,4.56083365e-01,3.08659551e+03,4.28075936e+05,3.25585986e+03,0.00000000e+00,2.30000000e-01,7.69999909e-01,0.00000000e+00
8.29829830e+01,4.54641085e-01,3.09096558e+03,4.26078291e+05,3.25094794e+03,0.00000000e+00,2.30000000e-01,7.69999536e-01,0.00000000e+00
8.30830831e+01,4.53253996e-01,3.09522339e+03,4.24157665e+05,3.24619663e+03,0.00000000e+00,2.30000000e-01,7.69999856e-01,0.00000000e+00
8.31831832e+01,4.51887009e-01,3.09942012e+03,4.22270385e+05,3.24152853e+03,0.00000000e+00,2.30000000e-01,7.70000000e-01,0.00000000e+00
8.32832833e+01,4.50522065e-01,3.10362549e+03,4.20385119e+05,3.23683197e+03,0.00000000e+00,2.30000000e-01,7.70000431e-01,0.00000000e+00
8.33833834e+01,4.49156477e-01,3.10784010e+03,4.18500736e+05,3.23212158e+03,0.00000000e+00,2.30000000e-01,7.69999889e-01,0.00000000e+00
8.34834835e+01,4.47827512e-01,3.11198165e+03,4.16657949e+05,3.22743957e+03,0.00000000e+00,2.30000000e-01,7.69999692e-01,0.00000000e+00
8.35835836e+01,4.46543191e-01,3.11596453e+03,4.14896291e+05,3.22303604e+03,0.00000000e+00,2.30000000e-01,7.69999999e-01,0.00000000e+00
8.36836837e+01,4.45275283e-01,3.11984880e+03,4.13170363e+05,3.21876764e+03,0.00000000e+00,2.30000000e-01,7.70000060e-01,0.00000000e+00
8.37837838e+01,4.44009145e-01,3.12371178e+03,4.11456544e+05,3.21455694e+03,0.00000000e+00,2.30000000e-01,7.70000037e-01,0.00000000e+00
8.38838839e+01,4.42739986e-01,3.12757241e+03,4.09748122e+05,3.21038628e+03,0.00000000e+00,2.30000000e-01,7.70000034e-01,0.00000000e+00
8.39839840e+01,4.41473281e-01,3.13140721e+03,4.08052034e+05,3.20627022e+03,0.00000000e+00,2.30000000e-01,7.70000179e-01,0.00000000e+00
8.40840841e+01,4.40225311e-01,3.13514971e+03,4.06407055e+05,3.20239882e+03,0.00000000e+00,2.30000000e-01,7.69999760e-01,0.00000000e+00
8.41841842e+01,4.39006098e-01,3.13883811e+03,4.04804236e+05,3.19862695e+03,0.00000000e+00,2.30000000e-01,7.69999965e-01,0.00000000e+00
8.42842843e+01,4.37794694e-01,3.14252135e+03,4.03216178e+05,3.19489352e+03,0.00000000e+00,2.30000000e-01,7.70000328e-01,0.00000000e+00
8.43843844e+01,4.36589284e-01,3.14620052e+03,4.01646109e+05,3.19124090e+03,0.00000000e+00,2.30000000e-01,7.69999960e-01,0.00000000e+00
8.44844845e+01,4.35416437e-01,3.14981911e+03,4.00112633e+05,3.18762076e+03,0.00000000e+00,2.30000000e-01,7.69999726e-01,0.00000000e+00
8.45845846e+01,4.34276095e-01,3.15335534e+03,3.98635096e+05,3.18418813e+03,0.00000000e+00,2.30000000e-01,7.69999930e-01,0.00000000e+00
8.46846847e+01,4.33146997e-01,3.15685116e+03,3.97184337e+05,3.18086953e+03,0.00000000e+00,2.30000000e-01,7.70000067e-01,0.00000000e+00
8.47847848e+01,4.32017974e-01,3.16035358e+03,3.95733771e+05,3.17753518e+03,0.00000000e+00,2.30000000e-01,7.70000021e-01,0.00000000e+00
8.48848849e+01,4.30891512e-01,3.16386990e+03,3.94298721e+05,3.17428846e+03,0.00000000e+00,2.30000000e-01,7.70000268e-01,0.00000000e+00
8.49849850e+01,4.29778252e-01,3.16734243e+03,3.92885228e+05,3.17110162e+03,0.00000000e+00,2.30000000e-01,7.70000415e-01,0.00000000e+00
8.50850851e+01,4.28702276e-01,3.17069549e+03,3.91531146e+05,3.16810604e+03,0.00000000e+00,2.30000000e-01,7.69999768e-01,0.00000000e+00
8.51851852e+01,4.27689686e-01,3.17389966e+03,3.90268304e+05,3.16536481e+03,0.00000000e+00,2.30000000e-01,7.69999584e-01,0.00000000e+00
8.52852853e+01,4.26721145e-01,3.17699785e+03,3.89061270e+05,3.16273599e+03,0.00000000e+00,2.30000000e-01,7.69999948e-01,0.00000000e+00
8.53853854e+01,4.25761362e-01,3.18008752e+03,3.87860946e+05,3.16008571e+03,0.00000000e+00,2.30000000e-01,7.70000052e-01,0.00000000e+00
8.54854855e+01,4.24809204e-01,3.18316387e+03,3.86669401e+05,3.15743823e+03,0.00000000e+00,2.30000000e-01,7.70000234e-01,0.00000000e+00
8.55855856e+01,4.23868712e-01,3.18621590e+03,3.85489827e+05,3.15479019e+03,0.00000000e+00,2.30000000e-01,7.70000355e-01,0.00000000e+00
8.56856857e+01,4.22959996e-01,3.18918400e+03,3.84345709e+05,3.15218578e+03,0.00000000e+00,2.30000000e-01,7.70000039e-01,0.00000000e+00
8.57857858e+01,4.22112573e-01,3.19198304e+03,3.83271535e+05,3.14968798e+03,0.00000000e+00,2.30000000e-01,7.69999606e-01,0.00000000e+00
8.58858859e+01,4.21324545e-01,3.19463615e+03,3.82259931e+05,3.14724987e+03,0.00000000e+00,2.30000000e-01,7.69999715e-01,0.00000000e+00
8.59859860e+01,4.20563641e-01,3.19722918e+03,3.81275472e+05,3.14482212e+03,0.00000000e+00,2.30000000e-01,7.70000308e-01,0.00000000e+00
8.60860861e+01,4.19812773e-01,3.19978036e+03,3.80305213e+05,3.14242980e+03,0.00000000e+00,2.30000000e-01,7.70000281e-01,0.00000000e+00
8.61861862e+01,4.19092542e-01,3.20225884e+03,3.79368755e+05,3.14008044e+03,0.00000000e+00,2.30000000e-01,7.69999851e-01,0.00000000e+00
8.62862863e+01,4.18418887e-01,3.20465282e+03,3.78484227e+05,3.13780186e+03,0.00000000e+00,2.30000000e-01,7.70000155e-01,0.00000000e+00
8.63863864e+01,4.17784227e-01,3.20695194e+03,3.77644281e+05,3.13559477e+03,0.00000000e+00,2.30000000e-01,7.70000046e-01,0.00000000e+00
8.64864865e+01,4.17197031e-01,3.20915574e+03,3.76861022e+05,3.13349610e+03,0.00000000e+00,2.30000000e-01,7.69999854e-01,0.00000000e+00
8.65865866e+01,4.16661201e-01,3.21125140e+03,3.76146857e+05,3.13157984e+03,0.00000000e+00,2.30000000e-01,7.69999928e-01,0.00000000e+00
8.66866867e+01,4.16169812e-01,3.21323024e+03,3.75488071e+05,3.12978737e+03,0.00000000e+00,2.30000000e-01,7.69999591e-01,0.00000000e+00
8.67867868e+01,4.15711369e-01,3.21515676e+03,3.74872788e+05,3.12810368e+03,0.00000000e+00,2.30000000e-01,7.69999898e-01,0.00000000e+00
8.68868869e+01,4.15257017e-01,3.21709022e+03,3.74267634e+05,3.12646646e+03,0.00000000e+00,2.30000000e-01,7.70001338e-01,0.00000000e+00
8.69869870e+01,4.14771049e-01,3.21909278e+03,3.73624896e+05,3.12475834e+03,0.00000000e+00,2.30000000e-01,7.70000039e-01,0.00000000e+00
8.70870871e+01,4.14331044e-01,3.22107685e+03,3.73013579e+05,3.12296273e+03,0.00000000e+00,2.30000000e-01,7.69998760e-01,0.00000000e+00
8.71871872e+01,4.13994671e-01,3.22279807e+03,3.72545338e+05,3.12157322e+03,0.00000000e+00,2.30000000e-01,7.69999857e-01,0.00000000e+00
8.72872873e+01,4.13676843e-01,3.22441042e+03,3.72119806e+05,3.12039174e+03,0.00000000e+00,2.30000000e-01,7.70003436e-01,0.00000000e+00
8.73873874e+01,4.13294651e-01,3.22604720e+03,3.71662615e+05,3.11945782e+03,0.00000000e+00,2.30000000e-01,7.69997889e-01,0.00000000e+00
8.74874875e+01,4.12979520e-01,3.22802684e+03,3.71209934e+05,3.11803423e+03,0.00000000e+00,2.30000000e-01,7.69998382e-01,0.00000000e+00
8.75875876e+01,4.12817366e-01,3.22943391e+03,3.70908304e+05,3.11672023e+03,0.00000000e+00,2.30000000e-01,7.69999683e-01,0.00000000e+00
8.76876877e+01,4.12734256e-01,3.23045817e+03,3.70764559e+05,3.11613844e+03,0.00000000e+00,2.30000000e-01,7.70000077e-01,0.00000000e+00
8.77877878e+01,4.12699992e-01,3.23130125e+03,3.70704840e+05,3.11589482e+03,0.00000000e+00,2.30000000e-01,7.70000193e-01,0.00000000e+00
8.78878879e+01,4.12691432e-01,3.23206933e+03,3.70684971e+05,3.11579274e+03,0.00000000e+00,2.30000000e-01,7.70000103e-01,0.00000000e+00
8.79879880e+01,4.12694993e-01,3.23282870e+03,3.70682150e+05,3.11574264e+03,0.00000000e+00,2.30000000e-01,7.69999947e-01,0.00000000e+00
8.80880881e+01,4.12715736e-01,3.23356284e+03,3.70704137e+05,3.11577066e+03,0.00000000e+00,2.30000000e-01,7.70000003e-01,0.00000000e+00
8.81881882e+01,4.12759582e-01,3.23422602e+03,3.70763963e+05,3.11594218e+03,0.00000000e+00,2.30000000e-01,7.70000091e-01,0.00000000e+00
8.82882883e+01,4.12823283e-01,3.23480785e+03,3.70861510e+05,3.11628105e+03,0.00000000e+00,2.30000000e-01,7.70000088e-01,0.00000000e+00
8.83883884e+01,4.12900886e-01,3.23531974e+03,3.70989550e+05,3.11677174e+03,0.00000000e+00,2.30000000e-01,7.69999875e-01,0.00000000e+00
8.84884885e+01,4.12992372e-01,3.23577932e+03,3.71140981e+05,3.11735303e+03,0.00000000e+00,2.30000000e-01,7.69999942e-01,0.00000000e+00
8.85885886e+01,4.13092760e-01,3.23615058e+03,3.71335139e+05,3.11822485e+03,0.00000000e+00,2.30000000e-01,7.70000261e-01,0.00000000e+00
8.86886887e+01,4.13182917e-01,3.23648470e+03,3.71534514e+05,3.11921905e+03,0.00000000e+00,2.30000000e-01,7.70000027e-01,0.00000000e+00
8.87887888e+01,4.13273600e-01,3.23680819e+03,3.71735712e+05,3.12022372e+03,0.00000000e+00,2.30000000e-01,7.69999930e-01,0.00000000e+00
8.88888889e+01,4.13371747e-01,3.23710078e+03,3.71947872e+05,3.12126325e+03,0.00000000e+00,2.30000000e-01,7.69999933e-01,0.00000000e+00
8.89889890e+01,4.13482751e-01,3.23734513e+03,3.72177785e+05,3.12235398e+03,0.00000000e+00,2.30000000e-01,7.69999983e-01,0.00000000e+00
8.90890891e+01,4.13608181e-01,3.23753571e+03,3.72427179e+05,3.12349867e+03,0.00000000e+00,2.30000000e-01,7.70000003e-01,0.00000000e+00
8.91891892e+01,4.13747045e-01,3.23767707e+03,3.72695034e+05,3.12469663e+03,0.00000000e+00,2.30000000e-01,7.69999825e-01,0.00000000e+00
8.92892893e+01,4.13891367e-01,3.23778762e+03,3.72970592e+05,3.12591621e+03,0.00000000e+00,2.30000000e-01,7.69999931e-01,0.00000000e+00
8.93893894e+01,4.14012868e-01,3.23795601e+03,3.73212834e+05,3.12702805e+03,0.00000000e+00,2.30000000e-01,7.70000074e-01,0.00000000e+00
8.94894895e+01,4.14106630e-01,3.23818984e+03,3.73412986e+05,3.12799630e+03,0.00000000e+00,2.30000000e-01,7.70000186e-01,0.00000000e+00
8.95895896e+01,4.14177845e-01,3.23847724e+03,3.73572669e+05,3.12879623e+03,0.00000000e+00,2.30000000e-01,7.70000071e-01,0.00000000e+00
8.96896897e+01,4.14236298e-01,3.23881468e+03,3.73700481e+05,3.12942554e+03,0.00000000e+00,2.30000000e-01,7.69999917e-01,0.00000000e+00
8.97897898e+01,4.14286672e-01,3.23919320e+03,3.73802467e+05,3.12989883e+03,0.00000000e+00,2.30000000e-01,7.69999960e-01,0.00000000e+00
8.98898899e+01,4.14326326e-01,3.23959969e+03,3.73883529e+05,3.13027753e+03,0.00000000e+00,2.30000000e-01,7.70000088e-01,0.00000000e+00
8.99899900e+01,4.14354479e-01,3.24002441e+03,3.73944966e+05,3.13057918e+03,0.00000000e+00,2.30000000e-01,7.70000090e-01,0.00000000e+00
9.00900901e+01,4.14376521e-01,3.24046004e+03,3.73986811e+05,3.13076323e+03,0.00000000e+00,2.30000000e-01,7.70000007e-01,0.00000000e+00
9.01901902e+01,4.14397334e-01,3.24090369e+03,3.74017286e+05,3.13086142e+03,0.00000000e+00,2.30000000e-01,7.69999903e-01,0.00000000e+00
9.02902903e+01,4.14420307e-01,3.24135518e+03,3.74032159e+05,3.13081195e+03,0.00000000e+00,2.30000000e-01,7.70000030e-01,0.00000000e+00
9.03903904e+01,4.14446101e-01,3.24177806e+03,3.74018644e+05,3.13050387e+03,0.00000000e+00,2.30000000e-01,7.70000064e-01,0.00000000e+00
9.04904905e+01,4.14469826e-01,3.24218802e+03,3.73991685e+05,3.13009953e+03,0.00000000e+00,2.30000000e-01,7.69999913e-01,0.00000000e+00
9.05905906e+01,4.14495939e-01,3.24261143e+03,3.73957939e+05,3.12962337e+03,0.00000000e+00,2.30000000e-01,7.69998841e-01,0.00000000e+00
9.06906907e+01,4.14543686e-01,3.24308424e+03,3.73934508e+05,3.12906407e+03,0.00000000e+00,2.30000000e-01,7.69999699e-01,0.00000000e+00
9.07907908e+01,4.14575980e-01,3.24347482e+03,3.73933952e+05,3.12880875e+03,0.00000000e+00,2.30000000e-01,7.70001849e-01,0.00000000e+00
9.08908909e+01,4.14535995e-01,3.24372076e+03,3.73865238e+05,3.12854225e+03,0.00000000e+00,2.30000000e-01,7.69999766e-01,0.00000000e+00
9.09909910e+01,4.14473697e-01,3.24418758e+03,3.73740804e+05,3.12797094e+03,0.00000000e+00,2.30000000e-01,7.69999801e-01,0.00000000e+00
9.10910911e+01,4.14433931e-01,3.24455474e+03,3.73651679e+05,3.12752435e+03,0.00000000e+00,2.30000000e-01,7.70000031e-01,0.00000000e+00
9.11911912e+01,4.14404694e-01,3.24487279e+03,3.73579212e+05,3.12713873e+03,0.00000000e+00,2.30000000e-01,7.69999926e-01,0.00000000e+00
9.12912913e+01,4.14379234e-01,3.24516633e+03,3.73520935e+05,3.12684241e+03,0.00000000e+00,2.30000000e-01,7.70000115e-01,0.00000000e+00
9.13913914e+01,4.14350663e-01,3.24541536e+03,3.73472239e+05,3.12665047e+03,0.00000000e+00,2.30000000e-01,7.70000074e-01,0.00000000e+00
9.14914915e+01,4.14320069e-01,3.24565096e+03,3.73420123e+05,3.12644492e+03,0.00000000e+00,2.30000000e-01,7.70000102e-01,0.00000000e+00
9.15915916e+01,4.14286548e-01,3.24586741e+03,3.73372099e+05,3.12629580e+03,0.00000000e+00,2.30000000e-01,7.70000096e-01,0.00000000e+00
9.16916917e+01,4.14244634e-01,3.24606927e+03,3.73332120e+05,3.12627755e+03,0.00000000e+00,2.30000000e-01,7.70000030e-01,0.00000000e+00
9.17917918e+01,4.14191600e-01,3.24626607e+03,3.73293036e+05,3.12635063e+03,0.00000000e+00,2.30000000e-01,7.69999992e-01,0.00000000e+00
9.18918919e+01,4.14127463e-01,3.24646127e+03,3.73252336e+05,3.12649391e+03,0.00000000e+00,2.30000000e-01,7.69999992e-01,0.00000000e+00
9.19919920e+01,4.14052511e-01,3.24665598e+03,3.73210623e+05,3.12671033e+03,0.00000000e+00,2.30000000e-01,7.70000013e-01,0.00000000e+00
9.20920921e+01,4.13966090e-01,3.24685075e+03,3.73168983e+05,3.12701392e+03,0.00000000e+00,2.30000000e-01,7.70000082e-01,0.00000000e+00
9.21921922e+01,4.13864855e-01,3.24704140e+03,3.73126842e+05,3.12742362e+03,0.00000000e+00,2.30000000e-01,7.70000701e-01,0.00000000e+00
9.22922923e+01,4.13735644e-01,3.24721437e+03,3.73077854e+05,3.12799138e+03,0.00000000e+00,2.30000000e-01,7.70000146e-01,0.00000000e+00
9.23923924e+01,4.13610429e-01,3.24747272e+03,3.73059934e+05,3.12879089e+03,0.00000000e+00,2.30000000e-01,7.69999262e-01,0.00000000e+00
9.24924925e+01,4.13542577e-01,3.24773683e+03,3.73049125e+05,3.12921243e+03,0.00000000e+00,2.30000000e-01,7.69999619e-01,0.00000000e+00
9.25925926e+01,4.13500038e-01,3.24796026e+03,3.73030127e+05,3.12937375e+03,0.00000000e+00,2.30000000e-01,7.69999999e-01,0.00000000e+00
9.26926927e+01,4.13460157e-01,3.24817518e+03,3.73020257e+05,3.12959256e+03,0.00000000e+00,2.30000000e-01,7.70000069e-01,0.00000000e+00
9.27927928e+01,4.13419674e-01,3.24841154e+03,3.73008786e+05,3.12980309e+03,0.00000000e+00,2.30000000e-01,7.69999972e-01,0.00000000e+00
9.28928929e+01,4.13382706e-01,3.24866615e+03,3.72991202e+05,3.12993560e+03,0.00000000e+00,2.30000000e-01,7.69999917e-01,0.00000000e+00
9.29929930e+01,4.13349326e-01,3.24892794e+03,3.72976438e+05,3.13006440e+03,0.00000000e+00,2.30000000e-01,7.69999934e-01,0.00000000e+00
9.30930931e+01,4.13319086e-01,3.24918936e+03,3.72971169e+05,3.13024920e+03,0.00000000e+00,2.30000000e-01,7.69999929e-01,0.00000000e+00
9.31931932e+01,4.13295359e-01,3.24945013e+03,3.72970272e+05,3.13042134e+03,0.00000000e+00,2.30000000e-01,7.69999943e-01,0.00000000e+00
9.32932933e+01,4.13281004e-01,3.24970982e+03,3.72967923e+05,3.13051028e+03,0.00000000e+00,2.30000000e-01,7.69999964e-01,0.00000000e+00
9.33933934e+01,4.13277239e-01,3.24997166e+03,3.72957164e+05,3.13044902e+03,0.00000000e+00,2.30000000e-01,7.69999802e-01,0.00000000e+00
9.34934935e+01,4.13289446e-01,3.25026651e+03,3.72934765e+05,3.13016848e+03,0.00000000e+00,2.30000000e-01,7.69999825e-01,0.00000000e+00
9.35935936e+01,4.13330671e-01,3.25056354e+03,3.72920535e+05,3.12973639e+03,0.00000000e+00,2.30000000e-01,7.69999970e-01,0.00000000e+00
9.36936937e+01,4.13392404e-01,3.25085223e+03,3.72918623e+05,3.12925100e+03,0.00000000e+00,2.30000000e-01,7.70000584e-01,0.00000000e+00
9.37937938e+01,4.13444367e-01,3.25113255e+03,3.72906716e+05,3.12876024e+03,0.00000000e+00,2.30000000e-01,7.69999825e-01,0.00000000e+00
9.38938939e+01,4.13498576e-01,3.25141495e+03,3.72895751e+05,3.12825966e+03,0.00000000e+00,2.30000000e-01,7.69999334e-01,0.00000000e+00
9.39939940e+01,4.13555932e-01,3.25163138e+03,3.72892278e+05,3.12779378e+03,0.00000000e+00,2.30000000e-01,7.70000230e-01,0.00000000e+00
9.40940941e+01,4.13577053e-01,3.25178418e+03,3.72873967e+05,3.12747924e+03,0.00000000e+00,2.30000000e-01,7.70000613e-01,0.00000000e+00
9.41941942e+01,4.13571169e-01,3.25189124e+03,3.72834890e+05,3.12719791e+03,0.00000000e+00,2.30000000e-01,7.70000012e-01,0.00000000e+00
9.42942943e+01,4.13561201e-01,3.25203376e+03,3.72782302e+05,3.12683307e+03,0.00000000e+00,2.30000000e-01,7.69999735e-01,0.00000000e+00
9.43943944e+01,4.13560318e-01,3.25215028e+03,3.72728792e+05,3.12638947e+03,0.00000000e+00,2.30000000e-01,7.70000181e-01,0.00000000e+00
9.44944945e+01,4.13557112e-01,3.25222031e+03,3.72692416e+05,3.12610869e+03,0.00000000e+00,2.30000000e-01,7.70000149e-01,0.00000000e+00
9.45945946e+01,4.13545586e-01,3.25229591e+03,3.72648502e+05,3.12582763e+03,0.00000000e+00,2.30000000e-01,7.70000100e-01,0.00000000e+00
9.46946947e+01,4.13527932e-01,3.25237088e+03,3.72594242e+05,3.12550560e+03,0.00000000e+00,2.30000000e-01,7.70000196e-01,0.00000000e+00
9.47947948e+01,4.13497791e-01,3.25242045e+03,3.72539026e+05,3.12527021e+03,0.00000000e+00,2.30000000e-01,7.70000198e-01,0.00000000e+00
9.48948949e+01,4.13445095e-01,3.25244647e+03,3.72480658e+05,3.12517921e+03,0.00000000e+00,2.30000000e-01,7.70000082e-01,0.00000000e+00
9.49949950e+01,4.13364639e-01,3.25245743e+03,3.72414664e+05,3.12523410e+03,0.00000000e+00,2.30000000e-01,7.69999945e-01,0.00000000e+00
9.50950951e+01,4.13258497e-01,3.25245779e+03,3.72339674e+05,3.12540758e+03,0.00000000e+00,2.30000000e-01,7.69999869e-01,0.00000000e+00
9.51951952e+01,4.13133051e-01,3.25244769e+03,3.72257903e+05,3.12566998e+03,0.00000000e+00,2.30000000e-01,7.69999876e-01,0.00000000e+00
9.52952953e+01,4.12994401e-01,3.25242691e+03,3.72172815e+05,3.12600441e+03,0.00000000e+00,2.30000000e-01,7.69999950e-01,0.00000000e+00
9.53953954e+01,4.12844615e-01,3.25239856e+03,3.72085855e+05,3.12640663e+03,0.00000000e+00,2.30000000e-01,7.70000346e-01,0.00000000e+00
9.54954955e+01,4.12680486e-01,3.25237010e+03,3.71993827e+05,3.12687718e+03,0.00000000e+00,2.30000000e-01,7.70000128e-01,0.00000000e+00
9.55955956e+01,4.12525728e-01,3.25237066e+03,3.71912939e+05,3.12737098e+03,0.00000000e+00,2.30000000e-01,7.69999833e-01,0.00000000e+00
9.56956957e+01,4.12405238e-01,3.25238015e+03,3.71847695e+05,3.12773626e+03,0.00000000e+00,2.30000000e-01,7.69999720e-01,0.00000000e+00
9.57957958e+01,4.12312915e-01,3.25238244e+03,3.71791231e+05,3.12796130e+03,0.00000000e+00,2.30000000e-01,7.69999805e-01,0.00000000e+00
9.58958959e+01,4.12236447e-01,3.25236526e+03,3.71735530e+05,3.12807241e+03,0.00000000e+00,2.30000000e-01,7.69999929e-01,0.00000000e+00
9.59959960e+01,4.12166214e-01,3.25232914e+03,3.71678542e+05,3.12812562e+03,0.00000000e+00,2.30000000e-01,7.69999988e-01,0.00000000e+00
9.60960961e+01,4.12098127e-01,3.25227979e+03,3.71623606e+05,3.12817327e+03,0.00000000e+00,2.30000000e-01,7.70002086e-01,0.00000000e+00
9.61961962e+01,4.12012608e-01,3.25222733e+03,3.71309415e+05,3.12675531e+03,0.00000000e+00,2.30000000e-01,7.69822517e-01,0.00000000e+00
9.62962963e+01,4.42254970e-01,3.06990189e+03,4.77373843e+05,3.74516195e+03,0.00000000e+00,2.31716854e-01,7.68283146e-01,0.00000000e+00
9.63963964e+01,1.24381338e+00,7.39038137e+02,3.48587951e+06,9.71745243e+03,0.00000000e+00,2.30000000e-01,7.70433562e-01,0.00000000e+00
9.64964965e+01,1.87813000e+00,8.12957132e+01,5.78249536e+06,1.06797787e+04,0.00000000e+00,2.29704263e-01,7.70295737e-01,0.00000000e+00
9.65965966e+01,2.01483681e+00,-1.78949114e+01,6.10654807e+06,1.05125615e+04,0.00000000e+00,2.30000000e-01,7.70081490e-01,0.00000000e+00
9.66966967e+01,2.08499187e+00,-9.55032823e+00,6.26591825e+06,1.04244684e+04,0.00000000e+00,2.30000000e-01,7.70034720e-01,0.00000000e+00
9.67967968e+01,2.11402134e+00,-1.19673385e+01,6.33566171e+06,1.03952071e+04,0.00000000e+00,2.30000000e-01,7.70086219e-01,0.00000000e+00
9.68968969e+01,2.11186780e+00,-2.18506690e+01,6.29814389e+06,1.03453715e+04,0.00000000e+00,2.30000000e-01,7.69975040e-01,0.00000000e+00
9.69969970e+01,2.11619658e+00,-2.30006801e+01,6.28654787e+06,1.03050555e+04,0.00000000e+00,2.30000000e-01,7.69988729e-01,0.00000000e+00
9.70970971e+01,2.12961078e+00,-1.21619234e+01,6.30605171e+06,1.02720439e+04,0.00000000e+00,2.30000000e-01,7.69976532e-01,0.00000000e+00
9.71971972e+01,2.14980862e+00,6.97297051e+00,6.35872109e+06,1.02599972e+04,0.00000000e+00,2.30000000e-01,7.70026421e-01,0.00000000e+00
9.72972973e+01,2.15823049e+00,1.62207834e+01,6.36886740e+06,1.02362183e+04,0.00000000e+00,2.30000000e-01,7.70031143e-01,0.00000000e+00
9.73973974e+01,2.15395694e+00,1.89469362e+01,6.33265569e+06,1.01983395e+04,0.00000000e+00,2.30000000e-01,7.70018950e-01,0.00000000e+00
9.74974975e+01,2.13748966e+00,1.43418107e+01,6.27766881e+06,1.01880045e+04,0.00000000e+00,2.30000000e-01,7.69987314e-01,0.00000000e+00
9.75975976e+01,2.11323206e+00,1.16348845e+01,6.24001471e+06,1.02430897e+04,0.00000000e+00,2.30000000e-01,7.69992235e-01,0.00000000e+00
9.76976977e+01,2.08477111e+00,1.57672842e+01,6.22743893e+06,1.03617779e+04,0.00000000e+00,2.30000000e-01,7.70013197e-01,0.00000000e+00
9.77977978e+01,2.04728291e+00,2.29612186e+01,6.24174524e+06,1.05753782e+04,0.00000000e+00,2.30000000e-01,7.70047753e-01,0.00000000e+00
9.78978979e+01,1.98336844e+00,2.90011438e+01,6.25330976e+06,1.09365797e+04,0.00000000e+00,2.30000000e-01,7.70031539e-01,0.00000000e+00
9.79979980e+01,1.88186241e+00,3.13847563e+01,6.24698403e+06,1.15151638e+04,0.00000000e+00,2.30000000e-01,7.70003332e-01,0.00000000e+00
9.80980981e+01,1.74288162e+00,3.02275180e+01,6.23746819e+06,1.24143206e+04,0.00000000e+00,2.30000000e-01,7.70014711e-01,0.00000000e+00
9.81981982e+01,1.56860787e+00,2.63573524e+01,6.22684502e+06,1.37703199e+04,0.00000000e+00,2.30000000e-01,7.69997128e-01,0.00000000e+00
9.82982983e+01,1.39895835e+00,2.28969881e+01,6.23171125e+06,1.54524023e+04,0.00000000e+00,2.30000000e-01,7.69990189e-01,0.00000000e+00
9.83983984e+01,1.26628246e+00,1.88123715e+01,6.24559987e+06,1.71096827e+04,0.00000000e+00,2.30000000e-01,7.69979181e-01,0.00000000e+00
9.84984985e+01,1.16657191e+00,1.59967491e+01,6.26349764e+06,1.86255715e+04,0.00000000e+00,2.30000000e-01,7.69966173e-01,0.00000000e+00
9.85985986e+01,1.09465295e+00,1.47929543e+01,6.28217828e+06,1.99084588e+04,0.00000000e+00,2.30000000e-01,7.69966998e-01,0.00000000e+00
9.86986987e+01,1.04415412e+00,1.33310772e+01,6.29645796e+06,2.09186565e+04,0.00000000e+00,2.30000000e-01,7.69970907e-01,0.00000000e+00
9.87987988e+01,1.00971154e+00,1.07879999e+01,6.30671654e+06,2.16673561e+04,0.00000000e+00,2.30000000e-01,7.69975737e-01,0.00000000e+00
9.88988989e+01,9.87054208e-01,6.98279054e+00,6.31391488e+06,2.21899509e+04,0.00000000e+00,2.30000000e-01,7.69978657e-01,0.00000000e+00
9.89989990e+01,9.72857950e-01,2.77461733e+00,6.32034893e+06,2.25365873e+04,0.00000000e+00,2.30000000e-01,7.69983341e-01,0.00000000e+00
9.90990991e+01,9.64389332e-01,-1.00637485e+00,6.32765640e+06,2.27606218e+04,0.00000000e+00,2.30000000e-01,7.69989819e-01,0.00000000e+00
9.91991992e+01,9.59594459e-01,-3.40911845e+00,6.33578948e+06,2.29037498e+04,0.00000000e+00,2.30000000e-01,7.69989925e-01,0.00000000e+00
9.92992993e+01,9.57241101e-01,-3.98345363e+00,6.34619940e+06,2.29976459e+04,0.00000000e+00,2.30000000e-01,7.69995693e-01,0.00000000e+00
9.93993994e+01,9.56119030e-01,-2.88938947e+00,6.35490735e+06,2.30562667e+04,0.00000000e+00,2.30000000e-01,7.69994084e-01,0.00000000e+00
9.94994995e+01,9.55718192e-01,-8.65378547e-01,6.36180739e+06,2.30908161e+04,0.00000000e+00,2.30000000e-01,7.70001032e-01,0.00000000e+00
9.95995996e+01,9.55223430e-01,5.10582703e-01,6.36390779e+06,2.31104003e+04,0.00000000e+00,2.30000000e-01,7.70001174e-01,0.00000000e+00
9.96996997e+01,9.54587820e-01,1.44092756e+00,6.36263483e+06,2.31211853e+04,0.00000000e+00,2.30000000e-01,7.70000212e-01,0.00000000e+00
9.97997998e+01,9.54052942e-01,1.41160907e+00,6.35923647e+06,2.31218019e+04,0.00000000e+00,2.30000000e-01,7.69999785e-01,0.00000000e+00
9.98998999e+01,9.53812088e-01,3.45155459e-01,6.35698110e+06,2.31194855e+04,0.00000000e+00,2.30000000e-01,7.69997791e-01,0.00000000e+00
1.00000000e+02,9.53812088e-01,-3.45155459e-01,6.35698110e+06,2.31194855e+04,0.00000000e+00,2.30000000e-01,7.69997791e-01,0.00000000e+00
