# x(m), rho(kg/m3), u(m/s), p(Pa), T(K), Y_H2, Y_O2, Y_N2, Y_H2O
0.00000000e+00,5.80300589e+00,-0.00000000e+00,3.00000000e+06,6.00000000e+02,1.50000000e-01,2.50000000e-01,6.00000000e-01,0.00000000e+00
1.00100100e-01,5.80300589e+00,0.00000000e+00,3.00000000e+06,6.00000000e+02,1.50000000e-01,2.50000000e-01,6.00000000e-01,0.00000000e+00
2.00200200e-01,5.80300589e+00,0.00000000e+00,3.00000000e+06,6.00000000e+02,1.50000000e-01,2.50000000e-01,6.00000000e-01,0.00000000e+00
3.00300300e-01,5.80300589e+00,0.00000000e+00,3.00000000e+06,6.00000000e+02,1.50000000e-01,2.50000000e-01,6.00000000e-01,0.00000000e+00
4.00400400e-01,5.80300589e+00,0.00000000e+00,3.00000000e+06,6.00000000e+02,1.50000000e-01,2.50000000e-01,6.00000000e-01,0.00000000e+00
5.00500501e-01,5.80300589e+00,0.00000000e+00,3.00000000e+06,6.00000000e+02,1.50000000e-01,2.50000000e-01,6.00000000e-01,0.00000000e+00
6.00600601e-01,5.80300589e+00,0.00000000e+00,3.00000000e+06,6.00000000e+02,1.50000000e-01,2.50000000e-01,6.00000000e-01,0.00000000e+00
7.00700701e-01,5.80300589e+00,0.00000000e+00,3.00000000e+06,6.00000000e+02,1.50000000e-01,2.50000000e-01,6.00000000e-01,0.00000000e+00
8.00800801e-01,5.80300589e+00,0.00000000e+00,3.00000000e+06,6.00000000e+02,1.50000000e-01,2.50000000e-01,6.00000000e-01,0.00000000e+00
9.00900901e-01,5.80300589e+00,0.00000000e+00,3.00000000e+06,6.00000000e+02,1.50000000e-01,2.50000000e-01,6.00000000e-01,0.00000000e+00
1.00100100e+00,5.80300589e+00,0.00000000e+00,3.00000000e+06,6.00000000e+02,1.50000000e-01,2.50000000e-01,6.00000000e-01,0.00000000e+00
1.10110110e+00,5.80300589e+00,0.00000000e+00,3.00000000e+06,6.00000000e+02,1.50000000e-01,2.50000000e-01,6.00000000e-01,0.00000000e+00
1.20120120e+00,5.80300589e+00,0.00000000e+00,3.00000000e+06,6.00000000e+02,1.50000000e-01,2.50000000e-01,6.00000000e-01,0.00000000e+00
1.30130130e+00,5.80300589e+00,0.00000000e+00,3.00000000e+06,6.00000000e+02,1.50000000e-01,2.50000000e-01,6.00000000e-01,0.00000000e+00
1.40140140e+00,5.80300589e+00,0.00000000e+00,3.00000000e+06,6.00000000e+02,1.50000000e-01,2.50000000e-01,6.00000000e-01,0.00000000e+00
1.50150150e+00,5.80300589e+00,0.00000000e+00,3.00000000e+06,6.00000000e+02,1.50000000e-01,2.50000000e-01,6.00000000e-01,0.00000000e+00
1.60160160e+00,5.80300589e+00,0.00000000e+00,3.00000000e+06,6.00000000e+02,1.50000000e-01,2.50000000e-01,6.00000000e-01,0.00000000e+00
1.70170170e+00,5.80300589e+00,0.00000000e+00,3.00000000e+06,6.00000000e+02,1.50000000e-01,2.50000000e-01,6.00000000e-01,0.00000000e+00
1.80180180e+00,5.80300589e+00,0.00000000e+00,3.00000000e+06,6.00000000e+02,1.50000000e-01,2.50000000e-01,6.00000000e-01,0.00000000e+00
1.90190190e+00,5.80300589e+00,0.00000000e+00,3.00000000e+06,6.00000000e+02,1.50000000e-01,2.50000000e-01,6.00000000e-01,0.00000000e+00
2.00200200e+00,5.80300589e+00,0.00000000e+00,3.00000000e+06,6.00000000e+02,1.50000000e-01,2.50000000e-01,6.00000000e-01,0.00000000e+00
2.10210210e+00,5.80300589e+00,0.00000000e+00,3.00000000e+06,6.00000000e+02,1.50000000e-01,2.50000000e-01,6.00000000e-01,0.00000000e+00
2.20220220e+00,5.80300589e+00,0.00000000e+00,3.00000000e+06,6.00000000e+02,1.50000000e-01,2.50000000e-01,6.00000000e-01,0.00000000e+00
2.30230230e+00,5.80300589e+00,0.00000000e+00,3.00000000e+06,6.00000000e+02,1.50000000e-01,2.50000000e-01,6.00000000e-01,0.00000000e+00
2.40240240e+00,5.80300589e+00,0.00000000e+00,3.00000000e+06,6.00000000e+02,1.50000000e-01,2.50000000e-01,6.00000000e-01,0.00000000e+00
2.50250250e+00,5.80300589e+00,0.00000000e+00,3.00000000e+06,6.00000000e+02,1.50000000e-01,2.50000000e-01,6.00000000e-01,0.00000000e+00
2.60260260e+00,5.80300589e+00,0.00000000e+00,3.00000000e+06,6.00000000e+02,1.50000000e-01,2.50000000e-01,6.00000000e-01,0.00000000e+00
2.70270270e+00,5.80300589e+00,0.00000000e+00,3.00000000e+06,6.00000000e+02,1.50000000e-01,2.50000000e-01,6.00000000e-01,0.00000000e+00
2.80280280e+00,5.80300589e+00,0.00000000e+00,3.00000000e+06,6.00000000e+02,1.50000000e-01,2.50000000e-01,6.00000000e-01,0.00000000e+00
2.90290290e+00,5.80300589e+00,0.00000000e+00,3.00000000e+06,6.00000000e+02,1.50000000e-01,2.50000000e-01,6.00000000e-01,0.00000000e+00
3.00300300e+00,5.80300589e+00,0.00000000e+00,3.00000000e+06,6.00000000e+02,1.50000000e-01,2.50000000e-01,6.00000000e-01,0.00000000e+00
3.10310310e+00,5.80300589e+00,0.00000000e+00,3.00000000e+06,6.00000000e+02,1.50000000e-01,2.50000000e-01,6.00000000e-01,0.00000000e+00
3.20320320e+00,5.80300589e+00,0.00000000e+00,3.00000000e+06,6.00000000e+02,1.50000000e-01,2.50000000e-01,6.00000000e-01,0.00000000e+00
3.30330330e+00,5.80300589e+00,0.00000000e+00,3.00000000e+06,6.00000000e+02,1.50000000e-01,2.50000000e-01,6.00000000e-01,0.00000000e+00
3.40340340e+00,5.80300589e+00,0.00000000e+00,3.00000000e+06,6.00000000e+02,1.50000000e-01,2.50000000e-01,6.00000000e-01,0.00000000e+00
3.50350350e+00,5.80300589e+00,0.00000000e+00,3.00000000e+06,6.00000000e+02,1.50000000e-01,2.50000000e-01,6.00000000e-01,0.00000000e+00
3.60360360e+00,5.80300589e+00,0.00000000e+00,3.00000000e+06,6.00000000e+02,1.50000000e-01,2.50000000e-01,6.00000000e-01,0.00000000e+00
3.70370370e+00,5.80300589e+00,0.00000000e+00,3.00000000e+06,6.00000000e+02,1.50000000e-01,2.50000000e-01,6.00000000e-01,0.00000000e+00
3.80380380e+00,5.80300589e+00,0.00000000e+00,3.00000000e+06,6.00000000e+02,1.50000000e-01,2.50000000e-01,6.00000000e-01,0.00000000e+00
3.90390390e+00,5.80300589e+00,0.00000000e+00,3.00000000e+06,6.00000000e+02,1.50000000e-01,2.50000000e-01,6.00000000e-01,0.00000000e+00
4.00400400e+00,5.80300589e+00,0.00000000e+00,3.00000000e+06,6.00000000e+02,1.50000000e-01,2.50000000e-01,6.00000000e-01,0.00000000e+00
4.10410410e+00,5.80300589e+00,0.00000000e+00,3.00000000e+06,6.00000000e+02,1.50000000e-01,2.50000000e-01,6.00000000e-01,0.00000000e+00
4.20420420e+00,5.80300589e+00,0.00000000e+00,3.00000000e+06,6.00000000e+02,1.50000000e-01,2.50000000e-01,6.00000000e-01,0.00000000e+00
4.30430430e+00,5.80300589e+00,0.00000000e+00,3.00000000e+06,6.00000000e+02,1.50000000e-01,2.50000000e-01,6.00000000e-01,0.00000000e+00
4.40440440e+00,5.80300589e+00,0.00000000e+00,3.00000000e+06,6.00000000e+02,1.50000000e-01,2.50000000e-01,6.00000000e-01,0.00000000e+00
4.50450450e+00,5.80300589e+00,0.00000000e+00,3.00000000e+06,6.00000000e+02,1.50000000e-01,2.50000000e-01,6.00000000e-01,0.00000000e+00
4.60460460e+00,5.80300589e+00,0.00000000e+00,3.00000000e+06,6.00000000e+02,1.50000000e-01,2.50000000e-01,6.00000000e-01,0.00000000e+00
4.70470470e+00,5.80300589e+00,0.00000000e+00,3.00000000e+06,6.00000000e+02,1.50000000e-01,2.50000000e-01,6.00000000e-01,0.00000000e+00
4.80480480e+00,5.80300589e+00,0.00000000e+00,3.00000000e+06,6.00000000e+02,1.50000000e-01,2.50000000e-01,6.00000000e-01,0.00000000e+00
4.90490490e+00,5.80300589e+00,0.00000000e+00,3.00000000e+06,6.00000000e+02,1.50000000e-01,2.50000000e-01,6.00000000e-01,0.00000000e+00
5.00500501e+00,5.80300589e+00,0.00000000e+00,3.00000000e+06,6.00000000e+02,1.50000000e-01,2.50000000e-01,6.00000000e-01,0.00000000e+00
5.10510511e+00,5.80300589e+00,0.00000000e+00,3.00000000e+06,6.00000000e+02,1.50000000e-01,2.50000000e-01,6.00000000e-01,0.00000000e+00
5.20520521e+00,5.80300589e+00,0.00000000e+00,3.00000000e+06,6.00000000e+02,1.50000000e-01,2.50000000e-01,6.00000000e-01,0.00000000e+00
5.30530531e+00,5.80300589e+00,0.00000000e+00,3.00000000e+06,6.00000000e+02,1.50000000e-01,2.50000000e-01,6.00000000e-01,0.00000000e+00
5.40540541e+00,5.80300589e+00,0.00000000e+00,3.00000000e+06,6.00000000e+02,1.50000000e-01,2.50000000e-01,6.00000000e-01,0.00000000e+00
5.50550551e+00,5.80300589e+00,0.00000000e+00,3.00000000e+06,6.00000000e+02,1.50000000e-01,2.50000000e-01,6.00000000e-01,0.00000000e+00
5.60560561e+00,5.80300589e+00,0.00000000e+00,3.00000000e+06,6.00000000e+02,1.50000000e-01,2.50000000e-01,6.00000000e-01,0.00000000e+00
5.70570571e+00,5.80300589e+00,0.00000000e+00,3.00000000e+06,6.00000000e+02,1.50000000e-01,2.50000000e-01,6.00000000e-01,0.00000000e+00
5.80580581e+00,5.80300589e+00,0.00000000e+00,3.00000000e+06,6.00000000e+02,1.50000000e-01,2.50000000e-01,6.00000000e-01,0.00000000e+00
5.90590591e+00,5.80300589e+00,0.00000000e+00,3.00000000e+06,6.00000000e+02,1.50000000e-01,2.50000000e-01,6.00000000e-01,0.00000000e+00
6.00600601e+00,5.80300589e+00,0.00000000e+00,3.00000000e+06,6.00000000e+02,1.50000000e-01,2.50000000e-01,6.00000000e-01,0.00000000e+00
6.10610611e+00,5.80300589e+00,0.00000000e+00,3.00000000e+06,6.00000000e+02,1.50000000e-01,2.50000000e-01,6.00000000e-01,0.00000000e+00
6.20620621e+00,5.80300589e+00,0.00000000e+00,3.00000000e+06,6.00000000e+02,1.50000000e-01,2.50000000e-01,6.00000000e-01,0.00000000e+00
6.30630631e+00,5.80300589e+00,0.00000000e+00,3.00000000e+06,6.00000000e+02,1.50000000e-01,2.50000000e-01,6.00000000e-01,0.00000000e+00
6.40640641e+00,5.80300589e+00,0.00000000e+00,3.00000000e+06,6.00000000e+02,1.50000000e-01,2.50000000e-01,6.00000000e-01,0.00000000e+00
6.50650651e+00,5.80300589e+00,0.00000000e+00,3.00000000e+06,6.00000000e+02,1.50000000e-01,2.50000000e-01,6.00000000e-01,0.00000000e+00
6.60660661e+00,5.80300589e+00,0.00000000e+00,3.00000000e+06,6.00000000e+02,1.50000000e-01,2.50000000e-01,6.00000000e-01,0.00000000e+00
6.70670671e+00,5.80300589e+00,0.00000000e+00,3.00000000e+06,6.00000000e+02,1.50000000e-01,2.50000000e-01,6.00000000e-01,0.00000000e+00
6.80680681e+00,5.80300589e+00,0.00000000e+00,3.00000000e+06,6.00000000e+02,1.50000000e-01,2.50000000e-01,6.00000000e-01,0.00000000e+00
6.90690691e+00,5.80300589e+00,0.00000000e+00,3.00000000e+06,6.00000000e+02,1.50000000e-01,2.50000000e-01,6.00000000e-01,0.00000000e+00
7.00700701e+00,5.80300589e+00,0.00000000e+00,3.00000000e+06,6.00000000e+02,1.50000000e-01,2.50000000e-01,6.00000000e-01,0.00000000e+00
7.10710711e+00,5.80300589e+00,0.00000000e+00,3.00000000e+06,6.00000000e+02,1.50000000e-01,2.50000000e-01,6.00000000e-01,0.00000000e+00
7.20720721e+00,5.80300589e+00,0.00000000e+00,3.00000000e+06,6.00000000e+02,1.50000000e-01,2.50000000e-01,6.00000000e-01,0.00000000e+00
7.30730731e+00,5.80300589e+00,0.00000000e+00,3.00000000e+06,6.00000000e+02,1.50000000e-01,2.50000000e-01,6.00000000e-01,0.00000000e+00
7.40740741e+00,5.80300589e+00,0.00000000e+00,3.00000000e+06,6.00000000e+02,1.50000000e-01,2.50000000e-01,6.00000000e-01,0.00000000e+00
7.50750751e+00,5.80300589e+00,0.00000000e+00,3.00000000e+06,6.00000000e+02,1.50000000e-01,2.50000000e-01,6.00000000e-01,0.00000000e+00
7.60760761e+00,5.80300589e+00,0.00000000e+00,3.00000000e+06,6.00000000e+02,1.50000000e-01,2.50000000e-01,6.00000000e-01,0.00000000e+00
7.70770771e+00,5.80300589e+00,0.00000000e+00,3.00000000e+06,6.00000000e+02,1.50000000e-01,2.50000000e-01,6.00000000e-01,0.00000000e+00
7.80780781e+00,5.80300589e+00,0.00000000e+00,3.00000000e+06,6.00000000e+02,1.50000000e-01,2.50000000e-01,6.00000000e-01,0.00000000e+00
7.90790791e+00,5.80300589e+00,0.00000000e+00,3.00000000e+06,6.00000000e+02,1.50000000e-01,2.50000000e-01,6.00000000e-01,0.00000000e+00
8.00800801e+00,5.80300589e+00,0.00000000e+00,3.00000000e+06,6.00000000e+02,1.50000000e-01,2.50000000e-01,6.00000000e-01,0.00000000e+00
8.10810811e+00,5.80300589e+00,0.00000000e+00,3.00000000e+06,6.00000000e+02,1.50000000e-01,2.50000000e-01,6.00000000e-01,0.00000000e+00
8.20820821e+00,5.80300589e+00,0.00000000e+00,3.00000000e+06,6.00000000e+02,1.50000000e-01,2.50000000e-01,6.00000000e-01,0.00000000e+00
8.30830831e+00,5.80300589e+00,0.00000000e+00,3.00000000e+06,6.00000000e+02,1.50000000e-01,2.50000000e-01,6.00000000e-01,0.00000000e+00
8.40840841e+00,5.80300589e+00,0.00000000e+00,3.00000000e+06,6.00000000e+02,1.50000000e-01,2.50000000e-01,6.00000000e-01,0.00000000e+00
8.50850851e+00,5.80300589e+00,0.00000000e+00,3.00000000e+06,6.00000000e+02,1.50000000e-01,2.50000000e-01,6.00000000e-01,0.00000000e+00
8.60860861e+00,5.80300589e+00,0.00000000e+00,3.00000000e+06,6.00000000e+02,1.50000000e-01,2.50000000e-01,6.00000000e-01,0.00000000e+00
8.70870871e+00,5.80300589e+00,0.00000000e+00,3.00000000e+06,6.00000000e+02,1.50000000e-01,2.50000000e-01,6.00000000e-01,0.00000000e+00
8.80880881e+00,5.80300589e+00,0.00000000e+00,3.00000000e+06,6.00000000e+02,1.50000000e-01,2.50000000e-01,6.00000000e-01,0.00000000e+00
8.90890891e+00,5.80300589e+00,0.00000000e+00,3.00000000e+06,6.00000000e+02,1.50000000e-01,2.50000000e-01,6.00000000e-01,0.00000000e+00
9.00900901e+00,5.80300589e+00,0.00000000e+00,3.00000000e+06,6.00000000e+02,1.50000000e-01,2.50000000e-01,6.00000000e-01,0.00000000e+00
9.10910911e+00,5.80300589e+00,0.00000000e+00,3.00000000e+06,6.00000000e+02,1.50000000e-01,2.50000000e-01,6.00000000e-01,0.00000000e+00
9.20920921e+00,5.80300589e+00,0.00000000e+00,3.00000000e+06,6.00000000e+02,1.50000000e-01,2.50000000e-01,6.00000000e-01,0.00000000e+00
9.30930931e+00,5.80300589e+00,0.00000000e+00,3.00000000e+06,6.00000000e+02,1.50000000e-01,2.50000000e-01,6.00000000e-01,0.00000000e+00
9.40940941e+00,5.80300589e+00,0.00000000e+00,3.00000000e+06,6.00000000e+02,1.50000000e-01,2.50000000e-01,6.00000000e-01,0.00000000e+00
9.50950951e+00,5.80300589e+00,0.00000000e+00,3.00000000e+06,6.00000000e+02,1.50000000e-01,2.50000000e-01,6.00000000e-01,0.00000000e+00
9.60960961e+00,5.80300589e+00,0.00000000e+00,3.00000000e+06,6.00000000e+02,1.50000000e-01,2.50000000e-01,6.00000000e-01,0.00000000e+00
9.70970971e+00,5.80300589e+00,0.00000000e+00,3.00000000e+06,6.00000000e+02,1.50000000e-01,2.50000000e-01,6.00000000e-01,0.00000000e+00
9.80980981e+00,5.80300589e+00,0.00000000e+00,3.00000000e+06,6.00000000e+02,1.50000000e-01,2.50000000e-01,6.00000000e-01,0.00000000e+00
9.90990991e+00,5.80300589e+00,0.00000000e+00,3.00000000e+06,6.00000000e+02,1.50000000e-01,2.50000000e-01,6.00000000e-01,0.00000000e+00
1.00100100e+01,5.80300589e+00,0.00000000e+00,3.00000000e+06,6.00000000e+02,1.50000000e-01,2.50000000e-01,6.00000000e-01,0.00000000e+00
1.01101101e+01,5.80300589e+00,0.00000000e+00,3.00000000e+06,6.00000000e+02,1.50000000e-01,2.50000000e-01,6.00000000e-01,0.00000000e+00
1.02102102e+01,5.80300589e+00,0.00000000e+00,3.00000000e+06,6.00000000e+02,1.50000000e-01,2.50000000e-01,6.00000000e-01,0.00000000e+00
1.03103103e+01,5.80300589e+00,0.00000000e+00,3.00000000e+06,6.00000000e+02,1.50000000e-01,2.50000000e-01,6.00000000e-01,0.00000000e+00
1.04104104e+01,5.80300589e+00,0.00000000e+00,3.00000000e+06,6.00000000e+02,1.50000000e-01,2.50000000e-01,6.00000000e-01,0.00000000e+00
1.05105105e+01,5.80300589e+00,0.00000000e+00,3.00000000e+06,6.00000000e+02,1.50000000e-01,2.50000000e-01,6.00000000e-01,0.00000000e+00
1.06106106e+01,5.80300589e+00,0.00000000e+00,3.00000000e+06,6.00000000e+02,1.50000000e-01,2.50000000e-01,6.00000000e-01,0.00000000e+00
1.07107107e+01,5.80300589e+00,0.00000000e+00,3.00000000e+06,6.00000000e+02,1.50000000e-01,2.50000000e-01,6.00000000e-01,0.00000000e+00
1.08108108e+01,5.80300589e+00,0.00000000e+00,3.00000000e+06,6.00000000e+02,1.50000000e-01,2.50000000e-01,6.00000000e-01,0.00000000e+00
1.09109109e+01,5.80300589e+00,0.00000000e+00,3.00000000e+06,6.00000000e+02,1.50000000e-01,2.50000000e-01,6.00000000e-01,0.00000000e+00
1.10110110e+01,5.80300589e+00,0.00000000e+00,3.00000000e+06,6.00000000e+02,1.50000000e-01,2.50000000e-01,6.00000000e-01,0.00000000e+00
1.11111111e+01,5.80300589e+00,0.00000000e+00,3.00000000e+06,6.00000000e+02,1.50000000e-01,2.50000000e-01,6.00000000e-01,0.00000000e+00
1.12112112e+01,5.80300589e+00,0.00000000e+00,3.00000000e+06,6.00000000e+02,1.50000000e-01,2.50000000e-01,6.00000000e-01,0.00000000e+00
1.13113113e+01,5.80300589e+00,0.00000000e+00,3.00000000e+06,6.00000000e+02,1.50000000e-01,2.50000000e-01,6.00000000e-01,0.00000000e+00
1.14114114e+01,5.80300589e+00,0.00000000e+00,3.00000000e+06,6.00000000e+02,1.50000000e-01,2.50000000e-01,6.00000000e-01,0.00000000e+00
1.15115115e+01,5.80300589e+00,0.00000000e+00,3.00000000e+06,6.00000000e+02,1.50000000e-01,2.50000000e-01,6.00000000e-01,0.00000000e+00
1.16116116e+01,5.80300589e+00,0.00000000e+00,3.00000000e+06,6.00000000e+02,1.50000000e-01,2.50000000e-01,6.00000000e-01,0.00000000e+00
1.17117117e+01,5.80300589e+00,0.00000000e+00,3.00000000e+06,6.00000000e+02,1.50000000e-01,2.50000000e-01,6.00000000e-01,0.00000000e+00
1.18118118e+01,5.80300589e+00,0.00000000e+00,3.00000000e+06,6.00000000e+02,1.50000000e-01,2.50000000e-01,6.00000000e-01,0.00000000e+00
1.19119119e+01,5.80300589e+00,0.00000000e+00,3.00000000e+06,6.00000000e+02,1.50000000e-01,2.50000000e-01,6.00000000e-01,0.00000000e+00
1.20120120e+01,5.80300589e+00,0.00000000e+00,3.00000000e+06,6.00000000e+02,1.50000000e-01,2.50000000e-01,6.00000000e-01,0.00000000e+00
1.21121121e+01,5.80300589e+00,0.00000000e+00,3.00000000e+06,6.00000000e+02,1.50000000e-01,2.50000000e-01,6.00000000e-01,0.00000000e+00
1.22122122e+01,5.80300589e+00,0.00000000e+00,3.00000000e+06,6.00000000e+02,1.50000000e-01,2.50000000e-01,6.00000000e-01,0.00000000e+00
1.23123123e+01,5.80300589e+00,0.00000000e+00,3.00000000e+06,6.00000000e+02,1.50000000e-01,2.50000000e-01,6.00000000e-01,0.00000000e+00
1.24124124e+01,5.80300589e+00,0.00000000e+00,3.00000000e+06,6.00000000e+02,1.50000000e-01,2.50000000e-01,6.00000000e-01,0.00000000e+00
1.25125125e+01,5.80300589e+00,0.00000000e+00,3.00000000e+06,6.00000000e+02,1.50000000e-01,2.50000000e-01,6.00000000e-01,0.00000000e+00
1.26126126e+01,5.80300589e+00,0.00000000e+00,3.00000000e+06,6.00000000e+02,1.50000000e-01,2.50000000e-01,6.00000000e-01,0.00000000e+00
1.27127127e+01,5.80300589e+00,0.00000000e+00,3.00000000e+06,6.00000000e+02,1.50000000e-01,2.50000000e-01,6.00000000e-01,0.00000000e+00
1.28128128e+01,5.80300589e+00,0.00000000e+00,3.00000000e+06,6.00000000e+02,1.50000000e-01,2.50000000e-01,6.00000000e-01,0.00000000e+00
1.29129129e+01,5.80300589e+00,0.00000000e+00,3.00000000e+06,6.00000000e+02,1.50000000e-01,2.50000000e-01,6.00000000e-01,0.00000000e+00
1.30130130e+01,5.80300589e+00,0.00000000e+00,3.00000000e+06,6.00000000e+02,1.50000000e-01,2.50000000e-01,6.00000000e-01,0.00000000e+00
1.31131131e+01,5.80300589e+00,0.00000000e+00,3.00000000e+06,6.00000000e+02,1.50000000e-01,2.50000000e-01,6.00000000e-01,0.00000000e+00
1.32132132e+01,5.80300589e+00,0.00000000e+00,3.00000000e+06,6.00000000e+02,1.50000000e-01,2.50000000e-01,6.00000000e-01,0.00000000e+00
1.33133133e+01,5.80300589e+00,0.00000000e+00,3.00000000e+06,6.00000000e+02,1.50000000e-01,2.50000000e-01,6.00000000e-01,0.00000000e+00
1.34134134e+01,5.80300589e+00,0.00000000e+00,3.00000000e+06,6.00000000e+02,1.50000000e-01,2.50000000e-01,6.00000000e-01,0.00000000e+00
1.35135135e+01,5.80300589e+00,0.00000000e+00,3.00000000e+06,6.00000000e+02,1.50000000e-01,2.50000000e-01,6.00000000e-01,0.00000000e+00
1.36136136e+01,5.80300589e+00,0.00000000e+00,3.00000000e+06,6.00000000e+02,1.50000000e-01,2.50000000e-01,6.00000000e-01,0.00000000e+00
1.37137137e+01,5.80300589e+00,0.00000000e+00,3.00000000e+06,6.00000000e+02,1.50000000e-01,2.50000000e-01,6.00000000e-01,0.00000000e+00
1.38138138e+01,5.80300589e+00,0.00000000e+00,3.00000000e+06,6.00000000e+02,1.50000000e-01,2.50000000e-01,6.00000000e-01,0.00000000e+00
1.39139139e+01,5.80300589e+00,0.00000000e+00,3.00000000e+06,6.00000000e+02,1.50000000e-01,2.50000000e-01,6.00000000e-01,0.00000000e+00
1.40140140e+01,5.80300589e+00,0.00000000e+00,3.00000000e+06,6.00000000e+02,1.50000000e-01,2.50000000e-01,6.00000000e-01,0.00000000e+00
1.41141141e+01,5.80300589e+00,0.00000000e+00,3.00000000e+06,6.00000000e+02,1.50000000e-01,2.50000000e-01,6.00000000e-01,0.00000000e+00
1.42142142e+01,5.80300589e+00,0.00000000e+00,3.00000000e+06,6.00000000e+02,1.50000000e-01,2.50000000e-01,6.00000000e-01,0.00000000e+00
1.43143143e+01,5.80300589e+00,0.00000000e+00,3.00000000e+06,6.00000000e+02,1.50000000e-01,2.50000000e-01,6.00000000e-01,0.00000000e+00
1.44144144e+01,5.80300589e+00,0.00000000e+00,3.00000000e+06,6.00000000e+02,1.50000000e-01,2.50000000e-01,6.00000000e-01,0.00000000e+00
1.45145145e+01,5.80300589e+00,0.00000000e+00,3.00000000e+06,6.00000000e+02,1.50000000e-01,2.50000000e-01,6.00000000e-01,0.00000000e+00
1.46146146e+01,5.80300589e+00,0.00000000e+00,3.00000000e+06,6.00000000e+02,1.50000000e-01,2.50000000e-01,6.00000000e-01,0.00000000e+00
1.47147147e+01,5.80300589e+00,0.00000000e+00,3.00000000e+06,6.00000000e+02,1.50000000e-01,2.50000000e-01,6.00000000e-01,0.00000000e+00
1.48148148e+01,5.80300589e+00,0.00000000e+00,3.00000000e+06,6.00000000e+02,1.50000000e-01,2.50000000e-01,6.00000000e-01,0.00000000e+00
1.49149149e+01,5.80300589e+00,0.00000000e+00,3.00000000e+06,6.00000000e+02,1.50000000e-01,2.50000000e-01,6.00000000e-01,0.00000000e+00
1.50150150e+01,5.80300589e+00,0.00000000e+00,3.00000000e+06,6.00000000e+02,1.50000000e-01,2.50000000e-01,6.00000000e-01,0.00000000e+00
1.51151151e+01,5.80300589e+00,0.00000000e+00,3.00000000e+06,6.00000000e+02,1.50000000e-01,2.50000000e-01,6.00000000e-01,0.00000000e+00
1.52152152e+01,5.80300589e+00,0.00000000e+00,3.00000000e+06,6.00000000e+02,1.50000000e-01,2.50000000e-01,6.00000000e-01,0.00000000e+00
1.53153153e+01,5.80300589e+00,0.00000000e+00,3.00000000e+06,6.00000000e+02,1.50000000e-01,2.50000000e-01,6.00000000e-01,0.00000000e+00
1.54154154e+01,5.80300589e+00,0.00000000e+00,3.00000000e+06,6.00000000e+02,1.50000000e-01,2.50000000e-01,6.00000000e-01,0.00000000e+00
1.55155155e+01,5.80300589e+00,0.00000000e+00,3.00000000e+06,6.00000000e+02,1.50000000e-01,2.50000000e-01,6.00000000e-01,0.00000000e+00
1.56156156e+01,5.80300589e+00,0.00000000e+00,3.00000000e+06,6.00000000e+02,1.50000000e-01,2.50000000e-01,6.00000000e-01,0.00000000e+00
1.57157157e+01,5.80300589e+00,0.00000000e+00,3.00000000e+06,6.00000000e+02,1.50000000e-01,2.50000000e-01,6.00000000e-01,0.00000000e+00
1.58158158e+01,5.80300589e+00,0.00000000e+00,3.00000000e+06,6.00000000e+02,1.50000000e-01,2.50000000e-01,6.00000000e-01,0.00000000e+00
1.59159159e+01,5.80300589e+00,0.00000000e+00,3.00000000e+06,6.00000000e+02,1.50000000e-01,2.50000000e-01,6.00000000e-01,0.00000000e+00
1.60160160e+01,5.80300589e+00,0.00000000e+00,3.00000000e+06,6.00000000e+02,1.50000000e-01,2.50000000e-01,6.00000000e-01,0.00000000e+00
1.61161161e+01,5.80300589e+00,0.00000000e+00,3.00000000e+06,6.00000000e+02,1.50000000e-01,2.50000000e-01,6.00000000e-01,0.00000000e+00
1.62162162e+01,5.80300589e+00,0.00000000e+00,3.00000000e+06,6.00000000e+02,1.50000000e-01,2.50000000e-01,6.00000000e-01,0.00000000e+00
1.63163163e+01,5.80300589e+00,0.00000000e+00,3.00000000e+06,6.00000000e+02,1.50000000e-01,2.50000000e-01,6.00000000e-01,0.00000000e+00
1.64164164e+01,5.80300589e+00,0.00000000e+00,3.00000000e+06,6.00000000e+02,1.50000000e-01,2.50000000e-01,6.00000000e-01,0.00000000e+00
1.65165165e+01,5.80300589e+00,0.00000000e+00,3.00000000e+06,6.00000000e+02,1.50000000e-01,2.50000000e-01,6.00000000e-01,0.00000000e+00
1.66166166e+01,5.80300589e+00,0.00000000e+00,3.00000000e+06,6.00000000e+02,1.50000000e-01,2.50000000e-01,6.00000000e-01,0.00000000e+00
1.67167167e+01,5.80300589e+00,0.00000000e+00,3.00000000e+06,6.00000000e+02,1.50000000e-01,2.50000000e-01,6.00000000e-01,0.00000000e+00
1.68168168e+01,5.80300589e+00,0.00000000e+00,3.00000000e+06,6.00000000e+02,1.50000000e-01,2.50000000e-01,6.00000000e-01,0.00000000e+00
1.69169169e+01,5.80300589e+00,0.00000000e+00,3.00000000e+06,6.00000000e+02,1.50000000e-01,2.50000000e-01,6.00000000e-01,0.00000000e+00
1.70170170e+01,5.80300589e+00,0.00000000e+00,3.00000000e+06,6.00000000e+02,1.50000000e-01,2.50000000e-01,6.00000000e-01,0.00000000e+00
1.71171171e+01,5.80300589e+00,0.00000000e+00,3.00000000e+06,6.00000000e+02,1.50000000e-01,2.50000000e-01,6.00000000e-01,0.00000000e+00
1.72172172e+01,5.80300589e+00,0.00000000e+00,3.00000000e+06,6.00000000e+02,1.50000000e-01,2.50000000e-01,6.00000000e-01,0.00000000e+00
1.73173173e+01,5.80300589e+00,0.00000000e+00,3.00000000e+06,6.00000000e+02,1.50000000e-01,2.50000000e-01,6.00000000e-01,0.00000000e+00
1.74174174e+01,5.80300589e+00,0.00000000e+00,3.00000000e+06,6.00000000e+02,1.50000000e-01,2.50000000e-01,6.00000000e-01,0.00000000e+00
1.75175175e+01,5.80300589e+00,0.00000000e+00,3.00000000e+06,6.00000000e+02,1.50000000e-01,2.50000000e-01,6.00000000e-01,0.00000000e+00
1.76176176e+01,5.80300589e+00,0.00000000e+00,3.00000000e+06,6.00000000e+02,1.50000000e-01,2.50000000e-01,6.00000000e-01,0.00000000e+00
1.77177177e+01,5.80300589e+00,0.00000000e+00,3.00000000e+06,6.00000000e+02,1.50000000e-01,2.50000000e-01,6.00000000e-01,0.00000000e+00
1.78178178e+01,5.80300589e+00,0.00000000e+00,3.00000000e+06,6.00000000e+02,1.50000000e-01,2.50000000e-01,6.00000000e-01,0.00000000e+00
1.79179179e+01,5.80300589e+00,0.00000000e+00,3.00000000e+06,6.00000000e+02,1.50000000e-01,2.50000000e-01,6.00000000e-01,0.00000000e+00
1.80180180e+01,5.80300589e+00,0.00000000e+00,3.00000000e+06,6.00000000e+02,1.50000000e-01,2.50000000e-01,6.00000000e-01,0.00000000e+00
1.81181181e+01,5.80300589e+00,0.00000000e+00,3.00000000e+06,6.00000000e+02,1.50000000e-01,2.50000000e-01,6.00000000e-01,0.00000000e+00
1.82182182e+01,5.80300589e+00,0.00000000e+00,3.00000000e+06,6.00000000e+02,1.50000000e-01,2.50000000e-01,6.00000000e-01,0.00000000e+00
1.83183183e+01,5.80300589e+00,0.00000000e+00,3.00000000e+06,6.00000000e+02,1.50000000e-01,2.50000000e-01,6.00000000e-01,0.00000000e+00
1.84184184e+01,5.80300589e+00,0.00000000e+00,3.00000000e+06,6.00000000e+02,1.50000000e-01,2.50000000e-01,6.00000000e-01,0.00000000e+00
1.85185185e+01,5.80300589e+00,0.00000000e+00,3.00000000e+06,6.00000000e+02,1.50000000e-01,2.50000000e-01,6.00000000e-01,0.00000000e+00
1.86186186e+01,5.80300589e+00,0.00000000e+00,3.00000000e+06,6.00000000e+02,1.50000000e-01,2.50000000e-01,6.00000000e-01,0.00000000e+00
1.87187187e+01,5.80300589e+00,0.00000000e+00,3.00000000e+06,6.00000000e+02,1.50000000e-01,2.50000000e-01,6.00000000e-01,0.00000000e+00
1.88188188e+01,5.80300589e+00,0.00000000e+00,3.00000000e+06,6.00000000e+02,1.50000000e-01,2.50000000e-01,6.00000000e-01,0.00000000e+00
1.89189189e+01,5.80300589e+00,0.00000000e+00,3.00000000e+06,6.00000000e+02,1.50000000e-01,2.50000000e-01,6.00000000e-01,0.00000000e+00
1.90190190e+01,5.80300589e+00,0.00000000e+00,3.00000000e+06,6.00000000e+02,1.50000000e-01,2.50000000e-01,6.00000000e-01,0.00000000e+00
1.91191191e+01,5.80300589e+00,0.00000000e+00,3.00000000e+06,6.00000000e+02,1.50000000e-01,2.50000000e-01,6.00000000e-01,0.00000000e+00
1.92192192e+01,5.80300589e+00,0.00000000e+00,3.00000000e+06,6.00000000e+02,1.50000000e-01,2.50000000e-01,6.00000000e-01,0.00000000e+00
1.93193193e+01,5.80300589e+00,0.00000000e+00,3.00000000e+06,6.00000000e+02,1.50000000e-01,2.50000000e-01,6.00000000e-01,0.00000000e+00
1.94194194e+01,5.80300589e+00,0.00000000e+00,3.00000000e+06,6.00000000e+02,1.50000000e-01,2.50000000e-01,6.00000000e-01,0.00000000e+00
1.95195195e+01,5.80300589e+00,0.00000000e+00,3.00000000e+06,6.00000000e+02,1.50000000e-01,2.50000000e-01,6.00000000e-01,0.00000000e+00
1.96196196e+01,5.80300589e+00,1.42559932e-13,3.00000000e+06,6.00000000e+02,1.50000000e-01,2.50000000e-01,6.00000000e-01,0.00000000e+00
1.97197197e+01,5.80300589e+00,7.22302372e-13,3.00000000e+06,6.00000000e+02,1.50000000e-01,2.50000000e-01,6.00000000e-01,0.00000000e+00
1.98198198e+01,5.80300589e+00,2.41083915e-12,3.00000000e+06,6.00000000e+02,1.50000000e-01,2.50000000e-01,6.00000000e-01,0.00000000e+00
1.99199199e+01,5.80300589e+00,4.18806732e-12,3.00000000e+06,6.00000000e+02,1.50000000e-01,2.50000000e-01,6.00000000e-01,0.00000000e+00
2.00200200e+01,5.80300589e+00,6.13952004e-12,3.00000000e+06,6.00000000e+02,1.50000000e-01,2.50000000e-01,6.00000000e-01,0.00000000e+00
2.01201201e+01,5.80300589e+00,8.03393359e-12,3.00000000e+06,6.00000000e+02,1.50000000e-01,2.50000000e-01,6.00000000e-01,0.00000000e+00
2.02202202e+01,5.80300589e+00,1.04827348e-11,3.00000000e+06,6.00000000e+02,1.50000000e-01,2.50000000e-01,6.00000000e-01,0.00000000e+00
2.03203203e+01,5.80300589e+00,1.58714102e-11,3.00000000e+06,6.00000000e+02,1.50000000e-01,2.50000000e-01,6.00000000e-01,0.00000000e+00
2.04204204e+01,5.80300589e+00,2.64238696e-11,3.00000000e+06,6.00000000e+02,1.50000000e-01,2.50000000e-01,6.00000000e-01,0.00000000e+00
2.05205205e+01,5.80300589e+00,4.76967417e-11,3.00000000e+06,6.00000000e+02,1.50000000e-01,2.50000000e-01,6.00000000e-01,0.00000000e+00
2.06206206e+01,5.80300589e+00,9.04801432e-11,3.00000000e+06,6.00000000e+02,1.50000000e-01,2.50000000e-01,6.00000000e-01,0.00000000e+00
2.07207207e+01,5.80300589e+00,1.73873743e-10,3.00000000e+06,6.00000000e+02,1.50000000e-01,2.50000000e-01,6.00000000e-01,0.00000000e+00
2.08208208e+01,5.80300589e+00,3.34949115e-10,3.00000000e+06,6.00000000e+02,1.50000000e-01,2.50000000e-01,6.00000000e-01,0.00000000e+00
2.09209209e+01,5.80300589e+00,6.45530414e-10,3.00000000e+06,6.00000000e+02,1.50000000e-01,2.50000000e-01,6.00000000e-01,0.00000000e+00
2.10210210e+01,5.80300589e+00,1.23967335e-09,3.00000000e+06,6.00000000e+02,1.50000000e-01,2.50000000e-01,6.00000000e-01,0.00000000e+00
2.11211211e+01,5.80300589e+00,2.36813516e-09,3.00000000e+06,6.00000000e+02,1.50000000e-01,2.50000000e-01,6.00000000e-01,0.00000000e+00
2.12212212e+01,5.80300589e+00,4.49772201e-09,3.00000000e+06,6.00000000e+02,1.50000000e-01,2.50000000e-01,6.00000000e-01,0.00000000e+00
2.13213213e+01,5.80300589e+00,8.48906567e-09,3.00000000e+06,6.00000000e+02,1.50000000e-01,2.50000000e-01,6.00000000e-01,0.00000000e+00
2.14214214e+01,5.80300589e+00,1.59207347e-08,3.00000000e+06,6.00000000e+02,1.50000000e-01,2.50000000e-01,6.00000000e-01,0.00000000e+00
2.15215215e+01,5.80300589e+00,2.96670900e-08,3.00000000e+06,6.00000000e+02,1.50000000e-01,2.50000000e-01,6.00000000e-01,0.00000000e+00
2.16216216e+01,5.80300589e+00,5.49252496e-08,3.00000000e+06,6.00000000e+02,1.50000000e-01,2.50000000e-01,6.00000000e-01,0.00000000e+00
2.17217217e+01,5.80300589e+00,1.01024252e-07,3.00000000e+06,6.00000000e+02,1.50000000e-01,2.50000000e-01,6.00000000e-01,0.00000000e+00
2.18218218e+01,5.80300589e+00,1.84589337e-07,3.00000000e+06,6.00000000e+02,1.50000000e-01,2.50000000e-01,6.00000000e-01,0.00000000e+00
2.19219219e+01,5.80300588e+00,3.35024947e-07,3.00000000e+06,6.00000000e+02,1.50000000e-01,2.50000000e-01,6.00000000e-01,0.00000000e+00
2.20220220e+01,5.80300588e+00,6.03955008e-07,3.00000000e+06,6.00000000e+02,1.50000000e-01,2.50000000e-01,6.00000000e-01,0.00000000e+00
2.21221221e+01,5.80300588e+00,1.08130804e-06,2.99999999e+06,6.00000000e+02,1.50000000e-01,2.50000000e-01,6.00000000e-01,0.00000000e+00
2.22222222e+01,5.80300587e+00,1.92252464e-06,2.99999999e+06,5.99999999e+02,1.50000000e-01,2.50000000e-01,6.00000000e-01,0.00000000e+00
2.23223223e+01,5.80300586e+00,3.39414860e-06,2.99999998e+06,5.99999999e+02,1.50000000e-01,2.50000000e-01,6.00000000e-01,0.00000000e+00
2.24224224e+01,5.80300585e+00,5.94953650e-06,2.99999997e+06,5.99999998e+02,1.50000000e-01,2.50000000e-01,6.00000000e-01,0.00000000e+00
2.25225225e+01,5.80300582e+00,1.03534212e-05,2.99999995e+06,5.99999997e+02,1.50000000e-01,2.50000000e-01,6.00000000e-01,0.00000000e+00
2.26226226e+01,5.80300576e+00,1.78849007e-05,2.99999991e+06,5.99999995e+02,1.50000000e-01,2.50000000e-01,6.00000000e-01,0.00000000e+00
2.27227227e+01,5.80300568e+00,3.06649577e-05,2.99999985e+06,5.99999991e+02,1.50000000e-01,2.50000000e-01,6.00000000e-01,0.00000000e+00
2.28228228e+01,5.80300553e+00,5.21795829e-05,2.99999974e+06,5.99999985e+02,1.50000000e-01,2.50000000e-01,6.00000000e-01,0.00000000e+00
2.29229229e+01,5.80300529e+00,8.81065387e-05,2.99999957e+06,5.99999975e+02,1.50000000e-01,2.50000000e-01,6.00000000e-01,0.00000000e+00
2.30230230e+01,5.80300488e+00,1.47607850e-04,2.99999927e+06,5.99999958e+02,1.50000000e-01,2.50000000e-01,6.00000000e-01,0.00000000e+00
2.31231231e+01,5.80300421e+00,2.45327587e-04,2.99999879e+06,5.99999931e+02,1.50000000e-01,2.50000000e-01,6.00000000e-01,0.00000000e+00
2.32232232e+01,5.80300313e+00,4.04443566e-04,2.99999800e+06,5.99999886e+02,1.50000000e-01,2.50000000e-01,6.00000000e-01,0.00000000e+00
2.33233233e+01,5.80300138e+00,6.61271808e-04,2.99999674e+06,5.99999813e+02,1.50000000e-01,2.50000000e-01,6.00000000e-01,0.00000000e+00
2.34234234e+01,5.80299857e+00,1.07212450e-03,2.99999471e+06,5.99999698e+02,1.50000000e-01,2.50000000e-01,6.00000000e-01,0.00000000e+00
2.35235235e+01,5.80299413e+00,1.72338610e-03,2.99999149e+06,5.99999514e+02,1.50000000e-01,2.50000000e-01,6.00000000e-01,0.00000000e+00
2.36236236e+01,5.80298716e+00,2.74610568e-03,2.99998644e+06,5.99999225e+02,1.50000000e-01,2.50000000e-01,6.00000000e-01,0.00000000e+00
2.37237237e+01,5.80297630e+00,4.33680779e-03,2.99997859e+06,5.99998777e+02,1.50000000e-01,2.50000000e-01,6.00000000e-01,0.00000000e+00
2.38238238e+01,5.80295959e+00,6.78668754e-03,2.99996650e+06,5.99998085e+02,1.50000000e-01,2.50000000e-01,6.00000000e-01,0.00000000e+00
2.39239239e+01,5.80293412e+00,1.05218471e-02,2.99994806e+06,5.99997032e+02,1.50000000e-01,2.50000000e-01,6.00000000e-01,0.00000000e+00
2.40240240e+01,5.80289567e+00,1.61576868e-02,2.99992023e+06,5.99995442e+02,1.50000000e-01,2.50000000e-01,6.00000000e-01,0.00000000e+00
2.41241241e+01,5.80283829e+00,2.45708822e-02,2.99987870e+06,5.99993068e+02,1.50000000e-01,2.50000000e-01,6.00000000e-01,0.00000000e+00
2.42242242e+01,5.80275356e+00,3.69923977e-02,2.99981738e+06,5.99989564e+02,1.50000000e-01,2.50000000e-01,6.00000000e-01,0.00000000e+00
2.43243243e+01,5.80262988e+00,5.51244968e-02,2.99972787e+06,5.99984449e+02,1.50000000e-01,2.50000000e-01,6.00000000e-01,0.00000000e+00
2.44244244e+01,5.80245146e+00,8.12834345e-02,2.99959874e+06,5.99977070e+02,1.50000000e-01,2.50000000e-01,6.00000000e-01,0.00000000e+00
2.45245245e+01,5.80219717e+00,1.18567173e-01,2.99941470e+06,5.99966552e+02,1.50000000e-01,2.50000000e-01,6.00000000e-01,0.00000000e+00
2.46246246e+01,5.80183926e+00,1.71043769e-01,2.99915568e+06,5.99951749e+02,1.50000000e-01,2.50000000e-01,6.00000000e-01,0.00000000e+00
2.47247247e+01,5.80134204e+00,2.43950928e-01,2.99879585e+06,5.99931183e+02,1.50000000e-01,2.50000000e-01,6.00000000e-01,0.00000000e+00
2.48248248e+01,5.80066052e+00,3.43890691e-01,2.99830266e+06,5.99902993e+02,1.50000000e-01,2.50000000e-01,6.00000000e-01,0.00000000e+00
2.49249249e+01,5.79973928e+00,4.78995892e-01,2.99763605e+06,5.99864884e+02,1.50000000e-01,2.50000000e-01,6.00000000e-01,0.00000000e+00
2.50250250e+01,5.79851180e+00,6.59037973e-01,2.99674791e+06,5.99814103e+02,1.50000000e-01,2.50000000e-01,6.00000000e-01,0.00000000e+00
2.51251251e+01,5.79690037e+00,8.95440664e-01,2.99558209e+06,5.99747430e+02,1.50000000e-01,2.50000000e-01,6.00000000e-01,0.00000000e+00
2.52252252e+01,5.79481694e+00,1.20116312e+00,2.99407499e+06,5.99661214e+02,1.50000000e-01,2.50000000e-01,6.00000000e-01,0.00000000e+00
2.53253253e+01,5.79216506e+00,1.59042161e+00,2.99215702e+06,5.99551451e+02,1.50000000e-01,2.50000000e-01,6.00000000e-01,0.00000000e+00
2.54254254e+01,5.78884310e+00,2.07823235e+00,2.98975495e+06,5.99413916e+02,1.50000000e-01,2.50000000e-01,6.00000000e-01,0.00000000e+00
2.55255255e+01,5.78474865e+00,2.67977997e+00,2.98679507e+06,5.99244338e+02,1.50000000e-01,2.50000000e-01,6.00000000e-01,0.00000000e+00
2.56256256e+01,5.77978386e+00,3.40964414e+00,2.98320719e+06,5.99038624e+02,1.50000000e-01,2.50000000e-01,6.00000000e-01,0.00000000e+00
2.57257257e+01,5.77386135e+00,4.28094646e+00,2.97892884e+06,5.98793096e+02,1.50000000e-01,2.50000000e-01,6.00000000e-01,0.00000000e+00
2.58258258e+01,5.76691005e+00,5.30450466e+00,2.97390958e+06,5.98504733e+02,1.50000000e-01,2.50000000e-01,6.00000000e-01,0.00000000e+00
2.59259259e+01,5.75888021e+00,6.48809409e+00,2.96811459e+06,5.98171374e+02,1.50000000e-01,2.50000000e-01,6.00000000e-01,0.00000000e+00
2.60260260e+01,5.74974705e+00,7.83591209e+00,2.96152730e+06,5.97791876e+02,1.50000000e-01,2.50000000e-01,6.00000000e-01,0.00000000e+00
2.61261261e+01,5.73951238e+00,9.34831786e+00,2.95415053e+06,5.97366180e+02,1.50000000e-01,2.50000000e-01,6.00000000e-01,0.00000000e+00
2.62262262e+01,5.72820414e+00,1.10218827e+01,2.94600607e+06,5.96895298e+02,1.50000000e-01,2.50000000e-01,6.00000000e-01,0.00000000e+00
2.63263263e+01,5.71587379e+00,1.28497394e+01,2.93713275e+06,5.96381211e+02,1.50000000e-01,2.50000000e-01,6.00000000e-01,0.00000000e+00
2.64264264e+01,5.70259204e+00,1.48221779e+01,2.92758328e+06,5.95826701e+02,1.50000000e-01,2.50000000e-01,6.00000000e-01,0.00000000e+00
2.65265265e+01,5.68844354e+00,1.69274024e+01,2.91742033e+06,5.95235137e+02,1.50000000e-01,2.50000000e-01,6.00000000e-01,0.00000000e+00
2.66266266e+01,5.67352109e+00,1.91523536e+01,2.90671231e+06,5.94610237e+02,1.50000000e-01,2.50000000e-01,6.00000000e-01,0.00000000e+00
2.67267267e+01,5.65792018e+00,2.14835038e+01,2.89552937e+06,5.93955851e+02,1.50000000e-01,2.50000000e-01,6.00000000e-01,0.00000000e+00
2.68268268e+01,5.64173415e+00,2.39075524e+01,2.88393994e+06,5.93275757e+02,1.50000000e-01,2.50000000e-01,6.00000000e-01,0.00000000e+00
2.69269269e+01,5.62505052e+00,2.64119793e+01,2.87200804e+06,5.92573508e+02,1.50000000e-01,2.50000000e-01,6.00000000e-01,0.00000000e+00
2.70270270e+01,5.60794832e+00,2.89854409e+01,2.85979138e+06,5.91852323e+02,1.50000000e-01,2.50000000e-01,6.00000000e-01,0.00000000e+00
2.71271271e+01,5.59049646e+00,3.16180201e+01,2.84734021e+06,5.91115015e+02,1.50000000e-01,2.50000000e-01,6.00000000e-01,0.00000000e+00
2.72272272e+01,5.57275297e+00,3.43013610e+01,2.83469683e+06,5.90363955e+02,1.50000000e-01,2.50000000e-01,6.00000000e-01,0.00000000e+00
2.73273273e+01,5.55476465e+00,3.70287312e+01,2.82189536e+06,5.89601052e+02,1.50000000e-01,2.50000000e-01,6.00000000e-01,0.00000000e+00
2.74274274e+01,5.53656693e+00,3.97950632e+01,2.80896169e+06,5.88827748e+02,1.50000000e-01,2.50000000e-01,6.00000000e-01,0.00000000e+00
2.75275275e+01,5.51818358e+00,4.25970411e+01,2.79591319e+06,5.88044978e+02,1.50000000e-01,2.50000000e-01,6.00000000e-01,0.00000000e+00
2.76276276e+01,5.49962651e+00,4.54333826e+01,2.78275762e+06,5.87252928e+02,1.50000000e-01,2.50000000e-01,6.00000000e-01,0.00000000e+00
2.77277277e+01,5.48094241e+00,4.82990895e+01,2.76952430e+06,5.86452643e+02,1.50000000e-01,2.50000000e-01,6.00000000e-01,0.00000000e+00
2.78278278e+01,5.46221777e+00,5.11745115e+01,2.75628664e+06,5.85650309e+02,1.50000000e-01,2.50000000e-01,6.00000000e-01,0.00000000e+00
2.79279279e+01,5.44352620e+00,5.40617533e+01,2.74309031e+06,5.84847713e+02,1.50000000e-01,2.50000000e-01,6.00000000e-01,0.00000000e+00
2.80280280e+01,5.42478413e+00,5.69467486e+01,2.72987710e+06,5.84041411e+02,1.50000000e-01,2.50000000e-01,6.00000000e-01,0.00000000e+00
2.81281281e+01,5.40612585e+00,5.98484255e+01,2.71674193e+06,5.83237232e+02,1.50000000e-01,2.50000000e-01,6.00000000e-01,0.00000000e+00
2.82282282e+01,5.38741950e+00,6.27452894e+01,2.70358871e+06,5.82428793e+02,1.50000000e-01,2.50000000e-01,6.00000000e-01,0.00000000e+00
2.83283283e+01,5.36880279e+00,6.56564592e+01,2.69051976e+06,5.81623227e+02,1.50000000e-01,2.50000000e-01,6.00000000e-01,0.00000000e+00
2.84284284e+01,5.35013982e+00,6.85596566e+01,2.67743378e+06,5.80813382e+02,1.50000000e-01,2.50000000e-01,6.00000000e-01,0.00000000e+00
2.85285285e+01,5.33158634e+00,7.14788759e+01,2.66444523e+06,5.80007163e+02,1.50000000e-01,2.50000000e-01,6.00000000e-01,0.00000000e+00
2.86286286e+01,5.31298660e+00,7.43891037e+01,2.65143965e+06,5.79196639e+02,1.50000000e-01,2.50000000e-01,6.00000000e-01,0.00000000e+00
2.87287287e+01,5.29450027e+00,7.73140445e+01,2.63853431e+06,5.78390004e+02,1.50000000e-01,2.50000000e-01,6.00000000e-01,0.00000000e+00
2.88288288e+01,5.27596864e+00,8.02283305e+01,2.62561243e+06,5.77579035e+02,1.50000000e-01,2.50000000e-01,6.00000000e-01,0.00000000e+00
2.89289289e+01,5.25755938e+00,8.31581920e+01,2.61279691e+06,5.76772405e+02,1.50000000e-01,2.50000000e-01,6.00000000e-01,0.00000000e+00
2.90290290e+01,5.23910613e+00,8.60769219e+01,2.59996562e+06,5.75961448e+02,1.50000000e-01,2.50000000e-01,6.00000000e-01,0.00000000e+00
2.91291291e+01,5.22077723e+00,8.90104782e+01,2.58724188e+06,5.75154969e+02,1.50000000e-01,2.50000000e-01,6.00000000e-01,0.00000000e+00
2.92292292e+01,5.20240459e+00,9.19319830e+01,2.57450240e+06,5.74344126e+02,1.50000000e-01,2.50000000e-01,6.00000000e-01,0.00000000e+00
2.93293293e+01,5.18416063e+00,9.48687521e+01,2.56187330e+06,5.73538010e+02,1.50000000e-01,2.50000000e-01,6.00000000e-01,0.00000000e+00
2.94294294e+01,5.16587446e+00,9.77932397e+01,2.54922937e+06,5.72727548e+02,1.50000000e-01,2.50000000e-01,6.00000000e-01,0.00000000e+00
2.95295295e+01,5.14771781e+00,1.00732549e+02,2.53669619e+06,5.71921907e+02,1.50000000e-01,2.50000000e-01,6.00000000e-01,0.00000000e+00
2.96296296e+01,5.12951911e+00,1.03659064e+02,2.52414814e+06,5.71111881e+02,1.50000000e-01,2.50000000e-01,6.00000000e-01,0.00000000e+00
2.97297297e+01,5.11145183e+00,1.06600601e+02,2.51171193e+06,5.70306817e+02,1.50000000e-01,2.50000000e-01,6.00000000e-01,0.00000000e+00
2.98298298e+01,5.09334398e+00,1.09529235e+02,2.49926173e+06,5.69497391e+02,1.50000000e-01,2.50000000e-01,6.00000000e-01,0.00000000e+00
2.99299299e+01,5.07536776e+00,1.12472620e+02,2.48692327e+06,5.68692991e+02,1.50000000e-01,2.50000000e-01,6.00000000e-01,0.00000000e+00
3.00300300e+01,5.05735119e+00,1.15402820e+02,2.47457083e+06,5.67884198e+02,1.50000000e-01,2.50000000e-01,6.00000000e-01,0.00000000e+00
3.01301301e+01,5.03946684e+00,1.18347840e+02,2.46233029e+06,5.67080512e+02,1.50000000e-01,2.50000000e-01,6.00000000e-01,0.00000000e+00
3.02302302e+01,5.02154350e+00,1.21279628e+02,2.45007656e+06,5.66272451e+02,1.50000000e-01,2.50000000e-01,6.00000000e-01,0.00000000e+00
3.03303303e+01,5.00375219e+00,1.24226060e+02,2.43793435e+06,5.65469546e+02,1.50000000e-01,2.50000000e-01,6.00000000e-01,0.00000000e+00
3.04304304e+01,4.98592223e+00,1.27159115e+02,2.42577905e+06,5.64662242e+02,1.50000000e-01,2.50000000e-01,6.00000000e-01,0.00000000e+00
3.05305305e+01,4.96822418e+00,1.30106809e+02,2.41373491e+06,5.63860140e+02,1.50000000e-01,2.50000000e-01,6.00000000e-01,0.00000000e+00
3.06306306e+01,4.95048868e+00,1.33041115e+02,2.40167837e+06,5.63053654e+02,1.50000000e-01,2.50000000e-01,6.00000000e-01,0.00000000e+00
3.07307307e+01,4.93288467e+00,1.35989935e+02,2.38973243e+06,5.62252405e+02,1.50000000e-01,2.50000000e-01,6.00000000e-01,0.00000000e+00
3.08308308e+01,4.91524364e+00,1.38925305e+02,2.37777426e+06,5.61446758e+02,1.50000000e-01,2.50000000e-01,6.00000000e-01,0.00000000e+00
3.09309309e+01,4.89773357e+00,1.41875144e+02,2.36592606e+06,5.60646374e+02,1.50000000e-01,2.50000000e-01,6.00000000e-01,0.00000000e+00
3.10310310e+01,4.88018756e+00,1.44811544e+02,2.35406623e+06,5.59841606e+02,1.50000000e-01,2.50000000e-01,6.00000000e-01,0.00000000e+00
3.11311311e+01,4.86277190e+00,1.47762316e+02,2.34231568e+06,5.59042125e+02,1.50000000e-01,2.50000000e-01,6.00000000e-01,0.00000000e+00
3.12312312e+01,4.84532083e+00,1.50699636e+02,2.33055375e+06,5.58238250e+02,1.50000000e-01,2.50000000e-01,6.00000000e-01,0.00000000e+00
3.13313313e+01,4.82799939e+00,1.53651262e+02,2.31890030e+06,5.57439676e+02,1.50000000e-01,2.50000000e-01,6.00000000e-01,0.00000000e+00
3.14314314e+01,4.81064349e+00,1.56589462e+02,2.30723600e+06,5.56636721e+02,1.50000000e-01,2.50000000e-01,6.00000000e-01,0.00000000e+00
3.15315315e+01,4.79341649e+00,1.59541885e+02,2.29567940e+06,5.55839082e+02,1.50000000e-01,2.50000000e-01,6.00000000e-01,0.00000000e+00
3.16316316e+01,4.77615563e+00,1.62480901e+02,2.28411226e+06,5.55037060e+02,1.50000000e-01,2.50000000e-01,6.00000000e-01,0.00000000e+00
3.17317317e+01,4.75902280e+00,1.65434064e+02,2.27265193e+06,5.54240359e+02,1.50000000e-01,2.50000000e-01,6.00000000e-01,0.00000000e+00
3.18318318e+01,4.74185699e+00,1.68373855e+02,2.26118153e+06,5.53439287e+02,1.50000000e-01,2.50000000e-01,6.00000000e-01,0.00000000e+00
3.19319319e+01,4.72481841e+00,1.71327716e+02,2.24981712e+06,5.52643544e+02,1.50000000e-01,2.50000000e-01,6.00000000e-01,0.00000000e+00
3.20320320e+01,4.70774749e+00,1.74268245e+02,2.23844296e+06,5.51843433e+02,1.50000000e-01,2.50000000e-01,6.00000000e-01,0.00000000e+00
3.21321321e+01,4.69080286e+00,1.77222763e+02,2.22717385e+06,5.51048652e+02,1.50000000e-01,2.50000000e-01,6.00000000e-01,0.00000000e+00
3.22322322e+01,4.67382669e+00,1.80163992e+02,2.21589545e+06,5.50249515e+02,1.50000000e-01,2.50000000e-01,6.00000000e-01,0.00000000e+00
3.23323323e+01,4.65697595e+00,1.83119136e+02,2.20472121e+06,5.49455710e+02,1.50000000e-01,2.50000000e-01,6.00000000e-01,0.00000000e+00
3.24324324e+01,4.64009434e+00,1.86061043e+02,2.19353803e+06,5.48657556e+02,1.50000000e-01,2.50000000e-01,6.00000000e-01,0.00000000e+00
3.25325325e+01,4.62333720e+00,1.89016781e+02,2.18245805e+06,5.47864730e+02,1.50000000e-01,2.50000000e-01,6.00000000e-01,0.00000000e+00
3.26326326e+01,4.60654995e+00,1.91959332e+02,2.17136957e+06,5.47067567e+02,1.50000000e-01,2.50000000e-01,6.00000000e-01,0.00000000e+00
3.27327327e+01,4.58988625e+00,1.94915640e+02,2.16038335e+06,5.46275730e+02,1.50000000e-01,2.50000000e-01,6.00000000e-01,0.00000000e+00
3.28328328e+01,4.57319314e+00,1.97858821e+02,2.14938901e+06,5.45479567e+02,1.50000000e-01,2.50000000e-01,6.00000000e-01,0.00000000e+00
3.29329329e+01,4.55662259e+00,2.00815676e+02,2.13849596e+06,5.44688721e+02,1.50000000e-01,2.50000000e-01,6.00000000e-01,0.00000000e+00
3.30330330e+01,4.54002335e+00,2.03759458e+02,2.12759519e+06,5.43893564e+02,1.50000000e-01,2.50000000e-01,6.00000000e-01,0.00000000e+00
3.31331331e+01,4.52354575e+00,2.06716841e+02,2.11679478e+06,5.43103717e+02,1.50000000e-01,2.50000000e-01,6.00000000e-01,0.00000000e+00
3.32332332e+01,4.50704013e+00,2.09661214e+02,2.10598702e+06,5.42309573e+02,1.50000000e-01,2.50000000e-01,6.00000000e-01,0.00000000e+00
3.33333333e+01,4.49065516e+00,2.12619105e+02,2.09527864e+06,5.41520729e+02,1.50000000e-01,2.50000000e-01,6.00000000e-01,0.00000000e+00
3.34334334e+01,4.47424288e+00,2.15564047e+02,2.08456331e+06,5.40727603e+02,1.50000000e-01,2.50000000e-01,6.00000000e-01,0.00000000e+00
3.35335335e+01,4.45795029e+00,2.18522431e+02,2.07394640e+06,5.39939766e+02,1.50000000e-01,2.50000000e-01,6.00000000e-01,0.00000000e+00
3.36336336e+01,4.44163106e+00,2.21467933e+02,2.06332292e+06,5.39147665e+02,1.50000000e-01,2.50000000e-01,6.00000000e-01,0.00000000e+00
3.37337337e+01,4.42543054e+00,2.24426796e+02,2.05279690e+06,5.38360839e+02,1.50000000e-01,2.50000000e-01,6.00000000e-01,0.00000000e+00
3.38338338e+01,4.40920407e+00,2.27372839e+02,2.04226469e+06,5.37569766e+02,1.50000000e-01,2.50000000e-01,6.00000000e-01,0.00000000e+00
3.39339339e+01,4.39309533e+00,2.30332167e+02,2.03182896e+06,5.36783954e+02,1.50000000e-01,2.50000000e-01,6.00000000e-01,0.00000000e+00
3.40340340e+01,4.37696131e+00,2.33278746e+02,2.02138743e+06,5.35993916e+02,1.50000000e-01,2.50000000e-01,6.00000000e-01,0.00000000e+00
3.41341341e+01,4.36094405e+00,2.36238528e+02,2.01104141e+06,5.35209120e+02,1.50000000e-01,2.50000000e-01,6.00000000e-01,0.00000000e+00
3.42342342e+01,4.34490217e+00,2.39185627e+02,2.00068997e+06,5.34420118e+02,1.50000000e-01,2.50000000e-01,6.00000000e-01,0.00000000e+00
3.43343343e+01,4.32897609e+00,2.42145852e+02,1.99043307e+06,5.33636341e+02,1.50000000e-01,2.50000000e-01,6.00000000e-01,0.00000000e+00
3.44344344e+01,4.31302604e+00,2.45093465e+02,1.98017112e+06,5.32848380e+02,1.50000000e-01,2.50000000e-01,6.00000000e-01,0.00000000e+00
3.45345345e+01,4.29719080e+00,2.48054124e+02,1.97000275e+06,5.32065625e+02,1.50000000e-01,2.50000000e-01,6.00000000e-01,0.00000000e+00
3.46346346e+01,4.28133224e+00,2.51002240e+02,1.95982971e+06,5.31278709e+02,1.50000000e-01,2.50000000e-01,6.00000000e-01,0.00000000e+00
3.47347347e+01,4.26558752e+00,2.53963325e+02,1.94974927e+06,5.30496979e+02,1.50000000e-01,2.50000000e-01,6.00000000e-01,0.00000000e+00
3.48348348e+01,4.24982012e+00,2.56911937e+02,1.93966454e+06,5.29711113e+02,1.50000000e-01,2.50000000e-01,6.00000000e-01,0.00000000e+00
3.49349349e+01,4.23416559e+00,2.59873439e+02,1.92967144e+06,5.28930409e+02,1.50000000e-01,2.50000000e-01,6.00000000e-01,0.00000000e+00
3.50350350e+01,4.21848903e+00,2.62822539e+02,1.91967442e+06,5.28145594e+02,1.50000000e-01,2.50000000e-01,6.00000000e-01,0.00000000e+00
3.51351351e+01,4.20292439e+00,2.65784452e+02,1.90976807e+06,5.27365917e+02,1.50000000e-01,2.50000000e-01,6.00000000e-01,0.00000000e+00
3.52352352e+01,4.18733834e+00,2.68734033e+02,1.89985818e+06,5.26582155e+02,1.50000000e-01,2.50000000e-01,6.00000000e-01,0.00000000e+00
3.53353353e+01,4.17186325e+00,2.71696349e+02,1.89003800e+06,5.25803506e+02,1.50000000e-01,2.50000000e-01,6.00000000e-01,0.00000000e+00
3.54354354e+01,4.15636737e+00,2.74646404e+02,1.88021464e+06,5.25020801e+02,1.50000000e-01,2.50000000e-01,6.00000000e-01,0.00000000e+00
3.55355355e+01,4.14098149e+00,2.77609115e+02,1.87048003e+06,5.24243185e+02,1.50000000e-01,2.50000000e-01,6.00000000e-01,0.00000000e+00
3.56356356e+01,4.12557543e+00,2.80559636e+02,1.86074262e+06,5.23461542e+02,1.50000000e-01,2.50000000e-01,6.00000000e-01,0.00000000e+00
3.57357357e+01,4.11027844e+00,2.83522735e+02,1.85109301e+06,5.22684961e+02,1.50000000e-01,2.50000000e-01,6.00000000e-01,0.00000000e+00
3.58358358e+01,4.09496188e+00,2.86473714e+02,1.84144097e+06,5.21904383e+02,1.50000000e-01,2.50000000e-01,6.00000000e-01,0.00000000e+00
3.59359359e+01,4.07975346e+00,2.89437191e+02,1.83187577e+06,5.21128837e+02,1.50000000e-01,2.50000000e-01,6.00000000e-01,0.00000000e+00
3.60360360e+01,4.06452609e+00,2.92388618e+02,1.82230851e+06,5.20349325e+02,1.50000000e-01,2.50000000e-01,6.00000000e-01,0.00000000e+00
3.61361361e+01,4.04940595e+00,2.95352465e+02,1.81282717e+06,5.19574815e+02,1.50000000e-01,2.50000000e-01,6.00000000e-01,0.00000000e+00
3.62362362e+01,4.03426744e+00,2.98304331e+02,1.80334412e+06,5.18796373e+02,1.50000000e-01,2.50000000e-01,6.00000000e-01,0.00000000e+00
3.63363363e+01,4.01923523e+00,3.01268539e+02,1.79394606e+06,5.18022904e+02,1.50000000e-01,2.50000000e-01,6.00000000e-01,0.00000000e+00
3.64364364e+01,4.00418524e+00,3.04220835e+02,1.78454665e+06,5.17245537e+02,1.50000000e-01,2.50000000e-01,6.00000000e-01,0.00000000e+00
3.65365365e+01,3.98924064e+00,3.07185394e+02,1.77523130e+06,5.16473113e+02,1.50000000e-01,2.50000000e-01,6.00000000e-01,0.00000000e+00
3.66366366e+01,3.97427885e+00,3.10138111e+02,1.76591496e+06,5.15696825e+02,1.50000000e-01,2.50000000e-01,6.00000000e-01,0.00000000e+00
3.67367367e+01,3.95942155e+00,3.13103015e+02,1.75668174e+06,5.14925444e+02,1.50000000e-01,2.50000000e-01,6.00000000e-01,0.00000000e+00
3.68368368e+01,3.94454763e+00,3.16056148e+02,1.74744790e+06,5.14150236e+02,1.50000000e-01,2.50000000e-01,6.00000000e-01,0.00000000e+00
3.69369369e+01,3.92977728e+00,3.19021389e+02,1.73829624e+06,5.13379899e+02,1.50000000e-01,2.50000000e-01,6.00000000e-01,0.00000000e+00
3.70370370e+01,3.91499087e+00,3.21974936e+02,1.72914431e+06,5.12605773e+02,1.50000000e-01,2.50000000e-01,6.00000000e-01,0.00000000e+00
3.71371371e+01,3.90030711e+00,3.24940513e+02,1.72007362e+06,5.11836482e+02,1.50000000e-01,2.50000000e-01,6.00000000e-01,0.00000000e+00
3.72372372e+01,3.88560784e+00,3.27894474e+02,1.71100301e+06,5.11063439e+02,1.50000000e-01,2.50000000e-01,6.00000000e-01,0.00000000e+00
3.73373373e+01,3.87101027e+00,3.30860391e+02,1.70201269e+06,5.10295193e+02,1.50000000e-01,2.50000000e-01,6.00000000e-01,0.00000000e+00
3.74374374e+01,3.85639775e+00,3.33814773e+02,1.69302280e+06,5.09523235e+02,1.50000000e-01,2.50000000e-01,6.00000000e-01,0.00000000e+00
3.75375375e+01,3.84188599e+00,3.36781035e+02,1.68411226e+06,5.08756032e+02,1.50000000e-01,2.50000000e-01,6.00000000e-01,0.00000000e+00
3.76376376e+01,3.82735981e+00,3.39735845e+02,1.67520247e+06,5.07985154e+02,1.50000000e-01,2.50000000e-01,6.00000000e-01,0.00000000e+00
3.77377377e+01,3.81293344e+00,3.42702463e+02,1.66637109e+06,5.07218991e+02,1.50000000e-01,2.50000000e-01,6.00000000e-01,0.00000000e+00
3.78378378e+01,3.79849319e+00,3.45657714e+02,1.65754081e+06,5.06449193e+02,1.50000000e-01,2.50000000e-01,6.00000000e-01,0.00000000e+00
3.79379379e+01,3.78415181e+00,3.48624697e+02,1.64878798e+06,5.05684066e+02,1.50000000e-01,2.50000000e-01,6.00000000e-01,0.00000000e+00
3.80380380e+01,3.76979707e+00,3.51580397e+02,1.64003659e+06,5.04915347e+02,1.50000000e-01,2.50000000e-01,6.00000000e-01,0.00000000e+00
3.81381381e+01,3.75554026e+00,3.54547756e+02,1.63136172e+06,5.04151255e+02,1.50000000e-01,2.50000000e-01,6.00000000e-01,0.00000000e+00
3.82382382e+01,3.74127062e+00,3.57503918e+02,1.62268862e+06,5.03383613e+02,1.50000000e-01,2.50000000e-01,6.00000000e-01,0.00000000e+00
3.83383383e+01,3.72709796e+00,3.60471665e+02,1.61409110e+06,5.02620552e+02,1.50000000e-01,2.50000000e-01,6.00000000e-01,0.00000000e+00
3.84384384e+01,3.71291299e+00,3.63428304e+02,1.60549568e+06,5.01853985e+02,1.50000000e-01,2.50000000e-01,6.00000000e-01,0.00000000e+00
3.85385385e+01,3.69882400e+00,3.66396456e+02,1.59697488e+06,5.01091948e+02,1.50000000e-01,2.50000000e-01,6.00000000e-01,0.00000000e+00
3.86386386e+01,3.68472317e+00,3.69353636e+02,1.58845647e+06,5.00326446e+02,1.50000000e-01,2.50000000e-01,6.00000000e-01,0.00000000e+00
3.87387387e+01,3.67071697e+00,3.72322277e+02,1.58001151e+06,4.99565407e+02,1.50000000e-01,2.50000000e-01,6.00000000e-01,0.00000000e+00
3.88388388e+01,3.65669939e+00,3.75280103e+02,1.57156921e+06,4.98800937e+02,1.50000000e-01,2.50000000e-01,6.00000000e-01,0.00000000e+00
3.89389389e+01,3.64277526e+00,3.78249318e+02,1.56319933e+06,4.98040877e+02,1.50000000e-01,2.50000000e-01,6.00000000e-01,0.00000000e+00
3.90390390e+01,3.62884156e+00,3.81207932e+02,1.55483308e+06,4.97277456e+02,1.50000000e-01,2.50000000e-01,6.00000000e-01,0.00000000e+00
3.91391391e+01,3.61499656e+00,3.84177377e+02,1.54653600e+06,4.96518177e+02,1.50000000e-01,2.50000000e-01,6.00000000e-01,0.00000000e+00
3.92392392e+01,3.60115004e+00,3.87137135e+02,1.53824779e+06,4.95756127e+02,1.50000000e-01,2.50000000e-01,6.00000000e-01,0.00000000e+00
3.93393393e+01,3.58738781e+00,3.90106713e+02,1.53002500e+06,4.94997729e+02,1.50000000e-01,2.50000000e-01,6.00000000e-01,0.00000000e+00
3.94394394e+01,3.57361799e+00,3.93065230e+02,1.52180924e+06,4.94236823e+02,1.50000000e-01,2.50000000e-01,6.00000000e-01,0.00000000e+00
3.95395395e+01,3.55994631e+00,3.96035583e+02,1.51366572e+06,4.93479975e+02,1.50000000e-01,2.50000000e-01,6.00000000e-01,0.00000000e+00
3.96396396e+01,3.54626990e+00,3.98995994e+02,1.50552880e+06,4.92720109e+02,1.50000000e-01,2.50000000e-01,6.00000000e-01,0.00000000e+00
3.97397397e+01,3.53266423e+00,4.01963994e+02,1.49744967e+06,4.91963500e+02,1.50000000e-01,2.50000000e-01,6.00000000e-01,0.00000000e+00
3.98398398e+01,3.51906865e+00,4.04925214e+02,1.48938760e+06,4.91205250e+02,1.50000000e-01,2.50000000e-01,6.00000000e-01,0.00000000e+00
3.99399399e+01,3.50556210e+00,4.07896303e+02,1.48139128e+06,4.90450437e+02,1.50000000e-01,2.50000000e-01,6.00000000e-01,0.00000000e+00
4.00400400e+01,3.49204306e+00,4.10856057e+02,1.47339842e+06,4.89692684e+02,1.50000000e-01,2.50000000e-01,6.00000000e-01,0.00000000e+00
4.01401401e+01,3.47860162e+00,4.13824590e+02,1.46546584e+06,4.88938248e+02,1.50000000e-01,2.50000000e-01,6.00000000e-01,0.00000000e+00
4.02402402e+01,3.46517868e+00,4.16788190e+02,1.45755459e+06,4.88182495e+02,1.50000000e-01,2.50000000e-01,6.00000000e-01,0.00000000e+00
4.03403403e+01,3.45182785e+00,4.19759023e+02,1.44969910e+06,4.87429428e+02,1.50000000e-01,2.50000000e-01,6.00000000e-01,0.00000000e+00
4.04404404e+01,3.43846777e+00,4.22718632e+02,1.44184953e+06,4.86673824e+02,1.50000000e-01,2.50000000e-01,6.00000000e-01,0.00000000e+00
4.05405405e+01,3.42519356e+00,4.25688766e+02,1.43406354e+06,4.85921688e+02,1.50000000e-01,2.50000000e-01,6.00000000e-01,0.00000000e+00
4.06406406e+01,3.41193709e+00,4.28653873e+02,1.42629832e+06,4.85168240e+02,1.50000000e-01,2.50000000e-01,6.00000000e-01,0.00000000e+00
4.07407407e+01,3.39874019e+00,4.31623946e+02,1.41858138e+06,4.84416909e+02,1.50000000e-01,2.50000000e-01,6.00000000e-01,0.00000000e+00
4.08408408e+01,3.38554140e+00,4.34584477e+02,1.41087516e+06,4.83663667e+02,1.50000000e-01,2.50000000e-01,6.00000000e-01,0.00000000e+00
4.09409409e+01,3.37243178e+00,4.37556082e+02,1.40323300e+06,4.82913807e+02,1.50000000e-01,2.50000000e-01,6.00000000e-01,0.00000000e+00
4.10410410e+01,3.35933677e+00,4.40522100e+02,1.39560995e+06,4.82162598e+02,1.50000000e-01,2.50000000e-01,6.00000000e-01,0.00000000e+00
4.11411411e+01,3.34629467e+00,4.43491696e+02,1.38803080e+06,4.81413127e+02,1.50000000e-01,2.50000000e-01,6.00000000e-01,0.00000000e+00
4.12412412e+01,3.33325794e+00,4.46453365e+02,1.38046626e+06,4.80662103e+02,1.50000000e-01,2.50000000e-01,6.00000000e-01,0.00000000e+00
4.13413413e+01,3.32030996e+00,4.49426205e+02,1.37296509e+06,4.79914502e+02,1.50000000e-01,2.50000000e-01,6.00000000e-01,0.00000000e+00
4.14414414e+01,3.30737440e+00,4.52392997e+02,1.36548172e+06,4.79165494e+02,1.50000000e-01,2.50000000e-01,6.00000000e-01,0.00000000e+00
4.15415415e+01,3.29448760e+00,4.55362501e+02,1.35803944e+06,4.78418001e+02,1.50000000e-01,2.50000000e-01,6.00000000e-01,0.00000000e+00
4.16416416e+01,3.28161099e+00,4.58325214e+02,1.35061432e+06,4.77669223e+02,1.50000000e-01,2.50000000e-01,6.00000000e-01,0.00000000e+00
4.17417417e+01,3.26882128e+00,4.61298917e+02,1.34325102e+06,4.76923814e+02,1.50000000e-01,2.50000000e-01,6.00000000e-01,0.00000000e+00
4.18418418e+01,3.25604407e+00,4.64266563e+02,1.33590550e+06,4.76177063e+02,1.50000000e-01,2.50000000e-01,6.00000000e-01,0.00000000e+00
4.19419419e+01,3.24331305e+00,4.67236328e+02,1.32859898e+06,4.75431607e+02,1.50000000e-01,2.50000000e-01,6.00000000e-01,0.00000000e+00
4.20420420e+01,3.23059442e+00,4.70199834e+02,1.32131066e+06,4.74684999e+02,1.50000000e-01,2.50000000e-01,6.00000000e-01,0.00000000e+00
4.21421421e+01,3.21796053e+00,4.73174100e+02,1.31408244e+06,4.73941683e+02,1.50000000e-01,2.50000000e-01,6.00000000e-01,0.00000000e+00
4.22422422e+01,3.20534142e+00,4.76142851e+02,1.30687331e+06,4.73197237e+02,1.50000000e-01,2.50000000e-01,6.00000000e-01,0.00000000e+00
4.23423423e+01,3.19276629e+00,4.79113241e+02,1.29970138e+06,4.72453922e+02,1.50000000e-01,2.50000000e-01,6.00000000e-01,0.00000000e+00
4.24424424e+01,3.18020275e+00,4.82077240e+02,1.29254710e+06,4.71709449e+02,1.50000000e-01,2.50000000e-01,6.00000000e-01,0.00000000e+00
4.25425425e+01,3.16772156e+00,4.85051699e+02,1.28545104e+06,4.70968159e+02,1.50000000e-01,2.50000000e-01,6.00000000e-01,0.00000000e+00
4.26426426e+01,3.15525987e+00,4.88021757e+02,1.27837669e+06,4.70226086e+02,1.50000000e-01,2.50000000e-01,6.00000000e-01,0.00000000e+00
4.27427427e+01,3.14284127e+00,4.90993250e+02,1.27133843e+06,4.69485013e+02,1.50000000e-01,2.50000000e-01,6.00000000e-01,0.00000000e+00
4.28428428e+01,3.13043111e+00,4.93957633e+02,1.26431586e+06,4.68742619e+02,1.50000000e-01,2.50000000e-01,6.00000000e-01,0.00000000e+00
4.29429429e+01,3.11809975e+00,4.96931868e+02,1.25734901e+06,4.68003228e+02,1.50000000e-01,2.50000000e-01,6.00000000e-01,0.00000000e+00
4.30430430e+01,3.10579397e+00,4.99903213e+02,1.25040727e+06,4.67263495e+02,1.50000000e-01,2.50000000e-01,6.00000000e-01,0.00000000e+00
4.31431431e+01,3.09353251e+00,5.02876343e+02,1.24350180e+06,4.66524806e+02,1.50000000e-01,2.50000000e-01,6.00000000e-01,0.00000000e+00
4.32432432e+01,3.08127469e+00,5.05841257e+02,1.23660924e+06,4.65784550e+02,1.50000000e-01,2.50000000e-01,6.00000000e-01,0.00000000e+00
4.33433433e+01,3.06908949e+00,5.08814744e+02,1.22976845e+06,4.65046952e+02,1.50000000e-01,2.50000000e-01,6.00000000e-01,0.00000000e+00
4.34434434e+01,3.05693629e+00,5.11786962e+02,1.22295623e+06,4.64309460e+02,1.50000000e-01,2.50000000e-01,6.00000000e-01,0.00000000e+00
4.35435435e+01,3.04483242e+00,5.14762243e+02,1.21618257e+06,4.63573272e+02,1.50000000e-01,2.50000000e-01,6.00000000e-01,0.00000000e+00
4.36436436e+01,3.03272810e+00,5.17728321e+02,1.20941937e+06,4.62835274e+02,1.50000000e-01,2.50000000e-01,6.00000000e-01,0.00000000e+00
4.37437437e+01,3.02068688e+00,5.20700838e+02,1.20270216e+06,4.62099381e+02,1.50000000e-01,2.50000000e-01,6.00000000e-01,0.00000000e+00
4.38438438e+01,3.00868137e+00,5.23673107e+02,1.19601543e+06,4.61363882e+02,1.50000000e-01,2.50000000e-01,6.00000000e-01,0.00000000e+00
4.39439439e+01,2.99673352e+00,5.26650610e+02,1.18937151e+06,4.60630203e+02,1.50000000e-01,2.50000000e-01,6.00000000e-01,0.00000000e+00
4.40440440e+01,2.98478486e+00,5.29618859e+02,1.18273767e+06,4.59894698e+02,1.50000000e-01,2.50000000e-01,6.00000000e-01,0.00000000e+00
4.41441441e+01,2.97288747e+00,5.32590802e+02,1.17614292e+06,4.59160621e+02,1.50000000e-01,2.50000000e-01,6.00000000e-01,0.00000000e+00
4.42442442e+01,2.96102384e+00,5.35562100e+02,1.16957735e+06,4.58426854e+02,1.50000000e-01,2.50000000e-01,6.00000000e-01,0.00000000e+00
4.43443443e+01,2.94922739e+00,5.38541180e+02,1.16305937e+06,4.57695490e+02,1.50000000e-01,2.50000000e-01,6.00000000e-01,0.00000000e+00
4.44444444e+01,2.93743650e+00,5.41512612e+02,1.15655487e+06,4.56962711e+02,1.50000000e-01,2.50000000e-01,6.00000000e-01,0.00000000e+00
4.45445445e+01,2.92568660e+00,5.44485284e+02,1.15008334e+06,4.56230713e+02,1.50000000e-01,2.50000000e-01,6.00000000e-01,0.00000000e+00
4.46446446e+01,2.91396131e+00,5.47455109e+02,1.14363573e+06,4.55498488e+02,1.50000000e-01,2.50000000e-01,6.00000000e-01,0.00000000e+00
4.47447447e+01,2.90230835e+00,5.50434249e+02,1.13723816e+06,4.54769029e+02,1.50000000e-01,2.50000000e-01,6.00000000e-01,0.00000000e+00
4.48448448e+01,2.89067320e+00,5.53408913e+02,1.13086064e+06,4.54038938e+02,1.50000000e-01,2.50000000e-01,6.00000000e-01,0.00000000e+00
4.49449449e+01,2.87907574e+00,5.56384158e+02,1.12451400e+06,4.53309461e+02,1.50000000e-01,2.50000000e-01,6.00000000e-01,0.00000000e+00
4.50450450e+01,2.86748985e+00,5.59353313e+02,1.11818390e+06,4.52578954e+02,1.50000000e-01,2.50000000e-01,6.00000000e-01,0.00000000e+00
4.51451451e+01,2.85597217e+00,5.62330957e+02,1.11190121e+06,4.51850989e+02,1.50000000e-01,2.50000000e-01,6.00000000e-01,0.00000000e+00
4.52452452e+01,2.84448514e+00,5.65307500e+02,1.10564530e+06,4.51123199e+02,1.50000000e-01,2.50000000e-01,6.00000000e-01,0.00000000e+00
4.53453453e+01,2.83304307e+00,5.68286659e+02,1.09942390e+06,4.50396495e+02,1.50000000e-01,2.50000000e-01,6.00000000e-01,0.00000000e+00
4.54454454e+01,2.82160342e+00,5.71257420e+02,1.09321384e+06,4.49668177e+02,1.50000000e-01,2.50000000e-01,6.00000000e-01,0.00000000e+00
4.55455455e+01,2.81021818e+00,5.74233314e+02,1.08704330e+06,4.48941560e+02,1.50000000e-01,2.50000000e-01,6.00000000e-01,0.00000000e+00
4.56456456e+01,2.79886773e+00,5.77209320e+02,1.08090158e+06,4.48215407e+02,1.50000000e-01,2.50000000e-01,6.00000000e-01,0.00000000e+00
4.57457457e+01,2.78757592e+00,5.80191741e+02,1.07480147e+06,4.47491258e+02,1.50000000e-01,2.50000000e-01,6.00000000e-01,0.00000000e+00
4.58458458e+01,2.77628945e+00,5.83166618e+02,1.06871415e+06,4.46765698e+02,1.50000000e-01,2.50000000e-01,6.00000000e-01,0.00000000e+00
4.59459459e+01,2.76504243e+00,5.86142920e+02,1.06265795e+06,4.46040918e+02,1.50000000e-01,2.50000000e-01,6.00000000e-01,0.00000000e+00
4.60460460e+01,2.75382092e+00,5.89117011e+02,1.05662530e+06,4.45316016e+02,1.50000000e-01,2.50000000e-01,6.00000000e-01,0.00000000e+00
4.61461461e+01,2.74266656e+00,5.92100001e+02,1.05063847e+06,4.44593689e+02,1.50000000e-01,2.50000000e-01,6.00000000e-01,0.00000000e+00
4.62462462e+01,2.73153219e+00,5.95079420e+02,1.04467206e+06,4.43870888e+02,1.50000000e-01,2.50000000e-01,6.00000000e-01,0.00000000e+00
4.63463463e+01,2.72043381e+00,5.98059541e+02,1.03873458e+06,4.43148653e+02,1.50000000e-01,2.50000000e-01,6.00000000e-01,0.00000000e+00
4.64464464e+01,2.70934499e+00,6.01033317e+02,1.03281188e+06,4.42425270e+02,1.50000000e-01,2.50000000e-01,6.00000000e-01,0.00000000e+00
4.65465465e+01,2.69831618e+00,6.04014346e+02,1.02693084e+06,4.41704036e+02,1.50000000e-01,2.50000000e-01,6.00000000e-01,0.00000000e+00
4.66466466e+01,2.68732043e+00,6.06995487e+02,1.02107702e+06,4.40983211e+02,1.50000000e-01,2.50000000e-01,6.00000000e-01,0.00000000e+00
4.67467467e+01,2.67637284e+00,6.09980871e+02,1.01525835e+06,4.40263787e+02,1.50000000e-01,2.50000000e-01,6.00000000e-01,0.00000000e+00
4.68468468e+01,2.66542889e+00,6.12958464e+02,1.00945117e+06,4.39542851e+02,1.50000000e-01,2.50000000e-01,6.00000000e-01,0.00000000e+00
4.69469469e+01,2.65452710e+00,6.15938730e+02,1.00367581e+06,4.38822916e+02,1.50000000e-01,2.50000000e-01,6.00000000e-01,0.00000000e+00
4.70470470e+01,2.64365469e+00,6.18918300e+02,9.97925500e+05,4.38103174e+02,1.50000000e-01,2.50000000e-01,6.00000000e-01,0.00000000e+00
4.71471471e+01,2.63284439e+00,6.21906159e+02,9.92217320e+05,4.37385740e+02,1.50000000e-01,2.50000000e-01,6.00000000e-01,0.00000000e+00
4.72472472e+01,2.62204994e+00,6.24889785e+02,9.86526961e+05,4.36667637e+02,1.50000000e-01,2.50000000e-01,6.00000000e-01,0.00000000e+00
4.73473473e+01,2.61128915e+00,6.27873951e+02,9.80863479e+05,4.35949924e+02,1.50000000e-01,2.50000000e-01,6.00000000e-01,0.00000000e+00
4.74474474e+01,2.60054014e+00,6.30852858e+02,9.75215708e+05,4.35231313e+02,1.50000000e-01,2.50000000e-01,6.00000000e-01,0.00000000e+00
4.75475475e+01,2.58984978e+00,6.33839333e+02,9.69607719e+05,4.34514723e+02,1.50000000e-01,2.50000000e-01,6.00000000e-01,0.00000000e+00
4.76476476e+01,2.57919017e+00,6.36826116e+02,9.64025477e+05,4.33798608e+02,1.50000000e-01,2.50000000e-01,6.00000000e-01,0.00000000e+00
4.77477477e+01,2.56857650e+00,6.39817039e+02,9.58475953e+05,4.33083586e+02,1.50000000e-01,2.50000000e-01,6.00000000e-01,0.00000000e+00
4.78478478e+01,2.55796578e+00,6.42800793e+02,9.52937858e+05,4.32367316e+02,1.50000000e-01,2.50000000e-01,6.00000000e-01,0.00000000e+00
4.79479479e+01,2.54739579e+00,6.45787176e+02,9.47429279e+05,4.31651627e+02,1.50000000e-01,2.50000000e-01,6.00000000e-01,0.00000000e+00
4.80480480e+01,2.53685095e+00,6.48772943e+02,9.41943897e+05,4.30936314e+02,1.50000000e-01,2.50000000e-01,6.00000000e-01,0.00000000e+00
4.81481481e+01,2.52636727e+00,6.51767231e+02,9.36498196e+05,4.30222843e+02,1.50000000e-01,2.50000000e-01,6.00000000e-01,0.00000000e+00
4.82482482e+01,2.51589860e+00,6.54758535e+02,9.31070716e+05,4.29509269e+02,1.50000000e-01,2.50000000e-01,6.00000000e-01,0.00000000e+00
4.83483483e+01,2.50546571e+00,6.57751186e+02,9.25669198e+05,4.28795636e+02,1.50000000e-01,2.50000000e-01,6.00000000e-01,0.00000000e+00
4.84484484e+01,2.49503795e+00,6.60738291e+02,9.20280868e+05,4.28081289e+02,1.50000000e-01,2.50000000e-01,6.00000000e-01,0.00000000e+00
4.85485485e+01,2.48466472e+00,6.63732304e+02,9.14927904e+05,4.27368085e+02,1.50000000e-01,2.50000000e-01,6.00000000e-01,0.00000000e+00
4.86486486e+01,2.47431639e+00,6.66727079e+02,9.09598685e+05,4.26655746e+02,1.50000000e-01,2.50000000e-01,6.00000000e-01,0.00000000e+00
4.87487487e+01,2.46402001e+00,6.69728192e+02,9.04302897e+05,4.25944190e+02,1.50000000e-01,2.50000000e-01,6.00000000e-01,0.00000000e+00
4.88488488e+01,2.45372475e+00,6.72723877e+02,8.99019003e+05,4.25232094e+02,1.50000000e-01,2.50000000e-01,6.00000000e-01,0.00000000e+00
4.89489489e+01,2.44346781e+00,6.75722215e+02,8.93761074e+05,4.24519672e+02,1.50000000e-01,2.50000000e-01,6.00000000e-01,0.00000000e+00
4.90490490e+01,2.43322143e+00,6.78718236e+02,8.88519614e+05,4.23807261e+02,1.50000000e-01,2.50000000e-01,6.00000000e-01,0.00000000e+00
4.91491491e+01,2.42303333e+00,6.81723578e+02,8.83314582e+05,4.23096097e+02,1.50000000e-01,2.50000000e-01,6.00000000e-01,0.00000000e+00
4.92492492e+01,2.41285892e+00,6.84728533e+02,8.78127531e+05,4.22385178e+02,1.50000000e-01,2.50000000e-01,6.00000000e-01,0.00000000e+00
4.93493493e+01,2.40272764e+00,6.87739097e+02,8.72968754e+05,4.21674328e+02,1.50000000e-01,2.50000000e-01,6.00000000e-01,0.00000000e+00
4.94494494e+01,2.39258951e+00,6.90744821e+02,8.67817677e+05,4.20962398e+02,1.50000000e-01,2.50000000e-01,6.00000000e-01,0.00000000e+00
4.95495495e+01,2.38249496e+00,6.93757682e+02,8.62695173e+05,4.20250640e+02,1.50000000e-01,2.50000000e-01,6.00000000e-01,0.00000000e+00
4.96496496e+01,2.37240403e+00,6.96771384e+02,8.57584806e+05,4.19538124e+02,1.50000000e-01,2.50000000e-01,6.00000000e-01,0.00000000e+00
4.97497497e+01,2.36236452e+00,6.99796170e+02,8.52507276e+05,4.18826535e+02,1.50000000e-01,2.50000000e-01,6.00000000e-01,0.00000000e+00
4.98498498e+01,2.35230098e+00,7.02825376e+02,8.47428905e+05,4.18112731e+02,1.50000000e-01,2.50000000e-01,6.00000000e-01,0.00000000e+00
4.99499499e+01,2.34228098e+00,7.05862373e+02,8.42378922e+05,4.17399099e+02,1.50000000e-01,2.50000000e-01,6.00000000e-01,0.00000000e+00
5.00500501e+01,2.33216649e+00,7.08923371e+02,8.37294388e+05,1.24539558e+03,0.00000000e+00,2.29993042e-01,7.70006958e-01,0.00000000e+00
5.01501502e+01,2.32222988e+00,7.11945434e+02,8.32303219e+05,1.24326881e+03,0.00000000e+00,2.29992692e-01,7.70007308e-01,0.00000000e+00
5.02502503e+01,2.31237729e+00,7.14953931e+02,8.27367195e+05,1.24116140e+03,0.00000000e+00,2.29992450e-01,7.70007550e-01,0.00000000e+00
5.03503504e+01,2.30258001e+00,7.17957352e+02,8.22462961e+05,1.23905410e+03,0.00000000e+00,2.29992268e-01,7.70007732e-01,0.00000000e+00
5.04504505e+01,2.29282345e+00,7.20959237e+02,8.17588750e+05,1.23695227e+03,0.00000000e+00,2.29992246e-01,7.70007754e-01,0.00000000e+00
5.05505506e+01,2.28310792e+00,7.23959125e+02,8.12743628e+05,1.23485447e+03,0.00000000e+00,2.29992194e-01,7.70007806e-01,0.00000000e+00
5.06506507e+01,2.27342857e+00,7.26957517e+02,8.07922336e+05,1.23275549e+03,0.00000000e+00,2.29992187e-01,7.70007813e-01,0.00000000e+00
5.07507508e+01,2.26377914e+00,7.29956289e+02,8.03127955e+05,1.23066353e+03,0.00000000e+00,2.29992118e-01,7.70007882e-01,0.00000000e+00
5.08508509e+01,2.25416837e+00,7.32952722e+02,7.98356424e+05,1.22856774e+03,0.00000000e+00,2.29992027e-01,7.70007973e-01,0.00000000e+00
5.09509510e+01,2.24459032e+00,7.35948986e+02,7.93613313e+05,1.22648006e+03,0.00000000e+00,2.29991941e-01,7.70008059e-01,0.00000000e+00
5.10510511e+01,2.23505329e+00,7.38943042e+02,7.88895501e+05,1.22439126e+03,0.00000000e+00,2.29991817e-01,7.70008183e-01,0.00000000e+00
5.11511512e+01,2.22554543e+00,7.41938560e+02,7.84201312e+05,1.22230538e+03,0.00000000e+00,2.29991775e-01,7.70008225e-01,0.00000000e+00
5.12512513e+01,2.21607490e+00,7.44933060e+02,7.79534236e+05,1.22022347e+03,0.00000000e+00,2.29991688e-01,7.70008312e-01,0.00000000e+00
5.13513514e+01,2.20663822e+00,7.47926842e+02,7.74889359e+05,1.21813992e+03,0.00000000e+00,2.29991674e-01,7.70008326e-01,0.00000000e+00
5.14514515e+01,2.19721913e+00,7.50925252e+02,7.70264911e+05,1.21606099e+03,0.00000000e+00,2.29991626e-01,7.70008374e-01,0.00000000e+00
5.15515516e+01,2.18784521e+00,7.53918758e+02,7.65666353e+05,1.21398014e+03,0.00000000e+00,2.29991567e-01,7.70008433e-01,0.00000000e+00
5.16516517e+01,2.17849363e+00,7.56915230e+02,7.61090754e+05,1.21190550e+03,0.00000000e+00,2.29991509e-01,7.70008491e-01,0.00000000e+00
5.17517518e+01,2.16919209e+00,7.59905786e+02,7.56544390e+05,1.20983182e+03,0.00000000e+00,2.29991362e-01,7.70008638e-01,0.00000000e+00
5.18518519e+01,2.15992565e+00,7.62895168e+02,7.52024578e+05,1.20776330e+03,0.00000000e+00,2.29991284e-01,7.70008716e-01,0.00000000e+00
5.19519520e+01,2.15066817e+00,7.65892984e+02,7.47516573e+05,1.20569097e+03,0.00000000e+00,2.29991205e-01,7.70008795e-01,0.00000000e+00
5.20520521e+01,2.14144915e+00,7.68888809e+02,7.43032927e+05,1.20361858e+03,0.00000000e+00,2.29991160e-01,7.70008840e-01,0.00000000e+00
5.21521522e+01,2.13228122e+00,7.71878032e+02,7.38585167e+05,1.20155784e+03,0.00000000e+00,2.29991049e-01,7.70008951e-01,0.00000000e+00
5.22522523e+01,2.12314730e+00,7.74865953e+02,7.34157651e+05,1.19949317e+03,0.00000000e+00,2.29990966e-01,7.70009034e-01,0.00000000e+00
5.23523524e+01,2.11402276e+00,7.77861188e+02,7.29746208e+05,1.19743173e+03,0.00000000e+00,2.29990924e-01,7.70009076e-01,0.00000000e+00
5.24524525e+01,2.10492490e+00,7.80858019e+02,7.25351582e+05,1.19536498e+03,0.00000000e+00,2.29990856e-01,7.70009144e-01,0.00000000e+00
5.25525526e+01,2.09586807e+00,7.83851395e+02,7.20987174e+05,1.19330694e+03,0.00000000e+00,2.29990777e-01,7.70009223e-01,0.00000000e+00
5.26526527e+01,2.08685490e+00,7.86840468e+02,7.16650291e+05,1.19125185e+03,0.00000000e+00,2.29990639e-01,7.70009361e-01,0.00000000e+00
5.27527528e+01,2.07786146e+00,7.89833480e+02,7.12330271e+05,1.18919580e+03,0.00000000e+00,2.29990598e-01,7.70009402e-01,0.00000000e+00
5.28528529e+01,2.06888205e+00,7.92832963e+02,7.08025382e+05,1.18713921e+03,0.00000000e+00,2.29990563e-01,7.70009437e-01,0.00000000e+00
5.29529530e+01,2.05994421e+00,7.95828775e+02,7.03745582e+05,1.18508302e+03,0.00000000e+00,2.29990504e-01,7.70009496e-01,0.00000000e+00
5.30530531e+01,2.05105795e+00,7.98817001e+02,6.99500980e+05,1.18303867e+03,0.00000000e+00,2.29990359e-01,7.70009641e-01,0.00000000e+00
5.31531532e+01,2.04220751e+00,8.01802905e+02,6.95278063e+05,1.18099265e+03,0.00000000e+00,2.29990216e-01,7.70009784e-01,0.00000000e+00
5.32532533e+01,2.03336253e+00,8.04797836e+02,6.91067472e+05,1.17894669e+03,0.00000000e+00,2.29990150e-01,7.70009850e-01,0.00000000e+00
5.33533534e+01,2.02453273e+00,8.07798729e+02,6.86868515e+05,1.17689397e+03,0.00000000e+00,2.29990111e-01,7.70009889e-01,0.00000000e+00
5.34534535e+01,2.01574159e+00,8.10797063e+02,6.82696804e+05,1.17484762e+03,0.00000000e+00,2.29990060e-01,7.70009940e-01,0.00000000e+00
5.35535536e+01,2.00700652e+00,8.13786324e+02,6.78558667e+05,1.17280859e+03,0.00000000e+00,2.29989907e-01,7.70010093e-01,0.00000000e+00
5.36536537e+01,1.99831412e+00,8.16770839e+02,6.74447718e+05,1.17077393e+03,0.00000000e+00,2.29989778e-01,7.70010222e-01,0.00000000e+00
5.37537538e+01,1.98963951e+00,8.19759859e+02,6.70353491e+05,1.16874021e+03,0.00000000e+00,2.29989692e-01,7.70010308e-01,0.00000000e+00
5.38538539e+01,1.98097802e+00,8.22755028e+02,6.66270452e+05,1.16670055e+03,0.00000000e+00,2.29989683e-01,7.70010317e-01,0.00000000e+00
5.39539540e+01,1.97234109e+00,8.25752483e+02,6.62208294e+05,1.16466519e+03,0.00000000e+00,2.29989652e-01,7.70010348e-01,0.00000000e+00
5.40540541e+01,1.96375262e+00,8.28743019e+02,6.58173600e+05,1.16263175e+03,0.00000000e+00,2.29989549e-01,7.70010451e-01,0.00000000e+00
5.41541542e+01,1.95521155e+00,8.31726814e+02,6.54170980e+05,1.16060920e+03,0.00000000e+00,2.29989388e-01,7.70010612e-01,0.00000000e+00
5.42542543e+01,1.94670515e+00,8.34708469e+02,6.50190301e+05,1.15858736e+03,0.00000000e+00,2.29989182e-01,7.70010818e-01,0.00000000e+00
5.43543544e+01,1.93820882e+00,8.37697340e+02,6.46222207e+05,1.15656430e+03,0.00000000e+00,2.29989030e-01,7.70010970e-01,0.00000000e+00
5.44544545e+01,1.92971054e+00,8.40698240e+02,6.42259738e+05,1.15453471e+03,0.00000000e+00,2.29988985e-01,7.70011015e-01,0.00000000e+00
5.45545546e+01,1.92121936e+00,8.43707809e+02,6.38304301e+05,1.15249563e+03,0.00000000e+00,2.29989046e-01,7.70010954e-01,0.00000000e+00
5.46546547e+01,1.91275705e+00,8.46718141e+02,6.34373056e+05,1.15046494e+03,0.00000000e+00,2.29989083e-01,7.70010917e-01,0.00000000e+00
5.47547548e+01,1.90435592e+00,8.49716754e+02,6.30474169e+05,1.14843824e+03,0.00000000e+00,2.29988976e-01,7.70011024e-01,0.00000000e+00
5.48548549e+01,1.89602047e+00,8.52701583e+02,6.26614981e+05,1.14642648e+03,0.00000000e+00,2.29988786e-01,7.70011214e-01,0.00000000e+00
5.49549550e+01,1.88773927e+00,8.55676740e+02,6.22787231e+05,1.14442182e+03,0.00000000e+00,2.29988509e-01,7.70011491e-01,0.00000000e+00
5.50550551e+01,1.87948369e+00,8.58652689e+02,6.18977554e+05,1.14241730e+03,0.00000000e+00,2.29988318e-01,7.70011682e-01,0.00000000e+00
5.51551552e+01,1.87122798e+00,8.61639926e+02,6.15176795e+05,1.14041170e+03,0.00000000e+00,2.29988197e-01,7.70011803e-01,0.00000000e+00
5.52552553e+01,1.86296579e+00,8.64641213e+02,6.11376787e+05,1.13839372e+03,0.00000000e+00,2.29988244e-01,7.70011756e-01,0.00000000e+00
5.53553554e+01,1.85472020e+00,8.67648207e+02,6.07590495e+05,1.13637323e+03,0.00000000e+00,2.29988274e-01,7.70011726e-01,0.00000000e+00
5.54554555e+01,1.84652280e+00,8.70647362e+02,6.03832955e+05,1.13435911e+03,0.00000000e+00,2.29988273e-01,7.70011727e-01,0.00000000e+00
5.55555556e+01,1.83838087e+00,8.73635869e+02,6.00110355e+05,1.13235877e+03,0.00000000e+00,2.29988114e-01,7.70011886e-01,0.00000000e+00
5.56556557e+01,1.83028961e+00,8.76615353e+02,5.96415769e+05,1.13036241e+03,0.00000000e+00,2.29987865e-01,7.70012135e-01,0.00000000e+00
5.57557558e+01,1.82222757e+00,8.79594429e+02,5.92742567e+05,1.12837095e+03,0.00000000e+00,2.29987657e-01,7.70012343e-01,0.00000000e+00
5.58558559e+01,1.81418005e+00,8.82579222e+02,5.89081645e+05,1.12637626e+03,0.00000000e+00,2.29987497e-01,7.70012503e-01,0.00000000e+00
5.59559560e+01,1.80614076e+00,8.85572213e+02,5.85430003e+05,1.12437651e+03,0.00000000e+00,2.29987458e-01,7.70012542e-01,0.00000000e+00
5.60560561e+01,1.79811518e+00,8.88571595e+02,5.81792139e+05,1.12237691e+03,0.00000000e+00,2.29987433e-01,7.70012567e-01,0.00000000e+00
5.61561562e+01,1.79011955e+00,8.91570470e+02,5.78172096e+05,1.12037516e+03,0.00000000e+00,2.29987402e-01,7.70012598e-01,0.00000000e+00
5.62562563e+01,1.78216322e+00,8.94565007e+02,5.74578234e+05,1.11838174e+03,0.00000000e+00,2.29987324e-01,7.70012676e-01,0.00000000e+00
5.63563564e+01,1.77425384e+00,8.97551856e+02,5.71011264e+05,1.11639347e+03,0.00000000e+00,2.29987135e-01,7.70012865e-01,0.00000000e+00
5.64564565e+01,1.76638564e+00,9.00532938e+02,5.67469585e+05,1.11441106e+03,0.00000000e+00,2.29986917e-01,7.70013083e-01,0.00000000e+00
5.65565566e+01,1.75854567e+00,9.03513735e+02,5.63948192e+05,1.11243308e+03,0.00000000e+00,2.29986654e-01,7.70013346e-01,0.00000000e+00
5.66566567e+01,1.75072132e+00,9.06499119e+02,5.60438111e+05,1.11044989e+03,0.00000000e+00,2.29986457e-01,7.70013543e-01,0.00000000e+00
5.67567568e+01,1.74289930e+00,9.09495010e+02,5.56937000e+05,1.10846529e+03,0.00000000e+00,2.29986357e-01,7.70013643e-01,0.00000000e+00
5.68568569e+01,1.73508144e+00,9.12500829e+02,5.53442018e+05,1.10647239e+03,0.00000000e+00,2.29986336e-01,7.70013664e-01,0.00000000e+00
5.69569570e+01,1.72727544e+00,9.15513597e+02,5.49958792e+05,1.10447750e+03,0.00000000e+00,2.29986413e-01,7.70013587e-01,0.00000000e+00
5.70570571e+01,1.71949864e+00,9.18526466e+02,5.46495126e+05,1.10248524e+03,0.00000000e+00,2.29986458e-01,7.70013542e-01,0.00000000e+00
5.71571572e+01,1.71177041e+00,9.21530918e+02,5.43057986e+05,1.10049739e+03,0.00000000e+00,2.29986463e-01,7.70013537e-01,0.00000000e+00
5.72572573e+01,1.70410083e+00,9.24522772e+02,5.39655529e+05,1.09852428e+03,0.00000000e+00,2.29986343e-01,7.70013657e-01,0.00000000e+00
5.73573574e+01,1.69649470e+00,9.27499420e+02,5.36286104e+05,1.09655986e+03,0.00000000e+00,2.29986088e-01,7.70013912e-01,0.00000000e+00
5.74574575e+01,1.68893989e+00,9.30465700e+02,5.32947076e+05,1.09460689e+03,0.00000000e+00,2.29985780e-01,7.70014220e-01,0.00000000e+00
5.75575576e+01,1.68141991e+00,9.33428573e+02,5.29629493e+05,1.09265799e+03,0.00000000e+00,2.29985428e-01,7.70014572e-01,0.00000000e+00
5.76576577e+01,1.67391624e+00,9.36395614e+02,5.26323929e+05,1.09070586e+03,0.00000000e+00,2.29985156e-01,7.70014844e-01,0.00000000e+00
5.77577578e+01,1.66641369e+00,9.39373765e+02,5.23026041e+05,1.08875141e+03,0.00000000e+00,2.29984948e-01,7.70015052e-01,0.00000000e+00
5.78578579e+01,1.65890677e+00,9.42365234e+02,5.19730497e+05,1.08678708e+03,0.00000000e+00,2.29984970e-01,7.70015030e-01,0.00000000e+00
5.79579580e+01,1.65140121e+00,9.45368869e+02,5.16439943e+05,1.08481448e+03,0.00000000e+00,2.29985060e-01,7.70014940e-01,0.00000000e+00
5.80580581e+01,1.64392266e+00,9.48372733e+02,5.13167627e+05,1.08284456e+03,0.00000000e+00,2.29985128e-01,7.70014872e-01,0.00000000e+00
5.81581582e+01,1.63648912e+00,9.51368837e+02,5.09920899e+05,1.08088114e+03,0.00000000e+00,2.29985086e-01,7.70014914e-01,0.00000000e+00
5.82582583e+01,1.62911033e+00,9.54352607e+02,5.06704799e+05,1.07892873e+03,0.00000000e+00,2.29984884e-01,7.70015116e-01,0.00000000e+00
5.83583584e+01,1.62178604e+00,9.57323426e+02,5.03519552e+05,1.07698833e+03,0.00000000e+00,2.29984531e-01,7.70015469e-01,0.00000000e+00
5.84584585e+01,1.61449790e+00,9.60289329e+02,5.00355764e+05,1.07505237e+03,0.00000000e+00,2.29984191e-01,7.70015809e-01,0.00000000e+00
5.85585586e+01,1.60722286e+00,9.63261255e+02,4.97203522e+05,1.07311504e+03,0.00000000e+00,2.29983961e-01,7.70016039e-01,0.00000000e+00
5.86586587e+01,1.59995310e+00,9.66242783e+02,4.94058312e+05,1.07117181e+03,0.00000000e+00,2.29983804e-01,7.70016196e-01,0.00000000e+00
5.87587588e+01,1.59269120e+00,9.69232385e+02,4.90921992e+05,1.06922493e+03,0.00000000e+00,2.29983673e-01,7.70016327e-01,0.00000000e+00
5.88588589e+01,1.58544150e+00,9.72227828e+02,4.87796579e+05,1.06727588e+03,0.00000000e+00,2.29983545e-01,7.70016455e-01,0.00000000e+00
5.89589590e+01,1.57820523e+00,9.75228702e+02,4.84682630e+05,1.06532504e+03,0.00000000e+00,2.29983450e-01,7.70016550e-01,0.00000000e+00
5.90590591e+01,1.57098345e+00,9.78234950e+02,4.81580330e+05,1.06337216e+03,0.00000000e+00,2.29983420e-01,7.70016580e-01,0.00000000e+00
5.91591592e+01,1.56378113e+00,9.81244857e+02,4.78491864e+05,1.06141873e+03,0.00000000e+00,2.29983446e-01,7.70016554e-01,0.00000000e+00
5.92592593e+01,1.55660882e+00,9.84253804e+02,4.75421072e+05,1.05946619e+03,0.00000000e+00,2.29983501e-01,7.70016499e-01,0.00000000e+00
5.93593594e+01,1.54947970e+00,9.87255890e+02,4.72374726e+05,1.05752081e+03,0.00000000e+00,2.29983484e-01,7.70016516e-01,0.00000000e+00
5.94594595e+01,1.54240839e+00,9.90243635e+02,4.69358773e+05,1.05558621e+03,0.00000000e+00,2.29983265e-01,7.70016735e-01,0.00000000e+00
5.95595596e+01,1.53539864e+00,9.93213907e+02,4.66376181e+05,1.05366690e+03,0.00000000e+00,2.29982856e-01,7.70017144e-01,0.00000000e+00
5.96596597e+01,1.52843276e+00,9.96174789e+02,4.63418743e+05,1.05175687e+03,0.00000000e+00,2.29982415e-01,7.70017585e-01,0.00000000e+00
5.97597598e+01,1.52148442e+00,9.99139522e+02,4.60473464e+05,1.04984500e+03,0.00000000e+00,2.29982133e-01,7.70017867e-01,0.00000000e+00
5.98598599e+01,1.51453989e+00,1.00211543e+03,4.57534578e+05,1.04792761e+03,0.00000000e+00,2.29982009e-01,7.70017991e-01,0.00000000e+00
5.99599600e+01,1.50760427e+00,1.00509985e+03,4.54603111e+05,1.04600345e+03,0.00000000e+00,2.29981928e-01,7.70018072e-01,0.00000000e+00
6.00600601e+01,1.50069034e+00,1.00808570e+03,4.51686896e+05,1.04408166e+03,0.00000000e+00,2.29981746e-01,7.70018254e-01,0.00000000e+00
6.01601602e+01,1.49380452e+00,1.01106875e+03,4.48788757e+05,1.04216443e+03,0.00000000e+00,2.29981429e-01,7.70018571e-01,0.00000000e+00
6.02602603e+01,1.48693638e+00,1.01405412e+03,4.45903836e+05,1.04024791e+03,0.00000000e+00,2.29981118e-01,7.70018882e-01,0.00000000e+00
6.03603604e+01,1.48007106e+00,1.01705013e+03,4.43025451e+05,1.03832694e+03,0.00000000e+00,2.29980868e-01,7.70019132e-01,0.00000000e+00
6.04604605e+01,1.47319793e+00,1.02006200e+03,4.40147849e+05,1.03639550e+03,0.00000000e+00,2.29981218e-01,7.70018782e-01,0.00000000e+00
6.05605606e+01,1.46632287e+00,1.02309161e+03,4.37271207e+05,1.03444958e+03,0.00000000e+00,2.29981595e-01,7.70018405e-01,0.00000000e+00
6.06606607e+01,1.45950426e+00,1.02610577e+03,4.34424766e+05,1.03251712e+03,0.00000000e+00,2.29981573e-01,7.70018427e-01,0.00000000e+00
6.07607608e+01,1.45276196e+00,1.02909270e+03,4.31618261e+05,1.03060770e+03,0.00000000e+00,2.29981153e-01,7.70018847e-01,0.00000000e+00
6.08608609e+01,1.44607850e+00,1.03206154e+03,4.28843262e+05,1.02871417e+03,0.00000000e+00,2.29980645e-01,7.70019355e-01,0.00000000e+00
6.09609610e+01,1.43942314e+00,1.03502951e+03,4.26084599e+05,1.02682242e+03,0.00000000e+00,2.29980333e-01,7.70019667e-01,0.00000000e+00
6.10610611e+01,1.43278050e+00,1.03800542e+03,4.23334647e+05,1.02492510e+03,0.00000000e+00,2.29980240e-01,7.70019760e-01,0.00000000e+00
6.11611612e+01,1.42615714e+00,1.04098552e+03,4.20596648e+05,1.02302537e+03,0.00000000e+00,2.29980191e-01,7.70019809e-01,0.00000000e+00
6.12612613e+01,1.41956765e+00,1.04396105e+03,4.17877860e+05,1.02113047e+03,0.00000000e+00,2.29980012e-01,7.70019988e-01,0.00000000e+00
6.13613614e+01,1.41301852e+00,1.04692760e+03,4.15181845e+05,1.01924466e+03,0.00000000e+00,2.29979660e-01,7.70020340e-01,0.00000000e+00
6.14614615e+01,1.40650283e+00,1.04988834e+03,4.12505528e+05,1.01736569e+03,0.00000000e+00,2.29979226e-01,7.70020774e-01,0.00000000e+00
6.15615616e+01,1.40000562e+00,1.05285123e+03,4.09841964e+05,1.01548741e+03,0.00000000e+00,2.29978839e-01,7.70021161e-01,0.00000000e+00
6.16616617e+01,1.39351333e+00,1.05582381e+03,4.07184829e+05,1.01360407e+03,0.00000000e+00,2.29978540e-01,7.70021460e-01,0.00000000e+00
6.17617618e+01,1.38701870e+00,1.05880966e+03,4.04530901e+05,1.01171286e+03,0.00000000e+00,2.29978584e-01,7.70021416e-01,0.00000000e+00
6.18618619e+01,1.38052086e+00,1.06181135e+03,4.01878955e+05,1.00981121e+03,0.00000000e+00,2.29978780e-01,7.70021220e-01,0.00000000e+00
6.19619620e+01,1.37404474e+00,1.06481499e+03,3.99240089e+05,1.00790865e+03,0.00000000e+00,2.29978879e-01,7.70021121e-01,0.00000000e+00
6.20620621e+01,1.36760797e+00,1.06781057e+03,3.96622782e+05,1.00601379e+03,0.00000000e+00,2.29978824e-01,7.70021176e-01,0.00000000e+00
6.21621622e+01,1.36121933e+00,1.07079311e+03,3.94031601e+05,1.00413205e+03,0.00000000e+00,2.29978542e-01,7.70021458e-01,0.00000000e+00
6.22622623e+01,1.35487727e+00,1.07376295e+03,3.91464575e+05,1.00225994e+03,0.00000000e+00,2.29978116e-01,7.70021884e-01,0.00000000e+00
6.23623624e+01,1.34856984e+00,1.07672661e+03,3.88917586e+05,1.00039606e+03,0.00000000e+00,2.29977670e-01,7.70022330e-01,0.00000000e+00
6.24624625e+01,1.34228387e+00,1.07969136e+03,3.86383774e+05,9.98532773e+02,0.00000000e+00,2.29977284e-01,7.70022716e-01,0.00000000e+00
6.25625626e+01,1.33600894e+00,1.08266288e+03,3.83858188e+05,9.96665087e+02,0.00000000e+00,2.29977046e-01,7.70022954e-01,0.00000000e+00
6.26626627e+01,1.32974074e+00,1.08564389e+03,3.81339854e+05,9.94793676e+02,0.00000000e+00,2.29976931e-01,7.70023069e-01,0.00000000e+00
6.27627628e+01,1.32348309e+00,1.08863228e+03,3.78829040e+05,9.92916343e+02,0.00000000e+00,2.29976895e-01,7.70023105e-01,0.00000000e+00
6.28628629e+01,1.31724296e+00,1.09162429e+03,3.76329864e+05,9.91038647e+02,0.00000000e+00,2.29976886e-01,7.70023114e-01,0.00000000e+00
6.29629630e+01,1.31102964e+00,1.09461475e+03,3.73846316e+05,9.89164184e+02,0.00000000e+00,2.29976803e-01,7.70023197e-01,0.00000000e+00
6.30630631e+01,1.30485027e+00,1.09759932e+03,3.71380872e+05,9.87294304e+02,0.00000000e+00,2.29976633e-01,7.70023367e-01,0.00000000e+00
6.31631632e+01,1.29870662e+00,1.10057700e+03,3.68935583e+05,9.85433342e+02,0.00000000e+00,2.29976358e-01,7.70023642e-01,0.00000000e+00
6.32632633e+01,1.29259761e+00,1.10354804e+03,3.66508767e+05,9.83577903e+02,0.00000000e+00,2.29975989e-01,7.70024011e-01,0.00000000e+00
6.33633634e+01,1.28651733e+00,1.10651548e+03,3.64098498e+05,9.81727524e+02,0.00000000e+00,2.29975591e-01,7.70024409e-01,0.00000000e+00
6.34634635e+01,1.28045821e+00,1.10948357e+03,3.61701682e+05,9.79879827e+02,0.00000000e+00,2.29975182e-01,7.70024818e-01,0.00000000e+00
6.35635636e+01,1.27441333e+00,1.11245588e+03,3.59314349e+05,9.78029454e+02,0.00000000e+00,2.29974822e-01,7.70025178e-01,0.00000000e+00
6.36636637e+01,1.26837608e+00,1.11543620e+03,3.56934892e+05,9.76177119e+02,0.00000000e+00,2.29974551e-01,7.70025449e-01,0.00000000e+00
6.37637638e+01,1.26234288e+00,1.11842668e+03,3.54560777e+05,9.74318633e+02,0.00000000e+00,2.29974402e-01,7.70025598e-01,0.00000000e+00
6.38638639e+01,1.25631246e+00,1.12142864e+03,3.52191255e+05,9.72452857e+02,0.00000000e+00,2.29974437e-01,7.70025563e-01,0.00000000e+00
6.39639640e+01,1.25028935e+00,1.12444065e+03,3.49828490e+05,9.70582154e+02,0.00000000e+00,2.29974473e-01,7.70025527e-01,0.00000000e+00
6.40640641e+01,1.24428670e+00,1.12745566e+03,3.47476473e+05,9.68707287e+02,0.00000000e+00,2.29973806e-01,7.70026194e-01,0.00000000e+00
6.41641642e+01,1.23832213e+00,1.13046048e+03,3.45145996e+05,9.66845014e+02,0.00000000e+00,2.29974450e-01,7.70025550e-01,0.00000000e+00
6.42642643e+01,1.23242554e+00,1.13344334e+03,3.42846051e+05,9.64997341e+02,0.00000000e+00,2.29974439e-01,7.70025561e-01,0.00000000e+00
6.43643644e+01,1.22659407e+00,1.13640034e+03,3.40577476e+05,9.63169421e+02,0.00000000e+00,2.29973870e-01,7.70026130e-01,0.00000000e+00
6.44644645e+01,1.22080317e+00,1.13934443e+03,3.38332200e+05,9.61358285e+02,0.00000000e+00,2.29973202e-01,7.70026798e-01,0.00000000e+00
6.45645646e+01,1.21503058e+00,1.14229041e+03,3.36097205e+05,9.59544787e+02,0.00000000e+00,2.29972697e-01,7.70027303e-01,0.00000000e+00
6.46646647e+01,1.20925940e+00,1.14525006e+03,3.33865643e+05,9.57722761e+02,0.00000000e+00,2.29972541e-01,7.70027459e-01,0.00000000e+00
6.47647648e+01,1.20348977e+00,1.14822401e+03,3.31637015e+05,9.55890498e+02,0.00000000e+00,2.29972509e-01,7.70027491e-01,0.00000000e+00
6.48648649e+01,1.19773625e+00,1.15120105e+03,3.29417819e+05,9.54055063e+02,0.00000000e+00,2.29972439e-01,7.70027561e-01,0.00000000e+00
6.49649650e+01,1.19200627e+00,1.15417641e+03,3.27213529e+05,9.52226464e+02,0.00000000e+00,2.29972252e-01,7.70027748e-01,0.00000000e+00
6.50650651e+01,1.18630305e+00,1.15714824e+03,3.25023755e+05,9.50401200e+02,0.00000000e+00,2.29971967e-01,7.70028033e-01,0.00000000e+00
6.51651652e+01,1.18062491e+00,1.16011780e+03,3.22848015e+05,9.48579381e+02,0.00000000e+00,2.29971675e-01,7.70028325e-01,0.00000000e+00
6.52652653e+01,1.17496945e+00,1.16308694e+03,3.20685580e+05,9.46760963e+02,0.00000000e+00,2.29971358e-01,7.70028642e-01,0.00000000e+00
6.53653654e+01,1.16933616e+00,1.16605568e+03,3.18535432e+05,9.44943478e+02,0.00000000e+00,2.29970982e-01,7.70029018e-01,0.00000000e+00
6.54654655e+01,1.16372431e+00,1.16902361e+03,3.16398089e+05,9.43129187e+02,0.00000000e+00,2.29970545e-01,7.70029455e-01,0.00000000e+00
6.55655656e+01,1.15812986e+00,1.17199281e+03,3.14272395e+05,9.41318063e+02,0.00000000e+00,2.29970091e-01,7.70029909e-01,0.00000000e+00
6.56656657e+01,1.15254529e+00,1.17496846e+03,3.12154152e+05,9.39503734e+02,0.00000000e+00,2.29969715e-01,7.70030285e-01,0.00000000e+00
6.57657658e+01,1.14696508e+00,1.17795388e+03,3.10040773e+05,9.37682908e+02,0.00000000e+00,2.29969562e-01,7.70030438e-01,0.00000000e+00
6.58658659e+01,1.14138239e+00,1.18095566e+03,3.07929962e+05,9.35854106e+02,0.00000000e+00,2.29969258e-01,7.70030742e-01,0.00000000e+00
6.59659660e+01,1.13580590e+00,1.18397130e+03,3.05821253e+05,9.34008685e+02,0.00000000e+00,2.29969323e-01,7.70030677e-01,0.00000000e+00
6.60660661e+01,1.13027364e+00,1.18697117e+03,3.03736625e+05,9.32182524e+02,0.00000000e+00,2.29969724e-01,7.70030276e-01,0.00000000e+00
6.61661662e+01,1.12480828e+00,1.18994296e+03,3.01682067e+05,9.30375694e+02,0.00000000e+00,2.29969244e-01,7.70030756e-01,0.00000000e+00
6.62662663e+01,1.11938028e+00,1.19290172e+03,2.99648013e+05,9.28583771e+02,0.00000000e+00,2.29968739e-01,7.70031261e-01,0.00000000e+00
6.63663664e+01,1.11397081e+00,1.19586432e+03,2.97624157e+05,9.26790736e+02,0.00000000e+00,2.29968316e-01,7.70031684e-01,0.00000000e+00
6.64664665e+01,1.10858149e+00,1.19882807e+03,2.95609958e+05,9.24993600e+02,0.00000000e+00,2.29967852e-01,7.70032148e-01,0.00000000e+00
6.65665666e+01,1.10321399e+00,1.20178981e+03,2.93610324e+05,9.23206425e+02,0.00000000e+00,2.29967286e-01,7.70032714e-01,0.00000000e+00
6.66666667e+01,1.09786182e+00,1.20475350e+03,2.91619765e+05,9.21417597e+02,0.00000000e+00,2.29966743e-01,7.70033257e-01,0.00000000e+00
6.67667668e+01,1.09251354e+00,1.20772797e+03,2.89633410e+05,9.19621346e+02,0.00000000e+00,2.29966450e-01,7.70033550e-01,0.00000000e+00
6.68668669e+01,1.08716152e+00,1.21071961e+03,2.87649045e+05,9.17816970e+02,0.00000000e+00,2.29966589e-01,7.70033411e-01,0.00000000e+00
6.69669670e+01,1.08181528e+00,1.21372401e+03,2.85667720e+05,9.15999590e+02,0.00000000e+00,2.29966629e-01,7.70033371e-01,0.00000000e+00
6.70670671e+01,1.07649543e+00,1.21672385e+03,2.83700435e+05,9.14186962e+02,0.00000000e+00,2.29966470e-01,7.70033530e-01,0.00000000e+00
6.71671672e+01,1.07120969e+00,1.21971370e+03,2.81752295e+05,9.12389253e+02,0.00000000e+00,2.29966086e-01,7.70033914e-01,0.00000000e+00
6.72672673e+01,1.06595762e+00,1.22269396e+03,2.79820170e+05,9.10597060e+02,0.00000000e+00,2.29965634e-01,7.70034366e-01,0.00000000e+00
6.73673674e+01,1.06073252e+00,1.22567037e+03,2.77902352e+05,9.08810809e+02,0.00000000e+00,2.29965246e-01,7.70034754e-01,0.00000000e+00
6.74674675e+01,1.05553106e+00,1.22864643e+03,2.75996791e+05,9.07026813e+02,0.00000000e+00,2.29964583e-01,7.70035417e-01,0.00000000e+00
6.75675676e+01,1.05035519e+00,1.23161986e+03,2.74102752e+05,9.05241183e+02,0.00000000e+00,2.29964343e-01,7.70035657e-01,0.00000000e+00
6.76676677e+01,1.04521292e+00,1.23458540e+03,2.72226111e+05,9.03466605e+02,0.00000000e+00,2.29964356e-01,7.70035644e-01,0.00000000e+00
6.77677678e+01,1.04011293e+00,1.23753842e+03,2.70367991e+05,9.01699526e+02,0.00000000e+00,2.29963787e-01,7.70036213e-01,0.00000000e+00
6.78678679e+01,1.03504644e+00,1.24047954e+03,2.68527022e+05,8.99943364e+02,0.00000000e+00,2.29963036e-01,7.70036964e-01,0.00000000e+00
6.79679680e+01,1.03000277e+00,1.24341749e+03,2.66700238e+05,8.98197801e+02,0.00000000e+00,2.29962222e-01,7.70037778e-01,0.00000000e+00
6.80680681e+01,1.02497247e+00,1.24635902e+03,2.64880581e+05,8.96447484e+02,0.00000000e+00,2.29961441e-01,7.70038559e-01,0.00000000e+00
6.81681682e+01,1.01994621e+00,1.24931129e+03,2.63064812e+05,8.94689586e+02,0.00000000e+00,2.29960719e-01,7.70039281e-01,0.00000000e+00
6.82682683e+01,1.01491794e+00,1.25227810e+03,2.61251486e+05,8.92924460e+02,0.00000000e+00,2.29960476e-01,7.70039524e-01,0.00000000e+00
6.83683684e+01,1.00988127e+00,1.25526673e+03,2.59436981e+05,8.91145165e+02,0.00000000e+00,2.29960666e-01,7.70039334e-01,0.00000000e+00
6.84684685e+01,1.00485670e+00,1.25826210e+03,2.57629616e+05,8.89361924e+02,0.00000000e+00,2.29960462e-01,7.70039538e-01,0.00000000e+00
6.85685686e+01,9.99860660e-01,1.26124899e+03,2.55836948e+05,8.87586396e+02,0.00000000e+00,2.29959997e-01,7.70040003e-01,0.00000000e+00
6.86686687e+01,9.94892910e-01,1.26422855e+03,2.54058796e+05,8.85818448e+02,0.00000000e+00,2.29959435e-01,7.70040565e-01,0.00000000e+00
6.87687688e+01,9.89950899e-01,1.26720442e+03,2.52294687e+05,8.84058931e+02,0.00000000e+00,2.29958424e-01,7.70041576e-01,0.00000000e+00
6.88688689e+01,9.85035137e-01,1.27017544e+03,2.50542636e+05,8.82300779e+02,0.00000000e+00,2.29958023e-01,7.70041977e-01,0.00000000e+00
6.89689690e+01,9.80152378e-01,1.27313808e+03,2.48806252e+05,8.80550845e+02,0.00000000e+00,2.29958111e-01,7.70041889e-01,0.00000000e+00
6.90690691e+01,9.75309210e-01,1.27609025e+03,2.47087191e+05,8.78809256e+02,0.00000000e+00,2.29957535e-01,7.70042465e-01,0.00000000e+00
6.91691692e+01,9.70497072e-01,1.27903136e+03,2.45383058e+05,8.77075574e+02,0.00000000e+00,2.29956760e-01,7.70043240e-01,0.00000000e+00
6.92692693e+01,9.65707154e-01,1.28196909e+03,2.43691985e+05,8.75351384e+02,0.00000000e+00,2.29955943e-01,7.70044057e-01,0.00000000e+00
6.93693694e+01,9.60932336e-01,1.28490893e+03,2.42009697e+05,8.73627990e+02,0.00000000e+00,2.29955112e-01,7.70044888e-01,0.00000000e+00
6.94694695e+01,9.56165680e-01,1.28785585e+03,2.40332172e+05,8.71897232e+02,0.00000000e+00,2.29954353e-01,7.70045647e-01,0.00000000e+00
6.95695696e+01,9.51400892e-01,1.29081506e+03,2.38658055e+05,8.70159848e+02,0.00000000e+00,2.29953635e-01,7.70046365e-01,0.00000000e+00
6.96696697e+01,9.46633914e-01,1.29378886e+03,2.36986220e+05,8.68415388e+02,0.00000000e+00,2.29953240e-01,7.70046760e-01,0.00000000e+00
6.97697698e+01,9.41858175e-01,1.29678444e+03,2.35313302e+05,8.66657299e+02,0.00000000e+00,2.29952473e-01,7.70047527e-01,0.00000000e+00
6.98698699e+01,9.37087368e-01,1.29979456e+03,2.33642929e+05,8.64886079e+02,0.00000000e+00,2.29950934e-01,7.70049066e-01,0.00000000e+00
6.99699700e+01,9.32350429e-01,1.30278600e+03,2.31992687e+05,8.63140615e+02,0.00000000e+00,2.29952447e-01,7.70047553e-01,0.00000000e+00
7.00700701e+01,9.27685492e-01,1.30574920e+03,2.30365924e+05,8.61398120e+02,0.00000000e+00,2.29952696e-01,7.70047304e-01,0.00000000e+00
7.01701702e+01,9.23074501e-01,1.30868345e+03,2.28766781e+05,8.59691444e+02,0.00000000e+00,2.29951834e-01,7.70048166e-01,0.00000000e+00
7.02702703e+01,9.18489363e-01,1.31160725e+03,2.27181289e+05,8.57995026e+02,0.00000000e+00,2.29950818e-01,7.70049182e-01,0.00000000e+00
7.03703704e+01,9.13911286e-01,1.31454038e+03,2.25599400e+05,8.56288673e+02,0.00000000e+00,2.29950064e-01,7.70049936e-01,0.00000000e+00
7.04704705e+01,9.09328521e-01,1.31749467e+03,2.24017242e+05,8.54568596e+02,0.00000000e+00,2.29950007e-01,7.70049993e-01,0.00000000e+00
7.05705706e+01,9.04750898e-01,1.32046320e+03,2.22437520e+05,8.52835565e+02,0.00000000e+00,2.29949744e-01,7.70050256e-01,0.00000000e+00
7.06706707e+01,9.00198287e-01,1.32342246e+03,2.20872141e+05,8.51116496e+02,0.00000000e+00,2.29949172e-01,7.70050828e-01,0.00000000e+00
7.07707708e+01,8.95666865e-01,1.32637812e+03,2.19316558e+05,8.49397800e+02,0.00000000e+00,2.29948614e-01,7.70051386e-01,0.00000000e+00
7.08708709e+01,8.91153042e-01,1.32933567e+03,2.17771010e+05,8.47683947e+02,0.00000000e+00,2.29948059e-01,7.70051941e-01,0.00000000e+00
7.09709710e+01,8.86660816e-01,1.33229061e+03,2.16235553e+05,8.45971501e+02,0.00000000e+00,2.29947345e-01,7.70052655e-01,0.00000000e+00
7.10710711e+01,8.82191797e-01,1.33523958e+03,2.14711577e+05,8.44264538e+02,0.00000000e+00,2.29946519e-01,7.70053481e-01,0.00000000e+00
7.11711712e+01,8.77741844e-01,1.33818606e+03,2.13199541e+05,8.42569071e+02,0.00000000e+00,2.29945597e-01,7.70054403e-01,0.00000000e+00
7.12712713e+01,8.73305190e-01,1.34113487e+03,2.11694321e+05,8.40870594e+02,0.00000000e+00,2.29944667e-01,7.70055333e-01,0.00000000e+00
7.13713714e+01,8.68874600e-01,1.34409243e+03,2.10193159e+05,8.39165129e+02,0.00000000e+00,2.29943830e-01,7.70056170e-01,0.00000000e+00
7.14714715e+01,8.64444849e-01,1.34706358e+03,2.08694876e+05,8.37452932e+02,0.00000000e+00,2.29943119e-01,7.70056881e-01,0.00000000e+00
7.15715716e+01,8.60012437e-01,1.35005034e+03,2.07198468e+05,8.35733291e+02,0.00000000e+00,2.29942811e-01,7.70057189e-01,0.00000000e+00
7.16716717e+01,8.55575837e-01,1.35305811e+03,2.05702288e+05,8.34000761e+02,0.00000000e+00,2.29941731e-01,7.70058269e-01,0.00000000e+00
7.17717718e+01,8.51149065e-01,1.35607436e+03,2.04210198e+05,8.32257121e+02,0.00000000e+00,2.29939663e-01,7.70060337e-01,0.00000000e+00
7.18718719e+01,8.46747609e-01,1.35907758e+03,2.02734566e+05,8.30538196e+02,0.00000000e+00,2.29940885e-01,7.70059115e-01,0.00000000e+00
7.19719720e+01,8.42408003e-01,1.36205577e+03,2.01278125e+05,8.28819395e+02,0.00000000e+00,2.29941296e-01,7.70058704e-01,0.00000000e+00
7.20720721e+01,8.38120510e-01,1.36500552e+03,1.99845850e+05,8.27131241e+02,0.00000000e+00,2.29940356e-01,7.70059644e-01,0.00000000e+00
7.21721722e+01,8.33858979e-01,1.36794226e+03,1.98428605e+05,8.25462522e+02,0.00000000e+00,2.29939143e-01,7.70060857e-01,0.00000000e+00
7.22722723e+01,8.29608580e-01,1.37088291e+03,1.97016225e+05,8.23785958e+02,0.00000000e+00,2.29937989e-01,7.70062011e-01,0.00000000e+00
7.23723724e+01,8.25359345e-01,1.37383829e+03,1.95606208e+05,8.22100914e+02,0.00000000e+00,2.29936956e-01,7.70063044e-01,0.00000000e+00
7.24724725e+01,8.21103714e-01,1.37681482e+03,1.94195913e+05,8.20403639e+02,0.00000000e+00,2.29935876e-01,7.70064124e-01,0.00000000e+00
7.25725726e+01,8.16847081e-01,1.37981254e+03,1.92786044e+05,8.18691607e+02,0.00000000e+00,2.29935842e-01,7.70064158e-01,0.00000000e+00
7.26726727e+01,8.12625412e-01,1.38279231e+03,1.91390247e+05,8.16986591e+02,0.00000000e+00,2.29936142e-01,7.70063858e-01,0.00000000e+00
7.27727728e+01,8.08448426e-01,1.38575093e+03,1.90014245e+05,8.15303506e+02,0.00000000e+00,2.29935166e-01,7.70064834e-01,0.00000000e+00
7.28728729e+01,8.04297636e-01,1.38869540e+03,1.88653727e+05,8.13643192e+02,0.00000000e+00,2.29933881e-01,7.70066119e-01,0.00000000e+00
7.29729730e+01,8.00159147e-01,1.39164213e+03,1.87298442e+05,8.11975873e+02,0.00000000e+00,2.29932722e-01,7.70067278e-01,0.00000000e+00
7.30730731e+01,7.96022582e-01,1.39460303e+03,1.85945674e+05,8.10300244e+02,0.00000000e+00,2.29931745e-01,7.70068255e-01,0.00000000e+00
7.31731732e+01,7.91882786e-01,1.39758387e+03,1.84593463e+05,8.08612775e+02,0.00000000e+00,2.29930024e-01,7.70069976e-01,0.00000000e+00
7.32732733e+01,7.87745603e-01,1.40058300e+03,1.83242844e+05,8.06911826e+02,0.00000000e+00,2.29927525e-01,7.70072475e-01,0.00000000e+00
7.33733734e+01,7.83635267e-01,1.40356383e+03,1.81906493e+05,8.05228937e+02,0.00000000e+00,2.29929336e-01,7.70070664e-01,0.00000000e+00
7.34734735e+01,7.79592826e-01,1.40651448e+03,1.80591996e+05,8.03555414e+02,0.00000000e+00,2.29929755e-01,7.70070245e-01,0.00000000e+00
7.35735736e+01,7.75602204e-01,1.40943167e+03,1.79302408e+05,8.01922114e+02,0.00000000e+00,2.29928554e-01,7.70071446e-01,0.00000000e+00
7.36736737e+01,7.71631380e-01,1.41233945e+03,1.78021928e+05,8.00292311e+02,0.00000000e+00,2.29927182e-01,7.70072818e-01,0.00000000e+00
7.37737738e+01,7.67662488e-01,1.41526293e+03,1.76743094e+05,7.98651092e+02,0.00000000e+00,2.29925929e-01,7.70074071e-01,0.00000000e+00
7.38738739e+01,7.63687508e-01,1.41821421e+03,1.75462327e+05,7.96990468e+02,0.00000000e+00,2.29925479e-01,7.70074521e-01,0.00000000e+00
7.39739740e+01,7.59730494e-01,1.42116347e+03,1.74187923e+05,7.95322741e+02,0.00000000e+00,2.29925273e-01,7.70074727e-01,0.00000000e+00
7.40740741e+01,7.55808772e-01,1.42409454e+03,1.72931373e+05,7.93682332e+02,0.00000000e+00,2.29924082e-01,7.70075918e-01,0.00000000e+00
7.41741742e+01,7.51908329e-01,1.42701413e+03,1.71686174e+05,7.92054743e+02,0.00000000e+00,2.29922661e-01,7.70077339e-01,0.00000000e+00
7.42742743e+01,7.48015464e-01,1.42994073e+03,1.70444678e+05,7.90419355e+02,0.00000000e+00,2.29921299e-01,7.70078701e-01,0.00000000e+00
7.43743744e+01,7.44121376e-01,1.43288451e+03,1.69204507e+05,7.88774334e+02,0.00000000e+00,2.29920006e-01,7.70079994e-01,0.00000000e+00
7.44744745e+01,7.40220879e-01,1.43585629e+03,1.67962780e+05,7.87111563e+02,0.00000000e+00,2.29918991e-01,7.70081009e-01,0.00000000e+00
7.45745746e+01,7.36338951e-01,1.43882093e+03,1.66728675e+05,7.85447449e+02,0.00000000e+00,2.29919714e-01,7.70080286e-01,0.00000000e+00
7.46746747e+01,7.32501238e-01,1.44176444e+03,1.65513376e+05,7.83807279e+02,0.00000000e+00,2.29918791e-01,7.70081209e-01,0.00000000e+00
7.47747748e+01,7.28691012e-01,1.44468674e+03,1.64313128e+05,7.82191925e+02,0.00000000e+00,2.29917373e-01,7.70082627e-01,0.00000000e+00
7.48748749e+01,7.24889050e-01,1.44761586e+03,1.63116427e+05,7.80567690e+02,0.00000000e+00,2.29916142e-01,7.70083858e-01,0.00000000e+00
7.49749750e+01,7.21082112e-01,1.45057253e+03,1.61917882e+05,7.78922888e+02,0.00000000e+00,2.29915477e-01,7.70084523e-01,0.00000000e+00
7.50750751e+01,7.17286941e-01,1.45353176e+03,1.60726379e+05,7.77281870e+02,0.00000000e+00,2.29914175e-01,7.70085825e-01,0.00000000e+00
7.51751752e+01,7.13507454e-01,1.45648349e+03,1.59542824e+05,7.75644888e+02,0.00000000e+00,2.29911918e-01,7.70088082e-01,0.00000000e+00
7.52752753e+01,7.09726380e-01,1.45946031e+03,1.58359267e+05,7.73992159e+02,0.00000000e+00,2.29909263e-01,7.70090737e-01,0.00000000e+00
7.53753754e+01,7.05958181e-01,1.46243549e+03,1.57181750e+05,7.72337799e+02,0.00000000e+00,2.29911411e-01,7.70088589e-01,0.00000000e+00
7.54754755e+01,7.02251735e-01,1.46538073e+03,1.56026165e+05,7.70705992e+02,0.00000000e+00,2.29910963e-01,7.70089037e-01,0.00000000e+00
7.55755756e+01,6.98584284e-01,1.46829120e+03,1.54889559e+05,7.69108073e+02,0.00000000e+00,2.29909447e-01,7.70090553e-01,0.00000000e+00
7.56756757e+01,6.94924110e-01,1.47121028e+03,1.53756004e+05,7.67500399e+02,0.00000000e+00,2.29907085e-01,7.70092915e-01,0.00000000e+00
7.57757758e+01,6.91259470e-01,1.47415790e+03,1.52620604e+05,7.65871540e+02,0.00000000e+00,2.29906246e-01,7.70093754e-01,0.00000000e+00
7.58758759e+01,6.87617982e-01,1.47709895e+03,1.51494116e+05,7.64244698e+02,0.00000000e+00,2.29906910e-01,7.70093090e-01,0.00000000e+00
7.59759760e+01,6.84022147e-01,1.48001164e+03,1.50385393e+05,7.62639579e+02,0.00000000e+00,2.29906065e-01,7.70093935e-01,0.00000000e+00
7.60760761e+01,6.80447576e-01,1.48291511e+03,1.49286736e+05,7.61044984e+02,0.00000000e+00,2.29904771e-01,7.70095229e-01,0.00000000e+00
7.61761762e+01,6.76885204e-01,1.48582307e+03,1.48194152e+05,7.59450977e+02,0.00000000e+00,2.29903392e-01,7.70096608e-01,0.00000000e+00
7.62762763e+01,6.73338923e-01,1.48872844e+03,1.47108884e+05,7.57859723e+02,0.00000000e+00,2.29902404e-01,7.70097596e-01,0.00000000e+00
7.63763764e+01,6.69809924e-01,1.49163297e+03,1.46030452e+05,7.56267522e+02,0.00000000e+00,2.29901559e-01,7.70098441e-01,0.00000000e+00
7.64764765e+01,6.66300466e-01,1.49453213e+03,1.44961144e+05,7.54683787e+02,0.00000000e+00,2.29900324e-01,7.70099676e-01,0.00000000e+00
7.65765766e+01,6.62805469e-01,1.49742921e+03,1.43899666e+05,7.53107819e+02,0.00000000e+00,2.29898983e-01,7.70101017e-01,0.00000000e+00
7.66766767e+01,6.59321572e-01,1.50032983e+03,1.42843522e+05,7.51530547e+02,0.00000000e+00,2.29897513e-01,7.70102487e-01,0.00000000e+00
7.67767768e+01,6.55847235e-01,1.50323365e+03,1.41791680e+05,7.49948242e+02,0.00000000e+00,2.29895024e-01,7.70104976e-01,0.00000000e+00
7.68768769e+01,6.52374308e-01,1.50615752e+03,1.40740391e+05,7.48350600e+02,0.00000000e+00,2.29894576e-01,7.70105424e-01,0.00000000e+00
7.69769770e+01,6.48929570e-01,1.50906612e+03,1.39701212e+05,7.46768096e+02,0.00000000e+00,2.29893459e-01,7.70106541e-01,0.00000000e+00
7.70770771e+01,6.45510268e-01,1.51196106e+03,1.38673034e+05,7.45198467e+02,0.00000000e+00,2.29892428e-01,7.70107572e-01,0.00000000e+00
7.71771772e+01,6.42109658e-01,1.51485645e+03,1.37652081e+05,7.43629493e+02,0.00000000e+00,2.29891281e-01,7.70108719e-01,0.00000000e+00
7.72772773e+01,6.38729853e-01,1.51774049e+03,1.36639848e+05,7.42066888e+02,0.00000000e+00,2.29888964e-01,7.70111036e-01,0.00000000e+00
7.73773774e+01,6.35357020e-01,1.52063447e+03,1.35631356e+05,7.40500129e+02,0.00000000e+00,2.29888428e-01,7.70111572e-01,0.00000000e+00
7.74774775e+01,6.32009199e-01,1.52352315e+03,1.34632568e+05,7.38940500e+02,0.00000000e+00,2.29886146e-01,7.70113854e-01,0.00000000e+00
7.75775776e+01,6.28679694e-01,1.52640504e+03,1.33640697e+05,7.37380900e+02,0.00000000e+00,2.29883376e-01,7.70116624e-01,0.00000000e+00
7.76776777e+01,6.25364419e-01,1.52928237e+03,1.32655918e+05,7.35827569e+02,0.00000000e+00,2.29883520e-01,7.70116480e-01,0.00000000e+00
7.77777778e+01,6.22084621e-01,1.53214506e+03,1.31683619e+05,7.34285341e+02,0.00000000e+00,2.29883101e-01,7.70116899e-01,0.00000000e+00
7.78778779e+01,6.18834609e-01,1.53499614e+03,1.30722670e+05,7.32754916e+02,0.00000000e+00,2.29880514e-01,7.70119486e-01,0.00000000e+00
7.79779780e+01,6.15598430e-01,1.53784714e+03,1.29766636e+05,7.31219596e+02,0.00000000e+00,2.29877883e-01,7.70122117e-01,0.00000000e+00
7.80780781e+01,6.12378727e-01,1.54069018e+03,1.28818562e+05,7.29693787e+02,0.00000000e+00,2.29878236e-01,7.70121764e-01,0.00000000e+00
7.81781782e+01,6.09193616e-01,1.54351925e+03,1.27881479e+05,7.28172990e+02,0.00000000e+00,2.29877486e-01,7.70122514e-01,0.00000000e+00
7.82782783e+01,6.06034284e-01,1.54633220e+03,1.26954257e+05,7.26661614e+02,0.00000000e+00,2.29875447e-01,7.70124553e-01,0.00000000e+00
7.83783784e+01,6.02885715e-01,1.54914432e+03,1.26033546e+05,7.25158976e+02,0.00000000e+00,2.29874014e-01,7.70125986e-01,0.00000000e+00
7.84784785e+01,5.99750217e-01,1.55196668e+03,1.25117737e+05,7.23653053e+02,0.00000000e+00,2.29871625e-01,7.70128375e-01,0.00000000e+00
7.85785786e+01,5.96633216e-01,1.55478813e+03,1.24207865e+05,7.22143452e+02,0.00000000e+00,2.29869440e-01,7.70130560e-01,0.00000000e+00
7.86786787e+01,5.93540203e-01,1.55759413e+03,1.23306770e+05,7.20640173e+02,0.00000000e+00,2.29867254e-01,7.70132746e-01,0.00000000e+00
7.87787788e+01,5.90467704e-01,1.56038217e+03,1.22414642e+05,7.19148835e+02,0.00000000e+00,2.29865019e-01,7.70134981e-01,0.00000000e+00
7.88788789e+01,5.87410204e-01,1.56316530e+03,1.21529528e+05,7.17665075e+02,0.00000000e+00,2.29863674e-01,7.70136326e-01,0.00000000e+00
7.89789790e+01,5.84376881e-01,1.56595165e+03,1.20652405e+05,7.16183513e+02,0.00000000e+00,2.29861389e-01,7.70138611e-01,0.00000000e+00
7.90790791e+01,5.81375463e-01,1.56873421e+03,1.19785022e+05,7.14705087e+02,0.00000000e+00,2.29855877e-01,7.70144123e-01,0.00000000e+00
7.91791792e+01,5.78400802e-01,1.57149884e+03,1.18926916e+05,7.13233688e+02,0.00000000e+00,2.29847303e-01,7.70152697e-01,0.00000000e+00
7.92792793e+01,5.75445853e-01,1.57423351e+03,1.18077375e+05,7.11774595e+02,0.00000000e+00,2.29841608e-01,7.70158392e-01,0.00000000e+00
7.93793794e+01,5.72521794e-01,1.57692085e+03,1.17243270e+05,7.10356295e+02,0.00000000e+00,2.29842965e-01,7.70157035e-01,0.00000000e+00
7.94794795e+01,5.69682216e-01,1.57958376e+03,1.16431798e+05,7.08955940e+02,0.00000000e+00,2.29842402e-01,7.70157598e-01,0.00000000e+00
7.95795796e+01,5.66948681e-01,1.58220167e+03,1.15646061e+05,7.07565976e+02,0.00000000e+00,2.29834198e-01,7.70165802e-01,0.00000000e+00
7.96796797e+01,5.64305491e-01,1.58473870e+03,1.14884147e+05,7.06195322e+02,0.00000000e+00,2.29819126e-01,7.70180874e-01,0.00000000e+00
7.97797798e+01,5.61731108e-01,1.58716773e+03,1.14148598e+05,7.04888199e+02,0.00000000e+00,2.29803470e-01,7.70196530e-01,0.00000000e+00
7.98798799e+01,5.59237763e-01,1.58947403e+03,1.13448880e+05,7.03690164e+02,0.00000000e+00,2.29796689e-01,7.70203311e-01,0.00000000e+00
7.99799800e+01,5.56892876e-01,1.59165088e+03,1.12798144e+05,7.02600168e+02,0.00000000e+00,2.29800250e-01,7.70199750e-01,0.00000000e+00
8.00800801e+01,5.54777659e-01,1.59368287e+03,1.12206165e+05,7.01577907e+02,0.00000000e+00,2.29803713e-01,7.70196287e-01,0.00000000e+00
8.01801802e+01,5.52917821e-01,1.59553059e+03,1.11673527e+05,7.00595899e+02,0.00000000e+00,2.29800055e-01,7.70199945e-01,0.00000000e+00
8.02802803e+01,5.51285817e-01,1.59715317e+03,1.11198129e+05,6.99677941e+02,0.00000000e+00,2.29792475e-01,7.70207525e-01,0.00000000e+00
8.03803804e+01,5.49853901e-01,1.59853817e+03,1.10783326e+05,6.98882670e+02,0.00000000e+00,2.29786391e-01,7.70213609e-01,0.00000000e+00
8.04804805e+01,5.48620821e-01,1.59969495e+03,1.10435542e+05,6.98254464e+02,0.00000000e+00,2.29785577e-01,7.70214423e-01,0.00000000e+00
8.05805806e+01,5.47607408e-01,1.60064085e+03,1.10159583e+05,6.97798841e+02,0.00000000e+00,2.29788047e-01,7.70211953e-01,0.00000000e+00
8.06806807e+01,5.46822675e-01,1.60138454e+03,1.09952553e+05,6.97487245e+02,0.00000000e+00,2.29791485e-01,7.70208515e-01,0.00000000e+00
8.07807808e+01,5.46250443e-01,1.60192783e+03,1.09802708e+05,6.97267187e+02,0.00000000e+00,2.29800679e-01,7.70199321e-01,0.00000000e+00
8.08808809e+01,5.45880278e-01,1.60229102e+03,1.09698702e+05,6.97080095e+02,0.00000000e+00,2.29811735e-01,7.70188265e-01,0.00000000e+00
8.09809810e+01,5.45681759e-01,1.60250400e+03,1.09632454e+05,6.96912948e+02,0.00000000e+00,2.29816048e-01,7.70183952e-01,0.00000000e+00
8.10810811e+01,5.45587090e-01,1.60260545e+03,1.09598545e+05,6.96818354e+02,0.00000000e+00,2.29816791e-01,7.70183209e-01,0.00000000e+00
8.11811812e+01,5.45548178e-01,1.60264242e+03,1.09588425e+05,6.96803777e+02,0.00000000e+00,2.29817562e-01,7.70182438e-01,0.00000000e+00
8.12812813e+01,5.45542409e-01,1.60264683e+03,1.09588275e+05,6.96810218e+02,0.00000000e+00,2.29817884e-01,7.70182116e-01,0.00000000e+00
8.13813814e+01,5.45552671e-01,1.60263535e+03,1.09592171e+05,6.96821959e+02,0.00000000e+00,2.29818688e-01,7.70181312e-01,0.00000000e+00
8.14814815e+01,5.45591160e-01,1.60259462e+03,1.09604830e+05,6.96853358e+02,0.00000000e+00,2.29819525e-01,7.70180475e-01,0.00000000e+00
8.15815816e+01,5.45675990e-01,1.60250707e+03,1.09630984e+05,6.96911320e+02,0.00000000e+00,2.29819925e-01,7.70180075e-01,0.00000000e+00
8.16816817e+01,5.45824060e-01,1.60235641e+03,1.09675097e+05,6.97002572e+02,0.00000000e+00,2.29819532e-01,7.70180468e-01,0.00000000e+00
8.17817818e+01,5.46049802e-01,1.60212916e+03,1.09741017e+05,6.97133060e+02,0.00000000e+00,2.29818160e-01,7.70181840e-01,0.00000000e+00
8.18818819e+01,5.46364278e-01,1.60181546e+03,1.09831664e+05,6.97307099e+02,0.00000000e+00,2.29815787e-01,7.70184213e-01,0.00000000e+00
8.19819820e+01,5.46774611e-01,1.60140953e+03,1.09948886e+05,6.97527184e+02,0.00000000e+00,2.29812593e-01,7.70187407e-01,0.00000000e+00
8.20820821e+01,5.47283416e-01,1.60091009e+03,1.10093314e+05,6.97793800e+02,0.00000000e+00,2.29809094e-01,7.70190906e-01,0.00000000e+00
8.21821822e+01,5.47887979e-01,1.60032091e+03,1.10264136e+05,6.98105091e+02,0.00000000e+00,2.29806372e-01,7.70193628e-01,0.00000000e+00
8.22822823e+01,5.48578660e-01,1.59965093e+03,1.10458829e+05,6.98457155e+02,0.00000000e+00,2.29805449e-01,7.70194551e-01,0.00000000e+00
8.23823824e+01,5.49321114e-01,1.59893375e+03,1.10667301e+05,6.98828993e+02,0.00000000e+00,2.29799062e-01,7.70200938e-01,0.00000000e+00
8.24824825e+01,5.49988231e-01,1.59831132e+03,1.10851235e+05,6.99140631e+02,0.00000000e+00,2.29790290e-01,7.70209710e-01,0.00000000e+00
8.25825826e+01,5.50542489e-01,1.59779427e+03,1.11005578e+05,6.99408262e+02,0.00000000e+00,2.29779472e-01,7.70220528e-01,0.00000000e+00
8.26826827e+01,5.50990080e-01,1.59735643e+03,1.11134281e+05,6.99649514e+02,0.00000000e+00,2.29770031e-01,7.70229969e-01,0.00000000e+00
8.27827828e+01,5.51347132e-01,1.59698224e+03,1.11241102e+05,6.99868012e+02,0.00000000e+00,2.29764831e-01,7.70235169e-01,0.00000000e+00
8.28828829e+01,5.51642624e-01,1.59666477e+03,1.11330978e+05,7.00058103e+02,0.00000000e+00,2.29762973e-01,7.70237027e-01,0.00000000e+00
8.29829830e+01,5.51903051e-01,1.59640045e+03,1.11408137e+05,7.00212543e+02,0.00000000e+00,2.29761018e-01,7.70238982e-01,0.00000000e+00
8.30830831e+01,5.52139151e-01,1.59618320e+03,1.11474576e+05,7.00330120e+02,0.00000000e+00,2.29756486e-01,7.70243514e-01,0.00000000e+00
8.31831832e+01,5.52347873e-01,1.59600261e+03,1.11530773e+05,7.00417766e+02,0.00000000e+00,2.29749454e-01,7.70250546e-01,0.00000000e+00
8.32832833e+01,5.52523057e-01,1.59584744e+03,1.11577304e+05,7.00487103e+02,0.00000000e+00,2.29741522e-01,7.70258478e-01,0.00000000e+00
8.33833834e+01,5.52663491e-01,1.59571071e+03,1.11615726e+05,7.00549587e+02,0.00000000e+00,2.29734064e-01,7.70265936e-01,0.00000000e+00
8.34834835e+01,5.52774265e-01,1.59559106e+03,1.11648283e+05,7.00612903e+02,0.00000000e+00,2.29727424e-01,7.70272576e-01,0.00000000e+00
8.35835836e+01,5.52863687e-01,1.59548939e+03,1.11676988e+05,7.00679123e+02,0.00000000e+00,2.29721165e-01,7.70278835e-01,0.00000000e+00
8.36836837e+01,5.52939286e-01,1.59540470e+03,1.11702903e+05,7.00745336e+02,0.00000000e+00,2.29714893e-01,7.70285107e-01,0.00000000e+00
8.37837838e+01,5.53006166e-01,1.59533273e+03,1.11726065e+05,7.00805295e+02,0.00000000e+00,2.29708502e-01,7.70291498e-01,0.00000000e+00
8.38838839e+01,5.53067023e-01,1.59526898e+03,1.11746697e+05,7.00857026e+02,0.00000000e+00,2.29702288e-01,7.70297712e-01,0.00000000e+00
8.39839840e+01,5.53124749e-01,1.59521050e+03,1.11765021e+05,7.00898234e+02,0.00000000e+00,2.29696076e-01,7.70303924e-01,0.00000000e+00
8.40840841e+01,5.53181426e-01,1.59515445e+03,1.11781411e+05,7.00928601e+02,0.00000000e+00,2.29689388e-01,7.70310612e-01,0.00000000e+00
8.41841842e+01,5.53236746e-01,1.59509956e+03,1.11796681e+05,7.00953618e+02,0.00000000e+00,2.29682346e-01,7.70317654e-01,0.00000000e+00
8.42842843e+01,5.53291200e-01,1.59504565e+03,1.11811186e+05,7.00974869e+02,0.00000000e+00,2.29674578e-01,7.70325422e-01,0.00000000e+00
8.43843844e+01,5.53343876e-01,1.59499319e+03,1.11826003e+05,7.01000256e+02,0.00000000e+00,2.29666039e-01,7.70333961e-01,0.00000000e+00
8.44844845e+01,5.53393850e-01,1.59494186e+03,1.11841445e+05,7.01032981e+02,0.00000000e+00,2.29657578e-01,7.70342422e-01,0.00000000e+00
8.45845846e+01,5.53443338e-01,1.59489069e+03,1.11857121e+05,7.01067793e+02,0.00000000e+00,2.29649195e-01,7.70350805e-01,0.00000000e+00
8.46846847e+01,5.53494406e-01,1.59483811e+03,1.11873318e+05,7.01103763e+02,0.00000000e+00,2.29639728e-01,7.70360272e-01,0.00000000e+00
8.47847848e+01,5.53542261e-01,1.59478584e+03,1.11889555e+05,7.01144000e+02,0.00000000e+00,2.29629749e-01,7.70370251e-01,0.00000000e+00
8.48848849e+01,5.53583625e-01,1.59473793e+03,1.11904086e+05,7.01181749e+02,0.00000000e+00,2.29619596e-01,7.70380404e-01,0.00000000e+00
8.49849850e+01,5.53620373e-01,1.59469367e+03,1.11917050e+05,7.01215496e+02,0.00000000e+00,2.29609204e-01,7.70390796e-01,0.00000000e+00
8.50850851e+01,5.53654274e-01,1.59465270e+03,1.11928844e+05,7.01245478e+02,0.00000000e+00,2.29598350e-01,7.70401650e-01,0.00000000e+00
8.51851852e+01,5.53686171e-01,1.59461527e+03,1.11939551e+05,7.01271122e+02,0.00000000e+00,2.29586851e-01,7.70413149e-01,0.00000000e+00
8.52852853e+01,5.53716311e-01,1.59458175e+03,1.11949086e+05,7.01291580e+02,0.00000000e+00,2.29574613e-01,7.70425387e-01,0.00000000e+00
8.53853854e+01,5.53744850e-01,1.59455276e+03,1.11957546e+05,7.01307241e+02,0.00000000e+00,2.29561333e-01,7.70438667e-01,0.00000000e+00
8.54854855e+01,5.53771481e-01,1.59452925e+03,1.11965213e+05,7.01320225e+02,0.00000000e+00,2.29546764e-01,7.70453236e-01,0.00000000e+00
8.55855856e+01,5.53794551e-01,1.59450943e+03,1.11972348e+05,7.01334309e+02,0.00000000e+00,2.29531321e-01,7.70468679e-01,0.00000000e+00
8.56856857e+01,5.53813669e-01,1.59449135e+03,1.11978692e+05,7.01348395e+02,0.00000000e+00,2.29515319e-01,7.70484681e-01,0.00000000e+00
8.57857858e+01,5.53829821e-01,1.59447366e+03,1.11984375e+05,7.01362037e+02,0.00000000e+00,2.29498684e-01,7.70501316e-01,0.00000000e+00
8.58858859e+01,5.53843985e-01,1.59445559e+03,1.11989703e+05,7.01375896e+02,0.00000000e+00,2.29481151e-01,7.70518849e-01,0.00000000e+00
8.59859860e+01,5.53856330e-01,1.59443693e+03,1.11995003e+05,7.01391793e+02,0.00000000e+00,2.29462668e-01,7.70537332e-01,0.00000000e+00
8.60860861e+01,5.53867140e-01,1.59441796e+03,1.12000522e+05,7.01410925e+02,0.00000000e+00,2.29443306e-01,7.70556694e-01,0.00000000e+00
8.61861862e+01,5.53877375e-01,1.59439883e+03,1.12006250e+05,7.01432007e+02,0.00000000e+00,2.29422998e-01,7.70577002e-01,0.00000000e+00
8.62862863e+01,5.53887808e-01,1.59437943e+03,1.12012105e+05,7.01453541e+02,0.00000000e+00,2.29401622e-01,7.70598378e-01,0.00000000e+00
8.63863864e+01,5.53899447e-01,1.59435920e+03,1.12018246e+05,7.01475192e+02,0.00000000e+00,2.29378709e-01,7.70621291e-01,0.00000000e+00
8.64864865e+01,5.53913073e-01,1.59433692e+03,1.12025058e+05,7.01498366e+02,0.00000000e+00,2.29353914e-01,7.70646086e-01,0.00000000e+00
8.65865866e+01,5.53923267e-01,1.59431479e+03,1.12032071e+05,7.01527048e+02,0.00000000e+00,2.29328131e-01,7.70671869e-01,0.00000000e+00
8.66866867e+01,5.53930556e-01,1.59429438e+03,1.12038341e+05,7.01554660e+02,0.00000000e+00,2.29301231e-01,7.70698769e-01,0.00000000e+00
8.67867868e+01,5.53936886e-01,1.59427507e+03,1.12043981e+05,7.01579415e+02,0.00000000e+00,2.29272968e-01,7.70727032e-01,0.00000000e+00
8.68868869e+01,5.53942263e-01,1.59425641e+03,1.12049622e+05,7.01605253e+02,0.00000000e+00,2.29243238e-01,7.70756762e-01,0.00000000e+00
8.69869870e+01,5.53946612e-01,1.59423858e+03,1.12055538e+05,7.01633975e+02,0.00000000e+00,2.29211977e-01,7.70788023e-01,0.00000000e+00
8.70870871e+01,5.53950443e-01,1.59422188e+03,1.12061658e+05,7.01664474e+02,0.00000000e+00,2.29178958e-01,7.70821042e-01,0.00000000e+00
8.71871872e+01,5.53954368e-01,1.59420607e+03,1.12066983e+05,7.01689716e+02,0.00000000e+00,2.29144228e-01,7.70855772e-01,0.00000000e+00
8.72872873e+01,5.53957654e-01,1.59419058e+03,1.12071027e+05,7.01707606e+02,0.00000000e+00,2.29107873e-01,7.70892127e-01,0.00000000e+00
8.73873874e+01,5.53959343e-01,1.59417628e+03,1.12075016e+05,7.01727016e+02,0.00000000e+00,2.29069790e-01,7.70930210e-01,0.00000000e+00
8.74874875e+01,5.53959003e-01,1.59416188e+03,1.12079426e+05,7.01751490e+02,0.00000000e+00,2.29030119e-01,7.70969881e-01,0.00000000e+00
8.75875876e+01,5.53953982e-01,1.59414699e+03,1.12083908e+05,7.01782220e+02,0.00000000e+00,2.28989137e-01,7.71010863e-01,0.00000000e+00
8.76876877e+01,5.53941048e-01,1.59413551e+03,1.12087360e+05,7.01816403e+02,0.00000000e+00,2.28946656e-01,7.71053344e-01,0.00000000e+00
8.77877878e+01,5.53920342e-01,1.59412855e+03,1.12089495e+05,7.01852010e+02,0.00000000e+00,2.28902309e-01,7.71097691e-01,0.00000000e+00
8.78878879e+01,5.53894439e-01,1.59412484e+03,1.12090706e+05,7.01888235e+02,0.00000000e+00,2.28855790e-01,7.71144210e-01,0.00000000e+00
8.79879880e+01,5.53865916e-01,1.59412265e+03,1.12091506e+05,7.01925016e+02,0.00000000e+00,2.28807186e-01,7.71192814e-01,0.00000000e+00
8.80880881e+01,5.53836497e-01,1.59412188e+03,1.12091968e+05,7.01960656e+02,0.00000000e+00,2.28756817e-01,7.71243183e-01,0.00000000e+00
8.81881882e+01,5.53809344e-01,1.59412174e+03,1.12092314e+05,7.01992561e+02,0.00000000e+00,2.28704824e-01,7.71295176e-01,0.00000000e+00
8.82882883e+01,5.53785581e-01,1.59412148e+03,1.12092819e+05,7.02021010e+02,0.00000000e+00,2.28651067e-01,7.71348933e-01,0.00000000e+00
8.83883884e+01,5.53765227e-01,1.59412075e+03,1.12093630e+05,7.02046881e+02,0.00000000e+00,2.28595378e-01,7.71404622e-01,0.00000000e+00
8.84884885e+01,5.53746995e-01,1.59411908e+03,1.12094741e+05,7.02071776e+02,0.00000000e+00,2.28537889e-01,7.71462111e-01,0.00000000e+00
8.85885886e+01,5.53729513e-01,1.59411630e+03,1.12096073e+05,7.02096974e+02,0.00000000e+00,2.28478867e-01,7.71521133e-01,0.00000000e+00
8.86886887e+01,5.53712183e-01,1.59411277e+03,1.12097566e+05,7.02122868e+02,0.00000000e+00,2.28418524e-01,7.71581476e-01,0.00000000e+00
8.87887888e+01,5.53694204e-01,1.59410793e+03,1.12099351e+05,7.02151392e+02,0.00000000e+00,2.28357955e-01,7.71642045e-01,0.00000000e+00
8.88888889e+01,5.53676732e-01,1.59410121e+03,1.12101817e+05,7.02183585e+02,0.00000000e+00,2.28297839e-01,7.71702161e-01,0.00000000e+00
8.89889890e+01,5.53668250e-01,1.59409547e+03,1.12104121e+05,7.02203258e+02,0.00000000e+00,2.28236572e-01,7.71763428e-01,0.00000000e+00
8.90890891e+01,5.53668385e-01,1.59409146e+03,1.12105512e+05,7.02206119e+02,0.00000000e+00,2.28173500e-01,7.71826500e-01,0.00000000e+00
8.91891892e+01,5.53672889e-01,1.59408369e+03,1.12107949e+05,7.02209931e+02,0.00000000e+00,2.28109726e-01,7.71890274e-01,0.00000000e+00
8.92892893e+01,5.53680364e-01,1.59407182e+03,1.12111622e+05,7.02217723e+02,0.00000000e+00,2.28046038e-01,7.71953962e-01,0.00000000e+00
8.93893894e+01,5.53687939e-01,1.59406081e+03,1.12115120e+05,7.02224294e+02,0.00000000e+00,2.27982382e-01,7.72017618e-01,0.00000000e+00
8.94894895e+01,5.53692891e-01,1.59405249e+03,1.12117915e+05,7.02229850e+02,0.00000000e+00,2.27919392e-01,7.72080608e-01,0.00000000e+00
8.95895896e+01,5.53695483e-01,1.59404565e+03,1.12120198e+05,7.02235304e+02,0.00000000e+00,2.27857665e-01,7.72142335e-01,0.00000000e+00
8.96896897e+01,5.53697156e-01,1.59404014e+03,1.12121921e+05,7.02238553e+02,0.00000000e+00,2.27797455e-01,7.72202545e-01,0.00000000e+00
8.97897898e+01,5.53698121e-01,1.59403538e+03,1.12123534e+05,7.02242181e+02,0.00000000e+00,2.27739125e-01,7.72260875e-01,0.00000000e+00
8.98898899e+01,5.53698354e-01,1.59403155e+03,1.12125227e+05,7.02247439e+02,0.00000000e+00,2.27683033e-01,7.72316967e-01,0.00000000e+00
8.99899900e+01,5.53698261e-01,1.59402814e+03,1.12127072e+05,7.02254299e+02,0.00000000e+00,2.27629564e-01,7.72370436e-01,0.00000000e+00
9.00900901e+01,5.53697957e-01,1.59402472e+03,1.12128543e+05,7.02259372e+02,0.00000000e+00,2.27579260e-01,7.72420740e-01,0.00000000e+00
9.01901902e+01,5.53696408e-01,1.59402118e+03,1.12130000e+05,7.02266279e+02,0.00000000e+00,2.27532815e-01,7.72467185e-01,0.00000000e+00
9.02902903e+01,5.53691231e-01,1.59401809e+03,1.12131302e+05,7.02277225e+02,0.00000000e+00,2.27490878e-01,7.72509122e-01,0.00000000e+00
9.03903904e+01,5.53679565e-01,1.59401614e+03,1.12132228e+05,7.02294492e+02,0.00000000e+00,2.27453915e-01,7.72546085e-01,0.00000000e+00
9.04904905e+01,5.53659014e-01,1.59401542e+03,1.12132757e+05,7.02321020e+02,0.00000000e+00,2.27422243e-01,7.72577757e-01,0.00000000e+00
9.05905906e+01,5.53627742e-01,1.59401532e+03,1.12133077e+05,7.02360349e+02,0.00000000e+00,2.27396185e-01,7.72603815e-01,0.00000000e+00
9.06906907e+01,5.53583817e-01,1.59401503e+03,1.12133441e+05,7.02416555e+02,0.00000000e+00,2.27376149e-01,7.72623851e-01,0.00000000e+00
9.07907908e+01,5.53524483e-01,1.59401407e+03,1.12134006e+05,7.02494175e+02,0.00000000e+00,2.27362615e-01,7.72637385e-01,0.00000000e+00
9.08908909e+01,5.53445884e-01,1.59401241e+03,1.12134789e+05,7.02598255e+02,0.00000000e+00,2.27356045e-01,7.72643955e-01,0.00000000e+00
9.09909910e+01,5.53343243e-01,1.59401036e+03,1.12135716e+05,7.02734460e+02,0.00000000e+00,2.27356830e-01,7.72643170e-01,0.00000000e+00
9.10910911e+01,5.53211189e-01,1.59400822e+03,1.12136705e+05,7.02909168e+02,0.00000000e+00,2.27365270e-01,7.72634730e-01,0.00000000e+00
9.11911912e+01,5.53043961e-01,1.59400617e+03,1.12137713e+05,7.03129500e+02,0.00000000e+00,2.27381604e-01,7.72618396e-01,0.00000000e+00
9.12912913e+01,5.52835385e-01,1.59400425e+03,1.12138728e+05,7.03403349e+02,0.00000000e+00,2.27406038e-01,7.72593962e-01,0.00000000e+00
9.13913914e+01,5.52578703e-01,1.59400244e+03,1.12139751e+05,7.03739466e+02,0.00000000e+00,2.27438763e-01,7.72561237e-01,0.00000000e+00
9.14914915e+01,5.52266353e-01,1.59400076e+03,1.12140777e+05,7.04147644e+02,0.00000000e+00,2.27479953e-01,7.72520047e-01,0.00000000e+00
9.15915916e+01,5.51889767e-01,1.59399921e+03,1.12141787e+05,7.04638971e+02,0.00000000e+00,2.27529756e-01,7.72470244e-01,0.00000000e+00
9.16916917e+01,5.51439224e-01,1.59399782e+03,1.12142761e+05,7.05226098e+02,0.00000000e+00,2.27588280e-01,7.72411720e-01,0.00000000e+00
9.17917918e+01,5.50903734e-01,1.59399660e+03,1.12143680e+05,7.05923473e+02,0.00000000e+00,2.27655588e-01,7.72344412e-01,0.00000000e+00
9.18918919e+01,5.50270944e-01,1.59399554e+03,1.12144535e+05,7.06747539e+02,0.00000000e+00,2.27731692e-01,7.72268308e-01,0.00000000e+00
9.19919920e+01,5.49527033e-01,1.59399464e+03,1.12145319e+05,7.07716934e+02,0.00000000e+00,2.27816575e-01,7.72183425e-01,0.00000000e+00
9.20920921e+01,5.48656569e-01,1.59399387e+03,1.12146029e+05,7.08852746e+02,0.00000000e+00,2.27910197e-01,7.72089803e-01,0.00000000e+00
9.21921922e+01,5.47642299e-01,1.59399325e+03,1.12146660e+05,7.10178900e+02,0.00000000e+00,2.28012523e-01,7.71987477e-01,0.00000000e+00
9.22922923e+01,5.46464870e-01,1.59399279e+03,1.12147207e+05,7.11722678e+02,0.00000000e+00,2.28123537e-01,7.71876463e-01,0.00000000e+00
9.23923924e+01,5.45102478e-01,1.59399252e+03,1.12147668e+05,7.13515392e+02,0.00000000e+00,2.28243261e-01,7.71756739e-01,0.00000000e+00
9.24924925e+01,5.43530484e-01,1.59399246e+03,1.12148041e+05,7.15593182e+02,0.00000000e+00,2.28371762e-01,7.71628238e-01,0.00000000e+00
9.25925926e+01,5.41721017e-01,1.59399262e+03,1.12148329e+05,7.17997910e+02,0.00000000e+00,2.28509157e-01,7.71490843e-01,0.00000000e+00
9.26926927e+01,5.39642593e-01,1.59399301e+03,1.12148539e+05,7.20778153e+02,0.00000000e+00,2.28655626e-01,7.71344374e-01,0.00000000e+00
9.27927928e+01,5.37259754e-01,1.59399362e+03,1.12148683e+05,7.23990322e+02,0.00000000e+00,2.28811419e-01,7.71188581e-01,0.00000000e+00
9.28928929e+01,5.34532720e-01,1.59399443e+03,1.12148778e+05,7.27699969e+02,0.00000000e+00,2.28976874e-01,7.71023126e-01,0.00000000e+00
9.29929930e+01,5.31417035e-01,1.59399543e+03,1.12148844e+05,7.31983360e+02,0.00000000e+00,2.29152441e-01,7.70847559e-01,0.00000000e+00
9.30930931e+01,5.27863193e-01,1.59399659e+03,1.12148901e+05,7.36929421e+02,0.00000000e+00,2.29338708e-01,7.70661292e-01,0.00000000e+00
9.31931932e+01,5.23816238e-01,1.59399785e+03,1.12148975e+05,7.42642185e+02,0.00000000e+00,2.29536429e-01,7.70463571e-01,0.00000000e+00
9.32932933e+01,5.19215353e-01,1.59399919e+03,1.12149090e+05,7.49243859e+02,0.00000000e+00,2.29746552e-01,7.70253448e-01,0.00000000e+00
9.33933934e+01,5.13993454e-01,1.59400053e+03,1.12149267e+05,7.56878687e+02,0.00000000e+00,2.29970237e-01,7.70029763e-01,0.00000000e+00
9.34934935e+01,5.08076852e-01,1.59400181e+03,1.12149526e+05,7.65717808e+02,0.00000000e+00,2.30208872e-01,7.69791128e-01,0.00000000e+00
9.35935936e+01,5.01385025e-01,1.59400298e+03,1.12149875e+05,7.75965412e+02,0.00000000e+00,2.30464079e-01,7.69535921e-01,0.00000000e+00
9.36936937e+01,4.93830587e-01,1.59400400e+03,1.12150313e+05,7.87866563e+02,0.00000000e+00,2.30737705e-01,7.69262295e-01,0.00000000e+00
9.37937938e+01,4.85319545e-01,1.59400484e+03,1.12150823e+05,8.01717251e+02,0.00000000e+00,2.31031791e-01,7.68968209e-01,0.00000000e+00
9.38938939e+01,4.75751945e-01,1.59400551e+03,1.12151379e+05,8.17877454e+02,0.00000000e+00,2.31348533e-01,7.68651467e-01,0.00000000e+00
9.39939940e+01,4.65023022e-01,1.59400604e+03,1.12151952e+05,8.36788310e+02,0.00000000e+00,2.31690190e-01,7.68309810e-01,0.00000000e+00
9.40940941e+01,4.53024961e-01,1.59400642e+03,1.12152514e+05,8.58995019e+02,0.00000000e+00,2.32058980e-01,7.67941020e-01,0.00000000e+00
9.41941942e+01,4.39649385e-01,1.59400665e+03,1.12153047e+05,8.85177860e+02,0.00000000e+00,2.32456921e-01,7.67543079e-01,0.00000000e+00
9.42942943e+01,4.24790646e-01,1.59400673e+03,1.12153546e+05,9.16194923e+02,0.00000000e+00,2.32885631e-01,7.67114369e-01,0.00000000e+00
9.43943944e+01,4.08350017e-01,1.59400665e+03,1.12154002e+05,9.53142140e+02,0.00000000e+00,2.33346082e-01,7.66653918e-01,0.00000000e+00
9.44944945e+01,3.90240808e-01,1.59400651e+03,1.12154401e+05,9.97439437e+02,0.00000000e+00,2.33838274e-01,7.66161726e-01,0.00000000e+00
9.45945946e+01,3.70394432e-01,1.59400645e+03,1.12154716e+05,1.05095737e+03,0.00000000e+00,2.34360818e-01,7.65639182e-01,0.00000000e+00
9.46946947e+01,3.48767300e-01,1.59400666e+03,1.12154917e+05,1.11620817e+03,0.00000000e+00,2.34910376e-01,7.65089624e-01,0.00000000e+00
9.47947948e+01,3.25348413e-01,1.59400713e+03,1.12154991e+05,1.19665370e+03,0.00000000e+00,2.35555278e-01,7.64444722e-01,0.00000000e+00
9.48948949e+01,3.00405090e-01,1.59400752e+03,1.12154938e+05,1.29621716e+03,0.00000000e+00,2.36776653e-01,7.63223347e-01,0.00000000e+00
9.49949950e+01,2.77229821e-01,1.59400776e+03,1.12154927e+05,1.40480423e+03,0.00000000e+00,2.38045659e-01,7.61954341e-01,0.00000000e+00
9.50950951e+01,2.57466187e-01,1.59400977e+03,1.12155361e+05,1.51288466e+03,0.00000000e+00,2.39275864e-01,7.60724136e-01,0.00000000e+00
9.51951952e+01,2.40844386e-01,1.59401408e+03,1.12156236e+05,1.61754638e+03,0.00000000e+00,2.40421085e-01,7.59578915e-01,0.00000000e+00
9.52952953e+01,2.27057657e-01,1.59401575e+03,1.12156529e+05,1.71599171e+03,0.00000000e+00,2.41441953e-01,7.58558047e-01,0.00000000e+00
9.53953954e+01,2.15778731e-01,1.59401022e+03,1.12155432e+05,1.80587174e+03,0.00000000e+00,2.42310481e-01,7.57689519e-01,0.00000000e+00
9.54954955e+01,2.06679376e-01,1.59400427e+03,1.12154251e+05,1.88552668e+03,0.00000000e+00,2.43007111e-01,7.56992889e-01,0.00000000e+00
9.55955956e+01,1.99442632e-01,1.59400859e+03,1.12154893e+05,1.95408295e+03,0.00000000e+00,2.43521285e-01,7.56478715e-01,0.00000000e+00
9.56956957e+01,1.93769389e-01,1.59402175e+03,1.12157061e+05,2.01142027e+03,0.00000000e+00,2.43854788e-01,7.56145212e-01,0.00000000e+00
9.57957958e+01,1.89386557e-01,1.59403452e+03,1.12159120e+05,2.05805024e+03,0.00000000e+00,2.44018904e-01,7.55981096e-01,0.00000000e+00
9.58958959e+01,1.86053021e-01,1.59404067e+03,1.12160064e+05,2.09494502e+03,0.00000000e+00,2.44029313e-01,7.55970687e-01,0.00000000e+00
9.59959960e+01,1.83560216e-01,1.59403677e+03,1.12159263e+05,2.12334600e+03,0.00000000e+00,2.43905151e-01,7.56094849e-01,0.00000000e+00
9.60960961e+01,1.81731689e-01,1.59402215e+03,1.12156680e+05,2.14459565e+03,0.00000000e+00,2.43667799e-01,7.56332201e-01,0.00000000e+00
9.61961962e+01,1.80422261e-01,1.59400897e+03,1.12154397e+05,2.16002433e+03,0.00000000e+00,2.43336529e-01,7.56663471e-01,0.00000000e+00
9.62962963e+01,1.79513549e-01,1.59401228e+03,1.12154892e+05,2.17085407e+03,0.00000000e+00,2.42927503e-01,7.57072497e-01,0.00000000e+00
9.63963964e+01,1.78906849e-01,1.59402936e+03,1.12157726e+05,2.17813939e+03,0.00000000e+00,2.42457782e-01,7.57542218e-01,0.00000000e+00
9.64964965e+01,1.78520697e-01,1.59404426e+03,1.12160219e+05,2.18275556e+03,0.00000000e+00,2.41944890e-01,7.58055110e-01,0.00000000e+00
9.65965966e+01,1.78291383e-01,1.59404855e+03,1.12160925e+05,2.18542444e+03,0.00000000e+00,2.41402352e-01,7.58597648e-01,0.00000000e+00
9.66966967e+01,1.78170269e-01,1.59404507e+03,1.12160305e+05,2.18673987e+03,0.00000000e+00,2.40839487e-01,7.59160513e-01,0.00000000e+00
9.67967968e+01,1.78119337e-01,1.59403920e+03,1.12159239e+05,2.18718257e+03,0.00000000e+00,2.40263478e-01,7.59736522e-01,0.00000000e+00
9.68968969e+01,1.78107635e-01,1.59403557e+03,1.12158536e+05,2.18714903e+03,0.00000000e+00,2.39681111e-01,7.60318889e-01,0.00000000e+00
9.69969970e+01,1.78111083e-01,1.59403502e+03,1.12158352e+05,2.18694066e+03,0.00000000e+00,2.39102626e-01,7.60897374e-01,0.00000000e+00
9.70970971e+01,1.78130000e-01,1.59403467e+03,1.12158202e+05,2.18654525e+03,0.00000000e+00,2.38531839e-01,7.61468161e-01,0.00000000e+00
9.71971972e+01,1.78174657e-01,1.59403465e+03,1.12158205e+05,2.18584025e+03,0.00000000e+00,2.37972218e-01,7.62027782e-01,0.00000000e+00
9.72972973e+01,1.78252665e-01,1.59403517e+03,1.12158410e+05,2.18473484e+03,0.00000000e+00,2.37427341e-01,7.62572659e-01,0.00000000e+00
9.73973974e+01,1.78368313e-01,1.59403651e+03,1.12158791e+05,2.18317818e+03,0.00000000e+00,2.36900719e-01,7.63099281e-01,0.00000000e+00
9.74974975e+01,1.78522140e-01,1.59403889e+03,1.12159260e+05,2.18116458e+03,0.00000000e+00,2.36395146e-01,7.63604854e-01,0.00000000e+00
9.75975976e+01,1.78710357e-01,1.59404167e+03,1.12159721e+05,2.17874159e+03,0.00000000e+00,2.35913227e-01,7.64086773e-01,0.00000000e+00
9.76976977e+01,1.78921019e-01,1.59403277e+03,1.12159863e+05,2.17605734e+03,0.00000000e+00,2.35477274e-01,7.64522726e-01,0.00000000e+00
9.77977978e+01,1.79137716e-01,1.59431121e+03,1.12144313e+05,2.17309447e+03,0.00000000e+00,2.35372396e-01,7.64627604e-01,0.00000000e+00
9.78978979e+01,2.80337937e-01,9.48557469e+02,2.63380330e+05,3.28436135e+03,0.00000000e+00,2.90105586e-01,7.09894414e-01,0.00000000e+00
9.79979980e+01,5.10804113e-01,1.68050778e+02,6.32693358e+05,4.31104827e+03,0.00000000e+00,2.56080434e-01,7.43919566e-01,0.00000000e+00
9.80980981e+01,5.81389440e-01,1.61719475e+01,7.55800160e+05,4.51376810e+03,0.00000000e+00,2.37364181e-01,7.62635819e-01,0.00000000e+00
9.81981982e+01,5.89333615e-01,5.22930705e-01,7.69176202e+05,4.52900854e+03,0.00000000e+00,2.32682744e-01,7.67317256e-01,0.00000000e+00
9.82982983e+01,5.89983276e-01,-1.24147319e+00,7.69867327e+05,4.52750465e+03,0.00000000e+00,2.31681157e-01,7.68318843e-01,0.00000000e+00
9.83983984e+01,5.90342440e-01,-1.17942076e+00,7.70054416e+05,4.52547465e+03,0.00000000e+00,2.31035015e-01,7.68964985e-01,0.00000000e+00
9.84984985e+01,5.90601336e-01,-9.96427707e-01,7.70150675e+05,4.52390951e+03,0.00000000e+00,2.30781999e-01,7.69218001e-01,0.00000000e+00
9.85985986e+01,5.90776985e-01,-8.63334921e-01,7.70208936e+05,4.52271881e+03,0.00000000e+00,2.30458268e-01,7.69541732e-01,0.00000000e+00
9.86986987e+01,5.90881133e-01,-7.66884327e-01,7.70263557e+05,4.52210026e+03,0.00000000e+00,2.30213309e-01,7.69786691e-01,0.00000000e+00
9.87987988e+01,5.90922049e-01,-6.87729874e-01,7.70319854e+05,4.52216958e+03,0.00000000e+00,2.30302865e-01,7.69697135e-01,0.00000000e+00
9.88988989e+01,5.90918109e-01,-6.19596753e-01,7.70370354e+05,4.52219429e+03,0.00000000e+00,2.29782282e-01,7.70217718e-01,0.00000000e+00
9.89989990e+01,5.90857012e-01,-5.31286172e-01,7.70411136e+05,4.52332991e+03,0.00000000e+00,2.30521161e-01,7.69478839e-01,0.00000000e+00
9.90990991e+01,5.90704651e-01,-4.29266683e-01,7.70453665e+05,4.52387649e+03,0.00000000e+00,2.29021790e-01,7.70978210e-01,0.00000000e+00
9.91991992e+01,5.90489628e-01,-3.59470363e-01,7.70477859e+05,4.52665337e+03,0.00000000e+00,2.30723054e-01,7.69276946e-01,0.00000000e+00
9.92992993e+01,5.90346483e-01,-3.16435021e-01,7.70503248e+05,4.52623590e+03,0.00000000e+00,2.27855981e-01,7.72144019e-01,0.00000000e+00
9.93993994e+01,5.90308977e-01,-2.95577985e-01,7.70534565e+05,4.52922152e+03,0.00000000e+00,2.32185708e-01,7.67814292e-01,0.00000000e+00
9.94994995e+01,5.90347162e-01,-2.64024226e-01,7.70577002e+05,4.52679172e+03,0.00000000e+00,2.28076147e-01,7.71923853e-01,0.00000000e+00
9.95995996e+01,5.90499494e-01,-1.86142154e-01,7.70614074e+05,4.53095078e+03,0.00000000e+00,2.36871484e-01,7.63128516e-01,0.00000000e+00
9.96996997e+01,5.90774419e-01,-1.06541421e-01,7.70638528e+05,4.52202158e+03,0.00000000e+00,2.24872182e-01,7.75127818e-01,0.00000000e+00
9.97997998e+01,5.91003175e-01,-4.83677259e-02,7.70639495e+05,4.53021726e+03,0.00000000e+00,2.41994239e-01,7.58005761e-01,0.00000000e+00
9.98998999e+01,5.91085778e-01,-1.06208710e-02,7.70636699e+05,4.50931074e+03,0.00000000e+00,2.07017024e-01,7.92982976e-01,0.00000000e+00
1.00000000e+02,5.91085778e-01,1.06208710e-02,7.70636699e+05,4.50931074e+03,0.00000000e+00,2.07017024e-01,7.92982976e-01,0.00000000e+00
