# x(m), rho(kg/m3), u(m/s), p(Pa), T(K), Y_H2, Y_O2, Y_N2, Y_H2O
0.00000000e+00,3.13841436e+00,-1.50397159e+00,6.01262362e+06,2.40474365e+03,1.18501925e-01,5.83339813e-07,6.00009375e-01,2.81488116e-01
1.00100100e-01,3.13841436e+00,1.50397159e+00,6.01262362e+06,2.40474365e+03,1.18501925e-01,5.83339813e-07,6.00009375e-01,2.81488116e-01
2.00200200e-01,3.13925314e+00,5.76254954e+00,6.01484036e+06,2.40498747e+03,1.18501925e-01,5.83339813e-07,6.00009375e-01,2.81488116e-01
3.00300300e-01,3.13896392e+00,7.41956009e+00,6.00327507e+06,2.40177232e+03,1.18443311e-01,5.83051278e-07,5.99712596e-01,2.81348885e-01
4.00400400e-01,3.13683067e+00,8.75134069e+00,6.00842320e+06,2.40427693e+03,1.18501925e-01,5.83339813e-07,6.00009375e-01,2.81488116e-01
5.00500501e-01,3.13292771e+00,1.21706841e+01,5.99810821e+06,2.40313945e+03,1.18501925e-01,5.83339813e-07,6.00009375e-01,2.81488116e-01
6.00600601e-01,3.13123562e+00,1.63167245e+01,5.99139635e+06,2.40199234e+03,1.18489847e-01,5.83280357e-07,5.99948220e-01,2.81459426e-01
7.00700701e-01,3.13432702e+00,1.97969025e+01,5.99689837e+06,2.40211791e+03,1.18475491e-01,5.83209686e-07,5.99875529e-01,2.81425324e-01
8.00800801e-01,3.13891397e+00,2.30314821e+01,6.01864060e+06,2.40624192e+03,1.18527784e-01,5.83467107e-07,6.00140306e-01,2.81549542e-01
9.00900901e-01,3.13842641e+00,2.58160731e+01,6.01988358e+06,2.40683209e+03,1.18541606e-01,5.83535145e-07,6.00210289e-01,2.81582373e-01
1.00100100e+00,3.13357111e+00,2.96104777e+01,5.99292415e+06,2.40132075e+03,1.18464850e-01,5.83157307e-07,5.99821654e-01,2.81400049e-01
1.10110110e+00,3.13246015e+00,3.29332917e+01,5.99165936e+06,2.40147930e+03,1.18474032e-01,5.83202505e-07,5.99868144e-01,2.81421859e-01
1.20120120e+00,3.13241803e+00,3.55258062e+01,5.99037523e+06,2.40111901e+03,1.18468007e-01,5.83172846e-07,5.99837637e-01,2.81407547e-01
1.30130130e+00,3.13588036e+00,3.68713243e+01,6.00388103e+06,2.40338697e+03,1.18492086e-01,5.83291380e-07,5.99959558e-01,2.81464745e-01
1.40140140e+00,3.14039450e+00,3.89376942e+01,6.02144656e+06,2.40633270e+03,1.18522666e-01,5.83441912e-07,6.00114392e-01,2.81537384e-01
1.50150150e+00,3.14240314e+00,4.19695322e+01,6.02267508e+06,2.40573750e+03,1.18500383e-01,5.83332220e-07,6.00001565e-01,2.81484452e-01
1.60160160e+00,3.14220172e+00,4.61246103e+01,6.03020136e+06,2.40800546e+03,1.18544318e-01,5.83548495e-07,6.00224020e-01,2.81588815e-01
1.70170170e+00,3.13915857e+00,5.19093254e+01,6.01429733e+06,2.40484279e+03,1.18501925e-01,5.83339813e-07,6.00009375e-01,2.81488116e-01
1.80180180e+00,3.13567885e+00,5.65007690e+01,6.00404059e+06,2.40352652e+03,1.18495970e-01,5.83310497e-07,5.99979222e-01,2.81473970e-01
1.90190190e+00,3.13568460e+00,6.03037229e+01,6.00094125e+06,2.40262175e+03,1.18479184e-01,5.83227867e-07,5.99894230e-01,2.81434097e-01
2.00200200e+00,3.13591609e+00,6.27048118e+01,5.99871294e+06,2.40185961e+03,1.18464025e-01,5.83153243e-07,5.99817474e-01,2.81398088e-01
2.10210210e+00,3.13499706e+00,6.61455255e+01,6.00148743e+06,2.40309842e+03,1.18492445e-01,5.83293146e-07,5.99961375e-01,2.81465597e-01
2.20220220e+00,3.13788636e+00,7.08553157e+01,6.01274210e+06,2.40498995e+03,1.18512062e-01,5.83389713e-07,6.00060701e-01,2.81512196e-01
2.30230230e+00,3.14150534e+00,7.44406236e+01,6.01372034e+06,2.40355345e+03,1.18465556e-01,5.83160782e-07,5.99825228e-01,2.81401726e-01
2.40240240e+00,3.13978577e+00,7.68328614e+01,6.01614708e+06,2.40506957e+03,1.18503517e-01,5.83347651e-07,6.00017437e-01,2.81491899e-01
2.50250250e+00,3.13294144e+00,8.21100558e+01,5.99783561e+06,2.40301970e+03,1.18501925e-01,5.83339813e-07,6.00009375e-01,2.81488116e-01
2.60260260e+00,3.13031661e+00,8.64137079e+01,5.97802400e+06,2.39850011e+03,1.18432283e-01,5.82996992e-07,5.99656758e-01,2.81322690e-01
2.70270270e+00,3.13670418e+00,9.08649384e+01,6.02135351e+06,2.40803415e+03,1.18576432e-01,5.83706580e-07,6.00386623e-01,2.81665098e-01
2.80280280e+00,3.14262292e+00,9.36543873e+01,6.00739247e+06,2.40118884e+03,1.18415314e-01,5.82913461e-07,5.99570840e-01,2.81282382e-01
2.90290290e+00,3.14345848e+00,9.28826566e+01,6.02225772e+06,2.40508922e+03,1.18484318e-01,5.83253139e-07,5.99920225e-01,2.81446293e-01
3.00300300e+00,3.14036255e+00,9.33831582e+01,6.00220934e+06,2.40074737e+03,1.18420078e-01,5.82936912e-07,5.99594961e-01,2.81293698e-01
3.10310310e+00,3.13164564e+00,9.76343693e+01,6.00992557e+06,2.40714661e+03,1.18586266e-01,5.83754989e-07,6.00436416e-01,2.81688458e-01
3.20320320e+00,3.12700227e+00,1.04845230e+02,5.97568944e+06,2.39940650e+03,1.18466743e-01,5.83166623e-07,5.99831236e-01,2.81404544e-01
3.30330330e+00,3.13309666e+00,1.10469174e+02,6.01549405e+06,2.40804684e+03,1.18596817e-01,5.83806931e-07,6.00489842e-01,2.81713522e-01
3.40340340e+00,3.13831441e+00,1.13967465e+02,6.00116329e+06,2.40141777e+03,1.18443635e-01,5.83052875e-07,5.99714238e-01,2.81349656e-01
3.50350350e+00,3.13927151e+00,1.13373291e+02,6.01428384e+06,2.40475088e+03,1.18501925e-01,5.83339813e-07,6.00009375e-01,2.81488116e-01
3.60360360e+00,3.13933307e+00,1.12999193e+02,6.00126155e+06,2.40093736e+03,1.18430834e-01,5.82989858e-07,5.99649420e-01,2.81319247e-01
3.70370370e+00,3.13791039e+00,1.15012774e+02,6.03194397e+06,2.41050226e+03,1.18617748e-01,5.83909964e-07,6.00595819e-01,2.81763241e-01
3.80380380e+00,3.13285242e+00,1.22710904e+02,6.00491165e+06,2.40506119e+03,1.18544391e-01,5.83548858e-07,6.00224394e-01,2.81588990e-01
3.90390390e+00,3.13464335e+00,1.29316733e+02,6.00973920e+06,2.40558499e+03,1.18546092e-01,5.83557229e-07,6.00233005e-01,2.81593030e-01
4.00400400e+00,3.13369418e+00,1.33209066e+02,5.99890380e+06,2.40289971e+03,1.18500477e-01,5.83332682e-07,6.00002041e-01,2.81484676e-01
4.10410410e+00,3.12958712e+00,1.38034341e+02,5.99864990e+06,2.40478370e+03,1.18558011e-01,5.83615903e-07,6.00293354e-01,2.81621342e-01
4.20420420e+00,3.12705200e+00,1.41156496e+02,5.97015502e+06,2.39768104e+03,1.18440314e-01,5.83036527e-07,5.99697423e-01,2.81341767e-01
4.30430430e+00,3.12725684e+00,1.41570241e+02,5.96857759e+06,2.39709316e+03,1.18430301e-01,5.82987236e-07,5.99646723e-01,2.81317982e-01
4.40440440e+00,3.12900896e+00,1.44574580e+02,5.99244485e+06,2.40319082e+03,1.18535774e-01,5.83506436e-07,6.00180760e-01,2.81568520e-01
4.50450450e+00,3.13511497e+00,1.50893631e+02,6.00655424e+06,2.40437119e+03,1.18525248e-01,5.83454622e-07,6.00127465e-01,2.81543517e-01
4.60460460e+00,3.13817448e+00,1.54255291e+02,6.00721870e+06,2.40307975e+03,1.18486434e-01,5.83263554e-07,5.99930938e-01,2.81451318e-01
4.70470470e+00,3.13661784e+00,1.56240341e+02,5.99420080e+06,2.40001006e+03,1.18439639e-01,5.83033200e-07,5.99694000e-01,2.81340162e-01
4.80480480e+00,3.13421051e+00,1.57305319e+02,5.98923228e+06,2.39967857e+03,1.18448721e-01,5.83077911e-07,5.99739989e-01,2.81361737e-01
4.90490490e+00,3.13409516e+00,1.58764600e+02,5.99835270e+06,2.40234220e+03,1.18501925e-01,5.83339813e-07,6.00009375e-01,2.81488116e-01
5.00500501e+00,3.13406052e+00,1.61260177e+02,6.00387255e+06,2.40392451e+03,1.18534212e-01,5.83498748e-07,6.00172851e-01,2.81564810e-01
5.10510511e+00,3.13069340e+00,1.67175341e+02,5.97775557e+06,2.39788055e+03,1.18443307e-01,5.83051263e-07,5.99712576e-01,2.81348876e-01
5.20520521e+00,3.13554144e+00,1.72796433e+02,6.00548587e+06,2.40353791e+03,1.18529126e-01,5.83473726e-07,6.00147103e-01,2.81552730e-01
5.30530531e+00,3.14206209e+00,1.78656601e+02,6.01187336e+06,2.40221032e+03,1.18474392e-01,5.83204321e-07,5.99869969e-01,2.81422716e-01
5.40540541e+00,3.14486178e+00,1.80717725e+02,6.01651046e+06,2.40214462e+03,1.18463462e-01,5.83150605e-07,5.99814623e-01,2.81396751e-01
5.50550551e+00,3.14461250e+00,1.81163249e+02,6.00631071e+06,2.39921907e+03,1.18416224e-01,5.82918333e-07,5.99575447e-01,2.81284543e-01
5.60560561e+00,3.14145597e+00,1.82785479e+02,6.00693438e+06,2.40076744e+03,1.18471060e-01,5.83188941e-07,5.99853096e-01,2.81414799e-01
5.70570571e+00,3.13988266e+00,1.84461045e+02,5.98635566e+06,2.39540056e+03,1.18389014e-01,5.82786663e-07,5.99437676e-01,2.81219910e-01
5.80580581e+00,3.13949500e+00,1.83764453e+02,5.98558167e+06,2.39521363e+03,1.18397564e-01,5.82832313e-07,5.99480964e-01,2.81240218e-01
5.90590591e+00,3.13812352e+00,1.85973231e+02,5.99570250e+06,2.39864136e+03,1.18480036e-01,5.83245751e-07,5.99898547e-01,2.81436122e-01
6.00600601e+00,3.14016586e+00,1.90691731e+02,5.98983668e+06,2.39575097e+03,1.18429849e-01,5.83013395e-07,5.99644434e-01,2.81316908e-01
6.10610611e+00,3.14804896e+00,1.96949425e+02,6.03359934e+06,2.40442646e+03,1.18567031e-01,5.83716333e-07,6.00339027e-01,2.81642769e-01
6.20620621e+00,3.15247971e+00,2.03127018e+02,6.03113142e+06,2.40140352e+03,1.18500943e-01,5.83440447e-07,6.00004400e-01,2.81485782e-01
6.30630631e+00,3.14986006e+00,2.06923933e+02,6.02208896e+06,2.39977739e+03,1.18501925e-01,5.83530198e-07,6.00009375e-01,2.81488116e-01
6.40640641e+00,3.14450938e+00,2.09881985e+02,6.00436398e+06,2.39678549e+03,1.18501925e-01,5.83669992e-07,6.00009375e-01,2.81488116e-01
6.50650651e+00,3.13897447e+00,2.11224539e+02,5.98539564e+06,2.39342669e+03,1.18501925e-01,5.83890754e-07,6.00009375e-01,2.81488116e-01
6.60660661e+00,3.13423624e+00,2.12914674e+02,5.96828520e+06,2.39019256e+03,1.18501925e-01,5.84227126e-07,6.00009375e-01,2.81488115e-01
6.70670671e+00,3.13167657e+00,2.15561495e+02,5.95723911e+06,2.38771880e+03,1.18501925e-01,5.84722182e-07,6.00009375e-01,2.81488115e-01
6.80680681e+00,3.13243117e+00,2.19690624e+02,5.95418526e+06,2.38591988e+03,1.18501925e-01,5.85428482e-07,6.00009375e-01,2.81488114e-01
6.90690691e+00,3.13675184e+00,2.24166887e+02,5.95799178e+06,2.38415666e+03,1.18501925e-01,5.86407388e-07,6.00009375e-01,2.81488113e-01
7.00700701e+00,3.14259511e+00,2.28965205e+02,5.96512148e+06,2.38257133e+03,1.18501926e-01,5.87728086e-07,6.00009375e-01,2.81488112e-01
7.10710711e+00,3.14760413e+00,2.33027921e+02,5.97004801e+06,2.38074437e+03,1.18501926e-01,5.89465431e-07,6.00009375e-01,2.81488110e-01
7.20720721e+00,3.15188879e+00,2.36287924e+02,5.97222441e+06,2.37837473e+03,1.18501926e-01,5.91695417e-07,6.00009375e-01,2.81488107e-01
7.30730731e+00,3.15649654e+00,2.39282722e+02,5.97343676e+06,2.37538496e+03,1.18501926e-01,5.94491250e-07,6.00009375e-01,2.81488104e-01
7.40740741e+00,3.16169811e+00,2.42319551e+02,5.97382658e+06,2.37163177e+03,1.18501927e-01,5.97920670e-07,6.00009375e-01,2.81488100e-01
7.50750751e+00,3.16767890e+00,2.45481886e+02,5.97473612e+06,2.36751437e+03,1.18501927e-01,6.02042116e-07,6.00009375e-01,2.81488095e-01
7.60760761e+00,3.17436814e+00,2.49070842e+02,5.97603335e+06,2.36303834e+03,1.18501928e-01,6.06901029e-07,6.00009375e-01,2.81488090e-01
7.70770771e+00,3.18218688e+00,2.52941074e+02,5.97763243e+06,2.35786302e+03,1.18501929e-01,6.12522952e-07,6.00009375e-01,2.81488084e-01
7.80780781e+00,3.19010016e+00,2.56479352e+02,5.97683985e+06,2.35170231e+03,1.18501930e-01,6.18911995e-07,6.00009375e-01,2.81488076e-01
7.90790791e+00,3.19867120e+00,2.59810809e+02,5.97515647e+06,2.34474018e+03,1.18501930e-01,6.26048456e-07,6.00009375e-01,2.81488068e-01
8.00800801e+00,3.20842900e+00,2.62757175e+02,5.97271254e+06,2.33665300e+03,1.18501931e-01,6.33889692e-07,6.00009375e-01,2.81488060e-01
8.10810811e+00,3.21926662e+00,2.65252274e+02,5.97034404e+06,2.32786319e+03,1.18501933e-01,6.42363474e-07,6.00009375e-01,2.81488050e-01
8.20820821e+00,3.23180956e+00,2.67816505e+02,5.96940606e+06,2.31846423e+03,1.18501934e-01,6.51370649e-07,6.00009375e-01,2.81488040e-01
8.30830831e+00,3.24675733e+00,2.70491341e+02,5.96989286e+06,2.30797844e+03,1.18501935e-01,6.60789353e-07,6.00009375e-01,2.81488029e-01
8.40840841e+00,3.26370259e+00,2.73672807e+02,5.97076032e+06,2.29632894e+03,1.18501936e-01,6.70477834e-07,6.00009375e-01,2.81488018e-01
8.50850851e+00,3.28324217e+00,2.77444068e+02,5.97196639e+06,2.28312386e+03,1.18501937e-01,6.80273504e-07,6.00009375e-01,2.81488007e-01
8.60860861e+00,3.30496326e+00,2.81209732e+02,5.97210681e+06,2.26817190e+03,1.18501939e-01,6.90007609e-07,6.00009375e-01,2.81487996e-01
8.70870871e+00,3.32720384e+00,2.84831506e+02,5.96951739e+06,2.25203350e+03,1.18501940e-01,6.99496138e-07,6.00009375e-01,2.81487986e-01
8.80880881e+00,3.35056349e+00,2.88202889e+02,5.96516172e+06,2.23470090e+03,1.18501941e-01,7.08556856e-07,6.00009375e-01,2.81487975e-01
8.90890891e+00,3.37595880e+00,2.91387861e+02,5.95961173e+06,2.21582705e+03,1.18501942e-01,7.17020197e-07,6.00009375e-01,2.81487966e-01
9.00900901e+00,3.40315884e+00,2.94186710e+02,5.95219656e+06,2.19538187e+03,1.18501943e-01,7.24730792e-07,6.00009375e-01,2.81487957e-01
9.10910911e+00,3.43105291e+00,2.96940815e+02,5.93888011e+06,2.17314831e+03,1.18475426e-01,7.31382178e-07,5.99875107e-01,2.81424959e-01
9.20920921e+00,3.46314799e+00,3.00138845e+02,5.94479943e+06,2.15467208e+03,1.18501944e-01,7.37353255e-07,6.00009375e-01,2.81487943e-01
9.30930931e+00,3.49622316e+00,3.02476772e+02,5.94910903e+06,2.13583555e+03,1.18501945e-01,7.42077070e-07,6.00009375e-01,2.81487938e-01
9.40940941e+00,3.52580383e+00,3.05197472e+02,5.95238635e+06,2.11908313e+03,1.18501946e-01,7.45653363e-07,6.00009375e-01,2.81487934e-01
9.50950951e+00,3.55329919e+00,3.08075642e+02,5.95594543e+06,2.10394295e+03,1.18501946e-01,7.48037968e-07,6.00009375e-01,2.81487931e-01
9.60960961e+00,3.57843363e+00,3.11232918e+02,5.95875324e+06,2.09015003e+03,1.18501946e-01,7.49213617e-07,6.00009375e-01,2.81487930e-01
9.70970971e+00,3.60046610e+00,3.14462827e+02,5.95951139e+06,2.07762401e+03,1.18501946e-01,7.49184023e-07,6.00009375e-01,2.81487930e-01
9.80980981e+00,3.61829395e+00,3.17680249e+02,5.95678689e+06,2.06644211e+03,1.18501946e-01,7.47976366e-07,6.00009375e-01,2.81487931e-01
9.90990991e+00,3.63213230e+00,3.21370998e+02,5.95072640e+06,2.05647461e+03,1.18501946e-01,7.45642263e-07,6.00009375e-01,2.81487934e-01
1.00100100e+01,3.64247763e+00,3.25586421e+02,5.94108389e+06,2.04731100e+03,1.18501945e-01,7.42255182e-07,6.00009375e-01,2.81487938e-01
1.01101101e+01,3.65077101e+00,3.29979446e+02,5.93000812e+06,2.03885210e+03,1.18501945e-01,7.37907166e-07,6.00009375e-01,2.81487942e-01
1.02102102e+01,3.65902337e+00,3.34211890e+02,5.92146131e+06,2.03132186e+03,1.18501944e-01,7.32704713e-07,6.00009375e-01,2.81487948e-01
1.03103103e+01,3.66624562e+00,3.37897438e+02,5.91445520e+06,2.02492163e+03,1.18501943e-01,7.26763939e-07,6.00009375e-01,2.81487955e-01
1.04104104e+01,3.67364568e+00,3.41627969e+02,5.91143314e+06,2.01981013e+03,1.18501942e-01,7.20207674e-07,6.00009375e-01,2.81487962e-01
1.05105105e+01,3.68103391e+00,3.45080412e+02,5.91077446e+06,2.01553156e+03,1.18501941e-01,7.13170231e-07,6.00009375e-01,2.81487970e-01
1.06106106e+01,3.68777345e+00,3.48188903e+02,5.91106113e+06,2.01194568e+03,1.18501941e-01,7.05775552e-07,6.00009375e-01,2.81487979e-01
1.07107107e+01,3.69385025e+00,3.51233864e+02,5.91136525e+06,2.00873914e+03,1.18501940e-01,6.98158066e-07,6.00009375e-01,2.81487987e-01
1.08108108e+01,3.69917245e+00,3.54451551e+02,5.91062100e+06,2.00559653e+03,1.18501939e-01,6.90438756e-07,6.00009375e-01,2.81487996e-01
1.09109109e+01,3.70354011e+00,3.57843688e+02,5.90868256e+06,2.00257432e+03,1.18501938e-01,6.82734959e-07,6.00009375e-01,2.81488005e-01
1.10110110e+01,3.70654880e+00,3.61513683e+02,5.90546872e+06,1.99986043e+03,1.18501937e-01,6.75158456e-07,6.00009375e-01,2.81488013e-01
1.11111111e+01,3.70918860e+00,3.65159305e+02,5.90261009e+06,1.99746978e+03,1.18501936e-01,6.67808201e-07,6.00009375e-01,2.81488021e-01
1.12112112e+01,3.71140740e+00,3.68381423e+02,5.90012830e+06,1.99543629e+03,1.18501935e-01,6.60766300e-07,6.00009375e-01,2.81488029e-01
1.13113113e+01,3.71435739e+00,3.71263525e+02,5.90022683e+06,1.99388479e+03,1.18501934e-01,6.54100230e-07,6.00009375e-01,2.81488037e-01
1.14114114e+01,3.71822741e+00,3.73771334e+02,5.90221480e+06,1.99248061e+03,1.18501933e-01,6.47864973e-07,6.00009375e-01,2.81488044e-01
1.15115115e+01,3.72185126e+00,3.76237762e+02,5.90398536e+06,1.99113772e+03,1.18501932e-01,6.42103281e-07,6.00009375e-01,2.81488050e-01
1.16116116e+01,3.72444156e+00,3.78856892e+02,5.90423786e+06,1.98983802e+03,1.18501932e-01,6.36848616e-07,6.00009375e-01,2.81488056e-01
1.17117117e+01,3.72568972e+00,3.81639758e+02,5.90258922e+06,1.98861595e+03,1.18501931e-01,6.32124962e-07,6.00009375e-01,2.81488062e-01
1.18118118e+01,3.72575208e+00,3.84746649e+02,5.89955718e+06,1.98756118e+03,1.18501931e-01,6.27944158e-07,6.00009375e-01,2.81488066e-01
1.19119119e+01,3.72514426e+00,3.88128339e+02,5.89526015e+06,1.98643758e+03,1.18501930e-01,6.24308111e-07,6.00009375e-01,2.81488070e-01
1.20120120e+01,3.72439408e+00,3.91517889e+02,5.89119598e+06,1.98546798e+03,1.18501930e-01,6.21211013e-07,6.00009375e-01,2.81488074e-01
1.21121121e+01,3.72391363e+00,3.94893356e+02,5.88846411e+06,1.98480332e+03,1.18501930e-01,6.18641902e-07,6.00009375e-01,2.81488077e-01
1.22122122e+01,3.72405858e+00,3.98151763e+02,5.88738749e+06,1.98436319e+03,1.18501929e-01,6.16584529e-07,6.00009375e-01,2.81488079e-01
1.23123123e+01,3.72565733e+00,4.01128341e+02,5.89002985e+06,1.98440190e+03,1.18501929e-01,6.15016451e-07,6.00009375e-01,2.81488081e-01
1.24124124e+01,3.72549647e+00,4.03333709e+02,5.88957668e+06,1.98433489e+03,1.18501929e-01,6.13914996e-07,6.00009375e-01,2.81488082e-01
1.25125125e+01,3.72383482e+00,4.06138636e+02,5.90302784e+06,1.98816944e+03,1.18596397e-01,6.13743525e-07,6.00487692e-01,2.81712480e-01
1.26126126e+01,3.72788393e+00,4.09113749e+02,5.89451942e+06,1.98472832e+03,1.18501929e-01,6.13004571e-07,6.00009375e-01,2.81488083e-01
1.27127127e+01,3.73089825e+00,4.10379930e+02,5.90117396e+06,1.98536362e+03,1.18501929e-01,6.13136039e-07,6.00009375e-01,2.81488083e-01
1.28128128e+01,3.72615949e+00,4.13231857e+02,5.89064686e+06,1.98434231e+03,1.18501929e-01,6.13615330e-07,6.00009375e-01,2.81488082e-01
1.29129129e+01,3.72103245e+00,4.16607484e+02,5.88988595e+06,1.98587506e+03,1.18558302e-01,6.14702283e-07,6.00294809e-01,2.81621990e-01
1.30130130e+01,3.71934631e+00,4.20495040e+02,5.87586428e+06,1.98298845e+03,1.18501929e-01,6.15487990e-07,6.00009375e-01,2.81488080e-01
1.31131131e+01,3.71748748e+00,4.22915546e+02,5.87170602e+06,1.98257595e+03,1.18501929e-01,6.16811663e-07,6.00009375e-01,2.81488079e-01
1.32132132e+01,3.71290036e+00,4.24671934e+02,5.87847899e+06,1.98574984e+03,1.18595335e-01,6.18834631e-07,6.00482315e-01,2.81709952e-01
1.33133133e+01,3.70452008e+00,4.28828254e+02,5.86319038e+06,1.98477185e+03,1.18612899e-01,6.20647581e-07,6.00571242e-01,2.81751669e-01
1.34134134e+01,3.69460505e+00,4.34110521e+02,5.82181282e+06,1.97790425e+03,1.18501930e-01,6.21931618e-07,6.00009375e-01,2.81488073e-01
1.35135135e+01,3.68330325e+00,4.38795203e+02,5.81141811e+06,1.97911490e+03,1.18580727e-01,6.24325051e-07,6.00408345e-01,2.81675243e-01
1.36136136e+01,3.67675658e+00,4.43408086e+02,5.78511286e+06,1.97479105e+03,1.18513078e-01,6.26032416e-07,6.00065817e-01,2.81514548e-01
1.37137137e+01,3.67387951e+00,4.45270014e+02,5.77669096e+06,1.97364605e+03,1.18501931e-01,6.28096954e-07,6.00009375e-01,2.81488066e-01
1.38138138e+01,3.66980578e+00,4.47096127e+02,5.78042788e+06,1.97593874e+03,1.18572479e-01,6.30627862e-07,6.00366581e-01,2.81655643e-01
1.39139139e+01,3.66826437e+00,4.50207086e+02,5.77556148e+06,1.97528117e+03,1.18561895e-01,6.32742161e-07,6.00312986e-01,2.81630497e-01
1.40140140e+01,3.67045566e+00,4.50688679e+02,5.77186607e+06,1.97363237e+03,1.18514224e-01,6.34649779e-07,6.00071614e-01,2.81517257e-01
1.41141141e+01,3.67304185e+00,4.49431912e+02,5.77201050e+06,1.97280335e+03,1.18483510e-01,6.36623147e-07,5.99916101e-01,2.81444298e-01
1.42142142e+01,3.67689047e+00,4.47668003e+02,5.77777468e+06,1.97292624e+03,1.18470312e-01,6.38648946e-07,5.99849276e-01,2.81412945e-01
1.43143143e+01,3.68462604e+00,4.45236033e+02,5.79552544e+06,1.97475340e+03,1.18475078e-01,6.40717938e-07,5.99873404e-01,2.81424262e-01
1.44144144e+01,3.68770884e+00,4.44710194e+02,5.81555180e+06,1.97869393e+03,1.18548525e-01,6.43096855e-07,6.00245288e-01,2.81598726e-01
1.45145145e+01,3.67583666e+00,4.50388853e+02,5.78167020e+06,1.97429548e+03,1.18501933e-01,6.44748353e-07,6.00009375e-01,2.81488047e-01
1.46146146e+01,3.65921590e+00,4.58331825e+02,5.73809447e+06,1.96904684e+03,1.18457916e-01,6.46322183e-07,5.99786503e-01,2.81383487e-01
1.47147147e+01,3.65497450e+00,4.61600620e+02,5.73298649e+06,1.96920594e+03,1.18480235e-01,6.48161033e-07,5.99899509e-01,2.81436501e-01
1.48148148e+01,3.65221880e+00,4.62441233e+02,5.72340975e+06,1.96774850e+03,1.18459239e-01,6.49672460e-07,5.99793200e-01,2.81386625e-01
1.49149149e+01,3.64790536e+00,4.62874079e+02,5.71897162e+06,1.96810125e+03,1.18486104e-01,6.51354683e-07,5.99929226e-01,2.81450438e-01
1.50150150e+01,3.63861419e+00,4.65917732e+02,5.70695400e+06,1.96822728e+03,1.18531449e-01,6.53048004e-07,6.00158818e-01,2.81558148e-01
1.51151151e+01,3.63004625e+00,4.69805742e+02,5.68358610e+06,1.96527333e+03,1.18502579e-01,6.54242537e-07,6.00012642e-01,2.81489569e-01
1.52152152e+01,3.62766360e+00,4.70861575e+02,5.67269910e+06,1.96336056e+03,1.18468573e-01,6.55322333e-07,5.99840457e-01,2.81408789e-01
1.53153153e+01,3.62860204e+00,4.69995367e+02,5.67627089e+06,1.96395985e+03,1.18476345e-01,6.56555151e-07,5.99879808e-01,2.81427249e-01
1.54154154e+01,3.62511834e+00,4.69809740e+02,5.66982777e+06,1.96352904e+03,1.18481578e-01,6.57702419e-07,5.99906303e-01,2.81439677e-01
1.55155155e+01,3.61486054e+00,4.72753186e+02,5.65126190e+06,1.96229515e+03,1.18503189e-01,6.58873426e-07,6.00015726e-01,2.81491011e-01
1.56156156e+01,3.60738203e+00,4.75453773e+02,5.62788004e+06,1.95894737e+03,1.18459639e-01,6.59619307e-07,5.99795222e-01,2.81387562e-01
1.57157157e+01,3.60539514e+00,4.76977587e+02,5.62998407e+06,1.96016599e+03,1.18495519e-01,6.60753696e-07,5.99976891e-01,2.81472790e-01
1.58158158e+01,3.60557655e+00,4.78549416e+02,5.62841241e+06,1.95972138e+03,1.18483355e-01,6.61573717e-07,5.99915297e-01,2.81443892e-01
1.59159159e+01,3.60460191e+00,4.78349892e+02,5.62756430e+06,1.95982631e+03,1.18491189e-01,6.62466560e-07,5.99954963e-01,2.81462500e-01
1.60160160e+01,3.59519887e+00,4.80911993e+02,5.60878104e+06,1.95820884e+03,1.18502372e-01,6.63343882e-07,6.00011586e-01,2.81489064e-01
1.61161161e+01,3.58046275e+00,4.84597869e+02,5.57587680e+06,1.95484824e+03,1.18495387e-01,6.64088759e-07,5.99976221e-01,2.81472471e-01
1.62162162e+01,3.57273554e+00,4.86753208e+02,5.55453481e+06,1.95207368e+03,1.18465284e-01,6.64677115e-07,5.99823797e-01,2.81400962e-01
1.63163163e+01,3.57093393e+00,4.86889839e+02,5.54973090e+06,1.95145884e+03,1.18459855e-01,6.65383120e-07,5.99796310e-01,2.81388066e-01
1.64164164e+01,3.57044143e+00,4.87263940e+02,5.55207045e+06,1.95221345e+03,1.18480325e-01,6.66217821e-07,5.99899954e-01,2.81436689e-01
1.65165165e+01,3.57000302e+00,4.88777438e+02,5.55933383e+06,1.95421947e+03,1.18528099e-01,6.67192353e-07,6.00141846e-01,2.81550170e-01
1.66166166e+01,3.56799038e+00,4.91712476e+02,5.55574582e+06,1.95397438e+03,1.18533282e-01,6.67915253e-07,6.00168092e-01,2.81562482e-01
1.67167167e+01,3.56080413e+00,4.96328310e+02,5.53380911e+06,1.95082692e+03,1.18494401e-01,6.68377761e-07,5.99971225e-01,2.81470123e-01
1.68168168e+01,3.55325589e+00,4.99605566e+02,5.51550800e+06,1.94872182e+03,1.18481262e-01,6.68972470e-07,5.99904695e-01,2.81438911e-01
1.69169169e+01,3.54544426e+00,5.01213786e+02,5.50030103e+06,1.94747915e+03,1.18490481e-01,6.69681149e-07,5.99951375e-01,2.81460809e-01
1.70170170e+01,3.53741865e+00,5.02859323e+02,5.48814366e+06,1.94708915e+03,1.18520550e-01,6.70494699e-07,6.00103621e-01,2.81532233e-01
1.71171171e+01,3.53195979e+00,5.04224350e+02,5.47342456e+06,1.94517354e+03,1.18501955e-01,6.71018959e-07,6.00009471e-01,2.81488063e-01
1.72172172e+01,3.53269236e+00,5.04753402e+02,5.47092908e+06,1.94428276e+03,1.18477621e-01,6.71495385e-07,5.99886260e-01,2.81430259e-01
1.73173173e+01,3.53918628e+00,5.02254776e+02,5.48855810e+06,1.94661730e+03,1.18499017e-01,6.72215884e-07,5.99994595e-01,2.81481082e-01
1.74174174e+01,3.54078311e+00,4.99988332e+02,5.49646116e+06,1.94810145e+03,1.18525761e-01,6.72950925e-07,6.00130008e-01,2.81544609e-01
1.75175175e+01,3.53539577e+00,5.01083319e+02,5.48967971e+06,1.94822701e+03,1.18552275e-01,6.73666156e-07,6.00264254e-01,2.81607589e-01
1.76176176e+01,3.52115197e+00,5.06031485e+02,5.45930547e+06,1.94527235e+03,1.18553040e-01,6.74213456e-07,6.00268129e-01,2.81609406e-01
1.77177177e+01,3.50944100e+00,5.10796437e+02,5.42784881e+06,1.94113993e+03,1.18515032e-01,6.74516082e-07,6.00075680e-01,2.81519120e-01
1.78178178e+01,3.50157373e+00,5.14595717e+02,5.41473932e+06,1.94042996e+03,1.18537781e-01,6.75139875e-07,6.00190864e-01,2.81573157e-01
1.79179179e+01,3.49257160e+00,5.18809879e+02,5.39897657e+06,1.93944712e+03,1.18557400e-01,6.75721089e-07,6.00290204e-01,2.81619761e-01
1.80180180e+01,3.48258421e+00,5.22370474e+02,5.37878377e+06,1.93764893e+03,1.18562638e-01,6.76194824e-07,6.00316721e-01,2.81632200e-01
1.81181181e+01,3.47561885e+00,5.23946243e+02,5.35865924e+06,1.93479621e+03,1.18530265e-01,6.76427796e-07,6.00152806e-01,2.81555301e-01
1.82182182e+01,3.47396479e+00,5.24062966e+02,5.35044441e+06,1.93320374e+03,1.18502443e-01,6.76660483e-07,6.00011938e-01,2.81489214e-01
1.83183183e+01,3.47610212e+00,5.23052116e+02,5.35778481e+06,1.93437355e+03,1.18520338e-01,6.77128534e-07,6.00102545e-01,2.81531721e-01
1.84184184e+01,3.47991628e+00,5.22018702e+02,5.36560685e+06,1.93510564e+03,1.18518422e-01,6.77458016e-07,6.00092843e-01,2.81527169e-01
1.85185185e+01,3.48137222e+00,5.21879854e+02,5.37920572e+06,1.93816727e+03,1.18581496e-01,6.78134224e-07,6.00412206e-01,2.81676994e-01
1.86186186e+01,3.47227205e+00,5.26215751e+02,5.35333236e+06,1.93455724e+03,1.18541212e-01,6.78194057e-07,6.00208236e-01,2.81581303e-01
1.87187187e+01,3.46447336e+00,5.30559210e+02,5.34829440e+06,1.93593652e+03,1.18611679e-01,6.78862163e-07,6.00565029e-01,2.81748688e-01
1.88188188e+01,3.45885790e+00,5.33313226e+02,5.32427233e+06,1.93154547e+03,1.18539500e-01,6.78689047e-07,6.00199565e-01,2.81577235e-01
1.89189189e+01,3.45385298e+00,5.34073629e+02,5.30917577e+06,1.92928100e+03,1.18513617e-01,6.78757259e-07,6.00068516e-01,2.81515755e-01
1.90190190e+01,3.44990016e+00,5.35045607e+02,5.30105178e+06,1.92850880e+03,1.18515289e-01,6.78960230e-07,6.00076982e-01,2.81519726e-01
1.91191191e+01,3.44761744e+00,5.36733635e+02,5.29908756e+06,1.92879589e+03,1.18532172e-01,6.79228144e-07,6.00162461e-01,2.81559827e-01
1.92192192e+01,3.44647840e+00,5.38374067e+02,5.29722642e+06,1.92871988e+03,1.18534373e-01,6.79390618e-07,6.00173605e-01,2.81565055e-01
1.93193193e+01,3.44413692e+00,5.39266143e+02,5.28952281e+06,1.92752342e+03,1.18515979e-01,6.79414465e-07,6.00080474e-01,2.81521364e-01
1.94194194e+01,3.44135356e+00,5.39360722e+02,5.28317214e+06,1.92680947e+03,1.18513325e-01,6.79508638e-07,6.00067034e-01,2.81515058e-01
1.95195195e+01,3.43739333e+00,5.40182557e+02,5.27965886e+06,1.92725452e+03,1.18543582e-01,6.79772378e-07,6.00220233e-01,2.81586930e-01
1.96196196e+01,3.42956701e+00,5.43690355e+02,5.26777122e+06,1.92682810e+03,1.18572814e-01,6.80011865e-07,6.00368245e-01,2.81656368e-01
1.97197197e+01,3.41907286e+00,5.49378352e+02,5.24026991e+06,1.92317662e+03,1.18540462e-01,6.79880521e-07,6.00204439e-01,2.81579520e-01
1.98198198e+01,3.41343008e+00,5.53158999e+02,5.22819079e+06,1.92192611e+03,1.18539807e-01,6.79914223e-07,6.00201121e-01,2.81577963e-01
1.99199199e+01,3.40894469e+00,5.54305511e+02,5.21584172e+06,1.92020438e+03,1.18521593e-01,6.79831495e-07,6.00108896e-01,2.81534697e-01
2.00200200e+01,3.40434363e+00,5.54718474e+02,5.20652648e+06,1.91932069e+03,1.18524364e-01,6.79854344e-07,6.00122927e-01,2.81541279e-01
2.01201201e+01,3.39860972e+00,5.55708693e+02,5.19551919e+06,1.91838108e+03,1.18531358e-01,6.79887610e-07,6.00158342e-01,2.81557894e-01
2.02202202e+01,3.39345284e+00,5.56679880e+02,5.18394352e+06,1.91710550e+03,1.18525806e-01,6.79836185e-07,6.00130229e-01,2.81544705e-01
2.03203203e+01,3.38950131e+00,5.57555444e+02,5.17654259e+06,1.91650805e+03,1.18531512e-01,6.79837756e-07,6.00159119e-01,2.81558259e-01
2.04204204e+01,3.38546037e+00,5.58882411e+02,5.17053311e+06,1.91632252e+03,1.18546701e-01,6.79883356e-07,6.00236026e-01,2.81594339e-01
2.05205205e+01,3.38043171e+00,5.61122383e+02,5.16222863e+06,1.91585974e+03,1.18560997e-01,6.79914764e-07,6.00308411e-01,2.81628297e-01
2.06206206e+01,3.37195835e+00,5.65058264e+02,5.14421067e+06,1.91399421e+03,1.18559514e-01,6.79848012e-07,6.00300903e-01,2.81624775e-01
2.07207207e+01,3.36379331e+00,5.69111251e+02,5.12830479e+06,1.91257733e+03,1.18567594e-01,6.79829940e-07,6.00341816e-01,2.81643969e-01
2.08208208e+01,3.35784954e+00,5.70740234e+02,5.11264251e+06,1.91042577e+03,1.18548077e-01,6.79648905e-07,6.00242995e-01,2.81597609e-01
2.09209209e+01,3.35711986e+00,5.71326540e+02,5.10220424e+06,1.90785231e+03,1.18491371e-01,6.79251445e-07,5.99955877e-01,2.81462910e-01
2.10210210e+01,3.36599725e+00,5.67033841e+02,5.11494289e+06,1.90816920e+03,1.18454247e-01,6.78964378e-07,5.99767907e-01,2.81374726e-01
2.11211211e+01,3.37075867e+00,5.62322585e+02,5.13857747e+06,1.91285724e+03,1.18542252e-01,6.79393846e-07,6.00213503e-01,2.81583773e-01
2.12212212e+01,3.36545512e+00,5.63785029e+02,5.13426070e+06,1.91357756e+03,1.18584665e-01,6.79562909e-07,6.00428248e-01,2.81684519e-01
2.13213213e+01,3.34941783e+00,5.69909927e+02,5.09333621e+06,1.90813738e+03,1.18539711e-01,6.79233915e-07,6.00200634e-01,2.81577736e-01
2.14214214e+01,3.33858403e+00,5.74975338e+02,5.06928687e+06,1.90542988e+03,1.18531033e-01,6.79116842e-07,6.00156698e-01,2.81557124e-01
2.15215215e+01,3.33208681e+00,5.77450935e+02,5.05588154e+06,1.90406370e+03,1.18533087e-01,6.79066191e-07,6.00167095e-01,2.81562002e-01
2.16216216e+01,3.32775742e+00,5.79123824e+02,5.04691026e+06,1.90315135e+03,1.18533493e-01,6.79011902e-07,6.00169150e-01,2.81562966e-01
2.17217217e+01,3.32554461e+00,5.79989857e+02,5.04126810e+06,1.90241818e+03,1.18525423e-01,6.78915613e-07,6.00128291e-01,2.81543797e-01
2.18218218e+01,3.32299719e+00,5.80287865e+02,5.03981270e+06,1.90293998e+03,1.18549525e-01,6.79010683e-07,6.00250326e-01,2.81601049e-01
2.19219219e+01,3.31469638e+00,5.83500235e+02,5.02339859e+06,1.90140003e+03,1.18555273e-01,6.79008124e-07,6.00279430e-01,2.81614702e-01
2.20220220e+01,3.30774166e+00,5.86794909e+02,5.00525848e+06,1.89892155e+03,1.18530029e-01,6.78835727e-07,6.00151611e-01,2.81554738e-01
2.21221221e+01,3.30546397e+00,5.88760073e+02,5.00234615e+06,1.89896025e+03,1.18540274e-01,6.78874077e-07,6.00203484e-01,2.81579073e-01
2.22222222e+01,3.30396062e+00,5.89648311e+02,5.00143447e+06,1.89926094e+03,1.18553825e-01,6.78938464e-07,6.00272098e-01,2.81611263e-01
2.23223223e+01,3.30533143e+00,5.90235936e+02,4.99842219e+06,1.89792484e+03,1.18516659e-01,6.78718945e-07,6.00083915e-01,2.81522979e-01
2.24224224e+01,3.30989417e+00,5.88671168e+02,5.01542729e+06,1.90100353e+03,1.18563604e-01,6.78986848e-07,6.00321615e-01,2.81634493e-01
2.25225225e+01,3.30934654e+00,5.88153356e+02,5.00816111e+06,1.89923522e+03,1.18521674e-01,6.78750503e-07,6.00109307e-01,2.81534891e-01
2.26226226e+01,3.30422683e+00,5.88833685e+02,4.99667321e+06,1.89786890e+03,1.18518288e-01,6.78738392e-07,6.00092165e-01,2.81526849e-01
2.27227227e+01,3.29533273e+00,5.91087572e+02,4.97471323e+06,1.89496044e+03,1.18497481e-01,6.78628559e-07,5.99986812e-01,2.81477424e-01
2.28228228e+01,3.28690763e+00,5.93906157e+02,4.96627114e+06,1.89566214e+03,1.18555710e-01,6.78971829e-07,6.00281643e-01,2.81615741e-01
2.29229229e+01,3.27442544e+00,6.00333551e+02,4.93950920e+06,1.89270443e+03,1.18551316e-01,6.78955231e-07,6.00259397e-01,2.81605304e-01
2.30230230e+01,3.26544243e+00,6.07354273e+02,4.92136476e+06,1.89089792e+03,1.18553922e-01,6.78975723e-07,6.00272590e-01,2.81611494e-01
2.31231231e+01,3.26229026e+00,6.11558664e+02,4.91059614e+06,1.88901128e+03,1.18527071e-01,6.78822754e-07,6.00136638e-01,2.81547713e-01
2.32232232e+01,3.26275930e+00,6.12646863e+02,4.90289515e+06,1.88667758e+03,1.18470540e-01,6.78493236e-07,5.99850401e-01,2.81413428e-01
2.33233233e+01,3.27219294e+00,6.08200906e+02,4.91223495e+06,1.88590233e+03,1.18402676e-01,6.78090431e-07,5.99506787e-01,2.81252225e-01
2.34234234e+01,3.27991189e+00,6.02826442e+02,4.94936153e+06,1.89344666e+03,1.18542590e-01,6.78867252e-07,6.00215214e-01,2.81584576e-01
2.35235235e+01,3.27608317e+00,6.03927880e+02,4.94604062e+06,1.89391822e+03,1.18571967e-01,6.78998933e-07,6.00363958e-01,2.81654358e-01
2.36236236e+01,3.25584334e+00,6.11965028e+02,4.90747245e+06,1.89044054e+03,1.18596490e-01,6.79089225e-07,6.00488121e-01,2.81712608e-01
2.37237237e+01,3.23478984e+00,6.21270424e+02,4.85222878e+06,1.88255935e+03,1.18518735e-01,6.78579337e-07,6.00094429e-01,2.81527912e-01
2.38238238e+01,3.22582715e+00,6.23895948e+02,4.82791788e+06,1.87896860e+03,1.18478554e-01,6.78268896e-07,5.99890980e-01,2.81432466e-01
2.39239239e+01,3.22221290e+00,6.24558353e+02,4.82011812e+06,1.87806604e+03,1.18476734e-01,6.78161175e-07,5.99881766e-01,2.81428143e-01
2.40240240e+01,3.22023727e+00,6.25695518e+02,4.81974663e+06,1.87867389e+03,1.18501930e-01,6.78190297e-07,6.00009340e-01,2.81487993e-01
2.41241241e+01,3.21831466e+00,6.27366526e+02,4.81666354e+06,1.87849206e+03,1.18508344e-01,6.78093436e-07,6.00041817e-01,2.81503230e-01
2.42242242e+01,3.21454065e+00,6.29679457e+02,4.80845046e+06,1.87752598e+03,1.18506113e-01,6.77928261e-07,6.00030518e-01,2.81497929e-01
2.43243243e+01,3.21115036e+00,6.30758506e+02,4.79864577e+06,1.87598949e+03,1.18486299e-01,6.77643557e-07,5.99930197e-01,2.81450865e-01
2.44244244e+01,3.21135956e+00,6.31313895e+02,4.79700848e+06,1.87546239e+03,1.18471443e-01,6.77368362e-07,5.99854977e-01,2.81415576e-01
2.45245245e+01,3.21527116e+00,6.29814035e+02,4.80591015e+06,1.87657785e+03,1.18476425e-01,6.77187659e-07,5.99880203e-01,2.81427411e-01
2.46246246e+01,3.21744376e+00,6.28313456e+02,4.81351136e+06,1.87791035e+03,1.18499541e-01,6.77091919e-07,5.99997244e-01,2.81482320e-01
2.47247247e+01,3.21175313e+00,6.28759339e+02,4.79888482e+06,1.87588850e+03,1.18476342e-01,6.76713835e-07,5.99879779e-01,2.81427213e-01
2.48248248e+01,3.19653228e+00,6.33337968e+02,4.77880565e+06,1.87566509e+03,1.18556525e-01,6.76909970e-07,6.00285773e-01,2.81617681e-01
2.49249249e+01,3.18151121e+00,6.39518398e+02,4.73855349e+06,1.86964600e+03,1.18493201e-01,6.76272918e-07,5.99965141e-01,2.81467260e-01
2.50250250e+01,3.17830868e+00,6.41554594e+02,4.72790201e+06,1.86779574e+03,1.18463210e-01,6.75813079e-07,5.99813293e-01,2.81396022e-01
2.51251251e+01,3.17828855e+00,6.42754502e+02,4.72912703e+06,1.86812864e+03,1.18473539e-01,6.75571037e-07,5.99865590e-01,2.81420557e-01
2.52252252e+01,3.18036636e+00,6.43149345e+02,4.73373860e+06,1.86867958e+03,1.18476650e-01,6.75276700e-07,5.99881344e-01,2.81427948e-01
2.53253253e+01,3.18239153e+00,6.43087703e+02,4.74031627e+06,1.86983067e+03,1.18492787e-01,6.75046758e-07,5.99963046e-01,2.81466279e-01
2.54254254e+01,3.18200641e+00,6.43339905e+02,4.73844703e+06,1.86944328e+03,1.18484945e-01,6.74672192e-07,5.99923341e-01,2.81447652e-01
2.55255255e+01,3.17700942e+00,6.45221900e+02,4.72642611e+06,1.86780342e+03,1.18474174e-01,6.74275048e-07,5.99868807e-01,2.81422068e-01
2.56256256e+01,3.17044413e+00,6.47222660e+02,4.70804010e+06,1.86489371e+03,1.18442196e-01,6.73753784e-07,5.99706890e-01,2.81346106e-01
2.57257257e+01,3.16408664e+00,6.48458456e+02,4.70187655e+06,1.86545858e+03,1.18488917e-01,6.73678031e-07,5.99943452e-01,2.81457087e-01
2.58258258e+01,3.15340302e+00,6.52710604e+02,4.67754847e+06,1.86238028e+03,1.18470695e-01,6.73233040e-07,5.99851192e-01,2.81413805e-01
2.59259259e+01,3.14663909e+00,6.56545067e+02,4.66188039e+06,1.86036295e+03,1.18455981e-01,6.72809898e-07,5.99776692e-01,2.81378854e-01
2.60260260e+01,3.14409610e+00,6.59725531e+02,4.65921938e+06,1.86052092e+03,1.18474061e-01,6.72576011e-07,5.99868232e-01,2.81421800e-01
2.61261261e+01,3.14176883e+00,6.61513292e+02,4.65487946e+06,1.86012940e+03,1.18476315e-01,6.72255979e-07,5.99879649e-01,2.81427157e-01
2.62262262e+01,3.13857717e+00,6.62305980e+02,4.64602453e+06,1.85871873e+03,1.18461028e-01,6.71841533e-07,5.99802242e-01,2.81390842e-01
2.63263263e+01,3.13628752e+00,6.62063208e+02,4.63872259e+06,1.85744594e+03,1.18442301e-01,6.71414155e-07,5.99707423e-01,2.81346359e-01
2.64264264e+01,3.13445831e+00,6.60872216e+02,4.63341049e+06,1.85659361e+03,1.18430049e-01,6.71030958e-07,5.99645392e-01,2.81317258e-01
2.65265265e+01,3.13102975e+00,6.60431851e+02,4.63183650e+06,1.85739751e+03,1.18468162e-01,6.70941355e-07,5.99838368e-01,2.81407792e-01
2.66266266e+01,3.12422452e+00,6.63146726e+02,4.61710681e+06,1.85558359e+03,1.18464342e-01,6.70623595e-07,5.99819025e-01,2.81398717e-01
2.67267267e+01,3.11868391e+00,6.66494503e+02,4.60948329e+06,1.85542198e+03,1.18489173e-01,6.70478106e-07,5.99944754e-01,2.81457702e-01
2.68268268e+01,3.11355070e+00,6.70973761e+02,4.59911717e+06,1.85429993e+03,1.18489273e-01,6.70203053e-07,5.99945258e-01,2.81457939e-01
2.69269269e+01,3.11040039e+00,6.75429249e+02,4.59573360e+06,1.85451267e+03,1.18508425e-01,6.70046418e-07,6.00042233e-01,2.81503434e-01
2.70270270e+01,3.10827897e+00,6.76445287e+02,4.58317097e+06,1.85164898e+03,1.18448043e-01,6.69450653e-07,5.99736501e-01,2.81360003e-01
2.71271271e+01,3.10870833e+00,6.74585480e+02,4.58523142e+06,1.85205563e+03,1.18458912e-01,6.69267974e-07,5.99791530e-01,2.81385820e-01
2.72272272e+01,3.10106847e+00,6.75504674e+02,4.56914011e+06,1.85016426e+03,1.18454978e-01,6.69012152e-07,5.99771613e-01,2.81376476e-01
2.73273273e+01,3.09037577e+00,6.77844492e+02,4.54743985e+06,1.84769919e+03,1.18458134e-01,6.68807366e-07,5.99787595e-01,2.81383974e-01
2.74274274e+01,3.08392945e+00,6.79403180e+02,4.53128526e+06,1.84539514e+03,1.18431732e-01,6.68446371e-07,5.99653912e-01,2.81321259e-01
2.75275275e+01,3.08162559e+00,6.80636385e+02,4.53145057e+06,1.84626861e+03,1.18468523e-01,6.68451932e-07,5.99840194e-01,2.81408651e-01
2.76276276e+01,3.07830380e+00,6.83858350e+02,4.52723063e+06,1.84622719e+03,1.18488576e-01,6.68372431e-07,5.99941733e-01,2.81456287e-01
2.77277277e+01,3.07408763e+00,6.88545346e+02,4.51898395e+06,1.84538105e+03,1.18489258e-01,6.68192604e-07,5.99945186e-01,2.81457907e-01
2.78278278e+01,3.07213238e+00,6.91188566e+02,4.51037065e+06,1.84360825e+03,1.18452477e-01,6.67810112e-07,5.99758951e-01,2.81370537e-01
2.79279279e+01,3.07432933e+00,6.89835114e+02,4.52136236e+06,1.84600963e+03,1.18501936e-01,6.67921607e-07,6.00009375e-01,2.81488021e-01
2.80280280e+01,3.07839841e+00,6.88174139e+02,4.52222993e+06,1.84474135e+03,1.18449386e-01,6.67465257e-07,5.99743301e-01,2.81363196e-01
2.81281281e+01,3.07873505e+00,6.85682440e+02,4.51976669e+06,1.84386968e+03,1.18427881e-01,6.67190801e-07,5.99634417e-01,2.81312114e-01
2.82282282e+01,3.07056557e+00,6.87744681e+02,4.51833127e+06,1.84641876e+03,1.18541378e-01,6.67683372e-07,6.00209081e-01,2.81581712e-01
2.83283283e+01,3.05155608e+00,6.96463904e+02,4.46649761e+06,1.83809681e+03,1.18445305e-01,6.67002443e-07,5.99722639e-01,2.81353503e-01
2.84284284e+01,3.04487530e+00,6.99838402e+02,4.45324717e+06,1.83665609e+03,1.18445872e-01,6.66872140e-07,5.99725508e-01,2.81354849e-01
2.85285285e+01,3.04356054e+00,7.02281982e+02,4.45077267e+06,1.83641447e+03,1.18446776e-01,6.66749299e-07,5.99730087e-01,2.81356997e-01
2.86286286e+01,3.04522252e+00,7.03052177e+02,4.45741167e+06,1.83773658e+03,1.18473422e-01,6.66776413e-07,5.99865004e-01,2.81420292e-01
2.87287287e+01,3.04536279e+00,7.04191769e+02,4.45871461e+06,1.83810432e+03,1.18478887e-01,6.66688988e-07,5.99892672e-01,2.81433272e-01
2.88288288e+01,3.03997601e+00,7.07790895e+02,4.44379749e+06,1.83564727e+03,1.18450078e-01,6.66413539e-07,5.99746806e-01,2.81364841e-01
2.89289289e+01,3.03530387e+00,7.09460328e+02,4.43248344e+06,1.83403410e+03,1.18434443e-01,6.66217020e-07,5.99667642e-01,2.81327702e-01
2.90290290e+01,3.03174723e+00,7.09837953e+02,4.42481533e+06,1.83302229e+03,1.18433591e-01,6.66108312e-07,5.99663326e-01,2.81325677e-01
2.91291291e+01,3.02532458e+00,7.10856250e+02,4.41451013e+06,1.83230463e+03,1.18454986e-01,6.66129346e-07,5.99771655e-01,2.81376499e-01
2.92292292e+01,3.01795240e+00,7.12690842e+02,4.39912593e+06,1.83040733e+03,1.18453186e-01,6.66024737e-07,5.99762541e-01,2.81372223e-01
2.93293293e+01,3.01379005e+00,7.14005083e+02,4.38916998e+06,1.82907281e+03,1.18434681e-01,6.65831029e-07,5.99668844e-01,2.81328267e-01
2.94294294e+01,3.01199465e+00,7.15421553e+02,4.39145601e+06,1.83042675e+03,1.18479297e-01,6.65996993e-07,5.99894750e-01,2.81434248e-01
2.95295295e+01,3.00823699e+00,7.19427218e+02,4.38531027e+06,1.82993953e+03,1.18492817e-01,6.65993065e-07,5.99963206e-01,2.81466364e-01
2.96296296e+01,3.00260960e+00,7.25095407e+02,4.37037428e+06,1.82752816e+03,1.18466667e-01,6.65771336e-07,5.99830798e-01,2.81404246e-01
2.97297297e+01,2.99461620e+00,7.30751863e+02,4.35976483e+06,1.82737916e+03,1.18504191e-01,6.65912764e-07,6.00020793e-01,2.81493380e-01
2.98298298e+01,2.98711319e+00,7.34023627e+02,4.33718283e+06,1.82340909e+03,1.18443823e-01,6.65509631e-07,5.99715136e-01,2.81349984e-01
2.99299299e+01,2.98484866e+00,7.33405552e+02,4.33306052e+06,1.82288358e+03,1.18455161e-01,6.65514942e-07,5.99772544e-01,2.81376917e-01
3.00300300e+01,2.97950197e+00,7.33432214e+02,4.31838294e+06,1.82041112e+03,1.18426386e-01,6.65300608e-07,5.99626849e-01,2.81308565e-01
3.01301301e+01,2.97657449e+00,7.32448542e+02,4.30826233e+06,1.81847903e+03,1.18390695e-01,6.65053319e-07,5.99446134e-01,2.81223785e-01
3.02302302e+01,2.97949699e+00,7.29682610e+02,4.31533191e+06,1.81954847e+03,1.18399019e-01,6.65059200e-07,5.99488281e-01,2.81243558e-01
3.03303303e+01,2.98611480e+00,7.25445018e+02,4.33036899e+06,1.82159849e+03,1.18414866e-01,6.65113246e-07,5.99568517e-01,2.81281200e-01
3.04304304e+01,2.98883357e+00,7.24854072e+02,4.34840039e+06,1.82614365e+03,1.18504089e-01,6.65585386e-07,6.00020279e-01,2.81493140e-01
3.05305305e+01,2.98198938e+00,7.29862566e+02,4.33985361e+06,1.82610799e+03,1.18544938e-01,6.65791864e-07,6.00227109e-01,2.81590172e-01
3.06306306e+01,2.96935920e+00,7.39340691e+02,4.31027490e+06,1.82182704e+03,1.18515614e-01,6.65610267e-07,6.00078632e-01,2.81520515e-01
3.07307307e+01,2.95959970e+00,7.47176843e+02,4.29543042e+06,1.82104013e+03,1.18548122e-01,6.65781807e-07,6.00243233e-01,2.81597736e-01
3.08308308e+01,2.95527631e+00,7.51284940e+02,4.27022314e+06,1.81492300e+03,1.18422645e-01,6.65071713e-07,5.99607902e-01,2.81299677e-01
3.09309309e+01,2.96080121e+00,7.47399450e+02,4.28426631e+06,1.81709140e+03,1.18448869e-01,6.65218981e-07,5.99740684e-01,2.81361970e-01
3.10310310e+01,2.95965644e+00,7.45033819e+02,4.28392833e+06,1.81752792e+03,1.18456880e-01,6.65269104e-07,5.99781244e-01,2.81380999e-01
3.11311311e+01,2.95163376e+00,7.45332593e+02,4.26358007e+06,1.81431421e+03,1.18424057e-01,6.65094709e-07,5.99615053e-01,2.81303032e-01
3.12312312e+01,2.93688094e+00,7.49265900e+02,4.24272850e+06,1.81339259e+03,1.18497052e-01,6.65518985e-07,5.99984648e-01,2.81476424e-01
3.13313313e+01,2.92144227e+00,7.54394248e+02,4.20907070e+06,1.80886579e+03,1.18473999e-01,6.65407678e-07,5.99867926e-01,2.81421665e-01
3.14314314e+01,2.91616943e+00,7.57353845e+02,4.19326957e+06,1.80604979e+03,1.18427018e-01,6.65165326e-07,5.99630046e-01,2.81310065e-01
3.15315315e+01,2.91775825e+00,7.58200299e+02,4.20017794e+06,1.80750794e+03,1.18461889e-01,6.65385577e-07,5.99806608e-01,2.81392898e-01
3.16316316e+01,2.92395613e+00,7.57358302e+02,4.21344229e+06,1.80931792e+03,1.18465474e-01,6.65432481e-07,5.99824759e-01,2.81401413e-01
3.17317317e+01,2.93224496e+00,7.55323647e+02,4.22556644e+06,1.80998598e+03,1.18426790e-01,6.65243810e-07,5.99628891e-01,2.81309524e-01
3.18318318e+01,2.93509906e+00,7.53597178e+02,4.23570028e+06,1.81201685e+03,1.18462449e-01,6.65474018e-07,5.99809446e-01,2.81394229e-01
3.19319319e+01,2.93300110e+00,7.53936858e+02,4.23732327e+06,1.81334043e+03,1.18506047e-01,6.65749381e-07,6.00030191e-01,2.81497789e-01
3.20320320e+01,2.91625608e+00,7.61483330e+02,4.20484496e+06,1.80962363e+03,1.18515883e-01,6.65834878e-07,6.00079994e-01,2.81521154e-01
3.21321321e+01,2.89968804e+00,7.69377094e+02,4.16527868e+06,1.80360496e+03,1.18465488e-01,6.65580966e-07,5.99824831e-01,2.81401447e-01
3.22322322e+01,2.89350445e+00,7.70834764e+02,4.14773937e+06,1.80051826e+03,1.18421417e-01,6.65361031e-07,5.99601689e-01,2.81296762e-01
3.23323323e+01,2.89095471e+00,7.70700687e+02,4.14636226e+06,1.80106396e+03,1.18450610e-01,6.65550615e-07,5.99749498e-01,2.81366105e-01
3.24324324e+01,2.88416617e+00,7.73645233e+02,4.14078976e+06,1.80193047e+03,1.18512826e-01,6.65923019e-07,6.00064518e-01,2.81513893e-01
3.25325325e+01,2.87348097e+00,7.79672993e+02,4.11375396e+06,1.79753832e+03,1.18465615e-01,6.65677164e-07,5.99825476e-01,2.81401749e-01
3.26326326e+01,2.87137167e+00,7.82911138e+02,4.10815268e+06,1.79657033e+03,1.18455007e-01,6.65633033e-07,5.99771764e-01,2.81376551e-01
3.27327327e+01,2.87628881e+00,7.80577356e+02,4.12380832e+06,1.79962086e+03,1.18501935e-01,6.65907796e-07,6.00009375e-01,2.81488023e-01
3.28328328e+01,2.88431009e+00,7.77540403e+02,4.13725392e+06,1.80075799e+03,1.18482813e-01,6.65806448e-07,5.99912554e-01,2.81442601e-01
3.29329329e+01,2.88587555e+00,7.75762092e+02,4.13239510e+06,1.79859700e+03,1.18421581e-01,6.65462967e-07,5.99602519e-01,2.81297151e-01
3.30330330e+01,2.88252468e+00,7.75028821e+02,4.12798528e+06,1.79856894e+03,1.18434573e-01,6.65530608e-07,5.99668299e-01,2.81328011e-01
3.31331331e+01,2.87091986e+00,7.79581847e+02,4.12126773e+06,1.80092908e+03,1.18564215e-01,6.66247372e-07,6.00324714e-01,2.81635961e-01
3.32332332e+01,2.85209543e+00,7.90627199e+02,4.07072290e+06,1.79216238e+03,1.18459696e-01,6.65641774e-07,5.99795504e-01,2.81387688e-01
3.33333333e+01,2.85060445e+00,7.93170510e+02,4.06569141e+06,1.79114021e+03,1.18442714e-01,6.65521272e-07,5.99709522e-01,2.81347351e-01
3.34334334e+01,2.85305042e+00,7.92699115e+02,4.06526445e+06,1.79004931e+03,1.18400856e-01,6.65253901e-07,5.99497582e-01,2.81247921e-01
3.35335335e+01,2.86339084e+00,7.87771191e+02,4.08921011e+06,1.79367925e+03,1.18428027e-01,6.65366979e-07,5.99635155e-01,2.81312462e-01
3.36336336e+01,2.86887679e+00,7.84667206e+02,4.10308327e+06,1.79592234e+03,1.18454445e-01,6.65468206e-07,5.99768918e-01,2.81375216e-01
3.37337337e+01,2.86732205e+00,7.84220251e+02,4.10822696e+06,1.79815950e+03,1.18519613e-01,6.65779423e-07,6.00098882e-01,2.81530015e-01
3.38338338e+01,2.85029964e+00,7.92833599e+02,4.07082192e+06,1.79283981e+03,1.18492423e-01,6.65564468e-07,5.99961212e-01,2.81465429e-01
3.39339339e+01,2.83736684e+00,8.00504733e+02,4.04159319e+06,1.78855527e+03,1.18460954e-01,6.65318490e-07,5.99801874e-01,2.81390677e-01
3.40340340e+01,2.83091177e+00,8.05356732e+02,4.02937229e+06,1.78713860e+03,1.18465887e-01,6.65269990e-07,5.99826849e-01,2.81402394e-01
3.41341341e+01,2.82514609e+00,8.09145633e+02,4.01863720e+06,1.78592180e+03,1.18472058e-01,6.65221573e-07,5.99858097e-01,2.81417053e-01
3.42342342e+01,2.81773634e+00,8.13384301e+02,4.00669929e+06,1.78496878e+03,1.18493971e-01,6.65254916e-07,5.99969048e-01,2.81469105e-01
3.43343343e+01,2.81142472e+00,8.16527304e+02,3.99191007e+06,1.78264910e+03,1.18475598e-01,6.65055817e-07,5.99876020e-01,2.81425462e-01
3.44344344e+01,2.81031539e+00,8.16899227e+02,3.98138986e+06,1.77970376e+03,1.18405645e-01,6.64561261e-07,5.99521831e-01,2.81259298e-01
3.45345345e+01,2.82078120e+00,8.11120002e+02,4.00196115e+06,1.78225697e+03,1.18405978e-01,6.64455275e-07,5.99523514e-01,2.81260088e-01
3.46346346e+01,2.82718767e+00,8.06114101e+02,4.02157976e+06,1.78604764e+03,1.18464845e-01,6.64671905e-07,5.99821578e-01,2.81399922e-01
3.47347347e+01,2.82412717e+00,8.06057545e+02,4.02086859e+06,1.78705975e+03,1.18505099e-01,6.64778966e-07,6.00025396e-01,2.81495541e-01
3.48348348e+01,2.80942773e+00,8.12518756e+02,3.99258216e+06,1.78362893e+03,1.18514632e-01,6.64709580e-07,6.00073661e-01,2.81518184e-01
3.49349349e+01,2.79978186e+00,8.18112939e+02,3.96481779e+06,1.77845887e+03,1.18439263e-01,6.64160932e-07,5.99692045e-01,2.81339153e-01
3.50350350e+01,2.80325143e+00,8.17337130e+02,3.97382009e+06,1.77992884e+03,1.18463345e-01,6.64166771e-07,5.99813980e-01,2.81396358e-01
3.51351351e+01,2.81699343e+00,8.12303296e+02,4.00589988e+06,1.78496331e+03,1.18501935e-01,6.64250931e-07,6.00009375e-01,2.81488025e-01
3.52352352e+01,2.86259442e+00,7.90980256e+02,4.08865191e+06,1.79372810e+03,1.18441579e-01,6.63776769e-07,5.99703773e-01,2.81344655e-01
3.53353353e+01,2.89846194e+00,7.73252509e+02,4.16695888e+06,1.80454057e+03,1.18501935e-01,6.63975360e-07,6.00009375e-01,2.81488026e-01
3.54354354e+01,2.92143597e+00,7.63101532e+02,4.20362593e+06,1.80711033e+03,1.18435938e-01,6.63463268e-07,5.99675211e-01,2.81331256e-01
3.55355355e+01,2.93210037e+00,7.57171901e+02,4.23799550e+06,1.81370441e+03,1.18537464e-01,6.63888646e-07,6.00189266e-01,2.81572420e-01
3.56356356e+01,2.93053535e+00,7.55127492e+02,4.22909730e+06,1.81165818e+03,1.18485426e-01,6.63453747e-07,5.99925784e-01,2.81448810e-01
3.57357357e+01,2.91994096e+00,7.58187867e+02,4.21133504e+06,1.81009592e+03,1.18518082e-01,6.63494295e-07,6.00091134e-01,2.81526382e-01
3.58358358e+01,2.90915413e+00,7.62151948e+02,4.18408536e+06,1.80571510e+03,1.18474547e-01,6.63110891e-07,5.99870702e-01,2.81422970e-01
3.59359359e+01,2.90832763e+00,7.62467886e+02,4.18947890e+06,1.80769841e+03,1.18530791e-01,6.63288345e-07,6.00155481e-01,2.81556571e-01
3.60360360e+01,2.89915096e+00,7.67710518e+02,4.16921451e+06,1.80488072e+03,1.18515564e-01,6.63068969e-07,6.00078381e-01,2.81520400e-01
3.61361361e+01,2.89270992e+00,7.71871917e+02,4.15495413e+06,1.80291808e+03,1.18502043e-01,6.62862951e-07,6.00009920e-01,2.81488283e-01
3.62362362e+01,2.88946509e+00,7.74717080e+02,4.15031952e+06,1.80272405e+03,1.18515542e-01,6.62812197e-07,6.00078273e-01,2.81520350e-01
3.63363363e+01,2.88750901e+00,7.76850968e+02,4.14794508e+06,1.80269368e+03,1.18529975e-01,6.62771091e-07,6.00151351e-01,2.81554634e-01
3.64364364e+01,2.88482355e+00,7.78580735e+02,4.14185590e+06,1.80180882e+03,1.18524328e-01,6.62622560e-07,6.00122759e-01,2.81541220e-01
3.65365365e+01,2.88097360e+00,7.79612137e+02,4.13337585e+06,1.80062789e+03,1.18517403e-01,6.62472159e-07,6.00087693e-01,2.81524769e-01
3.66366366e+01,2.87498165e+00,7.80857618e+02,4.12210718e+06,1.79938058e+03,1.18522732e-01,6.62395931e-07,6.00114678e-01,2.81537429e-01
3.67367367e+01,2.86542602e+00,7.83970944e+02,4.10752868e+06,1.79845923e+03,1.18558116e-01,6.62493681e-07,6.00293834e-01,2.81621479e-01
3.68368368e+01,2.85368326e+00,7.88744670e+02,4.08236971e+06,1.79504216e+03,1.18542039e-01,6.62310250e-07,6.00212435e-01,2.81583291e-01
3.69369369e+01,2.84705553e+00,7.91987982e+02,4.06907263e+06,1.79342570e+03,1.18537727e-01,6.62199024e-07,6.00190603e-01,2.81573049e-01
3.70370370e+01,2.84230712e+00,7.93534076e+02,4.05936788e+06,1.79220700e+03,1.18533121e-01,6.62092524e-07,6.00167278e-01,2.81562106e-01
3.71371371e+01,2.83764757e+00,7.94956575e+02,4.04961460e+06,1.79091901e+03,1.18527677e-01,6.61987791e-07,6.00139714e-01,2.81549175e-01
3.72372372e+01,2.83322110e+00,7.96605170e+02,4.04290536e+06,1.79051133e+03,1.18543164e-01,6.62006400e-07,6.00218131e-01,2.81585964e-01
3.73373373e+01,2.82846059e+00,7.99455099e+02,4.03468206e+06,1.78973846e+03,1.18552330e-01,6.61996109e-07,6.00264542e-01,2.81607737e-01
3.74374374e+01,2.82375895e+00,8.03161764e+02,4.02582615e+06,1.78868264e+03,1.18559016e-01,6.61978298e-07,6.00298391e-01,2.81623617e-01
3.75375375e+01,2.81818822e+00,8.06994552e+02,4.01568288e+06,1.78756730e+03,1.18567999e-01,6.61979522e-07,6.00343878e-01,2.81644957e-01
3.76376376e+01,2.81318344e+00,8.08539748e+02,4.00121750e+06,1.78489085e+03,1.18528537e-01,6.61716297e-07,6.00144071e-01,2.81551220e-01
3.77377377e+01,2.81128196e+00,8.08135171e+02,3.99729763e+06,1.78440946e+03,1.18524476e-01,6.61656500e-07,6.00123508e-01,2.81541573e-01
3.78378378e+01,2.80707948e+00,8.08252656e+02,3.98969785e+06,1.78365580e+03,1.18526300e-01,6.61635123e-07,6.00132744e-01,2.81545906e-01
3.79379379e+01,2.79972995e+00,8.10822980e+02,3.97846670e+06,1.78286608e+03,1.18555401e-01,6.61771351e-07,6.00280087e-01,2.81615030e-01
3.80380380e+01,2.78892000e+00,8.15825864e+02,3.95746370e+06,1.78024587e+03,1.18560870e-01,6.61780738e-07,6.00307780e-01,2.81628022e-01
3.81381381e+01,2.77981205e+00,8.21094093e+02,3.94215955e+06,1.77885381e+03,1.18582059e-01,6.61882596e-07,6.00415067e-01,2.81678355e-01
3.82382382e+01,2.77322624e+00,8.26378101e+02,3.92808982e+06,1.77689568e+03,1.18569956e-01,6.61802987e-07,6.00353784e-01,2.81649604e-01
3.83383383e+01,2.77095105e+00,8.30743759e+02,3.92521705e+06,1.77702441e+03,1.18571936e-01,6.61805976e-07,6.00363811e-01,2.81654308e-01
3.84384384e+01,2.77209876e+00,8.33223490e+02,3.92940546e+06,1.77790737e+03,1.18590390e-01,6.61904530e-07,6.00457249e-01,2.81698144e-01
3.85385385e+01,2.77340533e+00,8.34126489e+02,3.93163048e+06,1.77814272e+03,1.18585943e-01,6.61878528e-07,6.00434732e-01,2.81687580e-01
3.86386386e+01,2.77318828e+00,8.34119735e+02,3.93058177e+06,1.77787719e+03,1.18581299e-01,6.61854342e-07,6.00411216e-01,2.81676548e-01
3.87387387e+01,2.76815423e+00,8.35581312e+02,3.91867448e+06,1.77599833e+03,1.18562359e-01,6.61752913e-07,6.00315321e-01,2.81631560e-01
3.88388388e+01,2.75790531e+00,8.38229204e+02,3.90000484e+06,1.77395524e+03,1.18572403e-01,6.61815405e-07,6.00366173e-01,2.81655416e-01
3.89389389e+01,2.74559125e+00,8.40874494e+02,3.87395764e+06,1.77017954e+03,1.18561081e-01,6.61760400e-07,6.00308849e-01,2.81628524e-01
3.90390390e+01,2.73923672e+00,8.41388632e+02,3.85472475e+06,1.76636521e+03,1.18501483e-01,6.61437301e-07,6.00007089e-01,2.81486956e-01
3.91391391e+01,2.74158511e+00,8.38703725e+02,3.85984011e+06,1.76711743e+03,1.18506631e-01,6.61476612e-07,6.00033153e-01,2.81499184e-01
3.92392392e+01,2.74538740e+00,8.35546760e+02,3.86969406e+06,1.76879696e+03,1.18531967e-01,6.61629308e-07,6.00161438e-01,2.81559367e-01
3.93393393e+01,2.74532516e+00,8.36139789e+02,3.87599775e+06,1.77102911e+03,1.18578106e-01,6.61898465e-07,6.00395050e-01,2.81668964e-01
3.94394394e+01,2.73819587e+00,8.41989822e+02,3.85297335e+06,1.76622706e+03,1.18501935e-01,6.61484885e-07,6.00009375e-01,2.81488028e-01
3.95395395e+01,2.72727157e+00,8.49843166e+02,3.83327524e+06,1.76399245e+03,1.18518290e-01,6.61587408e-07,6.00092187e-01,2.81526879e-01
3.96396396e+01,2.71661272e+00,8.59090343e+02,3.80971337e+06,1.76027131e+03,1.18501935e-01,6.61506684e-07,6.00009375e-01,2.81488028e-01
3.97397397e+01,2.70773611e+00,8.63632375e+02,3.80227204e+06,1.76142598e+03,1.18580406e-01,6.61954368e-07,6.00406697e-01,2.81674428e-01
3.98398398e+01,2.70456259e+00,8.68205896e+02,3.79045612e+06,1.75886263e+03,1.18523098e-01,6.61642924e-07,6.00116529e-01,2.81538299e-01
3.99399399e+01,2.72129926e+00,8.60705813e+02,3.81445389e+06,1.76014311e+03,1.18453682e-01,6.61262516e-07,5.99765058e-01,2.81373410e-01
4.00400400e+01,2.74193816e+00,8.50623901e+02,3.85775066e+06,1.76624207e+03,1.18485923e-01,6.61448003e-07,5.99928302e-01,2.81449994e-01
4.01401401e+01,2.74877560e+00,8.44620703e+02,3.87842405e+06,1.77032836e+03,1.18550300e-01,6.61811035e-07,6.00254263e-01,2.81602915e-01
4.02402402e+01,2.74304325e+00,8.44825478e+02,3.86817053e+06,1.76938256e+03,1.18547308e-01,6.61795884e-07,6.00239111e-01,2.81595807e-01
4.03403403e+01,2.72035717e+00,8.54533350e+02,3.82491656e+06,1.76399708e+03,1.18560127e-01,6.61866742e-07,6.00304018e-01,2.81626257e-01
4.04404404e+01,2.69705347e+00,8.64637381e+02,3.77897531e+06,1.75789286e+03,1.18558467e-01,6.61854421e-07,6.00295615e-01,2.81622315e-01
4.05405405e+01,2.68514311e+00,8.71016433e+02,3.74936132e+06,1.75272730e+03,1.18499356e-01,6.61518949e-07,5.99996315e-01,2.81481901e-01
4.06406406e+01,2.68314939e+00,8.74532203e+02,3.74652249e+06,1.75264097e+03,1.18503455e-01,6.61533846e-07,6.00017071e-01,2.81491639e-01
4.07407407e+01,2.68788164e+00,8.73742001e+02,3.75692025e+06,1.75416964e+03,1.18519750e-01,6.61614220e-07,6.00099578e-01,2.81530346e-01
4.08408408e+01,2.69155398e+00,8.73879899e+02,3.76977885e+06,1.75709624e+03,1.18565329e-01,6.61855369e-07,6.00330356e-01,2.81638613e-01
4.09409409e+01,2.68914248e+00,8.76938163e+02,3.76360396e+06,1.75594254e+03,1.18555112e-01,6.61782344e-07,6.00278625e-01,2.81614344e-01
4.10410410e+01,2.68380665e+00,8.81672070e+02,3.75173573e+06,1.75406069e+03,1.18543263e-01,6.61697541e-07,6.00218633e-01,2.81586200e-01
4.11411411e+01,2.68006990e+00,8.84384085e+02,3.74509941e+06,1.75342265e+03,1.18541685e-01,6.61667405e-07,6.00210641e-01,2.81582450e-01
4.12412412e+01,2.67761028e+00,8.85663795e+02,3.73875580e+06,1.75236769e+03,1.18520910e-01,6.61527486e-07,6.00105450e-01,2.81533101e-01
4.13413413e+01,2.67656220e+00,8.85469253e+02,3.73548124e+06,1.75162026e+03,1.18514023e-01,6.61462478e-07,6.00070579e-01,2.81516742e-01
4.14414414e+01,2.66874403e+00,8.88848022e+02,3.71694614e+06,1.74841612e+03,1.18488179e-01,6.61289207e-07,5.99939727e-01,2.81455354e-01
4.15415415e+01,2.65772805e+00,8.93081483e+02,3.69721691e+06,1.74615426e+03,1.18501068e-01,6.61329786e-07,6.00004985e-01,2.81485969e-01
4.16416416e+01,2.64790218e+00,8.96223972e+02,3.67580813e+06,1.74284007e+03,1.18476944e-01,6.61161644e-07,5.99882837e-01,2.81428665e-01
4.17417417e+01,2.64319363e+00,8.96977555e+02,3.66612669e+06,1.74139697e+03,1.18473491e-01,6.61106780e-07,5.99865357e-01,2.81420464e-01
4.18418418e+01,2.63919188e+00,8.97367085e+02,3.65771047e+06,1.74019129e+03,1.18462761e-01,6.61009352e-07,5.99811025e-01,2.81394975e-01
4.19419419e+01,2.63599687e+00,8.97762793e+02,3.65369628e+06,1.74013554e+03,1.18479975e-01,6.61066047e-07,5.99898188e-01,2.81435867e-01
4.20420420e+01,2.62808155e+00,9.01516928e+02,3.64048011e+06,1.73879313e+03,1.18498373e-01,6.61127755e-07,5.99991342e-01,2.81479569e-01
4.21421421e+01,2.61748153e+00,9.07343545e+02,3.61978015e+06,1.73594539e+03,1.18495809e-01,6.61071191e-07,5.99978359e-01,2.81473478e-01
4.22422422e+01,2.61077873e+00,9.12013342e+02,3.60398166e+06,1.73320990e+03,1.18468210e-01,6.60873837e-07,5.99838618e-01,2.81407920e-01
4.23423423e+01,2.60815585e+00,9.15057084e+02,3.60132581e+06,1.73340509e+03,1.18486614e-01,6.60932131e-07,5.99931802e-01,2.81451637e-01
4.24424424e+01,2.60693289e+00,9.17130420e+02,3.59969501e+06,1.73332320e+03,1.18494116e-01,6.60928750e-07,5.99969788e-01,2.81469457e-01
4.25425425e+01,2.60283032e+00,9.20488168e+02,3.58972311e+06,1.73150461e+03,1.18476420e-01,6.60784220e-07,5.99880187e-01,2.81427422e-01
4.26426426e+01,2.59519082e+00,9.24554716e+02,3.57457905e+06,1.72935188e+03,1.18471182e-01,6.60708862e-07,5.99853664e-01,2.81414979e-01
4.27427427e+01,2.58664260e+00,9.27759424e+02,3.55594048e+06,1.72634070e+03,1.18449172e-01,6.60539937e-07,5.99742221e-01,2.81362697e-01
4.28428428e+01,2.58073039e+00,9.29296099e+02,3.54325748e+06,1.72426431e+03,1.18439542e-01,6.60440216e-07,5.99693461e-01,2.81339821e-01
4.29429429e+01,2.57440698e+00,9.30922162e+02,3.53212102e+06,1.72297987e+03,1.18445523e-01,6.60427931e-07,5.99723745e-01,2.81354029e-01
4.30430430e+01,2.56764261e+00,9.33525545e+02,3.52007322e+06,1.72151525e+03,1.18453182e-01,6.60425637e-07,5.99762524e-01,2.81372222e-01
4.31431431e+01,2.56135675e+00,9.36650154e+02,3.50923193e+06,1.72033394e+03,1.18459453e-01,6.60416466e-07,5.99794278e-01,2.81387119e-01
4.32432432e+01,2.55629904e+00,9.40214437e+02,3.49974843e+06,1.71908864e+03,1.18458814e-01,6.60369847e-07,5.99791043e-01,2.81385601e-01
4.33433433e+01,2.55244697e+00,9.43972474e+02,3.49267286e+06,1.71817358e+03,1.18460791e-01,6.60339086e-07,5.99801050e-01,2.81390296e-01
4.34434434e+01,2.54896820e+00,9.47834040e+02,3.48611850e+06,1.71729304e+03,1.18460564e-01,6.60297524e-07,5.99799904e-01,2.81389758e-01
4.35435435e+01,2.54503317e+00,9.51434583e+02,3.47866785e+06,1.71629918e+03,1.18458711e-01,6.60248566e-07,5.99790519e-01,2.81385355e-01
4.36436436e+01,2.54041324e+00,9.54623196e+02,3.46977059e+06,1.71505342e+03,1.18456589e-01,6.60199999e-07,5.99779777e-01,2.81380316e-01
4.37437437e+01,2.53502728e+00,9.57456920e+02,3.45907572e+06,1.71344497e+03,1.18453460e-01,6.60147901e-07,5.99763931e-01,2.81372882e-01
4.38438438e+01,2.52908520e+00,9.60062316e+02,3.44733047e+06,1.71167186e+03,1.18451189e-01,6.60102876e-07,5.99752436e-01,2.81367490e-01
4.39439439e+01,2.52316424e+00,9.62649724e+02,3.43605708e+06,1.71009014e+03,1.18450344e-01,6.60068250e-07,5.99748156e-01,2.81365481e-01
4.40440440e+01,2.51780696e+00,9.65333982e+02,3.42613510e+06,1.70876301e+03,1.18451537e-01,6.60047595e-07,5.99754195e-01,2.81368315e-01
4.41441441e+01,2.51310524e+00,9.68254860e+02,3.41768079e+06,1.70768154e+03,1.18455279e-01,6.60043897e-07,5.99773142e-01,2.81377204e-01
4.42442442e+01,2.50876544e+00,9.71512364e+02,3.40972795e+06,1.70662577e+03,1.18457306e-01,6.60033519e-07,5.99783408e-01,2.81382020e-01
4.43443443e+01,2.50450912e+00,9.74938482e+02,3.40159437e+06,1.70546409e+03,1.18456203e-01,6.60008686e-07,5.99777823e-01,2.81379400e-01
4.44444444e+01,2.49986184e+00,9.78266275e+02,3.39277126e+06,1.70423138e+03,1.18454209e-01,6.59981978e-07,5.99767727e-01,2.81374663e-01
4.45445445e+01,2.49484923e+00,9.81345235e+02,3.38356361e+06,1.70301445e+03,1.18454670e-01,6.59972125e-07,5.99770062e-01,2.81375758e-01
4.46446446e+01,2.48969377e+00,9.84081912e+02,3.37402592e+06,1.70173468e+03,1.18454377e-01,6.59961316e-07,5.99768577e-01,2.81375062e-01
4.47447447e+01,2.48449236e+00,9.86468156e+02,3.36408155e+06,1.70030799e+03,1.18451819e-01,6.59941195e-07,5.99755625e-01,2.81368986e-01
4.48448448e+01,2.47922000e+00,9.88686247e+02,3.35414020e+06,1.69889310e+03,1.18451503e-01,6.59936908e-07,5.99754023e-01,2.81368234e-01
4.49449449e+01,2.47391702e+00,9.90974622e+02,3.34447125e+06,1.69759681e+03,1.18453601e-01,6.59949444e-07,5.99764648e-01,2.81373219e-01
4.50450450e+01,2.46905694e+00,9.93368951e+02,3.33554672e+06,1.69638421e+03,1.18454668e-01,6.59959608e-07,5.99770052e-01,2.81375754e-01
4.51451451e+01,2.46516753e+00,9.95751595e+02,3.32844690e+06,1.69541450e+03,1.18456741e-01,6.59978740e-07,5.99780547e-01,2.81380677e-01
4.52452452e+01,2.46213922e+00,9.98215179e+02,3.32349824e+06,1.69486729e+03,1.18464337e-01,6.60031992e-07,5.99819008e-01,2.81398721e-01
4.53453453e+01,2.45930749e+00,1.00069658e+03,3.31848872e+06,1.69422077e+03,1.18467164e-01,6.60061987e-07,5.99833320e-01,2.81405435e-01
4.54454454e+01,2.45563519e+00,1.00293262e+03,3.31111298e+06,1.69307369e+03,1.18460829e-01,6.60044210e-07,5.99801247e-01,2.81390389e-01
4.55455455e+01,2.45167291e+00,1.00449348e+03,3.30290660e+06,1.69171678e+03,1.18453142e-01,6.60022101e-07,5.99762325e-01,2.81372129e-01
4.56456456e+01,2.44781690e+00,1.00535956e+03,3.29492916e+06,1.69039539e+03,1.18445709e-01,6.60004537e-07,5.99724690e-01,2.81354473e-01
4.57457457e+01,2.44329701e+00,1.00571814e+03,3.28560414e+06,1.68889029e+03,1.18434441e-01,6.59968641e-07,5.99667633e-01,2.81327705e-01
4.58458458e+01,2.43881891e+00,1.00631473e+03,3.27826328e+06,1.68811695e+03,1.18441043e-01,6.60035261e-07,5.99701065e-01,2.81343389e-01
4.59459459e+01,2.43573263e+00,1.00756935e+03,3.27392266e+06,1.68787978e+03,1.18450738e-01,6.60121929e-07,5.99750153e-01,2.81366418e-01
4.60460460e+01,2.43391452e+00,1.00902302e+03,3.27184426e+06,1.68786614e+03,1.18464924e-01,6.60236339e-07,5.99821980e-01,2.81400115e-01
4.61461461e+01,2.43275307e+00,1.01118324e+03,3.27015157e+06,1.68768608e+03,1.18472803e-01,6.60318187e-07,5.99861873e-01,2.81418831e-01
4.62462462e+01,2.43201981e+00,1.01384078e+03,3.26837637e+06,1.68726433e+03,1.18473797e-01,6.60364115e-07,5.99866907e-01,2.81421192e-01
4.63463463e+01,2.43130491e+00,1.01635638e+03,3.26679812e+06,1.68695750e+03,1.18472952e-01,6.60402109e-07,5.99862628e-01,2.81419185e-01
4.64464464e+01,2.43015661e+00,1.01818997e+03,3.26516168e+06,1.68689644e+03,1.18473846e-01,6.60451978e-07,5.99867153e-01,2.81421308e-01
4.65465465e+01,2.42855462e+00,1.01935255e+03,3.26223623e+06,1.68654652e+03,1.18470354e-01,6.60479424e-07,5.99849473e-01,2.81413013e-01
4.66466466e+01,2.42602351e+00,1.02032796e+03,3.25656286e+06,1.68549170e+03,1.18461799e-01,6.60480472e-07,5.99806153e-01,2.81392690e-01
4.67467467e+01,2.42262243e+00,1.02090914e+03,3.24907807e+06,1.68412261e+03,1.18451670e-01,6.60474385e-07,5.99754870e-01,2.81368631e-01
4.68468468e+01,2.41863650e+00,1.02066021e+03,3.24081044e+06,1.68274134e+03,1.18442112e-01,6.60472931e-07,5.99706475e-01,2.81345927e-01
4.69469469e+01,2.41375415e+00,1.01998822e+03,3.23095052e+06,1.68113400e+03,1.18433734e-01,6.60479313e-07,5.99664055e-01,2.81326026e-01
4.70470470e+01,2.40965996e+00,1.02055557e+03,3.22533391e+06,1.68076845e+03,1.18454487e-01,6.60649179e-07,5.99769131e-01,2.81375321e-01
4.71471471e+01,2.40666928e+00,1.02199469e+03,3.22133141e+06,1.68057099e+03,1.18468424e-01,6.60781908e-07,5.99839701e-01,2.81408428e-01
4.72472472e+01,2.40484281e+00,1.02371269e+03,3.21901388e+06,1.68048962e+03,1.18478842e-01,6.60895726e-07,5.99892452e-01,2.81433176e-01
4.73473473e+01,2.40380938e+00,1.02585902e+03,3.21742205e+06,1.68031122e+03,1.18483742e-01,6.60979305e-07,5.99917258e-01,2.81444813e-01
4.74474474e+01,2.40275610e+00,1.02821454e+03,3.21493005e+06,1.67980759e+03,1.18479382e-01,6.61011608e-07,5.99895184e-01,2.81434457e-01
4.75475475e+01,2.40093819e+00,1.03048631e+03,3.21146720e+06,1.67930628e+03,1.18476736e-01,6.61053667e-07,5.99881785e-01,2.81428171e-01
4.76476476e+01,2.39849723e+00,1.03260896e+03,3.20724491e+06,1.67877517e+03,1.18478854e-01,6.61122325e-07,5.99892512e-01,2.81433204e-01
4.77477477e+01,2.39543986e+00,1.03442614e+03,3.20136096e+06,1.67786354e+03,1.18476773e-01,6.61167376e-07,5.99881974e-01,2.81428260e-01
4.78478478e+01,2.39200180e+00,1.03588827e+03,3.19452754e+06,1.67673223e+03,1.18473687e-01,6.61206461e-07,5.99866347e-01,2.81420928e-01
4.79479479e+01,2.38836147e+00,1.03705543e+03,3.18709978e+06,1.67545886e+03,1.18468344e-01,6.61232418e-07,5.99839292e-01,2.81408236e-01
4.80480480e+01,2.38475009e+00,1.03805247e+03,3.18062766e+06,1.67455573e+03,1.18470667e-01,6.61300470e-07,5.99851056e-01,2.81413755e-01
4.81481481e+01,2.38193772e+00,1.03928068e+03,3.17616803e+06,1.67407616e+03,1.18478170e-01,6.61396591e-07,5.99889049e-01,2.81431578e-01
4.82482482e+01,2.37986511e+00,1.04067224e+03,3.17311966e+06,1.67381941e+03,1.18485714e-01,6.61491957e-07,5.99927242e-01,2.81449496e-01
4.83483483e+01,2.37858950e+00,1.04236126e+03,3.17122396e+06,1.67364970e+03,1.18490446e-01,6.61570526e-07,5.99951202e-01,2.81460737e-01
4.84484484e+01,2.37799421e+00,1.04415148e+03,3.17040221e+06,1.67356602e+03,1.18495321e-01,6.61648669e-07,5.99975886e-01,2.81472317e-01
4.85485485e+01,2.37733010e+00,1.04571247e+03,3.16928845e+06,1.67343007e+03,1.18496409e-01,6.61704333e-07,5.99981395e-01,2.81474902e-01
4.86486486e+01,2.37609029e+00,1.04690029e+03,3.16682715e+06,1.67305105e+03,1.18493003e-01,6.61733447e-07,5.99964151e-01,2.81466812e-01
4.87487487e+01,2.37399955e+00,1.04792386e+03,3.16224958e+06,1.67220049e+03,1.18486166e-01,6.61741808e-07,5.99929533e-01,2.81450571e-01
4.88488488e+01,2.37108084e+00,1.04888281e+03,3.15621502e+06,1.67112790e+03,1.18481627e-01,6.61761284e-07,5.99906552e-01,2.81439790e-01
4.89489489e+01,2.36740023e+00,1.04958088e+03,3.14887542e+06,1.66988873e+03,1.18477734e-01,6.61782539e-07,5.99886837e-01,2.81430541e-01
4.90490490e+01,2.36356836e+00,1.04985727e+03,3.14143188e+06,1.66871821e+03,1.18472337e-01,6.61793476e-07,5.99859510e-01,2.81417720e-01
4.91491491e+01,2.36114520e+00,1.05047010e+03,3.13826981e+06,1.66860661e+03,1.18482472e-01,6.61889176e-07,5.99910826e-01,2.81441795e-01
4.92492492e+01,2.35962029e+00,1.05143620e+03,3.13664280e+06,1.66866100e+03,1.18493713e-01,6.61989007e-07,5.99967744e-01,2.81468497e-01
4.93493493e+01,2.35865220e+00,1.05286146e+03,3.13553170e+06,1.66863918e+03,1.18501906e-01,6.62069698e-07,6.00009227e-01,2.81487958e-01
4.94494494e+01,2.35796581e+00,1.05476161e+03,3.13406111e+06,1.66833215e+03,1.18502611e-01,6.62106391e-07,6.00012798e-01,2.81489634e-01
4.95495495e+01,2.35723175e+00,1.05667004e+03,3.13286286e+06,1.66816709e+03,1.18505917e-01,6.62155404e-07,6.00029536e-01,2.81497486e-01
4.96496496e+01,2.35607221e+00,1.05829131e+03,3.13097666e+06,1.66801552e+03,1.18503623e-01,6.62170875e-07,6.00017920e-01,2.81492036e-01
4.97497497e+01,2.35542661e+00,1.05955052e+03,3.12862793e+06,1.66747612e+03,1.18485498e-01,6.62095595e-07,5.99926149e-01,2.81448983e-01
4.98498498e+01,2.35637086e+00,1.06074374e+03,3.13697772e+06,1.67102455e+03,1.18501935e-01,6.62210963e-07,6.00009375e-01,2.81488028e-01
4.99499499e+01,2.40650556e+00,1.05523711e+03,3.03794745e+06,7.25832831e+02,3.48866478e-01,0.00000000e+00,0.00000000e+00,6.51133522e-01
5.00500501e+01,2.47077818e+00,9.64651283e+02,3.52257844e+06,4.94501577e+03,0.00000000e+00,2.30000000e-01,7.70108070e-01,0.00000000e+00
5.01501502e+01,2.17009460e+00,1.14682902e+03,2.93329093e+06,4.69061063e+03,0.00000000e+00,2.30000000e-01,7.69633645e-01,0.00000000e+00
5.02502503e+01,2.09855563e+00,1.19016861e+03,2.80365891e+06,4.63451486e+03,0.00000000e+00,2.30000000e-01,7.69976498e-01,0.00000000e+00
5.03503504e+01,2.08862468e+00,1.19546213e+03,2.78485843e+06,4.62522709e+03,0.00000000e+00,2.30000000e-01,7.69997174e-01,0.00000000e+00
5.04504505e+01,2.08397724e+00,1.19727048e+03,2.77564371e+06,4.62019046e+03,0.00000000e+00,2.30000000e-01,7.69999884e-01,0.00000000e+00
5.05505506e+01,2.07916894e+00,1.19875004e+03,2.76653577e+06,4.61566855e+03,0.00000000e+00,2.30000000e-01,7.70002183e-01,0.00000000e+00
5.06506507e+01,2.07411605e+00,1.20014973e+03,2.75732297e+06,4.61152172e+03,0.00000000e+00,2.30000000e-01,7.69998677e-01,0.00000000e+00
5.07507508e+01,2.06970347e+00,1.20191547e+03,2.74936553e+06,4.60801933e+03,0.00000000e+00,2.30000000e-01,7.69998085e-01,0.00000000e+00
5.08508509e+01,2.06587959e+00,1.20400005e+03,2.74250045e+06,4.60501723e+03,0.00000000e+00,2.30000000e-01,7.69998933e-01,0.00000000e+00
5.09509510e+01,2.06237245e+00,1.20624905e+03,2.73623053e+06,4.60230149e+03,0.00000000e+00,2.30000000e-01,7.69999107e-01,0.00000000e+00
5.10510511e+01,2.05932387e+00,1.20871247e+03,2.73069188e+06,4.59978136e+03,0.00000000e+00,2.30000000e-01,7.69999857e-01,0.00000000e+00
5.11511512e+01,2.05677131e+00,1.21140780e+03,2.72592430e+06,4.59744705e+03,0.00000000e+00,2.30000000e-01,7.70000290e-01,0.00000000e+00
5.12512513e+01,2.05457649e+00,1.21424999e+03,2.72172397e+06,4.59526732e+03,0.00000000e+00,2.30000000e-01,7.70000141e-01,0.00000000e+00
5.13513514e+01,2.05242025e+00,1.21707446e+03,2.71763770e+06,4.59319036e+03,0.00000000e+00,2.30000000e-01,7.69999780e-01,0.00000000e+00
5.14514515e+01,2.05001510e+00,1.21972813e+03,2.71322828e+06,4.59111748e+03,0.00000000e+00,2.30000000e-01,7.69999887e-01,0.00000000e+00
5.15515516e+01,2.04732587e+00,1.22213530e+03,2.70830823e+06,4.58880847e+03,0.00000000e+00,2.30000000e-01,7.70000589e-01,0.00000000e+00
5.16516517e+01,2.04433979e+00,1.22425681e+03,2.70278667e+06,4.58614004e+03,0.00000000e+00,2.30000000e-01,7.70001017e-01,0.00000000e+00
5.17517518e+01,2.04119993e+00,1.22614203e+03,2.69688018e+06,4.58315830e+03,0.00000000e+00,2.30000000e-01,7.70000735e-01,0.00000000e+00
5.18518519e+01,2.03796856e+00,1.22786307e+03,2.69082770e+06,4.58012540e+03,0.00000000e+00,2.30000000e-01,7.70000272e-01,0.00000000e+00
5.19519520e+01,2.03455812e+00,1.22940115e+03,2.68460430e+06,4.57719296e+03,0.00000000e+00,2.30000000e-01,7.70000086e-01,0.00000000e+00
5.20520521e+01,2.03101032e+00,1.23074444e+03,2.67821795e+06,4.57427843e+03,0.00000000e+00,2.30000000e-01,7.70000607e-01,0.00000000e+00
5.21521522e+01,2.02754648e+00,1.23200034e+03,2.67196175e+06,4.57139513e+03,0.00000000e+00,2.30000000e-01,7.69999414e-01,0.00000000e+00
5.22522523e+01,2.02454372e+00,1.23340717e+03,2.66652659e+06,4.56886390e+03,0.00000000e+00,2.30000000e-01,7.69999147e-01,0.00000000e+00
5.23523524e+01,2.02192124e+00,1.23490698e+03,2.66175798e+06,4.56660699e+03,0.00000000e+00,2.30000000e-01,7.69999495e-01,0.00000000e+00
5.24524525e+01,2.01954044e+00,1.23641841e+03,2.65740307e+06,4.56451000e+03,0.00000000e+00,2.30000000e-01,7.69999542e-01,0.00000000e+00
5.25525526e+01,2.01743410e+00,1.23795600e+03,2.65347922e+06,4.56252755e+03,0.00000000e+00,2.30000000e-01,7.69999808e-01,0.00000000e+00
5.26526527e+01,2.01563996e+00,1.23954891e+03,2.65002523e+06,4.56064460e+03,0.00000000e+00,2.30000000e-01,7.69999774e-01,0.00000000e+00
5.27527528e+01,2.01409523e+00,1.24116995e+03,2.64695696e+06,4.55885669e+03,0.00000000e+00,2.30000000e-01,7.70000042e-01,0.00000000e+00
5.28528529e+01,2.01253751e+00,1.24271622e+03,2.64392001e+06,4.55715024e+03,0.00000000e+00,2.30000000e-01,7.70000138e-01,0.00000000e+00
5.29529530e+01,2.01080584e+00,1.24410555e+03,2.64062760e+06,4.55539232e+03,0.00000000e+00,2.30000000e-01,7.70000706e-01,0.00000000e+00
5.30530531e+01,2.00892289e+00,1.24533547e+03,2.63702041e+06,4.55343431e+03,0.00000000e+00,2.30000000e-01,7.70000510e-01,0.00000000e+00
5.31531532e+01,2.00695024e+00,1.24647000e+03,2.63324242e+06,4.55138088e+03,0.00000000e+00,2.30000000e-01,7.70000305e-01,0.00000000e+00
5.32532533e+01,2.00481356e+00,1.24753300e+03,2.62929704e+06,4.54940459e+03,0.00000000e+00,2.30000000e-01,7.70000403e-01,0.00000000e+00
5.33533534e+01,2.00256013e+00,1.24856393e+03,2.62523521e+06,4.54749236e+03,0.00000000e+00,2.30000000e-01,7.69999460e-01,0.00000000e+00
5.34534535e+01,2.00042921e+00,1.24969874e+03,2.62140442e+06,4.54569329e+03,0.00000000e+00,2.30000000e-01,7.69999533e-01,0.00000000e+00
5.35535536e+01,1.99839990e+00,1.25093232e+03,2.61775209e+06,4.54396854e+03,0.00000000e+00,2.30000000e-01,7.69999733e-01,0.00000000e+00
5.36536537e+01,1.99639697e+00,1.25223244e+03,2.61415817e+06,4.54228271e+03,0.00000000e+00,2.30000000e-01,7.69999727e-01,0.00000000e+00
5.37537538e+01,1.99445824e+00,1.25362019e+03,2.61066330e+06,4.54061900e+03,0.00000000e+00,2.30000000e-01,7.69999856e-01,0.00000000e+00
5.38538539e+01,1.99261872e+00,1.25511662e+03,2.60731327e+06,4.53897796e+03,0.00000000e+00,2.30000000e-01,7.70000033e-01,0.00000000e+00
5.39539540e+01,1.99087010e+00,1.25671776e+03,2.60409282e+06,4.53735280e+03,0.00000000e+00,2.30000000e-01,7.70000151e-01,0.00000000e+00
5.40540541e+01,1.98916930e+00,1.25839399e+03,2.60093183e+06,4.53572015e+03,0.00000000e+00,2.30000000e-01,7.70000114e-01,0.00000000e+00
5.41541542e+01,1.98742427e+00,1.26009899e+03,2.59770519e+06,4.53407152e+03,0.00000000e+00,2.30000000e-01,7.69999969e-01,0.00000000e+00
5.42542543e+01,1.98557088e+00,1.26179350e+03,2.59431581e+06,4.53238250e+03,0.00000000e+00,2.30000000e-01,7.69999941e-01,0.00000000e+00
5.43543544e+01,1.98361323e+00,1.26346199e+03,2.59073445e+06,4.53059247e+03,0.00000000e+00,2.30000000e-01,7.69999966e-01,0.00000000e+00
5.44544545e+01,1.98154304e+00,1.26509365e+03,2.58694469e+06,4.52869115e+03,0.00000000e+00,2.30000000e-01,7.70000020e-01,0.00000000e+00
5.45545546e+01,1.97935435e+00,1.26668204e+03,2.58294164e+06,4.52668250e+03,0.00000000e+00,2.30000000e-01,7.70000199e-01,0.00000000e+00
5.46546547e+01,1.97705499e+00,1.26822573e+03,2.57873209e+06,4.52456095e+03,0.00000000e+00,2.30000000e-01,7.70000255e-01,0.00000000e+00
5.47547548e+01,1.97468576e+00,1.26973972e+03,2.57437608e+06,4.52233758e+03,0.00000000e+00,2.30000000e-01,7.70000223e-01,0.00000000e+00
5.48548549e+01,1.97224619e+00,1.27123290e+03,2.56990764e+06,4.52007262e+03,0.00000000e+00,2.30000000e-01,7.70000129e-01,0.00000000e+00
5.49549550e+01,1.96970503e+00,1.27269170e+03,2.56530060e+06,4.51779084e+03,0.00000000e+00,2.30000000e-01,7.70000066e-01,0.00000000e+00
5.50550551e+01,1.96705517e+00,1.27410269e+03,2.56052584e+06,4.51545668e+03,0.00000000e+00,2.30000000e-01,7.70000047e-01,0.00000000e+00
5.51551552e+01,1.96429379e+00,1.27545468e+03,2.55556053e+06,4.51303566e+03,0.00000000e+00,2.30000000e-01,7.70000095e-01,0.00000000e+00
5.52552553e+01,1.96141909e+00,1.27674335e+03,2.55039464e+06,4.51051257e+03,0.00000000e+00,2.30000000e-01,7.70000385e-01,0.00000000e+00
5.53553554e+01,1.95852627e+00,1.27802971e+03,2.54518883e+06,4.50795731e+03,0.00000000e+00,2.30000000e-01,7.69999761e-01,0.00000000e+00
5.54554555e+01,1.95580954e+00,1.27945042e+03,2.54030993e+06,4.50556613e+03,0.00000000e+00,2.30000000e-01,7.69999681e-01,0.00000000e+00
5.55555556e+01,1.95323922e+00,1.28098638e+03,2.53570406e+06,4.50331563e+03,0.00000000e+00,2.30000000e-01,7.69999602e-01,0.00000000e+00
5.56556557e+01,1.95075281e+00,1.28259785e+03,2.53127087e+06,4.50117172e+03,0.00000000e+00,2.30000000e-01,7.69999725e-01,0.00000000e+00
5.57557558e+01,1.94831031e+00,1.28426164e+03,2.52694502e+06,4.49911275e+03,0.00000000e+00,2.30000000e-01,7.69999705e-01,0.00000000e+00
5.58558559e+01,1.94596553e+00,1.28600447e+03,2.52279818e+06,4.49714120e+03,0.00000000e+00,2.30000000e-01,7.69999829e-01,0.00000000e+00
5.59559560e+01,1.94376247e+00,1.28784757e+03,2.51888566e+06,4.49525499e+03,0.00000000e+00,2.30000000e-01,7.70000023e-01,0.00000000e+00
5.60560561e+01,1.94170173e+00,1.28978584e+03,2.51519107e+06,4.49342528e+03,0.00000000e+00,2.30000000e-01,7.70000047e-01,0.00000000e+00
5.61561562e+01,1.93973630e+00,1.29178224e+03,2.51162775e+06,4.49160554e+03,0.00000000e+00,2.30000000e-01,7.70000114e-01,0.00000000e+00
5.62562563e+01,1.93773206e+00,1.29376846e+03,2.50800728e+06,4.48977079e+03,0.00000000e+00,2.30000000e-01,7.69999953e-01,0.00000000e+00
5.63563564e+01,1.93562651e+00,1.29569237e+03,2.50419819e+06,4.48782783e+03,0.00000000e+00,2.30000000e-01,7.70000062e-01,0.00000000e+00
5.64564565e+01,1.93342287e+00,1.29753545e+03,2.50015089e+06,4.48568072e+03,0.00000000e+00,2.30000000e-01,7.70000207e-01,0.00000000e+00
5.65565566e+01,1.93113115e+00,1.29930389e+03,2.49588431e+06,4.48333965e+03,0.00000000e+00,2.30000000e-01,7.70000270e-01,0.00000000e+00
5.66566567e+01,1.92878539e+00,1.30102772e+03,2.49148313e+06,4.48087798e+03,0.00000000e+00,2.30000000e-01,7.70000012e-01,0.00000000e+00
5.67567568e+01,1.92642517e+00,1.30275497e+03,2.48707988e+06,4.47844010e+03,0.00000000e+00,2.30000000e-01,7.69999776e-01,0.00000000e+00
5.68568569e+01,1.92409183e+00,1.30452487e+03,2.48277802e+06,4.47611558e+03,0.00000000e+00,2.30000000e-01,7.69999739e-01,0.00000000e+00
5.69569570e+01,1.92184579e+00,1.30636638e+03,2.47865168e+06,4.47389852e+03,0.00000000e+00,2.30000000e-01,7.69999811e-01,0.00000000e+00
5.70570571e+01,1.91972778e+00,1.30830430e+03,2.47476216e+06,4.47180554e+03,0.00000000e+00,2.30000000e-01,7.69999976e-01,0.00000000e+00
5.71571572e+01,1.91774566e+00,1.31034180e+03,2.47111059e+06,4.46982335e+03,0.00000000e+00,2.30000000e-01,7.69999763e-01,0.00000000e+00
5.72572573e+01,1.91584605e+00,1.31243705e+03,2.46760334e+06,4.46790373e+03,0.00000000e+00,2.30000000e-01,7.70000035e-01,0.00000000e+00
5.73573574e+01,1.91382388e+00,1.31448981e+03,2.46396769e+06,4.46603534e+03,0.00000000e+00,2.30000000e-01,7.69999918e-01,0.00000000e+00
5.74574575e+01,1.91161875e+00,1.31643599e+03,2.46005176e+06,4.46407868e+03,0.00000000e+00,2.30000000e-01,7.70000452e-01,0.00000000e+00
5.75575576e+01,1.90923434e+00,1.31824590e+03,2.45577174e+06,4.46187650e+03,0.00000000e+00,2.30000000e-01,7.70000660e-01,0.00000000e+00
5.76576577e+01,1.90674213e+00,1.31994995e+03,2.45121523e+06,4.45941947e+03,0.00000000e+00,2.30000000e-01,7.70000532e-01,0.00000000e+00
5.77577578e+01,1.90413151e+00,1.32157729e+03,2.44645470e+06,4.45686258e+03,0.00000000e+00,2.30000000e-01,7.70000168e-01,0.00000000e+00
5.78578579e+01,1.90135004e+00,1.32311571e+03,2.44146167e+06,4.45427414e+03,0.00000000e+00,2.30000000e-01,7.69999932e-01,0.00000000e+00
5.79579580e+01,1.89841907e+00,1.32456433e+03,2.43623550e+06,4.45159899e+03,0.00000000e+00,2.30000000e-01,7.70000506e-01,0.00000000e+00
5.80580581e+01,1.89539509e+00,1.32595022e+03,2.43082789e+06,4.44880815e+03,0.00000000e+00,2.30000000e-01,7.69999688e-01,0.00000000e+00
5.81581582e+01,1.89249986e+00,1.32743204e+03,2.42566021e+06,4.44614193e+03,0.00000000e+00,2.30000000e-01,7.69999700e-01,0.00000000e+00
5.82582583e+01,1.88978455e+00,1.32904616e+03,2.42082107e+06,4.44364759e+03,0.00000000e+00,2.30000000e-01,7.69999704e-01,0.00000000e+00
5.83583584e+01,1.88719927e+00,1.33075022e+03,2.41621736e+06,4.44127297e+03,0.00000000e+00,2.30000000e-01,7.69999674e-01,0.00000000e+00
5.84584585e+01,1.88468961e+00,1.33250641e+03,2.41175537e+06,4.43897388e+03,0.00000000e+00,2.30000000e-01,7.69999793e-01,0.00000000e+00
5.85585586e+01,1.88221729e+00,1.33429442e+03,2.40736538e+06,4.43671369e+03,0.00000000e+00,2.30000000e-01,7.69999842e-01,0.00000000e+00
5.86586587e+01,1.87981109e+00,1.33612126e+03,2.40307538e+06,4.43447562e+03,0.00000000e+00,2.30000000e-01,7.69999988e-01,0.00000000e+00
5.87587588e+01,1.87747467e+00,1.33798663e+03,2.39887869e+06,4.43224042e+03,0.00000000e+00,2.30000000e-01,7.69999931e-01,0.00000000e+00
5.88588589e+01,1.87515360e+00,1.33985901e+03,2.39470593e+06,4.43000691e+03,0.00000000e+00,2.30000000e-01,7.70000038e-01,0.00000000e+00
5.89589590e+01,1.87276137e+00,1.34169334e+03,2.39043532e+06,4.42775418e+03,0.00000000e+00,2.30000000e-01,7.70000298e-01,0.00000000e+00
5.90590591e+01,1.87030983e+00,1.34347770e+03,2.38603157e+06,4.42539038e+03,0.00000000e+00,2.30000000e-01,7.70000276e-01,0.00000000e+00
5.91591592e+01,1.86782045e+00,1.34522301e+03,2.38152708e+06,4.42292292e+03,0.00000000e+00,2.30000000e-01,7.70000241e-01,0.00000000e+00
5.92592593e+01,1.86524919e+00,1.34692186e+03,2.37690467e+06,4.42042425e+03,0.00000000e+00,2.30000000e-01,7.70000073e-01,0.00000000e+00
5.93593594e+01,1.86257771e+00,1.34856490e+03,2.37214361e+06,4.41789785e+03,0.00000000e+00,2.30000000e-01,7.69999971e-01,0.00000000e+00
5.94594595e+01,1.85981586e+00,1.35015078e+03,2.36724302e+06,4.41531673e+03,0.00000000e+00,2.30000000e-01,7.70000256e-01,0.00000000e+00
5.95595596e+01,1.85698736e+00,1.35168827e+03,2.36221890e+06,4.41265818e+03,0.00000000e+00,2.30000000e-01,7.69999966e-01,0.00000000e+00
5.96596597e+01,1.85422048e+00,1.35326019e+03,2.35728684e+06,4.41001651e+03,0.00000000e+00,2.30000000e-01,7.69999830e-01,0.00000000e+00
5.97597598e+01,1.85159258e+00,1.35492129e+03,2.35257940e+06,4.40745654e+03,0.00000000e+00,2.30000000e-01,7.69999778e-01,0.00000000e+00
5.98598599e+01,1.84907745e+00,1.35664971e+03,2.34804441e+06,4.40494403e+03,0.00000000e+00,2.30000000e-01,7.69999755e-01,0.00000000e+00
5.99599600e+01,1.84663584e+00,1.35841772e+03,2.34361439e+06,4.40244598e+03,0.00000000e+00,2.30000000e-01,7.69999864e-01,0.00000000e+00
6.00600601e+01,1.84422940e+00,1.36020179e+03,2.33922936e+06,4.39994250e+03,0.00000000e+00,2.30000000e-01,7.69999878e-01,0.00000000e+00
6.01601602e+01,1.84186094e+00,1.36200551e+03,2.33489619e+06,4.39743934e+03,0.00000000e+00,2.30000000e-01,7.69999913e-01,0.00000000e+00
6.02602603e+01,1.83954313e+00,1.36384253e+03,2.33064333e+06,4.39496017e+03,0.00000000e+00,2.30000000e-01,7.69999952e-01,0.00000000e+00
6.03603604e+01,1.83728105e+00,1.36572230e+03,2.32649031e+06,4.39253001e+03,0.00000000e+00,2.30000000e-01,7.69999989e-01,0.00000000e+00
6.04604605e+01,1.83507425e+00,1.36764896e+03,2.32244519e+06,4.39016557e+03,0.00000000e+00,2.30000000e-01,7.70000028e-01,0.00000000e+00
6.05605606e+01,1.83291772e+00,1.36962008e+03,2.31850097e+06,4.38786653e+03,0.00000000e+00,2.30000000e-01,7.69999963e-01,0.00000000e+00
6.06606607e+01,1.83079647e+00,1.37162266e+03,2.31462878e+06,4.38561335e+03,0.00000000e+00,2.30000000e-01,7.70000049e-01,0.00000000e+00
6.07607608e+01,1.82864788e+00,1.37362160e+03,2.31074426e+06,4.38339806e+03,0.00000000e+00,2.30000000e-01,7.69999924e-01,0.00000000e+00
6.08608609e+01,1.82644226e+00,1.37559616e+03,2.30679984e+06,4.38119991e+03,0.00000000e+00,2.30000000e-01,7.69999947e-01,0.00000000e+00
6.09609610e+01,1.82417563e+00,1.37753084e+03,2.30275871e+06,4.37895853e+03,0.00000000e+00,2.30000000e-01,7.70000072e-01,0.00000000e+00
6.10610611e+01,1.82184318e+00,1.37941391e+03,2.29859364e+06,4.37663346e+03,0.00000000e+00,2.30000000e-01,7.70000259e-01,0.00000000e+00
6.11611612e+01,1.81945933e+00,1.38124923e+03,2.29431375e+06,4.37420823e+03,0.00000000e+00,2.30000000e-01,7.70000186e-01,0.00000000e+00
6.12612613e+01,1.81705222e+00,1.38305701e+03,2.28997340e+06,4.37171716e+03,0.00000000e+00,2.30000000e-01,7.70000121e-01,0.00000000e+00
6.13613614e+01,1.81460796e+00,1.38484215e+03,2.28558850e+06,4.36922402e+03,0.00000000e+00,2.30000000e-01,7.69999997e-01,0.00000000e+00
6.14614615e+01,1.81212390e+00,1.38660518e+03,2.28116232e+06,4.36674029e+03,0.00000000e+00,2.30000000e-01,7.70000039e-01,0.00000000e+00
6.15615616e+01,1.80961170e+00,1.38835180e+03,2.27670675e+06,4.36426191e+03,0.00000000e+00,2.30000000e-01,7.69999941e-01,0.00000000e+00
6.16616617e+01,1.80710984e+00,1.39011417e+03,2.27230095e+06,4.36184660e+03,0.00000000e+00,2.30000000e-01,7.69999984e-01,0.00000000e+00
6.17617618e+01,1.80464101e+00,1.39190810e+03,2.26797765e+06,4.35950357e+03,0.00000000e+00,2.30000000e-01,7.69999976e-01,0.00000000e+00
6.18618619e+01,1.80220051e+00,1.39373304e+03,2.26373239e+06,4.35723623e+03,0.00000000e+00,2.30000000e-01,7.69999891e-01,0.00000000e+00
6.19619620e+01,1.79978439e+00,1.39558700e+03,2.25955781e+06,4.35503956e+03,0.00000000e+00,2.30000000e-01,7.69999893e-01,0.00000000e+00
6.20620621e+01,1.79738313e+00,1.39746254e+03,2.25543373e+06,4.35289842e+03,0.00000000e+00,2.30000000e-01,7.69999906e-01,0.00000000e+00
6.21621622e+01,1.79500761e+00,1.39935961e+03,2.25135923e+06,4.35078474e+03,0.00000000e+00,2.30000000e-01,7.69999971e-01,0.00000000e+00
6.22622623e+01,1.79266083e+00,1.40127241e+03,2.24732243e+06,4.34866863e+03,0.00000000e+00,2.30000000e-01,7.70000052e-01,0.00000000e+00
6.23623624e+01,1.79031390e+00,1.40318120e+03,2.24328211e+06,4.34654106e+03,0.00000000e+00,2.30000000e-01,7.70000008e-01,0.00000000e+00
6.24624625e+01,1.78795668e+00,1.40507108e+03,2.23920746e+06,4.34436572e+03,0.00000000e+00,2.30000000e-01,7.70000094e-01,0.00000000e+00
6.25625626e+01,1.78559744e+00,1.40693676e+03,2.23508467e+06,4.34209639e+03,0.00000000e+00,2.30000000e-01,7.70000103e-01,0.00000000e+00
6.26626627e+01,1.78324002e+00,1.40877961e+03,2.23091513e+06,4.33972572e+03,0.00000000e+00,2.30000000e-01,7.70000101e-01,0.00000000e+00
6.27627628e+01,1.78086823e+00,1.41059478e+03,2.22668448e+06,4.33726491e+03,0.00000000e+00,2.30000000e-01,7.70000058e-01,0.00000000e+00
6.28628629e+01,1.77846833e+00,1.41237670e+03,2.22237470e+06,4.33471163e+03,0.00000000e+00,2.30000000e-01,7.70000042e-01,0.00000000e+00
6.29629630e+01,1.77602978e+00,1.41412260e+03,2.21797693e+06,4.33207381e+03,0.00000000e+00,2.30000000e-01,7.70000033e-01,0.00000000e+00
6.30630631e+01,1.77354253e+00,1.41583174e+03,2.21349123e+06,4.32937565e+03,0.00000000e+00,2.30000000e-01,7.70000016e-01,0.00000000e+00
6.31631632e+01,1.77099993e+00,1.41750490e+03,2.20892359e+06,4.32664468e+03,0.00000000e+00,2.30000000e-01,7.69999998e-01,0.00000000e+00
6.32632633e+01,1.76840004e+00,1.41914385e+03,2.20428202e+06,4.32390087e+03,0.00000000e+00,2.30000000e-01,7.69999985e-01,0.00000000e+00
6.33633634e+01,1.76574472e+00,1.42075076e+03,2.19957573e+06,4.32115664e+03,0.00000000e+00,2.30000000e-01,7.70000167e-01,0.00000000e+00
6.34634635e+01,1.76304076e+00,1.42233169e+03,2.19481538e+06,4.31841879e+03,0.00000000e+00,2.30000000e-01,7.69999925e-01,0.00000000e+00
6.35635636e+01,1.76036271e+00,1.42394011e+03,2.19013112e+06,4.31575780e+03,0.00000000e+00,2.30000000e-01,7.69999936e-01,0.00000000e+00
6.36636637e+01,1.75775526e+00,1.42560235e+03,2.18557845e+06,4.31317502e+03,0.00000000e+00,2.30000000e-01,7.69999985e-01,0.00000000e+00
6.37637638e+01,1.75520683e+00,1.42731109e+03,2.18113929e+06,4.31066404e+03,0.00000000e+00,2.30000000e-01,7.70000007e-01,0.00000000e+00
6.38638639e+01,1.75271551e+00,1.42906334e+03,2.17680536e+06,4.30821385e+03,0.00000000e+00,2.30000000e-01,7.69999986e-01,0.00000000e+00
6.39639640e+01,1.75028355e+00,1.43085897e+03,2.17257571e+06,4.30581748e+03,0.00000000e+00,2.30000000e-01,7.69999936e-01,0.00000000e+00
6.40640641e+01,1.74790997e+00,1.43269600e+03,2.16844435e+06,4.30346586e+03,0.00000000e+00,2.30000000e-01,7.69999864e-01,0.00000000e+00
6.41641642e+01,1.74558553e+00,1.43456673e+03,2.16439360e+06,4.30114665e+03,0.00000000e+00,2.30000000e-01,7.69999857e-01,0.00000000e+00
6.42642643e+01,1.74329010e+00,1.43645793e+03,2.16039367e+06,4.29885084e+03,0.00000000e+00,2.30000000e-01,7.69999858e-01,0.00000000e+00
6.43643644e+01,1.74102360e+00,1.43836867e+03,2.15644306e+06,4.29657579e+03,0.00000000e+00,2.30000000e-01,7.69999865e-01,0.00000000e+00
6.44644645e+01,1.73881065e+00,1.44031317e+03,2.15257309e+06,4.29432330e+03,0.00000000e+00,2.30000000e-01,7.69999908e-01,0.00000000e+00
6.45645646e+01,1.73666818e+00,1.44230223e+03,2.14880824e+06,4.29210070e+03,0.00000000e+00,2.30000000e-01,7.69999980e-01,0.00000000e+00
6.46646647e+01,1.73460121e+00,1.44433874e+03,2.14515419e+06,4.28990744e+03,0.00000000e+00,2.30000000e-01,7.70000066e-01,0.00000000e+00
6.47647648e+01,1.73260073e+00,1.44641540e+03,2.14159313e+06,4.28773129e+03,0.00000000e+00,2.30000000e-01,7.69999979e-01,0.00000000e+00
6.48648649e+01,1.73064101e+00,1.44851462e+03,2.13808694e+06,4.28555857e+03,0.00000000e+00,2.30000000e-01,7.70000033e-01,0.00000000e+00
6.49649650e+01,1.72865666e+00,1.45059971e+03,2.13455898e+06,4.28339912e+03,0.00000000e+00,2.30000000e-01,7.69999897e-01,0.00000000e+00
6.50650651e+01,1.72662162e+00,1.45264860e+03,2.13095562e+06,4.28120800e+03,0.00000000e+00,2.30000000e-01,7.69999963e-01,0.00000000e+00
6.51651652e+01,1.72452547e+00,1.45464393e+03,2.12723762e+06,4.27893230e+03,0.00000000e+00,2.30000000e-01,7.70000131e-01,0.00000000e+00
6.52652653e+01,1.72236247e+00,1.45657812e+03,2.12338707e+06,4.27655001e+03,0.00000000e+00,2.30000000e-01,7.70000311e-01,0.00000000e+00
6.53653654e+01,1.72015270e+00,1.45846352e+03,2.11942928e+06,4.27406298e+03,0.00000000e+00,2.30000000e-01,7.70000209e-01,0.00000000e+00
6.54654655e+01,1.71791661e+00,1.46032195e+03,2.11542061e+06,4.27153217e+03,0.00000000e+00,2.30000000e-01,7.70000114e-01,0.00000000e+00
6.55655656e+01,1.71563047e+00,1.46215462e+03,2.11136789e+06,4.26903042e+03,0.00000000e+00,2.30000000e-01,7.69999984e-01,0.00000000e+00
6.56656657e+01,1.71329445e+00,1.46396277e+03,2.10726918e+06,4.26655264e+03,0.00000000e+00,2.30000000e-01,7.69999958e-01,0.00000000e+00
6.57657658e+01,1.71091950e+00,1.46574828e+03,2.10312708e+06,4.26407695e+03,0.00000000e+00,2.30000000e-01,7.69999972e-01,0.00000000e+00
6.58658659e+01,1.70851103e+00,1.46751404e+03,2.09894713e+06,4.26160117e+03,0.00000000e+00,2.30000000e-01,7.69999975e-01,0.00000000e+00
6.59659660e+01,1.70607160e+00,1.46926416e+03,2.09473781e+06,4.25913587e+03,0.00000000e+00,2.30000000e-01,7.70000006e-01,0.00000000e+00
6.60660661e+01,1.70360654e+00,1.47100478e+03,2.09051149e+06,4.25669360e+03,0.00000000e+00,2.30000000e-01,7.69999892e-01,0.00000000e+00
6.61661662e+01,1.70114400e+00,1.47275658e+03,2.08631799e+06,4.25430411e+03,0.00000000e+00,2.30000000e-01,7.69999943e-01,0.00000000e+00
6.62662663e+01,1.69869872e+00,1.47452067e+03,2.08215973e+06,4.25193649e+03,0.00000000e+00,2.30000000e-01,7.69999988e-01,0.00000000e+00
6.63663664e+01,1.69625996e+00,1.47629085e+03,2.07802796e+06,4.24960007e+03,0.00000000e+00,2.30000000e-01,7.69999991e-01,0.00000000e+00
6.64664665e+01,1.69382768e+00,1.47806374e+03,2.07391694e+06,4.24728313e+03,0.00000000e+00,2.30000000e-01,7.69999998e-01,0.00000000e+00
6.65665666e+01,1.69140279e+00,1.47983619e+03,2.06981793e+06,4.24496566e+03,0.00000000e+00,2.30000000e-01,7.70000007e-01,0.00000000e+00
6.66666667e+01,1.68898471e+00,1.48160623e+03,2.06572422e+06,4.24263527e+03,0.00000000e+00,2.30000000e-01,7.70000009e-01,0.00000000e+00
6.67667668e+01,1.68657117e+00,1.48337346e+03,2.06163232e+06,4.24029058e+03,0.00000000e+00,2.30000000e-01,7.70000008e-01,0.00000000e+00
6.68668669e+01,1.68416036e+00,1.48513729e+03,2.05753902e+06,4.23792937e+03,0.00000000e+00,2.30000000e-01,7.70000010e-01,0.00000000e+00
6.69669670e+01,1.68175084e+00,1.48689648e+03,2.05344133e+06,4.23554909e+03,0.00000000e+00,2.30000000e-01,7.70000016e-01,0.00000000e+00
6.70670671e+01,1.67934050e+00,1.48864886e+03,2.04933571e+06,4.23314757e+03,0.00000000e+00,2.30000000e-01,7.70000042e-01,0.00000000e+00
6.71671672e+01,1.67692543e+00,1.49039149e+03,2.04521720e+06,4.23072412e+03,0.00000000e+00,2.30000000e-01,7.70000136e-01,0.00000000e+00
6.72672673e+01,1.67451427e+00,1.49213256e+03,2.04110668e+06,4.22830124e+03,0.00000000e+00,2.30000000e-01,7.70000019e-01,0.00000000e+00
6.73673674e+01,1.67214081e+00,1.49389954e+03,2.03706636e+06,4.22592141e+03,0.00000000e+00,2.30000000e-01,7.69999985e-01,0.00000000e+00
6.74674675e+01,1.66981116e+00,1.49569633e+03,2.03310603e+06,4.22359016e+03,0.00000000e+00,2.30000000e-01,7.69999956e-01,0.00000000e+00
6.75675676e+01,1.66752338e+00,1.49752144e+03,2.02922416e+06,4.22130951e+03,0.00000000e+00,2.30000000e-01,7.69999947e-01,0.00000000e+00
6.76676677e+01,1.66527031e+00,1.49937040e+03,2.02541006e+06,4.21907573e+03,0.00000000e+00,2.30000000e-01,7.69999962e-01,0.00000000e+00
6.77677678e+01,1.66304357e+00,1.50123699e+03,2.02164941e+06,4.21688061e+03,0.00000000e+00,2.30000000e-01,7.69999983e-01,0.00000000e+00
6.78678679e+01,1.66083759e+00,1.50311605e+03,2.01792967e+06,4.21471243e+03,0.00000000e+00,2.30000000e-01,7.69999983e-01,0.00000000e+00
6.79679680e+01,1.65865061e+00,1.50500445e+03,2.01424254e+06,4.21255849e+03,0.00000000e+00,2.30000000e-01,7.69999972e-01,0.00000000e+00
6.80680681e+01,1.65648119e+00,1.50689931e+03,2.01057949e+06,4.21040460e+03,0.00000000e+00,2.30000000e-01,7.69999973e-01,0.00000000e+00
6.81681682e+01,1.65432557e+00,1.50879680e+03,2.00692933e+06,4.20823690e+03,0.00000000e+00,2.30000000e-01,7.69999990e-01,0.00000000e+00
6.82682683e+01,1.65217947e+00,1.51069360e+03,2.00328239e+06,4.20604592e+03,0.00000000e+00,2.30000000e-01,7.70000051e-01,0.00000000e+00
6.83683684e+01,1.65004171e+00,1.51258697e+03,1.99963060e+06,4.20381795e+03,0.00000000e+00,2.30000000e-01,7.70000067e-01,0.00000000e+00
6.84684685e+01,1.64792085e+00,1.51448027e+03,1.99597899e+06,4.20154204e+03,0.00000000e+00,2.30000000e-01,7.69999961e-01,0.00000000e+00
6.85685686e+01,1.64582649e+00,1.51638406e+03,1.99235183e+06,4.19924389e+03,0.00000000e+00,2.30000000e-01,7.69999922e-01,0.00000000e+00
6.86686687e+01,1.64375353e+00,1.51829506e+03,1.98874111e+06,4.19691963e+03,0.00000000e+00,2.30000000e-01,7.69999959e-01,0.00000000e+00
6.87687688e+01,1.64169564e+00,1.52020750e+03,1.98513589e+06,4.19456271e+03,0.00000000e+00,2.30000000e-01,7.69999968e-01,0.00000000e+00
6.88688689e+01,1.63965724e+00,1.52212414e+03,1.98154078e+06,4.19217146e+03,0.00000000e+00,2.30000000e-01,7.69999973e-01,0.00000000e+00
6.89689690e+01,1.63764172e+00,1.52404869e+03,1.97796515e+06,4.18975699e+03,0.00000000e+00,2.30000000e-01,7.69999972e-01,0.00000000e+00
6.90690691e+01,1.63565154e+00,1.52598593e+03,1.97441868e+06,4.18733356e+03,0.00000000e+00,2.30000000e-01,7.69999971e-01,0.00000000e+00
6.91691692e+01,1.63368963e+00,1.52794059e+03,1.97091172e+06,4.18491567e+03,0.00000000e+00,2.30000000e-01,7.69999975e-01,0.00000000e+00
6.92692693e+01,1.63175823e+00,1.52991721e+03,1.96745308e+06,4.18251647e+03,0.00000000e+00,2.30000000e-01,7.69999986e-01,0.00000000e+00
6.93693694e+01,1.62985812e+00,1.53191909e+03,1.96404879e+06,4.18014696e+03,0.00000000e+00,2.30000000e-01,7.70000003e-01,0.00000000e+00
6.94694695e+01,1.62798746e+00,1.53394773e+03,1.96070016e+06,4.17781496e+03,0.00000000e+00,2.30000000e-01,7.70000021e-01,0.00000000e+00
6.95695696e+01,1.62614171e+00,1.53600255e+03,1.95740415e+06,4.17552591e+03,0.00000000e+00,2.30000000e-01,7.70000031e-01,0.00000000e+00
6.96696697e+01,1.62431457e+00,1.53808175e+03,1.95415495e+06,4.17328386e+03,0.00000000e+00,2.30000000e-01,7.70000027e-01,0.00000000e+00
6.97697698e+01,1.62250051e+00,1.54018356e+03,1.95094751e+06,4.17109246e+03,0.00000000e+00,2.30000000e-01,7.70000011e-01,0.00000000e+00
6.98698699e+01,1.62069733e+00,1.54230686e+03,1.94777719e+06,4.16894784e+03,0.00000000e+00,2.30000000e-01,7.69999950e-01,0.00000000e+00
6.99699700e+01,1.61890437e+00,1.54444857e+03,1.94463632e+06,4.16683467e+03,0.00000000e+00,2.30000000e-01,7.70000017e-01,0.00000000e+00
7.00700701e+01,1.61709921e+00,1.54659330e+03,1.94149551e+06,4.16474902e+03,0.00000000e+00,2.30000000e-01,7.69999933e-01,0.00000000e+00
7.01701702e+01,1.61526641e+00,1.54873451e+03,1.93834010e+06,4.16269841e+03,0.00000000e+00,2.30000000e-01,7.69999891e-01,0.00000000e+00
7.02702703e+01,1.61339985e+00,1.55086265e+03,1.93515168e+06,4.16065898e+03,0.00000000e+00,2.30000000e-01,7.69999904e-01,0.00000000e+00
7.03703704e+01,1.61148692e+00,1.55296251e+03,1.93189899e+06,4.15859576e+03,0.00000000e+00,2.30000000e-01,7.70000012e-01,0.00000000e+00
7.04704705e+01,1.60951678e+00,1.55501879e+03,1.92854946e+06,4.15646616e+03,0.00000000e+00,2.30000000e-01,7.70000235e-01,0.00000000e+00
7.05705706e+01,1.60749365e+00,1.55702673e+03,1.92508793e+06,4.15422749e+03,0.00000000e+00,2.30000000e-01,7.70000248e-01,0.00000000e+00
7.06706707e+01,1.60544323e+00,1.55899942e+03,1.92154405e+06,4.15187589e+03,0.00000000e+00,2.30000000e-01,7.70000240e-01,0.00000000e+00
7.07707708e+01,1.60335198e+00,1.56093800e+03,1.91793532e+06,4.14948431e+03,0.00000000e+00,2.30000000e-01,7.70000087e-01,0.00000000e+00
7.08708709e+01,1.60119910e+00,1.56283694e+03,1.91424774e+06,4.14707504e+03,0.00000000e+00,2.30000000e-01,7.69999980e-01,0.00000000e+00
7.09709710e+01,1.59899174e+00,1.56469296e+03,1.91047187e+06,4.14460854e+03,0.00000000e+00,2.30000000e-01,7.69999977e-01,0.00000000e+00
7.10710711e+01,1.59673782e+00,1.56650449e+03,1.90660545e+06,4.14205919e+03,0.00000000e+00,2.30000000e-01,7.69999990e-01,0.00000000e+00
7.11711712e+01,1.59443814e+00,1.56827325e+03,1.90265528e+06,4.13943785e+03,0.00000000e+00,2.30000000e-01,7.70000332e-01,0.00000000e+00
7.12712713e+01,1.59211967e+00,1.57002672e+03,1.89867556e+06,4.13679691e+03,0.00000000e+00,2.30000000e-01,7.69999850e-01,0.00000000e+00
7.13713714e+01,1.58988187e+00,1.57184929e+03,1.89484564e+06,4.13426305e+03,0.00000000e+00,2.30000000e-01,7.69999896e-01,0.00000000e+00
7.14714715e+01,1.58772522e+00,1.57374054e+03,1.89116183e+06,4.13183035e+03,0.00000000e+00,2.30000000e-01,7.69999889e-01,0.00000000e+00
7.15715716e+01,1.58563429e+00,1.57568780e+03,1.88759992e+06,4.12948692e+03,0.00000000e+00,2.30000000e-01,7.69999795e-01,0.00000000e+00
7.16716717e+01,1.58359353e+00,1.57767889e+03,1.88413827e+06,4.12722573e+03,0.00000000e+00,2.30000000e-01,7.69999803e-01,0.00000000e+00
7.17717718e+01,1.58158157e+00,1.57969926e+03,1.88075367e+06,4.12505286e+03,0.00000000e+00,2.30000000e-01,7.69999742e-01,0.00000000e+00
7.18718719e+01,1.57961449e+00,1.58175799e+03,1.87746561e+06,4.12296908e+03,0.00000000e+00,2.30000000e-01,7.69999743e-01,0.00000000e+00
7.19719720e+01,1.57773315e+00,1.58388040e+03,1.87432159e+06,4.12097254e+03,0.00000000e+00,2.30000000e-01,7.69999815e-01,0.00000000e+00
7.20720721e+01,1.57596816e+00,1.58608544e+03,1.87135832e+06,4.11906479e+03,0.00000000e+00,2.30000000e-01,7.69999930e-01,0.00000000e+00
7.21721722e+01,1.57433324e+00,1.58838028e+03,1.86858806e+06,4.11723781e+03,0.00000000e+00,2.30000000e-01,7.70000067e-01,0.00000000e+00
7.22722723e+01,1.57282207e+00,1.59075727e+03,1.86599417e+06,4.11547223e+03,0.00000000e+00,2.30000000e-01,7.70000206e-01,0.00000000e+00
7.23723724e+01,1.57140731e+00,1.59319411e+03,1.86352764e+06,4.11373367e+03,0.00000000e+00,2.30000000e-01,7.69999951e-01,0.00000000e+00
7.24724725e+01,1.57002195e+00,1.59564581e+03,1.86110948e+06,4.11202068e+03,0.00000000e+00,2.30000000e-01,7.69999971e-01,0.00000000e+00
7.25725726e+01,1.56856190e+00,1.59804841e+03,1.85863019e+06,4.11036619e+03,0.00000000e+00,2.30000000e-01,7.69999758e-01,0.00000000e+00
7.26726727e+01,1.56701620e+00,1.60038053e+03,1.85602248e+06,4.10864736e+03,0.00000000e+00,2.30000000e-01,7.69999906e-01,0.00000000e+00
7.27727728e+01,1.56535921e+00,1.60260684e+03,1.85322421e+06,4.10679426e+03,0.00000000e+00,2.30000000e-01,7.70000192e-01,0.00000000e+00
7.28728729e+01,1.56357705e+00,1.60471242e+03,1.85019862e+06,4.10476102e+03,0.00000000e+00,2.30000000e-01,7.70000599e-01,0.00000000e+00
7.29729730e+01,1.56169520e+00,1.60671210e+03,1.84696594e+06,4.10252738e+03,0.00000000e+00,2.30000000e-01,7.70000453e-01,0.00000000e+00
7.30730731e+01,1.55976355e+00,1.60864705e+03,1.84362076e+06,4.10016875e+03,0.00000000e+00,2.30000000e-01,7.70000382e-01,0.00000000e+00
7.31731732e+01,1.55774188e+00,1.61052143e+03,1.84019909e+06,4.09787187e+03,0.00000000e+00,2.30000000e-01,7.70000044e-01,0.00000000e+00
7.32732733e+01,1.55560915e+00,1.61233803e+03,1.83668802e+06,4.09566133e+03,0.00000000e+00,2.30000000e-01,7.69999883e-01,0.00000000e+00
7.33733734e+01,1.55339042e+00,1.61409980e+03,1.83308409e+06,4.09346316e+03,0.00000000e+00,2.30000000e-01,7.69999905e-01,0.00000000e+00
7.34734735e+01,1.55110756e+00,1.61580998e+03,1.82939139e+06,4.09122933e+03,0.00000000e+00,2.30000000e-01,7.69999935e-01,0.00000000e+00
7.35735736e+01,1.54877155e+00,1.61747419e+03,1.82561966e+06,4.08895235e+03,0.00000000e+00,2.30000000e-01,7.69999940e-01,0.00000000e+00
7.36736737e+01,1.54639501e+00,1.61910205e+03,1.82178612e+06,4.08663619e+03,0.00000000e+00,2.30000000e-01,7.70000123e-01,0.00000000e+00
7.37737738e+01,1.54402169e+00,1.62071905e+03,1.81793920e+06,4.08427554e+03,0.00000000e+00,2.30000000e-01,7.70000011e-01,0.00000000e+00
7.38738739e+01,1.54171719e+00,1.62237821e+03,1.81418166e+06,4.08192559e+03,0.00000000e+00,2.30000000e-01,7.70000121e-01,0.00000000e+00
7.39739740e+01,1.53948946e+00,1.62408563e+03,1.81052202e+06,4.07958645e+03,0.00000000e+00,2.30000000e-01,7.70000069e-01,0.00000000e+00
7.40740741e+01,1.53735476e+00,1.62585376e+03,1.80698298e+06,4.07726636e+03,0.00000000e+00,2.30000000e-01,7.69999918e-01,0.00000000e+00
7.41741742e+01,1.53532337e+00,1.62769181e+03,1.80358194e+06,4.07497723e+03,0.00000000e+00,2.30000000e-01,7.69999796e-01,0.00000000e+00
7.42742743e+01,1.53338431e+00,1.62959370e+03,1.80030416e+06,4.07271532e+03,0.00000000e+00,2.30000000e-01,7.69999769e-01,0.00000000e+00
7.43743744e+01,1.53150891e+00,1.63153919e+03,1.79710728e+06,4.07046132e+03,0.00000000e+00,2.30000000e-01,7.69999832e-01,0.00000000e+00
7.44744745e+01,1.52966396e+00,1.63350563e+03,1.79394779e+06,4.06820558e+03,0.00000000e+00,2.30000000e-01,7.69999898e-01,0.00000000e+00
7.45745746e+01,1.52783574e+00,1.63548568e+03,1.79080945e+06,4.06594808e+03,0.00000000e+00,2.30000000e-01,7.69999921e-01,0.00000000e+00
7.46746747e+01,1.52603334e+00,1.63748858e+03,1.78770715e+06,4.06369832e+03,0.00000000e+00,2.30000000e-01,7.69999945e-01,0.00000000e+00
7.47747748e+01,1.52426267e+00,1.63952266e+03,1.78465686e+06,4.06147709e+03,0.00000000e+00,2.30000000e-01,7.69999966e-01,0.00000000e+00
7.48748749e+01,1.52252726e+00,1.64159350e+03,1.78166866e+06,4.05929810e+03,0.00000000e+00,2.30000000e-01,7.69999997e-01,0.00000000e+00
7.49749750e+01,1.52082826e+00,1.64370161e+03,1.77874202e+06,4.05715818e+03,0.00000000e+00,2.30000000e-01,7.69999849e-01,0.00000000e+00
7.50750751e+01,1.51915389e+00,1.64583670e+03,1.77585589e+06,4.05503860e+03,0.00000000e+00,2.30000000e-01,7.70000084e-01,0.00000000e+00
7.51751752e+01,1.51744194e+00,1.64795898e+03,1.77295323e+06,4.05297849e+03,0.00000000e+00,2.30000000e-01,7.69999950e-01,0.00000000e+00
7.52752753e+01,1.51567418e+00,1.65005862e+03,1.76999465e+06,4.05093358e+03,0.00000000e+00,2.30000000e-01,7.70000132e-01,0.00000000e+00
7.53753754e+01,1.51385282e+00,1.65212072e+03,1.76695148e+06,4.04883351e+03,0.00000000e+00,2.30000000e-01,7.70000292e-01,0.00000000e+00
7.54754755e+01,1.51199597e+00,1.65414766e+03,1.76382054e+06,4.04662259e+03,0.00000000e+00,2.30000000e-01,7.70000315e-01,0.00000000e+00
7.55755756e+01,1.51010016e+00,1.65614020e+03,1.76062121e+06,4.04435398e+03,0.00000000e+00,2.30000000e-01,7.70000214e-01,0.00000000e+00
7.56756757e+01,1.50812344e+00,1.65808652e+03,1.75733704e+06,4.04210167e+03,0.00000000e+00,2.30000000e-01,7.70000043e-01,0.00000000e+00
7.57757758e+01,1.50605882e+00,1.65998051e+03,1.75394754e+06,4.03983618e+03,0.00000000e+00,2.30000000e-01,7.69999980e-01,0.00000000e+00
7.58758759e+01,1.50391654e+00,1.66181556e+03,1.75044019e+06,4.03750078e+03,0.00000000e+00,2.30000000e-01,7.69999999e-01,0.00000000e+00
7.59759760e+01,1.50170168e+00,1.66358708e+03,1.74680727e+06,4.03506370e+03,0.00000000e+00,2.30000000e-01,7.70000016e-01,0.00000000e+00
7.60760761e+01,1.49941271e+00,1.66529280e+03,1.74304571e+06,4.03252129e+03,0.00000000e+00,2.30000000e-01,7.69999999e-01,0.00000000e+00
7.61761762e+01,1.49704885e+00,1.66693303e+03,1.73915748e+06,4.02987925e+03,0.00000000e+00,2.30000000e-01,7.69999962e-01,0.00000000e+00
7.62762763e+01,1.49461504e+00,1.66851090e+03,1.73515011e+06,4.02714085e+03,0.00000000e+00,2.30000000e-01,7.69999922e-01,0.00000000e+00
7.63763764e+01,1.49212231e+00,1.67003310e+03,1.73104024e+06,4.02431212e+03,0.00000000e+00,2.30000000e-01,7.70000364e-01,0.00000000e+00
7.64764765e+01,1.48959841e+00,1.67151645e+03,1.72685453e+06,4.02138545e+03,0.00000000e+00,2.30000000e-01,7.69999852e-01,0.00000000e+00
7.65765766e+01,1.48714960e+00,1.67305057e+03,1.72277204e+06,4.01848457e+03,0.00000000e+00,2.30000000e-01,7.69999850e-01,0.00000000e+00
7.66766767e+01,1.48480118e+00,1.67466163e+03,1.71883723e+06,4.01564749e+03,0.00000000e+00,2.30000000e-01,7.69999879e-01,0.00000000e+00
7.67767768e+01,1.48253468e+00,1.67633126e+03,1.71501576e+06,4.01284493e+03,0.00000000e+00,2.30000000e-01,7.69999903e-01,0.00000000e+00
7.68768769e+01,1.48033418e+00,1.67804563e+03,1.71128141e+06,4.01005915e+03,0.00000000e+00,2.30000000e-01,7.69999922e-01,0.00000000e+00
7.69769770e+01,1.47818658e+00,1.67979384e+03,1.70761390e+06,4.00727859e+03,0.00000000e+00,2.30000000e-01,7.69999934e-01,0.00000000e+00
7.70770771e+01,1.47608117e+00,1.68156743e+03,1.70399846e+06,4.00449785e+03,0.00000000e+00,2.30000000e-01,7.69999941e-01,0.00000000e+00
7.71771772e+01,1.47400892e+00,1.68335933e+03,1.70042281e+06,4.00171288e+03,0.00000000e+00,2.30000000e-01,7.69999923e-01,0.00000000e+00
7.72772773e+01,1.47196432e+00,1.68515979e+03,1.69688103e+06,3.99892446e+03,0.00000000e+00,2.30000000e-01,7.69999977e-01,0.00000000e+00
7.73773774e+01,1.46990906e+00,1.68700411e+03,1.69329845e+06,3.99605522e+03,0.00000000e+00,2.30000000e-01,7.70001443e-01,0.00000000e+00
7.74774775e+01,1.47705370e+00,1.67755331e+03,1.70892500e+06,4.01459538e+03,0.00000000e+00,2.30000000e-01,7.69718271e-01,0.00000000e+00
7.75775776e+01,2.30554511e+00,8.58933174e+02,3.81759913e+06,5.74491211e+03,0.00000000e+00,2.31393434e-01,7.68606566e-01,0.00000000e+00
7.76776777e+01,3.90076500e+00,-3.39103953e+01,8.22518512e+06,7.31391657e+03,0.00000000e+00,2.29372018e-01,7.70627982e-01,0.00000000e+00
7.77777778e+01,4.39596720e+00,-2.33710335e+02,9.76525009e+06,7.70020791e+03,0.00000000e+00,2.30000000e-01,7.70706033e-01,0.00000000e+00
7.78778779e+01,4.45536339e+00,-2.60542543e+02,9.95341365e+06,7.74865971e+03,0.00000000e+00,2.30000000e-01,7.70114997e-01,0.00000000e+00
7.79779780e+01,4.45420232e+00,-2.62360714e+02,9.96318262e+06,7.75900846e+03,0.00000000e+00,2.30000000e-01,7.70024615e-01,0.00000000e+00
7.80780781e+01,4.43875000e+00,-2.58184986e+02,9.92843792e+06,7.75912304e+03,0.00000000e+00,2.30000000e-01,7.69992576e-01,0.00000000e+00
7.81781782e+01,4.41790178e+00,-2.52542033e+02,9.88225220e+06,7.75954039e+03,0.00000000e+00,2.30000000e-01,7.69984251e-01,0.00000000e+00
7.82782783e+01,4.40024211e+00,-2.48344830e+02,9.84792622e+06,7.76350125e+03,0.00000000e+00,2.30000000e-01,7.69999255e-01,0.00000000e+00
7.83783784e+01,4.38321851e+00,-2.44321076e+02,9.81538826e+06,7.76789865e+03,0.00000000e+00,2.30000000e-01,7.69999757e-01,0.00000000e+00
7.84784785e+01,4.36640498e+00,-2.40370167e+02,9.78374164e+06,7.77266665e+03,0.00000000e+00,2.30000000e-01,7.70000001e-01,0.00000000e+00
7.85785786e+01,4.34965510e+00,-2.36483267e+02,9.75254182e+06,7.77771584e+03,0.00000000e+00,2.30000000e-01,7.70000018e-01,0.00000000e+00
7.86786787e+01,4.33297402e+00,-2.32646135e+02,9.72183802e+06,7.78307843e+03,0.00000000e+00,2.30000000e-01,7.69999931e-01,0.00000000e+00
7.87787788e+01,4.31637890e+00,-2.28848585e+02,9.69172194e+06,7.78879885e+03,0.00000000e+00,2.30000000e-01,7.69999950e-01,0.00000000e+00
7.88788789e+01,4.29982185e+00,-2.25109302e+02,9.66207029e+06,7.79486866e+03,0.00000000e+00,2.30000000e-01,7.70000019e-01,0.00000000e+00
7.89789790e+01,4.28325994e+00,-2.21446783e+02,9.63277016e+06,7.80127877e+03,0.00000000e+00,2.30000000e-01,7.70000111e-01,0.00000000e+00
7.90790791e+01,4.26665210e+00,-2.17880803e+02,9.60370641e+06,7.80801589e+03,0.00000000e+00,2.30000000e-01,7.70000078e-01,0.00000000e+00
7.91791792e+01,4.25007564e+00,-2.14400796e+02,9.57498353e+06,7.81502705e+03,0.00000000e+00,2.30000000e-01,7.69999934e-01,0.00000000e+00
7.92792793e+01,4.23363451e+00,-2.10988477e+02,9.54679182e+06,7.82227739e+03,0.00000000e+00,2.30000000e-01,7.69999904e-01,0.00000000e+00
7.93793794e+01,4.21728240e+00,-2.07677530e+02,9.51892730e+06,7.82968688e+03,0.00000000e+00,2.30000000e-01,7.70000028e-01,0.00000000e+00
7.94794795e+01,4.20094685e+00,-2.04510712e+02,9.49112452e+06,7.83717472e+03,0.00000000e+00,2.30000000e-01,7.70000081e-01,0.00000000e+00
7.95795796e+01,4.18464292e+00,-2.01484714e+02,9.46348058e+06,7.84479365e+03,0.00000000e+00,2.30000000e-01,7.70000101e-01,0.00000000e+00
7.96796797e+01,4.16842654e+00,-1.98575507e+02,9.43625458e+06,7.85265430e+03,0.00000000e+00,2.30000000e-01,7.70000219e-01,0.00000000e+00
7.97797798e+01,4.15236497e+00,-1.95761791e+02,9.40968197e+06,7.86082974e+03,0.00000000e+00,2.30000000e-01,7.70000263e-01,0.00000000e+00
7.98798799e+01,4.13660066e+00,-1.93001609e+02,9.38415490e+06,7.86938109e+03,0.00000000e+00,2.30000000e-01,7.70000164e-01,0.00000000e+00
7.99799800e+01,4.12130470e+00,-1.90250153e+02,9.36008412e+06,7.87832852e+03,0.00000000e+00,2.30000000e-01,7.70000047e-01,0.00000000e+00
8.00800801e+01,4.10658170e+00,-1.87494990e+02,9.33762879e+06,7.88760626e+03,0.00000000e+00,2.30000000e-01,7.69999988e-01,0.00000000e+00
8.01801802e+01,4.09245719e+00,-1.84754630e+02,9.31670410e+06,7.89709292e+03,0.00000000e+00,2.30000000e-01,7.69999976e-01,0.00000000e+00
8.02802803e+01,4.07891703e+00,-1.82055704e+02,9.29714539e+06,7.90667419e+03,0.00000000e+00,2.30000000e-01,7.69999973e-01,0.00000000e+00
8.03803804e+01,4.06594158e+00,-1.79415240e+02,9.27883192e+06,7.91628256e+03,0.00000000e+00,2.30000000e-01,7.69999925e-01,0.00000000e+00
8.04804805e+01,4.05351340e+00,-1.76837366e+02,9.26171120e+06,7.92590282e+03,0.00000000e+00,2.30000000e-01,7.69999908e-01,0.00000000e+00
8.05805806e+01,4.04158721e+00,-1.74329023e+02,9.24567901e+06,7.93553136e+03,0.00000000e+00,2.30000000e-01,7.69999834e-01,0.00000000e+00
8.06806807e+01,4.03010968e+00,-1.71894505e+02,9.23063998e+06,7.94518639e+03,0.00000000e+00,2.30000000e-01,7.69999861e-01,0.00000000e+00
8.07807808e+01,4.01898026e+00,-1.69556896e+02,9.21635036e+06,7.95485423e+03,0.00000000e+00,2.30000000e-01,7.69999904e-01,0.00000000e+00
8.08808809e+01,4.00811403e+00,-1.67333498e+02,9.20261265e+06,7.96453145e+03,0.00000000e+00,2.30000000e-01,7.69999827e-01,0.00000000e+00
8.09809810e+01,3.99745591e+00,-1.65230475e+02,9.18932941e+06,7.97423944e+03,0.00000000e+00,2.30000000e-01,7.69999880e-01,0.00000000e+00
8.10810811e+01,3.98690159e+00,-1.63280950e+02,9.17621363e+06,7.98393697e+03,0.00000000e+00,2.30000000e-01,7.69999956e-01,0.00000000e+00
8.11811812e+01,3.97637539e+00,-1.61512566e+02,9.16305365e+06,7.99359097e+03,0.00000000e+00,2.30000000e-01,7.70000024e-01,0.00000000e+00
8.12812813e+01,3.96584058e+00,-1.59936694e+02,9.14973320e+06,8.00317303e+03,0.00000000e+00,2.30000000e-01,7.70000117e-01,0.00000000e+00
8.13813814e+01,3.95523146e+00,-1.58574964e+02,9.13608493e+06,8.01266954e+03,0.00000000e+00,2.30000000e-01,7.70000165e-01,0.00000000e+00
8.14814815e+01,3.94444968e+00,-1.57440367e+02,9.12192366e+06,8.02211901e+03,0.00000000e+00,2.30000000e-01,7.69999985e-01,0.00000000e+00
8.15815816e+01,3.93357154e+00,-1.56512885e+02,9.10759493e+06,8.03166812e+03,0.00000000e+00,2.30000000e-01,7.69999954e-01,0.00000000e+00
8.16816817e+01,3.92278671e+00,-1.55694026e+02,9.09370584e+06,8.04146673e+03,0.00000000e+00,2.30000000e-01,7.70000038e-01,0.00000000e+00
8.17817818e+01,3.91216508e+00,-1.54947718e+02,9.08048613e+06,8.05157741e+03,0.00000000e+00,2.30000000e-01,7.70000078e-01,0.00000000e+00
8.18818819e+01,3.90173049e+00,-1.54257814e+02,9.06802100e+06,8.06202830e+03,0.00000000e+00,2.30000000e-01,7.70000026e-01,0.00000000e+00
8.19819820e+01,3.89153092e+00,-1.53601059e+02,9.05643907e+06,8.07283584e+03,0.00000000e+00,2.30000000e-01,7.69999872e-01,0.00000000e+00
8.20820821e+01,3.88158565e+00,-1.52968975e+02,9.04576659e+06,8.08398202e+03,0.00000000e+00,2.30000000e-01,7.69999877e-01,0.00000000e+00
8.21821822e+01,3.87181948e+00,-1.52398508e+02,9.03570330e+06,8.09535577e+03,0.00000000e+00,2.30000000e-01,7.70000005e-01,0.00000000e+00
8.22822823e+01,3.86215555e+00,-1.51928396e+02,9.02593599e+06,8.10683899e+03,0.00000000e+00,2.30000000e-01,7.70000046e-01,0.00000000e+00
8.23823824e+01,3.85259334e+00,-1.51560753e+02,9.01641534e+06,8.11838774e+03,0.00000000e+00,2.30000000e-01,7.70000068e-01,0.00000000e+00
8.24824825e+01,3.84315898e+00,-1.51282819e+02,9.00719231e+06,8.12999175e+03,0.00000000e+00,2.30000000e-01,7.70000135e-01,0.00000000e+00
8.25825826e+01,3.83389194e+00,-1.51072529e+02,8.99837110e+06,8.14166251e+03,0.00000000e+00,2.30000000e-01,7.70000036e-01,0.00000000e+00
8.26826827e+01,3.82487382e+00,-1.50883937e+02,8.99022814e+06,8.15347382e+03,0.00000000e+00,2.30000000e-01,7.69999998e-01,0.00000000e+00
8.27827828e+01,3.81612967e+00,-1.50694906e+02,8.98286431e+06,8.16546298e+03,0.00000000e+00,2.30000000e-01,7.69999961e-01,0.00000000e+00
8.28828829e+01,3.80766096e+00,-1.50489988e+02,8.97632336e+06,8.17766500e+03,0.00000000e+00,2.30000000e-01,7.69999962e-01,0.00000000e+00
8.29829830e+01,3.79944592e+00,-1.50261083e+02,8.97058634e+06,8.19010863e+03,0.00000000e+00,2.30000000e-01,7.69999958e-01,0.00000000e+00
8.30830831e+01,3.79146214e+00,-1.49999715e+02,8.96564754e+06,8.20283623e+03,0.00000000e+00,2.30000000e-01,7.69999950e-01,0.00000000e+00
8.31831832e+01,3.78368477e+00,-1.49695824e+02,8.96150646e+06,8.21590084e+03,0.00000000e+00,2.30000000e-01,7.69999925e-01,0.00000000e+00
8.32832833e+01,3.77608479e+00,-1.49338583e+02,8.95816206e+06,8.22936467e+03,0.00000000e+00,2.30000000e-01,7.69999888e-01,0.00000000e+00
8.33833834e+01,3.76862090e+00,-1.48924597e+02,8.95557901e+06,8.24328562e+03,0.00000000e+00,2.30000000e-01,7.69999888e-01,0.00000000e+00
8.34834835e+01,3.76123378e+00,-1.48466829e+02,8.95365344e+06,8.25769902e+03,0.00000000e+00,2.30000000e-01,7.69999962e-01,0.00000000e+00
8.35835836e+01,3.75386582e+00,-1.47984261e+02,8.95224863e+06,8.27260799e+03,0.00000000e+00,2.30000000e-01,7.70000056e-01,0.00000000e+00
8.36836837e+01,3.74646727e+00,-1.47483857e+02,8.95126961e+06,8.28803778e+03,0.00000000e+00,2.30000000e-01,7.70000121e-01,0.00000000e+00
8.37837838e+01,3.73898010e+00,-1.46979922e+02,8.95066573e+06,8.30407294e+03,0.00000000e+00,2.30000000e-01,7.70000244e-01,0.00000000e+00
8.38838839e+01,3.73128034e+00,-1.46508286e+02,8.95019350e+06,8.32077160e+03,0.00000000e+00,2.30000000e-01,7.70000054e-01,0.00000000e+00
8.39839840e+01,3.72333861e+00,-1.46090542e+02,8.94975263e+06,8.33811005e+03,0.00000000e+00,2.30000000e-01,7.69999898e-01,0.00000000e+00
8.40840841e+01,3.71521093e+00,-1.45741636e+02,8.94927274e+06,8.35590280e+03,0.00000000e+00,2.30000000e-01,7.69999931e-01,0.00000000e+00
8.41841842e+01,3.70693817e+00,-1.45479714e+02,8.94863604e+06,8.37395388e+03,0.00000000e+00,2.30000000e-01,7.70000042e-01,0.00000000e+00
8.42842843e+01,3.69850362e+00,-1.45328271e+02,8.94770264e+06,8.39217474e+03,0.00000000e+00,2.30000000e-01,7.70000126e-01,0.00000000e+00
8.43843844e+01,3.68984430e+00,-1.45314680e+02,8.94634543e+06,8.41059330e+03,0.00000000e+00,2.30000000e-01,7.70000155e-01,0.00000000e+00
8.44844845e+01,3.68087465e+00,-1.45458251e+02,8.94443512e+06,8.42928806e+03,0.00000000e+00,2.30000000e-01,7.70000166e-01,0.00000000e+00
8.45845846e+01,3.67150098e+00,-1.45749894e+02,8.94179640e+06,8.44831996e+03,0.00000000e+00,2.30000000e-01,7.69999677e-01,0.00000000e+00
8.46846847e+01,3.66186018e+00,-1.46174454e+02,8.93900449e+06,8.46791681e+03,0.00000000e+00,2.30000000e-01,7.69999765e-01,0.00000000e+00
8.47847848e+01,3.65217609e+00,-1.46624579e+02,8.93654986e+06,8.48803762e+03,0.00000000e+00,2.30000000e-01,7.69999908e-01,0.00000000e+00
8.48848849e+01,3.64258494e+00,-1.47057616e+02,8.93476982e+06,8.50869112e+03,0.00000000e+00,2.30000000e-01,7.70000005e-01,0.00000000e+00
8.49849850e+01,3.63308297e+00,-1.47443469e+02,8.93382020e+06,8.53003633e+03,0.00000000e+00,2.30000000e-01,7.70000202e-01,0.00000000e+00
8.50850851e+01,3.62366319e+00,-1.47723374e+02,8.93350733e+06,8.55191580e+03,0.00000000e+00,2.30000000e-01,7.69999637e-01,0.00000000e+00
8.51851852e+01,3.61441952e+00,-1.47989559e+02,8.93440885e+06,8.57464866e+03,0.00000000e+00,2.30000000e-01,7.70000020e-01,0.00000000e+00
8.52852853e+01,3.60516104e+00,-1.48217490e+02,8.93632037e+06,8.59850458e+03,0.00000000e+00,2.30000000e-01,7.70000480e-01,0.00000000e+00
8.53853854e+01,3.59584963e+00,-1.48338210e+02,8.93886414e+06,8.62323116e+03,0.00000000e+00,2.30000000e-01,7.69999701e-01,0.00000000e+00
8.54854855e+01,3.58672156e+00,-1.48412652e+02,8.94258368e+06,8.64877341e+03,0.00000000e+00,2.30000000e-01,7.69999799e-01,0.00000000e+00
8.55855856e+01,3.57768051e+00,-1.48452729e+02,8.94762150e+06,8.67550623e+03,0.00000000e+00,2.30000000e-01,7.70000678e-01,0.00000000e+00
8.56856857e+01,3.56852200e+00,-1.48338187e+02,8.95309019e+06,8.70309987e+03,0.00000000e+00,2.30000000e-01,7.69999316e-01,0.00000000e+00
8.57857858e+01,3.55955789e+00,-1.48204622e+02,8.96010630e+06,8.73184752e+03,0.00000000e+00,2.30000000e-01,7.70000087e-01,0.00000000e+00
8.58858859e+01,3.55055305e+00,-1.47973422e+02,8.96806747e+06,8.76176975e+03,0.00000000e+00,2.30000000e-01,7.70000235e-01,0.00000000e+00
8.59859860e+01,3.54151295e+00,-1.47621705e+02,8.97676804e+06,8.79266230e+03,0.00000000e+00,2.30000000e-01,7.69999677e-01,0.00000000e+00
8.60860861e+01,3.53257053e+00,-1.47248337e+02,8.98686810e+06,8.82483092e+03,0.00000000e+00,2.30000000e-01,7.70000477e-01,0.00000000e+00
8.61861862e+01,3.52344460e+00,-1.46747041e+02,8.99738445e+06,8.85804997e+03,0.00000000e+00,2.30000000e-01,7.69999517e-01,0.00000000e+00
8.62862863e+01,3.51435088e+00,-1.46243829e+02,9.00908419e+06,8.89251169e+03,0.00000000e+00,2.30000000e-01,7.70000361e-01,0.00000000e+00
8.63863864e+01,3.50509525e+00,-1.45665695e+02,9.02119240e+06,8.92798163e+03,0.00000000e+00,2.30000000e-01,7.69999806e-01,0.00000000e+00
8.64864865e+01,3.49576372e+00,-1.45088327e+02,9.03408613e+06,8.96460544e+03,0.00000000e+00,2.30000000e-01,7.70000128e-01,0.00000000e+00
8.65865866e+01,3.48629647e+00,-1.44497234e+02,9.04747720e+06,9.00227477e+03,0.00000000e+00,2.30000000e-01,7.69999992e-01,0.00000000e+00
8.66866867e+01,3.47670010e+00,-1.43920570e+02,9.06135974e+06,9.04097370e+03,0.00000000e+00,2.30000000e-01,7.70000039e-01,0.00000000e+00
8.67867868e+01,3.46695848e+00,-1.43377238e+02,9.07564739e+06,9.08067284e+03,0.00000000e+00,2.30000000e-01,7.70000055e-01,0.00000000e+00
8.68868869e+01,3.45713485e+00,-1.42884523e+02,9.09033004e+06,9.12120838e+03,0.00000000e+00,2.30000000e-01,7.70000076e-01,0.00000000e+00
8.69869870e+01,3.44739942e+00,-1.42455160e+02,9.10546545e+06,9.16219598e+03,0.00000000e+00,2.30000000e-01,7.70000110e-01,0.00000000e+00
8.70870871e+01,3.43786880e+00,-1.42102815e+02,9.12118394e+06,9.20345579e+03,0.00000000e+00,2.30000000e-01,7.70000145e-01,0.00000000e+00
8.71871872e+01,3.42859238e+00,-1.41840812e+02,9.13765060e+06,9.24501696e+03,0.00000000e+00,2.30000000e-01,7.70000136e-01,0.00000000e+00
8.72872873e+01,3.41963415e+00,-1.41684506e+02,9.15504718e+06,9.28688315e+03,0.00000000e+00,2.30000000e-01,7.70000091e-01,0.00000000e+00
8.73873874e+01,3.41105281e+00,-1.41647021e+02,9.17353264e+06,9.32904608e+03,0.00000000e+00,2.30000000e-01,7.70000022e-01,0.00000000e+00
8.74874875e+01,3.40288741e+00,-1.41732990e+02,9.19319791e+06,9.37147946e+03,0.00000000e+00,2.30000000e-01,7.69999891e-01,0.00000000e+00
8.75875876e+01,3.39514562e+00,-1.41933481e+02,9.21403417e+06,9.41413876e+03,0.00000000e+00,2.30000000e-01,7.69999770e-01,0.00000000e+00
8.76876877e+01,3.38777425e+00,-1.42217778e+02,9.23586638e+06,9.45697743e+03,0.00000000e+00,2.30000000e-01,7.69999792e-01,0.00000000e+00
8.77877878e+01,3.38068425e+00,-1.42542997e+02,9.25845955e+06,9.49999222e+03,0.00000000e+00,2.30000000e-01,7.69999896e-01,0.00000000e+00
8.78878879e+01,3.37378768e+00,-1.42887158e+02,9.28166525e+06,9.54326836e+03,0.00000000e+00,2.30000000e-01,7.70000217e-01,0.00000000e+00
8.79879880e+01,3.36704615e+00,-1.43249700e+02,9.30532761e+06,9.58675472e+03,0.00000000e+00,2.30000000e-01,7.70000141e-01,0.00000000e+00
8.80880881e+01,3.36056012e+00,-1.43673891e+02,9.32960842e+06,9.63032521e+03,0.00000000e+00,2.30000000e-01,7.69999718e-01,0.00000000e+00
8.81881882e+01,3.35438920e+00,-1.44210030e+02,9.35473798e+06,9.67403021e+03,0.00000000e+00,2.30000000e-01,7.69999591e-01,0.00000000e+00
8.82882883e+01,3.34840369e+00,-1.44843035e+02,9.38051436e+06,9.71802306e+03,0.00000000e+00,2.30000000e-01,7.69999989e-01,0.00000000e+00
8.83883884e+01,3.34242155e+00,-1.45488213e+02,9.40630329e+06,9.76217904e+03,0.00000000e+00,2.30000000e-01,7.70000149e-01,0.00000000e+00
8.84884885e+01,3.33638128e+00,-1.46121799e+02,9.43188107e+06,9.80644770e+03,0.00000000e+00,2.30000000e-01,7.70000009e-01,0.00000000e+00
8.85885886e+01,3.33027473e+00,-1.46751007e+02,9.45737165e+06,9.85098109e+03,0.00000000e+00,2.30000000e-01,7.69999976e-01,0.00000000e+00
8.86886887e+01,3.32411455e+00,-1.47374610e+02,9.48286531e+06,9.89584091e+03,0.00000000e+00,2.30000000e-01,7.69999945e-01,0.00000000e+00
8.87887888e+01,3.31792441e+00,-1.47999300e+02,9.50840974e+06,9.94100971e+03,0.00000000e+00,2.30000000e-01,7.69999963e-01,0.00000000e+00
8.88888889e+01,3.31172153e+00,-1.48633625e+02,9.53403809e+06,9.98647384e+03,0.00000000e+00,2.30000000e-01,7.69999961e-01,0.00000000e+00
8.89889890e+01,3.30552071e+00,-1.49297072e+02,9.55984697e+06,1.00322912e+04,0.00000000e+00,2.30000000e-01,7.70000018e-01,0.00000000e+00
8.90890891e+01,3.29931167e+00,-1.50005605e+02,9.58589186e+06,1.00785547e+04,0.00000000e+00,2.30000000e-01,7.70000016e-01,0.00000000e+00
8.91891892e+01,3.29308530e+00,-1.50781322e+02,9.61227565e+06,1.01254025e+04,0.00000000e+00,2.30000000e-01,7.70000050e-01,0.00000000e+00
8.92892893e+01,3.28684479e+00,-1.51644164e+02,9.63908641e+06,1.01729242e+04,0.00000000e+00,2.30000000e-01,7.69999890e-01,0.00000000e+00
8.93893894e+01,3.28062969e+00,-1.52619261e+02,9.66649681e+06,1.02211782e+04,0.00000000e+00,2.30000000e-01,7.70000049e-01,0.00000000e+00
8.94894895e+01,3.27437672e+00,-1.53654898e+02,9.69419185e+06,1.02700333e+04,0.00000000e+00,2.30000000e-01,7.70000439e-01,0.00000000e+00
8.95895896e+01,3.26792089e+00,-1.54643841e+02,9.72142543e+06,1.03192341e+04,0.00000000e+00,2.30000000e-01,7.70000069e-01,0.00000000e+00
8.96896897e+01,3.26123237e+00,-1.55565972e+02,9.74818942e+06,1.03688659e+04,0.00000000e+00,2.30000000e-01,7.70000082e-01,0.00000000e+00
8.97897898e+01,3.25427841e+00,-1.56406589e+02,9.77445201e+06,1.04190180e+04,0.00000000e+00,2.30000000e-01,7.70000014e-01,0.00000000e+00
8.98898899e+01,3.24705329e+00,-1.57153035e+02,9.80022756e+06,1.04697389e+04,0.00000000e+00,2.30000000e-01,7.69999934e-01,0.00000000e+00
8.99899900e+01,3.23958601e+00,-1.57798450e+02,9.82555378e+06,1.05209914e+04,0.00000000e+00,2.30000000e-01,7.69999855e-01,0.00000000e+00
9.00900901e+01,3.23193835e+00,-1.58344745e+02,9.85050483e+06,1.05726672e+04,0.00000000e+00,2.30000000e-01,7.69999857e-01,0.00000000e+00
9.01901902e+01,3.22418322e+00,-1.58803177e+02,9.87519394e+06,1.06246607e+04,0.00000000e+00,2.30000000e-01,7.69999849e-01,0.00000000e+00
9.02902903e+01,3.21644432e+00,-1.59178734e+02,9.89979605e+06,1.06767531e+04,0.00000000e+00,2.30000000e-01,7.70000197e-01,0.00000000e+00
9.03903904e+01,3.20875532e+00,-1.59490069e+02,9.92397211e+06,1.07284754e+04,0.00000000e+00,2.30000000e-01,7.70000008e-01,0.00000000e+00
9.04904905e+01,3.20118911e+00,-1.59741940e+02,9.94778649e+06,1.07796390e+04,0.00000000e+00,2.30000000e-01,7.69999968e-01,0.00000000e+00
9.05905906e+01,3.19374922e+00,-1.59946874e+02,9.97115516e+06,1.08301322e+04,0.00000000e+00,2.30000000e-01,7.69999970e-01,0.00000000e+00
9.06906907e+01,3.18642405e+00,-1.60116692e+02,9.99405518e+06,1.08799592e+04,0.00000000e+00,2.30000000e-01,7.69999969e-01,0.00000000e+00
9.07907908e+01,3.17920220e+00,-1.60260301e+02,1.00165235e+07,1.09291896e+04,0.00000000e+00,2.30000000e-01,7.69999967e-01,0.00000000e+00
9.08908909e+01,3.17207100e+00,-1.60377253e+02,1.00386199e+07,1.09779239e+04,0.00000000e+00,2.30000000e-01,7.69999951e-01,0.00000000e+00
9.09909910e+01,3.16501613e+00,-1.60457910e+02,1.00604196e+07,1.10262866e+04,0.00000000e+00,2.30000000e-01,7.69999936e-01,0.00000000e+00
9.10910911e+01,3.15801701e+00,-1.60489936e+02,1.00819830e+07,1.10744101e+04,0.00000000e+00,2.30000000e-01,7.69999944e-01,0.00000000e+00
9.11911912e+01,3.15104773e+00,-1.60463233e+02,1.01033347e+07,1.11224086e+04,0.00000000e+00,2.30000000e-01,7.69999981e-01,0.00000000e+00
9.12912913e+01,3.14408583e+00,-1.60372396e+02,1.01244642e+07,1.11703482e+04,0.00000000e+00,2.30000000e-01,7.70000057e-01,0.00000000e+00
9.13913914e+01,3.13710230e+00,-1.60217963e+02,1.01453302e+07,1.12182862e+04,0.00000000e+00,2.30000000e-01,7.70000157e-01,0.00000000e+00
9.14914915e+01,3.13003749e+00,-1.60005659e+02,1.01658640e+07,1.12663628e+04,0.00000000e+00,2.30000000e-01,7.70000230e-01,0.00000000e+00
9.15915916e+01,3.12280400e+00,-1.59743908e+02,1.01859835e+07,1.13148085e+04,0.00000000e+00,2.30000000e-01,7.70000254e-01,0.00000000e+00
9.16916917e+01,3.11530555e+00,-1.59440904e+02,1.02056127e+07,1.13638999e+04,0.00000000e+00,2.30000000e-01,7.70000266e-01,0.00000000e+00
9.17917918e+01,3.10744228e+00,-1.59102571e+02,1.02246983e+07,1.14139609e+04,0.00000000e+00,2.30000000e-01,7.70000297e-01,0.00000000e+00
9.18918919e+01,3.09910375e+00,-1.58731434e+02,1.02432235e+07,1.14654064e+04,0.00000000e+00,2.30000000e-01,7.70000359e-01,0.00000000e+00
9.19919920e+01,3.09015788e+00,-1.58326278e+02,1.02612135e+07,1.15187919e+04,0.00000000e+00,2.30000000e-01,7.70000462e-01,0.00000000e+00
9.20920921e+01,3.08043585e+00,-1.57882548e+02,1.02787257e+07,1.15748646e+04,0.00000000e+00,2.30000000e-01,7.70000602e-01,0.00000000e+00
9.21921922e+01,3.06972054e+00,-1.57389998e+02,1.02958282e+07,1.16345919e+04,0.00000000e+00,2.30000000e-01,7.70000832e-01,0.00000000e+00
9.22922923e+01,3.05843930e+00,-1.56851608e+02,1.03125102e+07,1.16964310e+04,0.00000000e+00,2.30000000e-01,7.70000550e-01,0.00000000e+00
9.23923924e+01,3.04788796e+00,-1.56260619e+02,1.03289423e+07,1.17556286e+04,0.00000000e+00,2.30000000e-01,7.70000170e-01,0.00000000e+00
9.24924925e+01,3.03883282e+00,-1.55604261e+02,1.03451998e+07,1.18092193e+04,0.00000000e+00,2.30000000e-01,7.69999930e-01,0.00000000e+00
9.25925926e+01,3.03133244e+00,-1.54885793e+02,1.03612526e+07,1.18568104e+04,0.00000000e+00,2.30000000e-01,7.69999777e-01,0.00000000e+00
9.26926927e+01,3.02535736e+00,-1.54112790e+02,1.03770942e+07,1.18983934e+04,0.00000000e+00,2.30000000e-01,7.69999633e-01,0.00000000e+00
9.27927928e+01,3.02082563e+00,-1.53287796e+02,1.03927662e+07,1.19342402e+04,0.00000000e+00,2.30000000e-01,7.69999564e-01,0.00000000e+00
9.28928929e+01,3.01760415e+00,-1.52426526e+02,1.04082153e+07,1.19647414e+04,0.00000000e+00,2.30000000e-01,7.69999476e-01,0.00000000e+00
9.29929930e+01,3.01553534e+00,-1.51544099e+02,1.04233830e+07,1.19903992e+04,0.00000000e+00,2.30000000e-01,7.69999356e-01,0.00000000e+00
9.30930931e+01,3.01443033e+00,-1.50648238e+02,1.04382445e+07,1.20119014e+04,0.00000000e+00,2.30000000e-01,7.69998957e-01,0.00000000e+00
9.31931932e+01,3.01406229e+00,-1.49720809e+02,1.04529804e+07,1.20303320e+04,0.00000000e+00,2.30000000e-01,7.69998610e-01,0.00000000e+00
9.32932933e+01,3.01418741e+00,-1.48764017e+02,1.04676049e+07,1.20466703e+04,0.00000000e+00,2.30000000e-01,7.69998043e-01,0.00000000e+00
9.33933934e+01,3.01513003e+00,-1.47774392e+02,1.04821721e+07,1.20596661e+04,0.00000000e+00,2.30000000e-01,7.69997839e-01,0.00000000e+00
9.34934935e+01,3.01765391e+00,-1.46753187e+02,1.04966690e+07,1.20662434e+04,0.00000000e+00,2.30000000e-01,7.69997927e-01,0.00000000e+00
9.35935936e+01,3.02249375e+00,-1.45692370e+02,1.05111778e+07,1.20635687e+04,0.00000000e+00,2.30000000e-01,7.69998318e-01,0.00000000e+00
9.36936937e+01,3.03024829e+00,-1.44595557e+02,1.05257643e+07,1.20493902e+04,0.00000000e+00,2.30000000e-01,7.69998734e-01,0.00000000e+00
9.37937938e+01,3.04137201e+00,-1.43466872e+02,1.05405145e+07,1.20221413e+04,0.00000000e+00,2.30000000e-01,7.69998922e-01,0.00000000e+00
9.38938939e+01,3.05625606e+00,-1.42311107e+02,1.05555203e+07,1.19806251e+04,0.00000000e+00,2.30000000e-01,7.69998905e-01,0.00000000e+00
9.39939940e+01,3.07530486e+00,-1.41135153e+02,1.05707582e+07,1.19236084e+04,0.00000000e+00,2.30000000e-01,7.69998526e-01,0.00000000e+00
9.40940941e+01,3.09905409e+00,-1.39935118e+02,1.05860653e+07,1.18493710e+04,0.00000000e+00,2.30000000e-01,7.69998200e-01,0.00000000e+00
9.41941942e+01,3.12816444e+00,-1.38759374e+02,1.06013282e+07,1.17560384e+04,0.00000000e+00,2.30000000e-01,7.69997294e-01,0.00000000e+00
9.42942943e+01,3.16364064e+00,-1.37664885e+02,1.06174258e+07,1.16418537e+04,0.00000000e+00,2.30000000e-01,7.69997832e-01,0.00000000e+00
9.43943944e+01,3.20634165e+00,-1.36549462e+02,1.06333376e+07,1.15040428e+04,0.00000000e+00,2.30000000e-01,7.69996417e-01,0.00000000e+00
9.44944945e+01,3.25767734e+00,-1.35506482e+02,1.06500083e+07,1.13405017e+04,0.00000000e+00,2.30000000e-01,7.69997078e-01,0.00000000e+00
9.45945946e+01,3.31887882e+00,-1.34402189e+02,1.06664929e+07,1.11486208e+04,0.00000000e+00,2.30000000e-01,7.69995945e-01,0.00000000e+00
9.46946947e+01,3.39167001e+00,-1.33330383e+02,1.06837988e+07,1.09270450e+04,0.00000000e+00,2.30000000e-01,7.69996548e-01,0.00000000e+00
9.47947948e+01,3.47761653e+00,-1.32218577e+02,1.07014838e+07,1.06746324e+04,0.00000000e+00,2.30000000e-01,7.69996553e-01,0.00000000e+00
9.48948949e+01,3.57839076e+00,-1.31031151e+02,1.07194169e+07,1.03914010e+04,0.00000000e+00,2.30000000e-01,7.69996357e-01,0.00000000e+00
9.49949950e+01,3.69584122e+00,-1.29833493e+02,1.07382692e+07,1.00788540e+04,0.00000000e+00,2.30000000e-01,7.69997554e-01,0.00000000e+00
9.50950951e+01,3.83141296e+00,-1.28523331e+02,1.07573140e+07,9.73946304e+03,0.00000000e+00,2.30000000e-01,7.69997645e-01,0.00000000e+00
9.51951952e+01,3.98661074e+00,-1.27171897e+02,1.07772157e+07,9.37761040e+03,0.00000000e+00,2.30000000e-01,7.69999188e-01,0.00000000e+00
9.52952953e+01,4.16225703e+00,-1.25751670e+02,1.07976689e+07,8.99890765e+03,0.00000000e+00,2.30000000e-01,7.70000882e-01,0.00000000e+00
9.53953954e+01,4.35827530e+00,-1.24267175e+02,1.08184722e+07,8.61070880e+03,0.00000000e+00,2.30000000e-01,7.70003244e-01,0.00000000e+00
9.54954955e+01,4.55506606e+00,-1.22814984e+02,1.08399926e+07,8.25512013e+03,0.00000000e+00,2.30000000e-01,7.69999979e-01,0.00000000e+00
9.55955956e+01,4.73380358e+00,-1.21369399e+02,1.08621561e+07,7.95965275e+03,0.00000000e+00,2.30000000e-01,7.70001710e-01,0.00000000e+00
9.56956957e+01,4.89331973e+00,-1.19932634e+02,1.08845723e+07,7.71606632e+03,0.00000000e+00,2.30000000e-01,7.70002021e-01,0.00000000e+00
9.57957958e+01,5.03444358e+00,-1.18515429e+02,1.09073354e+07,7.51545698e+03,0.00000000e+00,2.30000000e-01,7.70001961e-01,0.00000000e+00
9.58958959e+01,5.15835431e+00,-1.17108682e+02,1.09305852e+07,7.35056082e+03,0.00000000e+00,2.30000000e-01,7.70001903e-01,0.00000000e+00
9.59959960e+01,5.26630724e+00,-1.15704717e+02,1.09544349e+07,7.21559273e+03,0.00000000e+00,2.30000000e-01,7.70001906e-01,0.00000000e+00
9.60960961e+01,5.35961197e+00,-1.14305511e+02,1.09789485e+07,7.10584318e+03,0.00000000e+00,2.30000000e-01,7.70001924e-01,0.00000000e+00
9.61961962e+01,5.43965783e+00,-1.12921890e+02,1.10040150e+07,7.01726968e+03,0.00000000e+00,2.30000000e-01,7.70001129e-01,0.00000000e+00
9.62962963e+01,5.50791944e+00,-1.11554128e+02,1.10304333e+07,6.94693084e+03,0.00000000e+00,2.30000000e-01,7.70002456e-01,0.00000000e+00
9.63963964e+01,5.56521721e+00,-1.10189831e+02,1.10557024e+07,6.89116338e+03,0.00000000e+00,2.30000000e-01,7.70001683e-01,0.00000000e+00
9.64964965e+01,5.61353972e+00,-1.08814821e+02,1.10802807e+07,6.84703075e+03,0.00000000e+00,2.30000000e-01,7.70001713e-01,0.00000000e+00
9.65965966e+01,5.65430819e+00,-1.07393895e+02,1.11037061e+07,6.81203502e+03,0.00000000e+00,2.30000000e-01,7.70001546e-01,0.00000000e+00
9.66966967e+01,5.68899574e+00,-1.05894334e+02,1.11257919e+07,6.78396868e+03,0.00000000e+00,2.30000000e-01,7.70001272e-01,0.00000000e+00
9.67967968e+01,5.71894995e+00,-1.04285251e+02,1.11464130e+07,6.76094621e+03,0.00000000e+00,2.30000000e-01,7.70000968e-01,0.00000000e+00
9.68968969e+01,5.74529096e+00,-1.02537608e+02,1.11655000e+07,6.74147480e+03,0.00000000e+00,2.30000000e-01,7.70000699e-01,0.00000000e+00
9.69969970e+01,5.76887893e+00,-1.00629576e+02,1.11830756e+07,6.72447988e+03,0.00000000e+00,2.30000000e-01,7.70000489e-01,0.00000000e+00
9.70970971e+01,5.79034153e+00,-9.85501556e+01,1.11992459e+07,6.70924375e+03,0.00000000e+00,2.30000000e-01,7.70000248e-01,0.00000000e+00
9.71971972e+01,5.81012182e+00,-9.62966019e+01,1.12141801e+07,6.69532146e+03,0.00000000e+00,2.30000000e-01,7.69999855e-01,0.00000000e+00
9.72972973e+01,5.82844502e+00,-9.38717762e+01,1.12280769e+07,6.68254744e+03,0.00000000e+00,2.30000000e-01,7.69999341e-01,0.00000000e+00
9.73973974e+01,5.84517605e+00,-9.12842596e+01,1.12411028e+07,6.67115233e+03,0.00000000e+00,2.30000000e-01,7.69998985e-01,0.00000000e+00
9.74974975e+01,5.85970785e+00,-8.85483503e+01,1.12533347e+07,6.66184805e+03,0.00000000e+00,2.30000000e-01,7.69999170e-01,0.00000000e+00
9.75975976e+01,5.87110713e+00,-8.56828451e+01,1.12647466e+07,6.65565009e+03,0.00000000e+00,2.30000000e-01,7.70000043e-01,0.00000000e+00
9.76976977e+01,5.87861776e+00,-8.27096263e+01,1.12752512e+07,6.65333737e+03,0.00000000e+00,2.30000000e-01,7.70001202e-01,0.00000000e+00
9.77977978e+01,5.88229553e+00,-7.96510505e+01,1.12847811e+07,6.65479283e+03,0.00000000e+00,2.30000000e-01,7.70001876e-01,0.00000000e+00
9.78978979e+01,5.88326501e+00,-7.65257407e+01,1.12933554e+07,6.65875361e+03,0.00000000e+00,2.30000000e-01,7.70001607e-01,0.00000000e+00
9.79979980e+01,5.88275094e+00,-7.33413752e+01,1.13011087e+07,6.66391141e+03,0.00000000e+00,2.30000000e-01,7.70001016e-01,0.00000000e+00
9.80980981e+01,5.88078725e+00,-7.00970261e+01,1.13081797e+07,6.67031071e+03,0.00000000e+00,2.30000000e-01,7.70000560e-01,0.00000000e+00
9.81981982e+01,5.87685857e+00,-6.67914370e+01,1.13147131e+07,6.67862835e+03,0.00000000e+00,2.30000000e-01,7.70000246e-01,0.00000000e+00
9.82982983e+01,5.87073823e+00,-6.34205207e+01,1.13209019e+07,6.68924777e+03,0.00000000e+00,2.30000000e-01,7.70000242e-01,0.00000000e+00
9.83983984e+01,5.86220602e+00,-5.99808807e+01,1.13268882e+07,6.70252422e+03,0.00000000e+00,2.30000000e-01,7.70000504e-01,0.00000000e+00
9.84984985e+01,5.85080461e+00,-5.64721684e+01,1.13327349e+07,6.71904935e+03,0.00000000e+00,2.30000000e-01,7.70000862e-01,0.00000000e+00
9.85985986e+01,5.83575226e+00,-5.28985361e+01,1.13384247e+07,6.73975977e+03,0.00000000e+00,2.30000000e-01,7.70001197e-01,0.00000000e+00
9.86986987e+01,5.81596742e+00,-4.92681957e+01,1.13438810e+07,6.76593993e+03,0.00000000e+00,2.30000000e-01,7.70001433e-01,0.00000000e+00
9.87987988e+01,5.79016524e+00,-4.55907299e+01,1.13490065e+07,6.79916075e+03,0.00000000e+00,2.30000000e-01,7.70001473e-01,0.00000000e+00
9.88988989e+01,5.75704023e+00,-4.18729019e+01,1.13537186e+07,6.84112286e+03,0.00000000e+00,2.30000000e-01,7.70001231e-01,0.00000000e+00
9.89989990e+01,5.71552169e+00,-3.81164728e+01,1.13579625e+07,6.89339850e+03,0.00000000e+00,2.30000000e-01,7.70000558e-01,0.00000000e+00
9.90990991e+01,5.66807775e+00,-3.43016404e+01,1.13617589e+07,6.95342647e+03,0.00000000e+00,2.30000000e-01,7.69999966e-01,0.00000000e+00
9.91991992e+01,5.62355610e+00,-3.04437386e+01,1.13649216e+07,7.01043042e+03,0.00000000e+00,2.30000000e-01,7.69999575e-01,0.00000000e+00
9.92992993e+01,5.58781415e+00,-2.65101533e+01,1.13677384e+07,7.05702345e+03,0.00000000e+00,2.30000000e-01,7.69999188e-01,0.00000000e+00
9.93993994e+01,5.56045924e+00,-2.24942981e+01,1.13702935e+07,7.09333706e+03,0.00000000e+00,2.30000000e-01,7.69998873e-01,0.00000000e+00
9.94994995e+01,5.54077556e+00,-1.84005872e+01,1.13725191e+07,7.11993116e+03,0.00000000e+00,2.30000000e-01,7.69998660e-01,0.00000000e+00
9.95995996e+01,5.52779431e+00,-1.42375213e+01,1.13743748e+07,7.13781723e+03,0.00000000e+00,2.30000000e-01,7.69998470e-01,0.00000000e+00
9.96996997e+01,5.52038195e+00,-9.99517976e+00,1.13759081e+07,7.14836384e+03,0.00000000e+00,2.30000000e-01,7.69998610e-01,0.00000000e+00
9.97997998e+01,5.51725845e+00,-5.75541000e+00,1.13767596e+07,7.15298714e+03,0.00000000e+00,2.30000000e-01,7.69993040e-01,0.00000000e+00
9.98998999e+01,5.51860862e+00,-1.43365029e+00,1.13839476e+07,7.15568040e+03,0.00000000e+00,2.30000000e-01,7.70003216e-01,0.00000000e+00
1.00000000e+02,5.51860862e+00,1.43365029e+00,1.13839476e+07,7.15568040e+03,0.00000000e+00,2.30000000e-01,7.70003216e-01,0.00000000e+00
