# x(m), rho(kg/m3), u(m/s), p(Pa), T(K), Y_H2, Y_O2, Y_N2, Y_H2O
0.00000000e+00,8.41923587e+00,2.53414674e-02,1.86920554e+07,2.78675906e+03,1.18501936e-01,6.70627418e-07,6.00009375e-01,2.81488018e-01
1.00100100e-01,8.41923587e+00,-2.53414674e-02,1.86920554e+07,2.78675906e+03,1.18501936e-01,6.70627418e-07,6.00009375e-01,2.81488018e-01
2.00200200e-01,8.42080415e+00,-1.03026277e-01,1.86922611e+07,2.78627083e+03,1.18501919e-01,5.38013015e-07,6.00009375e-01,2.81488167e-01
3.00300300e-01,8.42517899e+00,-1.78728132e-01,1.86923146e+07,2.78483199e+03,1.18501922e-01,5.60578599e-07,6.00009375e-01,2.81488142e-01
4.00400400e-01,8.43344469e+00,-2.55583627e-01,1.86924097e+07,2.78211671e+03,1.18501922e-01,5.60701091e-07,6.00009375e-01,2.81488142e-01
5.00500501e-01,8.44612481e+00,-3.32182478e-01,1.86925354e+07,2.77795861e+03,1.18501922e-01,5.60692926e-07,6.00009375e-01,2.81488142e-01
6.00600601e-01,8.46045955e+00,-4.09855060e-01,1.86927163e+07,2.77327870e+03,1.18501922e-01,5.60687784e-07,6.00009375e-01,2.81488142e-01
7.00700701e-01,8.47230788e+00,-4.88358559e-01,1.86929498e+07,2.76943492e+03,1.18501922e-01,5.60682517e-07,6.00009375e-01,2.81488142e-01
8.00800801e-01,8.48080171e+00,-5.68216140e-01,1.86932427e+07,2.76670458e+03,1.18501922e-01,5.60677279e-07,6.00009375e-01,2.81488142e-01
9.00900901e-01,8.48672156e+00,-6.48684563e-01,1.86935796e+07,2.76482452e+03,1.18501922e-01,5.60671919e-07,6.00009375e-01,2.81488142e-01
1.00100100e+00,8.49075225e+00,-7.27415152e-01,1.86939239e+07,2.76356291e+03,1.18501922e-01,5.60666581e-07,6.00009375e-01,2.81488142e-01
1.10110110e+00,8.49346016e+00,-8.02868909e-01,1.86942606e+07,2.76273158e+03,1.18501922e-01,5.60661101e-07,6.00009375e-01,2.81488142e-01
1.20120120e+00,8.49527344e+00,-8.75021630e-01,1.86945754e+07,2.76218839e+03,1.18501922e-01,5.60655605e-07,6.00009375e-01,2.81488142e-01
1.30130130e+00,8.49649686e+00,-9.43777901e-01,1.86948581e+07,2.76183244e+03,1.18501922e-01,5.60649944e-07,6.00009375e-01,2.81488142e-01
1.40140140e+00,8.49733780e+00,-1.00912815e+00,1.86951026e+07,2.76159522e+03,1.18501922e-01,5.60644251e-07,6.00009375e-01,2.81488142e-01
1.50150150e+00,8.49793068e+00,-1.07142950e+00,1.86953041e+07,2.76143231e+03,1.18501922e-01,5.60638378e-07,6.00009375e-01,2.81488142e-01
1.60160160e+00,8.49836259e+00,-1.13092503e+00,1.86954679e+07,2.76131616e+03,1.18501922e-01,5.60632438e-07,6.00009375e-01,2.81488142e-01
1.70170170e+00,8.49868646e+00,-1.18854737e+00,1.86955956e+07,2.76122980e+03,1.18501922e-01,5.60626271e-07,6.00009375e-01,2.81488142e-01
1.80180180e+00,8.49893832e+00,-1.24460488e+00,1.86956997e+07,2.76116334e+03,1.18501922e-01,5.60619983e-07,6.00009375e-01,2.81488142e-01
1.90190190e+00,8.49913889e+00,-1.29983102e+00,1.86957831e+07,2.76111051e+03,1.18501922e-01,5.60613422e-07,6.00009375e-01,2.81488142e-01
2.00200200e+00,8.49930352e+00,-1.35425296e+00,1.86958539e+07,2.76106747e+03,1.18501922e-01,5.60606699e-07,6.00009375e-01,2.81488142e-01
2.10210210e+00,8.49944169e+00,-1.40793565e+00,1.86959149e+07,2.76103160e+03,1.18501922e-01,5.60599661e-07,6.00009375e-01,2.81488142e-01
2.20220220e+00,8.49956172e+00,-1.46058295e+00,1.86959735e+07,2.76100126e+03,1.18501922e-01,5.60592422e-07,6.00009375e-01,2.81488142e-01
2.30230230e+00,8.49967066e+00,-1.51229936e+00,1.86960376e+07,2.76097534e+03,1.18501922e-01,5.60584828e-07,6.00009375e-01,2.81488142e-01
2.40240240e+00,8.49977526e+00,-1.56350654e+00,1.86961172e+07,2.76095312e+03,1.18501922e-01,5.60577005e-07,6.00009375e-01,2.81488142e-01
2.50250250e+00,8.49987992e+00,-1.61464375e+00,1.86962220e+07,2.76093460e+03,1.18501922e-01,5.60568804e-07,6.00009375e-01,2.81488142e-01
2.60260260e+00,8.49998792e+00,-1.66622257e+00,1.86963613e+07,2.76092009e+03,1.18501922e-01,5.60560371e-07,6.00009375e-01,2.81488142e-01
2.70270270e+00,8.50010609e+00,-1.71946721e+00,1.86965535e+07,2.76091008e+03,1.18501922e-01,5.60551563e-07,6.00009375e-01,2.81488142e-01
2.80280280e+00,8.50024097e+00,-1.77566500e+00,1.86968153e+07,2.76090494e+03,1.18501922e-01,5.60542544e-07,6.00009375e-01,2.81488142e-01
2.90290290e+00,8.50039045e+00,-1.83436561e+00,1.86971364e+07,2.76090381e+03,1.18501922e-01,5.60533183e-07,6.00009375e-01,2.81488142e-01
3.00300300e+00,8.50054363e+00,-1.89366563e+00,1.86974837e+07,2.76090533e+03,1.18501922e-01,5.60523661e-07,6.00009375e-01,2.81488142e-01
3.10310310e+00,8.50069547e+00,-1.95297174e+00,1.86978422e+07,2.76090895e+03,1.18501922e-01,5.60513851e-07,6.00009375e-01,2.81488142e-01
3.20320320e+00,8.50085230e+00,-2.01378074e+00,1.86982277e+07,2.76091494e+03,1.18501922e-01,5.60503944e-07,6.00009375e-01,2.81488142e-01
3.30330330e+00,8.50100439e+00,-2.07437998e+00,1.86986106e+07,2.76092208e+03,1.18501922e-01,5.60493810e-07,6.00009375e-01,2.81488142e-01
3.40340340e+00,8.50113980e+00,-2.13246159e+00,1.86989523e+07,2.76092856e+03,1.18501922e-01,5.60483636e-07,6.00009375e-01,2.81488142e-01
3.50350350e+00,8.50125707e+00,-2.18783270e+00,1.86992427e+07,2.76093335e+03,1.18501922e-01,5.60473281e-07,6.00009375e-01,2.81488142e-01
3.60360360e+00,8.50136339e+00,-2.24068326e+00,1.86995023e+07,2.76093716e+03,1.18501922e-01,5.60462917e-07,6.00009375e-01,2.81488142e-01
3.70370370e+00,8.50146461e+00,-2.29309693e+00,1.86997485e+07,2.76094063e+03,1.18501922e-01,5.60452391e-07,6.00009375e-01,2.81488142e-01
3.80380380e+00,8.50156851e+00,-2.34583084e+00,1.87000054e+07,2.76094482e+03,1.18501922e-01,5.60441857e-07,6.00009375e-01,2.81488142e-01
3.90390390e+00,8.50166450e+00,-2.39625906e+00,1.87002431e+07,2.76094874e+03,1.18501922e-01,5.60431151e-07,6.00009375e-01,2.81488142e-01
4.00400400e+00,8.50173763e+00,-2.44201722e+00,1.87004168e+07,2.76095063e+03,1.18501922e-01,5.60420414e-07,6.00009375e-01,2.81488142e-01
4.10410410e+00,8.50179222e+00,-2.48383749e+00,1.87005391e+07,2.76095096e+03,1.18501922e-01,5.60409468e-07,6.00009375e-01,2.81488142e-01
4.20420420e+00,8.50184518e+00,-2.52422852e+00,1.87006601e+07,2.76095163e+03,1.18501922e-01,5.60398446e-07,6.00009375e-01,2.81488142e-01
4.30430430e+00,8.50192339e+00,-2.56966223e+00,1.87008612e+07,2.76095592e+03,1.18501922e-01,5.60387160e-07,6.00009375e-01,2.81488142e-01
4.40440440e+00,8.50204034e+00,-2.62286826e+00,1.87011840e+07,2.76096560e+03,1.18501922e-01,5.60375740e-07,6.00009375e-01,2.81488142e-01
4.50450450e+00,8.50211606e+00,-2.66832010e+00,1.87013814e+07,2.76097016e+03,1.18501922e-01,5.60363989e-07,6.00009375e-01,2.81488142e-01
4.60460460e+00,8.50216863e+00,-2.70557155e+00,1.87015079e+07,2.76097175e+03,1.18501922e-01,5.60352038e-07,6.00009375e-01,2.81488142e-01
4.70470470e+00,8.50222456e+00,-2.74796031e+00,1.87016477e+07,2.76097423e+03,1.18501922e-01,5.60339681e-07,6.00009375e-01,2.81488142e-01
4.80480480e+00,8.50241280e+00,-2.82072460e+00,1.87021919e+07,2.76099345e+03,1.18501922e-01,5.60327053e-07,6.00009375e-01,2.81488142e-01
4.90490490e+00,8.50261696e+00,-2.89746372e+00,1.87027840e+07,2.76101456e+03,1.18501922e-01,5.60313936e-07,6.00009375e-01,2.81488142e-01
5.00500501e+00,8.50265279e+00,-2.94545932e+00,1.87028716e+07,2.76101586e+03,1.18501922e-01,5.60300475e-07,6.00009375e-01,2.81488142e-01
5.10510511e+00,8.50261761e+00,-2.97884833e+00,1.87027496e+07,2.76100926e+03,1.18501922e-01,5.60286444e-07,6.00009375e-01,2.81488142e-01
5.20520521e+00,8.50275240e+00,-3.04663513e+00,1.87031410e+07,2.76102328e+03,1.18501922e-01,5.60272005e-07,6.00009375e-01,2.81488142e-01
5.30530531e+00,8.50318479e+00,-3.17256948e+00,1.87044303e+07,2.76107321e+03,1.18501922e-01,5.60256929e-07,6.00009375e-01,2.81488142e-01
5.40540541e+00,8.50316390e+00,-3.23836545e+00,1.87043447e+07,2.76106735e+03,1.18501922e-01,5.60241410e-07,6.00009375e-01,2.81488142e-01
5.50550551e+00,8.50243276e+00,-3.16549727e+00,1.87020986e+07,2.76097318e+03,1.18501922e-01,5.60225230e-07,6.00009375e-01,2.81488142e-01
5.60560561e+00,8.50166094e+00,-3.22717880e+00,1.86997241e+07,2.76087327e+03,1.18501922e-01,5.60208625e-07,6.00009375e-01,2.81488142e-01
5.70570571e+00,8.50216734e+00,-3.62322536e+00,1.87012419e+07,2.76093291e+03,1.18501922e-01,5.60191394e-07,6.00009375e-01,2.81488143e-01
5.80580581e+00,8.50113366e+00,-4.15433569e+00,1.86980920e+07,2.76080352e+03,1.18501922e-01,5.60173819e-07,6.00009375e-01,2.81488143e-01
5.90590591e+00,8.49536203e+00,-4.32831569e+00,1.86805641e+07,2.76008939e+03,1.18501922e-01,5.60155732e-07,6.00009375e-01,2.81488143e-01
6.00600601e+00,8.48618377e+00,-5.94893471e+00,1.86527024e+07,2.75895351e+03,1.18501922e-01,5.60137471e-07,6.00009375e-01,2.81488143e-01
6.10610611e+00,8.47210822e+00,-1.15791444e+01,1.86099656e+07,2.75720545e+03,1.18501922e-01,5.60118872e-07,6.00009375e-01,2.81488143e-01
6.20620621e+00,8.41195413e+00,-1.94766656e+01,1.84276437e+07,2.74971678e+03,1.18501922e-01,5.60100352e-07,6.00009375e-01,2.81488143e-01
6.30630631e+00,8.30811940e+00,-4.52379342e+01,1.81136138e+07,2.73663848e+03,1.18501922e-01,5.60081922e-07,6.00009375e-01,2.81488143e-01
6.40640641e+00,8.05480551e+00,-9.68335932e+01,1.73505371e+07,2.70378976e+03,1.18501922e-01,5.60064053e-07,6.00009375e-01,2.81488143e-01
6.50650651e+00,7.57438788e+00,-2.02260888e+02,1.59381127e+07,2.64121895e+03,1.18501922e-01,5.60047219e-07,6.00009375e-01,2.81488143e-01
6.60660661e+00,6.99002049e+00,-3.39191778e+02,1.42558236e+07,2.55993488e+03,1.18501922e-01,5.60031625e-07,6.00009375e-01,2.81488143e-01
6.70670671e+00,6.70998614e+00,-4.08163343e+02,1.34662432e+07,2.51906795e+03,1.18501922e-01,5.60016684e-07,6.00009375e-01,2.81488143e-01
6.80680681e+00,6.60817892e+00,-4.33475293e+02,1.31828917e+07,2.50405547e+03,1.18501922e-01,5.60002004e-07,6.00009375e-01,2.81488143e-01
6.90690691e+00,6.57377250e+00,-4.41813947e+02,1.30879029e+07,2.49902411e+03,1.18501922e-01,5.59987415e-07,6.00009375e-01,2.81488143e-01
7.00700701e+00,6.56251849e+00,-4.44314954e+02,1.30569190e+07,2.49738342e+03,1.18501922e-01,5.59972847e-07,6.00009375e-01,2.81488143e-01
7.10710711e+00,6.55860372e+00,-4.44996433e+02,1.30461487e+07,2.49681282e+03,1.18501922e-01,5.59958261e-07,6.00009375e-01,2.81488143e-01
7.20720721e+00,6.55684599e+00,-4.45189460e+02,1.30413118e+07,2.49655620e+03,1.18501922e-01,5.59943628e-07,6.00009375e-01,2.81488143e-01
7.30730731e+00,6.55588929e+00,-4.45217089e+02,1.30386906e+07,2.49641868e+03,1.18501922e-01,5.59928920e-07,6.00009375e-01,2.81488143e-01
7.40740741e+00,6.55549683e+00,-4.45156833e+02,1.30376223e+07,2.49636357e+03,1.18501922e-01,5.59914105e-07,6.00009375e-01,2.81488143e-01
7.50750751e+00,6.55532945e+00,-4.45096334e+02,1.30371617e+07,2.49633913e+03,1.18501922e-01,5.59899153e-07,6.00009375e-01,2.81488143e-01
7.60760761e+00,6.55524285e+00,-4.45058168e+02,1.30369183e+07,2.49632549e+03,1.18501922e-01,5.59884031e-07,6.00009375e-01,2.81488143e-01
7.70770771e+00,6.55520762e+00,-4.45039876e+02,1.30368144e+07,2.49631901e+03,1.18501922e-01,5.59868704e-07,6.00009375e-01,2.81488143e-01
7.80780781e+00,6.55520082e+00,-4.45035071e+02,1.30367893e+07,2.49631680e+03,1.18501922e-01,5.59853139e-07,6.00009375e-01,2.81488143e-01
7.90790791e+00,6.55521544e+00,-4.45038731e+02,1.30368242e+07,2.49631791e+03,1.18501922e-01,5.59837301e-07,6.00009375e-01,2.81488143e-01
8.00800801e+00,6.55530126e+00,-4.45060594e+02,1.30370540e+07,2.49632924e+03,1.18501922e-01,5.59821156e-07,6.00009375e-01,2.81488143e-01
8.10810811e+00,6.55552449e+00,-4.45117172e+02,1.30376606e+07,2.49636037e+03,1.18501922e-01,5.59804670e-07,6.00009375e-01,2.81488143e-01
8.20820821e+00,6.55596233e+00,-4.45227869e+02,1.30388560e+07,2.49642254e+03,1.18501922e-01,5.59787810e-07,6.00009375e-01,2.81488143e-01
8.30830831e+00,6.55670828e+00,-4.45416278e+02,1.30408973e+07,2.49652929e+03,1.18501922e-01,5.59770546e-07,6.00009375e-01,2.81488143e-01
8.40840841e+00,6.55787782e+00,-4.45711642e+02,1.30441014e+07,2.49669735e+03,1.18501922e-01,5.59752850e-07,6.00009375e-01,2.81488143e-01
8.50850851e+00,6.55961497e+00,-4.46150360e+02,1.30488643e+07,2.49694754e+03,1.18501922e-01,5.59734696e-07,6.00009375e-01,2.81488143e-01
8.60860861e+00,6.56209974e+00,-4.46777811e+02,1.30556806e+07,2.49730590e+03,1.18501922e-01,5.59716066e-07,6.00009375e-01,2.81488143e-01
8.70870871e+00,6.56555640e+00,-4.47650452e+02,1.30651675e+07,2.49780482e+03,1.18501922e-01,5.59696944e-07,6.00009375e-01,2.81488143e-01
8.80880881e+00,6.57026355e+00,-4.48838274e+02,1.30780922e+07,2.49848449e+03,1.18501922e-01,5.59677320e-07,6.00009375e-01,2.81488143e-01
8.90890891e+00,6.57656487e+00,-4.50427416e+02,1.30954026e+07,2.49939444e+03,1.18501922e-01,5.59657193e-07,6.00009375e-01,2.81488143e-01
9.00900901e+00,6.58487959e+00,-4.52522584e+02,1.31182566e+07,2.50059487e+03,1.18501922e-01,5.59636567e-07,6.00009375e-01,2.81488143e-01
9.10910911e+00,6.59570868e+00,-4.55248262e+02,1.31480408e+07,2.50215743e+03,1.18501922e-01,5.59615453e-07,6.00009375e-01,2.81488143e-01
9.20920921e+00,6.60964574e+00,-4.58750258e+02,1.31863946e+07,2.50416498e+03,1.18501922e-01,5.59593869e-07,6.00009375e-01,2.81488143e-01
9.30930931e+00,6.62645458e+00,-4.62964938e+02,1.32326853e+07,2.50658139e+03,1.18501922e-01,5.59571843e-07,6.00009375e-01,2.81488143e-01
9.40940941e+00,6.64211995e+00,-4.66885555e+02,1.32758771e+07,2.50883191e+03,1.18501922e-01,5.59549427e-07,6.00009375e-01,2.81488143e-01
9.50950951e+00,6.65556117e+00,-4.70244712e+02,1.33129726e+07,2.51076121e+03,1.18501922e-01,5.59526684e-07,6.00009375e-01,2.81488143e-01
9.60960961e+00,6.66670060e+00,-4.73024182e+02,1.33437340e+07,2.51235773e+03,1.18501922e-01,5.59503677e-07,6.00009375e-01,2.81488143e-01
9.70970971e+00,6.67559646e+00,-4.75241097e+02,1.33683114e+07,2.51363104e+03,1.18501922e-01,5.59480477e-07,6.00009375e-01,2.81488143e-01
9.80980981e+00,6.68241101e+00,-4.76937549e+02,1.33871439e+07,2.51460515e+03,1.18501922e-01,5.59457150e-07,6.00009375e-01,2.81488143e-01
9.90990991e+00,6.68737548e+00,-4.78172352e+02,1.34008649e+07,2.51531379e+03,1.18501922e-01,5.59433761e-07,6.00009375e-01,2.81488143e-01
1.00100100e+01,6.69076283e+00,-4.79014438e+02,1.34102257e+07,2.51579649e+03,1.18501922e-01,5.59410368e-07,6.00009375e-01,2.81488143e-01
1.01101101e+01,6.69286865e+00,-4.79537670e+02,1.34160422e+07,2.51609578e+03,1.18501922e-01,5.59387021e-07,6.00009375e-01,2.81488143e-01
1.02102102e+01,6.69399688e+00,-4.79817704e+02,1.34191532e+07,2.51625505e+03,1.18501922e-01,5.59363757e-07,6.00009375e-01,2.81488143e-01
1.03103103e+01,6.69445192e+00,-4.79930398e+02,1.34203999e+07,2.51631778e+03,1.18501922e-01,5.59340604e-07,6.00009375e-01,2.81488143e-01
1.04104104e+01,6.69453285e+00,-4.79950477e+02,1.34206145e+07,2.51632758e+03,1.18501922e-01,5.59317577e-07,6.00009375e-01,2.81488143e-01
1.05105105e+01,6.69427440e+00,-4.79886118e+02,1.34198910e+07,2.51628907e+03,1.18501922e-01,5.59294680e-07,6.00009375e-01,2.81488144e-01
1.06106106e+01,6.69316951e+00,-4.79611456e+02,1.34168249e+07,2.51612944e+03,1.18501922e-01,5.59271908e-07,6.00009375e-01,2.81488144e-01
1.07107107e+01,6.69068230e+00,-4.78993189e+02,1.34099348e+07,2.51577219e+03,1.18501922e-01,5.59249249e-07,6.00009375e-01,2.81488144e-01
1.08108108e+01,6.68634930e+00,-4.77915859e+02,1.33979415e+07,2.51515103e+03,1.18501922e-01,5.59226684e-07,6.00009375e-01,2.81488144e-01
1.09109109e+01,6.67981087e+00,-4.76289230e+02,1.33798547e+07,2.51421425e+03,1.18501922e-01,5.59204184e-07,6.00009375e-01,2.81488144e-01
1.10110110e+01,6.67083599e+00,-4.74054454e+02,1.33550430e+07,2.51292820e+03,1.18501922e-01,5.59181720e-07,6.00009375e-01,2.81488144e-01
1.11111111e+01,6.65933189e+00,-4.71186403e+02,1.33232606e+07,2.51127871e+03,1.18501922e-01,5.59159252e-07,6.00009375e-01,2.81488144e-01
1.12112112e+01,6.64533940e+00,-4.67692582e+02,1.32846336e+07,2.50927042e+03,1.18501922e-01,5.59136740e-07,6.00009375e-01,2.81488144e-01
1.13113113e+01,6.62901208e+00,-4.63608187e+02,1.32396014e+07,2.50692392e+03,1.18501922e-01,5.59114138e-07,6.00009375e-01,2.81488144e-01
1.14114114e+01,6.61058118e+00,-4.58987667e+02,1.31888183e+07,2.50427083e+03,1.18501922e-01,5.59091398e-07,6.00009375e-01,2.81488144e-01
1.15115115e+01,6.59031771e+00,-4.53895405e+02,1.31330460e+07,2.50134828e+03,1.18501922e-01,5.59068470e-07,6.00009375e-01,2.81488144e-01
1.16116116e+01,6.56848953e+00,-4.48393509e+02,1.30730167e+07,2.49818937e+03,1.18501922e-01,5.59045303e-07,6.00009375e-01,2.81488144e-01
1.17117117e+01,6.54568959e+00,-4.42628595e+02,1.30103795e+07,2.49487971e+03,1.18501922e-01,5.59021846e-07,6.00009375e-01,2.81488144e-01
1.18118118e+01,6.52321284e+00,-4.36931116e+02,1.29487348e+07,2.49161445e+03,1.18501922e-01,5.58998042e-07,6.00009375e-01,2.81488144e-01
1.19119119e+01,6.50117688e+00,-4.31332238e+02,1.28883909e+07,2.48840904e+03,1.18501922e-01,5.58973841e-07,6.00009375e-01,2.81488144e-01
1.20120120e+01,6.47953151e+00,-4.25817428e+02,1.28291908e+07,2.48525359e+03,1.18501922e-01,5.58949194e-07,6.00009375e-01,2.81488144e-01
1.21121121e+01,6.45823047e+00,-4.20375655e+02,1.27710055e+07,2.48214190e+03,1.18501922e-01,5.58924059e-07,6.00009375e-01,2.81488144e-01
1.22122122e+01,6.43723776e+00,-4.14998366e+02,1.27137333e+07,2.47906893e+03,1.18501922e-01,5.58898400e-07,6.00009375e-01,2.81488144e-01
1.23123123e+01,6.41652534e+00,-4.09678983e+02,1.26572950e+07,2.47603080e+03,1.18501922e-01,5.58872189e-07,6.00009375e-01,2.81488144e-01
1.24124124e+01,6.39607206e+00,-4.04412472e+02,1.26016303e+07,2.47302463e+03,1.18501922e-01,5.58845405e-07,6.00009375e-01,2.81488144e-01
1.25125125e+01,6.37586245e+00,-3.99195137e+02,1.25466949e+07,2.47004833e+03,1.18501922e-01,5.58818036e-07,6.00009375e-01,2.81488144e-01
1.26126126e+01,6.35588514e+00,-3.94024652e+02,1.24924556e+07,2.46710041e+03,1.18501922e-01,5.58790079e-07,6.00009375e-01,2.81488144e-01
1.27127127e+01,6.33613340e+00,-3.88899676e+02,1.24388920e+07,2.46418006e+03,1.18501922e-01,5.58761542e-07,6.00009375e-01,2.81488144e-01
1.28128128e+01,6.31660481e+00,-3.83819742e+02,1.23859958e+07,2.46128710e+03,1.18501922e-01,5.58732441e-07,6.00009375e-01,2.81488144e-01
1.29129129e+01,6.29730017e+00,-3.78785456e+02,1.23337670e+07,2.45842179e+03,1.18501922e-01,5.58702802e-07,6.00009375e-01,2.81488144e-01
1.30130130e+01,6.27822363e+00,-3.73798404e+02,1.22822148e+07,2.45558494e+03,1.18501922e-01,5.58672659e-07,6.00009375e-01,2.81488144e-01
1.31131131e+01,6.25938314e+00,-3.68861036e+02,1.22313587e+07,2.45277788e+03,1.18501922e-01,5.58642056e-07,6.00009375e-01,2.81488144e-01
1.32132132e+01,6.24079031e+00,-3.63976721e+02,1.21812279e+07,2.45000252e+03,1.18501922e-01,5.58611042e-07,6.00009375e-01,2.81488144e-01
1.33133133e+01,6.22246042e+00,-3.59149805e+02,1.21318613e+07,2.44726133e+03,1.18501922e-01,5.58579671e-07,6.00009375e-01,2.81488144e-01
1.34134134e+01,6.20441172e+00,-3.54385853e+02,1.20833059e+07,2.44455725e+03,1.18501922e-01,5.58548000e-07,6.00009375e-01,2.81488144e-01
1.35135135e+01,6.18666741e+00,-3.49691187e+02,1.20356214e+07,2.44189398e+03,1.18501922e-01,5.58516090e-07,6.00009375e-01,2.81488144e-01
1.36136136e+01,6.16925370e+00,-3.45073430e+02,1.19888759e+07,2.43927568e+03,1.18501922e-01,5.58483999e-07,6.00009375e-01,2.81488144e-01
1.37137137e+01,6.15220142e+00,-3.40541108e+02,1.19431490e+07,2.43670727e+03,1.18501922e-01,5.58451783e-07,6.00009375e-01,2.81488144e-01
1.38138138e+01,6.13554375e+00,-3.36104182e+02,1.18985268e+07,2.43419401e+03,1.18501922e-01,5.58419493e-07,6.00009375e-01,2.81488145e-01
1.39139139e+01,6.11931941e+00,-3.31773094e+02,1.18551096e+07,2.43174205e+03,1.18501922e-01,5.58387171e-07,6.00009375e-01,2.81488145e-01
1.40140140e+01,6.10356864e+00,-3.27559613e+02,1.18130015e+07,2.42935778e+03,1.18501922e-01,5.58354851e-07,6.00009375e-01,2.81488145e-01
1.41141141e+01,6.08833491e+00,-3.23476052e+02,1.17723149e+07,2.42704814e+03,1.18501922e-01,5.58322556e-07,6.00009375e-01,2.81488145e-01
1.42142142e+01,6.07366289e+00,-3.19535372e+02,1.17331650e+07,2.42482025e+03,1.18501922e-01,5.58290295e-07,6.00009375e-01,2.81488145e-01
1.43143143e+01,6.05959832e+00,-3.15750646e+02,1.16956697e+07,2.42268143e+03,1.18501922e-01,5.58258061e-07,6.00009375e-01,2.81488145e-01
1.44144144e+01,6.04618639e+00,-3.12134791e+02,1.16599448e+07,2.42063894e+03,1.18501922e-01,5.58225836e-07,6.00009375e-01,2.81488145e-01
1.45145145e+01,6.03346954e+00,-3.08700369e+02,1.16260989e+07,2.41869966e+03,1.18501922e-01,5.58193584e-07,6.00009375e-01,2.81488145e-01
1.46146146e+01,6.02148648e+00,-3.05458992e+02,1.15942305e+07,2.41686987e+03,1.18501922e-01,5.58161254e-07,6.00009375e-01,2.81488145e-01
1.47147147e+01,6.01027178e+00,-3.02420527e+02,1.15644268e+07,2.41515525e+03,1.18501922e-01,5.58128783e-07,6.00009375e-01,2.81488145e-01
1.48148148e+01,5.99985191e+00,-2.99593298e+02,1.15367538e+07,2.41356025e+03,1.18501922e-01,5.58096094e-07,6.00009375e-01,2.81488145e-01
1.49149149e+01,5.99024511e+00,-2.96983352e+02,1.15112555e+07,2.41208803e+03,1.18501922e-01,5.58063100e-07,6.00009375e-01,2.81488145e-01
1.50150150e+01,5.98146095e+00,-2.94593922e+02,1.14879534e+07,2.41074041e+03,1.18501922e-01,5.58029707e-07,6.00009375e-01,2.81488145e-01
1.51151151e+01,5.97349864e+00,-2.92425477e+02,1.14668417e+07,2.40951760e+03,1.18501922e-01,5.57995815e-07,6.00009375e-01,2.81488145e-01
1.52152152e+01,5.96634629e+00,-2.90475707e+02,1.14478855e+07,2.40841806e+03,1.18501922e-01,5.57961326e-07,6.00009375e-01,2.81488145e-01
1.53153153e+01,5.95998223e+00,-2.88739260e+02,1.14310245e+07,2.40743875e+03,1.18501922e-01,5.57926141e-07,6.00009375e-01,2.81488145e-01
1.54154154e+01,5.95437513e+00,-2.87208040e+02,1.14161732e+07,2.40657505e+03,1.18501922e-01,5.57890173e-07,6.00009375e-01,2.81488145e-01
1.55155155e+01,5.94948474e+00,-2.85871573e+02,1.14032228e+07,2.40582098e+03,1.18501922e-01,5.57853344e-07,6.00009375e-01,2.81488145e-01
1.56156156e+01,5.94526367e+00,-2.84717298e+02,1.13920462e+07,2.40516940e+03,1.18501922e-01,5.57815594e-07,6.00009375e-01,2.81488145e-01
1.57157157e+01,5.94165907e+00,-2.83731012e+02,1.13825020e+07,2.40461228e+03,1.18501922e-01,5.57776883e-07,6.00009375e-01,2.81488145e-01
1.58158158e+01,5.93861403e+00,-2.82897446e+02,1.13744386e+07,2.40414095e+03,1.18501922e-01,5.57737197e-07,6.00009375e-01,2.81488145e-01
1.59159159e+01,5.93606975e+00,-2.82200652e+02,1.13676997e+07,2.40374643e+03,1.18501922e-01,5.57696548e-07,6.00009375e-01,2.81488145e-01
1.60160160e+01,5.93396710e+00,-2.81624490e+02,1.13621283e+07,2.40341965e+03,1.18501922e-01,5.57654983e-07,6.00009375e-01,2.81488145e-01
1.61161161e+01,5.93224771e+00,-2.81153130e+02,1.13575695e+07,2.40315165e+03,1.18501922e-01,5.57612577e-07,6.00009375e-01,2.81488145e-01
1.62162162e+01,5.93085549e+00,-2.80771328e+02,1.13538748e+07,2.40293383e+03,1.18501922e-01,5.57569438e-07,6.00009375e-01,2.81488145e-01
1.63163163e+01,5.92973785e+00,-2.80464623e+02,1.13509052e+07,2.40275813e+03,1.18501922e-01,5.57525707e-07,6.00009375e-01,2.81488146e-01
1.64164164e+01,5.92884590e+00,-2.80219691e+02,1.13485314e+07,2.40261705e+03,1.18501922e-01,5.57481548e-07,6.00009375e-01,2.81488146e-01
1.65165165e+01,5.92813513e+00,-2.80024419e+02,1.13466360e+07,2.40250379e+03,1.18501922e-01,5.57437150e-07,6.00009375e-01,2.81488146e-01
1.66166166e+01,5.92756592e+00,-2.79867953e+02,1.13451145e+07,2.40241230e+03,1.18501922e-01,5.57392717e-07,6.00009375e-01,2.81488146e-01
1.67167167e+01,5.92710343e+00,-2.79740800e+02,1.13438750e+07,2.40233727e+03,1.18501922e-01,5.57348464e-07,6.00009375e-01,2.81488146e-01
1.68168168e+01,5.92671798e+00,-2.79634767e+02,1.13428393e+07,2.40227417e+03,1.18501922e-01,5.57304606e-07,6.00009375e-01,2.81488146e-01
1.69169169e+01,5.92638460e+00,-2.79543069e+02,1.13419417e+07,2.40221920e+03,1.18501922e-01,5.57261354e-07,6.00009375e-01,2.81488146e-01
1.70170170e+01,5.92608310e+00,-2.79460289e+02,1.13411290e+07,2.40216926e+03,1.18501922e-01,5.57218904e-07,6.00009375e-01,2.81488146e-01
1.71171171e+01,5.92579845e+00,-2.79382227e+02,1.13403614e+07,2.40212206e+03,1.18501922e-01,5.57177437e-07,6.00009375e-01,2.81488146e-01
1.72172172e+01,5.92552043e+00,-2.79305980e+02,1.13396120e+07,2.40207602e+03,1.18501922e-01,5.57137111e-07,6.00009375e-01,2.81488146e-01
1.73173173e+01,5.92524324e+00,-2.79230026e+02,1.13388653e+07,2.40203022e+03,1.18501922e-01,5.57098059e-07,6.00009375e-01,2.81488146e-01
1.74174174e+01,5.92496118e+00,-2.79152803e+02,1.13381061e+07,2.40198374e+03,1.18501922e-01,5.57060391e-07,6.00009375e-01,2.81488146e-01
1.75175175e+01,5.92466002e+00,-2.79070408e+02,1.13372970e+07,2.40193440e+03,1.18501922e-01,5.57024195e-07,6.00009375e-01,2.81488146e-01
1.76176176e+01,5.92431634e+00,-2.78976377e+02,1.13363759e+07,2.40187859e+03,1.18501922e-01,5.56989535e-07,6.00009375e-01,2.81488146e-01
1.77177177e+01,5.92389750e+00,-2.78861735e+02,1.13352567e+07,2.40181127e+03,1.18501922e-01,5.56956461e-07,6.00009375e-01,2.81488146e-01
1.78178178e+01,5.92336184e+00,-2.78715049e+02,1.13338295e+07,2.40172603e+03,1.18501922e-01,5.56925006e-07,6.00009375e-01,2.81488146e-01
1.79179179e+01,5.92265893e+00,-2.78522482e+02,1.13319611e+07,2.40161510e+03,1.18501922e-01,5.56895190e-07,6.00009375e-01,2.81488146e-01
1.80180180e+01,5.92172982e+00,-2.78267867e+02,1.13294961e+07,2.40146941e+03,1.18501922e-01,5.56867022e-07,6.00009375e-01,2.81488146e-01
1.81181181e+01,5.92050757e+00,-2.77932827e+02,1.13262578e+07,2.40127863e+03,1.18501922e-01,5.56840497e-07,6.00009375e-01,2.81488146e-01
1.82182182e+01,5.91891796e+00,-2.77496955e+02,1.13220507e+07,2.40103134e+03,1.18501922e-01,5.56815594e-07,6.00009375e-01,2.81488146e-01
1.83183183e+01,5.91688053e+00,-2.76938104e+02,1.13166627e+07,2.40071510e+03,1.18501922e-01,5.56792271e-07,6.00009375e-01,2.81488146e-01
1.84184184e+01,5.91431018e+00,-2.76232811e+02,1.13098697e+07,2.40031676e+03,1.18501922e-01,5.56770464e-07,6.00009375e-01,2.81488146e-01
1.85185185e+01,5.91111941e+00,-2.75356887e+02,1.13014416e+07,2.39982276e+03,1.18501922e-01,5.56750078e-07,6.00009375e-01,2.81488146e-01
1.86186186e+01,5.90722120e+00,-2.74286195e+02,1.12911499e+07,2.39921956e+03,1.18501922e-01,5.56730982e-07,6.00009375e-01,2.81488146e-01
1.87187187e+01,5.90253259e+00,-2.72997597e+02,1.12787771e+07,2.39849422e+03,1.18501922e-01,5.56713011e-07,6.00009375e-01,2.81488146e-01
1.88188188e+01,5.89697861e+00,-2.71470030e+02,1.12641275e+07,2.39763495e+03,1.18501922e-01,5.56695957e-07,6.00009375e-01,2.81488146e-01
1.89189189e+01,5.89049647e+00,-2.69685636e+02,1.12470380e+07,2.39663180e+03,1.18501922e-01,5.56679576e-07,6.00009375e-01,2.81488146e-01
1.90190190e+01,5.88303946e+00,-2.67630825e+02,1.12273885e+07,2.39547720e+03,1.18501922e-01,5.56663591e-07,6.00009375e-01,2.81488146e-01
1.91191191e+01,5.87458006e+00,-2.65297150e+02,1.12051101e+07,2.39416653e+03,1.18501922e-01,5.56647693e-07,6.00009375e-01,2.81488147e-01
1.92192192e+01,5.86511197e+00,-2.62681878e+02,1.11801904e+07,2.39269833e+03,1.18501922e-01,5.56631555e-07,6.00009375e-01,2.81488147e-01
1.93193193e+01,5.85465066e+00,-2.59788173e+02,1.11526749e+07,2.39107451e+03,1.18501922e-01,5.56614838e-07,6.00009375e-01,2.81488147e-01
1.94194194e+01,5.84323237e+00,-2.56624850e+02,1.11226637e+07,2.38930012e+03,1.18501922e-01,5.56597208e-07,6.00009375e-01,2.81488147e-01
1.95195195e+01,5.83091154e+00,-2.53205738e+02,1.10903053e+07,2.38738304e+03,1.18501922e-01,5.56578342e-07,6.00009375e-01,2.81488147e-01
1.96196196e+01,5.81775712e+00,-2.49548699e+02,1.10557860e+07,2.38533340e+03,1.18501922e-01,5.56557946e-07,6.00009375e-01,2.81488147e-01
1.97197197e+01,5.80384813e+00,-2.45674435e+02,1.10193181e+07,2.38316293e+03,1.18501922e-01,5.56535766e-07,6.00009375e-01,2.81488147e-01
1.98198198e+01,5.78926883e+00,-2.41605219e+02,1.09811275e+07,2.38088419e+03,1.18501922e-01,5.56511601e-07,6.00009375e-01,2.81488147e-01
1.99199199e+01,5.77410429e+00,-2.37363653e+02,1.09414415e+07,2.37850995e+03,1.18501922e-01,5.56485312e-07,6.00009375e-01,2.81488147e-01
2.00200200e+01,5.75843632e+00,-2.32971594e+02,1.09004783e+07,2.37605254e+03,1.18501922e-01,5.56456832e-07,6.00009375e-01,2.81488147e-01
2.01201201e+01,5.74234039e+00,-2.28449272e+02,1.08584389e+07,2.37352336e+03,1.18501922e-01,5.56426172e-07,6.00009375e-01,2.81488147e-01
2.02202202e+01,5.72588334e+00,-2.23814652e+02,1.08155009e+07,2.37093254e+03,1.18501922e-01,5.56393422e-07,6.00009375e-01,2.81488147e-01
2.03203203e+01,5.70912189e+00,-2.19082999e+02,1.07718154e+07,2.36828870e+03,1.18501922e-01,5.56358755e-07,6.00009375e-01,2.81488147e-01
2.04204204e+01,5.69210177e+00,-2.14266611e+02,1.07275041e+07,2.36559878e+03,1.18501922e-01,5.56322418e-07,6.00009375e-01,2.81488147e-01
2.05205205e+01,5.67485726e+00,-2.09374635e+02,1.06826584e+07,2.36286796e+03,1.18501922e-01,5.56284729e-07,6.00009375e-01,2.81488147e-01
2.06206206e+01,5.65741110e+00,-2.04412859e+02,1.06373380e+07,2.36009930e+03,1.18501922e-01,5.56246062e-07,6.00009375e-01,2.81488147e-01
2.07207207e+01,5.63978141e+00,-1.99384044e+02,1.05915745e+07,2.35729160e+03,1.18501922e-01,5.56206834e-07,6.00009375e-01,2.81488147e-01
2.08208208e+01,5.62207137e+00,-1.94317814e+02,1.05456539e+07,2.35446486e+03,1.18501922e-01,5.56167488e-07,6.00009375e-01,2.81488147e-01
2.09209209e+01,5.60437060e+00,-1.89244262e+02,1.04998289e+07,2.35163779e+03,1.18501922e-01,5.56128471e-07,6.00009375e-01,2.81488147e-01
2.10210210e+01,5.58669060e+00,-1.84164599e+02,1.04541191e+07,2.34880995e+03,1.18501922e-01,5.56090217e-07,6.00009375e-01,2.81488147e-01
2.11211211e+01,5.56903788e+00,-1.79079879e+02,1.04085352e+07,2.34598103e+03,1.18501922e-01,5.56053128e-07,6.00009375e-01,2.81488147e-01
2.12212212e+01,5.55141543e+00,-1.73990977e+02,1.03630852e+07,2.34315163e+03,1.18501922e-01,5.56017552e-07,6.00009375e-01,2.81488147e-01
2.13213213e+01,5.53382562e+00,-1.68898601e+02,1.03177753e+07,2.34032218e+03,1.18501922e-01,5.55983770e-07,6.00009375e-01,2.81488147e-01
2.14214214e+01,5.51627031e+00,-1.63803310e+02,1.02726102e+07,2.33749302e+03,1.18501922e-01,5.55951982e-07,6.00009375e-01,2.81488147e-01
2.15215215e+01,5.49875099e+00,-1.58705555e+02,1.02275937e+07,2.33466443e+03,1.18501922e-01,5.55922297e-07,6.00009375e-01,2.81488147e-01
2.16216216e+01,5.48126888e+00,-1.53605703e+02,1.01827286e+07,2.33183661e+03,1.18501922e-01,5.55894731e-07,6.00009375e-01,2.81488147e-01
2.17217217e+01,5.46382494e+00,-1.48504046e+02,1.01380173e+07,2.32900974e+03,1.18501922e-01,5.55869205e-07,6.00009375e-01,2.81488147e-01
2.18218218e+01,5.44642001e+00,-1.43400820e+02,1.00934615e+07,2.32618395e+03,1.18501922e-01,5.55845549e-07,6.00009375e-01,2.81488147e-01
2.19219219e+01,5.42905470e+00,-1.38296246e+02,1.00490625e+07,2.32335933e+03,1.18501922e-01,5.55823513e-07,6.00009375e-01,2.81488147e-01
2.20220220e+01,5.41172965e+00,-1.33190473e+02,1.00048215e+07,2.32053597e+03,1.18501922e-01,5.55802778e-07,6.00009375e-01,2.81488147e-01
2.21221221e+01,5.39444528e+00,-1.28083677e+02,9.96073903e+06,2.31771389e+03,1.18501922e-01,5.55782970e-07,6.00009375e-01,2.81488147e-01
2.22222222e+01,5.37720212e+00,-1.22975955e+02,9.91681611e+06,2.31489317e+03,1.18501922e-01,5.55763682e-07,6.00009375e-01,2.81488147e-01
2.23223223e+01,5.36000052e+00,-1.17867436e+02,9.87305306e+06,2.31207380e+03,1.18501922e-01,5.55744485e-07,6.00009375e-01,2.81488148e-01
2.24224224e+01,5.34284085e+00,-1.12758216e+02,9.82945026e+06,2.30925581e+03,1.18501922e-01,5.55724955e-07,6.00009375e-01,2.81488148e-01
2.25225225e+01,5.32572352e+00,-1.07648358e+02,9.78600822e+06,2.30643921e+03,1.18501922e-01,5.55704686e-07,6.00009375e-01,2.81488148e-01
2.26226226e+01,5.30864869e+00,-1.02537981e+02,9.74272674e+06,2.30362398e+03,1.18501922e-01,5.55683309e-07,6.00009375e-01,2.81488148e-01
2.27227227e+01,5.29161677e+00,-9.74271041e+01,9.69960631e+06,2.30081011e+03,1.18501922e-01,5.55660510e-07,6.00009375e-01,2.81488148e-01
2.28228228e+01,5.27462790e+00,-9.23158076e+01,9.65664672e+06,2.29799760e+03,1.18501922e-01,5.55636042e-07,6.00009375e-01,2.81488148e-01
2.29229229e+01,5.25768223e+00,-8.72041486e+01,9.61384778e+06,2.29518640e+03,1.18501922e-01,5.55609736e-07,6.00009375e-01,2.81488148e-01
2.30230230e+01,5.24078003e+00,-8.20921219e+01,9.57120965e+06,2.29237652e+03,1.18501922e-01,5.55581507e-07,6.00009375e-01,2.81488148e-01
2.31231231e+01,5.22392125e+00,-7.69797889e+01,9.52873176e+06,2.28956794e+03,1.18501922e-01,5.55551364e-07,6.00009375e-01,2.81488148e-01
2.32232232e+01,5.20710595e+00,-7.18671517e+01,9.48641385e+06,2.28676063e+03,1.18501922e-01,5.55519408e-07,6.00009375e-01,2.81488148e-01
2.33233233e+01,5.19033418e+00,-6.67541841e+01,9.44425577e+06,2.28395463e+03,1.18501922e-01,5.55485830e-07,6.00009375e-01,2.81488148e-01
2.34234234e+01,5.17360575e+00,-6.16409169e+01,9.40225671e+06,2.28114992e+03,1.18501922e-01,5.55450909e-07,6.00009375e-01,2.81488148e-01
2.35235235e+01,5.15692058e+00,-5.65273098e+01,9.36041636e+06,2.27834652e+03,1.18501922e-01,5.55415002e-07,6.00009375e-01,2.81488148e-01
2.36236236e+01,5.14027844e+00,-5.14133544e+01,9.31873403e+06,2.27554447e+03,1.18501922e-01,5.55378532e-07,6.00009375e-01,2.81488148e-01
2.37237237e+01,5.12367927e+00,-4.62989727e+01,9.27720954e+06,2.27274381e+03,1.18501922e-01,5.55341976e-07,6.00009375e-01,2.81488148e-01
2.38238238e+01,5.10712216e+00,-4.11843423e+01,9.23584060e+06,2.26994449e+03,1.18501922e-01,5.55305850e-07,6.00009375e-01,2.81488148e-01
2.39239239e+01,5.09060832e+00,-3.60689754e+01,9.19463030e+06,2.26714680e+03,1.18501922e-01,5.55270688e-07,6.00009375e-01,2.81488148e-01
2.40240240e+01,5.07413464e+00,-3.09537339e+01,9.15357090e+06,2.26435032e+03,1.18501922e-01,5.55237026e-07,6.00009375e-01,2.81488148e-01
2.41241241e+01,5.05770570e+00,-2.58370849e+01,9.11267394e+06,2.26155592e+03,1.18501922e-01,5.55205381e-07,6.00009375e-01,2.81488148e-01
2.42242242e+01,5.04131286e+00,-2.07216083e+01,9.07191809e+06,2.25876227e+03,1.18501922e-01,5.55176235e-07,6.00009375e-01,2.81488148e-01
2.43243243e+01,5.02496982e+00,-1.56029785e+01,9.03133721e+06,2.25597174e+03,1.18501922e-01,5.55150011e-07,6.00009375e-01,2.81488148e-01
2.44244244e+01,5.00865444e+00,-1.04881200e+01,8.99087576e+06,2.25318048e+03,1.18501922e-01,5.55127063e-07,6.00009375e-01,2.81488148e-01
2.45245245e+01,4.99240006e+00,-5.36639093e+00,8.95061740e+06,2.25039455e+03,1.18501922e-01,5.55107656e-07,6.00009375e-01,2.81488148e-01
2.46246246e+01,4.97615495e+00,-2.53441638e-01,8.91043831e+06,2.24760622e+03,1.18501922e-01,5.55091954e-07,6.00009375e-01,2.81488148e-01
2.47247247e+01,4.95999091e+00,4.87282520e+00,8.87051150e+06,2.24482679e+03,1.18501922e-01,5.55080005e-07,6.00009375e-01,2.81488148e-01
2.48248248e+01,4.94380914e+00,9.98258853e+00,8.83060330e+06,2.24204195e+03,1.18501922e-01,5.55071800e-07,6.00009375e-01,2.81488148e-01
2.49249249e+01,4.92774182e+00,1.51140200e+01,8.79101088e+06,2.23926724e+03,1.18501922e-01,5.55067175e-07,6.00009375e-01,2.81488148e-01
2.50250250e+01,4.91163389e+00,2.02213780e+01,8.75137732e+06,2.23648235e+03,1.18501922e-01,5.55065842e-07,6.00009375e-01,2.81488148e-01
2.51251251e+01,4.89565086e+00,2.53554165e+01,8.71209371e+06,2.23371188e+03,1.18501922e-01,5.55067403e-07,6.00009375e-01,2.81488148e-01
2.52252252e+01,4.87963074e+00,3.04651112e+01,8.67276291e+06,2.23092808e+03,1.18501922e-01,5.55071361e-07,6.00009375e-01,2.81488148e-01
2.53253253e+01,4.86371901e+00,3.55978912e+01,8.63375607e+06,2.22815989e+03,1.18501922e-01,5.55077127e-07,6.00009375e-01,2.81488148e-01
2.54254254e+01,4.84779441e+00,4.07124001e+01,8.59475516e+06,2.22538097e+03,1.18501922e-01,5.55084043e-07,6.00009375e-01,2.81488148e-01
2.55255255e+01,4.83194134e+00,4.58395272e+01,8.55599687e+06,2.22261386e+03,1.18501922e-01,5.55091390e-07,6.00009375e-01,2.81488148e-01
2.56256256e+01,4.81612015e+00,5.09637516e+01,8.51736264e+06,2.21984617e+03,1.18501922e-01,5.55098418e-07,6.00009375e-01,2.81488148e-01
2.57257257e+01,4.80031097e+00,5.60808237e+01,8.47882035e+06,2.21707873e+03,1.18501922e-01,5.55104353e-07,6.00009375e-01,2.81488148e-01
2.58258258e+01,4.78460274e+00,6.12161174e+01,8.44055875e+06,2.21431992e+03,1.18501922e-01,5.55108430e-07,6.00009375e-01,2.81488148e-01
2.59259259e+01,4.76885676e+00,6.63274292e+01,8.40225502e+06,2.21154935e+03,1.18501922e-01,5.55109902e-07,6.00009375e-01,2.81488148e-01
2.60260260e+01,4.75323407e+00,7.14651076e+01,8.36428516e+06,2.20879130e+03,1.18501922e-01,5.55108069e-07,6.00009375e-01,2.81488148e-01
2.61261261e+01,4.73759630e+00,7.65843678e+01,8.32631479e+06,2.20602195e+03,1.18501922e-01,5.55102290e-07,6.00009375e-01,2.81488148e-01
2.62262262e+01,4.72200926e+00,8.17114872e+01,8.28854385e+06,2.20326360e+03,1.18501922e-01,5.55092002e-07,6.00009375e-01,2.81488148e-01
2.63263263e+01,4.70648678e+00,8.68462361e+01,8.25096900e+06,2.20050909e+03,1.18501922e-01,5.55076734e-07,6.00009375e-01,2.81488148e-01
2.64264264e+01,4.69094056e+00,9.19620035e+01,8.21339038e+06,2.19774646e+03,1.18501922e-01,5.55056126e-07,6.00009375e-01,2.81488148e-01
2.65265265e+01,4.67552167e+00,9.71044088e+01,8.17613763e+06,2.19499317e+03,1.18501922e-01,5.55029927e-07,6.00009375e-01,2.81488148e-01
2.66266266e+01,4.66007867e+00,1.02226690e+02,8.13886469e+06,2.19222756e+03,1.18501922e-01,5.54998016e-07,6.00009375e-01,2.81488148e-01
2.67267267e+01,4.64468975e+00,1.07358400e+02,8.10179831e+06,2.18947390e+03,1.18501922e-01,5.54960397e-07,6.00009375e-01,2.81488148e-01
2.68268268e+01,4.62936820e+00,1.12498400e+02,8.06492828e+06,2.18672334e+03,1.18501922e-01,5.54917209e-07,6.00009375e-01,2.81488148e-01
2.69269269e+01,4.61401878e+00,1.17618031e+02,8.02804177e+06,2.18396322e+03,1.18501922e-01,5.54868715e-07,6.00009375e-01,2.81488149e-01
2.70270270e+01,4.59879274e+00,1.22764375e+02,7.99147427e+06,2.18121323e+03,1.18501921e-01,5.54815313e-07,6.00009375e-01,2.81488149e-01
2.71271271e+01,4.58355424e+00,1.27894621e+02,7.95491782e+06,2.17845392e+03,1.18501921e-01,5.54757508e-07,6.00009375e-01,2.81488149e-01
2.72272272e+01,4.56834230e+00,1.33025948e+02,7.91850493e+06,2.17570299e+03,1.18501921e-01,5.54695927e-07,6.00009375e-01,2.81488149e-01
2.73273273e+01,4.55323064e+00,1.38174668e+02,7.88235128e+06,2.17295729e+03,1.18501921e-01,5.54631277e-07,6.00009375e-01,2.81488149e-01
2.74274274e+01,4.53808093e+00,1.43299704e+02,7.84614676e+06,2.17019743e+03,1.18501921e-01,5.54564359e-07,6.00009375e-01,2.81488149e-01
2.75275275e+01,4.52302487e+00,1.48445659e+02,7.81021909e+06,2.16745104e+03,1.18501921e-01,5.54496026e-07,6.00009375e-01,2.81488149e-01
2.76276276e+01,4.50799992e+00,1.53589510e+02,7.77440804e+06,2.16470383e+03,1.18501921e-01,5.54427178e-07,6.00009375e-01,2.81488149e-01
2.77277277e+01,4.49295816e+00,1.58718003e+02,7.73862048e+06,2.16195290e+03,1.18501921e-01,5.54358732e-07,6.00009375e-01,2.81488149e-01
2.78278278e+01,4.47803984e+00,1.63873209e+02,7.70314102e+06,2.15921033e+03,1.18501921e-01,5.54291615e-07,6.00009375e-01,2.81488149e-01
2.79279279e+01,4.46310266e+00,1.69011704e+02,7.66766126e+06,2.15645846e+03,1.18501921e-01,5.54226721e-07,6.00009375e-01,2.81488149e-01
2.80280280e+01,4.44818676e+00,1.74150335e+02,7.63231498e+06,2.15371546e+03,1.18501921e-01,5.54164916e-07,6.00009375e-01,2.81488149e-01
2.81281281e+01,4.43337787e+00,1.79308758e+02,7.59723641e+06,2.15097789e+03,1.18501921e-01,5.54107002e-07,6.00009375e-01,2.81488149e-01
2.82282282e+01,4.41852987e+00,1.84445037e+02,7.56210827e+06,2.14822690e+03,1.18501921e-01,5.54053707e-07,6.00009375e-01,2.81488149e-01
2.83283283e+01,4.40374706e+00,1.89595358e+02,7.52720447e+06,2.14548954e+03,1.18501921e-01,5.54005678e-07,6.00009375e-01,2.81488149e-01
2.84284284e+01,4.38903115e+00,1.94754558e+02,7.49248749e+06,2.14275451e+03,1.18501921e-01,5.53963460e-07,6.00009375e-01,2.81488150e-01
2.85285285e+01,4.37427819e+00,1.99891696e+02,7.45773335e+06,2.14000854e+03,1.18501921e-01,5.53927496e-07,6.00009375e-01,2.81488150e-01
2.86286286e+01,4.35962386e+00,2.05053232e+02,7.42325770e+06,2.13727581e+03,1.18501921e-01,5.53898125e-07,6.00009375e-01,2.81488150e-01
2.87287287e+01,4.34499415e+00,2.10211820e+02,7.38888161e+06,2.13454132e+03,1.18501921e-01,5.53875574e-07,6.00009375e-01,2.81488150e-01
2.88288288e+01,4.33034264e+00,2.15354292e+02,7.35452048e+06,2.13180342e+03,1.18501921e-01,5.53859971e-07,6.00009375e-01,2.81488150e-01
2.89289289e+01,4.31580928e+00,2.20523712e+02,7.32045731e+06,2.12907531e+03,1.18501921e-01,5.53851342e-07,6.00009375e-01,2.81488150e-01
2.90290290e+01,4.30127200e+00,2.25680321e+02,7.28643072e+06,2.12634137e+03,1.18501921e-01,5.53849621e-07,6.00009375e-01,2.81488150e-01
2.91291291e+01,4.28673425e+00,2.30827738e+02,7.25248353e+06,2.12361236e+03,1.18501921e-01,5.53854661e-07,6.00009375e-01,2.81488150e-01
2.92292292e+01,4.27231629e+00,2.36000674e+02,7.21882866e+06,2.12089120e+03,1.18501921e-01,5.53866241e-07,6.00009375e-01,2.81488150e-01
2.93293293e+01,4.25786608e+00,2.41156139e+02,7.18513748e+06,2.11815696e+03,1.18501921e-01,5.53884083e-07,6.00009375e-01,2.81488150e-01
2.94294294e+01,4.24345914e+00,2.46319769e+02,7.15161565e+06,2.11543261e+03,1.18501921e-01,5.53907854e-07,6.00009375e-01,2.81488150e-01
2.95295295e+01,4.22910614e+00,2.51491165e+02,7.11825148e+06,2.11270955e+03,1.18501921e-01,5.53937185e-07,6.00009375e-01,2.81488150e-01
2.96296296e+01,4.21476679e+00,2.56658435e+02,7.08496910e+06,2.10998547e+03,1.18501921e-01,5.53971679e-07,6.00009375e-01,2.81488150e-01
2.97297297e+01,4.20045415e+00,2.61825293e+02,7.05179190e+06,2.10726083e+03,1.18501921e-01,5.54010917e-07,6.00009375e-01,2.81488149e-01
2.98298298e+01,4.18620176e+00,2.67003717e+02,7.01879761e+06,2.10454210e+03,1.18501921e-01,5.54054475e-07,6.00009375e-01,2.81488149e-01
2.99299299e+01,4.17196439e+00,2.72177302e+02,6.98588484e+06,2.10182176e+03,1.18501921e-01,5.54101919e-07,6.00009375e-01,2.81488149e-01
3.00300300e+01,4.15774151e+00,2.77345583e+02,6.95305724e+06,2.09910118e+03,1.18501921e-01,5.54152826e-07,6.00009375e-01,2.81488149e-01
3.01301301e+01,4.14361590e+00,2.82534559e+02,6.92048481e+06,2.09639002e+03,1.18501921e-01,5.54206771e-07,6.00009375e-01,2.81488149e-01
3.02302302e+01,4.12945969e+00,2.87703084e+02,6.88787733e+06,2.09366516e+03,1.18501921e-01,5.54263351e-07,6.00009375e-01,2.81488149e-01
3.03303303e+01,4.11536629e+00,2.92885503e+02,6.85547655e+06,2.09095270e+03,1.18501921e-01,5.54322166e-07,6.00009375e-01,2.81488149e-01
3.04304304e+01,4.10133247e+00,2.98075367e+02,6.82324274e+06,2.08824235e+03,1.18501921e-01,5.54382840e-07,6.00009375e-01,2.81488149e-01
3.05305305e+01,4.08727092e+00,3.03244507e+02,6.79099168e+06,2.08552225e+03,1.18501921e-01,5.54445010e-07,6.00009375e-01,2.81488149e-01
3.06306306e+01,4.07330339e+00,3.08437065e+02,6.75899820e+06,2.08281466e+03,1.18501921e-01,5.54508326e-07,6.00009375e-01,2.81488149e-01
3.07307307e+01,4.05936503e+00,3.13627423e+02,6.72710671e+06,2.08010504e+03,1.18501921e-01,5.54572463e-07,6.00009375e-01,2.81488149e-01
3.08308308e+01,4.04540617e+00,3.18800439e+02,6.69522430e+06,2.07739008e+03,1.18501921e-01,5.54637107e-07,6.00009375e-01,2.81488149e-01
3.09309309e+01,4.03154856e+00,3.23998300e+02,6.66360437e+06,2.07468593e+03,1.18501921e-01,5.54701962e-07,6.00009375e-01,2.81488149e-01
3.10310310e+01,4.01771724e+00,3.29193368e+02,6.63208020e+06,2.07197951e+03,1.18501921e-01,5.54766750e-07,6.00009375e-01,2.81488149e-01
3.11311311e+01,4.00386113e+00,3.34369845e+02,6.60055567e+06,2.06926707e+03,1.18501921e-01,5.54831212e-07,6.00009375e-01,2.81488149e-01
3.12312312e+01,3.99010031e+00,3.39570163e+02,6.56928360e+06,2.06656587e+03,1.18501922e-01,5.54895103e-07,6.00009375e-01,2.81488148e-01
3.13313313e+01,3.97638405e+00,3.44773290e+02,6.53814289e+06,2.06386430e+03,1.18501922e-01,5.54958203e-07,6.00009375e-01,2.81488148e-01
3.14314314e+01,3.96263266e+00,3.49954594e+02,6.50697268e+06,2.06115296e+03,1.18501922e-01,5.55020310e-07,6.00009375e-01,2.81488148e-01
3.15315315e+01,3.94895734e+00,3.55154604e+02,6.47602372e+06,2.05845341e+03,1.18501922e-01,5.55081241e-07,6.00009375e-01,2.81488148e-01
3.16316316e+01,3.93535663e+00,3.60366222e+02,6.44526521e+06,2.05575688e+03,1.18501922e-01,5.55140844e-07,6.00009375e-01,2.81488148e-01
3.17317317e+01,3.92171701e+00,3.65556437e+02,6.41446280e+06,2.05304795e+03,1.18501922e-01,5.55198992e-07,6.00009375e-01,2.81488148e-01
3.18318318e+01,3.90812314e+00,3.70754393e+02,6.38382386e+06,2.05034862e+03,1.18501922e-01,5.55255582e-07,6.00009375e-01,2.81488148e-01
3.19319319e+01,3.89462863e+00,3.75972711e+02,6.35342463e+06,2.04765546e+03,1.18501922e-01,5.55310547e-07,6.00009375e-01,2.81488148e-01
3.20320320e+01,3.88110503e+00,3.81173114e+02,6.32299903e+06,2.04495038e+03,1.18501922e-01,5.55363852e-07,6.00009375e-01,2.81488148e-01
3.21321321e+01,3.86760164e+00,3.86371648e+02,6.29268498e+06,2.04225190e+03,1.18501922e-01,5.55415497e-07,6.00009375e-01,2.81488148e-01
3.22322322e+01,3.85420523e+00,3.91594565e+02,6.26262491e+06,2.03956062e+03,1.18501922e-01,5.55465516e-07,6.00009375e-01,2.81488148e-01
3.23323323e+01,3.84079474e+00,3.96802662e+02,6.23256928e+06,2.03685949e+03,1.18501922e-01,5.55513987e-07,6.00009375e-01,2.81488148e-01
3.24324324e+01,3.82738872e+00,4.02003127e+02,6.20258985e+06,2.03416204e+03,1.18501922e-01,5.55561023e-07,6.00009375e-01,2.81488148e-01
3.25325325e+01,3.81408838e+00,4.07229170e+02,6.17286328e+06,2.03147256e+03,1.18501922e-01,5.55606774e-07,6.00009375e-01,2.81488148e-01
3.26326326e+01,3.80079767e+00,4.12447301e+02,6.14319320e+06,2.02877777e+03,1.18501922e-01,5.55651433e-07,6.00009375e-01,2.81488148e-01
3.27327327e+01,3.78748807e+00,4.17648624e+02,6.11353897e+06,2.02607942e+03,1.18501922e-01,5.55695229e-07,6.00009375e-01,2.81488148e-01
3.28328328e+01,3.77426895e+00,4.22872725e+02,6.08411692e+06,2.02339075e+03,1.18501922e-01,5.55738425e-07,6.00009375e-01,2.81488148e-01
3.29329329e+01,3.76110669e+00,4.28103511e+02,6.05484875e+06,2.02070400e+03,1.18501922e-01,5.55781319e-07,6.00009375e-01,2.81488147e-01
3.30330330e+01,3.74790914e+00,4.33312312e+02,6.02554690e+06,2.01800608e+03,1.18501922e-01,5.55824239e-07,6.00009375e-01,2.81488147e-01
3.31331331e+01,3.73475708e+00,4.38528412e+02,5.99640054e+06,2.01531682e+03,1.18501922e-01,5.55867537e-07,6.00009375e-01,2.81488147e-01
3.32332332e+01,3.72170357e+00,4.43766909e+02,5.96748967e+06,2.01263467e+03,1.18501922e-01,5.55911586e-07,6.00009375e-01,2.81488147e-01
3.33333333e+01,3.70863827e+00,4.48991367e+02,5.93858878e+06,2.00994342e+03,1.18501922e-01,5.55956777e-07,6.00009375e-01,2.81488147e-01
3.34334334e+01,3.69556425e+00,4.54203096e+02,5.90973265e+06,2.00725307e+03,1.18501922e-01,5.56003508e-07,6.00009375e-01,2.81488147e-01
3.35335335e+01,3.68258478e+00,4.59439177e+02,5.88110854e+06,2.00457124e+03,1.18501922e-01,5.56052180e-07,6.00009375e-01,2.81488147e-01
3.36336336e+01,3.66965452e+00,4.64680054e+02,5.85262268e+06,2.00189088e+03,1.18501922e-01,5.56103195e-07,6.00009375e-01,2.81488147e-01
3.37337337e+01,3.65669030e+00,4.69898926e+02,5.82410769e+06,1.99920013e+03,1.18501922e-01,5.56156943e-07,6.00009375e-01,2.81488147e-01
3.38338338e+01,3.64376847e+00,4.75123752e+02,5.79573861e+06,1.99651727e+03,1.18501922e-01,5.56213796e-07,6.00009375e-01,2.81488147e-01
3.39339339e+01,3.63094551e+00,4.80372375e+02,5.76760609e+06,1.99384280e+03,1.18501922e-01,5.56274105e-07,6.00009375e-01,2.81488147e-01
3.40340340e+01,3.61812321e+00,4.85610106e+02,5.73950984e+06,1.99116159e+03,1.18501922e-01,5.56338195e-07,6.00009375e-01,2.81488147e-01
3.41341341e+01,3.60528025e+00,4.90829604e+02,5.71142750e+06,1.98847755e+03,1.18501922e-01,5.56406357e-07,6.00009375e-01,2.81488147e-01
3.42342342e+01,3.59251829e+00,4.96068817e+02,5.68355448e+06,1.98580268e+03,1.18501922e-01,5.56478838e-07,6.00009375e-01,2.81488147e-01
3.43343343e+01,3.57983167e+00,5.01321040e+02,5.65587211e+06,1.98313386e+03,1.18501922e-01,5.56555849e-07,6.00009375e-01,2.81488147e-01
3.44344344e+01,3.56711761e+00,5.06553383e+02,5.62817021e+06,1.98045440e+03,1.18501922e-01,5.56637552e-07,6.00009375e-01,2.81488147e-01
3.45345345e+01,3.55441708e+00,5.11778862e+02,5.60055593e+06,1.97777920e+03,1.18501922e-01,5.56724062e-07,6.00009375e-01,2.81488146e-01
3.46346346e+01,3.54181534e+00,5.17030044e+02,5.57317923e+06,1.97511392e+03,1.18501922e-01,5.56815438e-07,6.00009375e-01,2.81488146e-01
3.47347347e+01,3.52924495e+00,5.22279577e+02,5.54590299e+06,1.97244781e+03,1.18501922e-01,5.56911696e-07,6.00009375e-01,2.81488146e-01
3.48348348e+01,3.51664463e+00,5.27506223e+02,5.51861035e+06,1.96977355e+03,1.18501922e-01,5.57012796e-07,6.00009375e-01,2.81488146e-01
3.49349349e+01,3.50410185e+00,5.32744434e+02,5.49148764e+06,1.96710863e+03,1.18501922e-01,5.57118645e-07,6.00009375e-01,2.81488146e-01
3.50350350e+01,3.49164891e+00,5.38002690e+02,5.46458192e+06,1.96445202e+03,1.18501922e-01,5.57229099e-07,6.00009375e-01,2.81488146e-01
3.51351351e+01,3.47918548e+00,5.43245933e+02,5.43768858e+06,1.96178678e+03,1.18501922e-01,5.57343973e-07,6.00009375e-01,2.81488146e-01
3.52352352e+01,3.46671655e+00,5.48475800e+02,5.41084263e+06,1.95912264e+03,1.18501922e-01,5.57463029e-07,6.00009375e-01,2.81488146e-01
3.53353353e+01,3.45433457e+00,5.53728650e+02,5.38420968e+06,1.95646742e+03,1.18501922e-01,5.57585982e-07,6.00009375e-01,2.81488145e-01
3.54354354e+01,3.44201015e+00,5.58989192e+02,5.35773022e+06,1.95381639e+03,1.18501922e-01,5.57712510e-07,6.00009375e-01,2.81488145e-01
3.55355355e+01,3.42965586e+00,5.64228089e+02,5.33122782e+06,1.95115491e+03,1.18501922e-01,5.57842255e-07,6.00009375e-01,2.81488145e-01
3.56356356e+01,3.41733584e+00,5.69469513e+02,5.30484880e+06,1.94849997e+03,1.18501922e-01,5.57974818e-07,6.00009375e-01,2.81488145e-01
3.57357357e+01,3.40511121e+00,5.74735015e+02,5.27869584e+06,1.94585463e+03,1.18501922e-01,5.58109765e-07,6.00009375e-01,2.81488145e-01
3.58358358e+01,3.39288934e+00,5.79990020e+02,5.25258089e+06,1.94320271e+03,1.18501922e-01,5.58246643e-07,6.00009375e-01,2.81488145e-01
3.59359359e+01,3.38065726e+00,5.85229611e+02,5.22649745e+06,1.94054918e+03,1.18501922e-01,5.58384965e-07,6.00009375e-01,2.81488145e-01
3.60360360e+01,3.36850442e+00,5.90489218e+02,5.20061151e+06,1.93790438e+03,1.18501922e-01,5.58524220e-07,6.00009375e-01,2.81488144e-01
3.61361361e+01,3.35640846e+00,5.95757451e+02,5.17487526e+06,1.93526362e+03,1.18501922e-01,5.58663878e-07,6.00009375e-01,2.81488144e-01
3.62362362e+01,3.34429284e+00,6.01006198e+02,5.14913404e+06,1.93261325e+03,1.18501922e-01,5.58803394e-07,6.00009375e-01,2.81488144e-01
3.63363363e+01,3.33219932e+00,6.06252583e+02,5.12348772e+06,1.92996655e+03,1.18501922e-01,5.58942203e-07,6.00009375e-01,2.81488144e-01
3.64364364e+01,3.32019212e+00,6.11521795e+02,5.09805013e+06,1.92732937e+03,1.18501922e-01,5.59079722e-07,6.00009375e-01,2.81488144e-01
3.65365365e+01,3.30822421e+00,6.16793019e+02,5.07272619e+06,1.92469332e+03,1.18501922e-01,5.59215362e-07,6.00009375e-01,2.81488144e-01
3.66366366e+01,3.29623532e+00,6.22043719e+02,5.04739609e+06,1.92204801e+03,1.18501922e-01,5.59348523e-07,6.00009375e-01,2.81488143e-01
3.67367367e+01,3.28427062e+00,6.27292203e+02,5.02216131e+06,1.91940568e+03,1.18501922e-01,5.59478587e-07,6.00009375e-01,2.81488143e-01
3.68368368e+01,3.27239100e+00,6.32563176e+02,4.99713245e+06,1.91677318e+03,1.18501922e-01,5.59604927e-07,6.00009375e-01,2.81488143e-01
3.69369369e+01,3.26056367e+00,6.37840687e+02,4.97224344e+06,1.91414464e+03,1.18501922e-01,5.59726908e-07,6.00009375e-01,2.81488143e-01
3.70370370e+01,3.24871935e+00,6.43098782e+02,4.94735327e+06,1.91150651e+03,1.18501922e-01,5.59843885e-07,6.00009375e-01,2.81488143e-01
3.71371371e+01,3.23688152e+00,6.48345681e+02,4.92252243e+06,1.90886825e+03,1.18501922e-01,5.59955194e-07,6.00009375e-01,2.81488143e-01
3.72372372e+01,3.22512306e+00,6.53613583e+02,4.89788491e+06,1.90623895e+03,1.18501922e-01,5.60060159e-07,6.00009375e-01,2.81488143e-01
3.73373373e+01,3.21343726e+00,6.58895407e+02,4.87342747e+06,1.90361770e+03,1.18501922e-01,5.60158088e-07,6.00009375e-01,2.81488143e-01
3.74374374e+01,3.20173559e+00,6.64158106e+02,4.84896891e+06,1.90098631e+03,1.18501922e-01,5.60248277e-07,6.00009375e-01,2.81488142e-01
3.75375375e+01,3.19004604e+00,6.69410962e+02,4.82457624e+06,1.89835433e+03,1.18501922e-01,5.60329993e-07,6.00009375e-01,2.81488142e-01
3.76376376e+01,3.17842860e+00,6.74680102e+02,4.80036157e+06,1.89573026e+03,1.18501922e-01,5.60402482e-07,6.00009375e-01,2.81488142e-01
3.77377377e+01,3.16685412e+00,6.79954107e+02,4.77627024e+06,1.89311016e+03,1.18501922e-01,5.60464966e-07,6.00009375e-01,2.81488142e-01
3.78378378e+01,3.15529115e+00,6.85218745e+02,4.75223589e+06,1.89048660e+03,1.18501922e-01,5.60516638e-07,6.00009375e-01,2.81488142e-01
3.79379379e+01,3.14376161e+00,6.90483947e+02,4.72830302e+06,1.88786419e+03,1.18501922e-01,5.60556658e-07,6.00009375e-01,2.81488142e-01
3.80380380e+01,3.13227810e+00,6.95755665e+02,4.70449742e+06,1.88524577e+03,1.18501922e-01,5.60584153e-07,6.00009375e-01,2.81488142e-01
3.81381381e+01,3.12082036e+00,7.01024762e+02,4.68077682e+06,1.88262672e+03,1.18501922e-01,5.60598212e-07,6.00009375e-01,2.81488142e-01
3.82382382e+01,3.10939090e+00,7.06292418e+02,4.65714627e+06,1.88000762e+03,1.18501922e-01,5.60597885e-07,6.00009375e-01,2.81488142e-01
3.83383383e+01,3.09800844e+00,7.11567254e+02,4.63364424e+06,1.87739278e+03,1.18501922e-01,5.60582180e-07,6.00009375e-01,2.81488142e-01
3.84384384e+01,3.08665834e+00,7.16842402e+02,4.61024018e+06,1.87477884e+03,1.18501922e-01,5.60550065e-07,6.00009375e-01,2.81488142e-01
3.85385385e+01,3.07532391e+00,7.22109857e+02,4.58689945e+06,1.87216192e+03,1.18501922e-01,5.60500460e-07,6.00009375e-01,2.81488142e-01
3.86386386e+01,3.06402875e+00,7.27380290e+02,4.56367044e+06,1.86954745e+03,1.18501922e-01,5.60432244e-07,6.00009375e-01,2.81488142e-01
3.87387387e+01,3.05278786e+00,7.32660462e+02,4.54058365e+06,1.86693892e+03,1.18501922e-01,5.60344254e-07,6.00009375e-01,2.81488142e-01
3.88388388e+01,3.04157244e+00,7.37936584e+02,4.51757953e+06,1.86432960e+03,1.18501922e-01,5.60235280e-07,6.00009375e-01,2.81488142e-01
3.89389389e+01,3.03036910e+00,7.43201968e+02,4.49463041e+06,1.86171634e+03,1.18501922e-01,5.60104077e-07,6.00009375e-01,2.81488143e-01
3.90390390e+01,3.01921071e+00,7.48471763e+02,4.47180331e+06,1.85910673e+03,1.18501922e-01,5.59949362e-07,6.00009375e-01,2.81488143e-01
3.91391391e+01,3.00811277e+00,7.53753169e+02,4.44912947e+06,1.85650440e+03,1.18501922e-01,5.59769826e-07,6.00009375e-01,2.81488143e-01
3.92392392e+01,2.99704158e+00,7.59030108e+02,4.42653962e+06,1.85390144e+03,1.18501922e-01,5.59564128e-07,6.00009375e-01,2.81488143e-01
3.93393393e+01,2.98597694e+00,7.64292818e+02,4.40399241e+06,1.85129303e+03,1.18501922e-01,5.59330913e-07,6.00009375e-01,2.81488143e-01
3.94394394e+01,2.97495157e+00,7.69556806e+02,4.38155413e+06,1.84868678e+03,1.18501922e-01,5.59068826e-07,6.00009375e-01,2.81488144e-01
3.95395395e+01,2.96399339e+00,7.74835541e+02,4.35928085e+06,1.84608916e+03,1.18501922e-01,5.58776513e-07,6.00009375e-01,2.81488144e-01
3.96396396e+01,2.95307447e+00,7.80115810e+02,4.33711504e+06,1.84349344e+03,1.18501922e-01,5.58452634e-07,6.00009375e-01,2.81488144e-01
3.97397397e+01,2.94215785e+00,7.85379912e+02,4.31498123e+06,1.84089066e+03,1.18501922e-01,5.58095881e-07,6.00009375e-01,2.81488145e-01
3.98398398e+01,2.93126243e+00,7.90637083e+02,4.29291733e+06,1.83828514e+03,1.18501922e-01,5.57705000e-07,6.00009375e-01,2.81488145e-01
3.99399399e+01,2.92043234e+00,7.95909006e+02,4.27101188e+06,1.83568722e+03,1.18501922e-01,5.57278810e-07,6.00009375e-01,2.81488146e-01
4.00400400e+01,2.90966122e+00,8.01193001e+02,4.24925070e+06,1.83309504e+03,1.18501922e-01,5.56816210e-07,6.00009375e-01,2.81488146e-01
4.01401401e+01,2.89890092e+00,8.06466258e+02,4.22753567e+06,1.83049675e+03,1.18501922e-01,5.56316197e-07,6.00009375e-01,2.81488147e-01
4.02402402e+01,2.88814082e+00,8.11724491e+02,4.20584727e+06,1.82789055e+03,1.18501922e-01,5.55777907e-07,6.00009375e-01,2.81488147e-01
4.03403403e+01,2.87742338e+00,8.16988986e+02,4.18426870e+06,1.82528570e+03,1.18501922e-01,5.55200641e-07,6.00009375e-01,2.81488148e-01
4.04404404e+01,2.86677356e+00,8.22273604e+02,4.16284951e+06,1.82268817e+03,1.18501921e-01,5.54583872e-07,6.00009375e-01,2.81488149e-01
4.05405405e+01,2.85616017e+00,8.27563655e+02,4.14152604e+06,1.82009012e+03,1.18501921e-01,5.53927258e-07,6.00009375e-01,2.81488150e-01
4.06406406e+01,2.84554037e+00,8.32842222e+02,4.12021233e+06,1.81748109e+03,1.18501921e-01,5.53230679e-07,6.00009375e-01,2.81488150e-01
4.07407407e+01,2.83492220e+00,8.38114637e+02,4.09892835e+06,1.81486463e+03,1.18501921e-01,5.52494273e-07,6.00009375e-01,2.81488151e-01
4.08408408e+01,2.82434705e+00,8.43403617e+02,4.07775252e+06,1.81224896e+03,1.18501921e-01,5.51718456e-07,6.00009375e-01,2.81488152e-01
4.09409409e+01,2.81382343e+00,8.48716329e+02,4.05670126e+06,1.80963606e+03,1.18501921e-01,5.50903917e-07,6.00009375e-01,2.81488153e-01
4.10410410e+01,2.80331737e+00,8.54036874e+02,4.03570542e+06,1.80701703e+03,1.18501921e-01,5.50051627e-07,6.00009375e-01,2.81488154e-01
4.11411411e+01,2.79278985e+00,8.59354434e+02,4.01469112e+06,1.80438386e+03,1.18501921e-01,5.49162873e-07,6.00009375e-01,2.81488155e-01
4.12412412e+01,2.78225130e+00,8.64674149e+02,3.99368531e+06,1.80174175e+03,1.18501921e-01,5.48239287e-07,6.00009375e-01,2.81488156e-01
4.13413413e+01,2.77174066e+00,8.70018273e+02,3.97275873e+06,1.79909731e+03,1.18501921e-01,5.47282835e-07,6.00009375e-01,2.81488157e-01
4.14414414e+01,2.76126606e+00,8.75391569e+02,3.95192407e+06,1.79645107e+03,1.18501920e-01,5.46295795e-07,6.00009375e-01,2.81488158e-01
4.15415415e+01,2.75080498e+00,8.80779698e+02,3.93113711e+06,1.79379762e+03,1.18501920e-01,5.45280754e-07,6.00009375e-01,2.81488159e-01
4.16416416e+01,2.74031467e+00,8.86167242e+02,3.91032283e+06,1.79113052e+03,1.18501920e-01,5.44240613e-07,6.00009375e-01,2.81488160e-01
4.17417417e+01,2.72981969e+00,8.91551534e+02,3.88953548e+06,1.78845835e+03,1.18501920e-01,5.43178586e-07,6.00009375e-01,2.81488162e-01
4.18418418e+01,2.71937681e+00,8.96946316e+02,3.86886860e+06,1.78578696e+03,1.18501920e-01,5.42098182e-07,6.00009375e-01,2.81488163e-01
4.19419419e+01,2.70899720e+00,9.02346245e+02,3.84835603e+06,1.78312482e+03,1.18501920e-01,5.41003128e-07,6.00009375e-01,2.81488164e-01
4.20420420e+01,2.69869878e+00,9.07743882e+02,3.82803242e+06,1.78047652e+03,1.18501920e-01,5.39897354e-07,6.00009375e-01,2.81488165e-01
4.21421421e+01,2.68845330e+00,9.13102652e+02,3.80784024e+06,1.77783429e+03,1.18501919e-01,5.38784977e-07,6.00009375e-01,2.81488167e-01
4.22422422e+01,2.67826994e+00,9.18399720e+02,3.78779846e+06,1.77520116e+03,1.18501919e-01,5.37670237e-07,6.00009375e-01,2.81488168e-01
4.23423423e+01,2.66824666e+00,9.23650292e+02,3.76809632e+06,1.77260136e+03,1.18501919e-01,5.36557513e-07,6.00009375e-01,2.81488169e-01
4.24424424e+01,2.65844447e+00,9.28845697e+02,3.74885173e+06,1.77005079e+03,1.18501919e-01,5.35451213e-07,6.00009375e-01,2.81488170e-01
4.25425425e+01,2.64887014e+00,9.33942737e+02,3.73007622e+06,1.76755158e+03,1.18501919e-01,5.34355682e-07,6.00009375e-01,2.81488172e-01
4.26426426e+01,2.63953277e+00,9.38894860e+02,3.71178609e+06,1.76510660e+03,1.18501919e-01,5.33275212e-07,6.00009375e-01,2.81488173e-01
4.27427427e+01,2.63049255e+00,9.43681154e+02,3.69409669e+06,1.76273180e+03,1.18501919e-01,5.32214015e-07,6.00009375e-01,2.81488174e-01
4.28428428e+01,2.62183022e+00,9.48295134e+02,3.67716205e+06,1.76044825e+03,1.18501919e-01,5.31176154e-07,6.00009375e-01,2.81488175e-01
4.29429429e+01,2.61359245e+00,9.52721746e+02,3.66106902e+06,1.75826814e+03,1.18501918e-01,5.30165469e-07,6.00009375e-01,2.81488176e-01
4.30430430e+01,2.60578127e+00,9.56937932e+02,3.64581761e+06,1.75619218e+03,1.18501918e-01,5.29185535e-07,6.00009375e-01,2.81488177e-01
4.31431431e+01,2.59838710e+00,9.60935705e+02,3.63138604e+06,1.75421825e+03,1.18501918e-01,5.28239647e-07,6.00009375e-01,2.81488178e-01
4.32432432e+01,2.59136791e+00,9.64714115e+02,3.61769090e+06,1.75233622e+03,1.18501918e-01,5.27330800e-07,6.00009375e-01,2.81488180e-01
4.33433433e+01,2.58469718e+00,9.68304232e+02,3.60467966e+06,1.75054011e+03,1.18501918e-01,5.26461638e-07,6.00009375e-01,2.81488180e-01
4.34434434e+01,2.57836120e+00,9.71763142e+02,3.59232478e+06,1.74882718e+03,1.18501918e-01,5.25634439e-07,6.00009375e-01,2.81488181e-01
4.35435435e+01,2.57226091e+00,9.75113227e+02,3.58043459e+06,1.74717250e+03,1.18501918e-01,5.24851058e-07,6.00009375e-01,2.81488182e-01
4.36436436e+01,2.56629095e+00,9.78374907e+02,3.56880588e+06,1.74554919e+03,1.18501918e-01,5.24112888e-07,6.00009375e-01,2.81488183e-01
4.37437437e+01,2.56040346e+00,9.81591766e+02,3.55734489e+06,1.74394436e+03,1.18501918e-01,5.23420901e-07,6.00009375e-01,2.81488184e-01
4.38438438e+01,2.55455182e+00,9.84795595e+02,3.54596306e+06,1.74234659e+03,1.18501917e-01,5.22775602e-07,6.00009375e-01,2.81488185e-01
4.39439439e+01,2.54869519e+00,9.88009256e+02,3.53459520e+06,1.74075176e+03,1.18501917e-01,5.22177014e-07,6.00009375e-01,2.81488185e-01
4.40440440e+01,2.54278669e+00,9.91262379e+02,3.52313440e+06,1.73913918e+03,1.18501917e-01,5.21624703e-07,6.00009375e-01,2.81488186e-01
4.41441441e+01,2.53675080e+00,9.94593160e+02,3.51144250e+06,1.73749200e+03,1.18501917e-01,5.21117801e-07,6.00009375e-01,2.81488187e-01
4.42442442e+01,2.53047162e+00,9.98062150e+02,3.49930308e+06,1.73578187e+03,1.18501917e-01,5.20655055e-07,6.00009375e-01,2.81488187e-01
4.43443443e+01,2.52380529e+00,1.00174629e+03,3.48644539e+06,1.73397200e+03,1.18501917e-01,5.20234873e-07,6.00009375e-01,2.81488188e-01
4.44444444e+01,2.51659944e+00,1.00572875e+03,3.47258298e+06,1.73202277e+03,1.18501917e-01,5.19855384e-07,6.00009375e-01,2.81488188e-01
4.45445445e+01,2.50872631e+00,1.01008116e+03,3.45747754e+06,1.72990057e+03,1.18501917e-01,5.19514503e-07,6.00009375e-01,2.81488188e-01
4.46446446e+01,2.50012776e+00,1.01483903e+03,3.44102431e+06,1.72758967e+03,1.18501917e-01,5.19210004e-07,6.00009375e-01,2.81488189e-01
4.47447447e+01,2.49082360e+00,1.01999640e+03,3.42326735e+06,1.72509455e+03,1.18501917e-01,5.18939604e-07,6.00009375e-01,2.81488189e-01
4.48448448e+01,2.48088835e+00,1.02551745e+03,3.40435400e+06,1.72243385e+03,1.18501917e-01,5.18701075e-07,6.00009375e-01,2.81488189e-01
4.49449449e+01,2.47042288e+00,1.03135186e+03,3.38447638e+06,1.71963092e+03,1.18501917e-01,5.18492348e-07,6.00009375e-01,2.81488189e-01
4.50450450e+01,2.45965620e+00,1.03738409e+03,3.36405318e+06,1.71673596e+03,1.18501917e-01,5.18311636e-07,6.00009375e-01,2.81488190e-01
4.51451451e+01,2.44895693e+00,1.04339273e+03,3.34382472e+06,1.71386818e+03,1.18501917e-01,5.18157537e-07,6.00009375e-01,2.81488190e-01
4.52452452e+01,2.43837810e+00,1.04934763e+03,3.32387126e+06,1.71103229e+03,1.18501917e-01,5.18029187e-07,6.00009375e-01,2.81488190e-01
4.53453453e+01,2.42788836e+00,1.05524155e+03,3.30413545e+06,1.70822152e+03,1.18501917e-01,5.17926370e-07,6.00009375e-01,2.81488190e-01
4.54454454e+01,2.41751497e+00,1.06109320e+03,3.28465988e+06,1.70543940e+03,1.18501917e-01,5.17849630e-07,6.00009375e-01,2.81488190e-01
4.55455455e+01,2.40727625e+00,1.06691221e+03,3.26547548e+06,1.70268988e+03,1.18501917e-01,5.17800371e-07,6.00009375e-01,2.81488190e-01
4.56456456e+01,2.39714146e+00,1.07267359e+03,3.24652181e+06,1.69996398e+03,1.18501917e-01,5.17780947e-07,6.00009375e-01,2.81488190e-01
4.57457457e+01,2.38713893e+00,1.07837800e+03,3.22785007e+06,1.69726915e+03,1.18501917e-01,5.17794756e-07,6.00009375e-01,2.81488190e-01
4.58458458e+01,2.37732032e+00,1.08402945e+03,3.20955250e+06,1.69461810e+03,1.18501917e-01,5.17846321e-07,6.00009375e-01,2.81488190e-01
4.59459459e+01,2.36766420e+00,1.08957868e+03,3.19158522e+06,1.69200405e+03,1.18501917e-01,5.17941363e-07,6.00009375e-01,2.81488190e-01
4.60460460e+01,2.35819969e+00,1.09499234e+03,3.17400074e+06,1.68943507e+03,1.18501917e-01,5.18086875e-07,6.00009375e-01,2.81488190e-01
4.61461461e+01,2.34903481e+00,1.10026894e+03,3.15699772e+06,1.68694093e+03,1.18501917e-01,5.18291161e-07,6.00009375e-01,2.81488190e-01
4.62462462e+01,2.34025810e+00,1.10538213e+03,3.14073658e+06,1.68454577e+03,1.18501917e-01,5.18563895e-07,6.00009375e-01,2.81488189e-01
4.63463463e+01,2.33190706e+00,1.11026451e+03,3.12528224e+06,1.68225980e+03,1.18501917e-01,5.18916166e-07,6.00009375e-01,2.81488189e-01
4.64464464e+01,2.32403942e+00,1.11485567e+03,3.11073761e+06,1.68009930e+03,1.18501917e-01,5.19360510e-07,6.00009375e-01,2.81488188e-01
4.65465465e+01,2.31673301e+00,1.11911333e+03,3.09724295e+06,1.67808651e+03,1.18501917e-01,5.19910913e-07,6.00009375e-01,2.81488188e-01
4.66466466e+01,2.31007084e+00,1.12302015e+03,3.08494776e+06,1.67624531e+03,1.18501917e-01,5.20582817e-07,6.00009375e-01,2.81488187e-01
4.67467467e+01,2.30404858e+00,1.12654661e+03,3.07384069e+06,1.67457569e+03,1.18501917e-01,5.21393108e-07,6.00009375e-01,2.81488186e-01
4.68468468e+01,2.29865464e+00,1.12971193e+03,3.06389722e+06,1.67307545e+03,1.18501917e-01,5.22360073e-07,6.00009375e-01,2.81488185e-01
4.69469469e+01,2.29383709e+00,1.13257005e+03,3.05501976e+06,1.67173144e+03,1.18501918e-01,5.23503255e-07,6.00009375e-01,2.81488184e-01
4.70470470e+01,2.28947003e+00,1.13518101e+03,3.04697602e+06,1.67051020e+03,1.18501918e-01,5.24843338e-07,6.00009375e-01,2.81488182e-01
4.71471471e+01,2.28537826e+00,1.13760200e+03,3.03944363e+06,1.66936407e+03,1.18501918e-01,5.26401948e-07,6.00009375e-01,2.81488181e-01
4.72472472e+01,2.28143502e+00,1.13991469e+03,3.03219411e+06,1.66826083e+03,1.18501918e-01,5.28201353e-07,6.00009375e-01,2.81488179e-01
4.73473473e+01,2.27756006e+00,1.14219568e+03,3.02508222e+06,1.66717966e+03,1.18501918e-01,5.30264154e-07,6.00009375e-01,2.81488176e-01
4.74474474e+01,2.27369336e+00,1.14448509e+03,3.01800915e+06,1.66611017e+03,1.18501919e-01,5.32612999e-07,6.00009375e-01,2.81488174e-01
4.75475475e+01,2.26975278e+00,1.14682545e+03,3.01081042e+06,1.66502175e+03,1.18501919e-01,5.35270245e-07,6.00009375e-01,2.81488171e-01
4.76476476e+01,2.26559506e+00,1.14929454e+03,3.00323188e+06,1.66387859e+03,1.18501919e-01,5.38257421e-07,6.00009375e-01,2.81488167e-01
4.77477477e+01,2.26105181e+00,1.15199012e+03,2.99496499e+06,1.66263260e+03,1.18501920e-01,5.41594572e-07,6.00009375e-01,2.81488163e-01
4.78478478e+01,2.25620624e+00,1.15486839e+03,2.98615206e+06,1.66130043e+03,1.18501920e-01,5.45299989e-07,6.00009375e-01,2.81488159e-01
4.79479479e+01,2.25146511e+00,1.15767295e+03,2.97756441e+06,1.66001112e+03,1.18501921e-01,5.49390666e-07,6.00009375e-01,2.81488155e-01
4.80480480e+01,2.24683034e+00,1.16041940e+03,2.96918153e+06,1.65875225e+03,1.18501921e-01,5.53881279e-07,6.00009375e-01,2.81488150e-01
4.81481481e+01,2.24221607e+00,1.16315617e+03,2.96085456e+06,1.65750432e+03,1.18501922e-01,5.58783517e-07,6.00009375e-01,2.81488144e-01
4.82482482e+01,2.23753509e+00,1.16594143e+03,2.95240775e+06,1.65623338e+03,1.18501923e-01,5.64105550e-07,6.00009375e-01,2.81488138e-01
4.83483483e+01,2.23254860e+00,1.16892254e+03,2.94340446e+06,1.65487073e+03,1.18501923e-01,5.69851170e-07,6.00009375e-01,2.81488132e-01
4.84484484e+01,2.22766406e+00,1.17183709e+03,2.93461247e+06,1.65354535e+03,1.18501924e-01,5.76020450e-07,6.00009375e-01,2.81488125e-01
4.85485485e+01,2.22356722e+00,1.17428562e+03,2.92724362e+06,1.65243222e+03,1.18501925e-01,5.82611361e-07,6.00009375e-01,2.81488117e-01
4.86486486e+01,2.22082637e+00,1.17593670e+03,2.92230143e+06,1.65167826e+03,1.18501926e-01,5.89619369e-07,6.00009375e-01,2.81488109e-01
4.87487487e+01,2.21960247e+00,1.17663620e+03,2.92015232e+06,1.65137366e+03,1.18501927e-01,5.97036665e-07,6.00009375e-01,2.81488101e-01
4.88488488e+01,2.21959405e+00,1.17662456e+03,2.92018582e+06,1.65139887e+03,1.18501928e-01,6.04850417e-07,6.00009375e-01,2.81488092e-01
4.89489489e+01,2.22231835e+00,1.17495389e+03,2.92515950e+06,1.65218367e+03,1.18501929e-01,6.13046762e-07,6.00009375e-01,2.81488083e-01
4.90490490e+01,2.23275056e+00,1.16861710e+03,2.94416148e+06,1.65514659e+03,1.18501930e-01,6.21625444e-07,6.00009375e-01,2.81488073e-01
4.91491491e+01,2.25831027e+00,1.15320098e+03,2.99085177e+06,1.66236476e+03,1.18501931e-01,6.30613591e-07,6.00009375e-01,2.81488063e-01
4.92492492e+01,2.28805387e+00,1.13557009e+03,3.04520069e+06,1.67057015e+03,1.18501932e-01,6.40016003e-07,6.00009375e-01,2.81488053e-01
4.93493493e+01,2.30694342e+00,1.12438409e+03,3.07998085e+06,1.67581515e+03,1.18501933e-01,6.49749091e-07,6.00009375e-01,2.81488042e-01
4.94494494e+01,2.31772743e+00,1.11806549e+03,3.09987504e+06,1.67879190e+03,1.18501935e-01,6.59725986e-07,6.00009375e-01,2.81488030e-01
4.95495495e+01,2.32353993e+00,1.11467706e+03,3.11057028e+06,1.68036998e+03,1.18501936e-01,6.69864894e-07,6.00009375e-01,2.81488019e-01
4.96496496e+01,2.32653280e+00,1.11299030e+03,3.11590937e+06,1.68108888e+03,1.18501937e-01,6.80089046e-07,6.00009375e-01,2.81488008e-01
4.97497497e+01,2.32784897e+00,1.11222534e+03,3.11825107e+06,1.68140105e+03,1.18501939e-01,6.90321452e-07,6.00009375e-01,2.81487996e-01
4.98498498e+01,2.32838995e+00,1.11195001e+03,3.11913196e+06,1.68148527e+03,1.18501940e-01,7.00492758e-07,6.00009375e-01,2.81487985e-01
4.99499499e+01,2.32696962e+00,1.11067447e+03,3.11717242e+06,1.68145459e+03,1.18501941e-01,7.10595338e-07,6.00009375e-01,2.81487973e-01
5.00500501e+01,2.24916790e+00,1.13560291e+03,3.13313266e+06,4.83133868e+03,0.00000000e+00,2.28590239e-01,7.71409761e-01,0.00000000e+00
5.01501502e+01,2.01100716e+00,1.28642279e+03,2.67393283e+06,4.61233040e+03,0.00000000e+00,2.29900380e-01,7.70099620e-01,0.00000000e+00
5.02502503e+01,1.91398638e+00,1.35257218e+03,2.49657673e+06,4.52473056e+03,0.00000000e+00,2.29956318e-01,7.70043682e-01,0.00000000e+00
5.03503504e+01,1.88439456e+00,1.37366757e+03,2.44259235e+06,4.49641074e+03,0.00000000e+00,2.29959512e-01,7.70040488e-01,0.00000000e+00
5.04504505e+01,1.87036432e+00,1.38379636e+03,2.41701811e+06,4.48270888e+03,0.00000000e+00,2.29959773e-01,7.70040227e-01,0.00000000e+00
5.05505506e+01,1.86092171e+00,1.39065861e+03,2.39980858e+06,4.47337430e+03,0.00000000e+00,2.29957954e-01,7.70042046e-01,0.00000000e+00
5.06506507e+01,1.85307835e+00,1.39639654e+03,2.38549707e+06,4.46551590e+03,0.00000000e+00,2.29954312e-01,7.70045688e-01,0.00000000e+00
5.07507508e+01,1.84574408e+00,1.40179146e+03,2.37210098e+06,4.45808093e+03,0.00000000e+00,2.29949362e-01,7.70050638e-01,0.00000000e+00
5.08508509e+01,1.83857277e+00,1.40709409e+03,2.35899455e+06,4.45073796e+03,0.00000000e+00,2.29943122e-01,7.70056878e-01,0.00000000e+00
5.09509510e+01,1.83146656e+00,1.41237441e+03,2.34600223e+06,4.44339498e+03,0.00000000e+00,2.29935602e-01,7.70064398e-01,0.00000000e+00
5.10510511e+01,1.82439697e+00,1.41765250e+03,2.33307803e+06,4.43603463e+03,0.00000000e+00,2.29926831e-01,7.70073169e-01,0.00000000e+00
5.11511512e+01,1.81735780e+00,1.42293298e+03,2.32021691e+06,4.42866254e+03,0.00000000e+00,2.29916696e-01,7.70083304e-01,0.00000000e+00
5.12512513e+01,1.81034995e+00,1.42821483e+03,2.30742189e+06,4.42128247e+03,0.00000000e+00,2.29904994e-01,7.70095006e-01,0.00000000e+00
5.13513514e+01,1.80337191e+00,1.43349683e+03,2.29469455e+06,4.41390132e+03,0.00000000e+00,2.29891507e-01,7.70108493e-01,0.00000000e+00
5.14514515e+01,1.79641875e+00,1.43877854e+03,2.28203449e+06,4.40653062e+03,0.00000000e+00,2.29875897e-01,7.70124103e-01,0.00000000e+00
5.15515516e+01,1.78948603e+00,1.44405918e+03,2.26943887e+06,4.39917593e+03,0.00000000e+00,2.29857668e-01,7.70142332e-01,0.00000000e+00
5.16516517e+01,1.78257258e+00,1.44933709e+03,2.25690296e+06,4.39183107e+03,0.00000000e+00,2.29836269e-01,7.70163731e-01,0.00000000e+00
5.17517518e+01,1.77568046e+00,1.45461057e+03,2.24442193e+06,4.38448162e+03,0.00000000e+00,2.29811218e-01,7.70188782e-01,0.00000000e+00
5.18518519e+01,1.76881434e+00,1.45987833e+03,2.23199245e+06,4.37710959e+03,0.00000000e+00,2.29782172e-01,7.70217828e-01,0.00000000e+00
5.19519520e+01,1.76197956e+00,1.46513993e+03,2.21961278e+06,4.36969830e+03,0.00000000e+00,2.29748988e-01,7.70251012e-01,0.00000000e+00
5.20520521e+01,1.75517953e+00,1.47039608e+03,2.20728376e+06,4.36224093e+03,0.00000000e+00,2.29711697e-01,7.70288303e-01,0.00000000e+00
5.21521522e+01,1.74841404e+00,1.47564916e+03,2.19500919e+06,4.35474549e+03,0.00000000e+00,2.29670358e-01,7.70329642e-01,0.00000000e+00
5.22522523e+01,1.74168098e+00,1.48090238e+03,2.18279350e+06,4.34722617e+03,0.00000000e+00,2.29624922e-01,7.70375078e-01,0.00000000e+00
5.23523524e+01,1.73497912e+00,1.48615788e+03,2.17063821e+06,4.33968911e+03,0.00000000e+00,2.29575279e-01,7.70424721e-01,0.00000000e+00
5.24524525e+01,1.72830769e+00,1.49141578e+03,2.15854125e+06,4.33213237e+03,0.00000000e+00,2.29521433e-01,7.70478567e-01,0.00000000e+00
5.25525526e+01,1.72166362e+00,1.49667493e+03,2.14650021e+06,4.32455911e+03,0.00000000e+00,2.29463539e-01,7.70536461e-01,0.00000000e+00
5.26526527e+01,1.71504056e+00,1.50193378e+03,2.13451466e+06,4.31698473e+03,0.00000000e+00,2.29401794e-01,7.70598206e-01,0.00000000e+00
5.27527528e+01,1.70843072e+00,1.50719124e+03,2.12258689e+06,4.30943391e+03,0.00000000e+00,2.29336295e-01,7.70663705e-01,0.00000000e+00
5.28528529e+01,1.70182827e+00,1.51244649e+03,2.11071917e+06,4.30192647e+03,0.00000000e+00,2.29267055e-01,7.70732945e-01,0.00000000e+00
5.29529530e+01,1.69522997e+00,1.51769859e+03,2.09891047e+06,4.29446924e+03,0.00000000e+00,2.29194182e-01,7.70805818e-01,0.00000000e+00
5.30530531e+01,1.68863158e+00,1.52294941e+03,2.08716314e+06,4.28707859e+03,0.00000000e+00,2.29117866e-01,7.70882134e-01,0.00000000e+00
5.31531532e+01,1.68203026e+00,1.52820054e+03,2.07547613e+06,4.27976050e+03,0.00000000e+00,2.29038368e-01,7.70961632e-01,0.00000000e+00
5.32532533e+01,1.67542264e+00,1.53345524e+03,2.06384813e+06,4.27252189e+03,0.00000000e+00,2.28955983e-01,7.71044017e-01,0.00000000e+00
5.33533534e+01,1.66880675e+00,1.53871705e+03,2.05227817e+06,4.26536685e+03,0.00000000e+00,2.28871086e-01,7.71128914e-01,0.00000000e+00
5.34534535e+01,1.66218177e+00,1.54398661e+03,2.04076246e+06,4.25829085e+03,0.00000000e+00,2.28784289e-01,7.71215711e-01,0.00000000e+00
5.35535536e+01,1.65554286e+00,1.54926017e+03,2.02929329e+06,4.25129137e+03,0.00000000e+00,2.28696322e-01,7.71303678e-01,0.00000000e+00
5.36536537e+01,1.64888026e+00,1.55453288e+03,2.01786639e+06,4.24438558e+03,0.00000000e+00,2.28607629e-01,7.71392371e-01,0.00000000e+00
5.37537538e+01,1.64218682e+00,1.55980154e+03,2.00648467e+06,4.23759907e+03,0.00000000e+00,2.28518525e-01,7.71481475e-01,0.00000000e+00
5.38538539e+01,1.63546128e+00,1.56506581e+03,1.99515651e+06,4.23095424e+03,0.00000000e+00,2.28429529e-01,7.71570471e-01,0.00000000e+00
5.39539540e+01,1.62870616e+00,1.57032652e+03,1.98388752e+06,4.22445836e+03,0.00000000e+00,2.28341548e-01,7.71658452e-01,0.00000000e+00
5.40540541e+01,1.62192027e+00,1.57558359e+03,1.97267701e+06,4.21811512e+03,0.00000000e+00,2.28255698e-01,7.71744302e-01,0.00000000e+00
5.41541542e+01,1.61509567e+00,1.58083920e+03,1.96152663e+06,4.21195075e+03,0.00000000e+00,2.28172774e-01,7.71827226e-01,0.00000000e+00
5.42542543e+01,1.60822679e+00,1.58609856e+03,1.95044291e+06,4.20599607e+03,0.00000000e+00,2.28093437e-01,7.71906563e-01,0.00000000e+00
5.43543544e+01,1.60131187e+00,1.59136207e+03,1.93942359e+06,4.20025365e+03,0.00000000e+00,2.28018957e-01,7.71981043e-01,0.00000000e+00
5.44544545e+01,1.59433814e+00,1.59662582e+03,1.92846278e+06,4.19474713e+03,0.00000000e+00,2.27950606e-01,7.72049394e-01,0.00000000e+00
5.45545546e+01,1.58728478e+00,1.60188872e+03,1.91756129e+06,4.18953604e+03,0.00000000e+00,2.27888963e-01,7.72111037e-01,0.00000000e+00
5.46546547e+01,1.58013605e+00,1.60714993e+03,1.90671852e+06,4.18466406e+03,0.00000000e+00,2.27834512e-01,7.72165488e-01,0.00000000e+00
5.47547548e+01,1.57288090e+00,1.61240905e+03,1.89593288e+06,4.18016119e+03,0.00000000e+00,2.27788032e-01,7.72211968e-01,0.00000000e+00
5.48548549e+01,1.56550784e+00,1.61766654e+03,1.88520150e+06,4.17605632e+03,0.00000000e+00,2.27750449e-01,7.72249551e-01,0.00000000e+00
5.49549550e+01,1.55800277e+00,1.62292351e+03,1.87452103e+06,4.17238483e+03,0.00000000e+00,2.27722601e-01,7.72277399e-01,0.00000000e+00
5.50550551e+01,1.55035025e+00,1.62818137e+03,1.86388862e+06,4.16918748e+03,0.00000000e+00,2.27705131e-01,7.72294869e-01,0.00000000e+00
5.51551552e+01,1.54253596e+00,1.63344151e+03,1.85330277e+06,4.16650591e+03,0.00000000e+00,2.27698535e-01,7.72301465e-01,0.00000000e+00
5.52552553e+01,1.53454830e+00,1.63870501e+03,1.84276406e+06,4.16438008e+03,0.00000000e+00,2.27703244e-01,7.72296756e-01,0.00000000e+00
5.53553554e+01,1.52637885e+00,1.64397224e+03,1.83227588e+06,4.16284871e+03,0.00000000e+00,2.27719644e-01,7.72280356e-01,0.00000000e+00
5.54554555e+01,1.51802210e+00,1.64924258e+03,1.82184458e+06,4.16195054e+03,0.00000000e+00,2.27748052e-01,7.72251948e-01,0.00000000e+00
5.55555556e+01,1.50947450e+00,1.65451456e+03,1.81147827e+06,4.16172418e+03,0.00000000e+00,2.27788690e-01,7.72211310e-01,0.00000000e+00
5.56556557e+01,1.50073311e+00,1.65978667e+03,1.80118440e+06,4.16220635e+03,0.00000000e+00,2.27841677e-01,7.72158323e-01,0.00000000e+00
5.57557558e+01,1.49179439e+00,1.66505807e+03,1.79096764e+06,4.16343036e+03,0.00000000e+00,2.27907059e-01,7.72092941e-01,0.00000000e+00
5.58558559e+01,1.48265386e+00,1.67032864e+03,1.78082967e+06,4.16542647e+03,0.00000000e+00,2.27984821e-01,7.72015179e-01,0.00000000e+00
5.59559560e+01,1.47330641e+00,1.67559840e+03,1.77077058e+06,4.16822448e+03,0.00000000e+00,2.28074880e-01,7.71925120e-01,0.00000000e+00
5.60560561e+01,1.46374638e+00,1.68086716e+03,1.76079030e+06,4.17185661e+03,0.00000000e+00,2.28177077e-01,7.71822923e-01,0.00000000e+00
5.61561562e+01,1.45396710e+00,1.68613485e+03,1.75088864e+06,4.17635942e+03,0.00000000e+00,2.28291163e-01,7.71708837e-01,0.00000000e+00
5.62562563e+01,1.44396050e+00,1.69140187e+03,1.74106519e+06,4.18177474e+03,0.00000000e+00,2.28416791e-01,7.71583209e-01,0.00000000e+00
5.63563564e+01,1.43371783e+00,1.69666867e+03,1.73132034e+06,4.18815042e+03,0.00000000e+00,2.28553479e-01,7.71446521e-01,0.00000000e+00
5.64564565e+01,1.42323068e+00,1.70193518e+03,1.72165634e+06,4.19554020e+03,0.00000000e+00,2.28700584e-01,7.71299416e-01,0.00000000e+00
5.65565566e+01,1.41249101e+00,1.70720111e+03,1.71207627e+06,4.20400150e+03,0.00000000e+00,2.28857305e-01,7.71142695e-01,0.00000000e+00
5.66566567e+01,1.40149090e+00,1.71246674e+03,1.70258238e+06,4.21359228e+03,0.00000000e+00,2.29022707e-01,7.70977293e-01,0.00000000e+00
5.67567568e+01,1.39022420e+00,1.71773204e+03,1.69317736e+06,4.22436951e+03,0.00000000e+00,2.29195701e-01,7.70804299e-01,0.00000000e+00
5.68568569e+01,1.37868813e+00,1.72299580e+03,1.68386568e+06,4.23638752e+03,0.00000000e+00,2.29375001e-01,7.70624999e-01,0.00000000e+00
5.69569570e+01,1.36688154e+00,1.72825795e+03,1.67464914e+06,4.24969228e+03,0.00000000e+00,2.29559203e-01,7.70440797e-01,0.00000000e+00
5.70570571e+01,1.35480302e+00,1.73352210e+03,1.66552248e+06,4.26431550e+03,0.00000000e+00,2.29746913e-01,7.70253087e-01,0.00000000e+00
5.71571572e+01,1.34245500e+00,1.73879224e+03,1.65647937e+06,4.28027673e+03,0.00000000e+00,2.29936697e-01,7.70063303e-01,0.00000000e+00
5.72572573e+01,1.32984873e+00,1.74406821e+03,1.64752068e+06,4.29758805e+03,0.00000000e+00,2.30126978e-01,7.69873022e-01,0.00000000e+00
5.73573574e+01,1.31700286e+00,1.74934794e+03,1.63865246e+06,4.31625232e+03,0.00000000e+00,2.30316187e-01,7.69683813e-01,0.00000000e+00
5.74574575e+01,1.30394670e+00,1.75463556e+03,1.62989092e+06,4.33626636e+03,0.00000000e+00,2.30505778e-01,7.69494222e-01,0.00000000e+00
5.75575576e+01,1.29081290e+00,1.75992240e+03,1.62125957e+06,4.35730207e+03,0.00000000e+00,2.30706258e-01,7.69293742e-01,0.00000000e+00
5.76576577e+01,1.27809020e+00,1.76518921e+03,1.61267635e+06,4.37748928e+03,0.00000000e+00,2.30903106e-01,7.69096894e-01,0.00000000e+00
5.77577578e+01,1.26590141e+00,1.77046376e+03,1.60417568e+06,4.39644900e+03,0.00000000e+00,2.31093655e-01,7.68906345e-01,0.00000000e+00
5.78578579e+01,1.25421922e+00,1.77574007e+03,1.59576776e+06,4.41424481e+03,0.00000000e+00,2.31276594e-01,7.68723406e-01,0.00000000e+00
5.79579580e+01,1.24300854e+00,1.78101564e+03,1.58743777e+06,4.43090668e+03,0.00000000e+00,2.31452994e-01,7.68547006e-01,0.00000000e+00
5.80580581e+01,1.23225536e+00,1.78628907e+03,1.57918968e+06,4.44644483e+03,0.00000000e+00,2.31620270e-01,7.68379730e-01,0.00000000e+00
5.81581582e+01,1.22192823e+00,1.79156024e+03,1.57101260e+06,4.46089619e+03,0.00000000e+00,2.31778579e-01,7.68221421e-01,0.00000000e+00
5.82582583e+01,1.21200631e+00,1.79682825e+03,1.56290253e+06,4.47428350e+03,0.00000000e+00,2.31928306e-01,7.68071694e-01,0.00000000e+00
5.83583584e+01,1.20248308e+00,1.80210192e+03,1.55487946e+06,4.48664725e+03,0.00000000e+00,2.32066333e-01,7.67933667e-01,0.00000000e+00
5.84584585e+01,1.19333159e+00,1.80738599e+03,1.54693731e+06,4.49803478e+03,0.00000000e+00,2.32193037e-01,7.67806963e-01,0.00000000e+00
5.85585586e+01,1.18453026e+00,1.81267967e+03,1.53906588e+06,4.50846533e+03,0.00000000e+00,2.32308770e-01,7.67691230e-01,0.00000000e+00
5.86586587e+01,1.17606693e+00,1.81796952e+03,1.53126105e+06,4.51794220e+03,0.00000000e+00,2.32412759e-01,7.67587241e-01,0.00000000e+00
5.87587588e+01,1.16791450e+00,1.82325379e+03,1.52350408e+06,4.52648568e+03,0.00000000e+00,2.32504452e-01,7.67495548e-01,0.00000000e+00
5.88588589e+01,1.16005038e+00,1.82851892e+03,1.51578865e+06,4.53414054e+03,0.00000000e+00,2.32586955e-01,7.67413045e-01,0.00000000e+00
5.89589590e+01,1.15248044e+00,1.83377337e+03,1.50813814e+06,4.54092872e+03,0.00000000e+00,2.32657795e-01,7.67342205e-01,0.00000000e+00
5.90590591e+01,1.14518991e+00,1.83904004e+03,1.50054050e+06,4.54684945e+03,0.00000000e+00,2.32716011e-01,7.67283989e-01,0.00000000e+00
5.91591592e+01,1.13816751e+00,1.84431625e+03,1.49300820e+06,4.55196562e+03,0.00000000e+00,2.32762587e-01,7.67237413e-01,0.00000000e+00
5.92592593e+01,1.13139955e+00,1.84960577e+03,1.48553293e+06,4.55628790e+03,0.00000000e+00,2.32796975e-01,7.67203025e-01,0.00000000e+00
5.93593594e+01,1.12486103e+00,1.85490655e+03,1.47808583e+06,4.55981219e+03,0.00000000e+00,2.32820247e-01,7.67179753e-01,0.00000000e+00
5.94594595e+01,1.11853681e+00,1.86020892e+03,1.47066161e+06,4.56256847e+03,0.00000000e+00,2.32833597e-01,7.67166403e-01,0.00000000e+00
5.95595596e+01,1.11242756e+00,1.86550452e+03,1.46329007e+06,4.56463261e+03,0.00000000e+00,2.32837651e-01,7.67162349e-01,0.00000000e+00
5.96596597e+01,1.10653333e+00,1.87080194e+03,1.45597441e+06,4.56600104e+03,0.00000000e+00,2.32830830e-01,7.67169170e-01,0.00000000e+00
5.97597598e+01,1.10083765e+00,1.87610818e+03,1.44871465e+06,4.56673050e+03,0.00000000e+00,2.32813563e-01,7.67186437e-01,0.00000000e+00
5.98598599e+01,1.09533223e+00,1.88141101e+03,1.44153097e+06,4.56690975e+03,0.00000000e+00,2.32786943e-01,7.67213057e-01,0.00000000e+00
5.99599600e+01,1.09000248e+00,1.88669685e+03,1.43440338e+06,4.56652907e+03,0.00000000e+00,2.32752752e-01,7.67247248e-01,0.00000000e+00
6.00600601e+01,1.08482956e+00,1.89196931e+03,1.42730895e+06,4.56558609e+03,0.00000000e+00,2.32710443e-01,7.67289557e-01,0.00000000e+00
6.01601602e+01,1.07979076e+00,1.89724074e+03,1.42024331e+06,4.56415611e+03,0.00000000e+00,2.32661750e-01,7.67338250e-01,0.00000000e+00
6.02602603e+01,1.07489094e+00,1.90250999e+03,1.41322605e+06,4.56227565e+03,0.00000000e+00,2.32606902e-01,7.67393098e-01,0.00000000e+00
6.03603604e+01,1.07012837e+00,1.90777923e+03,1.40626387e+06,4.55996810e+03,0.00000000e+00,2.32545400e-01,7.67454600e-01,0.00000000e+00
6.04604605e+01,1.06548264e+00,1.91306037e+03,1.39934330e+06,4.55727265e+03,0.00000000e+00,2.32478161e-01,7.67521839e-01,0.00000000e+00
6.05605606e+01,1.06093846e+00,1.91835828e+03,1.39245163e+06,4.55421022e+03,0.00000000e+00,2.32406934e-01,7.67593066e-01,0.00000000e+00
6.06606607e+01,1.05649550e+00,1.92367137e+03,1.38559537e+06,4.55079981e+03,0.00000000e+00,2.32331745e-01,7.67668255e-01,0.00000000e+00
6.07607608e+01,1.05215219e+00,1.92898761e+03,1.37878041e+06,4.54706461e+03,0.00000000e+00,2.32253170e-01,7.67746830e-01,0.00000000e+00
6.08608609e+01,1.04789711e+00,1.93430525e+03,1.37199827e+06,4.54302336e+03,0.00000000e+00,2.32171776e-01,7.67828224e-01,0.00000000e+00
6.09609610e+01,1.04371769e+00,1.93962312e+03,1.36523340e+06,4.53867663e+03,0.00000000e+00,2.32088012e-01,7.67911988e-01,0.00000000e+00
6.10610611e+01,1.03960399e+00,1.94493648e+03,1.35848353e+06,4.53405828e+03,0.00000000e+00,2.32003185e-01,7.67996815e-01,0.00000000e+00
6.11611612e+01,1.03555834e+00,1.95023906e+03,1.35176574e+06,4.52921272e+03,0.00000000e+00,2.31916949e-01,7.68083051e-01,0.00000000e+00
6.12612613e+01,1.03157236e+00,1.95553433e+03,1.34507579e+06,4.52416171e+03,0.00000000e+00,2.31830926e-01,7.68169074e-01,0.00000000e+00
6.13613614e+01,1.02764927e+00,1.96083272e+03,1.33842900e+06,4.51894127e+03,0.00000000e+00,2.31745070e-01,7.68254930e-01,0.00000000e+00
6.14614615e+01,1.02379363e+00,1.96614153e+03,1.33183513e+06,4.51356274e+03,0.00000000e+00,2.31658256e-01,7.68341744e-01,0.00000000e+00
6.15615616e+01,1.01999201e+00,1.97146777e+03,1.32528051e+06,4.50803882e+03,0.00000000e+00,2.31571389e-01,7.68428611e-01,0.00000000e+00
6.16616617e+01,1.01623809e+00,1.97680138e+03,1.31876301e+06,4.50238970e+03,0.00000000e+00,2.31485097e-01,7.68514903e-01,0.00000000e+00
6.17617618e+01,1.01252461e+00,1.98212437e+03,1.31227914e+06,4.49663572e+03,0.00000000e+00,2.31400237e-01,7.68599763e-01,0.00000000e+00
6.18618619e+01,1.00883810e+00,1.98743488e+03,1.30580638e+06,4.49075926e+03,0.00000000e+00,2.31317535e-01,7.68682465e-01,0.00000000e+00
6.19619620e+01,1.00516887e+00,1.99274477e+03,1.29933687e+06,4.48477550e+03,0.00000000e+00,2.31237017e-01,7.68762983e-01,0.00000000e+00
6.20620621e+01,1.00151311e+00,1.99805709e+03,1.29286986e+06,4.47869806e+03,0.00000000e+00,2.31158635e-01,7.68841365e-01,0.00000000e+00
6.21621622e+01,9.97872006e-01,2.00336731e+03,1.28641004e+06,4.47253736e+03,0.00000000e+00,2.31082932e-01,7.68917068e-01,0.00000000e+00
6.22622623e+01,9.94251835e-01,2.00866872e+03,1.27997133e+06,4.46631327e+03,0.00000000e+00,2.31010144e-01,7.68989856e-01,0.00000000e+00
6.23623624e+01,9.90662352e-01,2.01397002e+03,1.27357025e+06,4.46003896e+03,0.00000000e+00,2.30939516e-01,7.69060484e-01,0.00000000e+00
6.24624625e+01,9.87097540e-01,2.01928189e+03,1.26720076e+06,4.45372036e+03,0.00000000e+00,2.30871005e-01,7.69128995e-01,0.00000000e+00
6.25625626e+01,9.83550144e-01,2.02460857e+03,1.26085277e+06,4.44735505e+03,0.00000000e+00,2.30805297e-01,7.69194703e-01,0.00000000e+00
6.26626627e+01,9.80021977e-01,2.02994463e+03,1.25453272e+06,4.44095743e+03,0.00000000e+00,2.30742493e-01,7.69257507e-01,0.00000000e+00
6.27627628e+01,9.76515786e-01,2.03528003e+03,1.24824699e+06,4.43453776e+03,0.00000000e+00,2.30682629e-01,7.69317371e-01,0.00000000e+00
6.28628629e+01,9.73029536e-01,2.04061246e+03,1.24199565e+06,4.42810579e+03,0.00000000e+00,2.30625848e-01,7.69374152e-01,0.00000000e+00
6.29629630e+01,9.69561623e-01,2.04594377e+03,1.23577858e+06,4.42166858e+03,0.00000000e+00,2.30572068e-01,7.69427932e-01,0.00000000e+00
6.30630631e+01,9.66112353e-01,2.05127196e+03,1.22959470e+06,4.41522108e+03,0.00000000e+00,2.30521194e-01,7.69478806e-01,0.00000000e+00
6.31631632e+01,9.62681646e-01,2.05659423e+03,1.22344358e+06,4.40876243e+03,0.00000000e+00,2.30473335e-01,7.69526665e-01,0.00000000e+00
6.32632633e+01,9.59268512e-01,2.06190861e+03,1.21732776e+06,4.40230656e+03,0.00000000e+00,2.30428467e-01,7.69571533e-01,0.00000000e+00
6.33633634e+01,9.55870743e-01,2.06721981e+03,1.21124597e+06,4.39585912e+03,0.00000000e+00,2.30386221e-01,7.69613779e-01,0.00000000e+00
6.34634635e+01,9.52491850e-01,2.07253364e+03,1.20520166e+06,4.38941684e+03,0.00000000e+00,2.30346386e-01,7.69653614e-01,0.00000000e+00
6.35635636e+01,9.49135113e-01,2.07784902e+03,1.19920267e+06,4.38299366e+03,0.00000000e+00,2.30309134e-01,7.69690866e-01,0.00000000e+00
6.36636637e+01,9.45800404e-01,2.08316529e+03,1.19325321e+06,4.37660616e+03,0.00000000e+00,2.30274179e-01,7.69725821e-01,0.00000000e+00
6.37637638e+01,9.42484495e-01,2.08848304e+03,1.18734798e+06,4.37025056e+03,0.00000000e+00,2.30241535e-01,7.69758465e-01,0.00000000e+00
6.38638639e+01,9.39183850e-01,2.09380408e+03,1.18147960e+06,4.36391677e+03,0.00000000e+00,2.30211264e-01,7.69788736e-01,0.00000000e+00
6.39639640e+01,9.35895781e-01,2.09913156e+03,1.17564449e+06,4.35760452e+03,0.00000000e+00,2.30183294e-01,7.69816706e-01,0.00000000e+00
6.40640641e+01,9.32617927e-01,2.10446888e+03,1.16984058e+06,4.35131746e+03,0.00000000e+00,2.30157426e-01,7.69842574e-01,0.00000000e+00
6.41641642e+01,9.29350746e-01,2.10981531e+03,1.16406681e+06,4.34504989e+03,0.00000000e+00,2.30133441e-01,7.69866559e-01,0.00000000e+00
6.42642643e+01,9.26095674e-01,2.11516826e+03,1.15832222e+06,4.33879177e+03,0.00000000e+00,2.30111236e-01,7.69888764e-01,0.00000000e+00
6.43643644e+01,9.22853497e-01,2.12052384e+03,1.15260543e+06,4.33253457e+03,0.00000000e+00,2.30090828e-01,7.69909172e-01,0.00000000e+00
6.44644645e+01,9.19622514e-01,2.12588122e+03,1.14691839e+06,4.32629391e+03,0.00000000e+00,2.30072171e-01,7.69927829e-01,0.00000000e+00
6.45645646e+01,9.16401336e-01,2.13123783e+03,1.14126079e+06,4.32007546e+03,0.00000000e+00,2.30055128e-01,7.69944872e-01,0.00000000e+00
6.46646647e+01,9.13186639e-01,2.13659461e+03,1.13562626e+06,4.31387108e+03,0.00000000e+00,2.30039588e-01,7.69960412e-01,0.00000000e+00
6.47647648e+01,9.09975772e-01,2.14195012e+03,1.13001095e+06,4.30767887e+03,0.00000000e+00,2.30025440e-01,7.69974560e-01,0.00000000e+00
6.48648649e+01,9.06765139e-01,2.14730713e+03,1.12441313e+06,4.30150935e+03,0.00000000e+00,2.30012502e-01,7.69987498e-01,0.00000000e+00
6.49649650e+01,9.03555971e-01,2.15266097e+03,1.11883404e+06,4.29536149e+03,0.00000000e+00,2.30000525e-01,7.69999475e-01,0.00000000e+00
6.50650651e+01,9.00348119e-01,2.15801170e+03,1.11327075e+06,4.28922499e+03,0.00000000e+00,2.29989436e-01,7.70010564e-01,0.00000000e+00
6.51651652e+01,8.97140401e-01,2.16336237e+03,1.10771931e+06,4.28309034e+03,0.00000000e+00,2.29979206e-01,7.70020794e-01,0.00000000e+00
6.52652653e+01,8.93933631e-01,2.16871095e+03,1.10217875e+06,4.27694981e+03,0.00000000e+00,2.29969794e-01,7.70030206e-01,0.00000000e+00
6.53653654e+01,8.90727053e-01,2.17405859e+03,1.09664741e+06,4.27080060e+03,0.00000000e+00,2.29961192e-01,7.70038808e-01,0.00000000e+00
6.54654655e+01,8.87520086e-01,2.17940664e+03,1.09112484e+06,4.26464351e+03,0.00000000e+00,2.29953332e-01,7.70046668e-01,0.00000000e+00
6.55655656e+01,8.84315604e-01,2.18475053e+03,1.08561501e+06,4.25848016e+03,0.00000000e+00,2.29946052e-01,7.70053948e-01,0.00000000e+00
6.56656657e+01,8.81117087e-01,2.19008476e+03,1.08012195e+06,4.25230947e+03,0.00000000e+00,2.29939234e-01,7.70060766e-01,0.00000000e+00
6.57657658e+01,8.77926759e-01,2.19540655e+03,1.07464749e+06,4.24612800e+03,0.00000000e+00,2.29932842e-01,7.70067158e-01,0.00000000e+00
6.58658659e+01,8.74745451e-01,2.20071491e+03,1.06919217e+06,4.23993390e+03,0.00000000e+00,2.29926932e-01,7.70073068e-01,0.00000000e+00
6.59659660e+01,8.71572846e-01,2.20600994e+03,1.06375822e+06,4.23373768e+03,0.00000000e+00,2.29921473e-01,7.70078527e-01,0.00000000e+00
6.60660661e+01,8.68409424e-01,2.21129135e+03,1.05835029e+06,4.22755556e+03,0.00000000e+00,2.29916293e-01,7.70083707e-01,0.00000000e+00
6.61661662e+01,8.65255724e-01,2.21655972e+03,1.05296871e+06,4.22138658e+03,0.00000000e+00,2.29911313e-01,7.70088687e-01,0.00000000e+00
6.62662663e+01,8.62110872e-01,2.22181988e+03,1.04761304e+06,4.21523359e+03,0.00000000e+00,2.29906484e-01,7.70093516e-01,0.00000000e+00
6.63663664e+01,8.58974033e-01,2.22707783e+03,1.04228029e+06,4.20908891e+03,0.00000000e+00,2.29901751e-01,7.70098249e-01,0.00000000e+00
6.64664665e+01,8.55844745e-01,2.23233788e+03,1.03696512e+06,4.20293343e+03,0.00000000e+00,2.29897149e-01,7.70102851e-01,0.00000000e+00
6.65665666e+01,8.52721549e-01,2.23760394e+03,1.03166449e+06,4.19676210e+03,0.00000000e+00,2.29892757e-01,7.70107243e-01,0.00000000e+00
6.66666667e+01,8.49602212e-01,2.24287995e+03,1.02637758e+06,4.19058250e+03,0.00000000e+00,2.29888546e-01,7.70111454e-01,0.00000000e+00
6.67667668e+01,8.46485097e-01,2.24816950e+03,1.02110445e+06,4.18440287e+03,0.00000000e+00,2.29884346e-01,7.70115654e-01,0.00000000e+00
6.68668669e+01,8.43370745e-01,2.25347163e+03,1.01584211e+06,4.17820824e+03,0.00000000e+00,2.29880063e-01,7.70119937e-01,0.00000000e+00
6.69669670e+01,8.40258157e-01,2.25878945e+03,1.01058679e+06,4.17198788e+03,0.00000000e+00,2.29875741e-01,7.70124259e-01,0.00000000e+00
6.70670671e+01,8.37147853e-01,2.26412240e+03,1.00533784e+06,4.16573636e+03,0.00000000e+00,2.29871436e-01,7.70128564e-01,0.00000000e+00
6.71671672e+01,8.34041740e-01,2.26946615e+03,1.00010030e+06,4.15946482e+03,0.00000000e+00,2.29867175e-01,7.70132825e-01,0.00000000e+00
6.72672673e+01,8.30942376e-01,2.27481545e+03,9.94881595e+05,4.15319128e+03,0.00000000e+00,2.29862877e-01,7.70137123e-01,0.00000000e+00
6.73673674e+01,8.27853617e-01,2.28016130e+03,9.89688629e+05,4.14692543e+03,0.00000000e+00,2.29858445e-01,7.70141555e-01,0.00000000e+00
6.74674675e+01,8.24777545e-01,2.28549860e+03,9.84529147e+05,4.14068970e+03,0.00000000e+00,2.29853771e-01,7.70146229e-01,0.00000000e+00
6.75675676e+01,8.21714680e-01,2.29082663e+03,9.79403433e+05,4.13448321e+03,0.00000000e+00,2.29848748e-01,7.70151252e-01,0.00000000e+00
6.76676677e+01,8.18664255e-01,2.29614766e+03,9.74304373e+05,4.12828035e+03,0.00000000e+00,2.29843387e-01,7.70156613e-01,0.00000000e+00
6.77677678e+01,8.15625377e-01,2.30146296e+03,9.69228530e+05,4.12207134e+03,0.00000000e+00,2.29837753e-01,7.70162247e-01,0.00000000e+00
6.78678679e+01,8.12597190e-01,2.30677162e+03,9.64174317e+05,4.11585402e+03,0.00000000e+00,2.29831921e-01,7.70168079e-01,0.00000000e+00
6.79679680e+01,8.09576890e-01,2.31207571e+03,9.59136574e+05,4.10962068e+03,0.00000000e+00,2.29825983e-01,7.70174017e-01,0.00000000e+00
6.80680681e+01,8.06561279e-01,2.31737875e+03,9.54114360e+05,4.10338357e+03,0.00000000e+00,2.29819919e-01,7.70180081e-01,0.00000000e+00
6.81681682e+01,8.03549286e-01,2.32268042e+03,9.49107963e+05,4.09714939e+03,0.00000000e+00,2.29813658e-01,7.70186342e-01,0.00000000e+00
6.82682683e+01,8.00539889e-01,2.32798232e+03,9.44116371e+05,4.09091912e+03,0.00000000e+00,2.29807177e-01,7.70192823e-01,0.00000000e+00
6.83683684e+01,7.97532918e-01,2.33328601e+03,9.39139003e+05,4.08469116e+03,0.00000000e+00,2.29800425e-01,7.70199575e-01,0.00000000e+00
6.84684685e+01,7.94529978e-01,2.33858965e+03,9.34176239e+05,4.07845900e+03,0.00000000e+00,2.29793362e-01,7.70206638e-01,0.00000000e+00
6.85685686e+01,7.91532503e-01,2.34389421e+03,9.29232424e+05,4.07223434e+03,0.00000000e+00,2.29785955e-01,7.70214045e-01,0.00000000e+00
6.86686687e+01,7.88543209e-01,2.34919970e+03,9.24309508e+05,4.06601196e+03,0.00000000e+00,2.29778193e-01,7.70221807e-01,0.00000000e+00
6.87687688e+01,7.85565374e-01,2.35450334e+03,9.19408804e+05,4.05978099e+03,0.00000000e+00,2.29770165e-01,7.70229835e-01,0.00000000e+00
6.88688689e+01,7.82600801e-01,2.35980398e+03,9.14535039e+05,4.05355326e+03,0.00000000e+00,2.29761939e-01,7.70238061e-01,0.00000000e+00
6.89689690e+01,7.79650838e-01,2.36509792e+03,9.09689270e+05,4.04732687e+03,0.00000000e+00,2.29753617e-01,7.70246383e-01,0.00000000e+00
6.90690691e+01,7.76712551e-01,2.37039164e+03,9.04866273e+05,4.04109418e+03,0.00000000e+00,2.29745276e-01,7.70254724e-01,0.00000000e+00
6.91691692e+01,7.73786859e-01,2.37568006e+03,9.00071483e+05,4.03487494e+03,0.00000000e+00,2.29736867e-01,7.70263133e-01,0.00000000e+00
6.92692693e+01,7.70873160e-01,2.38096118e+03,8.95299569e+05,4.02864878e+03,0.00000000e+00,2.29728434e-01,7.70271566e-01,0.00000000e+00
6.93693694e+01,7.67970254e-01,2.38623518e+03,8.90554430e+05,4.02243979e+03,0.00000000e+00,2.29719936e-01,7.70280064e-01,0.00000000e+00
6.94694695e+01,7.65079678e-01,2.39149463e+03,8.85837959e+05,4.01624894e+03,0.00000000e+00,2.29711321e-01,7.70288679e-01,0.00000000e+00
6.95695696e+01,7.62198807e-01,2.39674412e+03,8.81143064e+05,4.01005829e+03,0.00000000e+00,2.29702700e-01,7.70297300e-01,0.00000000e+00
6.96696697e+01,7.59326340e-01,2.40198579e+03,8.76466936e+05,4.00386217e+03,0.00000000e+00,2.29694144e-01,7.70305856e-01,0.00000000e+00
6.97697698e+01,7.56465050e-01,2.40721092e+03,8.71818249e+05,3.99768585e+03,0.00000000e+00,2.29685670e-01,7.70314330e-01,0.00000000e+00
6.98698699e+01,7.53615611e-01,2.41241837e+03,8.67200165e+05,3.99154064e+03,0.00000000e+00,2.29676957e-01,7.70323043e-01,0.00000000e+00
6.99699700e+01,7.50776037e-01,2.41761853e+03,8.62608374e+05,3.98541791e+03,0.00000000e+00,2.29668176e-01,7.70331824e-01,0.00000000e+00
7.00700701e+01,7.47948690e-01,2.42281537e+03,8.58046471e+05,3.97932253e+03,0.00000000e+00,2.29659871e-01,7.70340129e-01,0.00000000e+00
7.01701702e+01,7.45141527e-01,2.42800839e+03,8.53521351e+05,3.97324456e+03,0.00000000e+00,2.29651563e-01,7.70348437e-01,0.00000000e+00
7.02702703e+01,7.42352717e-01,2.43319600e+03,8.49037240e+05,3.96721413e+03,0.00000000e+00,2.29643125e-01,7.70356875e-01,0.00000000e+00
7.03703704e+01,7.39577207e-01,2.43838238e+03,8.44586991e+05,3.96122594e+03,0.00000000e+00,2.29634852e-01,7.70365148e-01,0.00000000e+00
7.04704705e+01,7.36812130e-01,2.44357228e+03,8.40161440e+05,3.95525311e+03,0.00000000e+00,2.29626909e-01,7.70373091e-01,0.00000000e+00
7.05705706e+01,7.34056670e-01,2.44876712e+03,8.35763763e+05,3.94931546e+03,0.00000000e+00,2.29619277e-01,7.70380723e-01,0.00000000e+00
7.06706707e+01,7.31311644e-01,2.45396423e+03,8.31393504e+05,3.94340701e+03,0.00000000e+00,2.29611876e-01,7.70388124e-01,0.00000000e+00
7.07707708e+01,7.28577260e-01,2.45916140e+03,8.27047892e+05,3.93751404e+03,0.00000000e+00,2.29604739e-01,7.70395261e-01,0.00000000e+00
7.08708709e+01,7.25852650e-01,2.46435847e+03,8.22730533e+05,3.93165891e+03,0.00000000e+00,2.29597873e-01,7.70402127e-01,0.00000000e+00
7.09709710e+01,7.23135975e-01,2.46955886e+03,8.18437310e+05,3.92583252e+03,0.00000000e+00,2.29591251e-01,7.70408749e-01,0.00000000e+00
7.10710711e+01,7.20425049e-01,2.47476592e+03,8.14158388e+05,3.91999996e+03,0.00000000e+00,2.29584956e-01,7.70415044e-01,0.00000000e+00
7.11711712e+01,7.17717254e-01,2.47998220e+03,8.09889376e+05,3.91415440e+03,0.00000000e+00,2.29579076e-01,7.70420924e-01,0.00000000e+00
7.12712713e+01,7.15010301e-01,2.48520992e+03,8.05630105e+05,3.90830745e+03,0.00000000e+00,2.29573580e-01,7.70426420e-01,0.00000000e+00
7.13713714e+01,7.12302691e-01,2.49044952e+03,8.01379368e+05,3.90246144e+03,0.00000000e+00,2.29568491e-01,7.70431509e-01,0.00000000e+00
7.14714715e+01,7.09592597e-01,2.49570286e+03,7.97133875e+05,3.89661038e+03,0.00000000e+00,2.29563900e-01,7.70436100e-01,0.00000000e+00
7.15715716e+01,7.06878505e-01,2.50097260e+03,7.92890243e+05,3.89074592e+03,0.00000000e+00,2.29559938e-01,7.70440062e-01,0.00000000e+00
7.16716717e+01,7.04160575e-01,2.50626081e+03,7.88647906e+05,3.88486406e+03,0.00000000e+00,2.29556443e-01,7.70443557e-01,0.00000000e+00
7.17717718e+01,7.01444012e-01,2.51155877e+03,7.84413573e+05,3.87896880e+03,0.00000000e+00,2.29553222e-01,7.70446778e-01,0.00000000e+00
7.18718719e+01,6.98731680e-01,2.51686068e+03,7.80189986e+05,3.87305784e+03,0.00000000e+00,2.29550474e-01,7.70449526e-01,0.00000000e+00
7.19719720e+01,6.96024332e-01,2.52216668e+03,7.75977075e+05,3.86712662e+03,0.00000000e+00,2.29548287e-01,7.70451713e-01,0.00000000e+00
7.20720721e+01,6.93323307e-01,2.52747494e+03,7.71779733e+05,3.86119204e+03,0.00000000e+00,2.29546637e-01,7.70453363e-01,0.00000000e+00
7.21721722e+01,6.90630161e-01,2.53278380e+03,7.67598638e+05,3.85524891e+03,0.00000000e+00,2.29545495e-01,7.70454505e-01,0.00000000e+00
7.22722723e+01,6.87946689e-01,2.53809051e+03,7.63436871e+05,3.84930281e+03,0.00000000e+00,2.29544818e-01,7.70455182e-01,0.00000000e+00
7.23723724e+01,6.85275072e-01,2.54339029e+03,7.59300922e+05,3.84337467e+03,0.00000000e+00,2.29544803e-01,7.70455197e-01,0.00000000e+00
7.24724725e+01,6.82617378e-01,2.54867900e+03,7.55194002e+05,3.83746965e+03,0.00000000e+00,2.29545375e-01,7.70454625e-01,0.00000000e+00
7.25725726e+01,6.79974484e-01,2.55395886e+03,7.51113647e+05,3.83157080e+03,0.00000000e+00,2.29546398e-01,7.70453602e-01,0.00000000e+00
7.26726727e+01,6.77345192e-01,2.55923147e+03,7.47058933e+05,3.82568075e+03,0.00000000e+00,2.29548105e-01,7.70451895e-01,0.00000000e+00
7.27727728e+01,6.74730646e-01,2.56449659e+03,7.43031419e+05,3.81980133e+03,0.00000000e+00,2.29550254e-01,7.70449746e-01,0.00000000e+00
7.28728729e+01,6.72130850e-01,2.56975127e+03,7.39032298e+05,3.81393921e+03,0.00000000e+00,2.29552834e-01,7.70447166e-01,0.00000000e+00
7.29729730e+01,6.69544250e-01,2.57499662e+03,7.35060351e+05,3.80809757e+03,0.00000000e+00,2.29556024e-01,7.70443976e-01,0.00000000e+00
7.30730731e+01,6.66970585e-01,2.58023241e+03,7.31116769e+05,3.80228474e+03,0.00000000e+00,2.29559935e-01,7.70440065e-01,0.00000000e+00
7.31731732e+01,6.64409504e-01,2.58545973e+03,7.27199029e+05,3.79649031e+03,0.00000000e+00,2.29564777e-01,7.70435223e-01,0.00000000e+00
7.32732733e+01,6.61861546e-01,2.59068229e+03,7.23302885e+05,3.79068950e+03,0.00000000e+00,2.29570560e-01,7.70429440e-01,0.00000000e+00
7.33733734e+01,6.59328531e-01,2.59590277e+03,7.19428463e+05,3.78487255e+03,0.00000000e+00,2.29576822e-01,7.70423178e-01,0.00000000e+00
7.34734735e+01,6.56811125e-01,2.60111983e+03,7.15577480e+05,3.77904479e+03,0.00000000e+00,2.29583321e-01,7.70416679e-01,0.00000000e+00
7.35735736e+01,6.54307949e-01,2.60633106e+03,7.11749409e+05,3.77321178e+03,0.00000000e+00,2.29590279e-01,7.70409721e-01,0.00000000e+00
7.36736737e+01,6.51817577e-01,2.61153704e+03,7.07943224e+05,3.76737661e+03,0.00000000e+00,2.29597689e-01,7.70402311e-01,0.00000000e+00
7.37737738e+01,6.49338720e-01,2.61673917e+03,7.04158821e+05,3.76154648e+03,0.00000000e+00,2.29605483e-01,7.70394517e-01,0.00000000e+00
7.38738739e+01,6.46870240e-01,2.62193900e+03,7.00395717e+05,3.75572578e+03,0.00000000e+00,2.29613668e-01,7.70386332e-01,0.00000000e+00
7.39739740e+01,6.44411303e-01,2.62713831e+03,6.96651894e+05,3.74990889e+03,0.00000000e+00,2.29622254e-01,7.70377746e-01,0.00000000e+00
7.40740741e+01,6.41960593e-01,2.63233893e+03,6.92924163e+05,3.74408658e+03,0.00000000e+00,2.29631296e-01,7.70368704e-01,0.00000000e+00
7.41741742e+01,6.39516149e-01,2.63754442e+03,6.89212302e+05,3.73826927e+03,0.00000000e+00,2.29640798e-01,7.70359202e-01,0.00000000e+00
7.42742743e+01,6.37076620e-01,2.64275914e+03,6.85518369e+05,3.73247625e+03,0.00000000e+00,2.29650626e-01,7.70349374e-01,0.00000000e+00
7.43743744e+01,6.34642327e-01,2.64798354e+03,6.81838436e+05,3.72668453e+03,0.00000000e+00,2.29660706e-01,7.70339294e-01,0.00000000e+00
7.44744745e+01,6.32213264e-01,2.65321696e+03,6.78168506e+05,3.72087243e+03,0.00000000e+00,2.29671140e-01,7.70328860e-01,0.00000000e+00
7.45745746e+01,6.29787943e-01,2.65846229e+03,6.74511643e+05,3.71506551e+03,0.00000000e+00,2.29681955e-01,7.70318045e-01,0.00000000e+00
7.46746747e+01,6.27364859e-01,2.66372253e+03,6.70865651e+05,3.70926067e+03,0.00000000e+00,2.29693081e-01,7.70306919e-01,0.00000000e+00
7.47747748e+01,6.24941935e-01,2.66900441e+03,6.67225248e+05,3.70344097e+03,0.00000000e+00,2.29704489e-01,7.70295511e-01,0.00000000e+00
7.48748749e+01,6.22517058e-01,2.67431435e+03,6.63586139e+05,3.69759497e+03,0.00000000e+00,2.29716435e-01,7.70283565e-01,0.00000000e+00
7.49749750e+01,6.20091852e-01,2.67965565e+03,6.59945215e+05,3.69169505e+03,0.00000000e+00,2.29728489e-01,7.70271511e-01,0.00000000e+00
7.50750751e+01,6.17674877e-01,2.68499990e+03,6.56324528e+05,3.68581345e+03,0.00000000e+00,2.29740947e-01,7.70259053e-01,0.00000000e+00
7.51751752e+01,6.15271548e-01,2.69033902e+03,6.52725922e+05,3.67992842e+03,0.00000000e+00,2.29753328e-01,7.70246672e-01,0.00000000e+00
7.52752753e+01,6.12881318e-01,2.69566305e+03,6.49158923e+05,3.67409760e+03,0.00000000e+00,2.29765875e-01,7.70234125e-01,0.00000000e+00
7.53753754e+01,6.10499954e-01,2.70098553e+03,6.45612261e+05,3.66828344e+03,0.00000000e+00,2.29778617e-01,7.70221383e-01,0.00000000e+00
7.54754755e+01,6.08126141e-01,2.70630982e+03,6.42085108e+05,3.66248948e+03,0.00000000e+00,2.29791372e-01,7.70208628e-01,0.00000000e+00
7.55755756e+01,6.05761471e-01,2.71162482e+03,6.38582303e+05,3.65673429e+03,0.00000000e+00,2.29804138e-01,7.70195862e-01,0.00000000e+00
7.56756757e+01,6.03400115e-01,2.71695196e+03,6.35088746e+05,3.65096710e+03,0.00000000e+00,2.29817038e-01,7.70182962e-01,0.00000000e+00
7.57757758e+01,6.01042374e-01,2.72229316e+03,6.31603003e+05,3.64517767e+03,0.00000000e+00,2.29829888e-01,7.70170112e-01,0.00000000e+00
7.58758759e+01,5.98694212e-01,2.72762837e+03,6.28137379e+05,3.63940081e+03,0.00000000e+00,2.29842492e-01,7.70157508e-01,0.00000000e+00
7.59759760e+01,5.96358193e-01,2.73294596e+03,6.24698506e+05,3.63365997e+03,0.00000000e+00,2.29855040e-01,7.70144960e-01,0.00000000e+00
7.60760761e+01,5.94028170e-01,2.73827256e+03,6.21270397e+05,3.62790019e+03,0.00000000e+00,2.29867682e-01,7.70132318e-01,0.00000000e+00
7.61761762e+01,5.91706683e-01,2.74360017e+03,6.17854011e+05,3.62211144e+03,0.00000000e+00,2.29880271e-01,7.70119729e-01,0.00000000e+00
7.62762763e+01,5.89398008e-01,2.74890973e+03,6.14463202e+05,3.61634892e+03,0.00000000e+00,2.29892799e-01,7.70107201e-01,0.00000000e+00
7.63763764e+01,5.87100160e-01,2.75420744e+03,6.11094558e+05,3.61060534e+03,0.00000000e+00,2.29905248e-01,7.70094752e-01,0.00000000e+00
7.64764765e+01,5.84813405e-01,2.75948741e+03,6.07752208e+05,3.60490408e+03,0.00000000e+00,2.29917533e-01,7.70082467e-01,0.00000000e+00
7.65765766e+01,5.82535042e-01,2.76475437e+03,6.04431535e+05,3.59923518e+03,0.00000000e+00,2.29929702e-01,7.70070298e-01,0.00000000e+00
7.66766767e+01,5.80260787e-01,2.77002098e+03,6.01124661e+05,3.59357869e+03,0.00000000e+00,2.29941770e-01,7.70058230e-01,0.00000000e+00
7.67767768e+01,5.77989165e-01,2.77529130e+03,5.97830168e+05,3.58793550e+03,0.00000000e+00,2.29953642e-01,7.70046358e-01,0.00000000e+00
7.68768769e+01,5.75720533e-01,2.78056385e+03,5.94550018e+05,3.58231540e+03,0.00000000e+00,2.29965202e-01,7.70034798e-01,0.00000000e+00
7.69769770e+01,5.73455592e-01,2.78583891e+03,5.91286070e+05,3.57672555e+03,0.00000000e+00,2.29976329e-01,7.70023671e-01,0.00000000e+00
7.70770771e+01,5.71194635e-01,2.79111806e+03,5.88033329e+05,3.57113431e+03,0.00000000e+00,2.29987078e-01,7.70012922e-01,0.00000000e+00
7.71771772e+01,5.68936418e-01,2.79640722e+03,5.84788002e+05,3.56552648e+03,0.00000000e+00,2.29997590e-01,7.70002410e-01,0.00000000e+00
7.72772773e+01,5.66679188e-01,2.80171271e+03,5.81546985e+05,3.55989405e+03,0.00000000e+00,2.30008028e-01,7.69991972e-01,0.00000000e+00
7.73773774e+01,5.64421575e-01,2.80703864e+03,5.78309033e+05,3.55423780e+03,0.00000000e+00,2.30018524e-01,7.69981476e-01,0.00000000e+00
7.74774775e+01,5.62165281e-01,2.81237829e+03,5.75078023e+05,3.54857049e+03,0.00000000e+00,2.30028838e-01,7.69971162e-01,0.00000000e+00
7.75775776e+01,5.59912572e-01,2.81772237e+03,5.71858240e+05,3.54290419e+03,0.00000000e+00,2.30038849e-01,7.69961151e-01,0.00000000e+00
7.76776777e+01,5.57664350e-01,2.82306869e+03,5.68650165e+05,3.53723625e+03,0.00000000e+00,2.30048479e-01,7.69951521e-01,0.00000000e+00
7.77777778e+01,5.55422260e-01,2.82841263e+03,5.65458872e+05,3.53158797e+03,0.00000000e+00,2.30057585e-01,7.69942415e-01,0.00000000e+00
7.78778779e+01,5.53188045e-01,2.83374692e+03,5.62283987e+05,3.52594631e+03,0.00000000e+00,2.30066161e-01,7.69933839e-01,0.00000000e+00
7.79779780e+01,5.50959952e-01,2.83908061e+03,5.59123861e+05,3.52031234e+03,0.00000000e+00,2.30074035e-01,7.69925965e-01,0.00000000e+00
7.80780781e+01,5.48737512e-01,2.84441908e+03,5.55971485e+05,3.51464560e+03,0.00000000e+00,2.30082434e-01,7.69917566e-01,0.00000000e+00
7.81781782e+01,5.46530617e-01,2.84973614e+03,5.52844715e+05,3.50899508e+03,0.00000000e+00,2.30090014e-01,7.69909986e-01,0.00000000e+00
7.82782783e+01,5.44339475e-01,2.85501497e+03,5.49749718e+05,3.50339956e+03,0.00000000e+00,2.30097067e-01,7.69902933e-01,0.00000000e+00
7.83783784e+01,5.42154162e-01,2.86029634e+03,5.46663207e+05,3.49777537e+03,0.00000000e+00,2.30103891e-01,7.69896109e-01,0.00000000e+00
7.84784785e+01,5.39971667e-01,2.86559157e+03,5.43582007e+05,3.49212139e+03,0.00000000e+00,2.30110443e-01,7.69889557e-01,0.00000000e+00
7.85785786e+01,5.37792527e-01,2.87089824e+03,5.40505863e+05,3.48643222e+03,0.00000000e+00,2.30116721e-01,7.69883279e-01,0.00000000e+00
7.86786787e+01,5.35618160e-01,2.87621396e+03,5.37443823e+05,3.48075686e+03,0.00000000e+00,2.30122554e-01,7.69877446e-01,0.00000000e+00
7.87787788e+01,5.33452871e-01,2.88152111e+03,5.34400672e+05,3.47509869e+03,0.00000000e+00,2.30127905e-01,7.69872095e-01,0.00000000e+00
7.88788789e+01,5.31295059e-01,2.88682471e+03,5.31375936e+05,3.46946566e+03,0.00000000e+00,2.30133014e-01,7.69866986e-01,0.00000000e+00
7.89789790e+01,5.29140338e-01,2.89214769e+03,5.28362963e+05,3.46384304e+03,0.00000000e+00,2.30136957e-01,7.69863043e-01,0.00000000e+00
7.90790791e+01,5.26990550e-01,2.89748108e+03,5.25355629e+05,3.45817939e+03,0.00000000e+00,2.30141399e-01,7.69858601e-01,0.00000000e+00
7.91791792e+01,5.24855851e-01,2.90279409e+03,5.22381025e+05,3.45258707e+03,0.00000000e+00,2.30147406e-01,7.69852594e-01,0.00000000e+00
7.92792793e+01,5.22750341e-01,2.90806553e+03,5.19451101e+05,3.44705226e+03,0.00000000e+00,2.30151565e-01,7.69848435e-01,0.00000000e+00
7.93793794e+01,5.20663052e-01,2.91329276e+03,5.16557673e+05,3.44159472e+03,0.00000000e+00,2.30154216e-01,7.69845784e-01,0.00000000e+00
7.94794795e+01,5.18582244e-01,2.91851750e+03,5.13686313e+05,3.43619831e+03,0.00000000e+00,2.30157813e-01,7.69842187e-01,0.00000000e+00
7.95795796e+01,5.16517003e-01,2.92372444e+03,5.10842130e+05,3.43083749e+03,0.00000000e+00,2.30161294e-01,7.69838706e-01,0.00000000e+00
7.96796797e+01,5.14477211e-01,2.92887835e+03,5.08040805e+05,3.42555243e+03,0.00000000e+00,2.30163139e-01,7.69836861e-01,0.00000000e+00
7.97797798e+01,5.12454468e-01,2.93397789e+03,5.05289812e+05,3.42045191e+03,0.00000000e+00,2.30164317e-01,7.69835683e-01,0.00000000e+00
7.98798799e+01,5.10441187e-01,2.93905098e+03,5.02563861e+05,3.41541776e+03,0.00000000e+00,2.30165312e-01,7.69834688e-01,0.00000000e+00
7.99799800e+01,5.08430117e-01,2.94412559e+03,4.99850175e+05,3.41041257e+03,0.00000000e+00,2.30166264e-01,7.69833736e-01,0.00000000e+00
8.00800801e+01,5.06418547e-01,2.94921436e+03,4.97145188e+05,3.40543032e+03,0.00000000e+00,2.30166650e-01,7.69833350e-01,0.00000000e+00
8.01801802e+01,5.04410269e-01,2.95430699e+03,4.94453251e+05,3.40047534e+03,0.00000000e+00,2.30165766e-01,7.69834234e-01,0.00000000e+00
8.02802803e+01,5.02410885e-01,2.95937065e+03,4.91784806e+05,3.39558409e+03,0.00000000e+00,2.30167753e-01,7.69832247e-01,0.00000000e+00
8.03803804e+01,5.00431006e-01,2.96439744e+03,4.89154663e+05,3.39078797e+03,0.00000000e+00,2.30171781e-01,7.69828219e-01,0.00000000e+00
8.04804805e+01,4.98477928e-01,2.96941258e+03,4.86539558e+05,3.38587537e+03,0.00000000e+00,2.30173547e-01,7.69826453e-01,0.00000000e+00
8.05805806e+01,4.96535728e-01,2.97444847e+03,4.83919398e+05,3.38081308e+03,0.00000000e+00,2.30171496e-01,7.69828504e-01,0.00000000e+00
8.06806807e+01,4.94591558e-01,2.97952788e+03,4.81290606e+05,3.37566454e+03,0.00000000e+00,2.30170854e-01,7.69829146e-01,0.00000000e+00
8.07807808e+01,4.92663652e-01,2.98461009e+03,4.78669910e+05,3.37042240e+03,0.00000000e+00,2.30173197e-01,7.69826803e-01,0.00000000e+00
8.08808809e+01,4.90775362e-01,2.98964403e+03,4.76089808e+05,3.36515333e+03,0.00000000e+00,2.30173161e-01,7.69826839e-01,0.00000000e+00
8.09809810e+01,4.88906741e-01,2.99467316e+03,4.73524513e+05,3.35981276e+03,0.00000000e+00,2.30171558e-01,7.69828442e-01,0.00000000e+00
8.10810811e+01,4.87049406e-01,2.99970305e+03,4.70964734e+05,3.35439205e+03,0.00000000e+00,2.30168250e-01,7.69831750e-01,0.00000000e+00
8.11811812e+01,4.85194894e-01,3.00476020e+03,4.68404703e+05,3.34890767e+03,0.00000000e+00,2.30162826e-01,7.69837174e-01,0.00000000e+00
8.12812813e+01,4.83342281e-01,3.00983722e+03,4.65843729e+05,3.34336274e+03,0.00000000e+00,2.30160745e-01,7.69839255e-01,0.00000000e+00
8.13813814e+01,4.81514515e-01,3.01489187e+03,4.63304866e+05,3.33776218e+03,0.00000000e+00,2.30158562e-01,7.69841438e-01,0.00000000e+00
8.14814815e+01,4.79714758e-01,3.01990089e+03,4.60804031e+05,3.33219829e+03,0.00000000e+00,2.30153819e-01,7.69846181e-01,0.00000000e+00
8.15815816e+01,4.77923894e-01,3.02489628e+03,4.58316312e+05,3.32662499e+03,0.00000000e+00,2.30147154e-01,7.69852846e-01,0.00000000e+00
8.16816817e+01,4.76131422e-01,3.02992374e+03,4.55824084e+05,3.32098691e+03,0.00000000e+00,2.30137530e-01,7.69862470e-01,0.00000000e+00
8.17817818e+01,4.74328650e-01,3.03500286e+03,4.53316365e+05,3.31526808e+03,0.00000000e+00,2.30135227e-01,7.69864773e-01,0.00000000e+00
8.18818819e+01,4.72567597e-01,3.04001293e+03,4.50859577e+05,3.30958704e+03,0.00000000e+00,2.30132293e-01,7.69867707e-01,0.00000000e+00
8.19819820e+01,4.70854957e-01,3.04490231e+03,4.48476534e+05,3.30406538e+03,0.00000000e+00,2.30125236e-01,7.69874764e-01,0.00000000e+00
8.20820821e+01,4.69151456e-01,3.04977394e+03,4.46109390e+05,3.29855554e+03,0.00000000e+00,2.30115357e-01,7.69884643e-01,0.00000000e+00
8.21821822e+01,4.67444454e-01,3.05468358e+03,4.43735009e+05,3.29297815e+03,0.00000000e+00,2.30109287e-01,7.69890713e-01,0.00000000e+00
8.22822823e+01,4.65767058e-01,3.05953559e+03,4.41401054e+05,3.28745117e+03,0.00000000e+00,2.30101152e-01,7.69898848e-01,0.00000000e+00
8.23823824e+01,4.64118608e-01,3.06431210e+03,4.39115665e+05,3.28204203e+03,0.00000000e+00,2.30091734e-01,7.69908266e-01,0.00000000e+00
8.24824825e+01,4.62494087e-01,3.06902133e+03,4.36870398e+05,3.27672808e+03,0.00000000e+00,2.30087791e-01,7.69912209e-01,0.00000000e+00
8.25825826e+01,4.60921218e-01,3.07362613e+03,4.34691975e+05,3.27151318e+03,0.00000000e+00,2.30083905e-01,7.69916095e-01,0.00000000e+00
8.26826827e+01,4.59394891e-01,3.07810953e+03,4.32584333e+05,3.26646469e+03,0.00000000e+00,2.30076513e-01,7.69923487e-01,0.00000000e+00
8.27827828e+01,4.57881487e-01,3.08256272e+03,4.30501611e+05,3.26147751e+03,0.00000000e+00,2.30064835e-01,7.69935165e-01,0.00000000e+00
8.28828829e+01,4.56366299e-01,3.08704446e+03,4.28416559e+05,3.25645318e+03,0.00000000e+00,2.30055242e-01,7.69944758e-01,0.00000000e+00
8.29829830e+01,4.54874821e-01,3.09146179e+03,4.26368184e+05,3.25150869e+03,0.00000000e+00,2.30052917e-01,7.69947083e-01,0.00000000e+00
8.30830831e+01,4.53448296e-01,3.09575205e+03,4.24399731e+05,3.24667661e+03,0.00000000e+00,2.30047174e-01,7.69952826e-01,0.00000000e+00
8.31831832e+01,4.52064738e-01,3.09991354e+03,4.22506447e+05,3.24208132e+03,0.00000000e+00,2.30038004e-01,7.69961996e-01,0.00000000e+00
8.32832833e+01,4.50691070e-01,3.10403292e+03,4.20636236e+05,3.23756378e+03,0.00000000e+00,2.30027352e-01,7.69972648e-01,0.00000000e+00
8.33833834e+01,4.49314757e-01,3.10817678e+03,4.18762411e+05,3.23300948e+03,0.00000000e+00,2.30015957e-01,7.69984043e-01,0.00000000e+00
8.34834835e+01,4.47941873e-01,3.11230443e+03,4.16902654e+05,3.22851366e+03,0.00000000e+00,2.30009881e-01,7.69990119e-01,0.00000000e+00
8.35835836e+01,4.46609392e-01,3.11632701e+03,4.15102753e+05,3.22416287e+03,0.00000000e+00,2.30002332e-01,7.69997668e-01,0.00000000e+00
8.36836837e+01,4.45307598e-01,3.12023917e+03,4.13359528e+05,3.22000490e+03,0.00000000e+00,2.29992917e-01,7.70007083e-01,0.00000000e+00
8.37837838e+01,4.44014382e-01,3.12411183e+03,4.11647664e+05,3.21600500e+03,0.00000000e+00,2.29982364e-01,7.70017636e-01,0.00000000e+00
8.38838839e+01,4.42723260e-01,3.12799057e+03,4.09941396e+05,3.21200989e+03,0.00000000e+00,2.29970512e-01,7.70029488e-01,0.00000000e+00
8.39839840e+01,4.41440437e-01,3.13182719e+03,4.08257061e+05,3.20810535e+03,0.00000000e+00,2.29963184e-01,7.70036816e-01,0.00000000e+00
8.40840841e+01,4.40188624e-01,3.13559327e+03,4.06624480e+05,3.20435973e+03,0.00000000e+00,2.29954721e-01,7.70045279e-01,0.00000000e+00
8.41841842e+01,4.38961238e-01,3.13927509e+03,4.05037774e+05,3.20077654e+03,0.00000000e+00,2.29944683e-01,7.70055317e-01,0.00000000e+00
8.42842843e+01,4.37740102e-01,3.14292780e+03,4.03464404e+05,3.19723301e+03,0.00000000e+00,2.29933901e-01,7.70066099e-01,0.00000000e+00
8.43843844e+01,4.36518493e-01,3.14659495e+03,4.01897220e+05,3.19372128e+03,0.00000000e+00,2.29920580e-01,7.70079420e-01,0.00000000e+00
8.44844845e+01,4.35300215e-01,3.15024912e+03,4.00341084e+05,3.19025455e+03,0.00000000e+00,2.29909815e-01,7.70090185e-01,0.00000000e+00
8.45845846e+01,4.34108581e-01,3.15381804e+03,3.98827733e+05,3.18691695e+03,0.00000000e+00,2.29904567e-01,7.70095433e-01,0.00000000e+00
8.46846847e+01,4.32966295e-01,3.15727517e+03,3.97380304e+05,3.18372599e+03,0.00000000e+00,2.29898634e-01,7.70101366e-01,0.00000000e+00
8.47847848e+01,4.31858876e-01,3.16064855e+03,3.95979425e+05,3.18063378e+03,0.00000000e+00,2.29888969e-01,7.70111031e-01,0.00000000e+00
8.48848849e+01,4.30758507e-01,3.16400971e+03,3.94588267e+05,3.17755080e+03,0.00000000e+00,2.29876420e-01,7.70123580e-01,0.00000000e+00
8.49849850e+01,4.29654213e-01,3.16739754e+03,3.93190198e+05,3.17442598e+03,0.00000000e+00,2.29865610e-01,7.70134390e-01,0.00000000e+00
8.50850851e+01,4.28568286e-01,3.17075487e+03,3.91810343e+05,3.17129743e+03,0.00000000e+00,2.29856875e-01,7.70143125e-01,0.00000000e+00
8.51851852e+01,4.27524318e-01,3.17400230e+03,3.90487906e+05,3.16830883e+03,0.00000000e+00,2.29850300e-01,7.70149700e-01,0.00000000e+00
8.52852853e+01,4.26526217e-01,3.17713000e+03,3.89223676e+05,3.16543884e+03,0.00000000e+00,2.29844274e-01,7.70155726e-01,0.00000000e+00
8.53853854e+01,4.25564313e-01,3.18017434e+03,3.87994058e+05,3.16256768e+03,0.00000000e+00,2.29836172e-01,7.70163828e-01,0.00000000e+00
8.54854855e+01,4.24624202e-01,3.18317377e+03,3.86782211e+05,3.15966550e+03,0.00000000e+00,2.29825475e-01,7.70174525e-01,0.00000000e+00
8.55855856e+01,4.23700425e-01,3.18613009e+03,3.85592318e+05,3.15680862e+03,0.00000000e+00,2.29815029e-01,7.70184971e-01,0.00000000e+00
8.56856857e+01,4.22802851e-01,3.18900416e+03,3.84437808e+05,3.15403594e+03,0.00000000e+00,2.29809185e-01,7.70190815e-01,0.00000000e+00
8.57857858e+01,4.21951011e-01,3.19176881e+03,3.83333151e+05,3.15132110e+03,0.00000000e+00,2.29806601e-01,7.70193399e-01,0.00000000e+00
8.58858859e+01,4.21152268e-01,3.19443694e+03,3.82283184e+05,3.14864736e+03,0.00000000e+00,2.29800554e-01,7.70199446e-01,0.00000000e+00
8.59859860e+01,4.20387656e-01,3.19703179e+03,3.81270723e+05,3.14601600e+03,0.00000000e+00,2.29790711e-01,7.70209289e-01,0.00000000e+00
8.60860861e+01,4.19638047e-01,3.19958546e+03,3.80278491e+05,3.14342982e+03,0.00000000e+00,2.29780641e-01,7.70219359e-01,0.00000000e+00
8.61861862e+01,4.18906002e-01,3.20212097e+03,3.79309535e+05,3.14089509e+03,0.00000000e+00,2.29769675e-01,7.70230325e-01,0.00000000e+00
8.62862863e+01,4.18202814e-01,3.20459894e+03,3.78375898e+05,3.13842858e+03,0.00000000e+00,2.29760401e-01,7.70239599e-01,0.00000000e+00
8.63863864e+01,4.17546893e-01,3.20695958e+03,3.77502757e+05,3.13610330e+03,0.00000000e+00,2.29755961e-01,7.70244039e-01,0.00000000e+00
8.64864865e+01,4.16958764e-01,3.20917418e+03,3.76718146e+05,3.13399810e+03,0.00000000e+00,2.29752501e-01,7.70247499e-01,0.00000000e+00
8.65865866e+01,4.16435306e-01,3.21122956e+03,3.76016533e+05,3.13209174e+03,0.00000000e+00,2.29748541e-01,7.70251459e-01,0.00000000e+00
8.66866867e+01,4.15954939e-01,3.21317392e+03,3.75371328e+05,3.13032604e+03,0.00000000e+00,2.29742910e-01,7.70257090e-01,0.00000000e+00
8.67867868e+01,4.15493610e-01,3.21510232e+03,3.74755185e+05,3.12865320e+03,0.00000000e+00,2.29731455e-01,7.70268545e-01,0.00000000e+00
8.68868869e+01,4.15030604e-01,3.21704848e+03,3.74138678e+05,3.12698390e+03,0.00000000e+00,2.29714142e-01,7.70285858e-01,0.00000000e+00
8.69869870e+01,4.14551249e-01,3.21903961e+03,3.73505166e+05,3.12529806e+03,0.00000000e+00,2.29712300e-01,7.70287700e-01,0.00000000e+00
8.70870871e+01,4.14135032e-01,3.22089447e+03,3.72943988e+05,3.12373970e+03,0.00000000e+00,2.29714760e-01,7.70285240e-01,0.00000000e+00
8.71871872e+01,4.13807948e-01,3.22254699e+03,3.72494992e+05,3.12244076e+03,0.00000000e+00,2.29704047e-01,7.70295953e-01,0.00000000e+00
8.72872873e+01,4.13506567e-01,3.22410608e+03,3.72090378e+05,3.12131075e+03,0.00000000e+00,2.29674982e-01,7.70325018e-01,0.00000000e+00
8.73873874e+01,4.13161599e-01,3.22561188e+03,3.71668188e+05,3.12037866e+03,0.00000000e+00,2.29690750e-01,7.70309250e-01,0.00000000e+00
8.74874875e+01,4.12787847e-01,3.22764047e+03,3.71187074e+05,3.11916743e+03,0.00000000e+00,2.29706700e-01,7.70293300e-01,0.00000000e+00
8.75875876e+01,4.12602787e-01,3.22917952e+03,3.70839645e+05,3.11764368e+03,0.00000000e+00,2.29701894e-01,7.70298106e-01,0.00000000e+00
8.76876877e+01,4.12513135e-01,3.23020971e+03,3.70677942e+05,3.11695770e+03,0.00000000e+00,2.29692364e-01,7.70307636e-01,0.00000000e+00
8.77877878e+01,4.12476796e-01,3.23102944e+03,3.70610807e+05,3.11666391e+03,0.00000000e+00,2.29682801e-01,7.70317199e-01,0.00000000e+00
8.78878879e+01,4.12468049e-01,3.23176537e+03,3.70589105e+05,3.11654451e+03,0.00000000e+00,2.29675337e-01,7.70324663e-01,0.00000000e+00
8.79879880e+01,4.12471191e-01,3.23249040e+03,3.70584017e+05,3.11647564e+03,0.00000000e+00,2.29669480e-01,7.70330520e-01,0.00000000e+00
8.80880881e+01,4.12489361e-01,3.23318983e+03,3.70600770e+05,3.11647700e+03,0.00000000e+00,2.29663866e-01,7.70336134e-01,0.00000000e+00
8.81881882e+01,4.12529552e-01,3.23382295e+03,3.70652868e+05,3.11660947e+03,0.00000000e+00,2.29658947e-01,7.70341053e-01,0.00000000e+00
8.82882883e+01,4.12592176e-01,3.23437873e+03,3.70742580e+05,3.11688942e+03,0.00000000e+00,2.29655874e-01,7.70344126e-01,0.00000000e+00
8.83883884e+01,4.12674838e-01,3.23486452e+03,3.70864080e+05,3.11728536e+03,0.00000000e+00,2.29653390e-01,7.70346610e-01,0.00000000e+00
8.84884885e+01,4.12778887e-01,3.23527858e+03,3.71017009e+05,3.11778216e+03,0.00000000e+00,2.29647044e-01,7.70352956e-01,0.00000000e+00
8.85885886e+01,4.12873296e-01,3.23563506e+03,3.71204021e+05,3.11863881e+03,0.00000000e+00,2.29643039e-01,7.70356961e-01,0.00000000e+00
8.86886887e+01,4.12948924e-01,3.23598561e+03,3.71382587e+05,3.11956731e+03,0.00000000e+00,2.29642348e-01,7.70357652e-01,0.00000000e+00
8.87887888e+01,4.13019132e-01,3.23630878e+03,3.71559113e+05,3.12052027e+03,0.00000000e+00,2.29644098e-01,7.70355902e-01,0.00000000e+00
8.88888889e+01,4.13092795e-01,3.23661065e+03,3.71741093e+05,3.12149277e+03,0.00000000e+00,2.29646307e-01,7.70353693e-01,0.00000000e+00
8.89889890e+01,4.13177108e-01,3.23686795e+03,3.71937654e+05,3.12250676e+03,0.00000000e+00,2.29648261e-01,7.70351739e-01,0.00000000e+00
8.90890891e+01,4.13277463e-01,3.23706479e+03,3.72155147e+05,3.12357484e+03,0.00000000e+00,2.29650375e-01,7.70349625e-01,0.00000000e+00
8.91891892e+01,4.13395898e-01,3.23720065e+03,3.72395747e+05,3.12469917e+03,0.00000000e+00,2.29651336e-01,7.70348664e-01,0.00000000e+00
8.92892893e+01,4.13526614e-01,3.23728829e+03,3.72653128e+05,3.12587004e+03,0.00000000e+00,2.29650434e-01,7.70349566e-01,0.00000000e+00
8.93893894e+01,4.13634701e-01,3.23740509e+03,3.72880765e+05,3.12696211e+03,0.00000000e+00,2.29650277e-01,7.70349723e-01,0.00000000e+00
8.94894895e+01,4.13717653e-01,3.23758580e+03,3.73070985e+05,3.12792981e+03,0.00000000e+00,2.29649802e-01,7.70350198e-01,0.00000000e+00
8.95895896e+01,4.13778706e-01,3.23782512e+03,3.73226627e+05,3.12877319e+03,0.00000000e+00,2.29650183e-01,7.70349817e-01,0.00000000e+00
8.96896897e+01,4.13825535e-01,3.23811640e+03,3.73350865e+05,3.12946105e+03,0.00000000e+00,2.29651535e-01,7.70348465e-01,0.00000000e+00
8.97897898e+01,4.13866425e-01,3.23844605e+03,3.73448964e+05,3.12997462e+03,0.00000000e+00,2.29652965e-01,7.70347035e-01,0.00000000e+00
8.98898899e+01,4.13904629e-01,3.23879927e+03,3.73526202e+05,3.13033355e+03,0.00000000e+00,2.29654274e-01,7.70345726e-01,0.00000000e+00
8.99899900e+01,4.13941162e-01,3.23916980e+03,3.73583784e+05,3.13054029e+03,0.00000000e+00,2.29655501e-01,7.70344499e-01,0.00000000e+00
9.00900901e+01,4.13976249e-01,3.23955490e+03,3.73623297e+05,3.13060653e+03,0.00000000e+00,2.29656744e-01,7.70343256e-01,0.00000000e+00
9.01901902e+01,4.14009770e-01,3.23995391e+03,3.73647625e+05,3.13055743e+03,0.00000000e+00,2.29658107e-01,7.70341893e-01,0.00000000e+00
9.02902903e+01,4.14041761e-01,3.24036778e+03,3.73659901e+05,3.13041903e+03,0.00000000e+00,2.29659707e-01,7.70340293e-01,0.00000000e+00
9.03903904e+01,4.14072877e-01,3.24079791e+03,3.73662453e+05,3.13020595e+03,0.00000000e+00,2.29661635e-01,7.70338365e-01,0.00000000e+00
9.04904905e+01,4.14104934e-01,3.24124826e+03,3.73654137e+05,3.12989472e+03,0.00000000e+00,2.29663496e-01,7.70336504e-01,0.00000000e+00
9.05905906e+01,4.14142645e-01,3.24171884e+03,3.73635208e+05,3.12945150e+03,0.00000000e+00,2.29664310e-01,7.70335690e-01,0.00000000e+00
9.06906907e+01,4.14192662e-01,3.24220504e+03,3.73610722e+05,3.12886791e+03,0.00000000e+00,2.29662733e-01,7.70337267e-01,0.00000000e+00
9.07907908e+01,4.14262813e-01,3.24271035e+03,3.73590462e+05,3.12816432e+03,0.00000000e+00,2.29652521e-01,7.70347479e-01,0.00000000e+00
9.08908909e+01,4.14348067e-01,3.24326397e+03,3.73604328e+05,3.12762730e+03,0.00000000e+00,2.29628917e-01,7.70371083e-01,0.00000000e+00
9.09909910e+01,4.14369774e-01,3.24368513e+03,3.73609670e+05,3.12750611e+03,0.00000000e+00,2.29623760e-01,7.70376240e-01,0.00000000e+00
9.10910911e+01,4.14341269e-01,3.24401559e+03,3.73558773e+05,3.12729659e+03,0.00000000e+00,2.29627265e-01,7.70372735e-01,0.00000000e+00
9.11911912e+01,4.14310204e-01,3.24442128e+03,3.73488843e+05,3.12694616e+03,0.00000000e+00,2.29628651e-01,7.70371349e-01,0.00000000e+00
9.12912913e+01,4.14295983e-01,3.24476355e+03,3.73438250e+05,3.12663030e+03,0.00000000e+00,2.29629638e-01,7.70370362e-01,0.00000000e+00
9.13913914e+01,4.14294211e-01,3.24508804e+03,3.73403556e+05,3.12635131e+03,0.00000000e+00,2.29624943e-01,7.70375057e-01,0.00000000e+00
9.14914915e+01,4.14281586e-01,3.24530355e+03,3.73401122e+05,3.12642633e+03,0.00000000e+00,2.29625261e-01,7.70374739e-01,0.00000000e+00
9.15915916e+01,4.14254040e-01,3.24556610e+03,3.73381366e+05,3.12646872e+03,0.00000000e+00,2.29625071e-01,7.70374929e-01,0.00000000e+00
9.16916917e+01,4.14225067e-01,3.24584905e+03,3.73354442e+05,3.12646147e+03,0.00000000e+00,2.29623907e-01,7.70376093e-01,0.00000000e+00
9.17917918e+01,4.14193854e-01,3.24608910e+03,3.73314927e+05,3.12636612e+03,0.00000000e+00,2.29623836e-01,7.70376164e-01,0.00000000e+00
9.18918919e+01,4.14154942e-01,3.24630520e+03,3.73275400e+05,3.12632929e+03,0.00000000e+00,2.29625034e-01,7.70374966e-01,0.00000000e+00
9.19919920e+01,4.14098583e-01,3.24651228e+03,3.73247429e+05,3.12652098e+03,0.00000000e+00,2.29626270e-01,7.70373730e-01,0.00000000e+00
9.20920921e+01,4.14023317e-01,3.24672696e+03,3.73220026e+05,3.12685977e+03,0.00000000e+00,2.29626261e-01,7.70373739e-01,0.00000000e+00
9.21921922e+01,4.13933828e-01,3.24694862e+03,3.73189827e+05,3.12728261e+03,0.00000000e+00,2.29626015e-01,7.70373985e-01,0.00000000e+00
9.22922923e+01,4.13830128e-01,3.24716402e+03,3.73155136e+05,3.12777704e+03,0.00000000e+00,2.29629919e-01,7.70370081e-01,0.00000000e+00
9.23923924e+01,4.13701422e-01,3.24736742e+03,3.73120185e+05,3.12846364e+03,0.00000000e+00,2.29646284e-01,7.70353716e-01,0.00000000e+00
9.24924925e+01,4.13598108e-01,3.24764336e+03,3.73115476e+05,3.12920994e+03,0.00000000e+00,2.29657069e-01,7.70342931e-01,0.00000000e+00
9.25925926e+01,4.13543801e-01,3.24789598e+03,3.73098767e+05,3.12948279e+03,0.00000000e+00,2.29662216e-01,7.70337784e-01,0.00000000e+00
9.26926927e+01,4.13509177e-01,3.24810814e+03,3.73078948e+05,3.12957992e+03,0.00000000e+00,2.29665557e-01,7.70334443e-01,0.00000000e+00
9.27927928e+01,4.13478303e-01,3.24831324e+03,3.73066632e+05,3.12971155e+03,0.00000000e+00,2.29668729e-01,7.70331271e-01,0.00000000e+00
9.28928929e+01,4.13447047e-01,3.24852972e+03,3.73056106e+05,3.12986121e+03,0.00000000e+00,2.29672149e-01,7.70327851e-01,0.00000000e+00
9.29929930e+01,4.13416173e-01,3.24876810e+03,3.73040962e+05,3.12996910e+03,0.00000000e+00,2.29675191e-01,7.70324809e-01,0.00000000e+00
9.30930931e+01,4.13386766e-01,3.24901407e+03,3.73027895e+05,3.13008321e+03,0.00000000e+00,2.29677920e-01,7.70322080e-01,0.00000000e+00
9.31931932e+01,4.13361846e-01,3.24926357e+03,3.73014502e+05,3.13016051e+03,0.00000000e+00,2.29680382e-01,7.70319618e-01,0.00000000e+00
9.32932933e+01,4.13344419e-01,3.24951242e+03,3.72998400e+05,3.13015833e+03,0.00000000e+00,2.29682781e-01,7.70317219e-01,0.00000000e+00
9.33933934e+01,4.13335865e-01,3.24975754e+03,3.72977486e+05,3.13004854e+03,0.00000000e+00,2.29685155e-01,7.70314845e-01,0.00000000e+00
9.34934935e+01,4.13336237e-01,3.25000977e+03,3.72947359e+05,3.12979324e+03,0.00000000e+00,2.29686021e-01,7.70313979e-01,0.00000000e+00
9.35935936e+01,4.13353160e-01,3.25028016e+03,3.72913218e+05,3.12937775e+03,0.00000000e+00,2.29683889e-01,7.70316111e-01,0.00000000e+00
9.36936937e+01,4.13395242e-01,3.25053763e+03,3.72892902e+05,3.12888635e+03,0.00000000e+00,2.29677978e-01,7.70322022e-01,0.00000000e+00
9.37937938e+01,4.13442950e-01,3.25077986e+03,3.72888088e+05,3.12848370e+03,0.00000000e+00,2.29674959e-01,7.70325041e-01,0.00000000e+00
9.38938939e+01,4.13466704e-01,3.25099968e+03,3.72860524e+05,3.12807444e+03,0.00000000e+00,2.29679224e-01,7.70320776e-01,0.00000000e+00
9.39939940e+01,4.13487408e-01,3.25121168e+03,3.72824928e+05,3.12762076e+03,0.00000000e+00,2.29683117e-01,7.70316883e-01,0.00000000e+00
9.40940941e+01,4.13518512e-01,3.25140724e+03,3.72796573e+05,3.12714568e+03,0.00000000e+00,2.29678184e-01,7.70321816e-01,0.00000000e+00
9.41941942e+01,4.13530269e-01,3.25152011e+03,3.72769976e+05,3.12683366e+03,0.00000000e+00,2.29678171e-01,7.70321829e-01,0.00000000e+00
9.42942943e+01,4.13519248e-01,3.25161307e+03,3.72733422e+05,3.12661154e+03,0.00000000e+00,2.29681092e-01,7.70318908e-01,0.00000000e+00
9.43943944e+01,4.13505752e-01,3.25175184e+03,3.72680670e+05,3.12627134e+03,0.00000000e+00,2.29681746e-01,7.70318254e-01,0.00000000e+00
9.44944945e+01,4.13500452e-01,3.25186843e+03,3.72628517e+05,3.12587327e+03,0.00000000e+00,2.29680152e-01,7.70319848e-01,0.00000000e+00
9.45945946e+01,4.13491688e-01,3.25195155e+03,3.72591271e+05,3.12562701e+03,0.00000000e+00,2.29680015e-01,7.70319985e-01,0.00000000e+00
9.46946947e+01,4.13476228e-01,3.25204295e+03,3.72544764e+05,3.12535378e+03,0.00000000e+00,2.29680150e-01,7.70319850e-01,0.00000000e+00
9.47947948e+01,4.13451545e-01,3.25212587e+03,3.72494750e+05,3.12512105e+03,0.00000000e+00,2.29680882e-01,7.70319118e-01,0.00000000e+00
9.48948949e+01,4.13409383e-01,3.25219112e+03,3.72444287e+05,3.12501693e+03,0.00000000e+00,2.29682268e-01,7.70317732e-01,0.00000000e+00
9.49949950e+01,4.13341545e-01,3.25224257e+03,3.72390422e+05,3.12507820e+03,0.00000000e+00,2.29683345e-01,7.70316655e-01,0.00000000e+00
9.50950951e+01,4.13245160e-01,3.25228438e+03,3.72330410e+05,3.12530319e+03,0.00000000e+00,2.29682924e-01,7.70317076e-01,0.00000000e+00
9.51951952e+01,4.13122810e-01,3.25231729e+03,3.72263829e+05,3.12566873e+03,0.00000000e+00,2.29680430e-01,7.70319570e-01,0.00000000e+00
9.52952953e+01,4.12979552e-01,3.25234085e+03,3.72191987e+05,3.12614774e+03,0.00000000e+00,2.29675866e-01,7.70324134e-01,0.00000000e+00
9.53953954e+01,4.12820849e-01,3.25235682e+03,3.72117809e+05,3.12672417e+03,0.00000000e+00,2.29670652e-01,7.70329348e-01,0.00000000e+00
9.54954955e+01,4.12659348e-01,3.25235720e+03,3.72042177e+05,3.12731008e+03,0.00000000e+00,2.29665567e-01,7.70334433e-01,0.00000000e+00
9.55955956e+01,4.12518608e-01,3.25234345e+03,3.71962168e+05,3.12770150e+03,0.00000000e+00,2.29658695e-01,7.70341305e-01,0.00000000e+00
9.56956957e+01,4.12398648e-01,3.25232539e+03,3.71882266e+05,3.12793558e+03,0.00000000e+00,2.29649569e-01,7.70350431e-01,0.00000000e+00
9.57957958e+01,4.12295194e-01,3.25230047e+03,3.71802569e+05,3.12804581e+03,0.00000000e+00,2.29639265e-01,7.70360735e-01,0.00000000e+00
9.58958959e+01,4.12207681e-01,3.25227833e+03,3.71725867e+05,3.12805906e+03,0.00000000e+00,2.29625812e-01,7.70374188e-01,0.00000000e+00
9.59959960e+01,4.12130786e-01,3.25224726e+03,3.71652160e+05,3.12801659e+03,0.00000000e+00,2.29611505e-01,7.70388495e-01,0.00000000e+00
9.60960961e+01,4.12064079e-01,3.25222763e+03,3.71582297e+05,3.12792571e+03,0.00000000e+00,2.29588681e-01,7.70411319e-01,0.00000000e+00
9.61961962e+01,4.11988939e-01,3.25218292e+03,3.71497953e+05,3.12796548e+03,0.00000000e+00,2.30035963e-01,7.69964037e-01,0.00000000e+00
9.62962963e+01,4.50366245e-01,3.02501160e+03,5.04964601e+05,3.90428435e+03,0.00000000e+00,2.59700684e-01,7.40299316e-01,0.00000000e+00
9.63963964e+01,1.26774833e+00,6.97829947e+02,3.57490546e+06,9.85967487e+03,0.00000000e+00,2.91559519e-01,7.08440481e-01,0.00000000e+00
9.64964965e+01,1.88582541e+00,7.47027883e+01,5.82066919e+06,1.07333318e+04,0.00000000e+00,2.49261414e-01,7.50738586e-01,0.00000000e+00
9.65965966e+01,2.01729019e+00,-2.02953438e+01,6.11993009e+06,1.05070399e+04,0.00000000e+00,2.17658489e-01,7.82341511e-01,0.00000000e+00
9.66966967e+01,2.08550870e+00,-1.24480525e+01,6.27282241e+06,1.04236692e+04,0.00000000e+00,2.22464894e-01,7.77535106e-01,0.00000000e+00
9.67967968e+01,2.11372776e+00,-1.35803010e+01,6.33801343e+06,1.04025385e+04,0.00000000e+00,2.30828544e-01,7.69171456e-01,0.00000000e+00
9.68968969e+01,2.11256570e+00,-2.20055065e+01,6.30677011e+06,1.03568662e+04,0.00000000e+00,2.30763207e-01,7.69236793e-01,0.00000000e+00
9.69969970e+01,2.11690588e+00,-2.26619088e+01,6.29450112e+06,1.03135130e+04,0.00000000e+00,2.29241737e-01,7.70758263e-01,0.00000000e+00
9.70970971e+01,2.13007616e+00,-1.20977475e+01,6.31287723e+06,1.02829805e+04,0.00000000e+00,2.31754468e-01,7.68245532e-01,0.00000000e+00
9.71971972e+01,2.14983674e+00,6.48657488e+00,6.36234156e+06,1.02628873e+04,0.00000000e+00,2.27647046e-01,7.72352954e-01,0.00000000e+00
9.72972973e+01,2.15807443e+00,1.55939368e+01,6.37172009e+06,1.02408155e+04,0.00000000e+00,2.29195356e-01,7.70804644e-01,0.00000000e+00
9.73973974e+01,2.15373163e+00,1.85118302e+01,6.33574007e+06,1.02026438e+04,0.00000000e+00,2.28525302e-01,7.71474698e-01,0.00000000e+00
9.74974975e+01,2.13738949e+00,1.41999243e+01,6.28169329e+06,1.01878371e+04,0.00000000e+00,2.24608774e-01,7.75391226e-01,0.00000000e+00
9.75975976e+01,2.11293809e+00,1.15675433e+01,6.24287328e+06,1.02381084e+04,0.00000000e+00,2.21608281e-01,7.78391719e-01,0.00000000e+00
9.76976977e+01,2.08368552e+00,1.52984292e+01,6.22792609e+06,1.03534528e+04,0.00000000e+00,2.18946711e-01,7.81053289e-01,0.00000000e+00
9.77977978e+01,2.04494510e+00,2.19523655e+01,6.23821159e+06,1.05581493e+04,0.00000000e+00,2.12388310e-01,7.87611690e-01,0.00000000e+00
9.78978979e+01,1.98006992e+00,2.73154970e+01,6.24708006e+06,1.09192229e+04,0.00000000e+00,2.12133374e-01,7.87866626e-01,0.00000000e+00
9.79979980e+01,1.87836117e+00,2.94778575e+01,6.24026386e+06,1.14952646e+04,0.00000000e+00,2.10332353e-01,7.89667647e-01,0.00000000e+00
9.80980981e+01,1.73928863e+00,2.81042081e+01,6.22953111e+06,1.23982715e+04,0.00000000e+00,2.13613612e-01,7.86386388e-01,0.00000000e+00
9.81981982e+01,1.56506871e+00,2.43935333e+01,6.21820708e+06,1.37700647e+04,0.00000000e+00,2.23086268e-01,7.76913732e-01,0.00000000e+00
9.82982983e+01,1.39591618e+00,2.15691573e+01,6.22227965e+06,1.54867087e+04,0.00000000e+00,2.42197967e-01,7.57802033e-01,0.00000000e+00
9.83983984e+01,1.26390279e+00,1.80116111e+01,6.23566777e+06,1.71764279e+04,0.00000000e+00,2.58219756e-01,7.41780244e-01,0.00000000e+00
9.84984985e+01,1.16476155e+00,1.53147378e+01,6.25343895e+06,1.87156752e+04,0.00000000e+00,2.68233121e-01,7.31766879e-01,0.00000000e+00
9.85985986e+01,1.09320984e+00,1.42695775e+01,6.27213450e+06,1.99978495e+04,0.00000000e+00,2.67301372e-01,7.32698628e-01,0.00000000e+00
9.86986987e+01,1.04296378e+00,1.30582619e+01,6.28664705e+06,2.09949592e+04,0.00000000e+00,2.61826196e-01,7.38173804e-01,0.00000000e+00
9.87987988e+01,1.00864949e+00,1.08555993e+01,6.29697807e+06,2.17180255e+04,0.00000000e+00,2.52221776e-01,7.47778224e-01,0.00000000e+00
9.88988989e+01,9.86025178e-01,7.46187021e+00,6.30413527e+06,2.22214552e+04,0.00000000e+00,2.45173982e-01,7.54826018e-01,0.00000000e+00
9.89989990e+01,9.71847998e-01,3.71834448e+00,6.31062642e+06,2.25501905e+04,0.00000000e+00,2.38739730e-01,7.61260270e-01,0.00000000e+00
9.90990991e+01,9.63443107e-01,2.66051564e-01,6.31820648e+06,2.27666168e+04,0.00000000e+00,2.36132669e-01,7.63867331e-01,0.00000000e+00
9.91991992e+01,9.58753460e-01,-2.02556264e+00,6.32705889e+06,2.28981168e+04,0.00000000e+00,2.32078161e-01,7.67921839e-01,0.00000000e+00
9.92992993e+01,9.56493909e-01,-2.67505746e+00,6.33795057e+06,2.29901877e+04,0.00000000e+00,2.31558353e-01,7.68441647e-01,0.00000000e+00
9.93993994e+01,9.55501271e-01,-1.72034672e+00,6.34762819e+06,2.30446805e+04,0.00000000e+00,2.30025134e-01,7.69974866e-01,0.00000000e+00
9.94994995e+01,9.55193210e-01,1.68234846e-03,6.35511655e+06,2.30825271e+04,0.00000000e+00,2.31112827e-01,7.68887173e-01,0.00000000e+00
9.95995996e+01,9.54821418e-01,1.12935009e+00,6.35789122e+06,2.30999948e+04,0.00000000e+00,2.30572072e-01,7.69427928e-01,0.00000000e+00
9.96996997e+01,9.54221376e-01,1.75459856e+00,6.35662376e+06,2.31158231e+04,0.00000000e+00,2.32565776e-01,7.67434224e-01,0.00000000e+00
9.97997998e+01,9.53702778e-01,1.53439096e+00,6.35350340e+06,2.31111002e+04,0.00000000e+00,2.30562374e-01,7.69437626e-01,0.00000000e+00
9.98998999e+01,9.53422122e-01,3.39334464e-01,6.35092973e+06,2.30612694e+04,0.00000000e+00,2.14579549e-01,7.85420451e-01,0.00000000e+00
1.00000000e+02,9.53422122e-01,-3.39334464e-01,6.35092973e+06,2.30612694e+04,0.00000000e+00,2.14579549e-01,7.85420451e-01,0.00000000e+00
