# x(m), rho(kg/m3), u(m/s), p(Pa), T(K), Y_H2, Y_O2, Y_N2, Y_H2O
0.00000000e+00,8.44207361e+00,2.45481885e-02,1.87320078e+07,2.78516053e+03,1.18501936e-01,6.70479770e-07,6.00009375e-01,2.81488018e-01
1.00100100e-01,8.44207361e+00,-2.45481885e-02,1.87320078e+07,2.78516053e+03,1.18501936e-01,6.70479770e-07,6.00009375e-01,2.81488018e-01
2.00200200e-01,8.44301697e+00,-9.84342953e-02,1.87321200e+07,2.78486615e+03,1.18501919e-01,5.38081475e-07,6.00009375e-01,2.81488167e-01
3.00300300e-01,8.44561494e+00,-1.68381649e-01,1.87320190e+07,2.78399445e+03,1.18501922e-01,5.60579111e-07,6.00009375e-01,2.81488142e-01
4.00400400e-01,8.45056865e+00,-2.40012925e-01,1.87318787e+07,2.78234165e+03,1.18501922e-01,5.60701042e-07,6.00009375e-01,2.81488142e-01
5.00500501e-01,8.45832606e+00,-3.11676594e-01,1.87316959e+07,2.77976274e+03,1.18501922e-01,5.60692889e-07,6.00009375e-01,2.81488142e-01
6.00600601e-01,8.46901027e+00,-3.83853175e-01,1.87314936e+07,2.77622590e+03,1.18501922e-01,5.60687736e-07,6.00009375e-01,2.81488142e-01
7.00700701e-01,8.47996874e+00,-4.55126903e-01,1.87313041e+07,2.77261021e+03,1.18501922e-01,5.60682463e-07,6.00009375e-01,2.81488142e-01
8.00800801e-01,8.48855346e+00,-5.23890320e-01,1.87311634e+07,2.76978537e+03,1.18501922e-01,5.60677214e-07,6.00009375e-01,2.81488142e-01
9.00900901e-01,8.49496342e+00,-5.91021418e-01,1.87310722e+07,2.76768193e+03,1.18501922e-01,5.60671849e-07,6.00009375e-01,2.81488142e-01
1.00100100e+00,8.49965701e+00,-6.56398770e-01,1.87310417e+07,2.76614909e+03,1.18501922e-01,5.60666499e-07,6.00009375e-01,2.81488142e-01
1.10110110e+00,8.50304520e+00,-7.21625704e-01,1.87310650e+07,2.76505030e+03,1.18501922e-01,5.60661013e-07,6.00009375e-01,2.81488142e-01
1.20120120e+00,8.50547450e+00,-7.89945244e-01,1.87311666e+07,2.76427555e+03,1.18501922e-01,5.60655503e-07,6.00009375e-01,2.81488142e-01
1.30130130e+00,8.50720569e+00,-8.60068764e-01,1.87313215e+07,2.76373588e+03,1.18501922e-01,5.60649837e-07,6.00009375e-01,2.81488142e-01
1.40140140e+00,8.50843770e+00,-9.31099265e-01,1.87315044e+07,2.76336268e+03,1.18501922e-01,5.60644129e-07,6.00009375e-01,2.81488142e-01
1.50150150e+00,8.50931095e+00,-1.00002988e+00,1.87316665e+07,2.76310302e+03,1.18501922e-01,5.60638251e-07,6.00009375e-01,2.81488142e-01
1.60160160e+00,8.50994368e+00,-1.06678548e+00,1.87317948e+07,2.76291649e+03,1.18501922e-01,5.60632293e-07,6.00009375e-01,2.81488142e-01
1.70170170e+00,8.51040870e+00,-1.13166577e+00,1.87318719e+07,2.76277690e+03,1.18501922e-01,5.60626118e-07,6.00009375e-01,2.81488142e-01
1.80180180e+00,8.51073576e+00,-1.19473405e+00,1.87318910e+07,2.76267354e+03,1.18501922e-01,5.60619810e-07,6.00009375e-01,2.81488142e-01
1.90190190e+00,8.51092954e+00,-1.25453511e+00,1.87318126e+07,2.76259907e+03,1.18501922e-01,5.60613239e-07,6.00009375e-01,2.81488142e-01
2.00200200e+00,8.51101561e+00,-1.31005518e+00,1.87316297e+07,2.76254417e+03,1.18501922e-01,5.60606494e-07,6.00009375e-01,2.81488142e-01
2.10210210e+00,8.51102872e+00,-1.36073328e+00,1.87313272e+07,2.76249530e+03,1.18501922e-01,5.60599445e-07,6.00009375e-01,2.81488142e-01
2.20220220e+00,8.51099518e+00,-1.40583316e+00,1.87308870e+07,2.76244126e+03,1.18501922e-01,5.60592179e-07,6.00009375e-01,2.81488142e-01
2.30230230e+00,8.51091097e+00,-1.44503206e+00,1.87302939e+07,2.76238112e+03,1.18501922e-01,5.60584573e-07,6.00009375e-01,2.81488142e-01
2.40240240e+00,8.51076305e+00,-1.47816647e+00,1.87295389e+07,2.76231778e+03,1.18501922e-01,5.60576721e-07,6.00009375e-01,2.81488142e-01
2.50250250e+00,8.51054345e+00,-1.50499335e+00,1.87286164e+07,2.76225300e+03,1.18501922e-01,5.60568509e-07,6.00009375e-01,2.81488142e-01
2.60260260e+00,8.51025021e+00,-1.52501945e+00,1.87275213e+07,2.76218666e+03,1.18501922e-01,5.60560044e-07,6.00009375e-01,2.81488142e-01
2.70270270e+00,8.50988739e+00,-1.53742707e+00,1.87262538e+07,2.76211748e+03,1.18501922e-01,5.60551225e-07,6.00009375e-01,2.81488142e-01
2.80280280e+00,8.50946927e+00,-1.54187655e+00,1.87248413e+07,2.76204483e+03,1.18501922e-01,5.60542176e-07,6.00009375e-01,2.81488142e-01
2.90290290e+00,8.50901207e+00,-1.53794569e+00,1.87233222e+07,2.76196915e+03,1.18501922e-01,5.60532807e-07,6.00009375e-01,2.81488142e-01
3.00300300e+00,8.50844640e+00,-1.51120202e+00,1.87214841e+07,2.76188162e+03,1.18501922e-01,5.60523256e-07,6.00009375e-01,2.81488142e-01
3.10310310e+00,8.50769124e+00,-1.44262365e+00,1.87190836e+07,2.76177260e+03,1.18501922e-01,5.60513443e-07,6.00009375e-01,2.81488142e-01
3.20320320e+00,8.50672598e+00,-1.32742682e+00,1.87160588e+07,2.76163965e+03,1.18501922e-01,5.60503510e-07,6.00009375e-01,2.81488142e-01
3.30330330e+00,8.50556733e+00,-1.16956215e+00,1.87124584e+07,2.76148452e+03,1.18501922e-01,5.60493378e-07,6.00009375e-01,2.81488142e-01
3.40340340e+00,8.50445738e+00,-1.01907848e+00,1.87090160e+07,2.76133686e+03,1.18501922e-01,5.60483182e-07,6.00009375e-01,2.81488142e-01
3.50350350e+00,8.50348134e+00,-8.93231622e-01,1.87059874e+07,2.76120676e+03,1.18501922e-01,5.60472834e-07,6.00009375e-01,2.81488142e-01
3.60360360e+00,8.50264661e+00,-7.94451821e-01,1.87033920e+07,2.76109469e+03,1.18501922e-01,5.60462452e-07,6.00009375e-01,2.81488142e-01
3.70370370e+00,8.50195346e+00,-7.23398406e-01,1.87012296e+07,2.76100055e+03,1.18501922e-01,5.60451934e-07,6.00009375e-01,2.81488142e-01
3.80380380e+00,8.50139831e+00,-6.77955084e-01,1.86994890e+07,2.76092384e+03,1.18501922e-01,5.60441384e-07,6.00009375e-01,2.81488142e-01
3.90390390e+00,8.50096159e+00,-6.55507389e-01,1.86981116e+07,2.76086231e+03,1.18501922e-01,5.60430687e-07,6.00009375e-01,2.81488142e-01
4.00400400e+00,8.50062179e+00,-6.51239689e-01,1.86970320e+07,2.76081325e+03,1.18501922e-01,5.60419932e-07,6.00009375e-01,2.81488142e-01
4.10410410e+00,8.50039815e+00,-6.71129710e-01,1.86963033e+07,2.76077829e+03,1.18501922e-01,5.60408994e-07,6.00009375e-01,2.81488142e-01
4.20420420e+00,8.50032353e+00,-7.13634991e-01,1.86960307e+07,2.76076227e+03,1.18501922e-01,5.60397953e-07,6.00009375e-01,2.81488142e-01
4.30430430e+00,8.50034639e+00,-7.71248894e-01,1.86960668e+07,2.76076018e+03,1.18501922e-01,5.60386673e-07,6.00009375e-01,2.81488142e-01
4.40440440e+00,8.50051300e+00,-8.59845082e-01,1.86965431e+07,2.76077640e+03,1.18501922e-01,5.60375231e-07,6.00009375e-01,2.81488142e-01
4.50450450e+00,8.50097850e+00,-1.00774923e+00,1.86979243e+07,2.76082916e+03,1.18501922e-01,5.60363483e-07,6.00009375e-01,2.81488142e-01
4.60460460e+00,8.50190681e+00,-1.24901996e+00,1.87007119e+07,2.76093926e+03,1.18501922e-01,5.60351506e-07,6.00009375e-01,2.81488142e-01
4.70470470e+00,8.50350141e+00,-1.62547040e+00,1.87055247e+07,2.76113195e+03,1.18501922e-01,5.60339146e-07,6.00009375e-01,2.81488142e-01
4.80480480e+00,8.50602325e+00,-2.19058415e+00,1.87131556e+07,2.76143940e+03,1.18501922e-01,5.60326481e-07,6.00009375e-01,2.81488142e-01
4.90490490e+00,8.50979569e+00,-3.01092675e+00,1.87245878e+07,2.76190150e+03,1.18501922e-01,5.60313349e-07,6.00009375e-01,2.81488142e-01
5.00500501e+00,8.51524750e+00,-4.17450606e+00,1.87411261e+07,2.76257107e+03,1.18501922e-01,5.60299832e-07,6.00009375e-01,2.81488142e-01
5.10510511e+00,8.52296704e+00,-5.80149453e+00,1.87645624e+07,2.76352047e+03,1.18501922e-01,5.60285761e-07,6.00009375e-01,2.81488142e-01
5.20520521e+00,8.53370654e+00,-8.04485256e+00,1.87971916e+07,2.76484199e+03,1.18501922e-01,5.60271225e-07,6.00009375e-01,2.81488142e-01
5.30530531e+00,8.54832247e+00,-1.10775761e+01,1.88416319e+07,2.76664012e+03,1.18501922e-01,5.60256059e-07,6.00009375e-01,2.81488142e-01
5.40540541e+00,8.56772571e+00,-1.50807793e+01,1.89006624e+07,2.76902274e+03,1.18501922e-01,5.60240366e-07,6.00009375e-01,2.81488142e-01
5.50550551e+00,8.58980101e+00,-1.96211839e+01,1.89678838e+07,2.77172942e+03,1.18501922e-01,5.60224007e-07,6.00009375e-01,2.81488142e-01
5.60560561e+00,8.60932415e+00,-2.36174915e+01,1.90274017e+07,2.77412152e+03,1.18501922e-01,5.60207117e-07,6.00009375e-01,2.81488142e-01
5.70570571e+00,8.62545632e+00,-2.69866616e+01,1.90766222e+07,2.77609581e+03,1.18501922e-01,5.60189624e-07,6.00009375e-01,2.81488143e-01
5.80580581e+00,8.63871382e+00,-2.96109022e+01,1.91170918e+07,2.77771569e+03,1.18501922e-01,5.60171676e-07,6.00009375e-01,2.81488143e-01
5.90590591e+00,8.64819995e+00,-3.17385773e+01,1.91460565e+07,2.77887280e+03,1.18501922e-01,5.60153269e-07,6.00009375e-01,2.81488143e-01
6.00600601e+00,8.65578110e+00,-3.31194969e+01,1.91692126e+07,2.77979688e+03,1.18501922e-01,5.60134542e-07,6.00009375e-01,2.81488143e-01
6.10610611e+00,8.66010458e+00,-3.41954415e+01,1.91824232e+07,2.78032384e+03,1.18501922e-01,5.60115545e-07,6.00009375e-01,2.81488143e-01
6.20620621e+00,8.66304901e+00,-3.47776405e+01,1.91914204e+07,2.78068248e+03,1.18501922e-01,5.60096386e-07,6.00009375e-01,2.81488143e-01
6.30630631e+00,8.66466278e+00,-3.50531116e+01,1.91963351e+07,2.78087655e+03,1.18501922e-01,5.60077133e-07,6.00009375e-01,2.81488143e-01
6.40640641e+00,8.66472851e+00,-3.52560217e+01,1.91965028e+07,2.78087976e+03,1.18501922e-01,5.60057841e-07,6.00009375e-01,2.81488143e-01
6.50650651e+00,8.66482709e+00,-3.52406800e+01,1.91967772e+07,2.78088788e+03,1.18501922e-01,5.60038565e-07,6.00009375e-01,2.81488143e-01
6.60660661e+00,8.66408967e+00,-3.50915274e+01,1.91944953e+07,2.78079396e+03,1.18501922e-01,5.60019297e-07,6.00009375e-01,2.81488143e-01
6.70670671e+00,8.66182802e+00,-3.46777018e+01,1.91875530e+07,2.78051402e+03,1.18501922e-01,5.60000072e-07,6.00009375e-01,2.81488143e-01
6.80680681e+00,8.65709413e+00,-3.37848115e+01,1.91730766e+07,2.77993552e+03,1.18501922e-01,5.59980828e-07,6.00009375e-01,2.81488143e-01
6.90690691e+00,8.64956492e+00,-3.23088197e+01,1.91500948e+07,2.77902030e+03,1.18501922e-01,5.59961586e-07,6.00009375e-01,2.81488143e-01
7.00700701e+00,8.63883538e+00,-3.01628866e+01,1.91173824e+07,2.77771883e+03,1.18501922e-01,5.59942240e-07,6.00009375e-01,2.81488143e-01
7.10710711e+00,8.62504764e+00,-2.73992184e+01,1.90753811e+07,2.77604675e+03,1.18501922e-01,5.59922808e-07,6.00009375e-01,2.81488143e-01
7.20720721e+00,8.60804430e+00,-2.39984640e+01,1.90236029e+07,2.77398004e+03,1.18501922e-01,5.59903153e-07,6.00009375e-01,2.81488143e-01
7.30730731e+00,8.58810316e+00,-2.00017950e+01,1.89628752e+07,2.77154534e+03,1.18501922e-01,5.59883294e-07,6.00009375e-01,2.81488143e-01
7.40740741e+00,8.56534652e+00,-1.54106144e+01,1.88935534e+07,2.76875012e+03,1.18501922e-01,5.59863066e-07,6.00009375e-01,2.81488143e-01
7.50750751e+00,8.54040322e+00,-1.03444833e+01,1.88175516e+07,2.76566640e+03,1.18501922e-01,5.59842505e-07,6.00009375e-01,2.81488143e-01
7.60760761e+00,8.51397976e+00,-4.95468314e+00,1.87370313e+07,2.76237874e+03,1.18501922e-01,5.59821461e-07,6.00009375e-01,2.81488143e-01
7.70770771e+00,8.48680656e+00,6.04293121e-01,1.86542015e+07,2.75897277e+03,1.18501922e-01,5.59799947e-07,6.00009375e-01,2.81488143e-01
7.80780781e+00,8.45952830e+00,6.20215447e+00,1.85710446e+07,2.75553060e+03,1.18501922e-01,5.59777793e-07,6.00009375e-01,2.81488143e-01
7.90790791e+00,8.43274508e+00,1.17131230e+01,1.84895199e+07,2.75214756e+03,1.18501922e-01,5.59755041e-07,6.00009375e-01,2.81488143e-01
8.00800801e+00,8.40660434e+00,1.71058900e+01,1.84102640e+07,2.74887165e+03,1.18501922e-01,5.59731631e-07,6.00009375e-01,2.81488143e-01
8.10810811e+00,8.38078708e+00,2.23961122e+01,1.83324144e+07,2.74567995e+03,1.18501922e-01,5.59707509e-07,6.00009375e-01,2.81488143e-01
8.20820821e+00,8.35505088e+00,2.76781822e+01,1.82551025e+07,2.74252270e+03,1.18501922e-01,5.59682772e-07,6.00009375e-01,2.81488143e-01
8.30830831e+00,8.32924800e+00,3.29878275e+01,1.81777414e+07,2.73936045e+03,1.18501922e-01,5.59657283e-07,6.00009375e-01,2.81488143e-01
8.40840841e+00,8.30380810e+00,3.82710382e+01,1.81015464e+07,2.73623521e+03,1.18501922e-01,5.59631327e-07,6.00009375e-01,2.81488143e-01
8.50850851e+00,8.27887695e+00,4.33338063e+01,1.80268174e+07,2.73314507e+03,1.18501922e-01,5.59604769e-07,6.00009375e-01,2.81488143e-01
8.60860861e+00,8.25474050e+00,4.82534757e+01,1.79543782e+07,2.73012163e+03,1.18501922e-01,5.59577922e-07,6.00009375e-01,2.81488143e-01
8.70870871e+00,8.23118910e+00,5.33304958e+01,1.78836199e+07,2.72714296e+03,1.18501922e-01,5.59550567e-07,6.00009375e-01,2.81488143e-01
8.80880881e+00,8.20746889e+00,5.84667035e+01,1.78123351e+07,2.72412270e+03,1.18501922e-01,5.59523035e-07,6.00009375e-01,2.81488143e-01
8.90890891e+00,8.18193479e+00,6.30780965e+01,1.77357548e+07,2.72087579e+03,1.18501922e-01,5.59495202e-07,6.00009375e-01,2.81488143e-01
9.00900901e+00,8.14729383e+00,6.60029442e+01,1.76321302e+07,2.71647967e+03,1.18501922e-01,5.59467303e-07,6.00009375e-01,2.81488143e-01
9.10910911e+00,8.09970212e+00,6.45776358e+01,1.74900039e+07,2.71041576e+03,1.18501922e-01,5.59439391e-07,6.00009375e-01,2.81488143e-01
9.20920921e+00,8.01628618e+00,5.89373541e+01,1.72416271e+07,2.69972848e+03,1.18501922e-01,5.59411593e-07,6.00009375e-01,2.81488143e-01
9.30930931e+00,7.88127786e+00,3.70870705e+01,1.68412792e+07,2.68221440e+03,1.18501922e-01,5.59384135e-07,6.00009375e-01,2.81488143e-01
9.40940941e+00,7.61213585e+00,-1.24530612e+01,1.60475315e+07,2.64616402e+03,1.18501922e-01,5.59357441e-07,6.00009375e-01,2.81488143e-01
9.50950951e+00,7.13200287e+00,-1.13796090e+02,1.46667618e+07,2.58129586e+03,1.18501922e-01,5.59332947e-07,6.00009375e-01,2.81488143e-01
9.60960961e+00,6.58016637e+00,-2.41036270e+02,1.31148280e+07,2.50173197e+03,1.18501922e-01,5.59310361e-07,6.00009375e-01,2.81488144e-01
9.70970971e+00,6.30817479e+00,-3.03215817e+02,1.23657172e+07,2.46054122e+03,1.18501922e-01,5.59288767e-07,6.00009375e-01,2.81488144e-01
9.80980981e+00,6.19492302e+00,-3.25109165e+02,1.20583024e+07,2.44323538e+03,1.18501922e-01,5.59267640e-07,6.00009375e-01,2.81488144e-01
9.90990991e+00,6.14391655e+00,-3.31131358e+02,1.19208064e+07,2.43542848e+03,1.18501922e-01,5.59246750e-07,6.00009375e-01,2.81488144e-01
1.00100100e+01,6.11323311e+00,-3.31579114e+02,1.18384328e+07,2.43073890e+03,1.18501922e-01,5.59226014e-07,6.00009375e-01,2.81488144e-01
1.01101101e+01,6.09488967e+00,-3.28360284e+02,1.17897460e+07,2.42802780e+03,1.18501922e-01,5.59205359e-07,6.00009375e-01,2.81488144e-01
1.02102102e+01,6.08415085e+00,-3.23740408e+02,1.17613356e+07,2.42645211e+03,1.18501922e-01,5.59184729e-07,6.00009375e-01,2.81488144e-01
1.03103103e+01,6.07324845e+00,-3.19491858e+02,1.17322041e+07,2.42478710e+03,1.18501922e-01,5.59164096e-07,6.00009375e-01,2.81488144e-01
1.04104104e+01,6.06087460e+00,-3.15812093e+02,1.16992637e+07,2.42291560e+03,1.18501922e-01,5.59143429e-07,6.00009375e-01,2.81488144e-01
1.05105105e+01,6.04816463e+00,-3.12548312e+02,1.16655024e+07,2.42100061e+03,1.18501922e-01,5.59122692e-07,6.00009375e-01,2.81488144e-01
1.06106106e+01,6.03619699e+00,-3.09387593e+02,1.16336714e+07,2.41918145e+03,1.18501922e-01,5.59101846e-07,6.00009375e-01,2.81488144e-01
1.07107107e+01,6.02491420e+00,-3.06358937e+02,1.16036630e+07,2.41745998e+03,1.18501922e-01,5.59080848e-07,6.00009375e-01,2.81488144e-01
1.08108108e+01,6.01428271e+00,-3.03487254e+02,1.15754050e+07,2.41583578e+03,1.18501922e-01,5.59059654e-07,6.00009375e-01,2.81488144e-01
1.09109109e+01,6.00431192e+00,-3.00785721e+02,1.15489199e+07,2.41431080e+03,1.18501922e-01,5.59038220e-07,6.00009375e-01,2.81488144e-01
1.10110110e+01,5.99501800e+00,-2.98262905e+02,1.15242474e+07,2.41288783e+03,1.18501922e-01,5.59016504e-07,6.00009375e-01,2.81488144e-01
1.11111111e+01,5.98641566e+00,-2.95924316e+02,1.15014231e+07,2.41156941e+03,1.18501922e-01,5.58994463e-07,6.00009375e-01,2.81488144e-01
1.12112112e+01,5.97851242e+00,-2.93773441e+02,1.14804641e+07,2.41035695e+03,1.18501922e-01,5.58972057e-07,6.00009375e-01,2.81488144e-01
1.13113113e+01,5.97131006e+00,-2.91811018e+02,1.14613721e+07,2.40925099e+03,1.18501922e-01,5.58949246e-07,6.00009375e-01,2.81488144e-01
1.14114114e+01,5.96480094e+00,-2.90035828e+02,1.14441245e+07,2.40825057e+03,1.18501922e-01,5.58925995e-07,6.00009375e-01,2.81488144e-01
1.15115115e+01,5.95897003e+00,-2.88444147e+02,1.14286790e+07,2.40735360e+03,1.18501922e-01,5.58902272e-07,6.00009375e-01,2.81488144e-01
1.16116116e+01,5.95379376e+00,-2.87030239e+02,1.14149713e+07,2.40655665e+03,1.18501922e-01,5.58878051e-07,6.00009375e-01,2.81488144e-01
1.17117117e+01,5.94924231e+00,-2.85786063e+02,1.14029208e+07,2.40585529e+03,1.18501922e-01,5.58853308e-07,6.00009375e-01,2.81488144e-01
1.18118118e+01,5.94527918e+00,-2.84701918e+02,1.13924294e+07,2.40524404e+03,1.18501922e-01,5.58828027e-07,6.00009375e-01,2.81488144e-01
1.19119119e+01,5.94186222e+00,-2.83766756e+02,1.13833847e+07,2.40471654e+03,1.18501922e-01,5.58802198e-07,6.00009375e-01,2.81488144e-01
1.20120120e+01,5.93894592e+00,-2.82968259e+02,1.13756653e+07,2.40426585e+03,1.18501922e-01,5.58775816e-07,6.00009375e-01,2.81488144e-01
1.21121121e+01,5.93648229e+00,-2.82293312e+02,1.13691436e+07,2.40388467e+03,1.18501922e-01,5.58748885e-07,6.00009375e-01,2.81488144e-01
1.22122122e+01,5.93442166e+00,-2.81728500e+02,1.13636877e+07,2.40356539e+03,1.18501922e-01,5.58721416e-07,6.00009375e-01,2.81488144e-01
1.23123123e+01,5.93271443e+00,-2.81260305e+02,1.13591662e+07,2.40330043e+03,1.18501922e-01,5.58693425e-07,6.00009375e-01,2.81488144e-01
1.24124124e+01,5.93131159e+00,-2.80875567e+02,1.13554493e+07,2.40308225e+03,1.18501922e-01,5.58664937e-07,6.00009375e-01,2.81488144e-01
1.25125125e+01,5.93016688e+00,-2.80561406e+02,1.13524144e+07,2.40290375e+03,1.18501922e-01,5.58635981e-07,6.00009375e-01,2.81488144e-01
1.26126126e+01,5.92923630e+00,-2.80305792e+02,1.13499453e+07,2.40275818e+03,1.18501922e-01,5.58606593e-07,6.00009375e-01,2.81488144e-01
1.27127127e+01,5.92847869e+00,-2.80097724e+02,1.13479331e+07,2.40263920e+03,1.18501922e-01,5.58576813e-07,6.00009375e-01,2.81488144e-01
1.28128128e+01,5.92785749e+00,-2.79927011e+02,1.13462812e+07,2.40254119e+03,1.18501922e-01,5.58546684e-07,6.00009375e-01,2.81488144e-01
1.29129129e+01,5.92734009e+00,-2.79784616e+02,1.13449034e+07,2.40245913e+03,1.18501922e-01,5.58516252e-07,6.00009375e-01,2.81488144e-01
1.30130130e+01,5.92689772e+00,-2.79662836e+02,1.13437237e+07,2.40238861e+03,1.18501922e-01,5.58485562e-07,6.00009375e-01,2.81488144e-01
1.31131131e+01,5.92650641e+00,-2.79555096e+02,1.13426788e+07,2.40232593e+03,1.18501922e-01,5.58454659e-07,6.00009375e-01,2.81488144e-01
1.32132132e+01,5.92614677e+00,-2.79456070e+02,1.13417176e+07,2.40226812e+03,1.18501922e-01,5.58423583e-07,6.00009375e-01,2.81488145e-01
1.33133133e+01,5.92580406e+00,-2.79361660e+02,1.13408010e+07,2.40221292e+03,1.18501922e-01,5.58392369e-07,6.00009375e-01,2.81488145e-01
1.34134134e+01,5.92546815e+00,-2.79269033e+02,1.13399026e+07,2.40215877e+03,1.18501922e-01,5.58361049e-07,6.00009375e-01,2.81488145e-01
1.35135135e+01,5.92513301e+00,-2.79176755e+02,1.13390062e+07,2.40210475e+03,1.18501922e-01,5.58329641e-07,6.00009375e-01,2.81488145e-01
1.36136136e+01,5.92479329e+00,-2.79083226e+02,1.13380978e+07,2.40205003e+03,1.18501922e-01,5.58298156e-07,6.00009375e-01,2.81488145e-01
1.37137137e+01,5.92443508e+00,-2.78984606e+02,1.13371406e+07,2.40199247e+03,1.18501922e-01,5.58266594e-07,6.00009375e-01,2.81488145e-01
1.38138138e+01,5.92403536e+00,-2.78874580e+02,1.13360739e+07,2.40192853e+03,1.18501922e-01,5.58234942e-07,6.00009375e-01,2.81488145e-01
1.39139139e+01,5.92356217e+00,-2.78744413e+02,1.13348133e+07,2.40185327e+03,1.18501922e-01,5.58203175e-07,6.00009375e-01,2.81488145e-01
1.40140140e+01,5.92297504e+00,-2.78583025e+02,1.13332519e+07,2.40176047e+03,1.18501922e-01,5.58171256e-07,6.00009375e-01,2.81488145e-01
1.41141141e+01,5.92222555e+00,-2.78377119e+02,1.13312618e+07,2.40164263e+03,1.18501922e-01,5.58139136e-07,6.00009375e-01,2.81488145e-01
1.42142142e+01,5.92125804e+00,-2.78111365e+02,1.13286962e+07,2.40149118e+03,1.18501922e-01,5.58106754e-07,6.00009375e-01,2.81488145e-01
1.43143143e+01,5.92001037e+00,-2.77768670e+02,1.13253910e+07,2.40129652e+03,1.18501922e-01,5.58074041e-07,6.00009375e-01,2.81488145e-01
1.44144144e+01,5.91841510e+00,-2.77330495e+02,1.13211684e+07,2.40104822e+03,1.18501922e-01,5.58040923e-07,6.00009375e-01,2.81488145e-01
1.45145145e+01,5.91640102e+00,-2.76777228e+02,1.13158406e+07,2.40073527e+03,1.18501922e-01,5.58007319e-07,6.00009375e-01,2.81488145e-01
1.46146146e+01,5.91389490e+00,-2.76088649e+02,1.13092148e+07,2.40034631e+03,1.18501922e-01,5.57973149e-07,6.00009375e-01,2.81488145e-01
1.47147147e+01,5.91082366e+00,-2.75244518e+02,1.13010987e+07,2.39987001e+03,1.18501922e-01,5.57938334e-07,6.00009375e-01,2.81488145e-01
1.48148148e+01,5.90711676e+00,-2.74225246e+02,1.12913070e+07,2.39929536e+03,1.18501922e-01,5.57902804e-07,6.00009375e-01,2.81488145e-01
1.49149149e+01,5.90270892e+00,-2.73012613e+02,1.12796687e+07,2.39861216e+03,1.18501922e-01,5.57866497e-07,6.00009375e-01,2.81488145e-01
1.50150150e+01,5.89754298e+00,-2.71590539e+02,1.12660347e+07,2.39781141e+03,1.18501922e-01,5.57829367e-07,6.00009375e-01,2.81488145e-01
1.51151151e+01,5.89157266e+00,-2.69945816e+02,1.12502848e+07,2.39688574e+03,1.18501922e-01,5.57791387e-07,6.00009375e-01,2.81488145e-01
1.52152152e+01,5.88476503e+00,-2.68068785e+02,1.12323346e+07,2.39582979e+03,1.18501922e-01,5.57752549e-07,6.00009375e-01,2.81488145e-01
1.53153153e+01,5.87710230e+00,-2.65953868e+02,1.12121403e+07,2.39464051e+03,1.18501922e-01,5.57712872e-07,6.00009375e-01,2.81488145e-01
1.54154154e+01,5.86858294e+00,-2.63599882e+02,1.11897009e+07,2.39331733e+03,1.18501922e-01,5.57672398e-07,6.00009375e-01,2.81488145e-01
1.55155155e+01,5.85922178e+00,-2.61010090e+02,1.11650593e+07,2.39186216e+03,1.18501922e-01,5.57631197e-07,6.00009375e-01,2.81488145e-01
1.56156156e+01,5.84904919e+00,-2.58191992e+02,1.11382991e+07,2.39027934e+03,1.18501922e-01,5.57589366e-07,6.00009375e-01,2.81488145e-01
1.57157157e+01,5.83810920e+00,-2.55156848e+02,1.11095405e+07,2.38857529e+03,1.18501922e-01,5.57547026e-07,6.00009375e-01,2.81488145e-01
1.58158158e+01,5.82645692e+00,-2.51918997e+02,1.10789323e+07,2.38675820e+03,1.18501922e-01,5.57504321e-07,6.00009375e-01,2.81488146e-01
1.59159159e+01,5.81415540e+00,-2.48495028e+02,1.10466443e+07,2.38483748e+03,1.18501922e-01,5.57461410e-07,6.00009375e-01,2.81488146e-01
1.60160160e+01,5.80127232e+00,-2.44902886e+02,1.10128581e+07,2.38282334e+03,1.18501922e-01,5.57418470e-07,6.00009375e-01,2.81488146e-01
1.61161161e+01,5.78787669e+00,-2.41160980e+02,1.09777584e+07,2.38072621e+03,1.18501922e-01,5.57375683e-07,6.00009375e-01,2.81488146e-01
1.62162162e+01,5.77403597e+00,-2.37287388e+02,1.09415254e+07,2.37855633e+03,1.18501922e-01,5.57333235e-07,6.00009375e-01,2.81488146e-01
1.63163163e+01,5.75981361e+00,-2.33299179e+02,1.09043283e+07,2.37632338e+03,1.18501922e-01,5.57291308e-07,6.00009375e-01,2.81488146e-01
1.64164164e+01,5.74526723e+00,-2.29211893e+02,1.08663205e+07,2.37403616e+03,1.18501922e-01,5.57250076e-07,6.00009375e-01,2.81488146e-01
1.65165165e+01,5.73044734e+00,-2.25039182e+02,1.08276363e+07,2.37170237e+03,1.18501922e-01,5.57209703e-07,6.00009375e-01,2.81488146e-01
1.66166166e+01,5.71539654e+00,-2.20792572e+02,1.07883891e+07,2.36932855e+03,1.18501922e-01,5.57170333e-07,6.00009375e-01,2.81488146e-01
1.67167167e+01,5.70014918e+00,-2.16481328e+02,1.07486701e+07,2.36691992e+03,1.18501922e-01,5.57132094e-07,6.00009375e-01,2.81488146e-01
1.68168168e+01,5.68473108e+00,-2.12112364e+02,1.07085480e+07,2.36448039e+03,1.18501922e-01,5.57095094e-07,6.00009375e-01,2.81488146e-01
1.69169169e+01,5.66915945e+00,-2.07690118e+02,1.06680682e+07,2.36201236e+03,1.18501922e-01,5.57059420e-07,6.00009375e-01,2.81488146e-01
1.70170170e+01,5.65344536e+00,-2.03216285e+02,1.06272506e+07,2.35951518e+03,1.18501922e-01,5.57025143e-07,6.00009375e-01,2.81488146e-01
1.71171171e+01,5.63764478e+00,-1.98705911e+02,1.05862428e+07,2.35699790e+03,1.18501922e-01,5.56992313e-07,6.00009375e-01,2.81488146e-01
1.72172172e+01,5.62184415e+00,-1.94186915e+02,1.05452909e+07,2.35447897e+03,1.18501922e-01,5.56960964e-07,6.00009375e-01,2.81488146e-01
1.73173173e+01,5.60605365e+00,-1.89662104e+02,1.05044189e+07,2.35195950e+03,1.18501922e-01,5.56931116e-07,6.00009375e-01,2.81488146e-01
1.74174174e+01,5.59028169e+00,-1.85132267e+02,1.04636387e+07,2.34943858e+03,1.18501922e-01,5.56902777e-07,6.00009375e-01,2.81488146e-01
1.75175175e+01,5.57453098e+00,-1.80598254e+02,1.04229575e+07,2.34691676e+03,1.18501922e-01,5.56875941e-07,6.00009375e-01,2.81488146e-01
1.76176176e+01,5.55880383e+00,-1.76060757e+02,1.03823813e+07,2.34439442e+03,1.18501922e-01,5.56850591e-07,6.00009375e-01,2.81488146e-01
1.77177177e+01,5.54310218e+00,-1.71520323e+02,1.03419150e+07,2.34187190e+03,1.18501922e-01,5.56826696e-07,6.00009375e-01,2.81488146e-01
1.78178178e+01,5.52742756e+00,-1.66977397e+02,1.03015626e+07,2.33934945e+03,1.18501922e-01,5.56804209e-07,6.00009375e-01,2.81488146e-01
1.79179179e+01,5.51178121e+00,-1.62432349e+02,1.02613271e+07,2.33682729e+03,1.18501922e-01,5.56783069e-07,6.00009375e-01,2.81488146e-01
1.80180180e+01,5.49616413e+00,-1.57885478e+02,1.02212109e+07,2.33430560e+03,1.18501922e-01,5.56763195e-07,6.00009375e-01,2.81488146e-01
1.81181181e+01,5.48057718e+00,-1.53337031e+02,1.01812162e+07,2.33178452e+03,1.18501922e-01,5.56744484e-07,6.00009375e-01,2.81488146e-01
1.82182182e+01,5.46502103e+00,-1.48787215e+02,1.01413443e+07,2.32926416e+03,1.18501922e-01,5.56726813e-07,6.00009375e-01,2.81488146e-01
1.83183183e+01,5.44949627e+00,-1.44236201e+02,1.01015967e+07,2.32674462e+03,1.18501922e-01,5.56710035e-07,6.00009375e-01,2.81488146e-01
1.84184184e+01,5.43400338e+00,-1.39684141e+02,1.00619741e+07,2.32422596e+03,1.18501922e-01,5.56693978e-07,6.00009375e-01,2.81488146e-01
1.85185185e+01,5.41854273e+00,-1.35131167e+02,1.00224775e+07,2.32170823e+03,1.18501922e-01,5.56678451e-07,6.00009375e-01,2.81488146e-01
1.86186186e+01,5.40311471e+00,-1.30577380e+02,9.98310741e+06,2.31919150e+03,1.18501922e-01,5.56663241e-07,6.00009375e-01,2.81488146e-01
1.87187187e+01,5.38771963e+00,-1.26022878e+02,9.94386436e+06,2.31667578e+03,1.18501922e-01,5.56648121e-07,6.00009375e-01,2.81488147e-01
1.88188188e+01,5.37235776e+00,-1.21467738e+02,9.90474876e+06,2.31416112e+03,1.18501922e-01,5.56632853e-07,6.00009375e-01,2.81488147e-01
1.89189189e+01,5.35702932e+00,-1.16912042e+02,9.86576085e+06,2.31164753e+03,1.18501922e-01,5.56617191e-07,6.00009375e-01,2.81488147e-01
1.90190190e+01,5.34173455e+00,-1.12355842e+02,9.82690095e+06,2.30913503e+03,1.18501922e-01,5.56600892e-07,6.00009375e-01,2.81488147e-01
1.91191191e+01,5.32647362e+00,-1.07799206e+02,9.78816911e+06,2.30662364e+03,1.18501922e-01,5.56583723e-07,6.00009375e-01,2.81488147e-01
1.92192192e+01,5.31124673e+00,-1.03242171e+02,9.74956555e+06,2.30411335e+03,1.18501922e-01,5.56565463e-07,6.00009375e-01,2.81488147e-01
1.93193193e+01,5.29605399e+00,-9.86847988e+01,9.71109012e+06,2.30160416e+03,1.18501922e-01,5.56545916e-07,6.00009375e-01,2.81488147e-01
1.94194194e+01,5.28089559e+00,-9.41271074e+01,9.67274296e+06,2.29909608e+03,1.18501922e-01,5.56524914e-07,6.00009375e-01,2.81488147e-01
1.95195195e+01,5.26577160e+00,-8.95691409e+01,9.63452386e+06,2.29658906e+03,1.18501922e-01,5.56502328e-07,6.00009375e-01,2.81488147e-01
1.96196196e+01,5.25068212e+00,-8.50109261e+01,9.59643266e+06,2.29408311e+03,1.18501922e-01,5.56478069e-07,6.00009375e-01,2.81488147e-01
1.97197197e+01,5.23562726e+00,-8.04524626e+01,9.55846931e+06,2.29157821e+03,1.18501922e-01,5.56452094e-07,6.00009375e-01,2.81488147e-01
1.98198198e+01,5.22060695e+00,-7.58937908e+01,9.52063331e+06,2.28907433e+03,1.18501922e-01,5.56424413e-07,6.00009375e-01,2.81488147e-01
1.99199199e+01,5.20562132e+00,-7.13348820e+01,9.48292467e+06,2.28657148e+03,1.18501922e-01,5.56395085e-07,6.00009375e-01,2.81488147e-01
2.00200200e+01,5.19067022e+00,-6.67757622e+01,9.44534284e+06,2.28406965e+03,1.18501922e-01,5.56364222e-07,6.00009375e-01,2.81488147e-01
2.01201201e+01,5.17575363e+00,-6.22164145e+01,9.40788756e+06,2.28156884e+03,1.18501922e-01,5.56331986e-07,6.00009375e-01,2.81488147e-01
2.02202202e+01,5.16087144e+00,-5.76568309e+01,9.37055844e+06,2.27906907e+03,1.18501922e-01,5.56298585e-07,6.00009375e-01,2.81488147e-01
2.03203203e+01,5.14602351e+00,-5.30969946e+01,9.33335513e+06,2.27657037e+03,1.18501922e-01,5.56264266e-07,6.00009375e-01,2.81488147e-01
2.04204204e+01,5.13120955e+00,-4.85369345e+01,9.29627687e+06,2.27407274e+03,1.18501922e-01,5.56229312e-07,6.00009375e-01,2.81488147e-01
2.05205205e+01,5.11642978e+00,-4.39765125e+01,9.25932425e+06,2.27157630e+03,1.18501922e-01,5.56194026e-07,6.00009375e-01,2.81488147e-01
2.06206206e+01,5.10168316e+00,-3.94159765e+01,9.22249472e+06,2.26908093e+03,1.18501922e-01,5.56158729e-07,6.00009375e-01,2.81488147e-01
2.07207207e+01,5.08697108e+00,-3.48548241e+01,9.18579181e+06,2.26658695e+03,1.18501922e-01,5.56123739e-07,6.00009375e-01,2.81488147e-01
2.08208208e+01,5.07229066e+00,-3.02938816e+01,9.14920835e+06,2.26409393e+03,1.18501922e-01,5.56089368e-07,6.00009375e-01,2.81488147e-01
2.09209209e+01,5.05764617e+00,-2.57317549e+01,9.11275503e+06,2.26160266e+03,1.18501922e-01,5.56055905e-07,6.00009375e-01,2.81488147e-01
2.10210210e+01,5.04303017e+00,-2.11706943e+01,9.07641340e+06,2.25911197e+03,1.18501922e-01,5.56023608e-07,6.00009375e-01,2.81488147e-01
2.11211211e+01,5.02845412e+00,-1.66070911e+01,9.04021178e+06,2.25662382e+03,1.18501922e-01,5.55992690e-07,6.00009375e-01,2.81488147e-01
2.12212212e+01,5.01390016e+00,-1.20465404e+01,9.00410537e+06,2.25413509e+03,1.18501922e-01,5.55963316e-07,6.00009375e-01,2.81488147e-01
2.13213213e+01,4.99939489e+00,-7.48064923e+00,8.96816026e+06,2.25165046e+03,1.18501922e-01,5.55935593e-07,6.00009375e-01,2.81488147e-01
2.14214214e+01,4.98489843e+00,-2.92155030e+00,8.93228041e+06,2.24916382e+03,1.18501922e-01,5.55909568e-07,6.00009375e-01,2.81488147e-01
2.15215215e+01,4.97046484e+00,1.64760473e+00,8.89659798e+06,2.24668411e+03,1.18501922e-01,5.55885199e-07,6.00009375e-01,2.81488147e-01
2.16216216e+01,4.95602007e+00,6.20433073e+00,8.86093641e+06,2.24420031e+03,1.18501922e-01,5.55862399e-07,6.00009375e-01,2.81488147e-01
2.17217217e+01,4.94166328e+00,1.07773392e+01,8.82551977e+06,2.24172428e+03,1.18501922e-01,5.55841075e-07,6.00009375e-01,2.81488147e-01
2.18218218e+01,4.92727667e+00,1.53318770e+01,8.79007673e+06,2.23924066e+03,1.18501922e-01,5.55821033e-07,6.00009375e-01,2.81488147e-01
2.19219219e+01,4.91299024e+00,1.99072478e+01,8.75491186e+06,2.23676795e+03,1.18501922e-01,5.55802032e-07,6.00009375e-01,2.81488147e-01
2.20220220e+01,4.89867158e+00,2.44628393e+01,8.71970536e+06,2.23428485e+03,1.18501922e-01,5.55783794e-07,6.00009375e-01,2.81488147e-01
2.21221221e+01,4.88444487e+00,2.90379829e+01,8.68476675e+06,2.23181402e+03,1.18501922e-01,5.55766017e-07,6.00009375e-01,2.81488147e-01
2.22222222e+01,4.87020096e+00,3.35962897e+01,8.64981512e+06,2.22933327e+03,1.18501922e-01,5.55748380e-07,6.00009375e-01,2.81488148e-01
2.23223223e+01,4.85602661e+00,3.81685466e+01,8.61508746e+06,2.22686396e+03,1.18501922e-01,5.55730565e-07,6.00009375e-01,2.81488148e-01
2.24224224e+01,4.84186210e+00,4.27327142e+01,8.58041524e+06,2.22439005e+03,1.18501922e-01,5.55712260e-07,6.00009375e-01,2.81488148e-01
2.25225225e+01,4.82772988e+00,4.72980775e+01,8.54586910e+06,2.22191954e+03,1.18501922e-01,5.55693175e-07,6.00009375e-01,2.81488148e-01
2.26226226e+01,4.81365229e+00,5.18710709e+01,8.51149700e+06,2.21945472e+03,1.18501922e-01,5.55673053e-07,6.00009375e-01,2.81488148e-01
2.27227227e+01,4.79955753e+00,5.64292503e+01,8.47712816e+06,2.21698422e+03,1.18501922e-01,5.55651677e-07,6.00009375e-01,2.81488148e-01
2.28228228e+01,4.78556510e+00,6.10076698e+01,8.44302494e+06,2.21452149e+03,1.18501922e-01,5.55628881e-07,6.00009375e-01,2.81488148e-01
2.29229229e+01,4.77154446e+00,6.55672329e+01,8.40888522e+06,2.21204778e+03,1.18501922e-01,5.55604553e-07,6.00009375e-01,2.81488148e-01
2.30230230e+01,4.75759603e+00,7.01418296e+01,8.37497197e+06,2.20958571e+03,1.18501922e-01,5.55578645e-07,6.00009375e-01,2.81488148e-01
2.31231231e+01,4.74366414e+00,7.47110457e+01,8.34113133e+06,2.20712068e+03,1.18501922e-01,5.55551168e-07,6.00009375e-01,2.81488148e-01
2.32232232e+01,4.72974145e+00,7.92753458e+01,8.30736708e+06,2.20465711e+03,1.18501922e-01,5.55522203e-07,6.00009375e-01,2.81488148e-01
2.33233233e+01,4.71590388e+00,8.38552241e+01,8.27383019e+06,2.20219977e+03,1.18501922e-01,5.55491889e-07,6.00009375e-01,2.81488148e-01
2.34234234e+01,4.70203551e+00,8.84157074e+01,8.24025265e+06,2.19973152e+03,1.18501922e-01,5.55460431e-07,6.00009375e-01,2.81488148e-01
2.35235235e+01,4.68825421e+00,9.29951726e+01,8.20692215e+06,2.19727399e+03,1.18501922e-01,5.55428084e-07,6.00009375e-01,2.81488148e-01
2.36236236e+01,4.67447702e+00,9.75657499e+01,8.17363474e+06,2.19481162e+03,1.18501922e-01,5.55395156e-07,6.00009375e-01,2.81488148e-01
2.37237237e+01,4.66071254e+00,1.02133566e+02,8.14043775e+06,2.19235307e+03,1.18501922e-01,5.55361992e-07,6.00009375e-01,2.81488148e-01
2.38238238e+01,4.64703217e+00,1.06716578e+02,8.10746181e+06,2.18990001e+03,1.18501922e-01,5.55328972e-07,6.00009375e-01,2.81488148e-01
2.39239239e+01,4.63332098e+00,1.11280411e+02,8.07444444e+06,2.18743581e+03,1.18501922e-01,5.55296489e-07,6.00009375e-01,2.81488148e-01
2.40240240e+01,4.61968916e+00,1.15861711e+02,8.04165935e+06,2.18498254e+03,1.18501922e-01,5.55264952e-07,6.00009375e-01,2.81488148e-01
2.41241241e+01,4.60607225e+00,1.20438204e+02,8.00894650e+06,2.18252738e+03,1.18501922e-01,5.55234759e-07,6.00009375e-01,2.81488148e-01
2.42242242e+01,4.59245237e+00,1.25006269e+02,7.97628295e+06,2.18007254e+03,1.18501922e-01,5.55206297e-07,6.00009375e-01,2.81488148e-01
2.43243243e+01,4.57892940e+00,1.29593553e+02,7.94386316e+06,2.17762383e+03,1.18501922e-01,5.55179920e-07,6.00009375e-01,2.81488148e-01
2.44244244e+01,4.56537936e+00,1.34163499e+02,7.91141212e+06,2.17516492e+03,1.18501922e-01,5.55155945e-07,6.00009375e-01,2.81488148e-01
2.45245245e+01,4.55187764e+00,1.38742793e+02,7.87913694e+06,2.17271681e+03,1.18501922e-01,5.55134635e-07,6.00009375e-01,2.81488148e-01
2.46246246e+01,4.53842828e+00,1.43328410e+02,7.84701385e+06,2.17027114e+03,1.18501922e-01,5.55116197e-07,6.00009375e-01,2.81488148e-01
2.47247247e+01,4.52495327e+00,1.47896866e+02,7.81487125e+06,2.16781783e+03,1.18501922e-01,5.55100768e-07,6.00009375e-01,2.81488148e-01
2.48248248e+01,4.51157036e+00,1.52486119e+02,7.78297457e+06,2.16537406e+03,1.18501922e-01,5.55088414e-07,6.00009375e-01,2.81488148e-01
2.49249249e+01,4.49818765e+00,1.57066307e+02,7.75111573e+06,2.16292623e+03,1.18501922e-01,5.55079123e-07,6.00009375e-01,2.81488148e-01
2.50250250e+01,4.48480681e+00,1.61640609e+02,7.71932462e+06,2.16048183e+03,1.18501922e-01,5.55072804e-07,6.00009375e-01,2.81488148e-01
2.51251251e+01,4.47152059e+00,1.66233700e+02,7.68776796e+06,2.15804296e+03,1.18501922e-01,5.55069289e-07,6.00009375e-01,2.81488148e-01
2.52252252e+01,4.45820764e+00,1.70810372e+02,7.65618303e+06,2.15559452e+03,1.18501922e-01,5.55068334e-07,6.00009375e-01,2.81488148e-01
2.53253253e+01,4.44493140e+00,1.75393718e+02,7.62474815e+06,2.15315599e+03,1.18501922e-01,5.55069626e-07,6.00009375e-01,2.81488148e-01
2.54254254e+01,4.43172306e+00,1.79988128e+02,7.59349154e+06,2.15072040e+03,1.18501922e-01,5.55072784e-07,6.00009375e-01,2.81488148e-01
2.55255255e+01,4.41848314e+00,1.84564351e+02,7.56219643e+06,2.14827466e+03,1.18501922e-01,5.55077373e-07,6.00009375e-01,2.81488148e-01
2.56256256e+01,4.40531198e+00,1.89156734e+02,7.53110948e+06,2.14584004e+03,1.18501922e-01,5.55082910e-07,6.00009375e-01,2.81488148e-01
2.57257257e+01,4.39217635e+00,1.93750757e+02,7.50013533e+06,2.14340572e+03,1.18501922e-01,5.55088874e-07,6.00009375e-01,2.81488148e-01
2.58258258e+01,4.37901801e+00,1.98328837e+02,7.46915220e+06,2.14096532e+03,1.18501922e-01,5.55094720e-07,6.00009375e-01,2.81488148e-01
2.59259259e+01,4.36595021e+00,2.02927747e+02,7.43840632e+06,2.13853407e+03,1.18501922e-01,5.55099888e-07,6.00009375e-01,2.81488148e-01
2.60260260e+01,4.35289017e+00,2.07519841e+02,7.40771396e+06,2.13609985e+03,1.18501922e-01,5.55103818e-07,6.00009375e-01,2.81488148e-01
2.61261261e+01,4.33982188e+00,2.12101588e+02,7.37705762e+06,2.13366545e+03,1.18501922e-01,5.55105959e-07,6.00009375e-01,2.81488148e-01
2.62262262e+01,4.32685100e+00,2.16704459e+02,7.34663926e+06,2.13123740e+03,1.18501922e-01,5.55105785e-07,6.00009375e-01,2.81488148e-01
2.63263263e+01,4.31387085e+00,2.21295312e+02,7.31623370e+06,2.12880306e+03,1.18501922e-01,5.55102801e-07,6.00009375e-01,2.81488148e-01
2.64264264e+01,4.30089682e+00,2.25881345e+02,7.28590392e+06,2.12637310e+03,1.18501922e-01,5.55096557e-07,6.00009375e-01,2.81488148e-01
2.65265265e+01,4.28801645e+00,2.30487018e+02,7.25580108e+06,2.12394848e+03,1.18501922e-01,5.55086661e-07,6.00009375e-01,2.81488148e-01
2.66266266e+01,4.27510982e+00,2.35078497e+02,7.22566574e+06,2.12151275e+03,1.18501922e-01,5.55072779e-07,6.00009375e-01,2.81488148e-01
2.67267267e+01,4.26224153e+00,2.39677035e+02,7.19566959e+06,2.11908419e+03,1.18501922e-01,5.55054650e-07,6.00009375e-01,2.81488148e-01
2.68268268e+01,4.24941679e+00,2.44281106e+02,7.16579774e+06,2.11665594e+03,1.18501922e-01,5.55032091e-07,6.00009375e-01,2.81488148e-01
2.69269269e+01,4.23660794e+00,2.48882929e+02,7.13600250e+06,2.11422777e+03,1.18501922e-01,5.55004996e-07,6.00009375e-01,2.81488148e-01
2.70270270e+01,4.22380885e+00,2.53479787e+02,7.10626729e+06,2.11179782e+03,1.18501922e-01,5.54973347e-07,6.00009375e-01,2.81488148e-01
2.71271271e+01,4.21108738e+00,2.58093517e+02,7.07673299e+06,2.10937411e+03,1.18501922e-01,5.54937211e-07,6.00009375e-01,2.81488148e-01
2.72272272e+01,4.19835230e+00,2.62693316e+02,7.04719623e+06,2.10694180e+03,1.18501922e-01,5.54896739e-07,6.00009375e-01,2.81488148e-01
2.73273273e+01,4.18564556e+00,2.67296583e+02,7.01777732e+06,2.10451579e+03,1.18501921e-01,5.54852166e-07,6.00009375e-01,2.81488149e-01
2.74274274e+01,4.17301399e+00,2.71914109e+02,6.98854715e+06,2.10209391e+03,1.18501921e-01,5.54803809e-07,6.00009375e-01,2.81488149e-01
2.75275275e+01,4.16035861e+00,2.76515320e+02,6.95929261e+06,2.09966198e+03,1.18501921e-01,5.54752058e-07,6.00009375e-01,2.81488149e-01
2.76276276e+01,4.14773976e+00,2.81122419e+02,6.93017397e+06,2.09723787e+03,1.18501921e-01,5.54697373e-07,6.00009375e-01,2.81488149e-01
2.77277277e+01,4.13519767e+00,2.85743728e+02,6.90124504e+06,2.09481766e+03,1.18501921e-01,5.54640272e-07,6.00009375e-01,2.81488149e-01
2.78278278e+01,4.12262817e+00,2.90348695e+02,6.87228540e+06,2.09238729e+03,1.18501921e-01,5.54581324e-07,6.00009375e-01,2.81488149e-01
2.79279279e+01,4.11009052e+00,2.94957239e+02,6.84345190e+06,2.08996439e+03,1.18501921e-01,5.54521139e-07,6.00009375e-01,2.81488149e-01
2.80280280e+01,4.09763708e+00,2.99581913e+02,6.81482337e+06,2.08754654e+03,1.18501921e-01,5.54460356e-07,6.00009375e-01,2.81488149e-01
2.81281281e+01,4.08515477e+00,3.04190601e+02,6.78616022e+06,2.08511805e+03,1.18501921e-01,5.54399628e-07,6.00009375e-01,2.81488149e-01
2.82282282e+01,4.07270400e+00,3.08803211e+02,6.75762296e+06,2.08269735e+03,1.18501921e-01,5.54339615e-07,6.00009375e-01,2.81488149e-01
2.83283283e+01,4.06033045e+00,3.13429888e+02,6.72927735e+06,2.08028148e+03,1.18501921e-01,5.54280970e-07,6.00009375e-01,2.81488149e-01
2.84284284e+01,4.04792735e+00,3.18038906e+02,6.70089645e+06,2.07785507e+03,1.18501921e-01,5.54224323e-07,6.00009375e-01,2.81488149e-01
2.85285285e+01,4.03557529e+00,3.22659347e+02,6.67268117e+06,2.07543900e+03,1.18501921e-01,5.54170280e-07,6.00009375e-01,2.81488149e-01
2.86286286e+01,4.02327591e+00,3.27286904e+02,6.64460663e+06,2.07302487e+03,1.18501921e-01,5.54119403e-07,6.00009375e-01,2.81488149e-01
2.87287287e+01,4.01094995e+00,3.31896776e+02,6.61650807e+06,2.07060214e+03,1.18501921e-01,5.54072207e-07,6.00009375e-01,2.81488149e-01
2.88288288e+01,3.99868784e+00,3.36522690e+02,6.58859608e+06,2.06819001e+03,1.18501921e-01,5.54029151e-07,6.00009375e-01,2.81488149e-01
2.89289289e+01,3.98646889e+00,3.41152987e+02,6.56080453e+06,2.06577860e+03,1.18501921e-01,5.53990635e-07,6.00009375e-01,2.81488149e-01
2.90290290e+01,3.97422274e+00,3.45765836e+02,6.53299036e+06,2.06335934e+03,1.18501921e-01,5.53956991e-07,6.00009375e-01,2.81488150e-01
2.91291291e+01,3.96203848e+00,3.50394334e+02,6.50535763e+06,2.06095041e+03,1.18501921e-01,5.53928486e-07,6.00009375e-01,2.81488150e-01
2.92292292e+01,3.94990423e+00,3.55029292e+02,6.47785858e+06,2.05854304e+03,1.18501921e-01,5.53905318e-07,6.00009375e-01,2.81488150e-01
2.93293293e+01,3.93773970e+00,3.59646607e+02,6.45032923e+06,2.05612698e+03,1.18501921e-01,5.53887617e-07,6.00009375e-01,2.81488150e-01
2.94294294e+01,3.92562380e+00,3.64275009e+02,6.42295634e+06,2.05372054e+03,1.18501921e-01,5.53875452e-07,6.00009375e-01,2.81488150e-01
2.95295295e+01,3.91357549e+00,3.68915515e+02,6.39575192e+06,2.05131780e+03,1.18501921e-01,5.53868826e-07,6.00009375e-01,2.81488150e-01
2.96296296e+01,3.90149943e+00,3.73539961e+02,6.36852016e+06,2.04890600e+03,1.18501921e-01,5.53867689e-07,6.00009375e-01,2.81488150e-01
2.97297297e+01,3.88944685e+00,3.78165914e+02,6.34139469e+06,2.04650117e+03,1.18501921e-01,5.53871935e-07,6.00009375e-01,2.81488150e-01
2.98298298e+01,3.87747833e+00,3.82810867e+02,6.31446999e+06,2.04410208e+03,1.18501921e-01,5.53881416e-07,6.00009375e-01,2.81488150e-01
2.99299299e+01,3.86549906e+00,3.87444467e+02,6.28755271e+06,2.04169620e+03,1.18501921e-01,5.53895942e-07,6.00009375e-01,2.81488150e-01
3.00300300e+01,3.85351407e+00,3.92068817e+02,6.26067855e+06,2.03929245e+03,1.18501921e-01,5.53915291e-07,6.00009375e-01,2.81488150e-01
3.01301301e+01,3.84161155e+00,3.96713814e+02,6.23400588e+06,2.03689580e+03,1.18501921e-01,5.53939212e-07,6.00009375e-01,2.81488150e-01
3.02302302e+01,3.82973438e+00,4.01358070e+02,6.20741700e+06,2.03449826e+03,1.18501921e-01,5.53967432e-07,6.00009375e-01,2.81488150e-01
3.03303303e+01,3.81783003e+00,4.05984795e+02,6.18081016e+06,2.03209435e+03,1.18501921e-01,5.53999665e-07,6.00009375e-01,2.81488149e-01
3.04304304e+01,3.80598275e+00,4.10625051e+02,6.15436822e+06,2.02969937e+03,1.18501921e-01,5.54035610e-07,6.00009375e-01,2.81488149e-01
3.05305305e+01,3.79420117e+00,4.15276966e+02,6.12808980e+06,2.02730841e+03,1.18501921e-01,5.54074963e-07,6.00009375e-01,2.81488149e-01
3.06306306e+01,3.78239460e+00,4.19913152e+02,6.10178940e+06,2.02490864e+03,1.18501921e-01,5.54117418e-07,6.00009375e-01,2.81488149e-01
3.07307307e+01,3.77060363e+00,4.24546974e+02,6.07557399e+06,2.02251377e+03,1.18501921e-01,5.54162665e-07,6.00009375e-01,2.81488149e-01
3.08308308e+01,3.75889745e+00,4.29201785e+02,6.04956051e+06,2.02012574e+03,1.18501921e-01,5.54210403e-07,6.00009375e-01,2.81488149e-01
3.09309309e+01,3.74719565e+00,4.33849516e+02,6.02358524e+06,2.01773323e+03,1.18501921e-01,5.54260335e-07,6.00009375e-01,2.81488149e-01
3.10310310e+01,3.73547713e+00,4.38482771e+02,5.99762131e+06,2.01533856e+03,1.18501921e-01,5.54312172e-07,6.00009375e-01,2.81488149e-01
3.11311311e+01,3.72383136e+00,4.43135339e+02,5.97184184e+06,2.01295166e+03,1.18501921e-01,5.54365632e-07,6.00009375e-01,2.81488149e-01
3.12312312e+01,3.71222508e+00,4.47791601e+02,5.94617264e+06,2.01056569e+03,1.18501921e-01,5.54420444e-07,6.00009375e-01,2.81488149e-01
3.13313313e+01,3.70059193e+00,4.52429769e+02,5.92048128e+06,2.00817182e+03,1.18501921e-01,5.54476351e-07,6.00009375e-01,2.81488149e-01
3.14314314e+01,3.68901296e+00,4.57081250e+02,5.89494721e+06,2.00578691e+03,1.18501921e-01,5.54533100e-07,6.00009375e-01,2.81488149e-01
3.15315315e+01,3.67749051e+00,4.61742015e+02,5.86955589e+06,2.00340492e+03,1.18501921e-01,5.54590454e-07,6.00009375e-01,2.81488149e-01
3.16316316e+01,3.66594515e+00,4.66386262e+02,5.84414618e+06,2.00101416e+03,1.18501921e-01,5.54648189e-07,6.00009375e-01,2.81488149e-01
3.17317317e+01,3.65443224e+00,4.71035051e+02,5.81885193e+06,1.99863020e+03,1.18501921e-01,5.54706087e-07,6.00009375e-01,2.81488149e-01
3.18318318e+01,3.64299352e+00,4.75700502e+02,5.79373597e+06,1.99625196e+03,1.18501921e-01,5.54763946e-07,6.00009375e-01,2.81488149e-01
3.19319319e+01,3.63154873e+00,4.80354628e+02,5.76863403e+06,1.99386691e+03,1.18501921e-01,5.54821577e-07,6.00009375e-01,2.81488149e-01
3.20320320e+01,3.62009884e+00,4.84998787e+02,5.74356888e+06,1.99148234e+03,1.18501922e-01,5.54878804e-07,6.00009375e-01,2.81488148e-01
3.21321321e+01,3.60872084e+00,4.89660609e+02,5.71868115e+06,1.98910473e+03,1.18501922e-01,5.54935462e-07,6.00009375e-01,2.81488148e-01
3.22322322e+01,3.59738914e+00,4.94328231e+02,5.69391762e+06,1.98672984e+03,1.18501922e-01,5.54991404e-07,6.00009375e-01,2.81488148e-01
3.23323323e+01,3.58603503e+00,4.98978835e+02,5.66913751e+06,1.98434654e+03,1.18501922e-01,5.55046499e-07,6.00009375e-01,2.81488148e-01
3.24324324e+01,3.57470071e+00,5.03627600e+02,5.64444248e+06,1.98196700e+03,1.18501922e-01,5.55100629e-07,6.00009375e-01,2.81488148e-01
3.25325325e+01,3.56344488e+00,5.08296495e+02,5.61993650e+06,1.97959531e+03,1.18501922e-01,5.55153697e-07,6.00009375e-01,2.81488148e-01
3.26326326e+01,3.55221580e+00,5.12964298e+02,5.59551353e+06,1.97722304e+03,1.18501922e-01,5.55205623e-07,6.00009375e-01,2.81488148e-01
3.27327327e+01,3.54096246e+00,5.17613651e+02,5.57107371e+06,1.97484328e+03,1.18501922e-01,5.55256350e-07,6.00009375e-01,2.81488148e-01
3.28328328e+01,3.52974647e+00,5.22267981e+02,5.54675096e+06,1.97246911e+03,1.18501922e-01,5.55305839e-07,6.00009375e-01,2.81488148e-01
3.29329329e+01,3.51860851e+00,5.26941477e+02,5.52261474e+06,1.97010264e+03,1.18501922e-01,5.55354074e-07,6.00009375e-01,2.81488148e-01
3.30330330e+01,3.50747738e+00,5.31607724e+02,5.49851912e+06,1.96773185e+03,1.18501922e-01,5.55401064e-07,6.00009375e-01,2.81488148e-01
3.31331331e+01,3.49632880e+00,5.36257609e+02,5.47442604e+06,1.96535668e+03,1.18501922e-01,5.55446841e-07,6.00009375e-01,2.81488148e-01
3.32332332e+01,3.48523666e+00,5.40920390e+02,5.45048232e+06,1.96298832e+03,1.18501922e-01,5.55491460e-07,6.00009375e-01,2.81488148e-01
3.33333333e+01,3.47420946e+00,5.45596378e+02,5.42669765e+06,1.96062566e+03,1.18501922e-01,5.55535002e-07,6.00009375e-01,2.81488148e-01
3.34334334e+01,3.46317024e+00,5.50258912e+02,5.40291426e+06,1.95825520e+03,1.18501922e-01,5.55577574e-07,6.00009375e-01,2.81488148e-01
3.35335335e+01,3.45213254e+00,5.54912674e+02,5.37917677e+06,1.95588542e+03,1.18501922e-01,5.55619305e-07,6.00009375e-01,2.81488148e-01
3.36336336e+01,3.44116461e+00,5.59584326e+02,5.35560861e+06,1.95352259e+03,1.18501922e-01,5.55660348e-07,6.00009375e-01,2.81488148e-01
3.37337337e+01,3.43024016e+00,5.64261462e+02,5.33215675e+06,1.95116247e+03,1.18501922e-01,5.55700880e-07,6.00009375e-01,2.81488148e-01
3.38338338e+01,3.41929676e+00,5.68922260e+02,5.30869435e+06,1.94879421e+03,1.18501922e-01,5.55741099e-07,6.00009375e-01,2.81488148e-01
3.39339339e+01,3.40837062e+00,5.73580383e+02,5.28530730e+06,1.94642863e+03,1.18501922e-01,5.55781221e-07,6.00009375e-01,2.81488147e-01
3.40340340e+01,3.39751633e+00,5.78257732e+02,5.26209360e+06,1.94407077e+03,1.18501922e-01,5.55821480e-07,6.00009375e-01,2.81488147e-01
3.41341341e+01,3.38669650e+00,5.82937286e+02,5.23897728e+06,1.94171412e+03,1.18501922e-01,5.55862126e-07,6.00009375e-01,2.81488147e-01
3.42342342e+01,3.37585551e+00,5.87599674e+02,5.21584723e+06,1.93934943e+03,1.18501922e-01,5.55903420e-07,6.00009375e-01,2.81488147e-01
3.43343343e+01,3.36503654e+00,5.92260975e+02,5.19280073e+06,1.93698799e+03,1.18501922e-01,5.55945631e-07,6.00009375e-01,2.81488147e-01
3.44344344e+01,3.35429025e+00,5.96942371e+02,5.16992855e+06,1.93463462e+03,1.18501922e-01,5.55989035e-07,6.00009375e-01,2.81488147e-01
3.45345345e+01,3.34357328e+00,6.01624268e+02,5.14714265e+06,1.93228157e+03,1.18501922e-01,5.56033910e-07,6.00009375e-01,2.81488147e-01
3.46346346e+01,3.33283363e+00,6.06288090e+02,5.12434150e+06,1.92992078e+03,1.18501922e-01,5.56080534e-07,6.00009375e-01,2.81488147e-01
3.47347347e+01,3.32212650e+00,6.10955799e+02,5.10164360e+06,1.92756488e+03,1.18501922e-01,5.56129177e-07,6.00009375e-01,2.81488147e-01
3.48348348e+01,3.31149213e+00,6.15642160e+02,5.07911838e+06,1.92521688e+03,1.18501922e-01,5.56180103e-07,6.00009375e-01,2.81488147e-01
3.49349349e+01,3.30086348e+00,6.20321111e+02,5.05663037e+06,1.92286458e+03,1.18501922e-01,5.56233564e-07,6.00009375e-01,2.81488147e-01
3.50350350e+01,3.29022403e+00,6.24985883e+02,5.03415832e+06,1.92050947e+03,1.18501922e-01,5.56289797e-07,6.00009375e-01,2.81488147e-01
3.51351351e+01,3.27964038e+00,6.29663997e+02,5.01182911e+06,1.91816112e+03,1.18501922e-01,5.56349017e-07,6.00009375e-01,2.81488147e-01
3.52352352e+01,3.26911210e+00,6.34352756e+02,4.98963857e+06,1.91581835e+03,1.18501922e-01,5.56411422e-07,6.00009375e-01,2.81488147e-01
3.53353353e+01,3.25857200e+00,6.39027323e+02,4.96745025e+06,1.91346824e+03,1.18501922e-01,5.56477183e-07,6.00009375e-01,2.81488147e-01
3.54354354e+01,3.24803930e+00,6.43694215e+02,4.94531658e+06,1.91111964e+03,1.18501922e-01,5.56546448e-07,6.00009375e-01,2.81488147e-01
3.55355355e+01,3.23757395e+00,6.48379436e+02,4.92334535e+06,1.90877904e+03,1.18501922e-01,5.56619331e-07,6.00009375e-01,2.81488147e-01
3.56356356e+01,3.22714583e+00,6.53067845e+02,4.90147581e+06,1.90644081e+03,1.18501922e-01,5.56695922e-07,6.00009375e-01,2.81488146e-01
3.57357357e+01,3.21669858e+00,6.57738135e+02,4.87959733e+06,1.90409526e+03,1.18501922e-01,5.56776277e-07,6.00009375e-01,2.81488146e-01
3.58358358e+01,3.20628384e+00,6.62412005e+02,4.85782056e+06,1.90175495e+03,1.18501922e-01,5.56860421e-07,6.00009375e-01,2.81488146e-01
3.59359359e+01,3.19593599e+00,6.67102194e+02,4.83620373e+06,1.89942246e+03,1.18501922e-01,5.56948344e-07,6.00009375e-01,2.81488146e-01
3.60360360e+01,3.18559224e+00,6.71783203e+02,4.81462069e+06,1.89708569e+03,1.18501922e-01,5.57040008e-07,6.00009375e-01,2.81488146e-01
3.61361361e+01,3.17524498e+00,6.76452713e+02,4.79306761e+06,1.89474762e+03,1.18501922e-01,5.57135341e-07,6.00009375e-01,2.81488146e-01
3.62362362e+01,3.16495165e+00,6.81134505e+02,4.77165072e+06,1.89241604e+03,1.18501922e-01,5.57234236e-07,6.00009375e-01,2.81488146e-01
3.63363363e+01,3.15470876e+00,6.85826569e+02,4.75036249e+06,1.89009021e+03,1.18501922e-01,5.57336558e-07,6.00009375e-01,2.81488146e-01
3.64364364e+01,3.14446198e+00,6.90506414e+02,4.72909143e+06,1.88775842e+03,1.18501922e-01,5.57442143e-07,6.00009375e-01,2.81488146e-01
3.65365365e+01,3.13421465e+00,6.95176418e+02,4.70785604e+06,1.88542600e+03,1.18501922e-01,5.57550799e-07,6.00009375e-01,2.81488145e-01
3.66366366e+01,3.12401972e+00,6.99858241e+02,4.68675182e+06,1.88309939e+03,1.18501922e-01,5.57662301e-07,6.00009375e-01,2.81488145e-01
3.67367367e+01,3.11388018e+00,7.04553443e+02,4.66578608e+06,1.88077992e+03,1.18501922e-01,5.57776402e-07,6.00009375e-01,2.81488145e-01
3.68368368e+01,3.10374580e+00,7.09240286e+02,4.64485574e+06,1.87845649e+03,1.18501922e-01,5.57892832e-07,6.00009375e-01,2.81488145e-01
3.69369369e+01,3.09360185e+00,7.13912476e+02,4.62393857e+06,1.87612897e+03,1.18501922e-01,5.58011300e-07,6.00009375e-01,2.81488145e-01
3.70370370e+01,3.08349329e+00,7.18589211e+02,4.60312037e+06,1.87380493e+03,1.18501922e-01,5.58131486e-07,6.00009375e-01,2.81488145e-01
3.71371371e+01,3.07344735e+00,7.23282897e+02,4.58245418e+06,1.87148956e+03,1.18501922e-01,5.58253056e-07,6.00009375e-01,2.81488145e-01
3.72372372e+01,3.06343299e+00,7.27978300e+02,4.56187713e+06,1.86917624e+03,1.18501922e-01,5.58375660e-07,6.00009375e-01,2.81488145e-01
3.73373373e+01,3.05340855e+00,7.32658172e+02,4.54130557e+06,1.86685618e+03,1.18501922e-01,5.58498931e-07,6.00009375e-01,2.81488144e-01
3.74374374e+01,3.04339072e+00,7.37329055e+02,4.52077901e+06,1.86453534e+03,1.18501922e-01,5.58622487e-07,6.00009375e-01,2.81488144e-01
3.75375375e+01,3.03342806e+00,7.42013378e+02,4.50038835e+06,1.86222154e+03,1.18501922e-01,5.58745927e-07,6.00009375e-01,2.81488144e-01
3.76376376e+01,3.02352548e+00,7.46711776e+02,4.48014344e+06,1.85991604e+03,1.18501922e-01,5.58868845e-07,6.00009375e-01,2.81488144e-01
3.77377377e+01,3.01362507e+00,7.51399362e+02,4.45992659e+06,1.85760574e+03,1.18501922e-01,5.58990823e-07,6.00009375e-01,2.81488144e-01
3.78378378e+01,3.00372152e+00,7.56072415e+02,4.43973256e+06,1.85529168e+03,1.18501922e-01,5.59111433e-07,6.00009375e-01,2.81488144e-01
3.79379379e+01,2.99385816e+00,7.60750974e+02,4.41964417e+06,1.85298173e+03,1.18501922e-01,5.59230232e-07,6.00009375e-01,2.81488144e-01
3.80380380e+01,2.98404309e+00,7.65439372e+02,4.39967921e+06,1.85067849e+03,1.18501922e-01,5.59346770e-07,6.00009375e-01,2.81488143e-01
3.81381381e+01,2.97425203e+00,7.70126138e+02,4.37978815e+06,1.84837630e+03,1.18501922e-01,5.59460592e-07,6.00009375e-01,2.81488143e-01
3.82382382e+01,2.96447666e+00,7.74807241e+02,4.35995358e+06,1.84607305e+03,1.18501922e-01,5.59571232e-07,6.00009375e-01,2.81488143e-01
3.83383383e+01,2.95472576e+00,7.79486934e+02,4.34019311e+06,1.84377078e+03,1.18501922e-01,5.59678213e-07,6.00009375e-01,2.81488143e-01
3.84384384e+01,2.94500139e+00,7.84166349e+02,4.32051081e+06,1.84146999e+03,1.18501922e-01,5.59781048e-07,6.00009375e-01,2.81488143e-01
3.85385385e+01,2.93530584e+00,7.88846747e+02,4.30091110e+06,1.83917121e+03,1.18501922e-01,5.59879242e-07,6.00009375e-01,2.81488143e-01
3.86386386e+01,2.92564421e+00,7.93530817e+02,4.28140410e+06,1.83687568e+03,1.18501922e-01,5.59972289e-07,6.00009375e-01,2.81488143e-01
3.87387387e+01,2.91600797e+00,7.98214686e+02,4.26197230e+06,1.83458133e+03,1.18501922e-01,5.60059669e-07,6.00009375e-01,2.81488143e-01
3.88388388e+01,2.90638668e+00,8.02893573e+02,4.24259441e+06,1.83228563e+03,1.18501922e-01,5.60140851e-07,6.00009375e-01,2.81488143e-01
3.89389389e+01,2.89678558e+00,8.07570457e+02,4.22328085e+06,1.82998979e+03,1.18501922e-01,5.60215290e-07,6.00009375e-01,2.81488142e-01
3.90390390e+01,2.88721588e+00,8.12251420e+02,4.20405394e+06,1.82769648e+03,1.18501922e-01,5.60282423e-07,6.00009375e-01,2.81488142e-01
3.91391391e+01,2.87768273e+00,8.16939766e+02,4.18492370e+06,1.82540690e+03,1.18501922e-01,5.60341672e-07,6.00009375e-01,2.81488142e-01
3.92392392e+01,2.86817152e+00,8.21629228e+02,4.16586047e+06,1.82311747e+03,1.18501922e-01,5.60392441e-07,6.00009375e-01,2.81488142e-01
3.93393393e+01,2.85866072e+00,8.26310265e+02,4.14682148e+06,1.82082320e+03,1.18501922e-01,5.60434113e-07,6.00009375e-01,2.81488142e-01
3.94394394e+01,2.84916804e+00,8.30992879e+02,4.12784289e+06,1.81852865e+03,1.18501922e-01,5.60466051e-07,6.00009375e-01,2.81488142e-01
3.95395395e+01,2.83972080e+00,8.35691923e+02,4.10897777e+06,1.81623986e+03,1.18501922e-01,5.60487594e-07,6.00009375e-01,2.81488142e-01
3.96396396e+01,2.83029958e+00,8.40397821e+02,4.09018510e+06,1.81395124e+03,1.18501922e-01,5.60498059e-07,6.00009375e-01,2.81488142e-01
3.97397397e+01,2.82086770e+00,8.45096926e+02,4.07139299e+06,1.81165443e+03,1.18501922e-01,5.60496737e-07,6.00009375e-01,2.81488142e-01
3.98398398e+01,2.81143695e+00,8.49796637e+02,4.05263261e+06,1.80935565e+03,1.18501922e-01,5.60482896e-07,6.00009375e-01,2.81488142e-01
3.99399399e+01,2.80204148e+00,8.54514674e+02,4.03396236e+06,1.80705901e+03,1.18501922e-01,5.60455776e-07,6.00009375e-01,2.81488142e-01
4.00400400e+01,2.79267508e+00,8.59248693e+02,4.01536949e+06,1.80476292e+03,1.18501922e-01,5.60414592e-07,6.00009375e-01,2.81488142e-01
4.01401401e+01,2.78329959e+00,8.63985547e+02,3.99677787e+06,1.80245782e+03,1.18501922e-01,5.60358534e-07,6.00009375e-01,2.81488142e-01
4.02402402e+01,2.77390355e+00,8.68721058e+02,3.97817459e+06,1.80014520e+03,1.18501922e-01,5.60286765e-07,6.00009375e-01,2.81488142e-01
4.03403403e+01,2.76452063e+00,8.73472013e+02,3.95962359e+06,1.79783206e+03,1.18501922e-01,5.60198427e-07,6.00009375e-01,2.81488143e-01
4.04404404e+01,2.75516991e+00,8.78245661e+02,3.94115216e+06,1.79551844e+03,1.18501922e-01,5.60092639e-07,6.00009375e-01,2.81488143e-01
4.05405405e+01,2.74583320e+00,8.83030474e+02,3.92272695e+06,1.79320103e+03,1.18501922e-01,5.59968501e-07,6.00009375e-01,2.81488143e-01
4.06406406e+01,2.73648015e+00,8.87812203e+02,3.90429431e+06,1.79087511e+03,1.18501922e-01,5.59825092e-07,6.00009375e-01,2.81488143e-01
4.07407407e+01,2.72712469e+00,8.92590003e+02,3.88588642e+06,1.78854619e+03,1.18501922e-01,5.59661482e-07,6.00009375e-01,2.81488143e-01
4.08408408e+01,2.71781580e+00,8.97379623e+02,3.86758644e+06,1.78622047e+03,1.18501922e-01,5.59476732e-07,6.00009375e-01,2.81488143e-01
4.09409409e+01,2.70856214e+00,9.02177536e+02,3.84941711e+06,1.78390295e+03,1.18501922e-01,5.59269897e-07,6.00009375e-01,2.81488144e-01
4.10410410e+01,2.69934132e+00,9.06961993e+02,3.83133545e+06,1.78158862e+03,1.18501922e-01,5.59040030e-07,6.00009375e-01,2.81488144e-01
4.11411411e+01,2.69015898e+00,9.11721689e+02,3.81335057e+06,1.77927813e+03,1.18501922e-01,5.58786190e-07,6.00009375e-01,2.81488144e-01
4.12412412e+01,2.68103688e+00,9.16450433e+02,3.79550442e+06,1.77697684e+03,1.18501922e-01,5.58507454e-07,6.00009375e-01,2.81488144e-01
4.13413413e+01,2.67201998e+00,9.21150148e+02,3.77788420e+06,1.77469610e+03,1.18501922e-01,5.58202919e-07,6.00009375e-01,2.81488145e-01
4.14414414e+01,2.66315610e+00,9.25819980e+02,3.76058211e+06,1.77244801e+03,1.18501922e-01,5.57871709e-07,6.00009375e-01,2.81488145e-01
4.15415415e+01,2.65442764e+00,9.30420482e+02,3.74356248e+06,1.77022818e+03,1.18501922e-01,5.57512978e-07,6.00009375e-01,2.81488146e-01
4.16416416e+01,2.64583996e+00,9.34920283e+02,3.72683455e+06,1.76803800e+03,1.18501922e-01,5.57125919e-07,6.00009375e-01,2.81488146e-01
4.17417417e+01,2.63747224e+00,9.39324502e+02,3.71055082e+06,1.76589770e+03,1.18501922e-01,5.56709791e-07,6.00009375e-01,2.81488146e-01
4.18418418e+01,2.62937008e+00,9.43620675e+02,3.69479800e+06,1.76381908e+03,1.18501922e-01,5.56263915e-07,6.00009375e-01,2.81488147e-01
4.19419419e+01,2.62155226e+00,9.47785043e+02,3.67961045e+06,1.76180719e+03,1.18501922e-01,5.55787670e-07,6.00009375e-01,2.81488147e-01
4.20420420e+01,2.61403816e+00,9.51800565e+02,3.66502356e+06,1.75986722e+03,1.18501922e-01,5.55280517e-07,6.00009375e-01,2.81488148e-01
4.21421421e+01,2.60682549e+00,9.55648730e+02,3.65103074e+06,1.75799884e+03,1.18501921e-01,5.54742016e-07,6.00009375e-01,2.81488149e-01
4.22422422e+01,2.59992144e+00,9.59329207e+02,3.63764380e+06,1.75620416e+03,1.18501921e-01,5.54171835e-07,6.00009375e-01,2.81488149e-01
4.23423423e+01,2.59333268e+00,9.62856480e+02,3.62487363e+06,1.75448513e+03,1.18501921e-01,5.53569769e-07,6.00009375e-01,2.81488150e-01
4.24424424e+01,2.58704849e+00,9.66250835e+02,3.61269752e+06,1.75283924e+03,1.18501921e-01,5.52935752e-07,6.00009375e-01,2.81488151e-01
4.25425425e+01,2.58102675e+00,9.69528727e+02,3.60103260e+06,1.75125586e+03,1.18501921e-01,5.52269867e-07,6.00009375e-01,2.81488151e-01
4.26426426e+01,2.57518351e+00,9.72692883e+02,3.58971578e+06,1.74971347e+03,1.18501921e-01,5.51572365e-07,6.00009375e-01,2.81488152e-01
4.27427427e+01,2.56946745e+00,9.75767698e+02,3.57864723e+06,1.74819882e+03,1.18501921e-01,5.50843687e-07,6.00009375e-01,2.81488153e-01
4.28428428e+01,2.56386877e+00,9.78799360e+02,3.56780895e+06,1.74671019e+03,1.18501921e-01,5.50084497e-07,6.00009375e-01,2.81488154e-01
4.29429429e+01,2.55835522e+00,9.81820131e+02,3.55713820e+06,1.74523916e+03,1.18501921e-01,5.49295662e-07,6.00009375e-01,2.81488155e-01
4.30430430e+01,2.55287499e+00,9.84834470e+02,3.54653237e+06,1.74377094e+03,1.18501921e-01,5.48478251e-07,6.00009375e-01,2.81488156e-01
4.31431431e+01,2.54737156e+00,9.87850557e+02,3.53589342e+06,1.74229594e+03,1.18501921e-01,5.47633547e-07,6.00009375e-01,2.81488157e-01
4.32432432e+01,2.54182959e+00,9.90883900e+02,3.52518365e+06,1.74080598e+03,1.18501920e-01,5.46763083e-07,6.00009375e-01,2.81488158e-01
4.33433433e+01,2.53620712e+00,9.93966604e+02,3.51432177e+06,1.73928944e+03,1.18501920e-01,5.45868626e-07,6.00009375e-01,2.81488159e-01
4.34434434e+01,2.53043768e+00,9.97138500e+02,3.50318542e+06,1.73773094e+03,1.18501920e-01,5.44952170e-07,6.00009375e-01,2.81488160e-01
4.35435435e+01,2.52443429e+00,1.00045101e+03,3.49160976e+06,1.73610778e+03,1.18501920e-01,5.44015953e-07,6.00009375e-01,2.81488161e-01
4.36436436e+01,2.51809812e+00,1.00395913e+03,3.47940729e+06,1.73439365e+03,1.18501920e-01,5.43062452e-07,6.00009375e-01,2.81488162e-01
4.37437437e+01,2.51133288e+00,1.00771321e+03,3.46639661e+06,1.73256295e+03,1.18501920e-01,5.42094376e-07,6.00009375e-01,2.81488163e-01
4.38438438e+01,2.50406641e+00,1.01174957e+03,3.45244355e+06,1.73059642e+03,1.18501920e-01,5.41114639e-07,6.00009375e-01,2.81488164e-01
4.39439439e+01,2.49626630e+00,1.01608505e+03,3.43749046e+06,1.72848511e+03,1.18501920e-01,5.40126326e-07,6.00009375e-01,2.81488165e-01
4.40440440e+01,2.48794651e+00,1.02071495e+03,3.42156776e+06,1.72623199e+03,1.18501920e-01,5.39132649e-07,6.00009375e-01,2.81488166e-01
4.41441441e+01,2.47916441e+00,1.02561344e+03,3.40478777e+06,1.72385119e+03,1.18501919e-01,5.38136897e-07,6.00009375e-01,2.81488167e-01
4.42442442e+01,2.46999755e+00,1.03074414e+03,3.38729825e+06,1.72136105e+03,1.18501919e-01,5.37142392e-07,6.00009375e-01,2.81488168e-01
4.43443443e+01,2.46059969e+00,1.03603152e+03,3.36938203e+06,1.71879605e+03,1.18501919e-01,5.36152439e-07,6.00009375e-01,2.81488170e-01
4.44444444e+01,2.45125202e+00,1.04130598e+03,3.35159665e+06,1.71624324e+03,1.18501919e-01,5.35170205e-07,6.00009375e-01,2.81488171e-01
4.45445445e+01,2.44200187e+00,1.04654454e+03,3.33402310e+06,1.71371134e+03,1.18501919e-01,5.34198792e-07,6.00009375e-01,2.81488172e-01
4.46446446e+01,2.43282736e+00,1.05174386e+03,3.31662078e+06,1.71119532e+03,1.18501919e-01,5.33241234e-07,6.00009375e-01,2.81488173e-01
4.47447447e+01,2.42372501e+00,1.05690602e+03,3.29937840e+06,1.70869221e+03,1.18501919e-01,5.32300468e-07,6.00009375e-01,2.81488174e-01
4.48448448e+01,2.41471221e+00,1.06204316e+03,3.28232790e+06,1.70620671e+03,1.18501919e-01,5.31379322e-07,6.00009375e-01,2.81488175e-01
4.49449449e+01,2.40579331e+00,1.06715716e+03,3.26547712e+06,1.70374028e+03,1.18501918e-01,5.30480467e-07,6.00009375e-01,2.81488176e-01
4.50450450e+01,2.39696600e+00,1.07224226e+03,3.24882092e+06,1.70129238e+03,1.18501918e-01,5.29606378e-07,6.00009375e-01,2.81488177e-01
4.51451451e+01,2.38821294e+00,1.07727965e+03,3.23232621e+06,1.69885845e+03,1.18501918e-01,5.28759326e-07,6.00009375e-01,2.81488178e-01
4.52452452e+01,2.37954450e+00,1.08226089e+03,3.21601198e+06,1.69644149e+03,1.18501918e-01,5.27941356e-07,6.00009375e-01,2.81488179e-01
4.53453453e+01,2.37102074e+00,1.08719973e+03,3.19998974e+06,1.69405806e+03,1.18501918e-01,5.27154280e-07,6.00009375e-01,2.81488180e-01
4.54454454e+01,2.36265715e+00,1.09207687e+03,3.18428755e+06,1.69171279e+03,1.18501918e-01,5.26399641e-07,6.00009375e-01,2.81488181e-01
4.55455455e+01,2.35445425e+00,1.09685530e+03,3.16890547e+06,1.68940621e+03,1.18501918e-01,5.25678676e-07,6.00009375e-01,2.81488181e-01
4.56456456e+01,2.34646312e+00,1.10151736e+03,3.15393732e+06,1.68715267e+03,1.18501918e-01,5.24992354e-07,6.00009375e-01,2.81488182e-01
4.57457457e+01,2.33875121e+00,1.10604514e+03,3.13950670e+06,1.68497106e+03,1.18501918e-01,5.24341375e-07,6.00009375e-01,2.81488183e-01
4.58458458e+01,2.33135759e+00,1.11039608e+03,3.12568420e+06,1.68287270e+03,1.18501918e-01,5.23726144e-07,6.00009375e-01,2.81488184e-01
4.59459459e+01,2.32432556e+00,1.11452582e+03,3.11254812e+06,1.68087018e+03,1.18501918e-01,5.23146787e-07,6.00009375e-01,2.81488184e-01
4.60460460e+01,2.31773232e+00,1.11841290e+03,3.10023921e+06,1.67898565e+03,1.18501917e-01,5.22603187e-07,6.00009375e-01,2.81488185e-01
4.61461461e+01,2.31163757e+00,1.12203900e+03,3.08886569e+06,1.67723663e+03,1.18501917e-01,5.22094999e-07,6.00009375e-01,2.81488185e-01
4.62462462e+01,2.30604660e+00,1.12537879e+03,3.07843519e+06,1.67562563e+03,1.18501917e-01,5.21621662e-07,6.00009375e-01,2.81488186e-01
4.63463463e+01,2.30091872e+00,1.12841498e+03,3.06887094e+06,1.67414244e+03,1.18501917e-01,5.21182443e-07,6.00009375e-01,2.81488186e-01
4.64464464e+01,2.29624530e+00,1.13118926e+03,3.06015590e+06,1.67278579e+03,1.18501917e-01,5.20776482e-07,6.00009375e-01,2.81488187e-01
4.65465465e+01,2.29197273e+00,1.13375370e+03,3.05219046e+06,1.67154181e+03,1.18501917e-01,5.20402832e-07,6.00009375e-01,2.81488187e-01
4.66466466e+01,2.28798584e+00,1.13614883e+03,3.04476258e+06,1.67037954e+03,1.18501917e-01,5.20060473e-07,6.00009375e-01,2.81488188e-01
4.67467467e+01,2.28417609e+00,1.13842591e+03,3.03767196e+06,1.66926909e+03,1.18501917e-01,5.19748366e-07,6.00009375e-01,2.81488188e-01
4.68468468e+01,2.28046221e+00,1.14064263e+03,3.03077420e+06,1.66819095e+03,1.18501917e-01,5.19465509e-07,6.00009375e-01,2.81488188e-01
4.69469469e+01,2.27679367e+00,1.14284394e+03,3.02397228e+06,1.66712893e+03,1.18501917e-01,5.19210972e-07,6.00009375e-01,2.81488189e-01
4.70470470e+01,2.27311335e+00,1.14504685e+03,3.01716431e+06,1.66606879e+03,1.18501917e-01,5.18983956e-07,6.00009375e-01,2.81488189e-01
4.71471471e+01,2.26936916e+00,1.14728651e+03,3.01025361e+06,1.66499524e+03,1.18501917e-01,5.18783850e-07,6.00009375e-01,2.81488189e-01
4.72472472e+01,2.26547327e+00,1.14961635e+03,3.00308049e+06,1.66388417e+03,1.18501917e-01,5.18610305e-07,6.00009375e-01,2.81488189e-01
4.73473473e+01,2.26132539e+00,1.15209722e+03,2.99546176e+06,1.66270721e+03,1.18501917e-01,5.18463297e-07,6.00009375e-01,2.81488189e-01
4.74474474e+01,2.25690240e+00,1.15474574e+03,2.98735288e+06,1.66145586e+03,1.18501917e-01,5.18343193e-07,6.00009375e-01,2.81488190e-01
4.75475475e+01,2.25246983e+00,1.15740336e+03,2.97923346e+06,1.66020078e+03,1.18501917e-01,5.18250806e-07,6.00009375e-01,2.81488190e-01
4.76476476e+01,2.24809462e+00,1.16003018e+03,2.97123790e+06,1.65896758e+03,1.18501917e-01,5.18187486e-07,6.00009375e-01,2.81488190e-01
4.77477477e+01,2.24370527e+00,1.16265758e+03,2.96323566e+06,1.65773628e+03,1.18501917e-01,5.18155202e-07,6.00009375e-01,2.81488190e-01
4.78478478e+01,2.23920086e+00,1.16535916e+03,2.95503356e+06,1.65647324e+03,1.18501917e-01,5.18156600e-07,6.00009375e-01,2.81488190e-01
4.79479479e+01,2.23437543e+00,1.16826734e+03,2.94625148e+06,1.65511710e+03,1.18501917e-01,5.18195059e-07,6.00009375e-01,2.81488190e-01
4.80480480e+01,2.22971334e+00,1.17106555e+03,2.93778298e+06,1.65381047e+03,1.18501917e-01,5.18274757e-07,6.00009375e-01,2.81488190e-01
4.81481481e+01,2.22582288e+00,1.17341153e+03,2.93071897e+06,1.65271753e+03,1.18501917e-01,5.18400781e-07,6.00009375e-01,2.81488190e-01
4.82482482e+01,2.22319870e+00,1.17501107e+03,2.92595865e+06,1.65198068e+03,1.18501917e-01,5.18579237e-07,6.00009375e-01,2.81488189e-01
4.83483483e+01,2.22201667e+00,1.17571275e+03,2.92382730e+06,1.65165548e+03,1.18501917e-01,5.18817368e-07,6.00009375e-01,2.81488189e-01
4.84484484e+01,2.22197539e+00,1.17572491e+03,2.92375611e+06,1.65164596e+03,1.18501917e-01,5.19123587e-07,6.00009375e-01,2.81488189e-01
4.85485485e+01,2.22445928e+00,1.17420816e+03,2.92827585e+06,1.65235205e+03,1.18501917e-01,5.19507717e-07,6.00009375e-01,2.81488188e-01
4.86486486e+01,2.23474919e+00,1.16796872e+03,2.94701103e+06,1.65526690e+03,1.18501917e-01,5.19982218e-07,6.00009375e-01,2.81488188e-01
4.87487487e+01,2.26189836e+00,1.15161245e+03,2.99662131e+06,1.66292949e+03,1.18501917e-01,5.20564697e-07,6.00009375e-01,2.81488187e-01
4.88488488e+01,2.29334091e+00,1.13300611e+03,3.05408689e+06,1.67158255e+03,1.18501917e-01,5.21275929e-07,6.00009375e-01,2.81488186e-01
4.89489489e+01,2.31181438e+00,1.12211156e+03,3.08814693e+06,1.67671810e+03,1.18501917e-01,5.22131644e-07,6.00009375e-01,2.81488185e-01
4.90490490e+01,2.32109831e+00,1.11662922e+03,3.10534638e+06,1.67931270e+03,1.18501918e-01,5.23147986e-07,6.00009375e-01,2.81488184e-01
4.91491491e+01,2.32555188e+00,1.11401960e+03,3.11357474e+06,1.68053794e+03,1.18501918e-01,5.24342705e-07,6.00009375e-01,2.81488183e-01
4.92492492e+01,2.32762362e+00,1.11283556e+03,3.11733690e+06,1.68107095e+03,1.18501918e-01,5.25734917e-07,6.00009375e-01,2.81488181e-01
4.93493493e+01,2.32848025e+00,1.11233766e+03,3.11886730e+06,1.68127748e+03,1.18501918e-01,5.27344869e-07,6.00009375e-01,2.81488179e-01
4.94494494e+01,2.32875901e+00,1.11217283e+03,3.11936865e+06,1.68134645e+03,1.18501918e-01,5.29193644e-07,6.00009375e-01,2.81488177e-01
4.95495495e+01,2.32878501e+00,1.11214422e+03,3.11944423e+06,1.68136842e+03,1.18501919e-01,5.31302856e-07,6.00009375e-01,2.81488175e-01
4.96496496e+01,2.32869111e+00,1.11219534e+03,3.11927833e+06,1.68134679e+03,1.18501919e-01,5.33694394e-07,6.00009375e-01,2.81488172e-01
4.97497497e+01,2.32851899e+00,1.11229168e+03,3.11895600e+06,1.68129732e+03,1.18501919e-01,5.36389899e-07,6.00009375e-01,2.81488169e-01
4.98498498e+01,2.32842232e+00,1.11232985e+03,3.11883606e+06,1.68130246e+03,1.18501920e-01,5.39412085e-07,6.00009375e-01,2.81488166e-01
4.99499499e+01,2.32668140e+00,1.11120751e+03,3.11640322e+06,1.68124801e+03,1.18501920e-01,5.42806309e-07,6.00009375e-01,2.81488162e-01
5.00500501e+01,2.25007208e+00,1.13528197e+03,3.13486861e+06,4.83203326e+03,0.00000000e+00,2.28526102e-01,7.71473898e-01,0.00000000e+00
5.01501502e+01,2.01442602e+00,1.28428809e+03,2.68049115e+06,4.61577152e+03,0.00000000e+00,2.29859380e-01,7.70140620e-01,0.00000000e+00
5.02502503e+01,1.92166121e+00,1.34740014e+03,2.51078733e+06,4.53228689e+03,0.00000000e+00,2.29913956e-01,7.70086044e-01,0.00000000e+00
5.03503504e+01,1.89288183e+00,1.36774733e+03,2.45841237e+06,4.50521615e+03,0.00000000e+00,2.29916011e-01,7.70083989e-01,0.00000000e+00
5.04504505e+01,1.87847963e+00,1.37803861e+03,2.43230482e+06,4.49154722e+03,0.00000000e+00,2.29917021e-01,7.70082979e-01,0.00000000e+00
5.05505506e+01,1.86835715e+00,1.38529455e+03,2.41401961e+06,4.48193282e+03,0.00000000e+00,2.29916811e-01,7.70083189e-01,0.00000000e+00
5.06506507e+01,1.86033946e+00,1.39105043e+03,2.39957941e+06,4.47432311e+03,0.00000000e+00,2.29916224e-01,7.70083776e-01,0.00000000e+00
5.07507508e+01,1.85327240e+00,1.39613320e+03,2.38688030e+06,4.46761535e+03,0.00000000e+00,2.29915835e-01,7.70084165e-01,0.00000000e+00
5.08508509e+01,1.84659061e+00,1.40095144e+03,2.37489543e+06,4.46126747e+03,0.00000000e+00,2.29915833e-01,7.70084167e-01,0.00000000e+00
5.09509510e+01,1.84005972e+00,1.40567614e+03,2.36319883e+06,4.45505177e+03,0.00000000e+00,2.29916171e-01,7.70083829e-01,0.00000000e+00
5.10510511e+01,1.83359317e+00,1.41037142e+03,2.35162926e+06,4.44887617e+03,0.00000000e+00,2.29916778e-01,7.70083222e-01,0.00000000e+00
5.11511512e+01,1.82716097e+00,1.41505946e+03,2.34012953e+06,4.44270606e+03,0.00000000e+00,2.29917635e-01,7.70082365e-01,0.00000000e+00
5.12512513e+01,1.82075382e+00,1.41974624e+03,2.32868236e+06,4.43653159e+03,0.00000000e+00,2.29918743e-01,7.70081257e-01,0.00000000e+00
5.13513514e+01,1.81436936e+00,1.42443231e+03,2.31728452e+06,4.43035254e+03,0.00000000e+00,2.29920080e-01,7.70079920e-01,0.00000000e+00
5.14514515e+01,1.80800738e+00,1.42911690e+03,2.30593579e+06,4.42416918e+03,0.00000000e+00,2.29921620e-01,7.70078380e-01,0.00000000e+00
5.15515516e+01,1.80166768e+00,1.43379988e+03,2.29463679e+06,4.41798334e+03,0.00000000e+00,2.29923341e-01,7.70076659e-01,0.00000000e+00
5.16516517e+01,1.79535055e+00,1.43848164e+03,2.28338859e+06,4.41179659e+03,0.00000000e+00,2.29925194e-01,7.70074806e-01,0.00000000e+00
5.17517518e+01,1.78905713e+00,1.44316223e+03,2.27219046e+06,4.40560490e+03,0.00000000e+00,2.29927145e-01,7.70072855e-01,0.00000000e+00
5.18518519e+01,1.78278786e+00,1.44784173e+03,2.26104194e+06,4.39940644e+03,0.00000000e+00,2.29929183e-01,7.70070817e-01,0.00000000e+00
5.19519520e+01,1.77654272e+00,1.45252015e+03,2.24994262e+06,4.39320066e+03,0.00000000e+00,2.29931279e-01,7.70068721e-01,0.00000000e+00
5.20520521e+01,1.77032185e+00,1.45719682e+03,2.23889031e+06,4.38698306e+03,0.00000000e+00,2.29933422e-01,7.70066578e-01,0.00000000e+00
5.21521522e+01,1.76412415e+00,1.46187130e+03,2.22788397e+06,4.38075454e+03,0.00000000e+00,2.29935646e-01,7.70064354e-01,0.00000000e+00
5.22522523e+01,1.75794758e+00,1.46654396e+03,2.21692453e+06,4.37452206e+03,0.00000000e+00,2.29937936e-01,7.70062064e-01,0.00000000e+00
5.23523524e+01,1.75179102e+00,1.47121503e+03,2.20601171e+06,4.36828806e+03,0.00000000e+00,2.29940243e-01,7.70059757e-01,0.00000000e+00
5.24524525e+01,1.74565317e+00,1.47588518e+03,2.19514530e+06,4.36205553e+03,0.00000000e+00,2.29942532e-01,7.70057468e-01,0.00000000e+00
5.25525526e+01,1.73953261e+00,1.48055589e+03,2.18432657e+06,4.35583074e+03,0.00000000e+00,2.29944699e-01,7.70055301e-01,0.00000000e+00
5.26526527e+01,1.73342998e+00,1.48522802e+03,2.17355520e+06,4.34961158e+03,0.00000000e+00,2.29946589e-01,7.70053411e-01,0.00000000e+00
5.27527528e+01,1.72734739e+00,1.48990124e+03,2.16282930e+06,4.34338919e+03,0.00000000e+00,2.29948113e-01,7.70051887e-01,0.00000000e+00
5.28528529e+01,1.72128566e+00,1.49457540e+03,2.15214815e+06,4.33716022e+03,0.00000000e+00,2.29949235e-01,7.70050765e-01,0.00000000e+00
5.29529530e+01,1.71524556e+00,1.49924992e+03,2.14151282e+06,4.33092501e+03,0.00000000e+00,2.29949877e-01,7.70050123e-01,0.00000000e+00
5.30530531e+01,1.70922835e+00,1.50392366e+03,2.13092354e+06,4.32468095e+03,0.00000000e+00,2.29949947e-01,7.70050053e-01,0.00000000e+00
5.31531532e+01,1.70323477e+00,1.50859566e+03,2.12038032e+06,4.31842630e+03,0.00000000e+00,2.29949385e-01,7.70050615e-01,0.00000000e+00
5.32532533e+01,1.69726474e+00,1.51326570e+03,2.10988442e+06,4.31216397e+03,0.00000000e+00,2.29948104e-01,7.70051896e-01,0.00000000e+00
5.33533534e+01,1.69131870e+00,1.51793388e+03,2.09943673e+06,4.30589474e+03,0.00000000e+00,2.29945967e-01,7.70054033e-01,0.00000000e+00
5.34534535e+01,1.68539761e+00,1.52260045e+03,2.08903578e+06,4.29961337e+03,0.00000000e+00,2.29942858e-01,7.70057142e-01,0.00000000e+00
5.35535536e+01,1.67950136e+00,1.52726628e+03,2.07867858e+06,4.29331396e+03,0.00000000e+00,2.29938719e-01,7.70061281e-01,0.00000000e+00
5.36536537e+01,1.67362875e+00,1.53193279e+03,2.06836291e+06,4.28699513e+03,0.00000000e+00,2.29933491e-01,7.70066509e-01,0.00000000e+00
5.37537538e+01,1.66777864e+00,1.53660122e+03,2.05808676e+06,4.28065563e+03,0.00000000e+00,2.29927080e-01,7.70072920e-01,0.00000000e+00
5.38538539e+01,1.66195041e+00,1.54127215e+03,2.04784793e+06,4.27429244e+03,0.00000000e+00,2.29919400e-01,7.70080600e-01,0.00000000e+00
5.39539540e+01,1.65614337e+00,1.54594573e+03,2.03764550e+06,4.26790543e+03,0.00000000e+00,2.29910388e-01,7.70089612e-01,0.00000000e+00
5.40540541e+01,1.65035691e+00,1.55062162e+03,2.02748117e+06,4.26149970e+03,0.00000000e+00,2.29899959e-01,7.70100041e-01,0.00000000e+00
5.41541542e+01,1.64459102e+00,1.55529886e+03,2.01735774e+06,4.25508115e+03,0.00000000e+00,2.29887990e-01,7.70112010e-01,0.00000000e+00
5.42542543e+01,1.63884588e+00,1.55997605e+03,2.00727735e+06,4.24865391e+03,0.00000000e+00,2.29874362e-01,7.70125638e-01,0.00000000e+00
5.43543544e+01,1.63312052e+00,1.56465221e+03,1.99724200e+06,4.24222481e+03,0.00000000e+00,2.29858958e-01,7.70141042e-01,0.00000000e+00
5.44544545e+01,1.62741306e+00,1.56932741e+03,1.98725408e+06,4.23580402e+03,0.00000000e+00,2.29841581e-01,7.70158419e-01,0.00000000e+00
5.45545546e+01,1.62172272e+00,1.57400197e+03,1.97731396e+06,4.22939450e+03,0.00000000e+00,2.29821959e-01,7.70178041e-01,0.00000000e+00
5.46546547e+01,1.61605015e+00,1.57867598e+03,1.96741982e+06,4.22299085e+03,0.00000000e+00,2.29799849e-01,7.70200151e-01,0.00000000e+00
5.47547548e+01,1.61039653e+00,1.58335000e+03,1.95757046e+06,4.21658761e+03,0.00000000e+00,2.29775048e-01,7.70224952e-01,0.00000000e+00
5.48548549e+01,1.60476413e+00,1.58802417e+03,1.94776452e+06,4.21017604e+03,0.00000000e+00,2.29747387e-01,7.70252613e-01,0.00000000e+00
5.49549550e+01,1.59915562e+00,1.59269787e+03,1.93799980e+06,4.20374444e+03,0.00000000e+00,2.29716791e-01,7.70283209e-01,0.00000000e+00
5.50550551e+01,1.59357214e+00,1.59737088e+03,1.92827628e+06,4.19728993e+03,0.00000000e+00,2.29683236e-01,7.70316764e-01,0.00000000e+00
5.51551552e+01,1.58801401e+00,1.60204338e+03,1.91859491e+06,4.19081375e+03,0.00000000e+00,2.29646662e-01,7.70353338e-01,0.00000000e+00
5.52552553e+01,1.58248175e+00,1.60671481e+03,1.90895397e+06,4.18431086e+03,0.00000000e+00,2.29607042e-01,7.70392958e-01,0.00000000e+00
5.53553554e+01,1.57697406e+00,1.61138510e+03,1.89935193e+06,4.17778143e+03,0.00000000e+00,2.29564427e-01,7.70435573e-01,0.00000000e+00
5.54554555e+01,1.57148787e+00,1.61605553e+03,1.88978995e+06,4.17123622e+03,0.00000000e+00,2.29518818e-01,7.70481182e-01,0.00000000e+00
5.55555556e+01,1.56602122e+00,1.62072710e+03,1.88026695e+06,4.16467815e+03,0.00000000e+00,2.29470180e-01,7.70529820e-01,0.00000000e+00
5.56556557e+01,1.56057244e+00,1.62539969e+03,1.87077815e+06,4.15810125e+03,0.00000000e+00,2.29418642e-01,7.70581358e-01,0.00000000e+00
5.57557558e+01,1.55513653e+00,1.63007396e+03,1.86132144e+06,4.15151435e+03,0.00000000e+00,2.29364444e-01,7.70635556e-01,0.00000000e+00
5.58558559e+01,1.54970637e+00,1.63475183e+03,1.85189923e+06,4.14494201e+03,0.00000000e+00,2.29307699e-01,7.70692301e-01,0.00000000e+00
5.59559560e+01,1.54427738e+00,1.63943443e+03,1.84251326e+06,4.13840066e+03,0.00000000e+00,2.29248390e-01,7.70751610e-01,0.00000000e+00
5.60560561e+01,1.53884808e+00,1.64412117e+03,1.83316264e+06,4.13189267e+03,0.00000000e+00,2.29186589e-01,7.70813411e-01,0.00000000e+00
5.61561562e+01,1.53341753e+00,1.64881100e+03,1.82384735e+06,4.12542098e+03,0.00000000e+00,2.29122456e-01,7.70877544e-01,0.00000000e+00
5.62562563e+01,1.52798483e+00,1.65350266e+03,1.81456887e+06,4.11899186e+03,0.00000000e+00,2.29056192e-01,7.70943808e-01,0.00000000e+00
5.63563564e+01,1.52254903e+00,1.65819468e+03,1.80532919e+06,4.11261299e+03,0.00000000e+00,2.28988026e-01,7.71011974e-01,0.00000000e+00
5.64564565e+01,1.51710897e+00,1.66288594e+03,1.79613075e+06,4.10629370e+03,0.00000000e+00,2.28918204e-01,7.71081796e-01,0.00000000e+00
5.65565566e+01,1.51166373e+00,1.66757614e+03,1.78697610e+06,4.10004310e+03,0.00000000e+00,2.28846998e-01,7.71153002e-01,0.00000000e+00
5.66566567e+01,1.50621273e+00,1.67226516e+03,1.77786629e+06,4.09386609e+03,0.00000000e+00,2.28774781e-01,7.71225219e-01,0.00000000e+00
5.67567568e+01,1.50075426e+00,1.67695218e+03,1.76879967e+06,4.08776447e+03,0.00000000e+00,2.28702017e-01,7.71297983e-01,0.00000000e+00
5.68568569e+01,1.49528409e+00,1.68163658e+03,1.75977470e+06,4.08174711e+03,0.00000000e+00,2.28629108e-01,7.71370892e-01,0.00000000e+00
5.69569570e+01,1.48979807e+00,1.68632046e+03,1.75079448e+06,4.07583361e+03,0.00000000e+00,2.28556291e-01,7.71443709e-01,0.00000000e+00
5.70570571e+01,1.48429669e+00,1.69100715e+03,1.74186302e+06,4.07003303e+03,0.00000000e+00,2.28483941e-01,7.71516059e-01,0.00000000e+00
5.71571572e+01,1.47878187e+00,1.69569564e+03,1.73297604e+06,4.06433168e+03,0.00000000e+00,2.28412889e-01,7.71587111e-01,0.00000000e+00
5.72572573e+01,1.47324709e+00,1.70038191e+03,1.72412691e+06,4.05873314e+03,0.00000000e+00,2.28343903e-01,7.71656097e-01,0.00000000e+00
5.73573574e+01,1.46768080e+00,1.70506525e+03,1.71531566e+06,4.05327049e+03,0.00000000e+00,2.28277240e-01,7.71722760e-01,0.00000000e+00
5.74574575e+01,1.46207654e+00,1.70974563e+03,1.70654209e+06,4.04796244e+03,0.00000000e+00,2.28213160e-01,7.71786840e-01,0.00000000e+00
5.75575576e+01,1.45643217e+00,1.71442267e+03,1.69780644e+06,4.04281713e+03,0.00000000e+00,2.28152209e-01,7.71847791e-01,0.00000000e+00
5.76576577e+01,1.45074537e+00,1.71909613e+03,1.68910910e+06,4.03784379e+03,0.00000000e+00,2.28095105e-01,7.71904895e-01,0.00000000e+00
5.77577578e+01,1.44501117e+00,1.72376607e+03,1.68045037e+06,4.03305890e+03,0.00000000e+00,2.28042556e-01,7.71957444e-01,0.00000000e+00
5.78578579e+01,1.43922201e+00,1.72843308e+03,1.67183038e+06,4.02848602e+03,0.00000000e+00,2.27995188e-01,7.72004812e-01,0.00000000e+00
5.79579580e+01,1.43336876e+00,1.73309829e+03,1.66324904e+06,4.02415286e+03,0.00000000e+00,2.27953537e-01,7.72046463e-01,0.00000000e+00
5.80580581e+01,1.42744192e+00,1.73776328e+03,1.65470629e+06,4.02008855e+03,0.00000000e+00,2.27918086e-01,7.72081914e-01,0.00000000e+00
5.81581582e+01,1.42143240e+00,1.74242962e+03,1.64620229e+06,4.01632212e+03,0.00000000e+00,2.27889289e-01,7.72110711e-01,0.00000000e+00
5.82582583e+01,1.41533188e+00,1.74709847e+03,1.63773777e+06,4.01288223e+03,0.00000000e+00,2.27867589e-01,7.72132411e-01,0.00000000e+00
5.83583584e+01,1.40913268e+00,1.75177010e+03,1.62931402e+06,4.00979765e+03,0.00000000e+00,2.27853406e-01,7.72146594e-01,0.00000000e+00
5.84584585e+01,1.40282743e+00,1.75644391e+03,1.62093271e+06,4.00709774e+03,0.00000000e+00,2.27847115e-01,7.72152885e-01,0.00000000e+00
5.85585586e+01,1.39640881e+00,1.76111873e+03,1.61259547e+06,4.00481224e+03,0.00000000e+00,2.27849019e-01,7.72150981e-01,0.00000000e+00
5.86586587e+01,1.38986962e+00,1.76579340e+03,1.60430365e+06,4.00297050e+03,0.00000000e+00,2.27859353e-01,7.72140647e-01,0.00000000e+00
5.87587588e+01,1.38320296e+00,1.77046725e+03,1.59605818e+06,4.00160064e+03,0.00000000e+00,2.27878297e-01,7.72121703e-01,0.00000000e+00
5.88588589e+01,1.37640251e+00,1.77514028e+03,1.58785977e+06,4.00072928e+03,0.00000000e+00,2.27905997e-01,7.72094003e-01,0.00000000e+00
5.89589590e+01,1.36946268e+00,1.77981308e+03,1.57970920e+06,4.00038195e+03,0.00000000e+00,2.27942568e-01,7.72057432e-01,0.00000000e+00
5.90590591e+01,1.36237850e+00,1.78448637e+03,1.57160748e+06,4.00058360e+03,0.00000000e+00,2.27988087e-01,7.72011913e-01,0.00000000e+00
5.91591592e+01,1.35514558e+00,1.78916079e+03,1.56355577e+06,4.00135889e+03,0.00000000e+00,2.28042574e-01,7.71957426e-01,0.00000000e+00
5.92592593e+01,1.34775982e+00,1.79383672e+03,1.55555516e+06,4.00273209e+03,0.00000000e+00,2.28105994e-01,7.71894006e-01,0.00000000e+00
5.93593594e+01,1.34021728e+00,1.79851427e+03,1.54760633e+06,4.00472702e+03,0.00000000e+00,2.28178254e-01,7.71821746e-01,0.00000000e+00
5.94594595e+01,1.33251408e+00,1.80319331e+03,1.53970959e+06,4.00736731e+03,0.00000000e+00,2.28259215e-01,7.71740785e-01,0.00000000e+00
5.95595596e+01,1.32464640e+00,1.80787335e+03,1.53186518e+06,4.01067715e+03,0.00000000e+00,2.28348692e-01,7.71651308e-01,0.00000000e+00
5.96596597e+01,1.31661065e+00,1.81255344e+03,1.52407373e+06,4.01468226e+03,0.00000000e+00,2.28446444e-01,7.71553556e-01,0.00000000e+00
5.97597598e+01,1.30840340e+00,1.81723225e+03,1.51633647e+06,4.01941059e+03,0.00000000e+00,2.28552174e-01,7.71447826e-01,0.00000000e+00
5.98598599e+01,1.30002105e+00,1.82190848e+03,1.50865485e+06,4.02489238e+03,0.00000000e+00,2.28665517e-01,7.71334483e-01,0.00000000e+00
5.99599600e+01,1.29145931e+00,1.82658165e+03,1.50102954e+06,4.03115958e+03,0.00000000e+00,2.28786057e-01,7.71213943e-01,0.00000000e+00
6.00600601e+01,1.28271262e+00,1.83125284e+03,1.49345955e+06,4.03824498e+03,0.00000000e+00,2.28913329e-01,7.71086671e-01,0.00000000e+00
6.01601602e+01,1.27377459e+00,1.83592459e+03,1.48594242e+06,4.04618187e+03,0.00000000e+00,2.29046821e-01,7.70953179e-01,0.00000000e+00
6.02602603e+01,1.26463909e+00,1.84059992e+03,1.47847569e+06,4.05500443e+03,0.00000000e+00,2.29185947e-01,7.70814053e-01,0.00000000e+00
6.03603604e+01,1.25530161e+00,1.84528124e+03,1.47105842e+06,4.06474781e+03,0.00000000e+00,2.29330046e-01,7.70669954e-01,0.00000000e+00
6.04604605e+01,1.24576028e+00,1.84996937e+03,1.46369222e+06,4.07544764e+03,0.00000000e+00,2.29478385e-01,7.70521615e-01,0.00000000e+00
6.05605606e+01,1.23601692e+00,1.85466269e+03,1.45638230e+06,4.08713948e+03,0.00000000e+00,2.29630149e-01,7.70369851e-01,0.00000000e+00
6.06606607e+01,1.22607747e+00,1.85935675e+03,1.44913753e+06,4.09985752e+03,0.00000000e+00,2.29784405e-01,7.70215595e-01,0.00000000e+00
6.07607608e+01,1.21594985e+00,1.86404676e+03,1.44196644e+06,4.11363011e+03,0.00000000e+00,2.29940164e-01,7.70059836e-01,0.00000000e+00
6.08608609e+01,1.20564045e+00,1.86873155e+03,1.43487108e+06,4.12847378e+03,0.00000000e+00,2.30096550e-01,7.69903450e-01,0.00000000e+00
6.09609610e+01,1.19515648e+00,1.87341189e+03,1.42785062e+06,4.14439510e+03,0.00000000e+00,2.30252631e-01,7.69747369e-01,0.00000000e+00
6.10610611e+01,1.18451172e+00,1.87808776e+03,1.42091102e+06,4.16139809e+03,0.00000000e+00,2.30406908e-01,7.69593092e-01,0.00000000e+00
6.11611612e+01,1.17373584e+00,1.88276605e+03,1.41407350e+06,4.17948231e+03,0.00000000e+00,2.30570864e-01,7.69429136e-01,0.00000000e+00
6.12612613e+01,1.16309038e+00,1.88741954e+03,1.40730221e+06,4.19762897e+03,0.00000000e+00,2.30737274e-01,7.69262726e-01,0.00000000e+00
6.13613614e+01,1.15284519e+00,1.89207982e+03,1.40057482e+06,4.21477601e+03,0.00000000e+00,2.30899446e-01,7.69100554e-01,0.00000000e+00
6.14614615e+01,1.14298882e+00,1.89674046e+03,1.39389792e+06,4.23094075e+03,0.00000000e+00,2.31057062e-01,7.68942938e-01,0.00000000e+00
6.15615616e+01,1.13350114e+00,1.90140039e+03,1.38727193e+06,4.24615739e+03,0.00000000e+00,2.31209598e-01,7.68790402e-01,0.00000000e+00
6.16616617e+01,1.12436550e+00,1.90605803e+03,1.38070204e+06,4.26046578e+03,0.00000000e+00,2.31356365e-01,7.68643635e-01,0.00000000e+00
6.17617618e+01,1.11556253e+00,1.91071660e+03,1.37418430e+06,4.27389178e+03,0.00000000e+00,2.31496964e-01,7.68503036e-01,0.00000000e+00
6.18618619e+01,1.10707448e+00,1.91538104e+03,1.36771342e+06,4.28645431e+03,0.00000000e+00,2.31631135e-01,7.68368865e-01,0.00000000e+00
6.19619620e+01,1.09888982e+00,1.92005494e+03,1.36129331e+06,4.29817968e+03,0.00000000e+00,2.31758157e-01,7.68241843e-01,0.00000000e+00
6.20620621e+01,1.09099918e+00,1.92473604e+03,1.35493089e+06,4.30909791e+03,0.00000000e+00,2.31877295e-01,7.68122705e-01,0.00000000e+00
6.21621622e+01,1.08338860e+00,1.92941898e+03,1.34862583e+06,4.31923725e+03,0.00000000e+00,2.31988645e-01,7.68011355e-01,0.00000000e+00
6.22622623e+01,1.07604467e+00,1.93409480e+03,1.34237100e+06,4.32860428e+03,0.00000000e+00,2.32092298e-01,7.67907702e-01,0.00000000e+00
6.23623624e+01,1.06895069e+00,1.93876428e+03,1.33615556e+06,4.33720862e+03,0.00000000e+00,2.32188160e-01,7.67811840e-01,0.00000000e+00
6.24624625e+01,1.06209382e+00,1.94343643e+03,1.32997713e+06,4.34507365e+03,0.00000000e+00,2.32275882e-01,7.67724118e-01,0.00000000e+00
6.25625626e+01,1.05547006e+00,1.94811584e+03,1.32384682e+06,4.35223243e+03,0.00000000e+00,2.32355157e-01,7.67644843e-01,0.00000000e+00
6.26626627e+01,1.04907872e+00,1.95279953e+03,1.31777603e+06,4.35870744e+03,0.00000000e+00,2.32425670e-01,7.67574330e-01,0.00000000e+00
6.27627628e+01,1.04291238e+00,1.95748126e+03,1.31176295e+06,4.36450665e+03,0.00000000e+00,2.32487215e-01,7.67512785e-01,0.00000000e+00
6.28628629e+01,1.03695322e+00,1.96215795e+03,1.30579033e+06,4.36963193e+03,0.00000000e+00,2.32540231e-01,7.67459769e-01,0.00000000e+00
6.29629630e+01,1.03118312e+00,1.96683295e+03,1.29984220e+06,4.37409188e+03,0.00000000e+00,2.32584922e-01,7.67415078e-01,0.00000000e+00
6.30630631e+01,1.02559028e+00,1.97151042e+03,1.29391248e+06,4.37790285e+03,0.00000000e+00,2.32621712e-01,7.67378288e-01,0.00000000e+00
6.31631632e+01,1.02017378e+00,1.97619134e+03,1.28801319e+06,4.38109705e+03,0.00000000e+00,2.32650536e-01,7.67349464e-01,0.00000000e+00
6.32632633e+01,1.01493379e+00,1.98087881e+03,1.28215775e+06,4.38370790e+03,0.00000000e+00,2.32670977e-01,7.67329023e-01,0.00000000e+00
6.33633634e+01,1.00986433e+00,1.98557667e+03,1.27634975e+06,4.38576327e+03,0.00000000e+00,2.32682916e-01,7.67317084e-01,0.00000000e+00
6.34634635e+01,1.00495342e+00,1.99028595e+03,1.27057954e+06,4.38727303e+03,0.00000000e+00,2.32686746e-01,7.67313254e-01,0.00000000e+00
6.35635636e+01,1.00018917e+00,1.99499907e+03,1.26483967e+06,4.38825495e+03,0.00000000e+00,2.32682891e-01,7.67317109e-01,0.00000000e+00
6.36636637e+01,9.95556880e-01,1.99970997e+03,1.25911799e+06,4.38872400e+03,0.00000000e+00,2.32672057e-01,7.67327943e-01,0.00000000e+00
6.37637638e+01,9.91045356e-01,2.00441557e+03,1.25341141e+06,4.38871192e+03,0.00000000e+00,2.32654861e-01,7.67345139e-01,0.00000000e+00
6.38638639e+01,9.86648374e-01,2.00911956e+03,1.24772332e+06,4.38825177e+03,0.00000000e+00,2.32631316e-01,7.67368684e-01,0.00000000e+00
6.39639640e+01,9.82361849e-01,2.01382581e+03,1.24206013e+06,4.38737883e+03,0.00000000e+00,2.32601761e-01,7.67398239e-01,0.00000000e+00
6.40640641e+01,9.78184272e-01,2.01853538e+03,1.23643073e+06,4.38612636e+03,0.00000000e+00,2.32566248e-01,7.67433752e-01,0.00000000e+00
6.41641642e+01,9.74110296e-01,2.02324820e+03,1.23083645e+06,4.38451902e+03,0.00000000e+00,2.32525317e-01,7.67474683e-01,0.00000000e+00
6.42642643e+01,9.70134736e-01,2.02795729e+03,1.22527492e+06,4.38256838e+03,0.00000000e+00,2.32479875e-01,7.67520125e-01,0.00000000e+00
6.43643644e+01,9.66251730e-01,2.03266068e+03,1.21974395e+06,4.38028968e+03,0.00000000e+00,2.32430193e-01,7.67569807e-01,0.00000000e+00
6.44644645e+01,9.62453307e-01,2.03736443e+03,1.21423980e+06,4.37770254e+03,0.00000000e+00,2.32376487e-01,7.67623513e-01,0.00000000e+00
6.45645646e+01,9.58735412e-01,2.04206914e+03,1.20876511e+06,4.37483224e+03,0.00000000e+00,2.32319089e-01,7.67680911e-01,0.00000000e+00
6.46646647e+01,9.55094580e-01,2.04677263e+03,1.20332314e+06,4.37170405e+03,0.00000000e+00,2.32258274e-01,7.67741726e-01,0.00000000e+00
6.47647648e+01,9.51524807e-01,2.05147224e+03,1.19791182e+06,4.36833634e+03,0.00000000e+00,2.32194860e-01,7.67805140e-01,0.00000000e+00
6.48648649e+01,9.48022225e-01,2.05616668e+03,1.19252938e+06,4.36473876e+03,0.00000000e+00,2.32129387e-01,7.67870613e-01,0.00000000e+00
6.49649650e+01,9.44585579e-01,2.06085467e+03,1.18717993e+06,4.36093040e+03,0.00000000e+00,2.32061798e-01,7.67938202e-01,0.00000000e+00
6.50650651e+01,9.41210240e-01,2.06553469e+03,1.18186386e+06,4.35693290e+03,0.00000000e+00,2.31992504e-01,7.68007496e-01,0.00000000e+00
6.51651652e+01,9.37888855e-01,2.07020916e+03,1.17657401e+06,4.35275283e+03,0.00000000e+00,2.31921957e-01,7.68078043e-01,0.00000000e+00
6.52652653e+01,9.34614651e-01,2.07488302e+03,1.17130520e+06,4.34840135e+03,0.00000000e+00,2.31850183e-01,7.68149817e-01,0.00000000e+00
6.53653654e+01,9.31381921e-01,2.07955477e+03,1.16605465e+06,4.34389389e+03,0.00000000e+00,2.31777880e-01,7.68222120e-01,0.00000000e+00
6.54654655e+01,9.28187411e-01,2.08422308e+03,1.16082173e+06,4.33924248e+03,0.00000000e+00,2.31705344e-01,7.68294656e-01,0.00000000e+00
6.55655656e+01,9.25027617e-01,2.08889053e+03,1.15560578e+06,4.33446024e+03,0.00000000e+00,2.31632685e-01,7.68367315e-01,0.00000000e+00
6.56656657e+01,9.21900572e-01,2.09355861e+03,1.15041213e+06,4.32957601e+03,0.00000000e+00,2.31560541e-01,7.68439459e-01,0.00000000e+00
6.57657658e+01,9.18808782e-01,2.09823030e+03,1.14524957e+06,4.32461061e+03,0.00000000e+00,2.31488908e-01,7.68511092e-01,0.00000000e+00
6.58658659e+01,9.15752979e-01,2.10290815e+03,1.14012189e+06,4.31957460e+03,0.00000000e+00,2.31417526e-01,7.68582474e-01,0.00000000e+00
6.59659660e+01,9.12727658e-01,2.10759421e+03,1.13502369e+06,4.31447339e+03,0.00000000e+00,2.31346571e-01,7.68653429e-01,0.00000000e+00
6.60660661e+01,9.09725930e-01,2.11228433e+03,1.12994334e+06,4.30929555e+03,0.00000000e+00,2.31276662e-01,7.68723338e-01,0.00000000e+00
6.61661662e+01,9.06743516e-01,2.11697079e+03,1.12487820e+06,4.30405117e+03,0.00000000e+00,2.31208420e-01,7.68791580e-01,0.00000000e+00
6.62662663e+01,9.03779003e-01,2.12164705e+03,1.11982765e+06,4.29874441e+03,0.00000000e+00,2.31142005e-01,7.68857995e-01,0.00000000e+00
6.63663664e+01,9.00830022e-01,2.12631373e+03,1.11478868e+06,4.29337478e+03,0.00000000e+00,2.31077655e-01,7.68922345e-01,0.00000000e+00
6.64664665e+01,8.97894919e-01,2.13097806e+03,1.10976568e+06,4.28796668e+03,0.00000000e+00,2.31015225e-01,7.68984775e-01,0.00000000e+00
6.65665666e+01,8.94977833e-01,2.13564869e+03,1.10476265e+06,4.28251551e+03,0.00000000e+00,2.30954482e-01,7.69045518e-01,0.00000000e+00
6.66666667e+01,8.92079547e-01,2.14033212e+03,1.09978678e+06,4.27704539e+03,0.00000000e+00,2.30895309e-01,7.69104691e-01,0.00000000e+00
6.67667668e+01,8.89199791e-01,2.14502898e+03,1.09483567e+06,4.27154831e+03,0.00000000e+00,2.30837704e-01,7.69162296e-01,0.00000000e+00
6.68668669e+01,8.86335250e-01,2.14973686e+03,1.08990696e+06,4.26603132e+03,0.00000000e+00,2.30782009e-01,7.69217991e-01,0.00000000e+00
6.69669670e+01,8.83483077e-01,2.15445220e+03,1.08499596e+06,4.26048991e+03,0.00000000e+00,2.30728513e-01,7.69271487e-01,0.00000000e+00
6.70670671e+01,8.80641357e-01,2.15917318e+03,1.08010030e+06,4.25492406e+03,0.00000000e+00,2.30677349e-01,7.69322651e-01,0.00000000e+00
6.71671672e+01,8.77809676e-01,2.16389804e+03,1.07521929e+06,4.24933302e+03,0.00000000e+00,2.30628528e-01,7.69371472e-01,0.00000000e+00
6.72672673e+01,8.74987621e-01,2.16862427e+03,1.07035531e+06,4.24372814e+03,0.00000000e+00,2.30581994e-01,7.69418006e-01,0.00000000e+00
6.73673674e+01,8.72176002e-01,2.17334779e+03,1.06551453e+06,4.23812989e+03,0.00000000e+00,2.30537587e-01,7.69462413e-01,0.00000000e+00
6.74674675e+01,8.69375673e-01,2.17806626e+03,1.06069322e+06,4.23251950e+03,0.00000000e+00,2.30495208e-01,7.69504792e-01,0.00000000e+00
6.75675676e+01,8.66588678e-01,2.18277437e+03,1.05589714e+06,4.22691016e+03,0.00000000e+00,2.30454853e-01,7.69545147e-01,0.00000000e+00
6.76676677e+01,8.63813460e-01,2.18747771e+03,1.05112684e+06,4.22131183e+03,0.00000000e+00,2.30416478e-01,7.69583522e-01,0.00000000e+00
6.77677678e+01,8.61050996e-01,2.19217906e+03,1.04638158e+06,4.21571708e+03,0.00000000e+00,2.30379999e-01,7.69620001e-01,0.00000000e+00
6.78678679e+01,8.58301648e-01,2.19687738e+03,1.04166371e+06,4.21013392e+03,0.00000000e+00,2.30345546e-01,7.69654454e-01,0.00000000e+00
6.79679680e+01,8.55562924e-01,2.20157627e+03,1.03697032e+06,4.20456321e+03,0.00000000e+00,2.30313102e-01,7.69686898e-01,0.00000000e+00
6.80680681e+01,8.52832356e-01,2.20627963e+03,1.03229788e+06,4.19900301e+03,0.00000000e+00,2.30282562e-01,7.69717438e-01,0.00000000e+00
6.81681682e+01,8.50109443e-01,2.21098729e+03,1.02764567e+06,4.19345291e+03,0.00000000e+00,2.30253804e-01,7.69746196e-01,0.00000000e+00
6.82682683e+01,8.47393474e-01,2.21569878e+03,1.02301035e+06,4.18790311e+03,0.00000000e+00,2.30226787e-01,7.69773213e-01,0.00000000e+00
6.83683684e+01,8.44682622e-01,2.22041390e+03,1.01838807e+06,4.18234686e+03,0.00000000e+00,2.30201509e-01,7.69798491e-01,0.00000000e+00
6.84684685e+01,8.41974020e-01,2.22513339e+03,1.01377704e+06,4.17679104e+03,0.00000000e+00,2.30177879e-01,7.69822121e-01,0.00000000e+00
6.85685686e+01,8.39264970e-01,2.22985795e+03,1.00917655e+06,4.17124608e+03,0.00000000e+00,2.30155776e-01,7.69844224e-01,0.00000000e+00
6.86686687e+01,8.36552637e-01,2.23458926e+03,1.00458290e+06,4.16571079e+03,0.00000000e+00,2.30135114e-01,7.69864886e-01,0.00000000e+00
6.87687688e+01,8.33834698e-01,2.23933049e+03,9.99991148e+05,4.16017620e+03,0.00000000e+00,2.30115854e-01,7.69884146e-01,0.00000000e+00
6.88688689e+01,8.31110355e-01,2.24408382e+03,9.95398380e+05,4.15463402e+03,0.00000000e+00,2.30097979e-01,7.69902021e-01,0.00000000e+00
6.89689690e+01,8.28383981e-01,2.24884625e+03,9.90810594e+05,4.14908701e+03,0.00000000e+00,2.30081034e-01,7.69918966e-01,0.00000000e+00
6.90690691e+01,8.25663120e-01,2.25360283e+03,9.86235467e+05,4.14352954e+03,0.00000000e+00,2.30065161e-01,7.69934839e-01,0.00000000e+00
6.91691692e+01,8.22946648e-01,2.25835721e+03,9.81671177e+05,4.13795962e+03,0.00000000e+00,2.30050450e-01,7.69949550e-01,0.00000000e+00
6.92692693e+01,8.20237691e-01,2.26310224e+03,9.77132357e+05,4.13242325e+03,0.00000000e+00,2.30036680e-01,7.69963320e-01,0.00000000e+00
6.93693694e+01,8.17536961e-01,2.26783903e+03,9.72619875e+05,4.12692093e+03,0.00000000e+00,2.30023777e-01,7.69976223e-01,0.00000000e+00
6.94694695e+01,8.14841624e-01,2.27257775e+03,9.68120955e+05,4.12141318e+03,0.00000000e+00,2.30011860e-01,7.69988140e-01,0.00000000e+00
6.95695696e+01,8.12152500e-01,2.27731921e+03,9.63641283e+05,4.11592014e+03,0.00000000e+00,2.30000873e-01,7.69999127e-01,0.00000000e+00
6.96696697e+01,8.09474217e-01,2.28205443e+03,9.59194699e+05,4.11047780e+03,0.00000000e+00,2.29990609e-01,7.70009391e-01,0.00000000e+00
6.97697698e+01,8.06806922e-01,2.28678421e+03,9.54778201e+05,4.10507319e+03,0.00000000e+00,2.29981057e-01,7.70018943e-01,0.00000000e+00
6.98698699e+01,8.04145229e-01,2.29152374e+03,9.50377896e+05,4.09967444e+03,0.00000000e+00,2.29972231e-01,7.70027769e-01,0.00000000e+00
6.99699700e+01,8.01489087e-01,2.29627519e+03,9.45988184e+05,4.09425770e+03,0.00000000e+00,2.29964005e-01,7.70035995e-01,0.00000000e+00
7.00700701e+01,7.98842968e-01,2.30102646e+03,9.41616561e+05,4.08883250e+03,0.00000000e+00,2.29956330e-01,7.70043670e-01,0.00000000e+00
7.01701702e+01,7.96206480e-01,2.30577568e+03,9.37265999e+05,4.08341391e+03,0.00000000e+00,2.29949173e-01,7.70050827e-01,0.00000000e+00
7.02702703e+01,7.93575877e-01,2.31053003e+03,9.32928977e+05,4.07798850e+03,0.00000000e+00,2.29942398e-01,7.70057602e-01,0.00000000e+00
7.03703704e+01,7.90949170e-01,2.31529489e+03,9.28603913e+05,4.07255955e+03,0.00000000e+00,2.29935876e-01,7.70064124e-01,0.00000000e+00
7.04704705e+01,7.88328434e-01,2.32006838e+03,9.24298189e+05,4.06714892e+03,0.00000000e+00,2.29929680e-01,7.70070320e-01,0.00000000e+00
7.05705706e+01,7.85718840e-01,2.32484674e+03,9.20015947e+05,4.06174840e+03,0.00000000e+00,2.29923685e-01,7.70076315e-01,0.00000000e+00
7.06706707e+01,7.83120413e-01,2.32962728e+03,9.15758880e+05,4.05636602e+03,0.00000000e+00,2.29918514e-01,7.70081486e-01,0.00000000e+00
7.07707708e+01,7.80534350e-01,2.33441522e+03,9.11527604e+05,4.05099840e+03,0.00000000e+00,2.29913570e-01,7.70086430e-01,0.00000000e+00
7.08708709e+01,7.77960650e-01,2.33921212e+03,9.07318498e+05,4.04562950e+03,0.00000000e+00,2.29908288e-01,7.70091712e-01,0.00000000e+00
7.09709710e+01,7.75396131e-01,2.34401535e+03,9.03129394e+05,4.04026687e+03,0.00000000e+00,2.29903487e-01,7.70096513e-01,0.00000000e+00
7.10710711e+01,7.72843451e-01,2.34882370e+03,8.98964477e+05,4.03491564e+03,0.00000000e+00,2.29899068e-01,7.70100932e-01,0.00000000e+00
7.11711712e+01,7.70306380e-01,2.35363136e+03,8.94826856e+05,4.02957013e+03,0.00000000e+00,2.29894480e-01,7.70105520e-01,0.00000000e+00
7.12712713e+01,7.67782951e-01,2.35843387e+03,8.90717536e+05,4.02424568e+03,0.00000000e+00,2.29889900e-01,7.70110100e-01,0.00000000e+00
7.13713714e+01,7.65269806e-01,2.36323580e+03,8.86632342e+05,4.01894156e+03,0.00000000e+00,2.29885435e-01,7.70114565e-01,0.00000000e+00
7.14714715e+01,7.62764800e-01,2.36804224e+03,8.82563385e+05,4.01363358e+03,0.00000000e+00,2.29881104e-01,7.70118896e-01,0.00000000e+00
7.15715716e+01,7.60267703e-01,2.37285293e+03,8.78510434e+05,4.00832203e+03,0.00000000e+00,2.29876871e-01,7.70123129e-01,0.00000000e+00
7.16716717e+01,7.57780391e-01,2.37766259e+03,8.74478973e+05,4.00302215e+03,0.00000000e+00,2.29872609e-01,7.70127391e-01,0.00000000e+00
7.17717718e+01,7.55305224e-01,2.38246398e+03,8.70471208e+05,3.99773189e+03,0.00000000e+00,2.29868248e-01,7.70131752e-01,0.00000000e+00
7.18718719e+01,7.52842414e-01,2.38725357e+03,8.66487083e+05,3.99245023e+03,0.00000000e+00,2.29863826e-01,7.70136174e-01,0.00000000e+00
7.19719720e+01,7.50390143e-01,2.39203235e+03,8.62525592e+05,3.98718251e+03,0.00000000e+00,2.29859350e-01,7.70140650e-01,0.00000000e+00
7.20720721e+01,7.47946480e-01,2.39680247e+03,8.58583816e+05,3.98192584e+03,0.00000000e+00,2.29854768e-01,7.70145232e-01,0.00000000e+00
7.21721722e+01,7.45510479e-01,2.40156439e+03,8.54658620e+05,3.97667092e+03,0.00000000e+00,2.29850054e-01,7.70149946e-01,0.00000000e+00
7.22722723e+01,7.43081583e-01,2.40631804e+03,8.50748102e+05,3.97141208e+03,0.00000000e+00,2.29845226e-01,7.70154774e-01,0.00000000e+00
7.23723724e+01,7.40659632e-01,2.41106249e+03,8.46852805e+05,3.96615279e+03,0.00000000e+00,2.29840285e-01,7.70159715e-01,0.00000000e+00
7.24724725e+01,7.38244852e-01,2.41579590e+03,8.42973881e+05,3.96089741e+03,0.00000000e+00,2.29835212e-01,7.70164788e-01,0.00000000e+00
7.25725726e+01,7.35837154e-01,2.42051708e+03,8.39111130e+05,3.95564566e+03,0.00000000e+00,2.29829996e-01,7.70170004e-01,0.00000000e+00
7.26726727e+01,7.33435922e-01,2.42522641e+03,8.35264210e+05,3.95039942e+03,0.00000000e+00,2.29824620e-01,7.70175380e-01,0.00000000e+00
7.27727728e+01,7.31040550e-01,2.42992456e+03,8.31432390e+05,3.94515867e+03,0.00000000e+00,2.29819061e-01,7.70180939e-01,0.00000000e+00
7.28728729e+01,7.28650581e-01,2.43461196e+03,8.27614672e+05,3.93992132e+03,0.00000000e+00,2.29813302e-01,7.70186698e-01,0.00000000e+00
7.29729730e+01,7.26265432e-01,2.43928939e+03,8.23809738e+05,3.93468436e+03,0.00000000e+00,2.29807345e-01,7.70192655e-01,0.00000000e+00
7.30730731e+01,7.23884216e-01,2.44395836e+03,8.20015952e+05,3.92944490e+03,0.00000000e+00,2.29801213e-01,7.70198787e-01,0.00000000e+00
7.31731732e+01,7.21505823e-01,2.44862096e+03,8.16231676e+05,3.92420118e+03,0.00000000e+00,2.29794931e-01,7.70205069e-01,0.00000000e+00
7.32732733e+01,7.19129176e-01,2.45327943e+03,8.12455642e+05,3.91895297e+03,0.00000000e+00,2.29788508e-01,7.70211492e-01,0.00000000e+00
7.33733734e+01,7.16753459e-01,2.45793596e+03,8.08687000e+05,3.91370061e+03,0.00000000e+00,2.29781925e-01,7.70218075e-01,0.00000000e+00
7.34734735e+01,7.14378267e-01,2.46259270e+03,8.04925077e+05,3.90844299e+03,0.00000000e+00,2.29775152e-01,7.70224848e-01,0.00000000e+00
7.35735736e+01,7.12003615e-01,2.46725181e+03,8.01169203e+05,3.90317675e+03,0.00000000e+00,2.29768190e-01,7.70231810e-01,0.00000000e+00
7.36736737e+01,7.09629727e-01,2.47191531e+03,7.97418900e+05,3.89789826e+03,0.00000000e+00,2.29761081e-01,7.70238919e-01,0.00000000e+00
7.37737738e+01,7.07256728e-01,2.47658530e+03,7.93674215e+05,3.89260697e+03,0.00000000e+00,2.29753866e-01,7.70246134e-01,0.00000000e+00
7.38738739e+01,7.04884660e-01,2.48126464e+03,7.89937147e+05,3.88731236e+03,0.00000000e+00,2.29746494e-01,7.70253506e-01,0.00000000e+00
7.39739740e+01,7.02514522e-01,2.48595560e+03,7.86208788e+05,3.88201428e+03,0.00000000e+00,2.29738920e-01,7.70261080e-01,0.00000000e+00
7.40740741e+01,7.00147017e-01,2.49065840e+03,7.82484691e+05,3.87668688e+03,0.00000000e+00,2.29731345e-01,7.70268655e-01,0.00000000e+00
7.41741742e+01,6.97779648e-01,2.49538280e+03,7.78760684e+05,3.87132314e+03,0.00000000e+00,2.29723896e-01,7.70276104e-01,0.00000000e+00
7.42742743e+01,6.95416080e-01,2.50011682e+03,7.75044962e+05,3.86594313e+03,0.00000000e+00,2.29716495e-01,7.70283505e-01,0.00000000e+00
7.43743744e+01,6.93058171e-01,2.50485208e+03,7.71344020e+05,3.86056894e+03,0.00000000e+00,2.29709177e-01,7.70290823e-01,0.00000000e+00
7.44744745e+01,6.90703277e-01,2.50959555e+03,7.67652576e+05,3.85518904e+03,0.00000000e+00,2.29701994e-01,7.70298006e-01,0.00000000e+00
7.45745746e+01,6.88352204e-01,2.51434514e+03,7.63972772e+05,3.84980966e+03,0.00000000e+00,2.29694830e-01,7.70305170e-01,0.00000000e+00
7.46746747e+01,6.86008735e-01,2.51908878e+03,7.60312395e+05,3.84444903e+03,0.00000000e+00,2.29687598e-01,7.70312402e-01,0.00000000e+00
7.47747748e+01,6.83673130e-01,2.52382472e+03,7.56672515e+05,3.83911152e+03,0.00000000e+00,2.29680371e-01,7.70319629e-01,0.00000000e+00
7.48748749e+01,6.81343214e-01,2.52855972e+03,7.53047021e+05,3.83377871e+03,0.00000000e+00,2.29673216e-01,7.70326784e-01,0.00000000e+00
7.49749750e+01,6.79019446e-01,2.53329354e+03,7.49437375e+05,3.82845565e+03,0.00000000e+00,2.29666098e-01,7.70333902e-01,0.00000000e+00
7.50750751e+01,6.76704065e-01,2.53801964e+03,7.45842973e+05,3.82312685e+03,0.00000000e+00,2.29659033e-01,7.70340967e-01,0.00000000e+00
7.51751752e+01,6.74398319e-01,2.54273380e+03,7.42271905e+05,3.81782699e+03,0.00000000e+00,2.29652016e-01,7.70347984e-01,0.00000000e+00
7.52752753e+01,6.72102902e-01,2.54743235e+03,7.38725653e+05,3.81256032e+03,0.00000000e+00,2.29645060e-01,7.70354940e-01,0.00000000e+00
7.53753754e+01,6.69814826e-01,2.55212175e+03,7.35193781e+05,3.80729044e+03,0.00000000e+00,2.29638361e-01,7.70361639e-01,0.00000000e+00
7.54754755e+01,6.67530724e-01,2.55680982e+03,7.31673149e+05,3.80202041e+03,0.00000000e+00,2.29631998e-01,7.70368002e-01,0.00000000e+00
7.55755756e+01,6.65251146e-01,2.56149194e+03,7.28167832e+05,3.79676837e+03,0.00000000e+00,2.29625877e-01,7.70374123e-01,0.00000000e+00
7.56756757e+01,6.62977079e-01,2.56616238e+03,7.24680567e+05,3.79154326e+03,0.00000000e+00,2.29619938e-01,7.70380062e-01,0.00000000e+00
7.57757758e+01,6.60707328e-01,2.57082365e+03,7.21209840e+05,3.78634440e+03,0.00000000e+00,2.29614189e-01,7.70385811e-01,0.00000000e+00
7.58758759e+01,6.58441493e-01,2.57547771e+03,7.17755627e+05,3.78117429e+03,0.00000000e+00,2.29608568e-01,7.70391432e-01,0.00000000e+00
7.59759760e+01,6.56180939e-01,2.58012325e+03,7.14321138e+05,3.77604239e+03,0.00000000e+00,2.29602982e-01,7.70397018e-01,0.00000000e+00
7.60760761e+01,6.53927229e-01,2.58475918e+03,7.10904791e+05,3.77093184e+03,0.00000000e+00,2.29597468e-01,7.70402532e-01,0.00000000e+00
7.61761762e+01,6.51680399e-01,2.58938902e+03,7.07504731e+05,3.76583299e+03,0.00000000e+00,2.29592155e-01,7.70407845e-01,0.00000000e+00
7.62762763e+01,6.49440362e-01,2.59401588e+03,7.04119701e+05,3.76073999e+03,0.00000000e+00,2.29587159e-01,7.70412841e-01,0.00000000e+00
7.63763764e+01,6.47206782e-01,2.59864473e+03,7.00747444e+05,3.75564290e+03,0.00000000e+00,2.29582495e-01,7.70417505e-01,0.00000000e+00
7.64764765e+01,6.44982333e-01,2.60326843e+03,6.97393696e+05,3.75055714e+03,0.00000000e+00,2.29578168e-01,7.70421832e-01,0.00000000e+00
7.65765766e+01,6.42766807e-01,2.60788706e+03,6.94052835e+05,3.74545398e+03,0.00000000e+00,2.29574329e-01,7.70425671e-01,0.00000000e+00
7.66766767e+01,6.40559069e-01,2.61250332e+03,6.90730446e+05,3.74037031e+03,0.00000000e+00,2.29570944e-01,7.70429056e-01,0.00000000e+00
7.67767768e+01,6.38360535e-01,2.61710930e+03,6.87428612e+05,3.73530949e+03,0.00000000e+00,2.29567916e-01,7.70432084e-01,0.00000000e+00
7.68768769e+01,6.36168577e-01,2.62170842e+03,6.84138317e+05,3.73023829e+03,0.00000000e+00,2.29565356e-01,7.70434644e-01,0.00000000e+00
7.69769770e+01,6.33978624e-01,2.62631127e+03,6.80855714e+05,3.72516255e+03,0.00000000e+00,2.29563249e-01,7.70436751e-01,0.00000000e+00
7.70770771e+01,6.31788199e-01,2.63092157e+03,6.77578489e+05,3.72008417e+03,0.00000000e+00,2.29561611e-01,7.70438389e-01,0.00000000e+00
7.71771772e+01,6.29595135e-01,2.63554207e+03,6.74303362e+05,3.71499785e+03,0.00000000e+00,2.29560515e-01,7.70439485e-01,0.00000000e+00
7.72772773e+01,6.27398543e-01,2.64017793e+03,6.71027837e+05,3.70989473e+03,0.00000000e+00,2.29559636e-01,7.70440364e-01,0.00000000e+00
7.73773774e+01,6.25203501e-01,2.64481858e+03,6.67757723e+05,3.70477661e+03,0.00000000e+00,2.29558765e-01,7.70441235e-01,0.00000000e+00
7.74774775e+01,6.23010915e-01,2.64946184e+03,6.64494428e+05,3.69964589e+03,0.00000000e+00,2.29558074e-01,7.70441926e-01,0.00000000e+00
7.75775776e+01,6.20817158e-01,2.65412119e+03,6.61232929e+05,3.69449595e+03,0.00000000e+00,2.29557425e-01,7.70442575e-01,0.00000000e+00
7.76776777e+01,6.18621484e-01,2.65880306e+03,6.57973347e+05,3.68933217e+03,0.00000000e+00,2.29557835e-01,7.70442165e-01,0.00000000e+00
7.77777778e+01,6.16435718e-01,2.66348156e+03,6.54736664e+05,3.68420176e+03,0.00000000e+00,2.29559322e-01,7.70440678e-01,0.00000000e+00
7.78778779e+01,6.14266867e-01,2.66815868e+03,6.51524152e+05,3.67907024e+03,0.00000000e+00,2.29561335e-01,7.70438665e-01,0.00000000e+00
7.79779780e+01,6.12112478e-01,2.67284162e+03,6.48331210e+05,3.67392646e+03,0.00000000e+00,2.29563359e-01,7.70436641e-01,0.00000000e+00
7.80780781e+01,6.09969727e-01,2.67752480e+03,6.45157296e+05,3.66878461e+03,0.00000000e+00,2.29565531e-01,7.70434469e-01,0.00000000e+00
7.81781782e+01,6.07833946e-01,2.68221370e+03,6.42001171e+05,3.66366623e+03,0.00000000e+00,2.29568172e-01,7.70431828e-01,0.00000000e+00
7.82782783e+01,6.05703888e-01,2.68690956e+03,6.38856168e+05,3.65854111e+03,0.00000000e+00,2.29571372e-01,7.70428628e-01,0.00000000e+00
7.83783784e+01,6.03577950e-01,2.69161699e+03,6.35721525e+05,3.65341457e+03,0.00000000e+00,2.29574912e-01,7.70425088e-01,0.00000000e+00
7.84784785e+01,6.01454872e-01,2.69634146e+03,6.32594070e+05,3.64827626e+03,0.00000000e+00,2.29579234e-01,7.70420766e-01,0.00000000e+00
7.85785786e+01,5.99340504e-01,2.70106811e+03,6.29478825e+05,3.64311959e+03,0.00000000e+00,2.29584313e-01,7.70415687e-01,0.00000000e+00
7.86786787e+01,5.97240862e-01,2.70578049e+03,6.26390733e+05,3.63799434e+03,0.00000000e+00,2.29589316e-01,7.70410684e-01,0.00000000e+00
7.87787788e+01,5.95150707e-01,2.71048247e+03,6.23324635e+05,3.63290333e+03,0.00000000e+00,2.29594629e-01,7.70405371e-01,0.00000000e+00
7.88788789e+01,5.93063839e-01,2.71519800e+03,6.20261635e+05,3.62777443e+03,0.00000000e+00,2.29599951e-01,7.70400049e-01,0.00000000e+00
7.89789790e+01,5.90979816e-01,2.71992772e+03,6.17203793e+05,3.62262272e+03,0.00000000e+00,2.29606564e-01,7.70393436e-01,0.00000000e+00
7.90790791e+01,5.88909507e-01,2.72464714e+03,6.14164585e+05,3.61746019e+03,0.00000000e+00,2.29613516e-01,7.70386484e-01,0.00000000e+00
7.91791792e+01,5.86856795e-01,2.72934018e+03,6.11153977e+05,3.61232186e+03,0.00000000e+00,2.29620300e-01,7.70379700e-01,0.00000000e+00
7.92792793e+01,5.84814702e-01,2.73401678e+03,6.08167604e+05,3.60722581e+03,0.00000000e+00,2.29627389e-01,7.70372611e-01,0.00000000e+00
7.93793794e+01,5.82779514e-01,2.73868978e+03,6.05191503e+05,3.60211268e+03,0.00000000e+00,2.29634924e-01,7.70365076e-01,0.00000000e+00
7.94794795e+01,5.80749588e-01,2.74336390e+03,6.02225550e+05,3.59699190e+03,0.00000000e+00,2.29642895e-01,7.70357105e-01,0.00000000e+00
7.95795796e+01,5.78725684e-01,2.74803566e+03,5.99271311e+05,3.59186813e+03,0.00000000e+00,2.29651169e-01,7.70348831e-01,0.00000000e+00
7.96796797e+01,5.76709027e-01,2.75269880e+03,5.96331020e+05,3.58674730e+03,0.00000000e+00,2.29659694e-01,7.70340306e-01,0.00000000e+00
7.97797798e+01,5.74699059e-01,2.75735381e+03,5.93408634e+05,3.58165698e+03,0.00000000e+00,2.29668433e-01,7.70331567e-01,0.00000000e+00
7.98798799e+01,5.72694189e-01,2.76200417e+03,5.90497792e+05,3.57656907e+03,0.00000000e+00,2.29677412e-01,7.70322588e-01,0.00000000e+00
7.99799800e+01,5.70691365e-01,2.76665978e+03,5.87594325e+05,3.57147752e+03,0.00000000e+00,2.29686660e-01,7.70313340e-01,0.00000000e+00
8.00800801e+01,5.68688427e-01,2.77132807e+03,5.84695092e+05,3.56637679e+03,0.00000000e+00,2.29696283e-01,7.70303717e-01,0.00000000e+00
8.01801802e+01,5.66683645e-01,2.77601586e+03,5.81796961e+05,3.56125847e+03,0.00000000e+00,2.29706333e-01,7.70293667e-01,0.00000000e+00
8.02802803e+01,5.64680831e-01,2.78071389e+03,5.78902973e+05,3.55611684e+03,0.00000000e+00,2.29716415e-01,7.70283585e-01,0.00000000e+00
8.03803804e+01,5.62683663e-01,2.78540773e+03,5.76025133e+05,3.55100250e+03,0.00000000e+00,2.29726551e-01,7.70273449e-01,0.00000000e+00
8.04804805e+01,5.60691476e-01,2.79009965e+03,5.73160049e+05,3.54589915e+03,0.00000000e+00,2.29736796e-01,7.70263204e-01,0.00000000e+00
8.05805806e+01,5.58701430e-01,2.79479957e+03,5.70301535e+05,3.54078665e+03,0.00000000e+00,2.29747212e-01,7.70252788e-01,0.00000000e+00
8.06806807e+01,5.56711128e-01,2.79951548e+03,5.67446438e+05,3.53566051e+03,0.00000000e+00,2.29757709e-01,7.70242291e-01,0.00000000e+00
8.07807808e+01,5.54717873e-01,2.80425927e+03,5.64589258e+05,3.53050329e+03,0.00000000e+00,2.29768168e-01,7.70231832e-01,0.00000000e+00
8.08808809e+01,5.52728459e-01,2.80900856e+03,5.61738865e+05,3.52532754e+03,0.00000000e+00,2.29779987e-01,7.70220013e-01,0.00000000e+00
8.09809810e+01,5.50759417e-01,2.81372913e+03,5.58920052e+05,3.52018264e+03,0.00000000e+00,2.29790946e-01,7.70209054e-01,0.00000000e+00
8.10810811e+01,5.48805488e-01,2.81841888e+03,5.56136929e+05,3.51512940e+03,0.00000000e+00,2.29801561e-01,7.70198439e-01,0.00000000e+00
8.11811812e+01,5.46858275e-01,2.82310152e+03,5.53367121e+05,3.51008140e+03,0.00000000e+00,2.29812265e-01,7.70187735e-01,0.00000000e+00
8.12812813e+01,5.44912448e-01,2.82779632e+03,5.50602003e+05,3.50501831e+03,0.00000000e+00,2.29823185e-01,7.70176815e-01,0.00000000e+00
8.13813814e+01,5.42965060e-01,2.83251242e+03,5.47837924e+05,3.49993568e+03,0.00000000e+00,2.29834320e-01,7.70165680e-01,0.00000000e+00
8.14814815e+01,5.41018791e-01,2.83724500e+03,5.45076721e+05,3.49482768e+03,0.00000000e+00,2.29845602e-01,7.70154398e-01,0.00000000e+00
8.15815816e+01,5.39081639e-01,2.84196142e+03,5.42336892e+05,3.48976135e+03,0.00000000e+00,2.29857071e-01,7.70142929e-01,0.00000000e+00
8.16816817e+01,5.37156465e-01,2.84666221e+03,5.39619100e+05,3.48472280e+03,0.00000000e+00,2.29868030e-01,7.70131970e-01,0.00000000e+00
8.17817818e+01,5.35238843e-01,2.85135575e+03,5.36920384e+05,3.47972238e+03,0.00000000e+00,2.29878758e-01,7.70121242e-01,0.00000000e+00
8.18818819e+01,5.33325288e-01,2.85605470e+03,5.34229238e+05,3.47470865e+03,0.00000000e+00,2.29889369e-01,7.70110631e-01,0.00000000e+00
8.19819820e+01,5.31412832e-01,2.86076930e+03,5.31541649e+05,3.46967469e+03,0.00000000e+00,2.29899726e-01,7.70100274e-01,0.00000000e+00
8.20820821e+01,5.29499411e-01,2.86550439e+03,5.28855718e+05,3.46462120e+03,0.00000000e+00,2.29909425e-01,7.70090575e-01,0.00000000e+00
8.21821822e+01,5.27580045e-01,2.87027569e+03,5.26163148e+05,3.45952639e+03,0.00000000e+00,2.29919219e-01,7.70080781e-01,0.00000000e+00
8.22822823e+01,5.25661890e-01,2.87506123e+03,5.23473814e+05,3.45440890e+03,0.00000000e+00,2.29931662e-01,7.70068338e-01,0.00000000e+00
8.23823824e+01,5.23775500e-01,2.87978858e+03,5.20835903e+05,3.44938461e+03,0.00000000e+00,2.29942675e-01,7.70057325e-01,0.00000000e+00
8.24824825e+01,5.21907735e-01,2.88448211e+03,5.18234927e+05,3.44444588e+03,0.00000000e+00,2.29952223e-01,7.70047777e-01,0.00000000e+00
8.25825826e+01,5.20044300e-01,2.88918351e+03,5.15640429e+05,3.43948640e+03,0.00000000e+00,2.29962223e-01,7.70037777e-01,0.00000000e+00
8.26826827e+01,5.18190044e-01,2.89388062e+03,5.13064667e+05,3.43455564e+03,0.00000000e+00,2.29971872e-01,7.70028128e-01,0.00000000e+00
8.27827828e+01,5.16348106e-01,2.89856582e+03,5.10511482e+05,3.42965859e+03,0.00000000e+00,2.29979968e-01,7.70020032e-01,0.00000000e+00
8.28828829e+01,5.14514508e-01,2.90323675e+03,5.07979757e+05,3.42481650e+03,0.00000000e+00,2.29990066e-01,7.70009934e-01,0.00000000e+00
8.29829830e+01,5.12702889e-01,2.90787638e+03,5.05481740e+05,3.42002141e+03,0.00000000e+00,2.30000667e-01,7.69999333e-01,0.00000000e+00
8.30830831e+01,5.10915543e-01,2.91247230e+03,5.03021887e+05,3.41528858e+03,0.00000000e+00,2.30010037e-01,7.69989963e-01,0.00000000e+00
8.31831832e+01,5.09138926e-01,2.91705356e+03,5.00583274e+05,3.41059483e+03,0.00000000e+00,2.30018268e-01,7.69981732e-01,0.00000000e+00
8.32832833e+01,5.07366061e-01,2.92164432e+03,4.98152456e+05,3.40589623e+03,0.00000000e+00,2.30026376e-01,7.69973624e-01,0.00000000e+00
8.33833834e+01,5.05601470e-01,2.92622819e+03,4.95737180e+05,3.40121619e+03,0.00000000e+00,2.30035791e-01,7.69964209e-01,0.00000000e+00
8.34834835e+01,5.03854882e-01,2.93079141e+03,4.93346742e+05,3.39655269e+03,0.00000000e+00,2.30044569e-01,7.69955431e-01,0.00000000e+00
8.35835836e+01,5.02122600e-01,2.93533158e+03,4.90978414e+05,3.39191244e+03,0.00000000e+00,2.30052478e-01,7.69947522e-01,0.00000000e+00
8.36836837e+01,5.00396675e-01,2.93986791e+03,4.88625878e+05,3.38730633e+03,0.00000000e+00,2.30060066e-01,7.69939934e-01,0.00000000e+00
8.37837838e+01,4.98675063e-01,2.94441007e+03,4.86279317e+05,3.38268049e+03,0.00000000e+00,2.30067366e-01,7.69932634e-01,0.00000000e+00
8.38838839e+01,4.96958004e-01,2.94895629e+03,4.83940549e+05,3.37804591e+03,0.00000000e+00,2.30074411e-01,7.69925589e-01,0.00000000e+00
8.39839840e+01,4.95245977e-01,2.95350669e+03,4.81610604e+05,3.37340659e+03,0.00000000e+00,2.30081238e-01,7.69918762e-01,0.00000000e+00
8.40840841e+01,4.93540382e-01,2.95805568e+03,4.79286629e+05,3.36873304e+03,0.00000000e+00,2.30087904e-01,7.69912096e-01,0.00000000e+00
8.41841842e+01,4.91842980e-01,2.96259560e+03,4.76978828e+05,3.36408486e+03,0.00000000e+00,2.30094045e-01,7.69905955e-01,0.00000000e+00
8.42842843e+01,4.90153189e-01,2.96712146e+03,4.74688363e+05,3.35947479e+03,0.00000000e+00,2.30099727e-01,7.69900273e-01,0.00000000e+00
8.43843844e+01,4.88468643e-01,2.97164077e+03,4.72406387e+05,3.35485694e+03,0.00000000e+00,2.30105104e-01,7.69894896e-01,0.00000000e+00
8.44844845e+01,4.86785820e-01,2.97616712e+03,4.70128578e+05,3.35022484e+03,0.00000000e+00,2.30110256e-01,7.69889744e-01,0.00000000e+00
8.45845846e+01,4.85102273e-01,2.98070779e+03,4.67852042e+05,3.34557471e+03,0.00000000e+00,2.30115508e-01,7.69884492e-01,0.00000000e+00
8.46846847e+01,4.83416724e-01,2.98527432e+03,4.65573681e+05,3.34089279e+03,0.00000000e+00,2.30120465e-01,7.69879535e-01,0.00000000e+00
8.47847848e+01,4.81737891e-01,2.98982736e+03,4.63304746e+05,3.33619936e+03,0.00000000e+00,2.30125185e-01,7.69874815e-01,0.00000000e+00
8.48848849e+01,4.80069238e-01,2.99435515e+03,4.61060973e+05,3.33158397e+03,0.00000000e+00,2.30129256e-01,7.69870744e-01,0.00000000e+00
8.49849850e+01,4.78408649e-01,2.99886227e+03,4.58837604e+05,3.32702802e+03,0.00000000e+00,2.30132810e-01,7.69867190e-01,0.00000000e+00
8.50850851e+01,4.76751703e-01,3.00336811e+03,4.56621770e+05,3.32246957e+03,0.00000000e+00,2.30135945e-01,7.69864055e-01,0.00000000e+00
8.51851852e+01,4.75094134e-01,3.00789032e+03,4.54407645e+05,3.31789597e+03,0.00000000e+00,2.30138685e-01,7.69861315e-01,0.00000000e+00
8.52852853e+01,4.73431897e-01,3.01244741e+03,4.52186488e+05,3.31327202e+03,0.00000000e+00,2.30142686e-01,7.69857314e-01,0.00000000e+00
8.53853854e+01,4.71782707e-01,3.01698300e+03,4.49984255e+05,3.30866261e+03,0.00000000e+00,2.30145488e-01,7.69854512e-01,0.00000000e+00
8.54854855e+01,4.70148977e-01,3.02146791e+03,4.47819344e+05,3.30418725e+03,0.00000000e+00,2.30147549e-01,7.69852451e-01,0.00000000e+00
8.55855856e+01,4.68522017e-01,3.02593443e+03,4.45672310e+05,3.29976527e+03,0.00000000e+00,2.30149384e-01,7.69850616e-01,0.00000000e+00
8.56856857e+01,4.66898001e-01,3.03040293e+03,4.43532965e+05,3.29534861e+03,0.00000000e+00,2.30150731e-01,7.69849269e-01,0.00000000e+00
8.57857858e+01,4.65278272e-01,3.03486533e+03,4.41403296e+05,3.29094273e+03,0.00000000e+00,2.30151631e-01,7.69848369e-01,0.00000000e+00
8.58858859e+01,4.63668320e-01,3.03930656e+03,4.39295786e+05,3.28660194e+03,0.00000000e+00,2.30151075e-01,7.69848925e-01,0.00000000e+00
8.59859860e+01,4.62074289e-01,3.04368955e+03,4.37223978e+05,3.28238603e+03,0.00000000e+00,2.30150954e-01,7.69849046e-01,0.00000000e+00
8.60860861e+01,4.60499362e-01,3.04800177e+03,4.35198254e+05,3.27835269e+03,0.00000000e+00,2.30152288e-01,7.69847712e-01,0.00000000e+00
8.61861862e+01,4.58944951e-01,3.05226309e+03,4.33207585e+05,3.27441022e+03,0.00000000e+00,2.30153533e-01,7.69846467e-01,0.00000000e+00
8.62862863e+01,4.57407864e-01,3.05649511e+03,4.31236019e+05,3.27046074e+03,0.00000000e+00,2.30151900e-01,7.69848100e-01,0.00000000e+00
8.63863864e+01,4.55879216e-01,3.06071491e+03,4.29276828e+05,3.26651879e+03,0.00000000e+00,2.30151313e-01,7.69848687e-01,0.00000000e+00
8.64864865e+01,4.54375073e-01,3.06489498e+03,4.27342658e+05,3.26256691e+03,0.00000000e+00,2.30154367e-01,7.69845633e-01,0.00000000e+00
8.65865866e+01,4.52920206e-01,3.06898589e+03,4.25458165e+05,3.25861472e+03,0.00000000e+00,2.30157451e-01,7.69842549e-01,0.00000000e+00
8.66866867e+01,4.51512374e-01,3.07298550e+03,4.23626650e+05,3.25470474e+03,0.00000000e+00,2.30159806e-01,7.69840194e-01,0.00000000e+00
8.67867868e+01,4.50140643e-01,3.07691810e+03,4.21836008e+05,3.25082407e+03,0.00000000e+00,2.30160954e-01,7.69839046e-01,0.00000000e+00
8.68868869e+01,4.48791552e-01,3.08082509e+03,4.20063518e+05,3.24689489e+03,0.00000000e+00,2.30159040e-01,7.69840960e-01,0.00000000e+00
8.69869870e+01,4.47451510e-01,3.08474739e+03,4.18291625e+05,3.24288016e+03,0.00000000e+00,2.30154916e-01,7.69845084e-01,0.00000000e+00
8.70870871e+01,4.46124964e-01,3.08866104e+03,4.16531967e+05,3.23883945e+03,0.00000000e+00,2.30153141e-01,7.69846859e-01,0.00000000e+00
8.71871872e+01,4.44835592e-01,3.09250322e+03,4.14815656e+05,3.23484356e+03,0.00000000e+00,2.30154278e-01,7.69845722e-01,0.00000000e+00
8.72872873e+01,4.43595894e-01,3.09625461e+03,4.13154959e+05,3.23089683e+03,0.00000000e+00,2.30153652e-01,7.69846348e-01,0.00000000e+00
8.73873874e+01,4.42391374e-01,3.09993384e+03,4.11537220e+05,3.22700773e+03,0.00000000e+00,2.30151839e-01,7.69848161e-01,0.00000000e+00
8.74874875e+01,4.41208255e-01,3.10357584e+03,4.09945061e+05,3.22314224e+03,0.00000000e+00,2.30150147e-01,7.69849853e-01,0.00000000e+00
8.75875876e+01,4.40042406e-01,3.10721273e+03,4.08363725e+05,3.21921351e+03,0.00000000e+00,2.30144994e-01,7.69855006e-01,0.00000000e+00
8.76876877e+01,4.38883791e-01,3.11084743e+03,4.06788685e+05,3.21526031e+03,0.00000000e+00,2.30138915e-01,7.69861085e-01,0.00000000e+00
8.77877878e+01,4.37736224e-01,3.11446110e+03,4.05232121e+05,3.21135257e+03,0.00000000e+00,2.30135261e-01,7.69864739e-01,0.00000000e+00
8.78878879e+01,4.36615410e-01,3.11802575e+03,4.03707018e+05,3.20747783e+03,0.00000000e+00,2.30131859e-01,7.69868141e-01,0.00000000e+00
8.79879880e+01,4.35522417e-01,3.12153630e+03,4.02212227e+05,3.20361972e+03,0.00000000e+00,2.30127900e-01,7.69872100e-01,0.00000000e+00
8.80880881e+01,4.34453225e-01,3.12499855e+03,4.00747964e+05,3.19981037e+03,0.00000000e+00,2.30123190e-01,7.69876810e-01,0.00000000e+00
8.81881882e+01,4.33403207e-01,3.12840908e+03,3.99313461e+05,3.19607891e+03,0.00000000e+00,2.30118209e-01,7.69881791e-01,0.00000000e+00
8.82882883e+01,4.32365398e-01,3.13179160e+03,3.97895319e+05,3.19236993e+03,0.00000000e+00,2.30111903e-01,7.69888097e-01,0.00000000e+00
8.83883884e+01,4.31332831e-01,3.13518037e+03,3.96481591e+05,3.18863873e+03,0.00000000e+00,2.30102806e-01,7.69897194e-01,0.00000000e+00
8.84884885e+01,4.30304159e-01,3.13855508e+03,3.95078572e+05,3.18494821e+03,0.00000000e+00,2.30096299e-01,7.69903701e-01,0.00000000e+00
8.85885886e+01,4.29298193e-01,3.14186922e+03,3.93705253e+05,3.18131327e+03,0.00000000e+00,2.30093498e-01,7.69906502e-01,0.00000000e+00
8.86886887e+01,4.28330196e-01,3.14509951e+03,3.92378588e+05,3.17775680e+03,0.00000000e+00,2.30089215e-01,7.69910785e-01,0.00000000e+00
8.87887888e+01,4.27387254e-01,3.14826140e+03,3.91089305e+05,3.17430057e+03,0.00000000e+00,2.30082467e-01,7.69917533e-01,0.00000000e+00
8.88888889e+01,4.26450428e-01,3.15140100e+03,3.89811884e+05,3.17087951e+03,0.00000000e+00,2.30074334e-01,7.69925666e-01,0.00000000e+00
8.89889890e+01,4.25512690e-01,3.15455218e+03,3.88532788e+05,3.16743545e+03,0.00000000e+00,2.30063468e-01,7.69936532e-01,0.00000000e+00
8.90890891e+01,4.24570202e-01,3.15772783e+03,3.87246613e+05,3.16395427e+03,0.00000000e+00,2.30053870e-01,7.69946130e-01,0.00000000e+00
8.91891892e+01,4.23645125e-01,3.16084058e+03,3.85993434e+05,3.16060044e+03,0.00000000e+00,2.30050488e-01,7.69949512e-01,0.00000000e+00
8.92892893e+01,4.22772327e-01,3.16383145e+03,3.84798977e+05,3.15732341e+03,0.00000000e+00,2.30047285e-01,7.69952715e-01,0.00000000e+00
8.93893894e+01,4.21946387e-01,3.16669626e+03,3.83667357e+05,3.15419758e+03,0.00000000e+00,2.30040163e-01,7.69959837e-01,0.00000000e+00
8.94894895e+01,4.21138455e-01,3.16948355e+03,3.82573559e+05,3.15123569e+03,0.00000000e+00,2.30031518e-01,7.69968482e-01,0.00000000e+00
8.95895896e+01,4.20333128e-01,3.17225674e+03,3.81487469e+05,3.14830612e+03,0.00000000e+00,2.30021835e-01,7.69978165e-01,0.00000000e+00
8.96896897e+01,4.19525886e-01,3.17504008e+03,3.80400469e+05,3.14537149e+03,0.00000000e+00,2.30010513e-01,7.69989487e-01,0.00000000e+00
8.97897898e+01,4.18719384e-01,3.17781388e+03,3.79320448e+05,3.14247881e+03,0.00000000e+00,2.30001604e-01,7.69998396e-01,0.00000000e+00
8.98898899e+01,4.17935259e-01,3.18051461e+03,3.78276325e+05,3.13970559e+03,0.00000000e+00,2.29994548e-01,7.70005452e-01,0.00000000e+00
8.99899900e+01,4.17186208e-01,3.18312052e+03,3.77280060e+05,3.13705550e+03,0.00000000e+00,2.29985863e-01,7.70014137e-01,0.00000000e+00
9.00900901e+01,4.16464080e-01,3.18563236e+03,3.76332467e+05,3.13459806e+03,0.00000000e+00,2.29975618e-01,7.70024382e-01,0.00000000e+00
9.01901902e+01,4.15758383e-01,3.18806989e+03,3.75420616e+05,3.13230709e+03,0.00000000e+00,2.29966783e-01,7.70033217e-01,0.00000000e+00
9.02902903e+01,4.15072088e-01,3.19045284e+03,3.74535032e+05,3.13008108e+03,0.00000000e+00,2.29956761e-01,7.70043239e-01,0.00000000e+00
9.03903904e+01,4.14404951e-01,3.19277513e+03,3.73676225e+05,3.12792634e+03,0.00000000e+00,2.29944443e-01,7.70055557e-01,0.00000000e+00
9.04904905e+01,4.13755247e-01,3.19501662e+03,3.72855670e+05,3.12595487e+03,0.00000000e+00,2.29935107e-01,7.70064893e-01,0.00000000e+00
9.05905906e+01,4.13139360e-01,3.19714968e+03,3.72087628e+05,3.12416389e+03,0.00000000e+00,2.29929453e-01,7.70070547e-01,0.00000000e+00
9.06906907e+01,4.12570226e-01,3.19915145e+03,3.71378503e+05,3.12250935e+03,0.00000000e+00,2.29924389e-01,7.70075611e-01,0.00000000e+00
9.07907908e+01,4.12040219e-01,3.20104073e+03,3.70720665e+05,3.12098525e+03,0.00000000e+00,2.29918295e-01,7.70081705e-01,0.00000000e+00
9.08908909e+01,4.11533392e-01,3.20286263e+03,3.70096617e+05,3.11956573e+03,0.00000000e+00,2.29910679e-01,7.70089321e-01,0.00000000e+00
9.09909910e+01,4.11035761e-01,3.20465677e+03,3.69487649e+05,3.11819974e+03,0.00000000e+00,2.29901827e-01,7.70098173e-01,0.00000000e+00
9.10910911e+01,4.10539505e-01,3.20644846e+03,3.68881297e+05,3.11684158e+03,0.00000000e+00,2.29891680e-01,7.70108320e-01,0.00000000e+00
9.11911912e+01,4.10041832e-01,3.20824804e+03,3.68272645e+05,3.11547040e+03,0.00000000e+00,2.29878868e-01,7.70121132e-01,0.00000000e+00
9.12912913e+01,4.09537903e-01,3.21006822e+03,3.67656063e+05,3.11407440e+03,0.00000000e+00,2.29861274e-01,7.70138726e-01,0.00000000e+00
9.13913914e+01,4.09025746e-01,3.21195467e+03,3.67013327e+05,3.11250999e+03,0.00000000e+00,2.29829153e-01,7.70170847e-01,0.00000000e+00
9.14914915e+01,4.08522319e-01,3.21370384e+03,3.66385188e+05,3.11101121e+03,0.00000000e+00,2.29827208e-01,7.70172792e-01,0.00000000e+00
9.15915916e+01,4.08105934e-01,3.21514230e+03,3.65959897e+05,3.11058127e+03,0.00000000e+00,2.29854280e-01,7.70145720e-01,0.00000000e+00
9.16916917e+01,4.07896915e-01,3.21639275e+03,3.65686516e+05,3.10985130e+03,0.00000000e+00,2.29856657e-01,7.70143343e-01,0.00000000e+00
9.17917918e+01,4.07794269e-01,3.21725207e+03,3.65502067e+05,3.10906245e+03,0.00000000e+00,2.29849999e-01,7.70150001e-01,0.00000000e+00
9.18918919e+01,4.07725390e-01,3.21794462e+03,3.65388839e+05,3.10862118e+03,0.00000000e+00,2.29841980e-01,7.70158020e-01,0.00000000e+00
9.19919920e+01,4.07676631e-01,3.21857611e+03,3.65308618e+05,3.10830708e+03,0.00000000e+00,2.29833685e-01,7.70166315e-01,0.00000000e+00
9.20920921e+01,4.07643844e-01,3.21916870e+03,3.65248502e+05,3.10804223e+03,0.00000000e+00,2.29825397e-01,7.70174603e-01,0.00000000e+00
9.21921922e+01,4.07624060e-01,3.21973180e+03,3.65202940e+05,3.10780215e+03,0.00000000e+00,2.29817341e-01,7.70182659e-01,0.00000000e+00
9.22922923e+01,4.07614401e-01,3.22027266e+03,3.65168053e+05,3.10757595e+03,0.00000000e+00,2.29809927e-01,7.70190073e-01,0.00000000e+00
9.23923924e+01,4.07611783e-01,3.22079806e+03,3.65139881e+05,3.10735370e+03,0.00000000e+00,2.29803767e-01,7.70196233e-01,0.00000000e+00
9.24924925e+01,4.07614461e-01,3.22132240e+03,3.65114558e+05,3.10711564e+03,0.00000000e+00,2.29798355e-01,7.70201645e-01,0.00000000e+00
9.25925926e+01,4.07629102e-01,3.22182857e+03,3.65100690e+05,3.10688379e+03,0.00000000e+00,2.29792744e-01,7.70207256e-01,0.00000000e+00
9.26926927e+01,4.07664609e-01,3.22228566e+03,3.65111002e+05,3.10669849e+03,0.00000000e+00,2.29786610e-01,7.70213390e-01,0.00000000e+00
9.27927928e+01,4.07727130e-01,3.22267344e+03,3.65154166e+05,3.10658668e+03,0.00000000e+00,2.29779941e-01,7.70220059e-01,0.00000000e+00
9.28928929e+01,4.07819564e-01,3.22298251e+03,3.65234353e+05,3.10656179e+03,0.00000000e+00,2.29772902e-01,7.70227098e-01,0.00000000e+00
9.29929930e+01,4.07941854e-01,3.22321264e+03,3.65351738e+05,3.10662582e+03,0.00000000e+00,2.29765770e-01,7.70234230e-01,0.00000000e+00
9.30930931e+01,4.08091656e-01,3.22337037e+03,3.65503449e+05,3.10677224e+03,0.00000000e+00,2.29758867e-01,7.70241133e-01,0.00000000e+00
9.31931932e+01,4.08265241e-01,3.22346615e+03,3.65684777e+05,3.10698943e+03,0.00000000e+00,2.29752568e-01,7.70247432e-01,0.00000000e+00
9.32932933e+01,4.08458422e-01,3.22351153e+03,3.65890430e+05,3.10726432e+03,0.00000000e+00,2.29747219e-01,7.70252781e-01,0.00000000e+00
9.33933934e+01,4.08665356e-01,3.22352136e+03,3.66112888e+05,3.10757656e+03,0.00000000e+00,2.29740761e-01,7.70259239e-01,0.00000000e+00
9.34934935e+01,4.08861303e-01,3.22356782e+03,3.66319487e+05,3.10783730e+03,0.00000000e+00,2.29733894e-01,7.70266106e-01,0.00000000e+00
9.35935936e+01,4.09033808e-01,3.22367268e+03,3.66503901e+05,3.10808762e+03,0.00000000e+00,2.29726650e-01,7.70273350e-01,0.00000000e+00
9.36936937e+01,4.09184026e-01,3.22381401e+03,3.66670103e+05,3.10835354e+03,0.00000000e+00,2.29721662e-01,7.70278338e-01,0.00000000e+00
9.37937938e+01,4.09316845e-01,3.22399228e+03,3.66812807e+05,3.10855335e+03,0.00000000e+00,2.29719382e-01,7.70280618e-01,0.00000000e+00
9.38938939e+01,4.09437677e-01,3.22422965e+03,3.66927843e+05,3.10860903e+03,0.00000000e+00,2.29715569e-01,7.70284431e-01,0.00000000e+00
9.39939940e+01,4.09541550e-01,3.22453881e+03,3.67012503e+05,3.10853440e+03,0.00000000e+00,2.29707448e-01,7.70292552e-01,0.00000000e+00
9.40940941e+01,4.09617353e-01,3.22490135e+03,3.67066038e+05,3.10840824e+03,0.00000000e+00,2.29696803e-01,7.70303197e-01,0.00000000e+00
9.41941942e+01,4.09658254e-01,3.22530618e+03,3.67090981e+05,3.10831074e+03,0.00000000e+00,2.29700931e-01,7.70299069e-01,0.00000000e+00
9.42942943e+01,4.10071096e-01,3.22329157e+03,3.68508089e+05,3.12014637e+03,0.00000000e+00,2.37143490e-01,7.62856510e-01,0.00000000e+00
9.43943944e+01,9.97771576e-01,1.13119315e+03,2.61337713e+06,9.18464159e+03,0.00000000e+00,3.13975809e-01,6.86024191e-01,0.00000000e+00
9.44944945e+01,1.69254211e+00,9.50110360e+01,5.44663736e+06,1.11928886e+04,0.00000000e+00,2.50874731e-01,7.49125269e-01,0.00000000e+00
9.45945946e+01,1.81532706e+00,-5.17955758e+01,6.01919095e+06,1.15046807e+04,0.00000000e+00,2.31835784e-01,7.68164216e-01,0.00000000e+00
9.46946947e+01,1.83268411e+00,-5.64427390e+01,6.08710833e+06,1.15211214e+04,0.00000000e+00,2.29681423e-01,7.70318577e-01,0.00000000e+00
9.47947948e+01,1.83556627e+00,-5.88957843e+01,6.09430119e+06,1.15165548e+04,0.00000000e+00,2.29634608e-01,7.70365392e-01,0.00000000e+00
9.48948949e+01,1.83749345e+00,-6.02582778e+01,6.10045140e+06,1.15162268e+04,0.00000000e+00,2.29729908e-01,7.70270092e-01,0.00000000e+00
9.49949950e+01,1.83872922e+00,-6.04486780e+01,6.10799154e+06,1.15225769e+04,0.00000000e+00,2.29638840e-01,7.70361160e-01,0.00000000e+00
9.50950951e+01,1.83883999e+00,-6.06232144e+01,6.11316228e+06,1.15314447e+04,0.00000000e+00,2.29508966e-01,7.70491034e-01,0.00000000e+00
9.51951952e+01,1.83840923e+00,-6.05898993e+01,6.11744878e+06,1.15421095e+04,0.00000000e+00,2.29424682e-01,7.70575318e-01,0.00000000e+00
9.52952953e+01,1.83727903e+00,-6.02973178e+01,6.12058113e+06,1.15550341e+04,0.00000000e+00,2.29364524e-01,7.70635476e-01,0.00000000e+00
9.53953954e+01,1.83536723e+00,-5.97897094e+01,6.12297073e+06,1.15716505e+04,0.00000000e+00,2.29407766e-01,7.70592234e-01,0.00000000e+00
9.54954955e+01,1.83329799e+00,-5.91306420e+01,6.12486222e+06,1.15884249e+04,0.00000000e+00,2.29498456e-01,7.70501544e-01,0.00000000e+00
9.55955956e+01,1.83204784e+00,-5.83312963e+01,6.12657394e+06,1.15998757e+04,0.00000000e+00,2.29701688e-01,7.70298312e-01,0.00000000e+00
9.56956957e+01,1.83172486e+00,-5.74145643e+01,6.12826642e+06,1.16052397e+04,0.00000000e+00,2.29777993e-01,7.70222007e-01,0.00000000e+00
9.57957958e+01,1.83245252e+00,-5.64300928e+01,6.13007157e+06,1.16046725e+04,0.00000000e+00,2.30197390e-01,7.69802610e-01,0.00000000e+00
9.58958959e+01,1.83532204e+00,-5.54440480e+01,6.13218218e+06,1.15910340e+04,0.00000000e+00,2.30544606e-01,7.69455394e-01,0.00000000e+00
9.59959960e+01,1.84199175e+00,-5.45063631e+01,6.13460112e+06,1.15552478e+04,0.00000000e+00,2.31643411e-01,7.68356589e-01,0.00000000e+00
9.60960961e+01,1.85427460e+00,-5.36819428e+01,6.13726940e+06,1.14851746e+04,0.00000000e+00,2.32645945e-01,7.67354055e-01,0.00000000e+00
9.61961962e+01,1.87397646e+00,-5.29462246e+01,6.14007805e+06,1.13716401e+04,0.00000000e+00,2.34025819e-01,7.65974181e-01,0.00000000e+00
9.62962963e+01,1.90257960e+00,-5.22551061e+01,6.14305655e+06,1.12055371e+04,0.00000000e+00,2.33624822e-01,7.66375178e-01,0.00000000e+00
9.63963964e+01,1.94113569e+00,-5.18791340e+01,6.14769913e+06,1.09869115e+04,0.00000000e+00,2.30535712e-01,7.69464288e-01,0.00000000e+00
9.64964965e+01,1.98341513e+00,-5.16611467e+01,6.15318495e+06,1.07529544e+04,0.00000000e+00,2.23755653e-01,7.76244347e-01,0.00000000e+00
9.65965966e+01,2.01991026e+00,-5.14943246e+01,6.15857898e+06,1.05607630e+04,0.00000000e+00,2.18459822e-01,7.81540178e-01,0.00000000e+00
9.66966967e+01,2.04771887e+00,-5.14964020e+01,6.16377262e+06,1.04339730e+04,0.00000000e+00,2.24330197e-01,7.75669803e-01,0.00000000e+00
9.67967968e+01,2.06770667e+00,-5.16428060e+01,6.16895959e+06,1.03482164e+04,0.00000000e+00,2.29163681e-01,7.70836319e-01,0.00000000e+00
9.68968969e+01,2.08085117e+00,-5.19423677e+01,6.17422189e+06,1.02920027e+04,0.00000000e+00,2.29454091e-01,7.70545909e-01,0.00000000e+00
9.69969970e+01,2.08816933e+00,-5.22824428e+01,6.17918183e+06,1.02639465e+04,0.00000000e+00,2.29282439e-01,7.70717561e-01,0.00000000e+00
9.70970971e+01,2.09094125e+00,-5.25158053e+01,6.18321318e+06,1.02562465e+04,0.00000000e+00,2.28688776e-01,7.71311224e-01,0.00000000e+00
9.71971972e+01,2.09104094e+00,-5.25841031e+01,6.18585100e+06,1.02566068e+04,0.00000000e+00,2.26007521e-01,7.73992479e-01,0.00000000e+00
9.72972973e+01,2.08846408e+00,-5.24515898e+01,6.18703782e+06,1.02698796e+04,0.00000000e+00,2.24979958e-01,7.75020042e-01,0.00000000e+00
9.73973974e+01,2.08052246e+00,-5.20932466e+01,6.18621757e+06,1.03039155e+04,0.00000000e+00,2.22103109e-01,7.77896891e-01,0.00000000e+00
9.74974975e+01,2.06378011e+00,-5.08011095e+01,6.18123040e+06,1.03738399e+04,0.00000000e+00,2.18121269e-01,7.81878731e-01,0.00000000e+00
9.75975976e+01,2.03468102e+00,-4.81473926e+01,6.17022441e+06,1.04984647e+04,0.00000000e+00,2.14400357e-01,7.85599643e-01,0.00000000e+00
9.76976977e+01,1.98996321e+00,-4.41345063e+01,6.15350497e+06,1.06997070e+04,0.00000000e+00,2.10318986e-01,7.89681014e-01,0.00000000e+00
9.77977978e+01,1.92673437e+00,-3.92518912e+01,6.13339308e+06,1.10096015e+04,0.00000000e+00,2.06686713e-01,7.93313287e-01,0.00000000e+00
9.78978979e+01,1.84263976e+00,-3.45204909e+01,6.11462644e+06,1.14760412e+04,0.00000000e+00,2.06145769e-01,7.93854231e-01,0.00000000e+00
9.79979980e+01,1.73462145e+00,-3.00008063e+01,6.09703504e+06,1.21589753e+04,0.00000000e+00,2.08313746e-01,7.91686254e-01,0.00000000e+00
9.80980981e+01,1.60124174e+00,-2.55004781e+01,6.08200841e+06,1.31534238e+04,0.00000000e+00,2.16694541e-01,7.83305459e-01,0.00000000e+00
9.81981982e+01,1.45886869e+00,-2.13240450e+01,6.06912213e+06,1.44363899e+04,0.00000000e+00,2.32869719e-01,7.67130281e-01,0.00000000e+00
9.82982983e+01,1.33305538e+00,-1.76014785e+01,6.05893489e+06,1.58158838e+04,0.00000000e+00,2.54315267e-01,7.45684733e-01,0.00000000e+00
9.83983984e+01,1.23139561e+00,-1.45243080e+01,6.05113024e+06,1.71367586e+04,0.00000000e+00,2.71201629e-01,7.28798371e-01,0.00000000e+00
9.84984985e+01,1.15125175e+00,-1.17426518e+01,6.04635573e+06,1.83337792e+04,0.00000000e+00,2.79035494e-01,7.20964506e-01,0.00000000e+00
9.85985986e+01,1.08909803e+00,-9.75099943e+00,6.04240389e+06,1.93620417e+04,0.00000000e+00,2.76889934e-01,7.23110066e-01,0.00000000e+00
9.86986987e+01,1.04193620e+00,-7.86468855e+00,6.04063778e+06,2.02128829e+04,0.00000000e+00,2.69358370e-01,7.30641630e-01,0.00000000e+00
9.87987988e+01,1.00659159e+00,-6.53442924e+00,6.03909624e+06,2.08905677e+04,0.00000000e+00,2.59436808e-01,7.40563192e-01,0.00000000e+00
9.88988989e+01,9.80621058e-01,-5.28079540e+00,6.03867114e+06,2.14184432e+04,0.00000000e+00,2.50776845e-01,7.49223155e-01,0.00000000e+00
9.89989990e+01,9.61777069e-01,-4.23960202e+00,6.03851884e+06,2.18181235e+04,0.00000000e+00,2.43855075e-01,7.56144925e-01,0.00000000e+00
9.90990991e+01,9.48323847e-01,-3.31654999e+00,6.03869080e+06,2.21158039e+04,0.00000000e+00,2.39466447e-01,7.60533553e-01,0.00000000e+00
9.91991992e+01,9.38865117e-01,-2.53174713e+00,6.03906234e+06,2.23280127e+04,0.00000000e+00,2.35289459e-01,7.64710541e-01,0.00000000e+00
9.92992993e+01,9.32329562e-01,-1.86314522e+00,6.03959555e+06,2.24810094e+04,0.00000000e+00,2.33380815e-01,7.66619185e-01,0.00000000e+00
9.93993994e+01,9.27917827e-01,-1.30086627e+00,6.04023884e+06,2.25857032e+04,0.00000000e+00,2.31794357e-01,7.68205643e-01,0.00000000e+00
9.94994995e+01,9.25041329e-01,-8.43835461e-01,6.04091482e+06,2.26590566e+04,0.00000000e+00,2.31995858e-01,7.68004142e-01,0.00000000e+00
9.95995996e+01,9.23261074e-01,-5.08888873e-01,6.04151425e+06,2.27037821e+04,0.00000000e+00,2.31577279e-01,7.68422721e-01,0.00000000e+00
9.96996997e+01,9.22257964e-01,-2.70568598e-01,6.04202741e+06,2.27337031e+04,0.00000000e+00,2.32707745e-01,7.67292255e-01,0.00000000e+00
9.97997998e+01,9.21787420e-01,-1.01471402e-01,6.04243558e+06,2.27418608e+04,0.00000000e+00,2.30999435e-01,7.69000565e-01,0.00000000e+00
9.98998999e+01,9.21637836e-01,-1.56302253e-02,6.04261455e+06,2.26985329e+04,0.00000000e+00,2.14616704e-01,7.85383296e-01,0.00000000e+00
1.00000000e+02,9.21637836e-01,1.56302253e-02,6.04261455e+06,2.26985329e+04,0.00000000e+00,2.14616704e-01,7.85383296e-01,0.00000000e+00
