# x(m), rho(kg/m3), u(m/s), p(Pa), T(K), Y_H2, Y_O2, Y_N2, Y_H2O
0.00000000e+00,5.80300589e+00,-1.08207281e-12,3.00000000e+06,6.00000000e+02,1.50000000e-01,2.50000000e-01,6.00000000e-01,0.00000000e+00
1.00100100e-01,5.80300589e+00,1.08207281e-12,3.00000000e+06,6.00000000e+02,1.50000000e-01,2.50000000e-01,6.00000000e-01,0.00000000e+00
2.00200200e-01,5.80300589e+00,4.15443205e-12,3.00000000e+06,6.00000000e+02,1.50000000e-01,2.50000000e-01,6.00000000e-01,0.00000000e+00
3.00300300e-01,5.80300589e+00,7.23175864e-12,3.00000000e+06,6.00000000e+02,1.50000000e-01,2.50000000e-01,6.00000000e-01,0.00000000e+00
4.00400400e-01,5.80300589e+00,1.19662916e-11,3.00000000e+06,6.00000000e+02,1.50000000e-01,2.50000000e-01,6.00000000e-01,0.00000000e+00
5.00500501e-01,5.80300589e+00,2.07314447e-11,3.00000000e+06,6.00000000e+02,1.50000000e-01,2.50000000e-01,6.00000000e-01,0.00000000e+00
6.00600601e-01,5.80300589e+00,3.51730236e-11,3.00000000e+06,6.00000000e+02,1.50000000e-01,2.50000000e-01,6.00000000e-01,0.00000000e+00
7.00700701e-01,5.80300589e+00,5.98668979e-11,3.00000000e+06,6.00000000e+02,1.50000000e-01,2.50000000e-01,6.00000000e-01,0.00000000e+00
8.00800801e-01,5.80300589e+00,1.02040680e-10,3.00000000e+06,6.00000000e+02,1.50000000e-01,2.50000000e-01,6.00000000e-01,0.00000000e+00
9.00900901e-01,5.80300589e+00,1.74259310e-10,3.00000000e+06,6.00000000e+02,1.50000000e-01,2.50000000e-01,6.00000000e-01,0.00000000e+00
1.00100100e+00,5.80300589e+00,2.98276603e-10,3.00000000e+06,6.00000000e+02,1.50000000e-01,2.50000000e-01,6.00000000e-01,0.00000000e+00
1.10110110e+00,5.80300589e+00,5.11263777e-10,3.00000000e+06,6.00000000e+02,1.50000000e-01,2.50000000e-01,6.00000000e-01,0.00000000e+00
1.20120120e+00,5.80300589e+00,8.75504549e-10,3.00000000e+06,6.00000000e+02,1.50000000e-01,2.50000000e-01,6.00000000e-01,0.00000000e+00
1.30130130e+00,5.80300589e+00,1.49578841e-09,3.00000000e+06,6.00000000e+02,1.50000000e-01,2.50000000e-01,6.00000000e-01,0.00000000e+00
1.40140140e+00,5.80300589e+00,2.54653558e-09,3.00000000e+06,6.00000000e+02,1.50000000e-01,2.50000000e-01,6.00000000e-01,0.00000000e+00
1.50150150e+00,5.80300589e+00,4.31728210e-09,3.00000000e+06,6.00000000e+02,1.50000000e-01,2.50000000e-01,6.00000000e-01,0.00000000e+00
1.60160160e+00,5.80300589e+00,7.28783772e-09,3.00000000e+06,6.00000000e+02,1.50000000e-01,2.50000000e-01,6.00000000e-01,0.00000000e+00
1.70170170e+00,5.80300589e+00,1.22487580e-08,3.00000000e+06,6.00000000e+02,1.50000000e-01,2.50000000e-01,6.00000000e-01,0.00000000e+00
1.80180180e+00,5.80300589e+00,2.04957697e-08,3.00000000e+06,6.00000000e+02,1.50000000e-01,2.50000000e-01,6.00000000e-01,0.00000000e+00
1.90190190e+00,5.80300589e+00,3.41427417e-08,3.00000000e+06,6.00000000e+02,1.50000000e-01,2.50000000e-01,6.00000000e-01,0.00000000e+00
2.00200200e+00,5.80300589e+00,5.66208746e-08,3.00000000e+06,6.00000000e+02,1.50000000e-01,2.50000000e-01,6.00000000e-01,0.00000000e+00
2.10210210e+00,5.80300589e+00,9.34686424e-08,3.00000000e+06,6.00000000e+02,1.50000000e-01,2.50000000e-01,6.00000000e-01,0.00000000e+00
2.20220220e+00,5.80300589e+00,1.53588064e-07,3.00000000e+06,6.00000000e+02,1.50000000e-01,2.50000000e-01,6.00000000e-01,0.00000000e+00
2.30230230e+00,5.80300588e+00,2.51208845e-07,3.00000000e+06,6.00000000e+02,1.50000000e-01,2.50000000e-01,6.00000000e-01,0.00000000e+00
2.40240240e+00,5.80300588e+00,4.08957634e-07,3.00000000e+06,6.00000000e+02,1.50000000e-01,2.50000000e-01,6.00000000e-01,0.00000000e+00
2.50250250e+00,5.80300588e+00,6.62621498e-07,3.00000000e+06,6.00000000e+02,1.50000000e-01,2.50000000e-01,6.00000000e-01,0.00000000e+00
2.60260260e+00,5.80300588e+00,1.06850153e-06,2.99999999e+06,6.00000000e+02,1.50000000e-01,2.50000000e-01,6.00000000e-01,0.00000000e+00
2.70270270e+00,5.80300587e+00,1.71468678e-06,2.99999999e+06,6.00000000e+02,1.50000000e-01,2.50000000e-01,6.00000000e-01,0.00000000e+00
2.80280280e+00,5.80300587e+00,2.73823389e-06,2.99999999e+06,5.99999999e+02,1.50000000e-01,2.50000000e-01,6.00000000e-01,0.00000000e+00
2.90290290e+00,5.80300586e+00,4.35119113e-06,2.99999998e+06,5.99999999e+02,1.50000000e-01,2.50000000e-01,6.00000000e-01,0.00000000e+00
3.00300300e+00,5.80300584e+00,6.87974592e-06,2.99999997e+06,5.99999998e+02,1.50000000e-01,2.50000000e-01,6.00000000e-01,0.00000000e+00
3.10310310e+00,5.80300581e+00,1.08227397e-05,2.99999995e+06,5.99999997e+02,1.50000000e-01,2.50000000e-01,6.00000000e-01,0.00000000e+00
3.20320320e+00,5.80300577e+00,1.69385291e-05,2.99999992e+06,5.99999995e+02,1.50000000e-01,2.50000000e-01,6.00000000e-01,0.00000000e+00
3.30330330e+00,5.80300571e+00,2.63730211e-05,2.99999987e+06,5.99999993e+02,1.50000000e-01,2.50000000e-01,6.00000000e-01,0.00000000e+00
3.40340340e+00,5.80300561e+00,4.08470583e-05,2.99999980e+06,5.99999988e+02,1.50000000e-01,2.50000000e-01,6.00000000e-01,0.00000000e+00
3.50350350e+00,5.80300546e+00,6.29286403e-05,2.99999969e+06,5.99999982e+02,1.50000000e-01,2.50000000e-01,6.00000000e-01,0.00000000e+00
3.60360360e+00,5.80300523e+00,9.64253727e-05,2.99999952e+06,5.99999973e+02,1.50000000e-01,2.50000000e-01,6.00000000e-01,0.00000000e+00
3.70370370e+00,5.80300488e+00,1.46945835e-04,2.99999927e+06,5.99999959e+02,1.50000000e-01,2.50000000e-01,6.00000000e-01,0.00000000e+00
3.80380380e+00,5.80300437e+00,2.22696017e-04,2.99999890e+06,5.99999937e+02,1.50000000e-01,2.50000000e-01,6.00000000e-01,0.00000000e+00
3.90390390e+00,5.80300360e+00,3.35599789e-04,2.99999834e+06,5.99999905e+02,1.50000000e-01,2.50000000e-01,6.00000000e-01,0.00000000e+00
4.00400400e+00,5.80300246e+00,5.02861433e-04,2.99999752e+06,5.99999858e+02,1.50000000e-01,2.50000000e-01,6.00000000e-01,0.00000000e+00
4.10410410e+00,5.80300078e+00,7.49124788e-04,2.99999630e+06,5.99999789e+02,1.50000000e-01,2.50000000e-01,6.00000000e-01,0.00000000e+00
4.20420420e+00,5.80299832e+00,1.10942840e-03,2.99999452e+06,5.99999687e+02,1.50000000e-01,2.50000000e-01,6.00000000e-01,0.00000000e+00
4.30430430e+00,5.80299475e+00,1.63320964e-03,2.99999194e+06,5.99999539e+02,1.50000000e-01,2.50000000e-01,6.00000000e-01,0.00000000e+00
4.40440440e+00,5.80298959e+00,2.38967309e-03,2.99998820e+06,5.99999326e+02,1.50000000e-01,2.50000000e-01,6.00000000e-01,0.00000000e+00
4.50450450e+00,5.80298218e+00,3.47490770e-03,2.99998284e+06,5.99999020e+02,1.50000000e-01,2.50000000e-01,6.00000000e-01,0.00000000e+00
4.60460460e+00,5.80297164e+00,5.02121048e-03,2.99997521e+06,5.99998583e+02,1.50000000e-01,2.50000000e-01,6.00000000e-01,0.00000000e+00
4.70470470e+00,5.80295671e+00,7.20914619e-03,2.99996441e+06,5.99997966e+02,1.50000000e-01,2.50000000e-01,6.00000000e-01,0.00000000e+00
4.80480480e+00,5.80293575e+00,1.02829323e-02,2.99994923e+06,5.99997099e+02,1.50000000e-01,2.50000000e-01,6.00000000e-01,0.00000000e+00
4.90490490e+00,5.80290651e+00,1.45697755e-02,2.99992807e+06,5.99995890e+02,1.50000000e-01,2.50000000e-01,6.00000000e-01,0.00000000e+00
5.00500501e+00,5.80286603e+00,2.05037795e-02,2.99989878e+06,5.99994216e+02,1.50000000e-01,2.50000000e-01,6.00000000e-01,0.00000000e+00
5.10510511e+00,5.80281043e+00,2.86549730e-02,2.99985854e+06,5.99991916e+02,1.50000000e-01,2.50000000e-01,6.00000000e-01,0.00000000e+00
5.20520521e+00,5.80273466e+00,3.97638429e-02,2.99980370e+06,5.99988782e+02,1.50000000e-01,2.50000000e-01,6.00000000e-01,0.00000000e+00
5.30530531e+00,5.80263223e+00,5.47814700e-02,2.99972956e+06,5.99984546e+02,1.50000000e-01,2.50000000e-01,6.00000000e-01,0.00000000e+00
5.40540541e+00,5.80249490e+00,7.49149256e-02,2.99963017e+06,5.99978866e+02,1.50000000e-01,2.50000000e-01,6.00000000e-01,0.00000000e+00
5.50550551e+00,5.80231237e+00,1.01676971e-01,2.99949807e+06,5.99971317e+02,1.50000000e-01,2.50000000e-01,6.00000000e-01,0.00000000e+00
5.60560561e+00,5.80207187e+00,1.36938298e-01,2.99932402e+06,5.99961370e+02,1.50000000e-01,2.50000000e-01,6.00000000e-01,0.00000000e+00
5.70570571e+00,5.80175786e+00,1.82979587e-01,2.99909677e+06,5.99948382e+02,1.50000000e-01,2.50000000e-01,6.00000000e-01,0.00000000e+00
5.80580581e+00,5.80135167e+00,2.42539555e-01,2.99880282e+06,5.99931581e+02,1.50000000e-01,2.50000000e-01,6.00000000e-01,0.00000000e+00
5.90590591e+00,5.80083126e+00,3.18854067e-01,2.99842621e+06,5.99910054e+02,1.50000000e-01,2.50000000e-01,6.00000000e-01,0.00000000e+00
6.00600601e+00,5.80017101e+00,4.15680416e-01,2.99794844e+06,5.99882742e+02,1.50000000e-01,2.50000000e-01,6.00000000e-01,0.00000000e+00
6.10610611e+00,5.79934178e+00,5.37300202e-01,2.99734842e+06,5.99848437e+02,1.50000000e-01,2.50000000e-01,6.00000000e-01,0.00000000e+00
6.20620621e+00,5.79831104e+00,6.88494209e-01,2.99660264e+06,5.99805792e+02,1.50000000e-01,2.50000000e-01,6.00000000e-01,0.00000000e+00
6.30630631e+00,5.79704328e+00,8.74483359e-01,2.99568544e+06,5.99753336e+02,1.50000000e-01,2.50000000e-01,6.00000000e-01,0.00000000e+00
6.40640641e+00,5.79550071e+00,1.10083160e+00,2.99456953e+06,5.99689500e+02,1.50000000e-01,2.50000000e-01,6.00000000e-01,0.00000000e+00
6.50650651e+00,5.79364420e+00,1.37330932e+00,2.99322668e+06,5.99612660e+02,1.50000000e-01,2.50000000e-01,6.00000000e-01,0.00000000e+00
6.60660661e+00,5.79143446e+00,1.69771972e+00,2.99162856e+06,5.99521182e+02,1.50000000e-01,2.50000000e-01,6.00000000e-01,0.00000000e+00
6.70670671e+00,5.78883346e+00,2.07969485e+00,2.98974780e+06,5.99413481e+02,1.50000000e-01,2.50000000e-01,6.00000000e-01,0.00000000e+00
6.80680681e+00,5.78580598e+00,2.52447273e+00,2.98755908e+06,5.99288085e+02,1.50000000e-01,2.50000000e-01,6.00000000e-01,0.00000000e+00
6.90690691e+00,5.78232114e+00,3.03667064e+00,2.98504029e+06,5.99143700e+02,1.50000000e-01,2.50000000e-01,6.00000000e-01,0.00000000e+00
7.00700701e+00,5.77835389e+00,3.62007249e+00,2.98217357e+06,5.98979264e+02,1.50000000e-01,2.50000000e-01,6.00000000e-01,0.00000000e+00
7.10710711e+00,5.77388619e+00,4.27744849e+00,2.97894618e+06,5.98794006e+02,1.50000000e-01,2.50000000e-01,6.00000000e-01,0.00000000e+00
7.20720721e+00,5.76890795e+00,5.01042365e+00,2.97535116e+06,5.98587477e+02,1.50000000e-01,2.50000000e-01,6.00000000e-01,0.00000000e+00
7.30730731e+00,5.76341746e+00,5.81940760e+00,2.97138766e+06,5.98359574e+02,1.50000000e-01,2.50000000e-01,6.00000000e-01,0.00000000e+00
7.40740741e+00,5.75742137e+00,6.70359197e+00,2.96706090e+06,5.98110534e+02,1.50000000e-01,2.50000000e-01,6.00000000e-01,0.00000000e+00
7.50750751e+00,5.75093426e+00,7.66101503e+00,2.96238184e+06,5.97840924e+02,1.50000000e-01,2.50000000e-01,6.00000000e-01,0.00000000e+00
7.60760761e+00,5.74397769e+00,8.68868630e+00,2.95736651e+06,5.97551598e+02,1.50000000e-01,2.50000000e-01,6.00000000e-01,0.00000000e+00
7.70770771e+00,5.73657907e+00,9.78275806e+00,2.95203513e+06,5.97243654e+02,1.50000000e-01,2.50000000e-01,6.00000000e-01,0.00000000e+00
7.80780781e+00,5.72877017e+00,1.09387275e+01,2.94641108e+06,5.96918372e+02,1.50000000e-01,2.50000000e-01,6.00000000e-01,0.00000000e+00
7.90790791e+00,5.72058572e+00,1.21516514e+01,2.94051981e+06,5.96577156e+02,1.50000000e-01,2.50000000e-01,6.00000000e-01,0.00000000e+00
8.00800801e+00,5.71206186e+00,1.34163565e+01,2.93438781e+06,5.96221474e+02,1.50000000e-01,2.50000000e-01,6.00000000e-01,0.00000000e+00
8.10810811e+00,5.70323490e+00,1.47276313e+01,2.92804159e+06,5.95852805e+02,1.50000000e-01,2.50000000e-01,6.00000000e-01,0.00000000e+00
8.20820821e+00,5.69414017e+00,1.60803900e+01,2.92150694e+06,5.95472589e+02,1.50000000e-01,2.50000000e-01,6.00000000e-01,0.00000000e+00
8.30830831e+00,5.68481115e+00,1.74698010e+01,2.91480826e+06,5.95082195e+02,1.50000000e-01,2.50000000e-01,6.00000000e-01,0.00000000e+00
8.40840841e+00,5.67527883e+00,1.88913806e+01,2.90796812e+06,5.94682892e+02,1.50000000e-01,2.50000000e-01,6.00000000e-01,0.00000000e+00
8.50850851e+00,5.66557135e+00,2.03410526e+01,2.90100700e+06,5.94275834e+02,1.50000000e-01,2.50000000e-01,6.00000000e-01,0.00000000e+00
8.60860861e+00,5.65571379e+00,2.18151771e+01,2.89394311e+06,5.93862050e+02,1.50000000e-01,2.50000000e-01,6.00000000e-01,0.00000000e+00
8.70870871e+00,5.64572814e+00,2.33105574e+01,2.88679245e+06,5.93442446e+02,1.50000000e-01,2.50000000e-01,6.00000000e-01,0.00000000e+00
8.80880881e+00,5.63563342e+00,2.48244271e+01,2.87956880e+06,5.93017802e+02,1.50000000e-01,2.50000000e-01,6.00000000e-01,0.00000000e+00
8.90890891e+00,5.62544584e+00,2.63544276e+01,2.87228394e+06,5.92588787e+02,1.50000000e-01,2.50000000e-01,6.00000000e-01,0.00000000e+00
9.00900901e+00,5.61517899e+00,2.78985790e+01,2.86494773e+06,5.92155960e+02,1.50000000e-01,2.50000000e-01,6.00000000e-01,0.00000000e+00
9.10910911e+00,5.60484409e+00,2.94552511e+01,2.85756829e+06,5.91719782e+02,1.50000000e-01,2.50000000e-01,6.00000000e-01,0.00000000e+00
9.20920921e+00,5.59445013e+00,3.10231386e+01,2.85015217e+06,5.91280624e+02,1.50000000e-01,2.50000000e-01,6.00000000e-01,0.00000000e+00
9.30930931e+00,5.58400402e+00,3.26012447e+01,2.84270438e+06,5.90838767e+02,1.50000000e-01,2.50000000e-01,6.00000000e-01,0.00000000e+00
9.40940941e+00,5.57351060e+00,3.41888788e+01,2.83522846e+06,5.90394408e+02,1.50000000e-01,2.50000000e-01,6.00000000e-01,0.00000000e+00
9.50950951e+00,5.56297257e+00,3.57856765e+01,2.82772640e+06,5.89947649e+02,1.50000000e-01,2.50000000e-01,6.00000000e-01,0.00000000e+00
9.60960961e+00,5.55239046e+00,3.73916595e+01,2.82019835e+06,5.89498442e+02,1.50000000e-01,2.50000000e-01,6.00000000e-01,0.00000000e+00
9.70970971e+00,5.54177595e+00,3.90056607e+01,2.81265146e+06,5.89047018e+02,1.50000000e-01,2.50000000e-01,6.00000000e-01,0.00000000e+00
9.80980981e+00,5.53114634e+00,4.06232635e+01,2.80510152e+06,5.88594827e+02,1.50000000e-01,2.50000000e-01,6.00000000e-01,0.00000000e+00
9.90990991e+00,5.52052053e+00,4.22450347e+01,2.79755929e+06,5.88142112e+02,1.50000000e-01,2.50000000e-01,6.00000000e-01,0.00000000e+00
1.00100100e+01,5.50987754e+00,4.38676222e+01,2.79001127e+06,5.87688263e+02,1.50000000e-01,2.50000000e-01,6.00000000e-01,0.00000000e+00
1.01101101e+01,5.49925038e+00,4.54954099e+01,2.78248075e+06,5.87234661e+02,1.50000000e-01,2.50000000e-01,6.00000000e-01,0.00000000e+00
1.02102102e+01,5.48860763e+00,4.71230926e+01,2.77494430e+06,5.86779715e+02,1.50000000e-01,2.50000000e-01,6.00000000e-01,0.00000000e+00
1.03103103e+01,5.47798472e+00,4.87554653e+01,2.76742851e+06,5.86325255e+02,1.50000000e-01,2.50000000e-01,6.00000000e-01,0.00000000e+00
1.04104104e+01,5.46734631e+00,5.03867102e+01,2.75990693e+06,5.85869460e+02,1.50000000e-01,2.50000000e-01,6.00000000e-01,0.00000000e+00
1.05105105e+01,5.45673428e+00,5.20230137e+01,2.75241045e+06,5.85414398e+02,1.50000000e-01,2.50000000e-01,6.00000000e-01,0.00000000e+00
1.06106106e+01,5.44610683e+00,5.36576536e+01,2.74490825e+06,5.84957999e+02,1.50000000e-01,2.50000000e-01,6.00000000e-01,0.00000000e+00
1.07107107e+01,5.43550858e+00,5.52970825e+01,2.73743320e+06,5.84502472e+02,1.50000000e-01,2.50000000e-01,6.00000000e-01,0.00000000e+00
1.08108108e+01,5.42489507e+00,5.69342267e+01,2.72995251e+06,5.84045600e+02,1.50000000e-01,2.50000000e-01,6.00000000e-01,0.00000000e+00
1.09109109e+01,5.41431441e+00,5.85763414e+01,2.72250153e+06,5.83589766e+02,1.50000000e-01,2.50000000e-01,6.00000000e-01,0.00000000e+00
1.10110110e+01,5.40371874e+00,6.02158233e+01,2.71504506e+06,5.83132588e+02,1.50000000e-01,2.50000000e-01,6.00000000e-01,0.00000000e+00
1.11111111e+01,5.39315783e+00,6.18601303e+01,2.70761964e+06,5.82676539e+02,1.50000000e-01,2.50000000e-01,6.00000000e-01,0.00000000e+00
1.12112112e+01,5.38258197e+00,6.35014160e+01,2.70018875e+06,5.82219138e+02,1.50000000e-01,2.50000000e-01,6.00000000e-01,0.00000000e+00
1.13113113e+01,5.37204308e+00,6.51476155e+01,2.69279044e+06,5.81762973e+02,1.50000000e-01,2.50000000e-01,6.00000000e-01,0.00000000e+00
1.14114114e+01,5.36148950e+00,6.67905631e+01,2.68538681e+06,5.81305455e+02,1.50000000e-01,2.50000000e-01,6.00000000e-01,0.00000000e+00
1.15115115e+01,5.35097413e+00,6.84383428e+01,2.67801662e+06,5.80849238e+02,1.50000000e-01,2.50000000e-01,6.00000000e-01,0.00000000e+00
1.16116116e+01,5.34044414e+00,7.00826228e+01,2.67064114e+06,5.80391662e+02,1.50000000e-01,2.50000000e-01,6.00000000e-01,0.00000000e+00
1.17117117e+01,5.32995369e+00,7.17317749e+01,2.66330000e+06,5.79935454e+02,1.50000000e-01,2.50000000e-01,6.00000000e-01,0.00000000e+00
1.18118118e+01,5.31944887e+00,7.33772725e+01,2.65595371e+06,5.79477889e+02,1.50000000e-01,2.50000000e-01,6.00000000e-01,0.00000000e+00
1.19119119e+01,5.30898442e+00,7.50275933e+01,2.64864231e+06,5.79021737e+02,1.50000000e-01,2.50000000e-01,6.00000000e-01,0.00000000e+00
1.20120120e+01,5.29850567e+00,7.66740992e+01,2.64132578e+06,5.78564223e+02,1.50000000e-01,2.50000000e-01,6.00000000e-01,0.00000000e+00
1.21121121e+01,5.28806809e+00,7.83254428e+01,2.63404468e+06,5.78108168e+02,1.50000000e-01,2.50000000e-01,6.00000000e-01,0.00000000e+00
1.22122122e+01,5.27761644e+00,7.99728662e+01,2.62675858e+06,5.77650750e+02,1.50000000e-01,2.50000000e-01,6.00000000e-01,0.00000000e+00
1.23123123e+01,5.26720647e+00,8.16250958e+01,2.61950822e+06,5.77194826e+02,1.50000000e-01,2.50000000e-01,6.00000000e-01,0.00000000e+00
1.24124124e+01,5.25678253e+00,8.32733002e+01,2.61225291e+06,5.76737535e+02,1.50000000e-01,2.50000000e-01,6.00000000e-01,0.00000000e+00
1.25125125e+01,5.24640076e+00,8.49263116e+01,2.60503364e+06,5.76281768e+02,1.50000000e-01,2.50000000e-01,6.00000000e-01,0.00000000e+00
1.26126126e+01,5.23600522e+00,8.65752259e+01,2.59780952e+06,5.75824634e+02,1.50000000e-01,2.50000000e-01,6.00000000e-01,0.00000000e+00
1.27127127e+01,5.22565216e+00,8.82289248e+01,2.59062163e+06,5.75369050e+02,1.50000000e-01,2.50000000e-01,6.00000000e-01,0.00000000e+00
1.28128128e+01,5.21528543e+00,8.98784575e+01,2.58342894e+06,5.74912095e+02,1.50000000e-01,2.50000000e-01,6.00000000e-01,0.00000000e+00
1.29129129e+01,5.20496146e+00,9.15327684e+01,2.57627263e+06,5.74456712e+02,1.50000000e-01,2.50000000e-01,6.00000000e-01,0.00000000e+00
1.30130130e+01,5.19462401e+00,9.31828643e+01,2.56911161e+06,5.73999958e+02,1.50000000e-01,2.50000000e-01,6.00000000e-01,0.00000000e+00
1.31131131e+01,5.18432949e+00,9.48377204e+01,2.56198705e+06,5.73544793e+02,1.50000000e-01,2.50000000e-01,6.00000000e-01,0.00000000e+00
1.32132132e+01,5.17402162e+00,9.64883164e+01,2.55485784e+06,5.73088255e+02,1.50000000e-01,2.50000000e-01,6.00000000e-01,0.00000000e+00
1.33133133e+01,5.16375679e+00,9.81436624e+01,2.54776513e+06,5.72633324e+02,1.50000000e-01,2.50000000e-01,6.00000000e-01,0.00000000e+00
1.34134134e+01,5.15347878e+00,9.97947156e+01,2.54066787e+06,5.72177018e+02,1.50000000e-01,2.50000000e-01,6.00000000e-01,0.00000000e+00
1.35135135e+01,5.14324391e+00,1.01450503e+02,2.53360712e+06,5.71722333e+02,1.50000000e-01,2.50000000e-01,6.00000000e-01,0.00000000e+00
1.36136136e+01,5.13299597e+00,1.03101969e+02,2.52654187e+06,5.71266272e+02,1.50000000e-01,2.50000000e-01,6.00000000e-01,0.00000000e+00
1.37137137e+01,5.12279121e+00,1.04758157e+02,2.51951312e+06,5.70811842e+02,1.50000000e-01,2.50000000e-01,6.00000000e-01,0.00000000e+00
1.38138138e+01,5.11257356e+00,1.06410001e+02,2.51247995e+06,5.70356036e+02,1.50000000e-01,2.50000000e-01,6.00000000e-01,0.00000000e+00
1.39139139e+01,5.10239907e+00,1.08066554e+02,2.50548323e+06,5.69901873e+02,1.50000000e-01,2.50000000e-01,6.00000000e-01,0.00000000e+00
1.40140140e+01,5.09221183e+00,1.09718745e+02,2.49848217e+06,5.69446332e+02,1.50000000e-01,2.50000000e-01,6.00000000e-01,0.00000000e+00
1.41141141e+01,5.08206773e+00,1.11375631e+02,2.49151749e+06,5.68992442e+02,1.50000000e-01,2.50000000e-01,6.00000000e-01,0.00000000e+00
1.42142142e+01,5.07191103e+00,1.13028143e+02,2.48454854e+06,5.68537174e+02,1.50000000e-01,2.50000000e-01,6.00000000e-01,0.00000000e+00
1.43143143e+01,5.06179742e+00,1.14685335e+02,2.47761590e+06,5.68083565e+02,1.50000000e-01,2.50000000e-01,6.00000000e-01,0.00000000e+00
1.44144144e+01,5.05167135e+00,1.16338144e+02,2.47067906e+06,5.67628577e+02,1.50000000e-01,2.50000000e-01,6.00000000e-01,0.00000000e+00
1.45145145e+01,5.04158830e+00,1.17995619e+02,2.46377842e+06,5.67175256e+02,1.50000000e-01,2.50000000e-01,6.00000000e-01,0.00000000e+00
1.46146146e+01,5.03149293e+00,1.19648703e+02,2.45687366e+06,5.66720555e+02,1.50000000e-01,2.50000000e-01,6.00000000e-01,0.00000000e+00
1.47147147e+01,5.02144051e+00,1.21306440e+02,2.45000500e+06,5.66267526e+02,1.50000000e-01,2.50000000e-01,6.00000000e-01,0.00000000e+00
1.48148148e+01,5.01137590e+00,1.22959782e+02,2.44313230e+06,5.65813117e+02,1.50000000e-01,2.50000000e-01,6.00000000e-01,0.00000000e+00
1.49149149e+01,5.00135414e+00,1.24617763e+02,2.43629557e+06,5.65360385e+02,1.50000000e-01,2.50000000e-01,6.00000000e-01,0.00000000e+00
1.50150150e+01,4.99132034e+00,1.26271347e+02,2.42945486e+06,5.64906273e+02,1.50000000e-01,2.50000000e-01,6.00000000e-01,0.00000000e+00
1.51151151e+01,4.98132927e+00,1.27929555e+02,2.42265001e+06,5.64453843e+02,1.50000000e-01,2.50000000e-01,6.00000000e-01,0.00000000e+00
1.52152152e+01,4.97132630e+00,1.29583366e+02,2.41584125e+06,5.64000033e+02,1.50000000e-01,2.50000000e-01,6.00000000e-01,0.00000000e+00
1.53153153e+01,4.96136594e+00,1.31241788e+02,2.40906820e+06,5.63547908e+02,1.50000000e-01,2.50000000e-01,6.00000000e-01,0.00000000e+00
1.54154154e+01,4.95139382e+00,1.32895813e+02,2.40229133e+06,5.63094403e+02,1.50000000e-01,2.50000000e-01,6.00000000e-01,0.00000000e+00
1.55155155e+01,4.94146417e+00,1.34554435e+02,2.39555003e+06,5.62642587e+02,1.50000000e-01,2.50000000e-01,6.00000000e-01,0.00000000e+00
1.56156156e+01,4.93152290e+00,1.36208664e+02,2.38880497e+06,5.62189391e+02,1.50000000e-01,2.50000000e-01,6.00000000e-01,0.00000000e+00
1.57157157e+01,4.92162397e+00,1.37867475e+02,2.38209533e+06,5.61737887e+02,1.50000000e-01,2.50000000e-01,6.00000000e-01,0.00000000e+00
1.58158158e+01,4.91171356e+00,1.39521896e+02,2.37538201e+06,5.61285002e+02,1.50000000e-01,2.50000000e-01,6.00000000e-01,0.00000000e+00
1.59159159e+01,4.90184533e+00,1.41180886e+02,2.36870396e+06,5.60833813e+02,1.50000000e-01,2.50000000e-01,6.00000000e-01,0.00000000e+00
1.60160160e+01,4.89196577e+00,1.42835492e+02,2.36202230e+06,5.60381243e+02,1.50000000e-01,2.50000000e-01,6.00000000e-01,0.00000000e+00
1.61161161e+01,4.88212823e+00,1.44494652e+02,2.35537575e+06,5.59930371e+02,1.50000000e-01,2.50000000e-01,6.00000000e-01,0.00000000e+00
1.62162162e+01,4.87227949e+00,1.46149433e+02,2.34872566e+06,5.59478118e+02,1.50000000e-01,2.50000000e-01,6.00000000e-01,0.00000000e+00
1.63163163e+01,4.86247263e+00,1.47808754e+02,2.34211053e+06,5.59027565e+02,1.50000000e-01,2.50000000e-01,6.00000000e-01,0.00000000e+00
1.64164164e+01,4.85265470e+00,1.49463704e+02,2.33549192e+06,5.58575633e+02,1.50000000e-01,2.50000000e-01,6.00000000e-01,0.00000000e+00
1.65165165e+01,4.84287848e+00,1.51123179e+02,2.32890811e+06,5.58125400e+02,1.50000000e-01,2.50000000e-01,6.00000000e-01,0.00000000e+00
1.66166166e+01,4.83309133e+00,1.52778291e+02,2.32232089e+06,5.57673789e+02,1.50000000e-01,2.50000000e-01,6.00000000e-01,0.00000000e+00
1.67167167e+01,4.82334573e+00,1.54437913e+02,2.31576830e+06,5.57223879e+02,1.50000000e-01,2.50000000e-01,6.00000000e-01,0.00000000e+00
1.68168168e+01,4.81358933e+00,1.56093180e+02,2.30921238e+06,5.56772592e+02,1.50000000e-01,2.50000000e-01,6.00000000e-01,0.00000000e+00
1.69169169e+01,4.80387432e+00,1.57752945e+02,2.30269093e+06,5.56323007e+02,1.50000000e-01,2.50000000e-01,6.00000000e-01,0.00000000e+00
1.70170170e+01,4.79414863e+00,1.59408361e+02,2.29616621e+06,5.55872045e+02,1.50000000e-01,2.50000000e-01,6.00000000e-01,0.00000000e+00
1.71171171e+01,4.78446416e+00,1.61068262e+02,2.28967578e+06,5.55422785e+02,1.50000000e-01,2.50000000e-01,6.00000000e-01,0.00000000e+00
1.72172172e+01,4.77476916e+00,1.62723823e+02,2.28318216e+06,5.54972150e+02,1.50000000e-01,2.50000000e-01,6.00000000e-01,0.00000000e+00
1.73173173e+01,4.76511519e+00,1.64383854e+02,2.27672267e+06,5.54523218e+02,1.50000000e-01,2.50000000e-01,6.00000000e-01,0.00000000e+00
1.74174174e+01,4.75545083e+00,1.66039557e+02,2.27026005e+06,5.54072912e+02,1.50000000e-01,2.50000000e-01,6.00000000e-01,0.00000000e+00
1.75175175e+01,4.74582732e+00,1.67699714e+02,2.26383138e+06,5.53624308e+02,1.50000000e-01,2.50000000e-01,6.00000000e-01,0.00000000e+00
1.76176176e+01,4.73619355e+00,1.69355552e+02,2.25739966e+06,5.53174331e+02,1.50000000e-01,2.50000000e-01,6.00000000e-01,0.00000000e+00
1.77177177e+01,4.72660047e+00,1.71015831e+02,2.25100171e+06,5.52726057e+02,1.50000000e-01,2.50000000e-01,6.00000000e-01,0.00000000e+00
1.78178178e+01,4.71699725e+00,1.72671802e+02,2.24460078e+06,5.52276411e+02,1.50000000e-01,2.50000000e-01,6.00000000e-01,0.00000000e+00
1.79179179e+01,4.70743453e+00,1.74332199e+02,2.23823345e+06,5.51828467e+02,1.50000000e-01,2.50000000e-01,6.00000000e-01,0.00000000e+00
1.80180180e+01,4.69786181e+00,1.75988298e+02,2.23186321e+06,5.51379153e+02,1.50000000e-01,2.50000000e-01,6.00000000e-01,0.00000000e+00
1.81181181e+01,4.68832942e+00,1.77648810e+02,2.22552640e+06,5.50931541e+02,1.50000000e-01,2.50000000e-01,6.00000000e-01,0.00000000e+00
1.82182182e+01,4.67878716e+00,1.79305035e+02,2.21918673e+06,5.50482560e+02,1.50000000e-01,2.50000000e-01,6.00000000e-01,0.00000000e+00
1.83183183e+01,4.66928504e+00,1.80965657e+02,2.21288032e+06,5.50035281e+02,1.50000000e-01,2.50000000e-01,6.00000000e-01,0.00000000e+00
1.84184184e+01,4.65977317e+00,1.82622005e+02,2.20657113e+06,5.49586634e+02,1.50000000e-01,2.50000000e-01,6.00000000e-01,0.00000000e+00
1.85185185e+01,4.65030127e+00,1.84282736e+02,2.20029502e+06,5.49139688e+02,1.50000000e-01,2.50000000e-01,6.00000000e-01,0.00000000e+00
1.86186186e+01,4.64081975e+00,1.85939202e+02,2.19401619e+06,5.48691377e+02,1.50000000e-01,2.50000000e-01,6.00000000e-01,0.00000000e+00
1.87187187e+01,4.63137802e+00,1.87600039e+02,2.18777027e+06,5.48244764e+02,1.50000000e-01,2.50000000e-01,6.00000000e-01,0.00000000e+00
1.88188188e+01,4.62192679e+00,1.89256622e+02,2.18152170e+06,5.47796789e+02,1.50000000e-01,2.50000000e-01,6.00000000e-01,0.00000000e+00
1.89189189e+01,4.61251517e+00,1.90917561e+02,2.17530586e+06,5.47350511e+02,1.50000000e-01,2.50000000e-01,6.00000000e-01,0.00000000e+00
1.90190190e+01,4.60309419e+00,1.92574260e+02,2.16908744e+06,5.46902873e+02,1.50000000e-01,2.50000000e-01,6.00000000e-01,0.00000000e+00
1.91191191e+01,4.59371262e+00,1.94235299e+02,2.16290156e+06,5.46456930e+02,1.50000000e-01,2.50000000e-01,6.00000000e-01,0.00000000e+00
1.92192192e+01,4.58432182e+00,1.95892109e+02,2.15671318e+06,5.46009629e+02,1.50000000e-01,2.50000000e-01,6.00000000e-01,0.00000000e+00
1.93193193e+01,4.57497025e+00,1.97553246e+02,2.15055716e+06,5.45564023e+02,1.50000000e-01,2.50000000e-01,6.00000000e-01,0.00000000e+00
1.94194194e+01,4.56560957e+00,1.99210167e+02,2.14439871e+06,5.45117060e+02,1.50000000e-01,2.50000000e-01,6.00000000e-01,0.00000000e+00
1.95195195e+01,4.55628795e+00,2.00871400e+02,2.13827244e+06,5.44671790e+02,1.50000000e-01,2.50000000e-01,6.00000000e-01,0.00000000e+00
1.96196196e+01,4.54695734e+00,2.02528428e+02,2.13214381e+06,5.44225166e+02,1.50000000e-01,2.50000000e-01,6.00000000e-01,0.00000000e+00
1.97197197e+01,4.53766560e+00,2.04189755e+02,2.12604718e+06,5.43780233e+02,1.50000000e-01,2.50000000e-01,6.00000000e-01,0.00000000e+00
1.98198198e+01,4.52836499e+00,2.05846890e+02,2.11994825e+06,5.43333949e+02,1.50000000e-01,2.50000000e-01,6.00000000e-01,0.00000000e+00
1.99199199e+01,4.51910308e+00,2.07508308e+02,2.11388115e+06,5.42889354e+02,1.50000000e-01,2.50000000e-01,6.00000000e-01,0.00000000e+00
2.00200200e+01,4.50983243e+00,2.09165548e+02,2.10781182e+06,5.42443410e+02,1.50000000e-01,2.50000000e-01,6.00000000e-01,0.00000000e+00
2.01201201e+01,4.50060028e+00,2.10827056e+02,2.10177413e+06,5.41999152e+02,1.50000000e-01,2.50000000e-01,6.00000000e-01,0.00000000e+00
2.02202202e+01,4.49135951e+00,2.12484399e+02,2.09573429e+06,5.41553549e+02,1.50000000e-01,2.50000000e-01,6.00000000e-01,0.00000000e+00
2.03203203e+01,4.48215707e+00,2.14145996e+02,2.08972591e+06,5.41109630e+02,1.50000000e-01,2.50000000e-01,6.00000000e-01,0.00000000e+00
2.04204204e+01,4.47294613e+00,2.15803439e+02,2.08371544e+06,5.40664369e+02,1.50000000e-01,2.50000000e-01,6.00000000e-01,0.00000000e+00
2.05205205e+01,4.46377333e+00,2.17465124e+02,2.07773626e+06,5.40220788e+02,1.50000000e-01,2.50000000e-01,6.00000000e-01,0.00000000e+00
2.06206206e+01,4.45459215e+00,2.19122667e+02,2.07175505e+06,5.39775869e+02,1.50000000e-01,2.50000000e-01,6.00000000e-01,0.00000000e+00
2.07207207e+01,4.44544894e+00,2.20784436e+02,2.06580495e+06,5.39332627e+02,1.50000000e-01,2.50000000e-01,6.00000000e-01,0.00000000e+00
2.08208208e+01,4.43629747e+00,2.22442078e+02,2.05985289e+06,5.38888050e+02,1.50000000e-01,2.50000000e-01,6.00000000e-01,0.00000000e+00
2.09209209e+01,4.42718377e+00,2.24103932e+02,2.05393176e+06,5.38445148e+02,1.50000000e-01,2.50000000e-01,6.00000000e-01,0.00000000e+00
2.10210210e+01,4.41806194e+00,2.25761671e+02,2.04800875e+06,5.38000914e+02,1.50000000e-01,2.50000000e-01,6.00000000e-01,0.00000000e+00
2.11211211e+01,4.40897771e+00,2.27423607e+02,2.04211648e+06,5.37558352e+02,1.50000000e-01,2.50000000e-01,6.00000000e-01,0.00000000e+00
2.12212212e+01,4.39988546e+00,2.29081442e+02,2.03622239e+06,5.37114461e+02,1.50000000e-01,2.50000000e-01,6.00000000e-01,0.00000000e+00
2.13213213e+01,4.39083062e+00,2.30743460e+02,2.03035888e+06,5.36672239e+02,1.50000000e-01,2.50000000e-01,6.00000000e-01,0.00000000e+00
2.14214214e+01,4.38176789e+00,2.32401390e+02,2.02449361e+06,5.36228692e+02,1.50000000e-01,2.50000000e-01,6.00000000e-01,0.00000000e+00
2.15215215e+01,4.37274238e+00,2.34063489e+02,2.01865873e+06,5.35786811e+02,1.50000000e-01,2.50000000e-01,6.00000000e-01,0.00000000e+00
2.16216216e+01,4.36370910e+00,2.35721512e+02,2.01282216e+06,5.35343608e+02,1.50000000e-01,2.50000000e-01,6.00000000e-01,0.00000000e+00
2.17217217e+01,4.35471287e+00,2.37383690e+02,2.00701581e+06,5.34902067e+02,1.50000000e-01,2.50000000e-01,6.00000000e-01,0.00000000e+00
2.18218218e+01,4.34570897e+00,2.39041806e+02,2.00120784e+06,5.34459209e+02,1.50000000e-01,2.50000000e-01,6.00000000e-01,0.00000000e+00
2.19219219e+01,4.33674195e+00,2.40704063e+02,1.99542991e+06,5.34018009e+02,1.50000000e-01,2.50000000e-01,6.00000000e-01,0.00000000e+00
2.20220220e+01,4.32776738e+00,2.42362270e+02,1.98965042e+06,5.33575496e+02,1.50000000e-01,2.50000000e-01,6.00000000e-01,0.00000000e+00
2.21221221e+01,4.31882950e+00,2.44024605e+02,1.98390079e+06,5.33134637e+02,1.50000000e-01,2.50000000e-01,6.00000000e-01,0.00000000e+00
2.22222222e+01,4.30988418e+00,2.45682903e+02,1.97814968e+06,5.32692469e+02,1.50000000e-01,2.50000000e-01,6.00000000e-01,0.00000000e+00
2.23223223e+01,4.30097538e+00,2.47345314e+02,1.97242824e+06,5.32251952e+02,1.50000000e-01,2.50000000e-01,6.00000000e-01,0.00000000e+00
2.24224224e+01,4.29205926e+00,2.49003702e+02,1.96670539e+06,5.31810130e+02,1.50000000e-01,2.50000000e-01,6.00000000e-01,0.00000000e+00
2.25225225e+01,4.28317948e+00,2.50666188e+02,1.96101204e+06,5.31369954e+02,1.50000000e-01,2.50000000e-01,6.00000000e-01,0.00000000e+00
2.26226226e+01,4.27429249e+00,2.52324665e+02,1.95531734e+06,5.30928478e+02,1.50000000e-01,2.50000000e-01,6.00000000e-01,0.00000000e+00
2.27227227e+01,4.26544165e+00,2.53987227e+02,1.94965196e+06,5.30488645e+02,1.50000000e-01,2.50000000e-01,6.00000000e-01,0.00000000e+00
2.28228228e+01,4.25658373e+00,2.55645793e+02,1.94398530e+06,5.30047515e+02,1.50000000e-01,2.50000000e-01,6.00000000e-01,0.00000000e+00
2.29229229e+01,4.24776178e+00,2.57308428e+02,1.93834778e+06,5.29608023e+02,1.50000000e-01,2.50000000e-01,6.00000000e-01,0.00000000e+00
2.30230230e+01,4.23893285e+00,2.58967082e+02,1.93270905e+06,5.29167240e+02,1.50000000e-01,2.50000000e-01,6.00000000e-01,0.00000000e+00
2.31231231e+01,4.23013973e+00,2.60629791e+02,1.92709929e+06,5.28728091e+02,1.50000000e-01,2.50000000e-01,6.00000000e-01,0.00000000e+00
2.32232232e+01,4.22133974e+00,2.62288531e+02,1.92148837e+06,5.28287655e+02,1.50000000e-01,2.50000000e-01,6.00000000e-01,0.00000000e+00
2.33233233e+01,4.21257537e+00,2.63951313e+02,1.91590625e+06,5.27848848e+02,1.50000000e-01,2.50000000e-01,6.00000000e-01,0.00000000e+00
2.34234234e+01,4.20380424e+00,2.65610139e+02,1.91032305e+06,5.27408759e+02,1.50000000e-01,2.50000000e-01,6.00000000e-01,0.00000000e+00
2.35235235e+01,4.19506856e+00,2.67272992e+02,1.90476846e+06,5.26970295e+02,1.50000000e-01,2.50000000e-01,6.00000000e-01,0.00000000e+00
2.36236236e+01,4.18632624e+00,2.68931904e+02,1.89921285e+06,5.26530553e+02,1.50000000e-01,2.50000000e-01,6.00000000e-01,0.00000000e+00
2.37237237e+01,4.17761920e+00,2.70594829e+02,1.89368569e+06,5.26092432e+02,1.50000000e-01,2.50000000e-01,6.00000000e-01,0.00000000e+00
2.38238238e+01,4.16890561e+00,2.72253825e+02,1.88815757e+06,5.25653039e+02,1.50000000e-01,2.50000000e-01,6.00000000e-01,0.00000000e+00
2.39239239e+01,4.16022713e+00,2.73916820e+02,1.88265773e+06,5.25215261e+02,1.50000000e-01,2.50000000e-01,6.00000000e-01,0.00000000e+00
2.40240240e+01,4.15154222e+00,2.75575900e+02,1.87715699e+06,5.24776215e+02,1.50000000e-01,2.50000000e-01,6.00000000e-01,0.00000000e+00
2.41241241e+01,4.14289224e+00,2.77238965e+02,1.87168435e+06,5.24338781e+02,1.50000000e-01,2.50000000e-01,6.00000000e-01,0.00000000e+00
2.42242242e+01,4.13423594e+00,2.78898127e+02,1.86621089e+06,5.23900084e+02,1.50000000e-01,2.50000000e-01,6.00000000e-01,0.00000000e+00
2.43243243e+01,4.12561439e+00,2.80561261e+02,1.86076535e+06,5.23462993e+02,1.50000000e-01,2.50000000e-01,6.00000000e-01,0.00000000e+00
2.44244244e+01,4.11698663e+00,2.82220506e+02,1.85531905e+06,5.23024645e+02,1.50000000e-01,2.50000000e-01,6.00000000e-01,0.00000000e+00
2.45245245e+01,4.10839346e+00,2.83883707e+02,1.84990050e+06,5.22587897e+02,1.50000000e-01,2.50000000e-01,6.00000000e-01,0.00000000e+00
2.46246246e+01,4.09979418e+00,2.85543033e+02,1.84448126e+06,5.22149899e+02,1.50000000e-01,2.50000000e-01,6.00000000e-01,0.00000000e+00
2.47247247e+01,4.09122932e+00,2.87206302e+02,1.83908959e+06,5.21713495e+02,1.50000000e-01,2.50000000e-01,6.00000000e-01,0.00000000e+00
2.48248248e+01,4.08265846e+00,2.88865707e+02,1.83369730e+06,5.21275846e+02,1.50000000e-01,2.50000000e-01,6.00000000e-01,0.00000000e+00
2.49249249e+01,4.07412184e+00,2.90529042e+02,1.82833241e+06,5.20839787e+02,1.50000000e-01,2.50000000e-01,6.00000000e-01,0.00000000e+00
2.50250250e+01,4.06557934e+00,2.92188527e+02,1.82296696e+06,5.20402488e+02,1.50000000e-01,2.50000000e-01,6.00000000e-01,0.00000000e+00
2.51251251e+01,4.05707090e+00,2.93851926e+02,1.81762875e+06,5.19966773e+02,1.50000000e-01,2.50000000e-01,6.00000000e-01,0.00000000e+00
2.52252252e+01,4.04855669e+00,2.95511489e+02,1.81229003e+06,5.19529824e+02,1.50000000e-01,2.50000000e-01,6.00000000e-01,0.00000000e+00
2.53253253e+01,4.04007638e+00,2.97174953e+02,1.80697838e+06,5.19094453e+02,1.50000000e-01,2.50000000e-01,6.00000000e-01,0.00000000e+00
2.54254254e+01,4.03159039e+00,2.98834593e+02,1.80166630e+06,5.18657855e+02,1.50000000e-01,2.50000000e-01,6.00000000e-01,0.00000000e+00
2.55255255e+01,4.02313814e+00,3.00498120e+02,1.79638111e+06,5.18222830e+02,1.50000000e-01,2.50000000e-01,6.00000000e-01,0.00000000e+00
2.56256256e+01,4.01468031e+00,3.02157836e+02,1.79109555e+06,5.17786583e+02,1.50000000e-01,2.50000000e-01,6.00000000e-01,0.00000000e+00
2.57257257e+01,4.00625605e+00,3.03821425e+02,1.78583671e+06,5.17351902e+02,1.50000000e-01,2.50000000e-01,6.00000000e-01,0.00000000e+00
2.58258258e+01,3.99782633e+00,3.05481216e+02,1.78057757e+06,5.16916007e+02,1.50000000e-01,2.50000000e-01,6.00000000e-01,0.00000000e+00
2.59259259e+01,3.98943000e+00,3.07144866e+02,1.77534498e+06,5.16481672e+02,1.50000000e-01,2.50000000e-01,6.00000000e-01,0.00000000e+00
2.60260260e+01,3.98102831e+00,3.08804732e+02,1.77011215e+06,5.16046128e+02,1.50000000e-01,2.50000000e-01,6.00000000e-01,0.00000000e+00
2.61261261e+01,3.97265985e+00,3.10468443e+02,1.76490571e+06,5.15612138e+02,1.50000000e-01,2.50000000e-01,6.00000000e-01,0.00000000e+00
2.62262262e+01,3.96428612e+00,3.12128383e+02,1.75969908e+06,5.15176946e+02,1.50000000e-01,2.50000000e-01,6.00000000e-01,0.00000000e+00
2.63263263e+01,3.95594547e+00,3.13792154e+02,1.75451867e+06,5.14743302e+02,1.50000000e-01,2.50000000e-01,6.00000000e-01,0.00000000e+00
2.64264264e+01,3.94759965e+00,3.15452167e+02,1.74933814e+06,5.14308462e+02,1.50000000e-01,2.50000000e-01,6.00000000e-01,0.00000000e+00
2.65265265e+01,3.93928673e+00,3.17115998e+02,1.74418366e+06,5.13875164e+02,1.50000000e-01,2.50000000e-01,6.00000000e-01,0.00000000e+00
2.66266266e+01,3.93096874e+00,3.18776085e+02,1.73902913e+06,5.13440677e+02,1.50000000e-01,2.50000000e-01,6.00000000e-01,0.00000000e+00
2.67267267e+01,3.92268349e+00,3.20439975e+02,1.73390047e+06,5.13007725e+02,1.50000000e-01,2.50000000e-01,6.00000000e-01,0.00000000e+00
2.68268268e+01,3.91439327e+00,3.22100135e+02,1.72877182e+06,5.12573589e+02,1.50000000e-01,2.50000000e-01,6.00000000e-01,0.00000000e+00
2.69269269e+01,3.90613562e+00,3.23764085e+02,1.72366888e+06,5.12140983e+02,1.50000000e-01,2.50000000e-01,6.00000000e-01,0.00000000e+00
2.70270270e+01,3.89787309e+00,3.25424320e+02,1.71856600e+06,5.11707200e+02,1.50000000e-01,2.50000000e-01,6.00000000e-01,0.00000000e+00
2.71271271e+01,3.88964297e+00,3.27088331e+02,1.71348867e+06,5.11274939e+02,1.50000000e-01,2.50000000e-01,6.00000000e-01,0.00000000e+00
2.72272272e+01,3.88140807e+00,3.28748640e+02,1.70841146e+06,5.10841508e+02,1.50000000e-01,2.50000000e-01,6.00000000e-01,0.00000000e+00
2.73273273e+01,3.87320541e+00,3.30412712e+02,1.70335963e+06,5.10409592e+02,1.50000000e-01,2.50000000e-01,6.00000000e-01,0.00000000e+00
2.74274274e+01,3.86499806e+00,3.32073096e+02,1.69830798e+06,5.09976514e+02,1.50000000e-01,2.50000000e-01,6.00000000e-01,0.00000000e+00
2.75275275e+01,3.85682278e+00,3.33737230e+02,1.69328154e+06,5.09544943e+02,1.50000000e-01,2.50000000e-01,6.00000000e-01,0.00000000e+00
2.76276276e+01,3.84864292e+00,3.35397692e+02,1.68825534e+06,5.09112217e+02,1.50000000e-01,2.50000000e-01,6.00000000e-01,0.00000000e+00
2.77277277e+01,3.84049496e+00,3.37061889e+02,1.68325418e+06,5.08680991e+02,1.50000000e-01,2.50000000e-01,6.00000000e-01,0.00000000e+00
2.78278278e+01,3.83234251e+00,3.38722428e+02,1.67825332e+06,5.08248617e+02,1.50000000e-01,2.50000000e-01,6.00000000e-01,0.00000000e+00
2.79279279e+01,3.82422178e+00,3.40386689e+02,1.67327733e+06,5.07817735e+02,1.50000000e-01,2.50000000e-01,6.00000000e-01,0.00000000e+00
2.80280280e+01,3.81609667e+00,3.42047307e+02,1.66830171e+06,5.07385712e+02,1.50000000e-01,2.50000000e-01,6.00000000e-01,0.00000000e+00
2.81281281e+01,3.80800312e+00,3.43711633e+02,1.66335079e+06,5.06955175e+02,1.50000000e-01,2.50000000e-01,6.00000000e-01,0.00000000e+00
2.82282282e+01,3.79990528e+00,3.45372330e+02,1.65840029e+06,5.06523504e+02,1.50000000e-01,2.50000000e-01,6.00000000e-01,0.00000000e+00
2.83283283e+01,3.79183884e+00,3.47036721e+02,1.65347435e+06,5.06093311e+02,1.50000000e-01,2.50000000e-01,6.00000000e-01,0.00000000e+00
2.84284284e+01,3.78376820e+00,3.48697495e+02,1.64854887e+06,5.05661991e+02,1.50000000e-01,2.50000000e-01,6.00000000e-01,0.00000000e+00
2.85285285e+01,3.77572882e+00,3.50361950e+02,1.64364779e+06,5.05232143e+02,1.50000000e-01,2.50000000e-01,6.00000000e-01,0.00000000e+00
2.86286286e+01,3.76768532e+00,3.52022797e+02,1.63874725e+06,5.04801177e+02,1.50000000e-01,2.50000000e-01,6.00000000e-01,0.00000000e+00
2.87287287e+01,3.75967295e+00,3.53687312e+02,1.63387095e+06,5.04371674e+02,1.50000000e-01,2.50000000e-01,6.00000000e-01,0.00000000e+00
2.88288288e+01,3.75165657e+00,3.55348228e+02,1.62899524e+06,5.03941062e+02,1.50000000e-01,2.50000000e-01,6.00000000e-01,0.00000000e+00
2.89289289e+01,3.74367118e+00,3.57012796e+02,1.62414364e+06,5.03511907e+02,1.50000000e-01,2.50000000e-01,6.00000000e-01,0.00000000e+00
2.90290290e+01,3.73568187e+00,3.58673772e+02,1.61929269e+06,5.03081651e+02,1.50000000e-01,2.50000000e-01,6.00000000e-01,0.00000000e+00
2.91291291e+01,3.72772342e+00,3.60338385e+02,1.61446570e+06,5.02652846e+02,1.50000000e-01,2.50000000e-01,6.00000000e-01,0.00000000e+00
2.92292292e+01,3.71976116e+00,3.61999416e+02,1.60963943e+06,5.02222949e+02,1.50000000e-01,2.50000000e-01,6.00000000e-01,0.00000000e+00
2.93293293e+01,3.71182959e+00,3.63664071e+02,1.60483695e+06,5.01794494e+02,1.50000000e-01,2.50000000e-01,6.00000000e-01,0.00000000e+00
2.94294294e+01,3.70389430e+00,3.65325166e+02,1.60003525e+06,5.01364955e+02,1.50000000e-01,2.50000000e-01,6.00000000e-01,0.00000000e+00
2.95295295e+01,3.69598943e+00,3.66989872e+02,1.59525712e+06,5.00936846e+02,1.50000000e-01,2.50000000e-01,6.00000000e-01,0.00000000e+00
2.96296296e+01,3.68808094e+00,3.68651063e+02,1.59047982e+06,5.00507658e+02,1.50000000e-01,2.50000000e-01,6.00000000e-01,0.00000000e+00
2.97297297e+01,3.68020247e+00,3.70315860e+02,1.58572579e+06,5.00079882e+02,1.50000000e-01,2.50000000e-01,6.00000000e-01,0.00000000e+00
2.98298298e+01,3.67232039e+00,3.71977234e+02,1.58097259e+06,4.99651027e+02,1.50000000e-01,2.50000000e-01,6.00000000e-01,0.00000000e+00
2.99299299e+01,3.66446774e+00,3.73642228e+02,1.57624225e+06,4.99223555e+02,1.50000000e-01,2.50000000e-01,6.00000000e-01,0.00000000e+00
3.00300300e+01,3.65661145e+00,3.75303860e+02,1.57151271e+06,4.98794999e+02,1.50000000e-01,2.50000000e-01,6.00000000e-01,0.00000000e+00
3.01301301e+01,3.64878462e+00,3.76969093e+02,1.56680600e+06,4.98367834e+02,1.50000000e-01,2.50000000e-01,6.00000000e-01,0.00000000e+00
3.02302302e+01,3.64095519e+00,3.78630938e+02,1.56210065e+06,4.97939623e+02,1.50000000e-01,2.50000000e-01,6.00000000e-01,0.00000000e+00
3.03303303e+01,3.63315324e+00,3.80295997e+02,1.55741684e+06,4.97512685e+02,1.50000000e-01,2.50000000e-01,6.00000000e-01,0.00000000e+00
3.04304304e+01,3.62535232e+00,3.81958306e+02,1.55273695e+06,4.97085019e+02,1.50000000e-01,2.50000000e-01,6.00000000e-01,0.00000000e+00
3.05305305e+01,3.61757668e+00,3.83623333e+02,1.54807664e+06,4.96658322e+02,1.50000000e-01,2.50000000e-01,6.00000000e-01,0.00000000e+00
3.06306306e+01,3.60979928e+00,3.85285055e+02,1.54341926e+06,4.96230971e+02,1.50000000e-01,2.50000000e-01,6.00000000e-01,0.00000000e+00
3.07307307e+01,3.60205366e+00,3.86950503e+02,1.53878504e+06,4.95804867e+02,1.50000000e-01,2.50000000e-01,6.00000000e-01,0.00000000e+00
3.08308308e+01,3.59430627e+00,3.88612763e+02,1.53415287e+06,4.95377826e+02,1.50000000e-01,2.50000000e-01,6.00000000e-01,0.00000000e+00
3.09309309e+01,3.58658067e+00,3.90277224e+02,1.52953880e+06,4.94951792e+02,1.50000000e-01,2.50000000e-01,6.00000000e-01,0.00000000e+00
3.10310310e+01,3.57885926e+00,3.91939695e+02,1.52493073e+06,4.94525286e+02,1.50000000e-01,2.50000000e-01,6.00000000e-01,0.00000000e+00
3.11311311e+01,3.57116641e+00,3.93605220e+02,1.52034383e+06,4.94099864e+02,1.50000000e-01,2.50000000e-01,6.00000000e-01,0.00000000e+00
3.12312312e+01,3.56346920e+00,3.95267008e+02,1.51575779e+06,4.93673490e+02,1.50000000e-01,2.50000000e-01,6.00000000e-01,0.00000000e+00
3.13313313e+01,3.55579734e+00,3.96931633e+02,1.51119148e+06,4.93248194e+02,1.50000000e-01,2.50000000e-01,6.00000000e-01,0.00000000e+00
3.14314314e+01,3.54813198e+00,3.98594779e+02,1.50663234e+06,4.92822500e+02,1.50000000e-01,2.50000000e-01,6.00000000e-01,0.00000000e+00
3.15315315e+01,3.54048861e+00,4.00259966e+02,1.50209064e+06,4.92397619e+02,1.50000000e-01,2.50000000e-01,6.00000000e-01,0.00000000e+00
3.16316316e+01,3.53284247e+00,4.01921586e+02,1.49755105e+06,4.91971984e+02,1.50000000e-01,2.50000000e-01,6.00000000e-01,0.00000000e+00
3.17317317e+01,3.52522557e+00,4.03586791e+02,1.49303299e+06,4.91547508e+02,1.50000000e-01,2.50000000e-01,6.00000000e-01,0.00000000e+00
3.18318318e+01,3.51761333e+00,4.05250156e+02,1.48852096e+06,4.91122536e+02,1.50000000e-01,2.50000000e-01,6.00000000e-01,0.00000000e+00
3.19319319e+01,3.51001881e+00,4.06914801e+02,1.48402391e+06,4.90698197e+02,1.50000000e-01,2.50000000e-01,6.00000000e-01,0.00000000e+00
3.20320320e+01,3.50242571e+00,4.08576812e+02,1.47953151e+06,4.90273358e+02,1.50000000e-01,2.50000000e-01,6.00000000e-01,0.00000000e+00
3.21321321e+01,3.49486311e+00,4.10242543e+02,1.47506103e+06,4.89849676e+02,1.50000000e-01,2.50000000e-01,6.00000000e-01,0.00000000e+00
3.22322322e+01,3.48730197e+00,4.11905795e+02,1.47059469e+06,4.89425333e+02,1.50000000e-01,2.50000000e-01,6.00000000e-01,0.00000000e+00
3.23323323e+01,3.47975714e+00,4.13570085e+02,1.46614257e+06,4.89001595e+02,1.50000000e-01,2.50000000e-01,6.00000000e-01,0.00000000e+00
3.24324324e+01,3.47221793e+00,4.15232712e+02,1.46169741e+06,4.88577552e+02,1.50000000e-01,2.50000000e-01,6.00000000e-01,0.00000000e+00
3.25325325e+01,3.46470795e+00,4.16898747e+02,1.45727342e+06,4.88154636e+02,1.50000000e-01,2.50000000e-01,6.00000000e-01,0.00000000e+00
3.26326326e+01,3.45719663e+00,4.18561724e+02,1.45285192e+06,4.87730907e+02,1.50000000e-01,2.50000000e-01,6.00000000e-01,0.00000000e+00
3.27327327e+01,3.44970247e+00,4.20225922e+02,1.44844509e+06,4.87307844e+02,1.50000000e-01,2.50000000e-01,6.00000000e-01,0.00000000e+00
3.28328328e+01,3.44221734e+00,4.21889234e+02,1.44404702e+06,4.86884616e+02,1.50000000e-01,2.50000000e-01,6.00000000e-01,0.00000000e+00
3.29329329e+01,3.43475852e+00,4.23555350e+02,1.43966835e+06,4.86462375e+02,1.50000000e-01,2.50000000e-01,6.00000000e-01,0.00000000e+00
3.30330330e+01,3.42729673e+00,4.25218052e+02,1.43529135e+06,4.86039278e+02,1.50000000e-01,2.50000000e-01,6.00000000e-01,0.00000000e+00
3.31331331e+01,3.41985422e+00,4.26882380e+02,1.43093000e+06,4.85616910e+02,1.50000000e-01,2.50000000e-01,6.00000000e-01,0.00000000e+00
3.32332332e+01,3.41242267e+00,4.28546293e+02,1.42657850e+06,4.85194491e+02,1.50000000e-01,2.50000000e-01,6.00000000e-01,0.00000000e+00
3.33333333e+01,3.40501385e+00,4.30212361e+02,1.42224430e+06,4.84772889e+02,1.50000000e-01,2.50000000e-01,6.00000000e-01,0.00000000e+00
3.34334334e+01,3.39760173e+00,4.31874860e+02,1.41791165e+06,4.84350453e+02,1.50000000e-01,2.50000000e-01,6.00000000e-01,0.00000000e+00
3.35335335e+01,3.39021112e+00,4.33539470e+02,1.41359575e+06,4.83928828e+02,1.50000000e-01,2.50000000e-01,6.00000000e-01,0.00000000e+00
3.36336336e+01,3.38283227e+00,4.35203849e+02,1.40929010e+06,4.83507198e+02,1.50000000e-01,2.50000000e-01,6.00000000e-01,0.00000000e+00
3.37337337e+01,3.37547295e+00,4.36869789e+02,1.40499982e+06,4.83086211e+02,1.50000000e-01,2.50000000e-01,6.00000000e-01,0.00000000e+00
3.38338338e+01,3.36811092e+00,4.38532215e+02,1.40071149e+06,4.82664452e+02,1.50000000e-01,2.50000000e-01,6.00000000e-01,0.00000000e+00
3.39339339e+01,3.36077196e+00,4.40197104e+02,1.39644061e+06,4.82243554e+02,1.50000000e-01,2.50000000e-01,6.00000000e-01,0.00000000e+00
3.40340340e+01,3.35344504e+00,4.41861844e+02,1.39218012e+06,4.81822683e+02,1.50000000e-01,2.50000000e-01,6.00000000e-01,0.00000000e+00
3.41341341e+01,3.34613531e+00,4.43527692e+02,1.38793359e+06,4.81402336e+02,1.50000000e-01,2.50000000e-01,6.00000000e-01,0.00000000e+00
3.42342342e+01,3.33882352e+00,4.45190162e+02,1.38368946e+06,4.80981281e+02,1.50000000e-01,2.50000000e-01,6.00000000e-01,0.00000000e+00
3.43343343e+01,3.33153559e+00,4.46855268e+02,1.37946304e+06,4.80561106e+02,1.50000000e-01,2.50000000e-01,6.00000000e-01,0.00000000e+00
3.44344344e+01,3.32425980e+00,4.48520272e+02,1.37524706e+06,4.80140981e+02,1.50000000e-01,2.50000000e-01,6.00000000e-01,0.00000000e+00
3.45345345e+01,3.31699964e+00,4.50186063e+02,1.37104404e+06,4.79721285e+02,1.50000000e-01,2.50000000e-01,6.00000000e-01,0.00000000e+00
3.46346346e+01,3.30973812e+00,4.51848623e+02,1.36684385e+06,4.79300935e+02,1.50000000e-01,2.50000000e-01,6.00000000e-01,0.00000000e+00
3.47347347e+01,3.30250074e+00,4.53513890e+02,1.36266137e+06,4.78881462e+02,1.50000000e-01,2.50000000e-01,6.00000000e-01,0.00000000e+00
3.48348348e+01,3.29527577e+00,4.55179139e+02,1.35848946e+06,4.78462071e+02,1.50000000e-01,2.50000000e-01,6.00000000e-01,0.00000000e+00
3.49349349e+01,3.28806539e+00,4.56844960e+02,1.35432985e+06,4.78043052e+02,1.50000000e-01,2.50000000e-01,6.00000000e-01,0.00000000e+00
3.50350350e+01,3.28085401e+00,4.58507641e+02,1.35017326e+06,4.77623409e+02,1.50000000e-01,2.50000000e-01,6.00000000e-01,0.00000000e+00
3.51351351e+01,3.27366666e+00,4.60173026e+02,1.34603423e+06,4.77204637e+02,1.50000000e-01,2.50000000e-01,6.00000000e-01,0.00000000e+00
3.52352352e+01,3.26649191e+00,4.61838458e+02,1.34190587e+06,4.76785975e+02,1.50000000e-01,2.50000000e-01,6.00000000e-01,0.00000000e+00
3.53353353e+01,3.25933115e+00,4.63504332e+02,1.33778936e+06,4.76367644e+02,1.50000000e-01,2.50000000e-01,6.00000000e-01,0.00000000e+00
3.54354354e+01,3.25216976e+00,4.65167154e+02,1.33367607e+06,4.75948714e+02,1.50000000e-01,2.50000000e-01,6.00000000e-01,0.00000000e+00
3.55355355e+01,3.24503207e+00,4.66832626e+02,1.32958003e+06,4.75530631e+02,1.50000000e-01,2.50000000e-01,6.00000000e-01,0.00000000e+00
3.56356356e+01,3.23790738e+00,4.68498248e+02,1.32549486e+06,4.75112692e+02,1.50000000e-01,2.50000000e-01,6.00000000e-01,0.00000000e+00
3.57357357e+01,3.23079642e+00,4.70164261e+02,1.32142130e+06,4.74695065e+02,1.50000000e-01,2.50000000e-01,6.00000000e-01,0.00000000e+00
3.58358358e+01,3.22368488e+00,4.71827243e+02,1.31735098e+06,4.74276845e+02,1.50000000e-01,2.50000000e-01,6.00000000e-01,0.00000000e+00
3.59359359e+01,3.21659612e+00,4.73492696e+02,1.31329730e+06,4.73859429e+02,1.50000000e-01,2.50000000e-01,6.00000000e-01,0.00000000e+00
3.60360360e+01,3.20952094e+00,4.75158452e+02,1.30925481e+06,4.73442208e+02,1.50000000e-01,2.50000000e-01,6.00000000e-01,0.00000000e+00
3.61361361e+01,3.20245978e+00,4.76824679e+02,1.30522402e+06,4.73025314e+02,1.50000000e-01,2.50000000e-01,6.00000000e-01,0.00000000e+00
3.62362362e+01,3.19539794e+00,4.78487847e+02,1.30119637e+06,4.72607815e+02,1.50000000e-01,2.50000000e-01,6.00000000e-01,0.00000000e+00
3.63363363e+01,3.18835747e+00,4.80153187e+02,1.29718448e+06,4.72191042e+02,1.50000000e-01,2.50000000e-01,6.00000000e-01,0.00000000e+00
3.64364364e+01,3.18133149e+00,4.81819062e+02,1.29318425e+06,4.71774529e+02,1.50000000e-01,2.50000000e-01,6.00000000e-01,0.00000000e+00
3.65365365e+01,3.17432052e+00,4.83485644e+02,1.28919620e+06,4.71358395e+02,1.50000000e-01,2.50000000e-01,6.00000000e-01,0.00000000e+00
3.66366366e+01,3.16730846e+00,4.85149061e+02,1.28521098e+06,4.70941621e+02,1.50000000e-01,2.50000000e-01,6.00000000e-01,0.00000000e+00
3.67367367e+01,3.16031552e+00,4.86814171e+02,1.28124024e+06,4.70525465e+02,1.50000000e-01,2.50000000e-01,6.00000000e-01,0.00000000e+00
3.68368368e+01,3.15333788e+00,4.88480030e+02,1.27728158e+06,4.70109629e+02,1.50000000e-01,2.50000000e-01,6.00000000e-01,0.00000000e+00
3.69369369e+01,3.14637710e+00,4.90147034e+02,1.27333606e+06,4.69694282e+02,1.50000000e-01,2.50000000e-01,6.00000000e-01,0.00000000e+00
3.70370370e+01,3.13941518e+00,4.91810866e+02,1.26939330e+06,4.69278282e+02,1.50000000e-01,2.50000000e-01,6.00000000e-01,0.00000000e+00
3.71371371e+01,3.13246947e+00,4.93475730e+02,1.26546332e+06,4.68862741e+02,1.50000000e-01,2.50000000e-01,6.00000000e-01,0.00000000e+00
3.72372372e+01,3.12553925e+00,4.95141407e+02,1.26154549e+06,4.68447540e+02,1.50000000e-01,2.50000000e-01,6.00000000e-01,0.00000000e+00
3.73373373e+01,3.11862842e+00,4.96808836e+02,1.25764212e+06,4.68032973e+02,1.50000000e-01,2.50000000e-01,6.00000000e-01,0.00000000e+00
3.74374374e+01,3.11171717e+00,4.98473271e+02,1.25374188e+06,4.67617787e+02,1.50000000e-01,2.50000000e-01,6.00000000e-01,0.00000000e+00
3.75375375e+01,3.10481876e+00,5.00137953e+02,1.24985246e+06,4.67202871e+02,1.50000000e-01,2.50000000e-01,6.00000000e-01,0.00000000e+00
3.76376376e+01,3.09793483e+00,5.01803217e+02,1.24597458e+06,4.66788245e+02,1.50000000e-01,2.50000000e-01,6.00000000e-01,0.00000000e+00
3.77377377e+01,3.09107297e+00,5.03470924e+02,1.24211260e+06,4.66374417e+02,1.50000000e-01,2.50000000e-01,6.00000000e-01,0.00000000e+00
3.78378378e+01,3.08421280e+00,5.05136148e+02,1.23825493e+06,4.65960108e+02,1.50000000e-01,2.50000000e-01,6.00000000e-01,0.00000000e+00
3.79379379e+01,3.07736245e+00,5.06800892e+02,1.23440630e+06,4.65545878e+02,1.50000000e-01,2.50000000e-01,6.00000000e-01,0.00000000e+00
3.80380380e+01,3.07052399e+00,5.08465612e+02,1.23056771e+06,4.65131796e+02,1.50000000e-01,2.50000000e-01,6.00000000e-01,0.00000000e+00
3.81381381e+01,3.06370961e+00,5.10133301e+02,1.22674607e+06,4.64718632e+02,1.50000000e-01,2.50000000e-01,6.00000000e-01,0.00000000e+00
3.82382382e+01,3.05690048e+00,5.11799373e+02,1.22293071e+06,4.64305212e+02,1.50000000e-01,2.50000000e-01,6.00000000e-01,0.00000000e+00
3.83383383e+01,3.05009941e+00,5.13464535e+02,1.21912332e+06,4.63891751e+02,1.50000000e-01,2.50000000e-01,6.00000000e-01,0.00000000e+00
3.84384384e+01,3.04330633e+00,5.15128739e+02,1.21532376e+06,4.63478213e+02,1.50000000e-01,2.50000000e-01,6.00000000e-01,0.00000000e+00
3.85385385e+01,3.03653769e+00,5.16796040e+02,1.21154125e+06,4.63065617e+02,1.50000000e-01,2.50000000e-01,6.00000000e-01,0.00000000e+00
3.86386386e+01,3.02977875e+00,5.18462827e+02,1.20776750e+06,4.62653050e+02,1.50000000e-01,2.50000000e-01,6.00000000e-01,0.00000000e+00
3.87387387e+01,3.02302819e+00,5.20128793e+02,1.20400182e+06,4.62240457e+02,1.50000000e-01,2.50000000e-01,6.00000000e-01,0.00000000e+00
3.88388388e+01,3.01628130e+00,5.21792752e+02,1.20024154e+06,4.61827532e+02,1.50000000e-01,2.50000000e-01,6.00000000e-01,0.00000000e+00
3.89389389e+01,3.00955683e+00,5.23459347e+02,1.19649711e+06,4.61415430e+02,1.50000000e-01,2.50000000e-01,6.00000000e-01,0.00000000e+00
3.90390390e+01,3.00284614e+00,5.25126453e+02,1.19276368e+06,4.61003616e+02,1.50000000e-01,2.50000000e-01,6.00000000e-01,0.00000000e+00
3.91391391e+01,2.99614673e+00,5.26793460e+02,1.18903985e+06,4.60591947e+02,1.50000000e-01,2.50000000e-01,6.00000000e-01,0.00000000e+00
3.92392392e+01,2.98944783e+00,5.28457679e+02,1.18531963e+06,4.60179753e+02,1.50000000e-01,2.50000000e-01,6.00000000e-01,0.00000000e+00
3.93393393e+01,2.98276705e+00,5.30123497e+02,1.18161280e+06,4.59768122e+02,1.50000000e-01,2.50000000e-01,6.00000000e-01,0.00000000e+00
3.94394394e+01,2.97610208e+00,5.31790354e+02,1.17791804e+06,4.59356911e+02,1.50000000e-01,2.50000000e-01,6.00000000e-01,0.00000000e+00
3.95395395e+01,2.96945310e+00,5.33458298e+02,1.17423544e+06,4.58946137e+02,1.50000000e-01,2.50000000e-01,6.00000000e-01,0.00000000e+00
3.96396396e+01,2.96280412e+00,5.35123342e+02,1.17055614e+06,4.58534814e+02,1.50000000e-01,2.50000000e-01,6.00000000e-01,0.00000000e+00
3.97397397e+01,2.95616793e+00,5.36788676e+02,1.16688721e+06,4.58123728e+02,1.50000000e-01,2.50000000e-01,6.00000000e-01,0.00000000e+00
3.98398398e+01,2.94954638e+00,5.38454777e+02,1.16322967e+06,4.57713000e+02,1.50000000e-01,2.50000000e-01,6.00000000e-01,0.00000000e+00
3.99399399e+01,2.94294558e+00,5.40123193e+02,1.15958685e+06,4.57303006e+02,1.50000000e-01,2.50000000e-01,6.00000000e-01,0.00000000e+00
4.00400400e+01,2.93634774e+00,5.41789455e+02,1.15594893e+06,4.56892647e+02,1.50000000e-01,2.50000000e-01,6.00000000e-01,0.00000000e+00
4.01401401e+01,2.92975854e+00,5.43454978e+02,1.15231903e+06,4.56482269e+02,1.50000000e-01,2.50000000e-01,6.00000000e-01,0.00000000e+00
4.02402402e+01,2.92317959e+00,5.45120176e+02,1.14869803e+06,4.56071975e+02,1.50000000e-01,2.50000000e-01,6.00000000e-01,0.00000000e+00
4.03403403e+01,2.91662369e+00,5.46788306e+02,1.14509296e+06,4.55662567e+02,1.50000000e-01,2.50000000e-01,6.00000000e-01,0.00000000e+00
4.04404404e+01,2.91007616e+00,5.48455657e+02,1.14149572e+06,4.55253130e+02,1.50000000e-01,2.50000000e-01,6.00000000e-01,0.00000000e+00
4.05405405e+01,2.90353658e+00,5.50122119e+02,1.13790609e+06,4.54843639e+02,1.50000000e-01,2.50000000e-01,6.00000000e-01,0.00000000e+00
4.06406406e+01,2.89700162e+00,5.51786843e+02,1.13432222e+06,4.54433886e+02,1.50000000e-01,2.50000000e-01,6.00000000e-01,0.00000000e+00
4.07407407e+01,2.89048795e+00,5.53454087e+02,1.13075324e+06,4.54024916e+02,1.50000000e-01,2.50000000e-01,6.00000000e-01,0.00000000e+00
4.08408408e+01,2.88398782e+00,5.55121891e+02,1.12719490e+06,4.53616246e+02,1.50000000e-01,2.50000000e-01,6.00000000e-01,0.00000000e+00
4.09409409e+01,2.87749914e+00,5.56789718e+02,1.12364602e+06,4.53207744e+02,1.50000000e-01,2.50000000e-01,6.00000000e-01,0.00000000e+00
4.10410410e+01,2.87101126e+00,5.58454837e+02,1.12010078e+06,4.52798740e+02,1.50000000e-01,2.50000000e-01,6.00000000e-01,0.00000000e+00
4.11411411e+01,2.86453922e+00,5.60121107e+02,1.11656738e+06,4.52390179e+02,1.50000000e-01,2.50000000e-01,6.00000000e-01,0.00000000e+00
4.12412412e+01,2.85808245e+00,5.61788398e+02,1.11304549e+06,4.51982028e+02,1.50000000e-01,2.50000000e-01,6.00000000e-01,0.00000000e+00
4.13413413e+01,2.85164305e+00,5.63457263e+02,1.10953624e+06,4.51574424e+02,1.50000000e-01,2.50000000e-01,6.00000000e-01,0.00000000e+00
4.14414414e+01,2.84520534e+00,5.65123656e+02,1.10603108e+06,4.51166373e+02,1.50000000e-01,2.50000000e-01,6.00000000e-01,0.00000000e+00
4.15415415e+01,2.83877752e+00,5.66789696e+02,1.10253447e+06,4.50758398e+02,1.50000000e-01,2.50000000e-01,6.00000000e-01,0.00000000e+00
4.16416416e+01,2.83236165e+00,5.68455921e+02,1.09904753e+06,4.50350630e+02,1.50000000e-01,2.50000000e-01,6.00000000e-01,0.00000000e+00
4.17417417e+01,2.82596738e+00,5.70124852e+02,1.09557546e+06,4.49943683e+02,1.50000000e-01,2.50000000e-01,6.00000000e-01,0.00000000e+00
4.18418418e+01,2.81958010e+00,5.71792701e+02,1.09211033e+06,4.49536630e+02,1.50000000e-01,2.50000000e-01,6.00000000e-01,0.00000000e+00
4.19419419e+01,2.81320044e+00,5.73459624e+02,1.08865247e+06,4.49129511e+02,1.50000000e-01,2.50000000e-01,6.00000000e-01,0.00000000e+00
4.20420420e+01,2.80682637e+00,5.75125091e+02,1.08520076e+06,4.48722193e+02,1.50000000e-01,2.50000000e-01,6.00000000e-01,0.00000000e+00
4.21421421e+01,2.80047297e+00,5.76793055e+02,1.08176337e+06,4.48315642e+02,1.50000000e-01,2.50000000e-01,6.00000000e-01,0.00000000e+00
4.22422422e+01,2.79413273e+00,5.78461566e+02,1.07833620e+06,4.47909381e+02,1.50000000e-01,2.50000000e-01,6.00000000e-01,0.00000000e+00
4.23423423e+01,2.78780369e+00,5.80130111e+02,1.07491818e+06,4.47503283e+02,1.50000000e-01,2.50000000e-01,6.00000000e-01,0.00000000e+00
4.24424424e+01,2.78147583e+00,5.81796058e+02,1.07150390e+06,4.47096709e+02,1.50000000e-01,2.50000000e-01,6.00000000e-01,0.00000000e+00
4.25425425e+01,2.77516259e+00,5.83462947e+02,1.06810061e+06,4.46690522e+02,1.50000000e-01,2.50000000e-01,6.00000000e-01,0.00000000e+00
4.26426426e+01,2.76886409e+00,5.85130824e+02,1.06470835e+06,4.46284732e+02,1.50000000e-01,2.50000000e-01,6.00000000e-01,0.00000000e+00
4.27427427e+01,2.76258330e+00,5.86800487e+02,1.06132871e+06,4.45879531e+02,1.50000000e-01,2.50000000e-01,6.00000000e-01,0.00000000e+00
4.28428428e+01,2.75630537e+00,5.88468009e+02,1.05795368e+06,4.45473964e+02,1.50000000e-01,2.50000000e-01,6.00000000e-01,0.00000000e+00
4.29429429e+01,2.75003599e+00,5.90134889e+02,1.05458630e+06,4.45068395e+02,1.50000000e-01,2.50000000e-01,6.00000000e-01,0.00000000e+00
4.30430430e+01,2.74377668e+00,5.91801539e+02,1.05122740e+06,4.44662924e+02,1.50000000e-01,2.50000000e-01,6.00000000e-01,0.00000000e+00
4.31431431e+01,2.73753856e+00,5.93470933e+02,1.04788292e+06,4.44258271e+02,1.50000000e-01,2.50000000e-01,6.00000000e-01,0.00000000e+00
4.32432432e+01,2.73130997e+00,5.95139976e+02,1.04454658e+06,4.43853682e+02,1.50000000e-01,2.50000000e-01,6.00000000e-01,0.00000000e+00
4.33433433e+01,2.72508960e+00,5.96808316e+02,1.04121767e+06,4.43449074e+02,1.50000000e-01,2.50000000e-01,6.00000000e-01,0.00000000e+00
4.34434434e+01,2.71887246e+00,5.98474616e+02,1.03789354e+06,4.43044121e+02,1.50000000e-01,2.50000000e-01,6.00000000e-01,0.00000000e+00
4.35435435e+01,2.71267283e+00,6.00142714e+02,1.03458179e+06,4.42639756e+02,1.50000000e-01,2.50000000e-01,6.00000000e-01,0.00000000e+00
4.36436436e+01,2.70648771e+00,6.01811820e+02,1.03128081e+06,4.42235785e+02,1.50000000e-01,2.50000000e-01,6.00000000e-01,0.00000000e+00
4.37437437e+01,2.70031689e+00,6.03481892e+02,1.02799047e+06,4.41832198e+02,1.50000000e-01,2.50000000e-01,6.00000000e-01,0.00000000e+00
4.38438438e+01,2.69414769e+00,6.05149509e+02,1.02470400e+06,4.41428164e+02,1.50000000e-01,2.50000000e-01,6.00000000e-01,0.00000000e+00
4.39439439e+01,2.68798871e+00,6.06816988e+02,1.02142598e+06,4.41024245e+02,1.50000000e-01,2.50000000e-01,6.00000000e-01,0.00000000e+00
4.40440440e+01,2.68184190e+00,6.08484869e+02,1.01815743e+06,4.40620571e+02,1.50000000e-01,2.50000000e-01,6.00000000e-01,0.00000000e+00
4.41441441e+01,2.67571516e+00,6.10155310e+02,1.01490253e+06,4.40217661e+02,1.50000000e-01,2.50000000e-01,6.00000000e-01,0.00000000e+00
4.42442442e+01,2.66959575e+00,6.11824862e+02,1.01165449e+06,4.39814679e+02,1.50000000e-01,2.50000000e-01,6.00000000e-01,0.00000000e+00
4.43443443e+01,2.66348370e+00,6.13493530e+02,1.00841334e+06,4.39411627e+02,1.50000000e-01,2.50000000e-01,6.00000000e-01,0.00000000e+00
4.44444444e+01,2.65737649e+00,6.15160626e+02,1.00517771e+06,4.39008339e+02,1.50000000e-01,2.50000000e-01,6.00000000e-01,0.00000000e+00
4.45445445e+01,2.65128760e+00,6.16829846e+02,1.00195476e+06,4.38605707e+02,1.50000000e-01,2.50000000e-01,6.00000000e-01,0.00000000e+00
4.46446446e+01,2.64521249e+00,6.18499967e+02,9.98742049e+05,4.38203434e+02,1.50000000e-01,2.50000000e-01,6.00000000e-01,0.00000000e+00
4.47447447e+01,2.63915004e+00,6.20170687e+02,9.95538970e+05,4.37801446e+02,1.50000000e-01,2.50000000e-01,6.00000000e-01,0.00000000e+00
4.48448448e+01,2.63308915e+00,6.21838964e+02,9.92339666e+05,4.37399009e+02,1.50000000e-01,2.50000000e-01,6.00000000e-01,0.00000000e+00
4.49449449e+01,2.62703900e+00,6.23507318e+02,9.89148965e+05,4.36996731e+02,1.50000000e-01,2.50000000e-01,6.00000000e-01,0.00000000e+00
4.50450450e+01,2.62100138e+00,6.25176259e+02,9.85967804e+05,4.36594732e+02,1.50000000e-01,2.50000000e-01,6.00000000e-01,0.00000000e+00
4.51451451e+01,2.61498296e+00,6.26847645e+02,9.82799674e+05,4.36193457e+02,1.50000000e-01,2.50000000e-01,6.00000000e-01,0.00000000e+00
4.52452452e+01,2.60897143e+00,6.28518081e+02,9.79638080e+05,4.35792088e+02,1.50000000e-01,2.50000000e-01,6.00000000e-01,0.00000000e+00
4.53453453e+01,2.60296705e+00,6.30187636e+02,9.76483147e+05,4.35390640e+02,1.50000000e-01,2.50000000e-01,6.00000000e-01,0.00000000e+00
4.54454454e+01,2.59696768e+00,6.31855722e+02,9.73333757e+05,4.34988973e+02,1.50000000e-01,2.50000000e-01,6.00000000e-01,0.00000000e+00
4.55455455e+01,2.59098609e+00,6.33525902e+02,9.70196592e+05,4.34587939e+02,1.50000000e-01,2.50000000e-01,6.00000000e-01,0.00000000e+00
4.56456456e+01,2.58501811e+00,6.35197036e+02,9.67069453e+05,4.34187265e+02,1.50000000e-01,2.50000000e-01,6.00000000e-01,0.00000000e+00
4.57457457e+01,2.57906273e+00,6.36868852e+02,9.63951788e+05,4.33786882e+02,1.50000000e-01,2.50000000e-01,6.00000000e-01,0.00000000e+00
4.58458458e+01,2.57310913e+00,6.38538333e+02,9.60837945e+05,4.33386068e+02,1.50000000e-01,2.50000000e-01,6.00000000e-01,0.00000000e+00
4.59459459e+01,2.56716544e+00,6.40207749e+02,9.57732150e+05,4.32985363e+02,1.50000000e-01,2.50000000e-01,6.00000000e-01,0.00000000e+00
4.60460460e+01,2.56123348e+00,6.41877636e+02,9.54635364e+05,4.32584899e+02,1.50000000e-01,2.50000000e-01,6.00000000e-01,0.00000000e+00
4.61461461e+01,2.55532052e+00,6.43550048e+02,9.51551336e+05,4.32185157e+02,1.50000000e-01,2.50000000e-01,6.00000000e-01,0.00000000e+00
4.62462462e+01,2.54941546e+00,6.45221885e+02,9.48474290e+05,4.31785402e+02,1.50000000e-01,2.50000000e-01,6.00000000e-01,0.00000000e+00
4.63463463e+01,2.54351769e+00,6.46892965e+02,9.45403871e+05,4.31385576e+02,1.50000000e-01,2.50000000e-01,6.00000000e-01,0.00000000e+00
4.64464464e+01,2.53762377e+00,6.48562335e+02,9.42338320e+05,4.30985467e+02,1.50000000e-01,2.50000000e-01,6.00000000e-01,0.00000000e+00
4.65465465e+01,2.53174588e+00,6.50233435e+02,9.39283908e+05,4.30585872e+02,1.50000000e-01,2.50000000e-01,6.00000000e-01,0.00000000e+00
4.66466466e+01,2.52588172e+00,6.51905676e+02,9.36239499e+05,4.30186677e+02,1.50000000e-01,2.50000000e-01,6.00000000e-01,0.00000000e+00
4.67467467e+01,2.52003164e+00,6.53579122e+02,9.33205155e+05,4.29787858e+02,1.50000000e-01,2.50000000e-01,6.00000000e-01,0.00000000e+00
4.68468468e+01,2.51418400e+00,6.55250540e+02,9.30174972e+05,4.29388687e+02,1.50000000e-01,2.50000000e-01,6.00000000e-01,0.00000000e+00
4.69469469e+01,2.50834457e+00,6.56921481e+02,9.27151754e+05,4.28989473e+02,1.50000000e-01,2.50000000e-01,6.00000000e-01,0.00000000e+00
4.70470470e+01,2.50251447e+00,6.58592411e+02,9.24136302e+05,4.28590401e+02,1.50000000e-01,2.50000000e-01,6.00000000e-01,0.00000000e+00
4.71471471e+01,2.49670332e+00,6.60265954e+02,9.21133295e+05,4.28191999e+02,1.50000000e-01,2.50000000e-01,6.00000000e-01,0.00000000e+00
4.72472472e+01,2.49090194e+00,6.61939692e+02,9.18138314e+05,4.27793800e+02,1.50000000e-01,2.50000000e-01,6.00000000e-01,0.00000000e+00
4.73473473e+01,2.48510933e+00,6.63613117e+02,9.15150418e+05,4.27395543e+02,1.50000000e-01,2.50000000e-01,6.00000000e-01,0.00000000e+00
4.74474474e+01,2.47931841e+00,6.65284468e+02,9.12166433e+05,4.26996965e+02,1.50000000e-01,2.50000000e-01,6.00000000e-01,0.00000000e+00
4.75475475e+01,2.47354078e+00,6.66956797e+02,9.09191772e+05,4.26598602e+02,1.50000000e-01,2.50000000e-01,6.00000000e-01,0.00000000e+00
4.76476476e+01,2.46777563e+00,6.68630268e+02,9.06226654e+05,4.26200708e+02,1.50000000e-01,2.50000000e-01,6.00000000e-01,0.00000000e+00
4.77477477e+01,2.46202747e+00,6.70305785e+02,9.03272620e+05,4.25803237e+02,1.50000000e-01,2.50000000e-01,6.00000000e-01,0.00000000e+00
4.78478478e+01,2.45628321e+00,6.71980080e+02,9.00323819e+05,4.25405703e+02,1.50000000e-01,2.50000000e-01,6.00000000e-01,0.00000000e+00
4.79479479e+01,2.45054644e+00,6.73653644e+02,8.97381098e+05,4.25007885e+02,1.50000000e-01,2.50000000e-01,6.00000000e-01,0.00000000e+00
4.80480480e+01,2.44481439e+00,6.75326298e+02,8.94444088e+05,4.24610091e+02,1.50000000e-01,2.50000000e-01,6.00000000e-01,0.00000000e+00
4.81481481e+01,2.43910015e+00,6.77001257e+02,8.91518360e+05,4.24212700e+02,1.50000000e-01,2.50000000e-01,6.00000000e-01,0.00000000e+00
4.82482482e+01,2.43339673e+00,6.78677233e+02,8.88601554e+05,4.23815812e+02,1.50000000e-01,2.50000000e-01,6.00000000e-01,0.00000000e+00
4.83483483e+01,2.42770608e+00,6.80354058e+02,8.85693305e+05,4.23418922e+02,1.50000000e-01,2.50000000e-01,6.00000000e-01,0.00000000e+00
4.84484484e+01,2.42201569e+00,6.82028947e+02,8.82788693e+05,4.23021866e+02,1.50000000e-01,2.50000000e-01,6.00000000e-01,0.00000000e+00
4.85485485e+01,2.41633550e+00,6.83703939e+02,8.79891186e+05,4.22624568e+02,1.50000000e-01,2.50000000e-01,6.00000000e-01,0.00000000e+00
4.86486486e+01,2.41066292e+00,6.85379264e+02,8.77001071e+05,4.22227623e+02,1.50000000e-01,2.50000000e-01,6.00000000e-01,0.00000000e+00
4.87487487e+01,2.40500918e+00,6.87057377e+02,8.74122461e+05,4.21831055e+02,1.50000000e-01,2.50000000e-01,6.00000000e-01,0.00000000e+00
4.88488488e+01,2.39936160e+00,6.88735587e+02,8.71250535e+05,4.21434768e+02,1.50000000e-01,2.50000000e-01,6.00000000e-01,0.00000000e+00
4.89489489e+01,2.39372402e+00,6.90414110e+02,8.68385564e+05,4.21038223e+02,1.50000000e-01,2.50000000e-01,6.00000000e-01,0.00000000e+00
4.90490490e+01,2.38808593e+00,6.92090870e+02,8.65523779e+05,4.20641446e+02,1.50000000e-01,2.50000000e-01,6.00000000e-01,0.00000000e+00
4.91491491e+01,2.38246133e+00,6.93769225e+02,8.62670800e+05,4.20244700e+02,1.50000000e-01,2.50000000e-01,6.00000000e-01,0.00000000e+00
4.92492492e+01,2.37684391e+00,6.95448444e+02,8.59824925e+05,4.19848277e+02,1.50000000e-01,2.50000000e-01,6.00000000e-01,0.00000000e+00
4.93493493e+01,2.37124373e+00,6.97130572e+02,8.56989594e+05,4.19452087e+02,1.50000000e-01,2.50000000e-01,6.00000000e-01,0.00000000e+00
4.94494494e+01,2.36564364e+00,6.98812031e+02,8.54157874e+05,4.19055778e+02,1.50000000e-01,2.50000000e-01,6.00000000e-01,0.00000000e+00
4.95495495e+01,2.36005282e+00,7.00494615e+02,8.51332905e+05,4.18659263e+02,1.50000000e-01,2.50000000e-01,6.00000000e-01,0.00000000e+00
4.96496496e+01,2.35446029e+00,7.02176569e+02,8.48509999e+05,4.18262184e+02,1.50000000e-01,2.50000000e-01,6.00000000e-01,0.00000000e+00
4.97497497e+01,2.34888219e+00,7.03862076e+02,8.45697015e+05,4.17865551e+02,1.50000000e-01,2.50000000e-01,6.00000000e-01,0.00000000e+00
4.98498498e+01,2.34330187e+00,7.05549283e+02,8.42885462e+05,4.17468134e+02,1.50000000e-01,2.50000000e-01,6.00000000e-01,0.00000000e+00
4.99499499e+01,2.33773518e+00,7.07239801e+02,8.40083374e+05,4.17071087e+02,1.50000000e-01,2.50000000e-01,6.00000000e-01,0.00000000e+00
5.00500501e+01,2.33214104e+00,7.08936779e+02,8.37271957e+05,1.24537654e+03,0.00000000e+00,2.29997596e-01,7.70002404e-01,0.00000000e+00
5.01501502e+01,2.32660360e+00,7.10620855e+02,8.34489630e+05,1.24419225e+03,0.00000000e+00,2.29997549e-01,7.70002451e-01,0.00000000e+00
5.02502503e+01,2.32109380e+00,7.12299867e+02,8.31724738e+05,1.24301357e+03,0.00000000e+00,2.29997522e-01,7.70002478e-01,0.00000000e+00
5.03503504e+01,2.31560117e+00,7.13976943e+02,8.28970769e+05,1.24183643e+03,0.00000000e+00,2.29997461e-01,7.70002539e-01,0.00000000e+00
5.04504505e+01,2.31012146e+00,7.15653495e+02,8.26225639e+05,1.24066003e+03,0.00000000e+00,2.29997425e-01,7.70002575e-01,0.00000000e+00
5.05505506e+01,2.30465458e+00,7.17329732e+02,8.23490011e+05,1.23948544e+03,0.00000000e+00,2.29997401e-01,7.70002599e-01,0.00000000e+00
5.06506507e+01,2.29920207e+00,7.19004982e+02,8.20763228e+05,1.23831087e+03,0.00000000e+00,2.29997404e-01,7.70002596e-01,0.00000000e+00
5.07507508e+01,2.29375927e+00,7.20680433e+02,8.18044926e+05,1.23713831e+03,0.00000000e+00,2.29997411e-01,7.70002589e-01,0.00000000e+00
5.08508509e+01,2.28832806e+00,7.22355296e+02,8.15333980e+05,1.23596505e+03,0.00000000e+00,2.29997404e-01,7.70002596e-01,0.00000000e+00
5.09509510e+01,2.28291103e+00,7.24028603e+02,8.12633506e+05,1.23479446e+03,0.00000000e+00,2.29997396e-01,7.70002604e-01,0.00000000e+00
5.10510511e+01,2.27749708e+00,7.25704059e+02,8.09936704e+05,1.23362223e+03,0.00000000e+00,2.29997369e-01,7.70002631e-01,0.00000000e+00
5.11511512e+01,2.27209633e+00,7.27378593e+02,8.07248976e+05,1.23245110e+03,0.00000000e+00,2.29997349e-01,7.70002651e-01,0.00000000e+00
5.12512513e+01,2.26671152e+00,7.29051542e+02,8.04572209e+05,1.23128250e+03,0.00000000e+00,2.29997320e-01,7.70002680e-01,0.00000000e+00
5.13513514e+01,2.26133341e+00,7.30725812e+02,8.01900409e+05,1.23011231e+03,0.00000000e+00,2.29997313e-01,7.70002687e-01,0.00000000e+00
5.14514515e+01,2.25596358e+00,7.32400845e+02,7.99236275e+05,1.22894383e+03,0.00000000e+00,2.29997310e-01,7.70002690e-01,0.00000000e+00
5.15515516e+01,2.25061067e+00,7.34073693e+02,7.96582028e+05,1.22777578e+03,0.00000000e+00,2.29997303e-01,7.70002697e-01,0.00000000e+00
5.16516517e+01,2.24526726e+00,7.35746540e+02,7.93935991e+05,1.22660964e+03,0.00000000e+00,2.29997301e-01,7.70002699e-01,0.00000000e+00
5.17517518e+01,2.23993002e+00,7.37420529e+02,7.91294915e+05,1.22544226e+03,0.00000000e+00,2.29997285e-01,7.70002715e-01,0.00000000e+00
5.18518519e+01,2.23460272e+00,7.39094485e+02,7.88661499e+05,1.22427575e+03,0.00000000e+00,2.29997275e-01,7.70002725e-01,0.00000000e+00
5.19519520e+01,2.22929090e+00,7.40766814e+02,7.86038468e+05,1.22311132e+03,0.00000000e+00,2.29997244e-01,7.70002756e-01,0.00000000e+00
5.20520521e+01,2.22399299e+00,7.42438007e+02,7.83424184e+05,1.22194733e+03,0.00000000e+00,2.29997224e-01,7.70002776e-01,0.00000000e+00
5.21521522e+01,2.21870118e+00,7.44110627e+02,7.80816243e+05,1.22078434e+03,0.00000000e+00,2.29997206e-01,7.70002794e-01,0.00000000e+00
5.22522523e+01,2.21341450e+00,7.45784900e+02,7.78212236e+05,1.21961913e+03,0.00000000e+00,2.29997200e-01,7.70002800e-01,0.00000000e+00
5.23523524e+01,2.20813371e+00,7.47460486e+02,7.75614555e+05,1.21845503e+03,0.00000000e+00,2.29997200e-01,7.70002800e-01,0.00000000e+00
5.24524525e+01,2.20286575e+00,7.49135114e+02,7.73024906e+05,1.21729091e+03,0.00000000e+00,2.29997188e-01,7.70002812e-01,0.00000000e+00
5.25525526e+01,2.19761275e+00,7.50808025e+02,7.70445528e+05,1.21612914e+03,0.00000000e+00,2.29997178e-01,7.70002822e-01,0.00000000e+00
5.26526527e+01,2.19237518e+00,7.52479180e+02,7.67876218e+05,1.21496918e+03,0.00000000e+00,2.29997147e-01,7.70002853e-01,0.00000000e+00
5.27527528e+01,2.18714917e+00,7.54149809e+02,7.65314654e+05,1.21380954e+03,0.00000000e+00,2.29997128e-01,7.70002872e-01,0.00000000e+00
5.28528529e+01,2.18192845e+00,7.55822074e+02,7.62758853e+05,1.21265056e+03,0.00000000e+00,2.29997109e-01,7.70002891e-01,0.00000000e+00
5.29529530e+01,2.17671240e+00,7.57496135e+02,7.60206811e+05,1.21148941e+03,0.00000000e+00,2.29997104e-01,7.70002896e-01,0.00000000e+00
5.30530531e+01,2.17150220e+00,7.59171593e+02,7.57661014e+05,1.21032941e+03,0.00000000e+00,2.29997107e-01,7.70002893e-01,0.00000000e+00
5.31531532e+01,2.16630554e+00,7.60845851e+02,7.55123435e+05,1.20916942e+03,0.00000000e+00,2.29997097e-01,7.70002903e-01,0.00000000e+00
5.32532533e+01,2.16112493e+00,7.62517991e+02,7.52596734e+05,1.20801235e+03,0.00000000e+00,2.29997086e-01,7.70002914e-01,0.00000000e+00
5.33533534e+01,2.15595992e+00,7.64188212e+02,7.50079868e+05,1.20685680e+03,0.00000000e+00,2.29997052e-01,7.70002948e-01,0.00000000e+00
5.34534535e+01,2.15080514e+00,7.65858257e+02,7.47570236e+05,1.20570164e+03,0.00000000e+00,2.29997028e-01,7.70002972e-01,0.00000000e+00
5.35535536e+01,2.14565483e+00,7.67530189e+02,7.45065650e+05,1.20454657e+03,0.00000000e+00,2.29997003e-01,7.70002997e-01,0.00000000e+00
5.36536537e+01,2.14050896e+00,7.69203998e+02,7.42564766e+05,1.20338946e+03,0.00000000e+00,2.29996997e-01,7.70003003e-01,0.00000000e+00
5.37537538e+01,2.13536953e+00,7.70879055e+02,7.40070299e+05,1.20223356e+03,0.00000000e+00,2.29996994e-01,7.70003006e-01,0.00000000e+00
5.38538539e+01,2.13024357e+00,7.72552924e+02,7.37583831e+05,1.20107752e+03,0.00000000e+00,2.29996987e-01,7.70003013e-01,0.00000000e+00
5.39539540e+01,2.12513261e+00,7.74225005e+02,7.35107851e+05,1.19992455e+03,0.00000000e+00,2.29996978e-01,7.70003022e-01,0.00000000e+00
5.40540541e+01,2.12003702e+00,7.75895152e+02,7.32641251e+05,1.19877267e+03,0.00000000e+00,2.29996949e-01,7.70003051e-01,0.00000000e+00
5.41541542e+01,2.11495197e+00,7.77564930e+02,7.30182328e+05,1.19762187e+03,0.00000000e+00,2.29996928e-01,7.70003072e-01,0.00000000e+00
5.42542543e+01,2.10987256e+00,7.79236107e+02,7.27728704e+05,1.19647103e+03,0.00000000e+00,2.29996900e-01,7.70003100e-01,0.00000000e+00
5.43543544e+01,2.10479647e+00,7.80909449e+02,7.25278466e+05,1.19531834e+03,0.00000000e+00,2.29996891e-01,7.70003109e-01,0.00000000e+00
5.44544545e+01,2.09972370e+00,7.82585081e+02,7.22832939e+05,1.19416597e+03,0.00000000e+00,2.29996884e-01,7.70003116e-01,0.00000000e+00
5.45545546e+01,2.09466011e+00,7.84260954e+02,7.20393211e+05,1.19301239e+03,0.00000000e+00,2.29996882e-01,7.70003118e-01,0.00000000e+00
5.46546547e+01,2.08960893e+00,7.85935971e+02,7.17962734e+05,1.19186151e+03,0.00000000e+00,2.29996877e-01,7.70003123e-01,0.00000000e+00
5.47547548e+01,2.08457483e+00,7.87608481e+02,7.15542057e+05,1.19071159e+03,0.00000000e+00,2.29996856e-01,7.70003144e-01,0.00000000e+00
5.48548549e+01,2.07955639e+00,7.89278894e+02,7.13131783e+05,1.18956450e+03,0.00000000e+00,2.29996834e-01,7.70003166e-01,0.00000000e+00
5.49549550e+01,2.07455086e+00,7.90948191e+02,7.10729889e+05,1.18841848e+03,0.00000000e+00,2.29996797e-01,7.70003203e-01,0.00000000e+00
5.50550551e+01,2.06955360e+00,7.92617902e+02,7.08334077e+05,1.18727236e+03,0.00000000e+00,2.29996774e-01,7.70003226e-01,0.00000000e+00
5.51551552e+01,2.06456065e+00,7.94289496e+02,7.05943147e+05,1.18612642e+03,0.00000000e+00,2.29996750e-01,7.70003250e-01,0.00000000e+00
5.52552553e+01,2.05957197e+00,7.95962925e+02,7.03555752e+05,1.18497843e+03,0.00000000e+00,2.29996742e-01,7.70003258e-01,0.00000000e+00
5.53553554e+01,2.05458751e+00,7.97638276e+02,7.01173581e+05,1.18383125e+03,0.00000000e+00,2.29996739e-01,7.70003261e-01,0.00000000e+00
5.54554555e+01,2.04961210e+00,7.99313822e+02,6.98797116e+05,1.18268292e+03,0.00000000e+00,2.29996736e-01,7.70003264e-01,0.00000000e+00
5.55555556e+01,2.04464759e+00,8.00988924e+02,6.96428964e+05,1.18153682e+03,0.00000000e+00,2.29996734e-01,7.70003266e-01,0.00000000e+00
5.56556557e+01,2.03969771e+00,8.02662278e+02,6.94069567e+05,1.18039155e+03,0.00000000e+00,2.29996715e-01,7.70003285e-01,0.00000000e+00
5.57557558e+01,2.03476235e+00,8.04333879e+02,6.91719657e+05,1.17924847e+03,0.00000000e+00,2.29996698e-01,7.70003302e-01,0.00000000e+00
5.58558559e+01,2.02984045e+00,8.06004159e+02,6.89378530e+05,1.17810703e+03,0.00000000e+00,2.29996664e-01,7.70003336e-01,0.00000000e+00
5.59559560e+01,2.02492970e+00,8.07673833e+02,6.87044579e+05,1.17696584e+03,0.00000000e+00,2.29996637e-01,7.70003363e-01,0.00000000e+00
5.60560561e+01,2.02002624e+00,8.09344348e+02,6.84716994e+05,1.17582580e+03,0.00000000e+00,2.29996606e-01,7.70003394e-01,0.00000000e+00
5.61561562e+01,2.01512893e+00,8.11016015e+02,6.82393706e+05,1.17468403e+03,0.00000000e+00,2.29996586e-01,7.70003414e-01,0.00000000e+00
5.62562563e+01,2.01023548e+00,8.12689701e+02,6.80075344e+05,1.17354294e+03,0.00000000e+00,2.29996573e-01,7.70003427e-01,0.00000000e+00
5.63563564e+01,2.00534819e+00,8.14364555e+02,6.77761305e+05,1.17240016e+03,0.00000000e+00,2.29996563e-01,7.70003437e-01,0.00000000e+00
5.64564565e+01,2.00046792e+00,8.16040288e+02,6.75453442e+05,1.17125839e+03,0.00000000e+00,2.29996564e-01,7.70003436e-01,0.00000000e+00
5.65565566e+01,1.99559858e+00,8.17715548e+02,6.73152633e+05,1.17011690e+03,0.00000000e+00,2.29996555e-01,7.70003445e-01,0.00000000e+00
5.66566567e+01,1.99074248e+00,8.19389455e+02,6.70860368e+05,1.16897693e+03,0.00000000e+00,2.29996554e-01,7.70003446e-01,0.00000000e+00
5.67567568e+01,1.98590144e+00,8.21061446e+02,6.68577787e+05,1.16783945e+03,0.00000000e+00,2.29996537e-01,7.70003463e-01,0.00000000e+00
5.68568569e+01,1.98107688e+00,8.22730891e+02,6.66304631e+05,1.16670320e+03,0.00000000e+00,2.29996518e-01,7.70003482e-01,0.00000000e+00
5.69569570e+01,1.97626675e+00,8.24398579e+02,6.64041316e+05,1.16557017e+03,0.00000000e+00,2.29996488e-01,7.70003512e-01,0.00000000e+00
5.70570571e+01,1.97147005e+00,8.26064729e+02,6.61785674e+05,1.16443717e+03,0.00000000e+00,2.29996453e-01,7.70003547e-01,0.00000000e+00
5.71571572e+01,1.96668179e+00,8.27731181e+02,6.59537124e+05,1.16330617e+03,0.00000000e+00,2.29996415e-01,7.70003585e-01,0.00000000e+00
5.72572573e+01,1.96189952e+00,8.29398772e+02,6.57292790e+05,1.16217354e+03,0.00000000e+00,2.29996370e-01,7.70003630e-01,0.00000000e+00
5.73573574e+01,1.95711869e+00,8.31069138e+02,6.55051731e+05,1.16104034e+03,0.00000000e+00,2.29996336e-01,7.70003664e-01,0.00000000e+00
5.74574575e+01,1.95233669e+00,8.32743221e+02,6.52812569e+05,1.15990566e+03,0.00000000e+00,2.29996316e-01,7.70003684e-01,0.00000000e+00
5.75575576e+01,1.94755226e+00,8.34421555e+02,6.50573570e+05,1.15876714e+03,0.00000000e+00,2.29996331e-01,7.70003669e-01,0.00000000e+00
5.76576577e+01,1.94276994e+00,8.36102752e+02,6.48338140e+05,1.15762813e+03,0.00000000e+00,2.29996336e-01,7.70003664e-01,0.00000000e+00
5.77577578e+01,1.93799886e+00,8.37783277e+02,6.46109661e+05,1.15648923e+03,0.00000000e+00,2.29996345e-01,7.70003655e-01,0.00000000e+00
5.78578579e+01,1.93324263e+00,8.39461769e+02,6.43890749e+05,1.15535301e+03,0.00000000e+00,2.29996357e-01,7.70003643e-01,0.00000000e+00
5.79579580e+01,1.92850448e+00,8.41137089e+02,6.41682595e+05,1.15421970e+03,0.00000000e+00,2.29996341e-01,7.70003659e-01,0.00000000e+00
5.80580581e+01,1.92378548e+00,8.42808772e+02,6.39485266e+05,1.15308886e+03,0.00000000e+00,2.29996312e-01,7.70003688e-01,0.00000000e+00
5.81581582e+01,1.91908342e+00,8.44477644e+02,6.37298415e+05,1.15196121e+03,0.00000000e+00,2.29996272e-01,7.70003728e-01,0.00000000e+00
5.82582583e+01,1.91439544e+00,8.46144714e+02,6.35119904e+05,1.15083469e+03,0.00000000e+00,2.29996228e-01,7.70003772e-01,0.00000000e+00
5.83583584e+01,1.90971687e+00,8.47811670e+02,6.32948174e+05,1.14970927e+03,0.00000000e+00,2.29996194e-01,7.70003806e-01,0.00000000e+00
5.84584585e+01,1.90504448e+00,8.49479758e+02,6.30781489e+05,1.14858380e+03,0.00000000e+00,2.29996155e-01,7.70003845e-01,0.00000000e+00
5.85585586e+01,1.90037609e+00,8.51149722e+02,6.28618416e+05,1.14745697e+03,0.00000000e+00,2.29996132e-01,7.70003868e-01,0.00000000e+00
5.86586587e+01,1.89571023e+00,8.52822167e+02,6.26459004e+05,1.14632976e+03,0.00000000e+00,2.29996117e-01,7.70003883e-01,0.00000000e+00
5.87587588e+01,1.89104840e+00,8.54496512e+02,6.24303153e+05,1.14520108e+03,0.00000000e+00,2.29996105e-01,7.70003895e-01,0.00000000e+00
5.88588589e+01,1.88639197e+00,8.56172232e+02,6.22152073e+05,1.14407231e+03,0.00000000e+00,2.29996104e-01,7.70003896e-01,0.00000000e+00
5.89589590e+01,1.88174337e+00,8.57848507e+02,6.20006794e+05,1.14294390e+03,0.00000000e+00,2.29996095e-01,7.70003905e-01,0.00000000e+00
5.90590591e+01,1.87710532e+00,8.59524263e+02,6.17868117e+05,1.14181569e+03,0.00000000e+00,2.29996091e-01,7.70003909e-01,0.00000000e+00
5.91591592e+01,1.87247949e+00,8.61198920e+02,6.15737641e+05,1.14068964e+03,0.00000000e+00,2.29996081e-01,7.70003919e-01,0.00000000e+00
5.92592593e+01,1.86786813e+00,8.62871581e+02,6.13615576e+05,1.13956480e+03,0.00000000e+00,2.29996058e-01,7.70003942e-01,0.00000000e+00
5.93593594e+01,1.86327091e+00,8.64542312e+02,6.11502310e+05,1.13844212e+03,0.00000000e+00,2.29996035e-01,7.70003965e-01,0.00000000e+00
5.94594595e+01,1.85868678e+00,8.66211555e+02,6.09397314e+05,1.13732132e+03,0.00000000e+00,2.29995999e-01,7.70004001e-01,0.00000000e+00
5.95595596e+01,1.85411422e+00,8.67879804e+02,6.07299334e+05,1.13620102e+03,0.00000000e+00,2.29995969e-01,7.70004031e-01,0.00000000e+00
5.96596597e+01,1.84955080e+00,8.69548020e+02,6.05208100e+05,1.13508222e+03,0.00000000e+00,2.29995937e-01,7.70004063e-01,0.00000000e+00
5.97597598e+01,1.84499580e+00,8.71216419e+02,6.03122410e+05,1.13396313e+03,0.00000000e+00,2.29995900e-01,7.70004100e-01,0.00000000e+00
5.98598599e+01,1.84044714e+00,8.72885752e+02,6.01041843e+05,1.13284426e+03,0.00000000e+00,2.29995873e-01,7.70004127e-01,0.00000000e+00
5.99599600e+01,1.83590334e+00,8.74556656e+02,5.98965687e+05,1.13172519e+03,0.00000000e+00,2.29995842e-01,7.70004158e-01,0.00000000e+00
6.00600601e+01,1.83136386e+00,8.76229288e+02,5.96893138e+05,1.13060472e+03,0.00000000e+00,2.29995826e-01,7.70004174e-01,0.00000000e+00
6.01601602e+01,1.82682827e+00,8.77903908e+02,5.94824846e+05,1.12948437e+03,0.00000000e+00,2.29995817e-01,7.70004183e-01,0.00000000e+00
6.02602603e+01,1.82229871e+00,8.79579687e+02,5.92760907e+05,1.12836299e+03,0.00000000e+00,2.29995809e-01,7.70004191e-01,0.00000000e+00
6.03603604e+01,1.81777702e+00,8.81255899e+02,5.90702752e+05,1.12724219e+03,0.00000000e+00,2.29995810e-01,7.70004190e-01,0.00000000e+00
6.04604605e+01,1.81326556e+00,8.82931688e+02,5.88651399e+05,1.12612244e+03,0.00000000e+00,2.29995801e-01,7.70004199e-01,0.00000000e+00
6.05605606e+01,1.80876655e+00,8.84606131e+02,5.86607378e+05,1.12500343e+03,0.00000000e+00,2.29995793e-01,7.70004207e-01,0.00000000e+00
6.06606607e+01,1.80428096e+00,8.86278900e+02,5.84571983e+05,1.12388707e+03,0.00000000e+00,2.29995777e-01,7.70004223e-01,0.00000000e+00
6.07607608e+01,1.79981011e+00,8.87949425e+02,5.82544880e+05,1.12277193e+03,0.00000000e+00,2.29995750e-01,7.70004250e-01,0.00000000e+00
6.08608609e+01,1.79535323e+00,8.89617975e+02,5.80526394e+05,1.12165915e+03,0.00000000e+00,2.29995722e-01,7.70004278e-01,0.00000000e+00
6.09609610e+01,1.79090961e+00,8.91284825e+02,5.78515991e+05,1.12054820e+03,0.00000000e+00,2.29995678e-01,7.70004322e-01,0.00000000e+00
6.10610611e+01,1.78647748e+00,8.92950575e+02,5.76512498e+05,1.11943793e+03,0.00000000e+00,2.29995639e-01,7.70004361e-01,0.00000000e+00
6.11611612e+01,1.78205408e+00,8.94616370e+02,5.74515419e+05,1.11832915e+03,0.00000000e+00,2.29995595e-01,7.70004405e-01,0.00000000e+00
6.12612613e+01,1.77763824e+00,8.96282567e+02,5.72523266e+05,1.11721971e+03,0.00000000e+00,2.29995547e-01,7.70004453e-01,0.00000000e+00
6.13613614e+01,1.77322704e+00,8.97950308e+02,5.70535519e+05,1.11611044e+03,0.00000000e+00,2.29995510e-01,7.70004490e-01,0.00000000e+00
6.14614615e+01,1.76881857e+00,8.99620423e+02,5.68550884e+05,1.11500003e+03,0.00000000e+00,2.29995474e-01,7.70004526e-01,0.00000000e+00
6.15615616e+01,1.76441197e+00,9.01293202e+02,5.66568783e+05,1.11388787e+03,0.00000000e+00,2.29995453e-01,7.70004547e-01,0.00000000e+00
6.16616617e+01,1.76000738e+00,9.02968639e+02,5.64589984e+05,1.11277538e+03,0.00000000e+00,2.29995426e-01,7.70004574e-01,0.00000000e+00
6.17617618e+01,1.75560594e+00,9.04646163e+02,5.62614096e+05,1.11166105e+03,0.00000000e+00,2.29995402e-01,7.70004598e-01,0.00000000e+00
6.18618619e+01,1.75120650e+00,9.06326341e+02,5.60641449e+05,1.11054629e+03,0.00000000e+00,2.29995398e-01,7.70004602e-01,0.00000000e+00
6.19619620e+01,1.74680978e+00,9.08009040e+02,5.58671733e+05,1.10943001e+03,0.00000000e+00,2.29995409e-01,7.70004591e-01,0.00000000e+00
6.20620621e+01,1.74241872e+00,9.09693128e+02,5.56706241e+05,1.10831290e+03,0.00000000e+00,2.29995448e-01,7.70004552e-01,0.00000000e+00
6.21621622e+01,1.73803884e+00,9.11376471e+02,5.54748040e+05,1.10719758e+03,0.00000000e+00,2.29995477e-01,7.70004523e-01,0.00000000e+00
6.22622623e+01,1.73367711e+00,9.13056079e+02,5.52799467e+05,1.10608430e+03,0.00000000e+00,2.29995484e-01,7.70004516e-01,0.00000000e+00
6.23623624e+01,1.72933678e+00,9.14730590e+02,5.50863013e+05,1.10497604e+03,0.00000000e+00,2.29995459e-01,7.70004541e-01,0.00000000e+00
6.24624625e+01,1.72501852e+00,9.16399644e+02,5.48938276e+05,1.10387164e+03,0.00000000e+00,2.29995395e-01,7.70004605e-01,0.00000000e+00
6.25625626e+01,1.72071862e+00,9.18064689e+02,5.47023740e+05,1.10277049e+03,0.00000000e+00,2.29995326e-01,7.70004674e-01,0.00000000e+00
6.26626627e+01,1.71643158e+00,9.19728057e+02,5.45117191e+05,1.10167171e+03,0.00000000e+00,2.29995253e-01,7.70004747e-01,0.00000000e+00
6.27627628e+01,1.71215300e+00,9.21391482e+02,5.43215781e+05,1.10057240e+03,0.00000000e+00,2.29995198e-01,7.70004802e-01,0.00000000e+00
6.28628629e+01,1.70787903e+00,9.23056625e+02,5.41318712e+05,1.09947344e+03,0.00000000e+00,2.29995165e-01,7.70004835e-01,0.00000000e+00
6.29629630e+01,1.70360937e+00,9.24723559e+02,5.39424999e+05,1.09837302e+03,0.00000000e+00,2.29995140e-01,7.70004860e-01,0.00000000e+00
6.30630631e+01,1.69934431e+00,9.26392119e+02,5.37535270e+05,1.09727224e+03,0.00000000e+00,2.29995131e-01,7.70004869e-01,0.00000000e+00
6.31631632e+01,1.69508539e+00,9.28061682e+02,5.35650287e+05,1.09617166e+03,0.00000000e+00,2.29995111e-01,7.70004889e-01,0.00000000e+00
6.32632633e+01,1.69083421e+00,9.29731474e+02,5.33770305e+05,1.09507078e+03,0.00000000e+00,2.29995088e-01,7.70004912e-01,0.00000000e+00
6.33633634e+01,1.68659064e+00,9.31401602e+02,5.31896039e+05,1.09397117e+03,0.00000000e+00,2.29995057e-01,7.70004943e-01,0.00000000e+00
6.34634635e+01,1.68235485e+00,9.33071946e+02,5.30026754e+05,1.09287122e+03,0.00000000e+00,2.29995018e-01,7.70004982e-01,0.00000000e+00
6.35635636e+01,1.67812543e+00,9.34743125e+02,5.28162391e+05,1.09177176e+03,0.00000000e+00,2.29994986e-01,7.70005014e-01,0.00000000e+00
6.36636637e+01,1.67390163e+00,9.36415502e+02,5.26302327e+05,1.09067198e+03,0.00000000e+00,2.29994957e-01,7.70005043e-01,0.00000000e+00
6.37637638e+01,1.66968312e+00,9.38089216e+02,5.24446252e+05,1.08957148e+03,0.00000000e+00,2.29994945e-01,7.70005055e-01,0.00000000e+00
6.38638639e+01,1.66547029e+00,9.39764203e+02,5.22594743e+05,1.08847121e+03,0.00000000e+00,2.29994942e-01,7.70005058e-01,0.00000000e+00
6.39639640e+01,1.66126534e+00,9.41439510e+02,5.20748190e+05,1.08737055e+03,0.00000000e+00,2.29994948e-01,7.70005052e-01,0.00000000e+00
6.40640641e+01,1.65707041e+00,9.43114277e+02,5.18908098e+05,1.08627125e+03,0.00000000e+00,2.29994959e-01,7.70005041e-01,0.00000000e+00
6.41641642e+01,1.65288863e+00,9.44787175e+02,5.17075538e+05,1.08517355e+03,0.00000000e+00,2.29994956e-01,7.70005044e-01,0.00000000e+00
6.42642643e+01,1.64872246e+00,9.46457086e+02,5.15251641e+05,1.08407824e+03,0.00000000e+00,2.29994940e-01,7.70005060e-01,0.00000000e+00
6.43643644e+01,1.64457297e+00,9.48123517e+02,5.13437204e+05,1.08298635e+03,0.00000000e+00,2.29994893e-01,7.70005107e-01,0.00000000e+00
6.44644645e+01,1.64043972e+00,9.49786521e+02,5.11631593e+05,1.08189688e+03,0.00000000e+00,2.29994821e-01,7.70005179e-01,0.00000000e+00
6.45645646e+01,1.63631933e+00,9.51447486e+02,5.09833729e+05,1.08080984e+03,0.00000000e+00,2.29994739e-01,7.70005261e-01,0.00000000e+00
6.46646647e+01,1.63220736e+00,9.53108338e+02,5.08041368e+05,1.07972343e+03,0.00000000e+00,2.29994655e-01,7.70005345e-01,0.00000000e+00
6.47647648e+01,1.62809929e+00,9.54771017e+02,5.06252314e+05,1.07863601e+03,0.00000000e+00,2.29994593e-01,7.70005407e-01,0.00000000e+00
6.48648649e+01,1.62399185e+00,9.56437002e+02,5.04465480e+05,1.07754740e+03,0.00000000e+00,2.29994557e-01,7.70005443e-01,0.00000000e+00
6.49649650e+01,1.61988422e+00,9.58106654e+02,5.02680007e+05,1.07645633e+03,0.00000000e+00,2.29994551e-01,7.70005449e-01,0.00000000e+00
6.50650651e+01,1.61577754e+00,9.59779556e+02,5.00896621e+05,1.07536355e+03,0.00000000e+00,2.29994567e-01,7.70005433e-01,0.00000000e+00
6.51651652e+01,1.61167529e+00,9.61454199e+02,4.99116989e+05,1.07427033e+03,0.00000000e+00,2.29994583e-01,7.70005417e-01,0.00000000e+00
6.52652653e+01,1.60758165e+00,9.63128696e+02,4.97342825e+05,1.07317759e+03,0.00000000e+00,2.29994576e-01,7.70005424e-01,0.00000000e+00
6.53653654e+01,1.60349960e+00,9.64801586e+02,4.95575658e+05,1.07208664e+03,0.00000000e+00,2.29994536e-01,7.70005464e-01,0.00000000e+00
6.54654655e+01,1.59942902e+00,9.66472856e+02,4.93815545e+05,1.07099774e+03,0.00000000e+00,2.29994464e-01,7.70005536e-01,0.00000000e+00
6.55655656e+01,1.59536696e+00,9.68143827e+02,4.92060905e+05,1.06990948e+03,0.00000000e+00,2.29994384e-01,7.70005616e-01,0.00000000e+00
6.56656657e+01,1.59130924e+00,9.69816405e+02,4.90309989e+05,1.06882086e+03,0.00000000e+00,2.29994325e-01,7.70005675e-01,0.00000000e+00
6.57657658e+01,1.58725244e+00,9.71492273e+02,4.88561125e+05,1.06773055e+03,0.00000000e+00,2.29994303e-01,7.70005697e-01,0.00000000e+00
6.58658659e+01,1.58319603e+00,9.73171816e+02,4.86813836e+05,1.06663784e+03,0.00000000e+00,2.29994321e-01,7.70005679e-01,0.00000000e+00
6.59659660e+01,1.57914335e+00,9.74853536e+02,4.85069859e+05,1.06554428e+03,0.00000000e+00,2.29994357e-01,7.70005643e-01,0.00000000e+00
6.60660661e+01,1.57509943e+00,9.76535132e+02,4.83331369e+05,1.06445125e+03,0.00000000e+00,2.29994390e-01,7.70005610e-01,0.00000000e+00
6.61661662e+01,1.57106846e+00,9.78214768e+02,4.81600153e+05,1.06335989e+03,0.00000000e+00,2.29994411e-01,7.70005589e-01,0.00000000e+00
6.62662663e+01,1.56705423e+00,9.79890707e+02,4.79878112e+05,1.06227188e+03,0.00000000e+00,2.29994396e-01,7.70005604e-01,0.00000000e+00
6.63663664e+01,1.56305911e+00,9.81561682e+02,4.78166201e+05,1.06118777e+03,0.00000000e+00,2.29994339e-01,7.70005661e-01,0.00000000e+00
6.64664665e+01,1.55908118e+00,9.83228539e+02,4.76463592e+05,1.06010712e+03,0.00000000e+00,2.29994268e-01,7.70005732e-01,0.00000000e+00
6.65665666e+01,1.55511648e+00,9.84893240e+02,4.74768481e+05,1.05902866e+03,0.00000000e+00,2.29994195e-01,7.70005805e-01,0.00000000e+00
6.66666667e+01,1.55116267e+00,9.86556761e+02,4.73079627e+05,1.05795125e+03,0.00000000e+00,2.29994118e-01,7.70005882e-01,0.00000000e+00
6.67667668e+01,1.54721768e+00,9.88219834e+02,4.71396385e+05,1.05687488e+03,0.00000000e+00,2.29994045e-01,7.70005955e-01,0.00000000e+00
6.68668669e+01,1.54327816e+00,9.89884055e+02,4.69717208e+05,1.05579841e+03,0.00000000e+00,2.29993995e-01,7.70006005e-01,0.00000000e+00
6.69669670e+01,1.53934159e+00,9.91550758e+02,4.68040664e+05,1.05472036e+03,0.00000000e+00,2.29993979e-01,7.70006021e-01,0.00000000e+00
6.70670671e+01,1.53540892e+00,9.93219489e+02,4.66367429e+05,1.05364157e+03,0.00000000e+00,2.29993973e-01,7.70006027e-01,0.00000000e+00
6.71671672e+01,1.53148332e+00,9.94888588e+02,4.64698928e+05,1.05256310e+03,0.00000000e+00,2.29993950e-01,7.70006050e-01,0.00000000e+00
6.72672673e+01,1.52756595e+00,9.96557420e+02,4.63035658e+05,1.05148531e+03,0.00000000e+00,2.29993924e-01,7.70006076e-01,0.00000000e+00
6.73673674e+01,1.52365606e+00,9.98226515e+02,4.61377375e+05,1.05040817e+03,0.00000000e+00,2.29993901e-01,7.70006099e-01,0.00000000e+00
6.74674675e+01,1.51975408e+00,9.99895746e+02,4.59723998e+05,1.04933122e+03,0.00000000e+00,2.29993872e-01,7.70006128e-01,0.00000000e+00
6.75675676e+01,1.51586134e+00,1.00156434e+03,4.58076267e+05,1.04825526e+03,0.00000000e+00,2.29993827e-01,7.70006173e-01,0.00000000e+00
6.76676677e+01,1.51197798e+00,1.00323214e+03,4.56434435e+05,1.04718079e+03,0.00000000e+00,2.29993761e-01,7.70006239e-01,0.00000000e+00
6.77677678e+01,1.50810224e+00,1.00489996e+03,4.54797444e+05,1.04610664e+03,0.00000000e+00,2.29993692e-01,7.70006308e-01,0.00000000e+00
6.78678679e+01,1.50423168e+00,1.00656902e+03,4.53164348e+05,1.04503234e+03,0.00000000e+00,2.29993629e-01,7.70006371e-01,0.00000000e+00
6.79679680e+01,1.50036510e+00,1.00823986e+03,4.51534623e+05,1.04395752e+03,0.00000000e+00,2.29993563e-01,7.70006437e-01,0.00000000e+00
6.80680681e+01,1.49650158e+00,1.00991275e+03,4.49907761e+05,1.04288165e+03,0.00000000e+00,2.29993505e-01,7.70006495e-01,0.00000000e+00
6.81681682e+01,1.49263914e+00,1.01158870e+03,4.48283153e+05,1.04180469e+03,0.00000000e+00,2.29993472e-01,7.70006528e-01,0.00000000e+00
6.82682683e+01,1.48877656e+00,1.01326846e+03,4.46659872e+05,1.04072534e+03,0.00000000e+00,2.29993482e-01,7.70006518e-01,0.00000000e+00
6.83683684e+01,1.48491494e+00,1.01495174e+03,4.45038369e+05,1.03964387e+03,0.00000000e+00,2.29993532e-01,7.70006468e-01,0.00000000e+00
6.84684685e+01,1.48105877e+00,1.01663645e+03,4.43420779e+05,1.03856210e+03,0.00000000e+00,2.29993589e-01,7.70006411e-01,0.00000000e+00
6.85685686e+01,1.47721405e+00,1.01831959e+03,4.41809589e+05,1.03748167e+03,0.00000000e+00,2.29993621e-01,7.70006379e-01,0.00000000e+00
6.86686687e+01,1.47338501e+00,1.01999905e+03,4.40206855e+05,1.03640448e+03,0.00000000e+00,2.29993622e-01,7.70006378e-01,0.00000000e+00
6.87687688e+01,1.46957330e+00,1.02167407e+03,4.38613322e+05,1.03533117e+03,0.00000000e+00,2.29993588e-01,7.70006412e-01,0.00000000e+00
6.88688689e+01,1.46577880e+00,1.02334475e+03,4.37028628e+05,1.03426106e+03,0.00000000e+00,2.29993535e-01,7.70006465e-01,0.00000000e+00
6.89689690e+01,1.46200028e+00,1.02501170e+03,4.35452441e+05,1.03319427e+03,0.00000000e+00,2.29993467e-01,7.70006533e-01,0.00000000e+00
6.90690691e+01,1.45823638e+00,1.02667548e+03,4.33884063e+05,1.03213019e+03,0.00000000e+00,2.29993378e-01,7.70006622e-01,0.00000000e+00
6.91691692e+01,1.45448491e+00,1.02833704e+03,4.32322472e+05,1.03106797e+03,0.00000000e+00,2.29993284e-01,7.70006716e-01,0.00000000e+00
6.92692693e+01,1.45074269e+00,1.02999790e+03,4.30766497e+05,1.03000712e+03,0.00000000e+00,2.29993197e-01,7.70006803e-01,0.00000000e+00
6.93693694e+01,1.44700690e+00,1.03165944e+03,4.29214623e+05,1.02894605e+03,0.00000000e+00,2.29993127e-01,7.70006873e-01,0.00000000e+00
6.94694695e+01,1.44327558e+00,1.03332265e+03,4.27666051e+05,1.02788424e+03,0.00000000e+00,2.29993082e-01,7.70006918e-01,0.00000000e+00
6.95695696e+01,1.43954844e+00,1.03498766e+03,4.26120778e+05,1.02682189e+03,0.00000000e+00,2.29993046e-01,7.70006954e-01,0.00000000e+00
6.96696697e+01,1.43582647e+00,1.03665386e+03,4.24579063e+05,1.02575894e+03,0.00000000e+00,2.29993007e-01,7.70006993e-01,0.00000000e+00
6.97697698e+01,1.43211029e+00,1.03832085e+03,4.23041468e+05,1.02469629e+03,0.00000000e+00,2.29992960e-01,7.70007040e-01,0.00000000e+00
6.98698699e+01,1.42839985e+00,1.03998861e+03,4.21507933e+05,1.02363385e+03,0.00000000e+00,2.29992903e-01,7.70007097e-01,0.00000000e+00
6.99699700e+01,1.42469418e+00,1.04165762e+03,4.19977878e+05,1.02257094e+03,0.00000000e+00,2.29992855e-01,7.70007145e-01,0.00000000e+00
7.00700701e+01,1.42099197e+00,1.04332866e+03,4.18450904e+05,1.02150751e+03,0.00000000e+00,2.29992830e-01,7.70007170e-01,0.00000000e+00
7.01701702e+01,1.41729313e+00,1.04500189e+03,4.16926686e+05,1.02044287e+03,0.00000000e+00,2.29992828e-01,7.70007172e-01,0.00000000e+00
7.02702703e+01,1.41359889e+00,1.04667677e+03,4.15405772e+05,1.01937743e+03,0.00000000e+00,2.29992850e-01,7.70007150e-01,0.00000000e+00
7.03703704e+01,1.40991190e+00,1.04835202e+03,4.13889445e+05,1.01831246e+03,0.00000000e+00,2.29992871e-01,7.70007129e-01,0.00000000e+00
7.04704705e+01,1.40623549e+00,1.05002590e+03,4.12378949e+05,1.01724864e+03,0.00000000e+00,2.29992874e-01,7.70007126e-01,0.00000000e+00
7.05705706e+01,1.40257205e+00,1.05169714e+03,4.10875551e+05,1.01618739e+03,0.00000000e+00,2.29992852e-01,7.70007148e-01,0.00000000e+00
7.06706707e+01,1.39892267e+00,1.05336518e+03,4.09379705e+05,1.01512911e+03,0.00000000e+00,2.29992796e-01,7.70007204e-01,0.00000000e+00
7.07707708e+01,1.39528689e+00,1.05503018e+03,4.07891034e+05,1.01407324e+03,0.00000000e+00,2.29992720e-01,7.70007280e-01,0.00000000e+00
7.08708709e+01,1.39166283e+00,1.05669310e+03,4.06408941e+05,1.01301971e+03,0.00000000e+00,2.29992634e-01,7.70007366e-01,0.00000000e+00
7.09709710e+01,1.38804846e+00,1.05835499e+03,4.04932319e+05,1.01196730e+03,0.00000000e+00,2.29992544e-01,7.70007456e-01,0.00000000e+00
7.10710711e+01,1.38444165e+00,1.06001687e+03,4.03460258e+05,1.01091530e+03,0.00000000e+00,2.29992464e-01,7.70007536e-01,0.00000000e+00
7.11711712e+01,1.38084064e+00,1.06167962e+03,4.01992174e+05,1.00986354e+03,0.00000000e+00,2.29992388e-01,7.70007612e-01,0.00000000e+00
7.12712713e+01,1.37724440e+00,1.06334370e+03,4.00527382e+05,1.00881110e+03,0.00000000e+00,2.29992319e-01,7.70007681e-01,0.00000000e+00
7.13713714e+01,1.37365191e+00,1.06500958e+03,3.99065664e+05,1.00775814e+03,0.00000000e+00,2.29992260e-01,7.70007740e-01,0.00000000e+00
7.14714715e+01,1.37006258e+00,1.06667756e+03,3.97606762e+05,1.00670448e+03,0.00000000e+00,2.29992206e-01,7.70007794e-01,0.00000000e+00
7.15715716e+01,1.36647604e+00,1.06834781e+03,3.96150339e+05,1.00564953e+03,0.00000000e+00,2.29992166e-01,7.70007834e-01,0.00000000e+00
7.16716717e+01,1.36289202e+00,1.07002053e+03,3.94696514e+05,1.00459378e+03,0.00000000e+00,2.29992144e-01,7.70007856e-01,0.00000000e+00
7.17717718e+01,1.35931113e+00,1.07169548e+03,3.93245325e+05,1.00353688e+03,0.00000000e+00,2.29992137e-01,7.70007863e-01,0.00000000e+00
7.18718719e+01,1.35573458e+00,1.07337209e+03,3.91797265e+05,1.00247920e+03,0.00000000e+00,2.29992148e-01,7.70007852e-01,0.00000000e+00
7.19719720e+01,1.35216421e+00,1.07504948e+03,3.90353276e+05,1.00142179e+03,0.00000000e+00,2.29992165e-01,7.70007835e-01,0.00000000e+00
7.20720721e+01,1.34860250e+00,1.07672637e+03,3.88914153e+05,1.00036487e+03,0.00000000e+00,2.29992179e-01,7.70007821e-01,0.00000000e+00
7.21721722e+01,1.34505168e+00,1.07840162e+03,3.87481025e+05,9.99309723e+02,0.00000000e+00,2.29992185e-01,7.70007815e-01,0.00000000e+00
7.22722723e+01,1.34151378e+00,1.08007421e+03,3.86054736e+05,9.98257059e+02,0.00000000e+00,2.29992169e-01,7.70007831e-01,0.00000000e+00
7.23723724e+01,1.33799021e+00,1.08174331e+03,3.84635715e+05,9.97206988e+02,0.00000000e+00,2.29992131e-01,7.70007869e-01,0.00000000e+00
7.24724725e+01,1.33448127e+00,1.08340876e+03,3.83224354e+05,9.96160359e+02,0.00000000e+00,2.29992066e-01,7.70007934e-01,0.00000000e+00
7.25725726e+01,1.33098654e+00,1.08507071e+03,3.81820270e+05,9.95116554e+02,0.00000000e+00,2.29991973e-01,7.70008027e-01,0.00000000e+00
7.26726727e+01,1.32750442e+00,1.08672988e+03,3.80422824e+05,9.94075152e+02,0.00000000e+00,2.29991865e-01,7.70008135e-01,0.00000000e+00
7.27727728e+01,1.32403255e+00,1.08838751e+03,3.79031171e+05,9.93035757e+02,0.00000000e+00,2.29991745e-01,7.70008255e-01,0.00000000e+00
7.28728729e+01,1.32056837e+00,1.09004484e+03,3.77643963e+05,9.91996793e+02,0.00000000e+00,2.29991625e-01,7.70008375e-01,0.00000000e+00
7.29729730e+01,1.31710901e+00,1.09170337e+03,3.76260197e+05,9.90957813e+02,0.00000000e+00,2.29991519e-01,7.70008481e-01,0.00000000e+00
7.30730731e+01,1.31365210e+00,1.09336435e+03,3.74878807e+05,9.89917783e+02,0.00000000e+00,2.29991427e-01,7.70008573e-01,0.00000000e+00
7.31731732e+01,1.31019602e+00,1.09502864e+03,3.73498945e+05,9.88875694e+02,0.00000000e+00,2.29991349e-01,7.70008651e-01,0.00000000e+00
7.32732733e+01,1.30673971e+00,1.09669674e+03,3.72120375e+05,9.87831697e+02,0.00000000e+00,2.29991321e-01,7.70008679e-01,0.00000000e+00
7.33733734e+01,1.30328251e+00,1.09836925e+03,3.70742737e+05,9.86785323e+02,0.00000000e+00,2.29991337e-01,7.70008663e-01,0.00000000e+00
7.34734735e+01,1.29982739e+00,1.10004458e+03,3.69367206e+05,9.85737433e+02,0.00000000e+00,2.29991341e-01,7.70008659e-01,0.00000000e+00
7.35735736e+01,1.29637702e+00,1.10172112e+03,3.67994864e+05,9.84688879e+02,0.00000000e+00,2.29991348e-01,7.70008652e-01,0.00000000e+00
7.36736737e+01,1.29293300e+00,1.10339814e+03,3.66626738e+05,9.83641208e+02,0.00000000e+00,2.29991349e-01,7.70008651e-01,0.00000000e+00
7.37737738e+01,1.28949721e+00,1.10507467e+03,3.65263253e+05,9.82594145e+02,0.00000000e+00,2.29991334e-01,7.70008666e-01,0.00000000e+00
7.38738739e+01,1.28607100e+00,1.10674995e+03,3.63904954e+05,9.81548172e+02,0.00000000e+00,2.29991315e-01,7.70008685e-01,0.00000000e+00
7.39739740e+01,1.28265511e+00,1.10842370e+03,3.62552523e+05,9.80504589e+02,0.00000000e+00,2.29991278e-01,7.70008722e-01,0.00000000e+00
7.40740741e+01,1.27925048e+00,1.11009531e+03,3.61205842e+05,9.79462398e+02,0.00000000e+00,2.29991222e-01,7.70008778e-01,0.00000000e+00
7.41741742e+01,1.27585678e+00,1.11176495e+03,3.59864994e+05,9.78422127e+02,0.00000000e+00,2.29991161e-01,7.70008839e-01,0.00000000e+00
7.42742743e+01,1.27247361e+00,1.11343286e+03,3.58530047e+05,9.77384295e+02,0.00000000e+00,2.29991072e-01,7.70008928e-01,0.00000000e+00
7.43743744e+01,1.26910055e+00,1.11509902e+03,3.57200359e+05,9.76347527e+02,0.00000000e+00,2.29990970e-01,7.70009030e-01,0.00000000e+00
7.44744745e+01,1.26573535e+00,1.11676473e+03,3.55875402e+05,9.75312150e+02,0.00000000e+00,2.29990876e-01,7.70009124e-01,0.00000000e+00
7.45745746e+01,1.26237606e+00,1.11843118e+03,3.54554197e+05,9.74276990e+02,0.00000000e+00,2.29990781e-01,7.70009219e-01,0.00000000e+00
7.46746747e+01,1.25902182e+00,1.12009865e+03,3.53236140e+05,9.73241085e+02,0.00000000e+00,2.29990694e-01,7.70009306e-01,0.00000000e+00
7.47747748e+01,1.25567136e+00,1.12176778e+03,3.51921220e+05,9.72205390e+02,0.00000000e+00,2.29990620e-01,7.70009380e-01,0.00000000e+00
7.48748749e+01,1.25232337e+00,1.12343939e+03,3.50608487e+05,9.71168293e+02,0.00000000e+00,2.29990572e-01,7.70009428e-01,0.00000000e+00
7.49749750e+01,1.24897706e+00,1.12511408e+03,3.49297554e+05,9.70129339e+02,0.00000000e+00,2.29990568e-01,7.70009432e-01,0.00000000e+00
7.50750751e+01,1.24563318e+00,1.12679157e+03,3.47988865e+05,9.69089161e+02,0.00000000e+00,2.29990598e-01,7.70009402e-01,0.00000000e+00
7.51751752e+01,1.24229404e+00,1.12847071e+03,3.46683032e+05,9.68047663e+02,0.00000000e+00,2.29990576e-01,7.70009424e-01,0.00000000e+00
7.52752753e+01,1.23896313e+00,1.13014974e+03,3.45381650e+05,9.67006561e+02,0.00000000e+00,2.29990325e-01,7.70009675e-01,0.00000000e+00
7.53753754e+01,1.23564595e+00,1.13182421e+03,3.44087699e+05,9.65970034e+02,0.00000000e+00,2.29990586e-01,7.70009414e-01,0.00000000e+00
7.54754755e+01,1.23235196e+00,1.13349124e+03,3.42803819e+05,9.64938082e+02,0.00000000e+00,2.29990596e-01,7.70009404e-01,0.00000000e+00
7.55755756e+01,1.22907810e+00,1.13515042e+03,3.41529747e+05,9.63912484e+02,0.00000000e+00,2.29990449e-01,7.70009551e-01,0.00000000e+00
7.56756757e+01,1.22581668e+00,1.13680602e+03,3.40262400e+05,9.62890662e+02,0.00000000e+00,2.29990287e-01,7.70009713e-01,0.00000000e+00
7.57757758e+01,1.22256225e+00,1.13846177e+03,3.38999036e+05,9.61869192e+02,0.00000000e+00,2.29990158e-01,7.70009842e-01,0.00000000e+00
7.58758759e+01,1.21931181e+00,1.14011948e+03,3.37738179e+05,9.60846261e+02,0.00000000e+00,2.29990074e-01,7.70009926e-01,0.00000000e+00
7.59759760e+01,1.21606451e+00,1.14177958e+03,3.36479727e+05,9.59822247e+02,0.00000000e+00,2.29990021e-01,7.70009979e-01,0.00000000e+00
7.60760761e+01,1.21282099e+00,1.14344150e+03,3.35223892e+05,9.58797254e+02,0.00000000e+00,2.29989978e-01,7.70010022e-01,0.00000000e+00
7.61761762e+01,1.20958199e+00,1.14510470e+03,3.33971133e+05,9.57772006e+02,0.00000000e+00,2.29989939e-01,7.70010061e-01,0.00000000e+00
7.62762763e+01,1.20634804e+00,1.14676888e+03,3.32721697e+05,9.56746796e+02,0.00000000e+00,2.29989901e-01,7.70010099e-01,0.00000000e+00
7.63763764e+01,1.20311958e+00,1.14843383e+03,3.31475596e+05,9.55721338e+02,0.00000000e+00,2.29989871e-01,7.70010129e-01,0.00000000e+00
7.64764765e+01,1.19989711e+00,1.15009936e+03,3.30233221e+05,9.54696361e+02,0.00000000e+00,2.29989839e-01,7.70010161e-01,0.00000000e+00
7.65765766e+01,1.19668175e+00,1.15176477e+03,3.28994819e+05,9.53671712e+02,0.00000000e+00,2.29989792e-01,7.70010208e-01,0.00000000e+00
7.66766767e+01,1.19347434e+00,1.15342943e+03,3.27760923e+05,9.52648297e+02,0.00000000e+00,2.29989724e-01,7.70010276e-01,0.00000000e+00
7.67767768e+01,1.19027509e+00,1.15509316e+03,3.26531781e+05,9.51626690e+02,0.00000000e+00,2.29989621e-01,7.70010379e-01,0.00000000e+00
7.68768769e+01,1.18708327e+00,1.15675621e+03,3.25306823e+05,9.50605851e+02,0.00000000e+00,2.29989499e-01,7.70010501e-01,0.00000000e+00
7.69769770e+01,1.18389679e+00,1.15841985e+03,3.24085517e+05,9.49585923e+02,0.00000000e+00,2.29989379e-01,7.70010621e-01,0.00000000e+00
7.70770771e+01,1.18071346e+00,1.16008547e+03,3.22866661e+05,9.48565163e+02,0.00000000e+00,2.29989276e-01,7.70010724e-01,0.00000000e+00
7.71771772e+01,1.17753135e+00,1.16175428e+03,3.21649324e+05,9.47542383e+02,0.00000000e+00,2.29989215e-01,7.70010785e-01,0.00000000e+00
7.72772773e+01,1.17434950e+00,1.16342706e+03,3.20433279e+05,9.46517669e+02,0.00000000e+00,2.29989203e-01,7.70010797e-01,0.00000000e+00
7.73773774e+01,1.17116876e+00,1.16510338e+03,3.19218659e+05,9.45490722e+02,0.00000000e+00,2.29989230e-01,7.70010770e-01,0.00000000e+00
7.74774775e+01,1.16799148e+00,1.16678194e+03,3.18006523e+05,9.44462756e+02,0.00000000e+00,2.29989260e-01,7.70010740e-01,0.00000000e+00
7.75775776e+01,1.16482090e+00,1.16846069e+03,3.16797954e+05,9.43434372e+02,0.00000000e+00,2.29989245e-01,7.70010755e-01,0.00000000e+00
7.76776777e+01,1.16165987e+00,1.17013794e+03,3.15594592e+05,9.42408162e+02,0.00000000e+00,2.29989100e-01,7.70010900e-01,0.00000000e+00
7.77777778e+01,1.15851099e+00,1.17181160e+03,3.14397572e+05,9.41385492e+02,0.00000000e+00,2.29989149e-01,7.70010851e-01,0.00000000e+00
7.78778779e+01,1.15537760e+00,1.17348070e+03,3.13207552e+05,9.40365654e+02,0.00000000e+00,2.29989147e-01,7.70010853e-01,0.00000000e+00
7.79779780e+01,1.15225875e+00,1.17514543e+03,3.12024648e+05,9.39349819e+02,0.00000000e+00,2.29989047e-01,7.70010953e-01,0.00000000e+00
7.80780781e+01,1.14915164e+00,1.17680700e+03,3.10847645e+05,9.38336698e+02,0.00000000e+00,2.29988920e-01,7.70011080e-01,0.00000000e+00
7.81781782e+01,1.14605408e+00,1.17846690e+03,3.09675560e+05,9.37325165e+02,0.00000000e+00,2.29988796e-01,7.70011204e-01,0.00000000e+00
7.82782783e+01,1.14296417e+00,1.18012633e+03,3.08507753e+05,9.36314861e+02,0.00000000e+00,2.29988678e-01,7.70011322e-01,0.00000000e+00
7.83783784e+01,1.13988064e+00,1.18178602e+03,3.07343419e+05,9.35304417e+02,0.00000000e+00,2.29988571e-01,7.70011429e-01,0.00000000e+00
7.84784785e+01,1.13680237e+00,1.18344657e+03,3.06182283e+05,9.34293930e+02,0.00000000e+00,2.29988479e-01,7.70011521e-01,0.00000000e+00
7.85785786e+01,1.13372870e+00,1.18510838e+03,3.05024174e+05,9.33283424e+02,0.00000000e+00,2.29988394e-01,7.70011606e-01,0.00000000e+00
7.86786787e+01,1.13065936e+00,1.18677153e+03,3.03868744e+05,9.32272081e+02,0.00000000e+00,2.29988317e-01,7.70011683e-01,0.00000000e+00
7.87787788e+01,1.12759400e+00,1.18843621e+03,3.02716109e+05,9.31260539e+02,0.00000000e+00,2.29988249e-01,7.70011751e-01,0.00000000e+00
7.88788789e+01,1.12453267e+00,1.19010239e+03,3.01566243e+05,9.30248695e+02,0.00000000e+00,2.29988179e-01,7.70011821e-01,0.00000000e+00
7.89789790e+01,1.12147553e+00,1.19176992e+03,3.00419057e+05,9.29236143e+02,0.00000000e+00,2.29988113e-01,7.70011887e-01,0.00000000e+00
7.90790791e+01,1.11842253e+00,1.19343882e+03,2.99274811e+05,9.28223742e+02,0.00000000e+00,2.29988048e-01,7.70011952e-01,0.00000000e+00
7.91791792e+01,1.11537378e+00,1.19510904e+03,2.98133383e+05,9.27211029e+02,0.00000000e+00,2.29987980e-01,7.70012020e-01,0.00000000e+00
7.92792793e+01,1.11232924e+00,1.19678058e+03,2.96994684e+05,9.26197768e+02,0.00000000e+00,2.29987919e-01,7.70012081e-01,0.00000000e+00
7.93793794e+01,1.10928880e+00,1.19845359e+03,2.95858888e+05,9.25184604e+02,0.00000000e+00,2.29987864e-01,7.70012136e-01,0.00000000e+00
7.94794795e+01,1.10625276e+00,1.20012792e+03,2.94725842e+05,9.24170821e+02,0.00000000e+00,2.29987813e-01,7.70012187e-01,0.00000000e+00
7.95795796e+01,1.10322141e+00,1.20180339e+03,2.93595720e+05,9.23156723e+02,0.00000000e+00,2.29987773e-01,7.70012227e-01,0.00000000e+00
7.96796797e+01,1.10019526e+00,1.20347977e+03,2.92468861e+05,9.22142975e+02,0.00000000e+00,2.29987735e-01,7.70012265e-01,0.00000000e+00
7.97797798e+01,1.09717510e+00,1.20515653e+03,2.91345304e+05,9.21129036e+02,0.00000000e+00,2.29987699e-01,7.70012301e-01,0.00000000e+00
7.98798799e+01,1.09416158e+00,1.20683334e+03,2.90225471e+05,9.20115730e+02,0.00000000e+00,2.29987667e-01,7.70012333e-01,0.00000000e+00
7.99799800e+01,1.09115549e+00,1.20850975e+03,2.89109690e+05,9.19103456e+02,0.00000000e+00,2.29987626e-01,7.70012374e-01,0.00000000e+00
8.00800801e+01,1.08815771e+00,1.21018518e+03,2.87998065e+05,9.18091807e+02,0.00000000e+00,2.29987557e-01,7.70012443e-01,0.00000000e+00
8.01801802e+01,1.08516890e+00,1.21185923e+03,2.86891121e+05,9.17081964e+02,0.00000000e+00,2.29987498e-01,7.70012502e-01,0.00000000e+00
8.02802803e+01,1.08219021e+00,1.21353139e+03,2.85789108e+05,9.16073752e+02,0.00000000e+00,2.29987231e-01,7.70012769e-01,0.00000000e+00
8.03803804e+01,1.07922228e+00,1.21520073e+03,2.84692360e+05,9.15067789e+02,0.00000000e+00,2.29987057e-01,7.70012943e-01,0.00000000e+00
8.04804805e+01,1.07626727e+00,1.21686591e+03,2.83602066e+05,9.14066149e+02,0.00000000e+00,2.29987232e-01,7.70012768e-01,0.00000000e+00
8.05805806e+01,1.07332887e+00,1.21852639e+03,2.82518486e+05,9.13066547e+02,0.00000000e+00,2.29987245e-01,7.70012755e-01,0.00000000e+00
8.06806807e+01,1.07040425e+00,1.22018223e+03,2.81441219e+05,9.12070151e+02,0.00000000e+00,2.29987134e-01,7.70012866e-01,0.00000000e+00
8.07807808e+01,1.06748982e+00,1.22183533e+03,2.80369500e+05,9.11077621e+02,0.00000000e+00,2.29986984e-01,7.70013016e-01,0.00000000e+00
8.08808809e+01,1.06458384e+00,1.22348697e+03,2.79302023e+05,9.10086260e+02,0.00000000e+00,2.29986815e-01,7.70013185e-01,0.00000000e+00
8.09809810e+01,1.06168426e+00,1.22513841e+03,2.78238047e+05,9.09095427e+02,0.00000000e+00,2.29986654e-01,7.70013346e-01,0.00000000e+00
8.10810811e+01,1.05878902e+00,1.22679108e+03,2.77177063e+05,9.08105254e+02,0.00000000e+00,2.29986498e-01,7.70013502e-01,0.00000000e+00
8.11811812e+01,1.05589661e+00,1.22844585e+03,2.76117952e+05,9.07113371e+02,0.00000000e+00,2.29986351e-01,7.70013649e-01,0.00000000e+00
8.12812813e+01,1.05300547e+00,1.23010371e+03,2.75060242e+05,9.06119560e+02,0.00000000e+00,2.29986218e-01,7.70013782e-01,0.00000000e+00
8.13813814e+01,1.05011450e+00,1.23176543e+03,2.74003697e+05,9.05123977e+02,0.00000000e+00,2.29986076e-01,7.70013924e-01,0.00000000e+00
8.14814815e+01,1.04722291e+00,1.23343133e+03,2.72948069e+05,9.04126480e+02,0.00000000e+00,2.29985987e-01,7.70014013e-01,0.00000000e+00
8.15815816e+01,1.04432886e+00,1.23510260e+03,2.71892684e+05,9.03126420e+02,0.00000000e+00,2.29986094e-01,7.70013906e-01,0.00000000e+00
8.16816817e+01,1.04143362e+00,1.23677976e+03,2.70837586e+05,9.02122775e+02,0.00000000e+00,2.29986145e-01,7.70013855e-01,0.00000000e+00
8.17817818e+01,1.03854388e+00,1.23845682e+03,2.69785317e+05,9.01118211e+02,0.00000000e+00,2.29986151e-01,7.70013849e-01,0.00000000e+00
8.18818819e+01,1.03566041e+00,1.24013378e+03,2.68737113e+05,9.00116205e+02,0.00000000e+00,2.29986123e-01,7.70013877e-01,0.00000000e+00
8.19819820e+01,1.03278455e+00,1.24180995e+03,2.67692573e+05,8.99114269e+02,0.00000000e+00,2.29985998e-01,7.70014002e-01,0.00000000e+00
8.20820821e+01,1.02991726e+00,1.24348472e+03,2.66652274e+05,8.98113536e+02,0.00000000e+00,2.29985723e-01,7.70014277e-01,0.00000000e+00
8.21821822e+01,1.02705975e+00,1.24515704e+03,2.65617358e+05,8.97116850e+02,0.00000000e+00,2.29985520e-01,7.70014480e-01,0.00000000e+00
8.22822823e+01,1.02421554e+00,1.24682467e+03,2.64588272e+05,8.96122770e+02,0.00000000e+00,2.29985700e-01,7.70014300e-01,0.00000000e+00
8.23823824e+01,1.02138797e+00,1.24848702e+03,2.63566081e+05,8.95131967e+02,0.00000000e+00,2.29985770e-01,7.70014230e-01,0.00000000e+00
8.24824825e+01,1.01857477e+00,1.25014442e+03,2.62550482e+05,8.94145481e+02,0.00000000e+00,2.29985623e-01,7.70014377e-01,0.00000000e+00
8.25825826e+01,1.01577148e+00,1.25179851e+03,2.61539757e+05,8.93161450e+02,0.00000000e+00,2.29985431e-01,7.70014569e-01,0.00000000e+00
8.26826827e+01,1.01297494e+00,1.25345197e+03,2.60533106e+05,8.92179978e+02,0.00000000e+00,2.29985235e-01,7.70014765e-01,0.00000000e+00
8.27827828e+01,1.01018282e+00,1.25510647e+03,2.59529053e+05,8.91198096e+02,0.00000000e+00,2.29985042e-01,7.70014958e-01,0.00000000e+00
8.28828829e+01,1.00739287e+00,1.25676356e+03,2.58526453e+05,8.90213864e+02,0.00000000e+00,2.29984866e-01,7.70015134e-01,0.00000000e+00
8.29829830e+01,1.00460323e+00,1.25842466e+03,2.57524925e+05,8.89227582e+02,0.00000000e+00,2.29984666e-01,7.70015334e-01,0.00000000e+00
8.30830831e+01,1.00181245e+00,1.26009044e+03,2.56524028e+05,8.88239022e+02,0.00000000e+00,2.29984561e-01,7.70015439e-01,0.00000000e+00
8.31831832e+01,9.99017036e-01,1.26176369e+03,2.55522274e+05,8.87246085e+02,0.00000000e+00,2.29984580e-01,7.70015420e-01,0.00000000e+00
8.32832833e+01,9.96221578e-01,1.26344329e+03,2.54520476e+05,8.86247433e+02,0.00000000e+00,2.29984321e-01,7.70015679e-01,0.00000000e+00
8.33833834e+01,9.93438389e-01,1.26511587e+03,2.53525540e+05,8.85256250e+02,0.00000000e+00,2.29984625e-01,7.70015375e-01,0.00000000e+00
8.34834835e+01,9.90674285e-01,1.26678152e+03,2.52538130e+05,8.84268793e+02,0.00000000e+00,2.29984691e-01,7.70015309e-01,0.00000000e+00
8.35835836e+01,9.87925022e-01,1.26844105e+03,2.51557711e+05,8.83287060e+02,0.00000000e+00,2.29984543e-01,7.70015457e-01,0.00000000e+00
8.36836837e+01,9.85184645e-01,1.27009802e+03,2.50581848e+05,8.82307931e+02,0.00000000e+00,2.29984375e-01,7.70015625e-01,0.00000000e+00
8.37837838e+01,9.82450158e-01,1.27175518e+03,2.49609148e+05,8.81329230e+02,0.00000000e+00,2.29984239e-01,7.70015761e-01,0.00000000e+00
8.38838839e+01,9.79720062e-01,1.27341378e+03,2.48638988e+05,8.80350113e+02,0.00000000e+00,2.29984136e-01,7.70015864e-01,0.00000000e+00
8.39839840e+01,9.76993978e-01,1.27507407e+03,2.47670949e+05,8.79369451e+02,0.00000000e+00,2.29984067e-01,7.70015933e-01,0.00000000e+00
8.40840841e+01,9.74272184e-01,1.27673581e+03,2.46705414e+05,8.78388350e+02,0.00000000e+00,2.29984015e-01,7.70015985e-01,0.00000000e+00
8.41841842e+01,9.71555693e-01,1.27839815e+03,2.45742826e+05,8.77407481e+02,0.00000000e+00,2.29983951e-01,7.70016049e-01,0.00000000e+00
8.42842843e+01,9.68845553e-01,1.28006013e+03,2.44783502e+05,8.76427055e+02,0.00000000e+00,2.29983864e-01,7.70016136e-01,0.00000000e+00
8.43843844e+01,9.66142178e-01,1.28172138e+03,2.43827936e+05,8.75448485e+02,0.00000000e+00,2.29983748e-01,7.70016252e-01,0.00000000e+00
8.44844845e+01,9.63445506e-01,1.28338180e+03,2.42875970e+05,8.74471298e+02,0.00000000e+00,2.29983599e-01,7.70016401e-01,0.00000000e+00
8.45845846e+01,9.60754590e-01,1.28504202e+03,2.41927218e+05,8.73494996e+02,0.00000000e+00,2.29983442e-01,7.70016558e-01,0.00000000e+00
8.46846847e+01,9.58067876e-01,1.28670328e+03,2.40981215e+05,8.72519336e+02,0.00000000e+00,2.29983290e-01,7.70016710e-01,0.00000000e+00
8.47847848e+01,9.55383979e-01,1.28836664e+03,2.40037050e+05,8.71542298e+02,0.00000000e+00,2.29983163e-01,7.70016837e-01,0.00000000e+00
8.48848849e+01,9.52701724e-01,1.29003305e+03,2.39094329e+05,8.70563514e+02,0.00000000e+00,2.29983079e-01,7.70016921e-01,0.00000000e+00
8.49849850e+01,9.50020627e-01,1.29170301e+03,2.38152958e+05,8.69583081e+02,0.00000000e+00,2.29983035e-01,7.70016965e-01,0.00000000e+00
8.50850851e+01,9.47341192e-01,1.29337626e+03,2.37212839e+05,8.68600157e+02,0.00000000e+00,2.29983011e-01,7.70016989e-01,0.00000000e+00
8.51851852e+01,9.44664637e-01,1.29505210e+03,2.36274713e+05,8.67616319e+02,0.00000000e+00,2.29982882e-01,7.70017118e-01,0.00000000e+00
8.52852853e+01,9.41993249e-01,1.29672892e+03,2.35339035e+05,8.66631092e+02,0.00000000e+00,2.29982202e-01,7.70017798e-01,0.00000000e+00
8.53853854e+01,9.39329389e-01,1.29840363e+03,2.34407516e+05,8.65648742e+02,0.00000000e+00,2.29982037e-01,7.70017963e-01,0.00000000e+00
8.54854855e+01,9.36681156e-01,1.30007121e+03,2.33483467e+05,8.64674128e+02,0.00000000e+00,2.29982659e-01,7.70017341e-01,0.00000000e+00
8.55855856e+01,9.34057073e-01,1.30172951e+03,2.32567366e+05,8.63701114e+02,0.00000000e+00,2.29982729e-01,7.70017271e-01,0.00000000e+00
8.56856857e+01,9.31448658e-01,1.30337960e+03,2.31658789e+05,8.62736094e+02,0.00000000e+00,2.29982529e-01,7.70017471e-01,0.00000000e+00
8.57857858e+01,9.28848166e-01,1.30502715e+03,2.30755017e+05,8.61776242e+02,0.00000000e+00,2.29982279e-01,7.70017721e-01,0.00000000e+00
8.58858859e+01,9.26251840e-01,1.30667567e+03,2.29853150e+05,8.60814266e+02,0.00000000e+00,2.29982042e-01,7.70017958e-01,0.00000000e+00
8.59859860e+01,9.23656571e-01,1.30832795e+03,2.28952302e+05,8.59849726e+02,0.00000000e+00,2.29981792e-01,7.70018208e-01,0.00000000e+00
8.60860861e+01,9.21060209e-01,1.30998535e+03,2.28051919e+05,8.58882535e+02,0.00000000e+00,2.29981692e-01,7.70018308e-01,0.00000000e+00
8.61861862e+01,9.18459533e-01,1.31165191e+03,2.27150230e+05,8.57908989e+02,0.00000000e+00,2.29981745e-01,7.70018255e-01,0.00000000e+00
8.62862863e+01,9.15864465e-01,1.31331826e+03,2.26251294e+05,8.56935099e+02,0.00000000e+00,2.29981854e-01,7.70018146e-01,0.00000000e+00
8.63863864e+01,9.13282784e-01,1.31497808e+03,2.25358841e+05,8.55967729e+02,0.00000000e+00,2.29981722e-01,7.70018278e-01,0.00000000e+00
8.64864865e+01,9.10709826e-01,1.31663470e+03,2.24471131e+05,8.55004746e+02,0.00000000e+00,2.29981564e-01,7.70018436e-01,0.00000000e+00
8.65865866e+01,9.08142245e-01,1.31829188e+03,2.23585988e+05,8.54041063e+02,0.00000000e+00,2.29981454e-01,7.70018546e-01,0.00000000e+00
8.66866867e+01,9.05578972e-01,1.31995074e+03,2.22703061e+05,8.53076345e+02,0.00000000e+00,2.29981384e-01,7.70018616e-01,0.00000000e+00
8.67867868e+01,9.03020830e-01,1.32161047e+03,2.21822726e+05,8.52111269e+02,0.00000000e+00,2.29981312e-01,7.70018688e-01,0.00000000e+00
8.68868869e+01,9.00469147e-01,1.32326965e+03,2.20945531e+05,8.51146699e+02,0.00000000e+00,2.29981213e-01,7.70018787e-01,0.00000000e+00
8.69869870e+01,8.97924548e-01,1.32492756e+03,2.20072048e+05,8.50184272e+02,0.00000000e+00,2.29981077e-01,7.70018923e-01,0.00000000e+00
8.70870871e+01,8.95386797e-01,1.32658427e+03,2.19202164e+05,8.49223820e+02,0.00000000e+00,2.29980907e-01,7.70019093e-01,0.00000000e+00
8.71871872e+01,8.92854814e-01,1.32824062e+03,2.18335296e+05,8.48264146e+02,0.00000000e+00,2.29980728e-01,7.70019272e-01,0.00000000e+00
8.72872873e+01,8.90327073e-01,1.32989793e+03,2.17470929e+05,8.47304722e+02,0.00000000e+00,2.29980561e-01,7.70019439e-01,0.00000000e+00
8.73873874e+01,8.87802319e-01,1.33155725e+03,2.16608485e+05,8.46344506e+02,0.00000000e+00,2.29980412e-01,7.70019588e-01,0.00000000e+00
8.74874875e+01,8.85279735e-01,1.33321921e+03,2.15747559e+05,8.45382688e+02,0.00000000e+00,2.29980288e-01,7.70019712e-01,0.00000000e+00
8.75875876e+01,8.82758927e-01,1.33488411e+03,2.14888081e+05,8.44419370e+02,0.00000000e+00,2.29980187e-01,7.70019813e-01,0.00000000e+00
8.76876877e+01,8.80239935e-01,1.33655187e+03,2.14030023e+05,8.43454387e+02,0.00000000e+00,2.29980111e-01,7.70019889e-01,0.00000000e+00
8.77877878e+01,8.77723069e-01,1.33822231e+03,2.13173813e+05,8.42489137e+02,0.00000000e+00,2.29980043e-01,7.70019957e-01,0.00000000e+00
8.78878879e+01,8.75209099e-01,1.33989478e+03,2.12319276e+05,8.41522175e+02,0.00000000e+00,2.29979977e-01,7.70020023e-01,0.00000000e+00
8.79879880e+01,8.72698522e-01,1.34156890e+03,2.11466756e+05,8.40554397e+02,0.00000000e+00,2.29979924e-01,7.70020076e-01,0.00000000e+00
8.80880881e+01,8.70191967e-01,1.34324441e+03,2.10616808e+05,8.39587404e+02,0.00000000e+00,2.29979842e-01,7.70020158e-01,0.00000000e+00
8.81881882e+01,8.67690544e-01,1.34492037e+03,2.09769266e+05,8.38619474e+02,0.00000000e+00,2.29979698e-01,7.70020302e-01,0.00000000e+00
8.82882883e+01,8.65195078e-01,1.34659607e+03,2.08924769e+05,8.37652367e+02,0.00000000e+00,2.29979351e-01,7.70020649e-01,0.00000000e+00
8.83883884e+01,8.62706788e-01,1.34827089e+03,2.08083933e+05,8.36687400e+02,0.00000000e+00,2.29978745e-01,7.70021255e-01,0.00000000e+00
8.84884885e+01,8.60227679e-01,1.34994151e+03,2.07247711e+05,8.35726614e+02,0.00000000e+00,2.29978848e-01,7.70021152e-01,0.00000000e+00
8.85885886e+01,8.57764248e-01,1.35160604e+03,2.06417532e+05,8.34769489e+02,0.00000000e+00,2.29979278e-01,7.70020722e-01,0.00000000e+00
8.86886887e+01,8.55318167e-01,1.35326410e+03,2.05593654e+05,8.33815440e+02,0.00000000e+00,2.29979236e-01,7.70020764e-01,0.00000000e+00
8.87887888e+01,8.52882926e-01,1.35491700e+03,2.04774758e+05,8.32865579e+02,0.00000000e+00,2.29979032e-01,7.70020968e-01,0.00000000e+00
8.88888889e+01,8.50453999e-01,1.35656861e+03,2.03959504e+05,8.31918956e+02,0.00000000e+00,2.29978807e-01,7.70021193e-01,0.00000000e+00
8.89889890e+01,8.48029450e-01,1.35822098e+03,2.03146771e+05,8.30972929e+02,0.00000000e+00,2.29978574e-01,7.70021426e-01,0.00000000e+00
8.90890891e+01,8.45607826e-01,1.35987518e+03,2.02335554e+05,8.30024827e+02,0.00000000e+00,2.29978354e-01,7.70021646e-01,0.00000000e+00
8.91891892e+01,8.43187564e-01,1.36153254e+03,2.01525531e+05,8.29074857e+02,0.00000000e+00,2.29978149e-01,7.70021851e-01,0.00000000e+00
8.92892893e+01,8.40767567e-01,1.36319400e+03,2.00716429e+05,8.28122950e+02,0.00000000e+00,2.29977909e-01,7.70022091e-01,0.00000000e+00
8.93893894e+01,8.38347103e-01,1.36485989e+03,1.99908055e+05,8.27169016e+02,0.00000000e+00,2.29977612e-01,7.70022388e-01,0.00000000e+00
8.94894895e+01,8.35924264e-01,1.36653145e+03,1.99099774e+05,8.26212301e+02,0.00000000e+00,2.29977375e-01,7.70022625e-01,0.00000000e+00
8.95895896e+01,8.33495798e-01,1.36821189e+03,1.98290183e+05,8.25250083e+02,0.00000000e+00,2.29976637e-01,7.70023363e-01,0.00000000e+00
8.96896897e+01,8.31064480e-01,1.36989948e+03,1.97480271e+05,8.24283883e+02,0.00000000e+00,2.29977277e-01,7.70022723e-01,0.00000000e+00
8.97897898e+01,8.28651670e-01,1.37157999e+03,1.96676685e+05,8.23320079e+02,0.00000000e+00,2.29977686e-01,7.70022314e-01,0.00000000e+00
8.98898899e+01,8.26265881e-01,1.37323817e+03,1.95885476e+05,8.22363198e+02,0.00000000e+00,2.29859419e-01,7.70140581e-01,0.00000000e+00
8.99899900e+01,8.23085946e-01,1.37571088e+03,1.94717801e+05,8.21128542e+02,0.00000000e+00,2.34695776e-01,7.65304224e-01,0.00000000e+00
9.00900901e+01,1.51394968e+00,7.35488098e+02,7.13546263e+05,1.65071483e+03,0.00000000e+00,3.04557806e-01,6.95442194e-01,0.00000000e+00
9.01901902e+01,2.84865049e+00,1.49395297e+02,1.79191431e+06,2.18780901e+03,0.00000000e+00,2.50483181e-01,7.49516819e-01,0.00000000e+00
9.02902903e+01,3.16912971e+00,6.01412811e+01,2.09096721e+06,2.28922859e+03,0.00000000e+00,2.31667447e-01,7.68332553e-01,0.00000000e+00
9.03903904e+01,3.18657169e+00,5.60245355e+01,2.11570792e+06,2.30306254e+03,0.00000000e+00,2.29724073e-01,7.70275927e-01,0.00000000e+00
9.04904905e+01,3.17206754e+00,5.54767302e+01,2.11070060e+06,2.30813957e+03,0.00000000e+00,2.29798531e-01,7.70201469e-01,0.00000000e+00
9.05905906e+01,3.15525615e+00,5.50051374e+01,2.10605154e+06,2.31533132e+03,0.00000000e+00,2.29814939e-01,7.70185061e-01,0.00000000e+00
9.06906907e+01,3.14148494e+00,5.53687134e+01,2.10399524e+06,2.32322725e+03,0.00000000e+00,2.29871468e-01,7.70128532e-01,0.00000000e+00
9.07907908e+01,3.12709785e+00,5.57423157e+01,2.10206110e+06,2.33178727e+03,0.00000000e+00,2.29927823e-01,7.70072177e-01,0.00000000e+00
9.08908909e+01,3.11178231e+00,5.58139083e+01,2.09975995e+06,2.34070039e+03,0.00000000e+00,2.29933683e-01,7.70066317e-01,0.00000000e+00
9.09909910e+01,3.09610179e+00,5.57442950e+01,2.09724427e+06,2.34973490e+03,0.00000000e+00,2.29928196e-01,7.70071804e-01,0.00000000e+00
9.10910911e+01,3.08074663e+00,5.57618220e+01,2.09516722e+06,2.35910655e+03,0.00000000e+00,2.29924006e-01,7.70075994e-01,0.00000000e+00
9.11911912e+01,3.06543227e+00,5.57793975e+01,2.09327737e+06,2.36875415e+03,0.00000000e+00,2.29925530e-01,7.70074470e-01,0.00000000e+00
9.12912913e+01,3.04995369e+00,5.57273527e+01,2.09141265e+06,2.37865603e+03,0.00000000e+00,2.29929593e-01,7.70070407e-01,0.00000000e+00
9.13913914e+01,3.03423408e+00,5.56141493e+01,2.08952422e+06,2.38882041e+03,0.00000000e+00,2.29929889e-01,7.70070111e-01,0.00000000e+00
9.14914915e+01,3.01845316e+00,5.54960210e+01,2.08773334e+06,2.39925257e+03,0.00000000e+00,2.29933637e-01,7.70066363e-01,0.00000000e+00
9.15915916e+01,3.00266852e+00,5.53773369e+01,2.08605429e+06,2.40992580e+03,0.00000000e+00,2.29934912e-01,7.70065088e-01,0.00000000e+00
9.16916917e+01,2.98676768e+00,5.52328080e+01,2.08441411e+06,2.42085171e+03,0.00000000e+00,2.29937975e-01,7.70062025e-01,0.00000000e+00
9.17917918e+01,2.97069351e+00,5.50582703e+01,2.08277600e+06,2.43203586e+03,0.00000000e+00,2.29931324e-01,7.70068676e-01,0.00000000e+00
9.18918919e+01,2.95450382e+00,5.48708559e+01,2.08116505e+06,2.44346620e+03,0.00000000e+00,2.29915356e-01,7.70084644e-01,0.00000000e+00
9.19919920e+01,2.93823297e+00,5.46799829e+01,2.07960095e+06,2.45514263e+03,0.00000000e+00,2.29889886e-01,7.70110114e-01,0.00000000e+00
9.20920921e+01,2.92183078e+00,5.44816426e+01,2.07806704e+06,2.46709679e+03,0.00000000e+00,2.29867391e-01,7.70132609e-01,0.00000000e+00
9.21921922e+01,2.90523297e+00,5.42740621e+01,2.07654357e+06,2.47936511e+03,0.00000000e+00,2.29844158e-01,7.70155842e-01,0.00000000e+00
9.22922923e+01,2.88840172e+00,5.40627514e+01,2.07502943e+06,2.49198655e+03,0.00000000e+00,2.29819503e-01,7.70180497e-01,0.00000000e+00
9.23923924e+01,2.87129211e+00,5.38519985e+01,2.07352572e+06,2.50501318e+03,0.00000000e+00,2.29800450e-01,7.70199550e-01,0.00000000e+00
9.24924925e+01,2.85382972e+00,5.36400834e+01,2.07202379e+06,2.51851316e+03,0.00000000e+00,2.29792839e-01,7.70207161e-01,0.00000000e+00
9.25925926e+01,2.83593579e+00,5.34278477e+01,2.07051088e+06,2.53255290e+03,0.00000000e+00,2.29790304e-01,7.70209696e-01,0.00000000e+00
9.26926927e+01,2.81755043e+00,5.32167940e+01,2.06898013e+06,2.54719712e+03,0.00000000e+00,2.29799837e-01,7.70200163e-01,0.00000000e+00
9.27927928e+01,2.79860431e+00,5.30147553e+01,2.06740987e+06,2.56250271e+03,0.00000000e+00,2.29823424e-01,7.70176576e-01,0.00000000e+00
9.28928929e+01,2.77904352e+00,5.28291858e+01,2.06578985e+06,2.57852992e+03,0.00000000e+00,2.29861819e-01,7.70138181e-01,0.00000000e+00
9.29929930e+01,2.75881264e+00,5.26628624e+01,2.06411021e+06,2.59534082e+03,0.00000000e+00,2.29903835e-01,7.70096165e-01,0.00000000e+00
9.30930931e+01,2.73784072e+00,5.25182742e+01,2.06236525e+06,2.61301889e+03,0.00000000e+00,2.29929351e-01,7.70070649e-01,0.00000000e+00
9.31931932e+01,2.71601674e+00,5.23973157e+01,2.06055446e+06,2.63168399e+03,0.00000000e+00,2.29874352e-01,7.70125648e-01,0.00000000e+00
9.32932933e+01,2.69315082e+00,5.23010670e+01,2.05867578e+06,2.65154800e+03,0.00000000e+00,2.29697115e-01,7.70302885e-01,0.00000000e+00
9.33933934e+01,2.66926166e+00,5.22277304e+01,2.05672702e+06,2.67265772e+03,0.00000000e+00,2.29439021e-01,7.70560979e-01,0.00000000e+00
9.34934935e+01,2.64570466e+00,5.21658602e+01,2.05475091e+06,2.69377638e+03,0.00000000e+00,2.29185491e-01,7.70814509e-01,0.00000000e+00
9.35935936e+01,2.62401726e+00,5.21178705e+01,2.05274704e+06,2.71333611e+03,0.00000000e+00,2.29026158e-01,7.70973842e-01,0.00000000e+00
9.36936937e+01,2.60471472e+00,5.20742243e+01,2.05073258e+06,2.73075885e+03,0.00000000e+00,2.29019604e-01,7.70980396e-01,0.00000000e+00
9.37937938e+01,2.58816476e+00,5.20259020e+01,2.04872315e+06,2.74559104e+03,0.00000000e+00,2.29199389e-01,7.70800611e-01,0.00000000e+00
9.38938939e+01,2.57453934e+00,5.19699336e+01,2.04673335e+06,2.75756149e+03,0.00000000e+00,2.29540166e-01,7.70459834e-01,0.00000000e+00
9.39939940e+01,2.56380006e+00,5.19011024e+01,2.04476569e+06,2.76660569e+03,0.00000000e+00,2.29978296e-01,7.70021704e-01,0.00000000e+00
9.40940941e+01,2.55575414e+00,5.18197740e+01,2.04283262e+06,2.77284476e+03,0.00000000e+00,2.30408742e-01,7.69591258e-01,0.00000000e+00
9.41941942e+01,2.55009153e+00,5.17218528e+01,2.04092893e+06,2.77654267e+03,0.00000000e+00,2.30774927e-01,7.69225073e-01,0.00000000e+00
9.42942943e+01,2.54645242e+00,5.16072622e+01,2.03905467e+06,2.77804080e+03,0.00000000e+00,2.31009710e-01,7.68990290e-01,0.00000000e+00
9.43943944e+01,2.54443501e+00,5.14781609e+01,2.03721104e+06,2.77776070e+03,0.00000000e+00,2.31096847e-01,7.68903153e-01,0.00000000e+00
9.44944945e+01,2.54357914e+00,5.13343262e+01,2.03538901e+06,2.77619415e+03,0.00000000e+00,2.31051831e-01,7.68948169e-01,0.00000000e+00
9.45945946e+01,2.54338723e+00,5.11738779e+01,2.03357955e+06,2.77387783e+03,0.00000000e+00,2.30889988e-01,7.69110012e-01,0.00000000e+00
9.46946947e+01,2.54360301e+00,5.09997782e+01,2.03179332e+06,2.77111107e+03,0.00000000e+00,2.30622233e-01,7.69377767e-01,0.00000000e+00
9.47947948e+01,2.54436808e+00,5.08111626e+01,2.03003275e+06,2.76776037e+03,0.00000000e+00,2.30292697e-01,7.69707303e-01,0.00000000e+00
9.48948949e+01,2.54597640e+00,5.06077864e+01,2.02830464e+06,2.76353902e+03,0.00000000e+00,2.29958864e-01,7.70041136e-01,0.00000000e+00
9.49949950e+01,2.54864914e+00,5.03794233e+01,2.02660778e+06,2.75824446e+03,0.00000000e+00,2.29713084e-01,7.70286916e-01,0.00000000e+00
9.50950951e+01,2.55258290e+00,5.01316594e+01,2.02497381e+06,2.75173101e+03,0.00000000e+00,2.29593154e-01,7.70406846e-01,0.00000000e+00
9.51951952e+01,2.55787670e+00,4.98553564e+01,2.02340808e+06,2.74392234e+03,0.00000000e+00,2.29620422e-01,7.70379578e-01,0.00000000e+00
9.52952953e+01,2.56450374e+00,4.95421502e+01,2.02192894e+06,2.73486752e+03,0.00000000e+00,2.29724573e-01,7.70275427e-01,0.00000000e+00
9.53953954e+01,2.57234327e+00,4.91846647e+01,2.02054541e+06,2.72470589e+03,0.00000000e+00,2.29835812e-01,7.70164188e-01,0.00000000e+00
9.54954955e+01,2.58123830e+00,4.87797499e+01,2.01926151e+06,2.71359328e+03,0.00000000e+00,2.29842135e-01,7.70157865e-01,0.00000000e+00
9.55955956e+01,2.59104523e+00,4.83283007e+01,2.01807925e+06,2.70169229e+03,0.00000000e+00,2.29705138e-01,7.70294862e-01,0.00000000e+00
9.56956957e+01,2.60167498e+00,4.78320486e+01,2.01700117e+06,2.68911913e+03,0.00000000e+00,2.29422744e-01,7.70577256e-01,0.00000000e+00
9.57957958e+01,2.61312781e+00,4.72904503e+01,2.01603331e+06,2.67593703e+03,0.00000000e+00,2.29097800e-01,7.70902200e-01,0.00000000e+00
9.58958959e+01,2.62551529e+00,4.66998635e+01,2.01518598e+06,2.66212623e+03,0.00000000e+00,2.28904308e-01,7.71095692e-01,0.00000000e+00
9.59959960e+01,2.63907309e+00,4.60550609e+01,2.01447019e+06,2.64756946e+03,0.00000000e+00,2.29081617e-01,7.70918383e-01,0.00000000e+00
9.60960961e+01,2.65417715e+00,4.53515962e+01,2.01389280e+06,2.63198723e+03,0.00000000e+00,2.29789105e-01,7.70210895e-01,0.00000000e+00
9.61961962e+01,2.67136855e+00,4.45874874e+01,2.01345465e+06,2.61489948e+03,0.00000000e+00,2.31039128e-01,7.68960872e-01,0.00000000e+00
9.62962963e+01,2.69138863e+00,4.37652887e+01,2.01315031e+06,2.59563036e+03,0.00000000e+00,2.32764244e-01,7.67235756e-01,0.00000000e+00
9.63963964e+01,2.71511684e+00,4.28754616e+01,2.01295526e+06,2.57339611e+03,0.00000000e+00,2.34881758e-01,7.65118242e-01,0.00000000e+00
9.64964965e+01,2.74379087e+00,4.19573868e+01,2.01291212e+06,2.54716180e+03,0.00000000e+00,2.37065014e-01,7.62934986e-01,0.00000000e+00
9.65965966e+01,2.77858574e+00,4.09753418e+01,2.01286742e+06,2.51582394e+03,0.00000000e+00,2.38969096e-01,7.61030904e-01,0.00000000e+00
9.66966967e+01,2.82125776e+00,3.99828527e+01,2.01302518e+06,2.47803459e+03,0.00000000e+00,2.39185141e-01,7.60814859e-01,0.00000000e+00
9.67967968e+01,2.86802279e+00,3.89711616e+01,2.01305971e+06,2.43671285e+03,0.00000000e+00,2.36124362e-01,7.63875638e-01,0.00000000e+00
9.68968969e+01,2.90957402e+00,3.79416498e+01,2.01312829e+06,2.40011382e+03,0.00000000e+00,2.30012837e-01,7.69987163e-01,0.00000000e+00
9.69969970e+01,2.94073048e+00,3.68785266e+01,2.01333126e+06,2.37288980e+03,0.00000000e+00,2.23326138e-01,7.76673862e-01,0.00000000e+00
9.70970971e+01,2.96137711e+00,3.58097925e+01,2.01353975e+06,2.35511698e+03,0.00000000e+00,2.18444325e-01,7.81555675e-01,0.00000000e+00
9.71971972e+01,2.97273240e+00,3.47254230e+01,2.01376067e+06,2.34562230e+03,0.00000000e+00,2.15927266e-01,7.84072734e-01,0.00000000e+00
9.72972973e+01,2.97701437e+00,3.36284907e+01,2.01398015e+06,2.34219248e+03,0.00000000e+00,2.14889001e-01,7.85110999e-01,0.00000000e+00
9.73973974e+01,2.97735386e+00,3.25228310e+01,2.01420182e+06,2.34199404e+03,0.00000000e+00,2.14257986e-01,7.85742014e-01,0.00000000e+00
9.74974975e+01,2.97386197e+00,3.14017314e+01,2.01438868e+06,2.34469723e+03,0.00000000e+00,2.13377232e-01,7.86622768e-01,0.00000000e+00
9.75975976e+01,2.96265597e+00,3.02697359e+01,2.01457484e+06,2.35336171e+03,0.00000000e+00,2.11977083e-01,7.88022917e-01,0.00000000e+00
9.76976977e+01,2.93915746e+00,2.91248871e+01,2.01476562e+06,2.37180429e+03,0.00000000e+00,2.10009206e-01,7.89990794e-01,0.00000000e+00
9.77977978e+01,2.89865296e+00,2.79644992e+01,2.01495792e+06,2.40439893e+03,0.00000000e+00,2.07481320e-01,7.92518680e-01,0.00000000e+00
9.78978979e+01,2.83662326e+00,2.67871523e+01,2.01515129e+06,2.45634118e+03,0.00000000e+00,2.04706254e-01,7.95293746e-01,0.00000000e+00
9.79979980e+01,2.74907674e+00,2.55909886e+01,2.01535270e+06,2.53408052e+03,0.00000000e+00,2.02427495e-01,7.97572505e-01,0.00000000e+00
9.80980981e+01,2.63284134e+00,2.43745802e+01,2.01556756e+06,2.64603945e+03,0.00000000e+00,2.01840596e-01,7.98159404e-01,0.00000000e+00
9.81981982e+01,2.48585056e+00,2.31451054e+01,2.01578520e+06,2.80381135e+03,0.00000000e+00,2.04649730e-01,7.95350270e-01,0.00000000e+00
9.82982983e+01,2.30744808e+00,2.19113377e+01,2.01597311e+06,3.02408833e+03,0.00000000e+00,2.12969998e-01,7.87030002e-01,0.00000000e+00
9.83983984e+01,2.11342415e+00,2.06317719e+01,2.01599481e+06,3.30867250e+03,0.00000000e+00,2.29316872e-01,7.70683128e-01,0.00000000e+00
9.84984985e+01,1.93433856e+00,1.93083480e+01,2.01616453e+06,3.62595628e+03,0.00000000e+00,2.52233435e-01,7.47766565e-01,0.00000000e+00
9.85985986e+01,1.78318400e+00,1.79942048e+01,2.01634701e+06,3.94623966e+03,0.00000000e+00,2.76996396e-01,7.23003604e-01,0.00000000e+00
9.86986987e+01,1.65712556e+00,1.66758444e+01,2.01651828e+06,4.25698059e+03,0.00000000e+00,2.95546066e-01,7.04453934e-01,0.00000000e+00
9.87987988e+01,1.55320204e+00,1.53489839e+01,2.01666997e+06,4.54603030e+03,0.00000000e+00,3.02140368e-01,6.97859632e-01,0.00000000e+00
9.88988989e+01,1.46855460e+00,1.40156210e+01,2.01680391e+06,4.80539238e+03,0.00000000e+00,2.97332679e-01,7.02667321e-01,0.00000000e+00
9.89989990e+01,1.40052123e+00,1.26764028e+01,2.01692059e+06,5.03171548e+03,0.00000000e+00,2.85961977e-01,7.14038023e-01,0.00000000e+00
9.90990991e+01,1.34668072e+00,1.13321852e+01,2.01702198e+06,5.22440832e+03,0.00000000e+00,2.73011495e-01,7.26988505e-01,0.00000000e+00
9.91991992e+01,1.30486488e+00,9.98521099e+00,2.01711312e+06,5.38406018e+03,0.00000000e+00,2.61468737e-01,7.38531263e-01,0.00000000e+00
9.92992993e+01,1.27314583e+00,8.63496803e+00,2.01719373e+06,5.51212085e+03,0.00000000e+00,2.52594954e-01,7.47405046e-01,0.00000000e+00
9.93993994e+01,1.24981822e+00,7.28219389e+00,2.01726573e+06,5.61071974e+03,0.00000000e+00,2.46380667e-01,7.53619333e-01,0.00000000e+00
9.94994995e+01,1.23336645e+00,5.92440632e+00,2.01732450e+06,5.68285218e+03,0.00000000e+00,2.42445039e-01,7.57554961e-01,0.00000000e+00
9.95995996e+01,1.22243825e+00,4.56345600e+00,2.01737290e+06,5.73194341e+03,0.00000000e+00,2.39933331e-01,7.60066669e-01,0.00000000e+00
9.96996997e+01,1.21580284e+00,3.19618966e+00,2.01740378e+06,5.76305779e+03,0.00000000e+00,2.39586441e-01,7.60413559e-01,0.00000000e+00
9.97997998e+01,1.21233016e+00,1.83095513e+00,2.01743046e+06,5.77662622e+03,0.00000000e+00,2.35519856e-01,7.64480144e-01,0.00000000e+00
9.98998999e+01,1.21093415e+00,4.57640665e-01,2.01701544e+06,5.77720700e+03,0.00000000e+00,2.28925338e-01,7.71074662e-01,0.00000000e+00
1.00000000e+02,1.21093415e+00,-4.57640665e-01,2.01701544e+06,5.77720700e+03,0.00000000e+00,2.28925338e-01,7.71074662e-01,0.00000000e+00
