# x(m), rho(kg/m3), u(m/s), p(Pa), T(K), Y_H2, Y_O2, Y_N2, Y_H2O
0.00000000e+00,8.25981800e+00,-6.61994750e+00,1.86061352e+07,2.82748775e+03,1.18501936e-01,6.71411845e-07,6.00009375e-01,2.81488017e-01
1.00100100e-01,8.25981800e+00,6.61994750e+00,1.86061352e+07,2.82748775e+03,1.18501936e-01,6.71411845e-07,6.00009375e-01,2.81488017e-01
2.00200200e-01,8.32500268e+00,1.47912075e+01,1.86315877e+07,2.80918629e+03,1.18501919e-01,5.37355100e-07,6.00009375e-01,2.81488168e-01
3.00300300e-01,8.40426157e+00,-1.99590362e+01,1.85961775e+07,2.77740476e+03,1.18501922e-01,5.61694256e-07,6.00009375e-01,2.81488141e-01
4.00400400e-01,8.05248563e+00,-8.52079999e+01,1.73635630e+07,2.70659915e+03,1.18501922e-01,5.61899689e-07,6.00009375e-01,2.81488141e-01
5.00500501e-01,7.31123298e+00,-2.56634504e+02,1.51687006e+07,2.60419086e+03,1.18501922e-01,5.61899577e-07,6.00009375e-01,2.81488141e-01
6.00600601e-01,6.75484653e+00,-3.91403805e+02,1.35948269e+07,2.52623210e+03,1.18501922e-01,5.61901008e-07,6.00009375e-01,2.81488141e-01
7.00700701e-01,6.59184944e+00,-4.32982729e+02,1.31385250e+07,2.50181034e+03,1.18501922e-01,5.61903873e-07,6.00009375e-01,2.81488141e-01
8.00800801e-01,6.55484993e+00,-4.42392203e+02,1.30190689e+07,2.49395789e+03,1.18459121e-01,5.61704449e-07,5.99792659e-01,2.81386471e-01
9.00900901e-01,6.54928634e+00,-4.43586394e+02,1.30173963e+07,2.49503587e+03,1.18493302e-01,5.61870140e-07,5.99965729e-01,2.81467665e-01
1.00100100e+00,6.54888582e+00,-4.43535219e+02,1.30187630e+07,2.49532050e+03,1.18499472e-01,5.61902879e-07,5.99996970e-01,2.81482321e-01
1.10110110e+00,6.54897348e+00,-4.43495757e+02,1.30193184e+07,2.49537721e+03,1.18500248e-01,5.61909884e-07,6.00000898e-01,2.81484164e-01
1.20120120e+00,6.54900575e+00,-4.43490272e+02,1.30193305e+07,2.49537131e+03,1.18500055e-01,5.61912103e-07,5.99999918e-01,2.81483704e-01
1.30130130e+00,6.54902272e+00,-4.43492492e+02,1.30193843e+07,2.49537485e+03,1.18500070e-01,5.61915091e-07,5.99999995e-01,2.81483740e-01
1.40140140e+00,6.54903555e+00,-4.43495431e+02,1.30194232e+07,2.49537728e+03,1.18500076e-01,5.61917801e-07,6.00000028e-01,2.81483756e-01
1.50150150e+00,6.54904976e+00,-4.43498455e+02,1.30194569e+07,2.49537867e+03,1.18500060e-01,5.61920168e-07,5.99999945e-01,2.81483717e-01
1.60160160e+00,6.54906894e+00,-4.43502995e+02,1.30195068e+07,2.49538112e+03,1.18500050e-01,5.61922362e-07,5.99999895e-01,2.81483693e-01
1.70170170e+00,6.54908916e+00,-4.43507926e+02,1.30195729e+07,2.49538557e+03,1.18500074e-01,5.61924563e-07,6.00000018e-01,2.81483751e-01
1.80180180e+00,6.54910807e+00,-4.43512329e+02,1.30196250e+07,2.49538838e+03,1.18500073e-01,5.61926536e-07,6.00000012e-01,2.81483748e-01
1.90190190e+00,6.54912827e+00,-4.43516880e+02,1.30196764e+07,2.49539078e+03,1.18500062e-01,5.61928383e-07,5.99999955e-01,2.81483721e-01
2.00200200e+00,6.54914971e+00,-4.43522268e+02,1.30197336e+07,2.49539367e+03,1.18500057e-01,5.61930181e-07,5.99999931e-01,2.81483710e-01
2.10210210e+00,6.54917076e+00,-4.43526756e+02,1.30197997e+07,2.49539789e+03,1.18500077e-01,5.61931978e-07,6.00000034e-01,2.81483758e-01
2.20220220e+00,6.54918775e+00,-4.43531992e+02,1.30198354e+07,2.49539888e+03,1.18500048e-01,5.61933359e-07,5.99999887e-01,2.81483689e-01
2.30230230e+00,6.54920765e+00,-4.43535966e+02,1.30199055e+07,2.49540394e+03,1.18500086e-01,5.61934801e-07,6.00000077e-01,2.81483778e-01
2.40240240e+00,6.54922445e+00,-4.43540611e+02,1.30199395e+07,2.49540472e+03,1.18500054e-01,5.61935593e-07,5.99999914e-01,2.81483702e-01
2.50250250e+00,6.54924193e+00,-4.43544084e+02,1.30200010e+07,2.49540917e+03,1.18500086e-01,5.61936322e-07,6.00000077e-01,2.81483779e-01
2.60260260e+00,6.54925807e+00,-4.43548186e+02,1.30200366e+07,2.49541034e+03,1.18500063e-01,5.61936388e-07,5.99999959e-01,2.81483723e-01
2.70270270e+00,6.54927420e+00,-4.43551999e+02,1.30200866e+07,2.49541350e+03,1.18500076e-01,5.61936220e-07,6.00000027e-01,2.81483755e-01
2.80280280e+00,6.54929128e+00,-4.43555757e+02,1.30201291e+07,2.49541535e+03,1.18500065e-01,5.61935525e-07,5.99999972e-01,2.81483729e-01
2.90290290e+00,6.54930887e+00,-4.43559859e+02,1.30201754e+07,2.49541762e+03,1.18500061e-01,5.61934451e-07,5.99999952e-01,2.81483720e-01
3.00300300e+00,6.54932612e+00,-4.43564185e+02,1.30202204e+07,2.49541977e+03,1.18500057e-01,5.61932963e-07,5.99999929e-01,2.81483709e-01
3.10310310e+00,6.54934384e+00,-4.43568079e+02,1.30202713e+07,2.49542261e+03,1.18500064e-01,5.61931119e-07,5.99999964e-01,2.81483726e-01
3.20320320e+00,6.54936044e+00,-4.43572193e+02,1.30203121e+07,2.49542433e+03,1.18500053e-01,5.61928781e-07,5.99999911e-01,2.81483701e-01
3.30330330e+00,6.54937758e+00,-4.43576053e+02,1.30203602e+07,2.49542691e+03,1.18500058e-01,5.61926108e-07,5.99999935e-01,2.81483712e-01
3.40340340e+00,6.54939541e+00,-4.43579878e+02,1.30204035e+07,2.49542867e+03,1.18500047e-01,5.61922962e-07,5.99999879e-01,2.81483686e-01
3.50350350e+00,6.54941446e+00,-4.43584043e+02,1.30204498e+07,2.49543053e+03,1.18500035e-01,5.61919426e-07,5.99999818e-01,2.81483657e-01
3.60360360e+00,6.54943653e+00,-4.43589181e+02,1.30205045e+07,2.49543285e+03,1.18500023e-01,5.61915529e-07,5.99999760e-01,2.81483630e-01
3.70370370e+00,6.54946140e+00,-4.43595263e+02,1.30205750e+07,2.49543669e+03,1.18500033e-01,5.61911396e-07,5.99999807e-01,2.81483652e-01
3.80380380e+00,6.54948476e+00,-4.43600961e+02,1.30206410e+07,2.49544024e+03,1.18500042e-01,5.61906961e-07,5.99999852e-01,2.81483673e-01
3.90390390e+00,6.54950692e+00,-4.43606476e+02,1.30206983e+07,2.49544287e+03,1.18500037e-01,5.61902207e-07,5.99999830e-01,2.81483662e-01
4.00400400e+00,6.54953077e+00,-4.43611849e+02,1.30207588e+07,2.49544554e+03,1.18500030e-01,5.61897233e-07,5.99999791e-01,2.81483644e-01
4.10410410e+00,6.54955880e+00,-4.43618240e+02,1.30208242e+07,2.49544790e+03,1.18500006e-01,5.61892026e-07,5.99999672e-01,2.81483589e-01
4.20420420e+00,6.54959312e+00,-4.43626802e+02,1.30209161e+07,2.49545244e+03,1.18500006e-01,5.61886820e-07,5.99999670e-01,2.81483588e-01
4.30430430e+00,6.54962653e+00,-4.43635268e+02,1.30210162e+07,2.49545832e+03,1.18500033e-01,5.61881671e-07,5.99999806e-01,2.81483652e-01
4.40440440e+00,6.54965761e+00,-4.43642878e+02,1.30211014e+07,2.49546270e+03,1.18500038e-01,5.61876381e-07,5.99999836e-01,2.81483665e-01
4.50450450e+00,6.54968844e+00,-4.43650304e+02,1.30211804e+07,2.49546626e+03,1.18500030e-01,5.61871005e-07,5.99999793e-01,2.81483645e-01
4.60460460e+00,6.54972181e+00,-4.43658269e+02,1.30212601e+07,2.49546933e+03,1.18500006e-01,5.61865561e-07,5.99999672e-01,2.81483588e-01
4.70470470e+00,6.54976305e+00,-4.43668511e+02,1.30213616e+07,2.49547357e+03,1.18499982e-01,5.61860150e-07,5.99999551e-01,2.81483532e-01
4.80480480e+00,6.54981351e+00,-4.43681751e+02,1.30215067e+07,2.49548168e+03,1.18500004e-01,5.61855017e-07,5.99999664e-01,2.81483585e-01
4.90490490e+00,6.54986167e+00,-4.43694390e+02,1.30216505e+07,2.49549016e+03,1.18500039e-01,5.61850028e-07,5.99999840e-01,2.81483667e-01
5.00500501e+00,6.54990859e+00,-4.43706099e+02,1.30217768e+07,2.49549650e+03,1.18500038e-01,5.61844980e-07,5.99999836e-01,2.81483665e-01
5.10510511e+00,6.54995725e+00,-4.43717975e+02,1.30218994e+07,2.49550193e+03,1.18500016e-01,5.61839955e-07,5.99999724e-01,2.81483613e-01
5.20520521e+00,6.55001289e+00,-4.43731753e+02,1.30220390e+07,2.49550806e+03,1.18499989e-01,5.61835033e-07,5.99999584e-01,2.81483547e-01
5.30530531e+00,6.55007954e+00,-4.43748824e+02,1.30222203e+07,2.49551739e+03,1.18499989e-01,5.61830373e-07,5.99999588e-01,2.81483549e-01
5.40540541e+00,6.55015490e+00,-4.43768410e+02,1.30224369e+07,2.49552957e+03,1.18500019e-01,5.61825963e-07,5.99999737e-01,2.81483619e-01
5.50550551e+00,6.55023234e+00,-4.43788428e+02,1.30226561e+07,2.49554161e+03,1.18500040e-01,5.61821613e-07,5.99999846e-01,2.81483670e-01
5.60560561e+00,6.55030950e+00,-4.43808124e+02,1.30228643e+07,2.49555221e+03,1.18500036e-01,5.61817220e-07,5.99999825e-01,2.81483660e-01
5.70570571e+00,6.55038821e+00,-4.43827814e+02,1.30230699e+07,2.49556207e+03,1.18500015e-01,5.61812800e-07,5.99999715e-01,2.81483609e-01
5.80580581e+00,6.55047461e+00,-4.43849028e+02,1.30232832e+07,2.49557120e+03,1.18499959e-01,5.61808259e-07,5.99999435e-01,2.81483478e-01
5.90590591e+00,6.55057995e+00,-4.43875900e+02,1.30235543e+07,2.49558387e+03,1.18499918e-01,5.61803807e-07,5.99999229e-01,2.81483381e-01
6.00600601e+00,6.55069041e+00,-4.43904794e+02,1.30238885e+07,2.49560410e+03,1.18500001e-01,5.61799943e-07,5.99999644e-01,2.81483576e-01
6.10610611e+00,6.55079073e+00,-4.43930974e+02,1.30241731e+07,2.49561983e+03,1.18500028e-01,5.61795813e-07,5.99999784e-01,2.81483641e-01
6.20620621e+00,6.55089016e+00,-4.43955987e+02,1.30244383e+07,2.49563309e+03,1.18500013e-01,5.61791462e-07,5.99999709e-01,2.81483606e-01
6.30630631e+00,6.55099534e+00,-4.43982393e+02,1.30247062e+07,2.49564535e+03,1.18499966e-01,5.61786927e-07,5.99999468e-01,2.81483493e-01
6.40640641e+00,6.55111425e+00,-4.44013276e+02,1.30250308e+07,2.49566224e+03,1.18499966e-01,5.61782582e-07,5.99999470e-01,2.81483494e-01
6.50650651e+00,6.55123040e+00,-4.44043924e+02,1.30253725e+07,2.49568216e+03,1.18500028e-01,5.61778494e-07,5.99999785e-01,2.81483642e-01
6.60660661e+00,6.55134171e+00,-4.44072886e+02,1.30256828e+07,2.49569886e+03,1.18500045e-01,5.61774152e-07,5.99999869e-01,2.81483681e-01
6.70670671e+00,6.55145341e+00,-4.44101481e+02,1.30259842e+07,2.49571423e+03,1.18500036e-01,5.61769657e-07,5.99999826e-01,2.81483661e-01
6.80680681e+00,6.55156904e+00,-4.44131024e+02,1.30262936e+07,2.49572978e+03,1.18500021e-01,5.61765101e-07,5.99999749e-01,2.81483625e-01
6.90690691e+00,6.55169227e+00,-4.44162794e+02,1.30266318e+07,2.49574753e+03,1.18500026e-01,5.61760612e-07,5.99999772e-01,2.81483635e-01
7.00700701e+00,6.55181739e+00,-4.44195188e+02,1.30269865e+07,2.49576714e+03,1.18500059e-01,5.61756229e-07,5.99999940e-01,2.81483714e-01
7.10710711e+00,6.55194063e+00,-4.44226903e+02,1.30273254e+07,2.49578499e+03,1.18500065e-01,5.61751685e-07,5.99999972e-01,2.81483729e-01
7.20720721e+00,6.55206410e+00,-4.44258426e+02,1.30276614e+07,2.49580237e+03,1.18500063e-01,5.61747049e-07,5.99999959e-01,2.81483723e-01
7.30730731e+00,6.55218820e+00,-4.44290060e+02,1.30279985e+07,2.49581976e+03,1.18500059e-01,5.61742342e-07,5.99999938e-01,2.81483713e-01
7.40740741e+00,6.55231341e+00,-4.44321783e+02,1.30283361e+07,2.49583696e+03,1.18500048e-01,5.61737514e-07,5.99999886e-01,2.81483689e-01
7.50750751e+00,6.55244200e+00,-4.44354193e+02,1.30286749e+07,2.49585352e+03,1.18500018e-01,5.61732474e-07,5.99999733e-01,2.81483617e-01
7.60760761e+00,6.55257877e+00,-4.44388414e+02,1.30290441e+07,2.49587236e+03,1.18500009e-01,5.61727382e-07,5.99999687e-01,2.81483596e-01
7.70770771e+00,6.55271069e+00,-4.44423616e+02,1.30293895e+07,2.49588901e+03,1.18499973e-01,5.61721984e-07,5.99999505e-01,2.81483511e-01
7.80780781e+00,6.55284469e+00,-4.44454431e+02,1.30297843e+07,2.49591204e+03,1.18500047e-01,5.61716906e-07,5.99999881e-01,2.81483687e-01
7.90790791e+00,6.55296635e+00,-4.44488574e+02,1.30300838e+07,2.49592480e+03,1.18499965e-01,5.61710869e-07,5.99999464e-01,2.81483491e-01
8.00800801e+00,6.55309320e+00,-4.44520234e+02,1.30304652e+07,2.49594771e+03,1.18500052e-01,5.61705417e-07,5.99999905e-01,2.81483698e-01
8.10810811e+00,6.55322355e+00,-4.44551990e+02,1.30307975e+07,2.49596294e+03,1.18499994e-01,5.61699059e-07,5.99999610e-01,2.81483560e-01
8.20820821e+00,6.55335672e+00,-4.44585323e+02,1.30311377e+07,2.49597857e+03,1.18499937e-01,5.61692501e-07,5.99999324e-01,2.81483425e-01
8.30830831e+00,6.55350808e+00,-4.44624614e+02,1.30315118e+07,2.49599454e+03,1.18499844e-01,5.61685564e-07,5.99998852e-01,2.81483204e-01
8.40840841e+00,6.55366861e+00,-4.44659637e+02,1.30320044e+07,2.49602467e+03,1.18499991e-01,5.61679560e-07,5.99999594e-01,2.81483552e-01
8.50850851e+00,6.55377357e+00,-4.44699505e+02,1.30321936e+07,2.49602608e+03,1.18499747e-01,5.61671495e-07,5.99998359e-01,2.81482973e-01
8.60860861e+00,6.55390252e+00,-4.44720031e+02,1.30327131e+07,2.49606767e+03,1.18500164e-01,5.61666344e-07,6.00000472e-01,2.81483964e-01
8.70870871e+00,6.55400457e+00,-4.44751832e+02,1.30328560e+07,2.49606340e+03,1.18499820e-01,5.61657348e-07,5.99998732e-01,2.81483148e-01
8.80880881e+00,6.55413284e+00,-4.44780728e+02,1.30332073e+07,2.49608177e+03,1.18499824e-01,5.61649743e-07,5.99998750e-01,2.81483156e-01
8.90890891e+00,6.55437641e+00,-4.44832201e+02,1.30336022e+07,2.49607860e+03,1.18499161e-01,5.61638711e-07,5.99995394e-01,2.81481582e-01
9.00900901e+00,6.55476908e+00,-4.44916220e+02,1.30347112e+07,2.49613872e+03,1.18499290e-01,5.61631149e-07,5.99996045e-01,2.81481887e-01
9.10910911e+00,6.55497912e+00,-4.45017364e+02,1.30349213e+07,2.49611829e+03,1.18498373e-01,5.61618345e-07,5.99991404e-01,2.81479710e-01
9.20920921e+00,6.55528695e+00,-4.45009798e+02,1.30365029e+07,2.49626418e+03,1.18500260e-01,5.61618534e-07,6.00000959e-01,2.81484192e-01
9.30930931e+00,6.55526150e+00,-4.45094548e+02,1.30355555e+07,2.49613877e+03,1.18498061e-01,5.61599060e-07,5.99989824e-01,2.81478969e-01
9.40940941e+00,6.55536300e+00,-4.45090827e+02,1.30370146e+07,2.49631795e+03,1.18500983e-01,5.61603556e-07,6.00004621e-01,2.81485911e-01
9.50950951e+00,6.55544146e+00,-4.45107463e+02,1.30365645e+07,2.49623715e+03,1.18499310e-01,5.61585956e-07,5.99996146e-01,2.81481935e-01
9.60960961e+00,6.55552817e+00,-4.45124492e+02,1.30368187e+07,2.49625188e+03,1.18499354e-01,5.61576170e-07,5.99996371e-01,2.81482040e-01
9.70970971e+00,6.55594214e+00,-4.45213312e+02,1.30373519e+07,2.49622787e+03,1.18497857e-01,5.61558721e-07,5.99988790e-01,2.81478483e-01
9.80980981e+00,6.55669921e+00,-4.45382408e+02,1.30397773e+07,2.49638429e+03,1.18498791e-01,5.61552408e-07,5.99993521e-01,2.81480703e-01
9.90990991e+00,6.55706586e+00,-4.45563099e+02,1.30403509e+07,2.49637632e+03,1.18497756e-01,5.61536340e-07,5.99988282e-01,2.81478245e-01
1.00100100e+01,6.55759984e+00,-4.45577006e+02,1.30429074e+07,2.49660470e+03,1.18500495e-01,5.61537691e-07,6.00002148e-01,2.81484751e-01
1.01101101e+01,6.55783237e+00,-4.45722471e+02,1.30424334e+07,2.49648489e+03,1.18497673e-01,5.61512195e-07,5.99987861e-01,2.81478048e-01
1.02102102e+01,6.55807980e+00,-4.45802441e+02,1.30440439e+07,2.49664980e+03,1.18500006e-01,5.61510602e-07,5.99999674e-01,2.81483590e-01
1.03103103e+01,6.55842440e+00,-4.45816193e+02,1.30448037e+07,2.49667336e+03,1.18499564e-01,5.61495310e-07,5.99997436e-01,2.81482540e-01
1.04104104e+01,6.55853180e+00,-4.45901718e+02,1.30448823e+07,2.49665914e+03,1.18499013e-01,5.61478939e-07,5.99994644e-01,2.81481230e-01
1.05105105e+01,6.55869611e+00,-4.45950821e+02,1.30456310e+07,2.49672388e+03,1.18499772e-01,5.61468203e-07,5.99998487e-01,2.81483033e-01
1.06106106e+01,6.55891657e+00,-4.45955476e+02,1.30462810e+07,2.49676137e+03,1.18499914e-01,5.61453961e-07,5.99999207e-01,2.81483371e-01
1.07107107e+01,6.55895058e+00,-4.46013024e+02,1.30461052e+07,2.49672897e+03,1.18499240e-01,5.61435256e-07,5.99995796e-01,2.81481771e-01
1.08108108e+01,6.55907662e+00,-4.46040626e+02,1.30468947e+07,2.49680877e+03,1.18500346e-01,5.61424367e-07,6.00001396e-01,2.81484398e-01
1.09109109e+01,6.55925444e+00,-4.46066313e+02,1.30471683e+07,2.49680460e+03,1.18499817e-01,5.61405091e-07,5.99998715e-01,2.81483140e-01
1.10110110e+01,6.55941935e+00,-4.46113574e+02,1.30474677e+07,2.49680682e+03,1.18499451e-01,5.61385929e-07,5.99996864e-01,2.81482272e-01
1.11111111e+01,6.55973668e+00,-4.46187943e+02,1.30483621e+07,2.49685562e+03,1.18499526e-01,5.61368166e-07,5.99997242e-01,2.81482449e-01
1.12112112e+01,6.55996671e+00,-4.46272630e+02,1.30487375e+07,2.49685278e+03,1.18498914e-01,5.61346445e-07,5.99994144e-01,2.81480996e-01
1.13113113e+01,6.56020996e+00,-4.46273585e+02,1.30500543e+07,2.49697695e+03,1.18500585e-01,5.61334817e-07,6.00002604e-01,2.81484965e-01
1.14114114e+01,6.56013080e+00,-4.46340183e+02,1.30491900e+07,2.49687578e+03,1.18498968e-01,5.61306887e-07,5.99994417e-01,2.81481124e-01
1.15115115e+01,6.56011141e+00,-4.46310122e+02,1.30502448e+07,2.49702661e+03,1.18501738e-01,5.61299013e-07,6.00008443e-01,2.81487704e-01
1.16116116e+01,6.56000132e+00,-4.46261506e+02,1.30495815e+07,2.49696003e+03,1.18500864e-01,5.61273156e-07,6.00004015e-01,2.81485627e-01
1.17117117e+01,6.55982612e+00,-4.46244080e+02,1.30485726e+07,2.49686199e+03,1.18499520e-01,5.61244370e-07,5.99997210e-01,2.81482434e-01
1.18118118e+01,6.56008821e+00,-4.46219478e+02,1.30487422e+07,2.49682268e+03,1.18498191e-01,5.61214964e-07,5.99990483e-01,2.81479278e-01
1.19119119e+01,6.56097911e+00,-4.46435543e+02,1.30493665e+07,2.49669803e+03,1.18493684e-01,5.61169829e-07,5.99967664e-01,2.81468573e-01
1.20120120e+01,6.56253186e+00,-4.46790074e+02,1.30551897e+07,2.49713663e+03,1.18497696e-01,5.61164367e-07,5.99987976e-01,2.81478102e-01
1.21121121e+01,6.56308128e+00,-4.47145910e+02,1.30552885e+07,2.49702188e+03,1.18494118e-01,5.61122319e-07,5.99969860e-01,2.81469603e-01
1.22122122e+01,6.56407041e+00,-4.47059214e+02,1.30610954e+07,2.49759114e+03,1.18501944e-01,5.61133644e-07,6.00009485e-01,2.81488193e-01
1.23123123e+01,6.56388331e+00,-4.47351055e+02,1.30572521e+07,2.49710222e+03,1.18493647e-01,5.61068012e-07,5.99967475e-01,2.81468484e-01
1.24124124e+01,6.56386336e+00,-4.47304858e+02,1.30623499e+07,2.49781353e+03,1.18506512e-01,5.61102001e-07,6.00032615e-01,2.81499044e-01
1.25125125e+01,6.56318264e+00,-4.47114897e+02,1.30604839e+07,2.49771838e+03,1.18506387e-01,5.61073921e-07,6.00031980e-01,2.81498746e-01
1.26126126e+01,6.56152542e+00,-4.46863033e+02,1.30541361e+07,2.49723099e+03,1.18501829e-01,5.61024343e-07,6.00008903e-01,2.81487920e-01
1.27127127e+01,6.56163032e+00,-4.46486543e+02,1.30554885e+07,2.49738796e+03,1.18504762e-01,5.61009739e-07,6.00023756e-01,2.81494888e-01
1.28128128e+01,6.56147338e+00,-4.46675324e+02,1.30503303e+07,2.49670960e+03,1.18492961e-01,5.60924929e-07,5.99963999e-01,2.81466854e-01
1.29129129e+01,6.56210859e+00,-4.46818835e+02,1.30541047e+07,2.49708342e+03,1.18498015e-01,5.60919506e-07,5.99989594e-01,2.81478861e-01
1.30130130e+01,6.56320012e+00,-4.46821918e+02,1.30576322e+07,2.49731098e+03,1.18499524e-01,5.60896917e-07,5.99997234e-01,2.81482446e-01
1.31131131e+01,6.56283672e+00,-4.47104165e+02,1.30543712e+07,2.49694504e+03,1.18493854e-01,5.60840010e-07,5.99968523e-01,2.81468976e-01
1.32132132e+01,6.56317987e+00,-4.47004484e+02,1.30592998e+07,2.49754653e+03,1.18503846e-01,5.60856924e-07,6.00019117e-01,2.81492712e-01
1.33133133e+01,6.56313857e+00,-4.47057906e+02,1.30571538e+07,2.49725891e+03,1.18498765e-01,5.60802210e-07,5.99993387e-01,2.81480641e-01
1.34134134e+01,6.56279673e+00,-4.47019019e+02,1.30574120e+07,2.49737579e+03,1.18501734e-01,5.60785339e-07,6.00008421e-01,2.81487694e-01
1.35135135e+01,6.56289995e+00,-4.46920853e+02,1.30569117e+07,2.49728029e+03,1.18499862e-01,5.60745314e-07,5.99998942e-01,2.81483247e-01
1.36136136e+01,6.56313607e+00,-4.46964109e+02,1.30556989e+07,2.49705594e+03,1.18495237e-01,5.60692041e-07,5.99975526e-01,2.81472262e-01
1.37137137e+01,6.56436006e+00,-4.47280185e+02,1.30575671e+07,2.49702256e+03,1.18491679e-01,5.60643603e-07,5.99957511e-01,2.81463811e-01
1.38138138e+01,6.56637301e+00,-4.47625344e+02,1.30656130e+07,2.49765793e+03,1.18498194e-01,5.60642619e-07,5.99990500e-01,2.81479287e-01
1.39139139e+01,6.56652929e+00,-4.48085242e+02,1.30635022e+07,2.49733549e+03,1.18491527e-01,5.60579081e-07,5.99956740e-01,2.81463449e-01
1.40140140e+01,6.56756449e+00,-4.47927288e+02,1.30714531e+07,2.49819075e+03,1.18504373e-01,5.60607682e-07,6.00021783e-01,2.81493963e-01
1.41141141e+01,6.56735029e+00,-4.48209107e+02,1.30667438e+07,2.49758756e+03,1.18494153e-01,5.60526995e-07,5.99970037e-01,2.81469687e-01
1.42142142e+01,6.56697626e+00,-4.48132438e+02,1.30711738e+07,2.49829014e+03,1.18507741e-01,5.60558770e-07,6.00038836e-01,2.81501964e-01
1.43143143e+01,6.56621425e+00,-4.47845810e+02,1.30683291e+07,2.49807878e+03,1.18505725e-01,5.60516568e-07,6.00028629e-01,2.81497175e-01
1.44144144e+01,6.56485719e+00,-4.47657968e+02,1.30624976e+07,2.49759204e+03,1.18500420e-01,5.60458657e-07,6.00001768e-01,2.81484573e-01
1.45145145e+01,6.56433404e+00,-4.47356916e+02,1.30630060e+07,2.49778210e+03,1.18505458e-01,5.60449499e-07,6.00027279e-01,2.81496542e-01
1.46146146e+01,6.56315848e+00,-4.47134617e+02,1.30595216e+07,2.49757861e+03,1.18504722e-01,5.60412870e-07,6.00023553e-01,2.81494794e-01
1.47147147e+01,6.56111377e+00,-4.46833718e+02,1.30540806e+07,2.49730929e+03,1.18505045e-01,5.60381088e-07,6.00025185e-01,2.81495559e-01
1.48148148e+01,6.56052145e+00,-4.46271055e+02,1.30544897e+07,2.49749909e+03,1.18510451e-01,5.60373187e-07,6.00052559e-01,2.81508402e-01
1.49149149e+01,6.55957233e+00,-4.46269695e+02,1.30450890e+07,2.49642377e+03,1.18493263e-01,5.60258302e-07,5.99965532e-01,2.81467574e-01
1.50150150e+01,6.56121447e+00,-4.46155865e+02,1.30476318e+07,2.49638334e+03,1.18488618e-01,5.60202576e-07,5.99942010e-01,2.81456539e-01
1.51151151e+01,6.56762488e+00,-4.47520428e+02,1.30561917e+07,2.49605369e+03,1.18466268e-01,5.60062979e-07,5.99828847e-01,2.81403450e-01
1.52152152e+01,6.57403722e+00,-4.50086896e+02,1.30739732e+07,2.49700753e+03,1.18466628e-01,5.60030597e-07,5.99830672e-01,2.81404306e-01
1.53153153e+01,6.58037352e+00,-4.50361576e+02,1.31113328e+07,2.50065261e+03,1.18517745e-01,5.60237990e-07,6.00089490e-01,2.81525728e-01
1.54154154e+01,6.57659141e+00,-4.51727030e+02,1.30926129e+07,2.49897521e+03,1.18496076e-01,5.60101209e-07,5.99979773e-01,2.81474255e-01
1.55155155e+01,6.56918923e+00,-4.49902494e+02,1.31049795e+07,2.50245724e+03,1.18576426e-01,5.60446568e-07,6.00386611e-01,2.81665119e-01
1.56156156e+01,6.55873234e+00,-4.45515985e+02,1.30730708e+07,2.50049304e+03,1.18569367e-01,5.60378691e-07,6.00350869e-01,2.81648351e-01
1.57157157e+01,6.54573745e+00,-4.44799857e+02,1.30007509e+07,2.49357798e+03,1.18475172e-01,5.59898978e-07,5.99873933e-01,2.81424601e-01
1.58158158e+01,6.55236850e+00,-4.42163505e+02,1.30350269e+07,2.49672695e+03,1.18517646e-01,5.60064994e-07,6.00088988e-01,2.81525492e-01
1.59159159e+01,6.56374571e+00,-4.45201118e+02,1.30120948e+07,2.49080333e+03,1.18384946e-01,5.59403019e-07,5.99417092e-01,2.81210279e-01
1.60160160e+01,6.57798903e+00,-4.51525111e+02,1.30564829e+07,2.49361105e+03,1.18398117e-01,5.59430141e-07,5.99483779e-01,2.81241565e-01
1.61161161e+01,6.59704700e+00,-4.52649013e+02,1.31564213e+07,2.50288047e+03,1.18519151e-01,5.59966578e-07,6.00096612e-01,2.81529069e-01
1.62162162e+01,6.58898242e+00,-4.56374129e+02,1.31133561e+07,2.49890340e+03,1.18464026e-01,5.59670531e-07,5.99817496e-01,2.81398125e-01
1.63163163e+01,6.57873997e+00,-4.52498609e+02,1.31489602e+07,2.50628266e+03,1.18620320e-01,5.60373142e-07,6.00608855e-01,2.81769383e-01
1.64164164e+01,6.56605226e+00,-4.46375961e+02,1.31053208e+07,2.50323862e+03,1.18599135e-01,5.60237060e-07,6.00501590e-01,2.81719060e-01
1.65165165e+01,6.54404543e+00,-4.44306399e+02,1.30051583e+07,2.49456520e+03,1.18499065e-01,5.59728254e-07,5.99994909e-01,2.81481356e-01
1.66166166e+01,6.54455765e+00,-4.40899287e+02,1.30260038e+07,2.49733710e+03,1.18547987e-01,5.59922865e-07,6.00242615e-01,2.81597565e-01
1.67167167e+01,6.54095711e+00,-4.43046742e+02,1.29789465e+07,2.49167219e+03,1.18453441e-01,5.59439494e-07,5.99763904e-01,2.81372983e-01
1.68168168e+01,6.54572946e+00,-4.42737148e+02,1.30355716e+07,2.49840795e+03,1.18562984e-01,5.59919577e-07,6.00318549e-01,2.81633189e-01
1.69169169e+01,6.56415638e+00,-4.44446748e+02,1.30608766e+07,2.49751704e+03,1.18501922e-01,5.59593278e-07,6.00009375e-01,2.81488143e-01
1.70170170e+01,6.59600387e+00,-4.53034898e+02,1.31245907e+07,2.49877305e+03,1.18445483e-01,5.59288109e-07,5.99723608e-01,2.81354078e-01
1.71171171e+01,6.61034745e+00,-4.59722005e+02,1.31611851e+07,2.50045759e+03,1.18438164e-01,5.59214137e-07,5.99686548e-01,2.81336693e-01
1.72172172e+01,6.62888443e+00,-4.59007433e+02,1.32474778e+07,2.50794593e+03,1.18526383e-01,5.59590411e-07,6.00133229e-01,2.81546248e-01
1.73173173e+01,6.62075701e+00,-4.64622188e+02,1.31717050e+07,2.49949284e+03,1.18392148e-01,5.58915603e-07,5.99453555e-01,2.81227386e-01
1.74174174e+01,6.61993682e+00,-4.63083935e+02,1.32512726e+07,2.51066272e+03,1.18592116e-01,5.59817669e-07,6.00466051e-01,2.81702388e-01
1.75175175e+01,6.61703842e+00,-4.61079452e+02,1.32215619e+07,2.50725580e+03,1.18538904e-01,5.59523499e-07,6.00196626e-01,2.81575990e-01
1.76176176e+01,6.60730072e+00,-4.59389527e+02,1.31856416e+07,2.50460866e+03,1.18516212e-01,5.59372482e-07,6.00081730e-01,2.81522088e-01
1.77177177e+01,6.60973110e+00,-4.56573190e+02,1.32025554e+07,2.50631492e+03,1.18543847e-01,5.59457784e-07,6.00221652e-01,2.81587731e-01
1.78178178e+01,6.60776094e+00,-4.56895140e+02,1.31591785e+07,2.50080164e+03,1.18450162e-01,5.58969403e-07,5.99747297e-01,2.81365193e-01
1.79179179e+01,6.61158038e+00,-4.59276360e+02,1.31590410e+07,2.49991089e+03,1.18422677e-01,5.58792133e-07,5.99608137e-01,2.81299907e-01
1.80180180e+01,6.63079397e+00,-4.65025512e+02,1.32057288e+07,2.50184975e+03,1.18406642e-01,5.58667379e-07,5.99526943e-01,2.81261816e-01
1.81181181e+01,6.67069225e+00,-4.75900328e+02,1.33221068e+07,2.50845811e+03,1.18422875e-01,5.58693107e-07,5.99609138e-01,2.81300377e-01
1.82182182e+01,6.71478651e+00,-4.85153761e+02,1.34760021e+07,2.51909134e+03,1.18501922e-01,5.59013249e-07,6.00009375e-01,2.81488144e-01
1.83183183e+01,6.75749045e+00,-4.89845984e+02,1.35906529e+07,2.52463310e+03,1.18494190e-01,5.58922099e-07,5.99970224e-01,2.81469777e-01
1.84184184e+01,6.77689560e+00,-4.95359519e+02,1.36364382e+07,2.52627607e+03,1.18475839e-01,5.58779028e-07,5.99877308e-01,2.81426186e-01
1.85185185e+01,6.77877445e+00,-5.00809633e+02,1.36357009e+07,2.52569697e+03,1.18463753e-01,5.58663770e-07,5.99816114e-01,2.81397477e-01
1.86186186e+01,6.77001249e+00,-5.04690313e+02,1.36289310e+07,2.52689606e+03,1.18501922e-01,5.58783742e-07,6.00009375e-01,2.81488144e-01
1.87187187e+01,6.77827579e+00,-5.04052445e+02,1.36787626e+07,2.53172496e+03,1.18563634e-01,5.59012955e-07,6.00321840e-01,2.81634734e-01
1.88188188e+01,6.79402740e+00,-5.00398163e+02,1.37142189e+07,2.53277566e+03,1.18546165e-01,5.58866739e-07,6.00233389e-01,2.81593238e-01
1.89189189e+01,6.79053931e+00,-5.02736243e+02,1.36713697e+07,2.52781951e+03,1.18468298e-01,5.58433969e-07,5.99839126e-01,2.81408274e-01
1.90190190e+01,6.77839381e+00,-5.01977756e+02,1.36771228e+07,2.53137736e+03,1.18563635e-01,5.58815893e-07,6.00321846e-01,2.81634737e-01
1.91191191e+01,6.75264181e+00,-4.96573383e+02,1.36023467e+07,2.52733042e+03,1.18554638e-01,5.58704363e-07,6.00276293e-01,2.81613366e-01
1.92192192e+01,6.72164252e+00,-4.92600785e+02,1.34823298e+07,2.51835962e+03,1.18471049e-01,5.58239979e-07,5.99853058e-01,2.81414810e-01
1.93193193e+01,6.70273509e+00,-4.86474823e+02,1.34681310e+07,2.52086244e+03,1.18562289e-01,5.58597754e-07,6.00315033e-01,2.81631541e-01
1.94194194e+01,6.68452379e+00,-4.79720048e+02,1.34233860e+07,2.51906082e+03,1.18575073e-01,5.58584361e-07,6.00379759e-01,2.81661906e-01
1.95195195e+01,6.65978480e+00,-4.71769400e+02,1.33537558e+07,2.51535801e+03,1.18572472e-01,5.58497205e-07,6.00366591e-01,2.81655729e-01
1.96196196e+01,6.63368297e+00,-4.65443302e+02,1.32634976e+07,2.50913228e+03,1.18527805e-01,5.58210906e-07,6.00140428e-01,2.81549627e-01
1.97197197e+01,6.61683514e+00,-4.58360274e+02,1.32294829e+07,2.50838354e+03,1.18560237e-01,5.58286785e-07,6.00304644e-01,2.81626667e-01
1.98198198e+01,6.59950320e+00,-4.53070061e+02,1.31741536e+07,2.50483604e+03,1.18542102e-01,5.58123910e-07,6.00212817e-01,2.81583588e-01
1.99199199e+01,6.57740886e+00,-4.50004253e+02,1.31063912e+07,2.50070754e+03,1.18523872e-01,5.57960420e-07,6.00120515e-01,2.81540285e-01
2.00200200e+01,6.55835586e+00,-4.45674350e+02,1.30675068e+07,2.49981369e+03,1.18557917e-01,5.58043225e-07,6.00292897e-01,2.81621157e-01
2.01201201e+01,6.53636900e+00,-4.41344394e+02,1.30072370e+07,2.49661218e+03,1.18559908e-01,5.57975821e-07,6.00302975e-01,2.81625885e-01
2.02202202e+01,6.50165151e+00,-4.34422754e+02,1.29282960e+07,2.49384217e+03,1.18601200e-01,5.58094727e-07,6.00512048e-01,2.81723969e-01
2.03203203e+01,6.45521993e+00,-4.22869212e+02,1.27950718e+07,2.48623409e+03,1.18585097e-01,5.57945478e-07,6.00430516e-01,2.81685719e-01
2.04204204e+01,6.42699240e+00,-4.09775608e+02,1.27196333e+07,2.48216354e+03,1.18597862e-01,5.57934216e-07,6.00495149e-01,2.81716041e-01
2.05205205e+01,6.39055320e+00,-4.05338266e+02,1.25606110e+07,2.46833694e+03,1.18442704e-01,5.57135630e-07,5.99709540e-01,2.81347481e-01
2.06206206e+01,6.37163818e+00,-3.97813652e+02,1.25673639e+07,2.47398196e+03,1.18586979e-01,5.57748229e-07,6.00440044e-01,2.81690190e-01
2.07207207e+01,6.35103150e+00,-3.94446490e+02,1.24716629e+07,2.46529504e+03,1.18481800e-01,5.57190381e-07,5.99907492e-01,2.81440349e-01
2.08208208e+01,6.33968011e+00,-3.86107570e+02,1.24882238e+07,2.47035887e+03,1.18607930e-01,5.57723246e-07,6.00546127e-01,2.81739957e-01
2.09209209e+01,6.32194415e+00,-3.80106710e+02,1.23877736e+07,2.46020855e+03,1.18470747e-01,5.57020748e-07,5.99851530e-01,2.81414094e-01
2.10210210e+01,6.28872910e+00,-3.74950998e+02,1.23244832e+07,2.45909525e+03,1.18541639e-01,5.57299497e-07,6.00210473e-01,2.81582489e-01
2.11211211e+01,6.25532451e+00,-3.71256810e+02,1.22156079e+07,2.45141304e+03,1.18492045e-01,5.57014335e-07,5.99959367e-01,2.81464685e-01
2.12212212e+01,6.23631357e+00,-3.65123734e+02,1.21732968e+07,2.44989543e+03,1.18514958e-01,5.57072189e-07,6.00075383e-01,2.81519113e-01
2.13213213e+01,6.22118324e+00,-3.58437314e+02,1.21333936e+07,2.44775445e+03,1.18517339e-01,5.57035142e-07,6.00087437e-01,2.81524768e-01
2.14214214e+01,6.20082105e+00,-3.52660341e+02,1.20653371e+07,2.44277042e+03,1.18480822e-01,5.56816684e-07,5.99902539e-01,2.81438025e-01
2.15215215e+01,6.17533685e+00,-3.47695695e+02,1.19999230e+07,2.43940074e+03,1.18488200e-01,5.56805558e-07,5.99939900e-01,2.81455553e-01
2.16216216e+01,6.14990554e+00,-3.43095438e+02,1.19350847e+07,2.43606360e+03,1.18497418e-01,5.56803774e-07,5.99986571e-01,2.81477448e-01
2.17217217e+01,6.12757867e+00,-3.37236840e+02,1.18790366e+07,2.43325424e+03,1.18507349e-01,5.56805733e-07,6.00036857e-01,2.81501039e-01
2.18218218e+01,6.11079273e+00,-3.30227769e+02,1.18418932e+07,2.43186115e+03,1.18529175e-01,5.56863731e-07,6.00147364e-01,2.81552882e-01
2.19219219e+01,6.09269465e+00,-3.24339642e+02,1.17851338e+07,2.42784979e+03,1.18506927e-01,5.56714672e-07,6.00034719e-01,2.81500036e-01
2.20220220e+01,6.07539335e+00,-3.18991597e+02,1.17432275e+07,2.42583471e+03,1.18520183e-01,5.56732302e-07,6.00101837e-01,2.81531524e-01
2.21221221e+01,6.06006967e+00,-3.13893864e+02,1.16992698e+07,2.42298995e+03,1.18514087e-01,5.56658833e-07,6.00070970e-01,2.81517043e-01
2.22222222e+01,6.04205515e+00,-3.09945936e+02,1.16424629e+07,2.41889764e+03,1.18490391e-01,5.56502520e-07,5.99950993e-01,2.81460757e-01
2.23223223e+01,6.02267885e+00,-3.06669238e+02,1.15934771e+07,2.41633866e+03,1.18496807e-01,5.56487394e-07,5.99983477e-01,2.81475997e-01
2.24224224e+01,6.00564142e+00,-3.02683438e+02,1.15507028e+07,2.41414337e+03,1.18502196e-01,5.56467164e-07,6.00010766e-01,2.81488799e-01
2.25225225e+01,5.99370864e+00,-2.97789602e+02,1.15293629e+07,2.41392256e+03,1.18529593e-01,5.56549888e-07,6.00149484e-01,2.81553877e-01
2.26226226e+01,5.98232254e+00,-2.93773451e+02,1.15003027e+07,2.41238726e+03,1.18531250e-01,5.56511318e-07,6.00157875e-01,2.81557814e-01
2.27227227e+01,5.97242106e+00,-2.90610376e+02,1.14823927e+07,2.41213046e+03,1.18555479e-01,5.56578216e-07,6.00280553e-01,2.81615367e-01
2.28228228e+01,5.96158248e+00,-2.89654800e+02,1.14416585e+07,2.40862867e+03,1.18521741e-01,5.56372420e-07,6.00109725e-01,2.81535225e-01
2.29229229e+01,5.95237520e+00,-2.90550455e+02,1.14045354e+07,2.40525785e+03,1.18485746e-01,5.56155416e-07,5.99927472e-01,2.81449723e-01
2.30230230e+01,5.95042930e+00,-2.87974706e+02,1.14171668e+07,2.40767138e+03,1.18536823e-01,5.56346288e-07,6.00186089e-01,2.81571051e-01
2.31231231e+01,5.95143734e+00,-2.86165857e+02,1.14007528e+07,2.40488558e+03,1.18483451e-01,5.56045979e-07,5.99915852e-01,2.81444272e-01
2.32232232e+01,5.94792400e+00,-2.85208486e+02,1.13946844e+07,2.40479168e+03,1.18494959e-01,5.56049176e-07,5.99974123e-01,2.81471609e-01
2.33233233e+01,5.94182245e+00,-2.83411457e+02,1.13776162e+07,2.40368700e+03,1.18493394e-01,5.55989933e-07,5.99966198e-01,2.81467891e-01
2.34234234e+01,5.93860648e+00,-2.80970234e+02,1.13775205e+07,2.40446303e+03,1.18518302e-01,5.56053741e-07,6.00092313e-01,2.81527057e-01
2.35235235e+01,5.92969749e+00,-2.80420554e+02,1.13371133e+07,2.40053026e+03,1.18468588e-01,5.55766304e-07,5.99840598e-01,2.81408967e-01
2.36236236e+01,5.92351686e+00,-2.79659320e+02,1.13497215e+07,2.40406491e+03,1.18549529e-01,5.56090639e-07,6.00250423e-01,2.81601232e-01
2.37237237e+01,5.91925335e+00,-2.80122231e+02,1.13194127e+07,2.40050554e+03,1.18493548e-01,5.55771588e-07,5.99966975e-01,2.81468256e-01
2.38238238e+01,5.91999370e+00,-2.79563554e+02,1.13338468e+07,2.40251000e+03,1.18530832e-01,5.55889015e-07,6.00155759e-01,2.81556822e-01
2.39239239e+01,5.92440205e+00,-2.79277108e+02,1.13375725e+07,2.40198071e+03,1.18507677e-01,5.55722082e-07,6.00038517e-01,2.81501819e-01
2.40240240e+01,5.92703751e+00,-2.79917974e+02,1.13448867e+07,2.40245465e+03,1.18508018e-01,5.55664755e-07,6.00040241e-01,2.81502628e-01
2.41241241e+01,5.92587183e+00,-2.80742346e+02,1.13366884e+07,2.40148956e+03,1.18493274e-01,5.55536441e-07,5.99965588e-01,2.81467606e-01
2.42242242e+01,5.92701894e+00,-2.80451263e+02,1.13521568e+07,2.40357365e+03,1.18529125e-01,5.55645406e-07,6.00147112e-01,2.81552765e-01
2.43243243e+01,5.92661814e+00,-2.80213826e+02,1.13463019e+07,2.40276604e+03,1.18515826e-01,5.55524487e-07,6.00079780e-01,2.81521177e-01
2.44244244e+01,5.92549318e+00,-2.79902194e+02,1.13415150e+07,2.40230553e+03,1.18511031e-01,5.55444446e-07,6.00055498e-01,2.81509786e-01
2.45245245e+01,5.92556283e+00,-2.79912911e+02,1.13359304e+07,2.40141587e+03,1.18495166e-01,5.55314022e-07,5.99975171e-01,2.81472102e-01
2.46246246e+01,5.92661514e+00,-2.79003637e+02,1.13465357e+07,2.40276480e+03,1.18518390e-01,5.55368779e-07,6.00092757e-01,2.81527266e-01
2.47247247e+01,5.93254892e+00,-2.77836762e+02,1.13580210e+07,2.40303940e+03,1.18506152e-01,5.55259819e-07,6.00030793e-01,2.81498196e-01
2.48248248e+01,5.93595853e+00,-2.77865874e+02,1.13606198e+07,2.40258987e+03,1.18487347e-01,5.55123095e-07,5.99935578e-01,2.81453527e-01
2.49249249e+01,5.93663631e+00,-2.78921872e+02,1.13627036e+07,2.40274062e+03,1.18488115e-01,5.55081524e-07,5.99939469e-01,2.81455352e-01
2.50250250e+01,5.92980435e+00,-2.81710595e+02,1.13231321e+07,2.39839779e+03,1.18425559e-01,5.54747198e-07,5.99622730e-01,2.81306758e-01
2.51251251e+01,5.92178846e+00,-2.83741627e+02,1.13233720e+07,2.40044314e+03,1.18487328e-01,5.54999386e-07,5.99935486e-01,2.81453484e-01
2.52252252e+01,5.91844752e+00,-2.82390353e+02,1.13250436e+07,2.40153193e+03,1.18517959e-01,5.55109937e-07,6.00090576e-01,2.81526243e-01
2.53253253e+01,5.91819139e+00,-2.79519081e+02,1.13283111e+07,2.40212703e+03,1.18527913e-01,5.55127906e-07,6.00140980e-01,2.81549889e-01
2.54254254e+01,5.91949549e+00,-2.77123314e+02,1.13267255e+07,2.40155563e+03,1.18513405e-01,5.55035470e-07,6.00067518e-01,2.81515425e-01
2.55255255e+01,5.92121243e+00,-2.75834090e+02,1.13261634e+07,2.40099577e+03,1.18500786e-01,5.54955829e-07,6.00003626e-01,2.81485451e-01
2.56256256e+01,5.92325411e+00,-2.76509893e+02,1.13108161e+07,2.39811053e+03,1.18441754e-01,5.54662422e-07,5.99704727e-01,2.81345226e-01
2.57257257e+01,5.93392534e+00,-2.81000993e+02,1.13283327e+07,2.39812025e+03,1.18411370e-01,5.54506272e-07,5.99550887e-01,2.81273053e-01
2.58258258e+01,5.94614979e+00,-2.85066852e+02,1.13854723e+07,2.40380007e+03,1.18483346e-01,5.54831952e-07,5.99915322e-01,2.81444024e-01
2.59259259e+01,5.94598546e+00,-2.89396253e+02,1.13634220e+07,2.40053259e+03,1.18418111e-01,5.54516950e-07,5.99585020e-01,2.81289067e-01
2.60260260e+01,5.95360126e+00,-2.88728368e+02,1.14355647e+07,2.40967307e+03,1.18566007e-01,5.55201043e-07,6.00333858e-01,2.81640376e-01
2.61261261e+01,5.95783319e+00,-2.87380048e+02,1.14276427e+07,2.40738659e+03,1.18512162e-01,5.54940746e-07,6.00061227e-01,2.81512474e-01
2.62262262e+01,5.95611971e+00,-2.86158852e+02,1.14422599e+07,2.41004685e+03,1.18566869e-01,5.55188241e-07,6.00338225e-01,2.81642425e-01
2.63263263e+01,5.94282081e+00,-2.83068169e+02,1.13956479e+07,2.40628257e+03,1.18533254e-01,5.55020889e-07,6.00168021e-01,2.81562575e-01
2.64264264e+01,5.91832367e+00,-2.78420456e+02,1.13313624e+07,2.40258693e+03,1.18534495e-01,5.55014777e-07,6.00174303e-01,2.81565523e-01
2.65265265e+01,5.89851727e+00,-2.73471269e+02,1.12820217e+07,2.39997382e+03,1.18543574e-01,5.55042729e-07,6.00220274e-01,2.81587090e-01
2.66266266e+01,5.88771855e+00,-2.65707934e+02,1.12663217e+07,2.40026064e+03,1.18581558e-01,5.55202803e-07,6.00412597e-01,2.81677316e-01
2.67267267e+01,5.87024411e+00,-2.59663984e+02,1.11899943e+07,2.39285897e+03,1.18494188e-01,5.54772340e-07,5.99970219e-01,2.81469779e-01
2.68268268e+01,5.84656630e+00,-2.55145342e+02,1.11533160e+07,2.39315238e+03,1.18569563e-01,5.55099885e-07,6.00351866e-01,2.81648824e-01
2.69269269e+01,5.82242409e+00,-2.53121548e+02,1.10654068e+07,2.38556444e+03,1.18498497e-01,5.54737742e-07,5.99992038e-01,2.81480015e-01
2.70270270e+01,5.80673537e+00,-2.50346648e+02,1.10218835e+07,2.38274536e+03,1.18491336e-01,5.54670604e-07,5.99955777e-01,2.81463004e-01
2.71271271e+01,5.79645085e+00,-2.46427893e+02,1.09983598e+07,2.38167621e+03,1.18501403e-01,5.54679901e-07,6.00006752e-01,2.81486918e-01
2.72272272e+01,5.78400367e+00,-2.37894545e+02,1.10019255e+07,2.38538094e+03,1.18610420e-01,5.55148346e-07,6.00558733e-01,2.81745874e-01
2.73273273e+01,5.76708389e+00,-2.29744198e+02,1.09195467e+07,2.37675637e+03,1.18496117e-01,5.54567876e-07,5.99979986e-01,2.81474361e-01
2.74274274e+01,5.74442435e+00,-2.22653844e+02,1.08864194e+07,2.37734936e+03,1.18573049e-01,5.54879234e-07,6.00369512e-01,2.81657104e-01
2.75275275e+01,5.71197374e+00,-2.20772696e+02,1.07554662e+07,2.36493785e+03,1.18430552e-01,5.54161155e-07,5.99648009e-01,2.81318618e-01
2.76276276e+01,5.68228401e+00,-2.18688660e+02,1.07186641e+07,2.36671985e+03,1.18552664e-01,5.54679221e-07,6.00266299e-01,2.81608682e-01
2.77277277e+01,5.65377162e+00,-2.13502513e+02,1.06446103e+07,2.36216725e+03,1.18555391e-01,5.54637193e-07,6.00280109e-01,2.81615161e-01
2.78278278e+01,5.63216196e+00,-2.07241150e+02,1.05830276e+07,2.35782110e+03,1.18539855e-01,5.54508952e-07,6.00201444e-01,2.81578256e-01
2.79279279e+01,5.61931647e+00,-2.00061675e+02,1.05410374e+07,2.35436921e+03,1.18512931e-01,5.54327129e-07,6.00065119e-01,2.81514301e-01
2.80280280e+01,5.61273140e+00,-1.91975260e+02,1.05406697e+07,2.35600525e+03,1.18565446e-01,5.54517230e-07,6.00331019e-01,2.81639045e-01
2.81281281e+01,5.59664817e+00,-1.86147559e+02,1.04633437e+07,2.34763364e+03,1.18454784e-01,5.53945188e-07,5.99770707e-01,2.81376181e-01
2.82282282e+01,5.57308240e+00,-1.79452494e+02,1.04327091e+07,2.34879038e+03,1.18548980e-01,5.54332863e-07,6.00247644e-01,2.81599931e-01
2.83283283e+01,5.54882906e+00,-1.70584660e+02,1.03656910e+07,2.34419116e+03,1.18534381e-01,5.54213939e-07,6.00173728e-01,2.81565254e-01
2.84284284e+01,5.52836245e+00,-1.61130218e+02,1.03186120e+07,2.34182039e+03,1.18552751e-01,5.54251833e-07,6.00266742e-01,2.81608891e-01
2.85285285e+01,5.50542525e+00,-1.55103288e+02,1.02403912e+07,2.33494888e+03,1.18491923e-01,5.53922517e-07,5.99958752e-01,2.81464400e-01
2.86286286e+01,5.48030723e+00,-1.50720710e+02,1.01896059e+07,2.33317497e+03,1.18534731e-01,5.54081065e-07,6.00175501e-01,2.81566086e-01
2.87287287e+01,5.45564765e+00,-1.45882347e+02,1.01254760e+07,2.32903970e+03,1.18531202e-01,5.54026618e-07,6.00157633e-01,2.81557703e-01
2.88288288e+01,5.42842603e+00,-1.40378622e+02,1.00658211e+07,2.32629064e+03,1.18563704e-01,5.54144363e-07,6.00322198e-01,2.81634907e-01
2.89289289e+01,5.39964100e+00,-1.34502841e+02,9.98695054e+06,2.32069606e+03,1.18546898e-01,5.54035534e-07,6.00237103e-01,2.81594986e-01
2.90290290e+01,5.37437463e+00,-1.29513041e+02,9.91301011e+06,2.31494860e+03,1.18515924e-01,5.53864373e-07,6.00080273e-01,2.81521411e-01
2.91291291e+01,5.35452699e+00,-1.23194060e+02,9.85969168e+06,2.31121918e+03,1.18506326e-01,5.53796890e-07,6.00031679e-01,2.81498614e-01
2.92292292e+01,5.34102337e+00,-1.13990877e+02,9.83990006e+06,2.31147796e+03,1.18554188e-01,5.54001529e-07,6.00274014e-01,2.81612302e-01
2.93293293e+01,5.32651797e+00,-1.05164877e+02,9.79140790e+06,2.30710933e+03,1.18515190e-01,5.53803723e-07,6.00076558e-01,2.81519668e-01
2.94294294e+01,5.30418994e+00,-9.77848131e+01,9.73635315e+06,2.30369446e+03,1.18520321e-01,5.53815315e-07,6.00102537e-01,2.81531856e-01
2.95295295e+01,5.27837978e+00,-9.18811284e+01,9.67368526e+06,2.29988587e+03,1.18529235e-01,5.53847451e-07,6.00147671e-01,2.81553030e-01
2.96296296e+01,5.25350980e+00,-8.73376378e+01,9.60292808e+06,2.29438720e+03,1.18502596e-01,5.53715920e-07,6.00012791e-01,2.81489752e-01
2.97297297e+01,5.23229370e+00,-8.15718471e+01,9.55147905e+06,2.29120298e+03,1.18510108e-01,5.53745971e-07,6.00050826e-01,2.81507596e-01
2.98298298e+01,5.21687003e+00,-7.24327455e+01,9.52436974e+06,2.29066787e+03,1.18550817e-01,5.53932627e-07,6.00256948e-01,2.81604296e-01
2.99299299e+01,5.19880458e+00,-6.38125172e+01,9.45543295e+06,2.28354475e+03,1.18470125e-01,5.53552971e-07,5.99848380e-01,2.81412621e-01
3.00300300e+01,5.17211810e+00,-5.67848144e+01,9.39604328e+06,2.28040462e+03,1.18496387e-01,5.53673404e-07,5.99981354e-01,2.81475004e-01
3.01301301e+01,5.14331250e+00,-5.17119366e+01,9.32155465e+06,2.27515118e+03,1.18488343e-01,5.53633246e-07,5.99940622e-01,2.81455895e-01
3.02302302e+01,5.11917423e+00,-4.72628975e+01,9.25339869e+06,2.26968972e+03,1.18460979e-01,5.53501875e-07,5.99802074e-01,2.81390897e-01
3.03303303e+01,5.09785905e+00,-4.23052680e+01,9.20143278e+06,2.26629121e+03,1.18465629e-01,5.53518473e-07,5.99825618e-01,2.81401942e-01
3.04304304e+01,5.07770232e+00,-3.63598092e+01,9.14978858e+06,2.26260763e+03,1.18460898e-01,5.53488958e-07,5.99801664e-01,2.81390704e-01
3.05305305e+01,5.05969704e+00,-2.84988120e+01,9.11149962e+06,2.26071391e+03,1.18484131e-01,5.53587166e-07,5.99919296e-01,2.81445890e-01
3.06306306e+01,5.04531735e+00,-1.92488067e+01,9.07622313e+06,2.25835359e+03,1.18485494e-01,5.53579626e-07,5.99926197e-01,2.81449128e-01
3.07307307e+01,5.02854236e+00,-1.03939636e+01,9.02891309e+06,2.25447706e+03,1.18464435e-01,5.53463215e-07,5.99819570e-01,2.81399105e-01
3.08308308e+01,5.00529326e+00,-2.91730002e+00,8.96378108e+06,2.24914532e+03,1.18436248e-01,5.53308946e-07,5.99676855e-01,2.81332151e-01
3.09309309e+01,4.97892229e+00,3.58796498e+00,8.91137076e+06,2.24696872e+03,1.18482057e-01,5.53495371e-07,5.99908796e-01,2.81440964e-01
3.10310310e+01,4.95289639e+00,9.43398629e+00,8.84554902e+06,2.24221350e+03,1.18475632e-01,5.53432559e-07,5.99876265e-01,2.81425703e-01
3.11311311e+01,4.92699060e+00,1.46919961e+01,8.78679314e+06,2.23867764e+03,1.18494326e-01,5.53481662e-07,5.99970915e-01,2.81470107e-01
3.12312312e+01,4.90219159e+00,2.00761825e+01,8.72375545e+06,2.23399986e+03,1.18486946e-01,5.53403565e-07,5.99933552e-01,2.81452578e-01
3.13313313e+01,4.88092680e+00,2.68046807e+01,8.67850224e+06,2.23159304e+03,1.18513530e-01,5.53479172e-07,6.00068153e-01,2.81515725e-01
3.14314314e+01,4.86522062e+00,3.45427327e+01,8.64361021e+06,2.22952722e+03,1.18527822e-01,5.53492548e-07,6.00140517e-01,2.81549674e-01
3.15315315e+01,4.84586967e+00,4.14040780e+01,8.59056454e+06,2.22508488e+03,1.18506955e-01,5.53337208e-07,6.00034863e-01,2.81500107e-01
3.16316316e+01,4.82097999e+00,4.80857401e+01,8.53757367e+06,2.22219804e+03,1.18537789e-01,5.53419746e-07,6.00190983e-01,2.81573350e-01
3.17317317e+01,4.79424923e+00,5.48530972e+01,8.47198143e+06,2.21743140e+03,1.18537194e-01,5.53353099e-07,6.00187969e-01,2.81571936e-01
3.18318318e+01,4.77160653e+00,6.12070465e+01,8.41279052e+06,2.21267490e+03,1.18521813e-01,5.53215782e-07,6.00110093e-01,2.81535401e-01
3.19319319e+01,4.75107877e+00,6.76301722e+01,8.36683505e+06,2.20980381e+03,1.18537484e-01,5.53222513e-07,6.00189439e-01,2.81572626e-01
3.20320320e+01,4.73218985e+00,7.43834057e+01,8.31469369e+06,2.20525209e+03,1.18513084e-01,5.53042915e-07,6.00065895e-01,2.81514666e-01
3.21321321e+01,4.71731933e+00,8.19910146e+01,8.28438855e+06,2.20371549e+03,1.18535956e-01,5.53085521e-07,6.00181700e-01,2.81568995e-01
3.22322322e+01,4.70456786e+00,8.92653725e+01,8.24953842e+06,2.20068304e+03,1.18520333e-01,5.52951044e-07,6.00102597e-01,2.81531885e-01
3.23323323e+01,4.69026168e+00,9.55923861e+01,8.21824487e+06,2.19878287e+03,1.18533226e-01,5.52953408e-07,6.00167881e-01,2.81562512e-01
3.24324324e+01,4.67141344e+00,1.01321086e+02,8.16388000e+06,2.19370551e+03,1.18497838e-01,5.52735480e-07,5.99988700e-01,2.81478451e-01
3.25325325e+01,4.64555695e+00,1.08301838e+02,8.11509616e+06,2.19172078e+03,1.18552605e-01,5.52944200e-07,6.00266004e-01,2.81608545e-01
3.26326326e+01,4.61749082e+00,1.15884079e+02,8.03246429e+06,2.18371290e+03,1.18491629e-01,5.52620122e-07,5.99957261e-01,2.81463702e-01
3.27327327e+01,4.59417809e+00,1.21879463e+02,7.97663608e+06,2.17953213e+03,1.18492025e-01,5.52590065e-07,5.99959269e-01,2.81464644e-01
3.28328328e+01,4.57484692e+00,1.28224283e+02,7.92968723e+06,2.17590413e+03,1.18489585e-01,5.52555062e-07,5.99946914e-01,2.81458848e-01
3.29329329e+01,4.55911540e+00,1.35647871e+02,7.90321053e+06,2.17527821e+03,1.18535545e-01,5.52754564e-07,6.00179623e-01,2.81568021e-01
3.30330330e+01,4.54280534e+00,1.42613994e+02,7.85446700e+06,2.17037296e+03,1.18494630e-01,5.52558106e-07,5.99972456e-01,2.81470831e-01
3.31331331e+01,4.52103175e+00,1.49217915e+02,7.80623876e+06,2.16715733e+03,1.18509804e-01,5.52632632e-07,6.00049286e-01,2.81506875e-01
3.32332332e+01,4.49612309e+00,1.55791872e+02,7.73881639e+06,2.16096895e+03,1.18475423e-01,5.52485554e-07,5.99875208e-01,2.81425208e-01
3.33333333e+01,4.47318101e+00,1.61637355e+02,7.68667649e+06,2.15725266e+03,1.18484506e-01,5.52550510e-07,5.99921199e-01,2.81446784e-01
3.34334334e+01,4.45165751e+00,1.68358694e+02,7.63558410e+06,2.15329372e+03,1.18483450e-01,5.52577351e-07,5.99915851e-01,2.81444275e-01
3.35335335e+01,4.43217223e+00,1.75858948e+02,7.59252703e+06,2.15033101e+03,1.18496315e-01,5.52677936e-07,5.99980990e-01,2.81474834e-01
3.36336336e+01,4.41557204e+00,1.83385327e+02,7.55020227e+06,2.14662362e+03,1.18483031e-01,5.52664869e-07,5.99913726e-01,2.81443278e-01
3.37337337e+01,4.39905844e+00,1.89610071e+02,7.50733642e+06,2.14275735e+03,1.18465966e-01,5.52641919e-07,5.99827323e-01,2.81402743e-01
3.38338338e+01,4.38307902e+00,1.96134033e+02,7.47657126e+06,2.14122071e+03,1.18495590e-01,5.52843981e-07,5.99977319e-01,2.81473112e-01
3.39339339e+01,4.36704169e+00,2.03205725e+02,7.44335643e+06,2.13918312e+03,1.18515175e-01,5.53005776e-07,6.00076481e-01,2.81519633e-01
3.40340340e+01,4.34642796e+00,2.11577005e+02,7.40001078e+06,2.13640359e+03,1.18537841e-01,5.53187683e-07,6.00191248e-01,2.81573475e-01
3.41341341e+01,4.32165037e+00,2.21450982e+02,7.33977787e+06,2.13131974e+03,1.18529138e-01,5.53227784e-07,6.00147181e-01,2.81552800e-01
3.42342342e+01,4.30013681e+00,2.28800662e+02,7.27727758e+06,2.12470729e+03,1.18475351e-01,5.53060899e-07,5.99874844e-01,2.81425036e-01
3.43343343e+01,4.28134248e+00,2.34794810e+02,7.24038817e+06,2.12265029e+03,1.18506965e-01,5.53295090e-07,6.00034915e-01,2.81500132e-01
3.44344344e+01,4.26204226e+00,2.40531766e+02,7.19239306e+06,2.11837330e+03,1.18493251e-01,5.53319038e-07,5.99965475e-01,2.81467555e-01
3.45345345e+01,4.24024095e+00,2.46138370e+02,7.15054450e+06,2.11615230e+03,1.18533771e-01,5.53596450e-07,6.00170641e-01,2.81563806e-01
3.46346346e+01,4.21870204e+00,2.51493061e+02,7.09935983e+06,2.11181520e+03,1.18529068e-01,5.53661568e-07,6.00146828e-01,2.81552635e-01
3.47347347e+01,4.20121008e+00,2.56505721e+02,7.05739844e+06,2.10818717e+03,1.18522695e-01,5.53716505e-07,6.00114558e-01,2.81537495e-01
3.48348348e+01,4.18333799e+00,2.62987967e+02,7.03180460e+06,2.10821472e+03,1.18595837e-01,5.54139177e-07,6.00484898e-01,2.81711237e-01
3.49349349e+01,4.16349487e+00,2.72195628e+02,6.97719462e+06,2.10251685e+03,1.18556061e-01,5.54029099e-07,6.00283502e-01,2.81616753e-01
3.50350350e+01,4.14669234e+00,2.81152116e+02,6.94013500e+06,2.09966402e+03,1.18565065e-01,5.54140374e-07,6.00329089e-01,2.81638140e-01
3.51351351e+01,4.12931040e+00,2.88673856e+02,6.89179548e+06,2.09450120e+03,1.18526288e-01,5.54020313e-07,6.00132750e-01,2.81546029e-01
3.52352352e+01,4.10941980e+00,2.94434183e+02,6.84677476e+06,2.09081641e+03,1.18530489e-01,5.54091619e-07,6.00154023e-01,2.81556009e-01
3.53353353e+01,4.08801650e+00,3.00631532e+02,6.79812167e+06,2.08678643e+03,1.18532852e-01,5.54143193e-07,6.00165986e-01,2.81561622e-01
3.54354354e+01,4.06781532e+00,3.07673964e+02,6.75347493e+06,2.08326008e+03,1.18539480e-01,5.54201949e-07,6.00199546e-01,2.81577366e-01
3.55355355e+01,4.05034178e+00,3.15883068e+02,6.71377282e+06,2.07992520e+03,1.18540758e-01,5.54221305e-07,6.00206016e-01,2.81580402e-01
3.56356356e+01,4.03532941e+00,3.24020891e+02,6.68096907e+06,2.07733965e+03,1.18547775e-01,5.54251416e-07,6.00241543e-01,2.81597068e-01
3.57357357e+01,4.02005080e+00,3.30787691e+02,6.64359383e+06,2.07379314e+03,1.18534984e-01,5.54171075e-07,6.00176780e-01,2.81566686e-01
3.58358358e+01,4.00570880e+00,3.35872055e+02,6.60733054e+06,2.07014529e+03,1.18518536e-01,5.54053925e-07,6.00093501e-01,2.81527616e-01
3.59359359e+01,3.99182384e+00,3.39911527e+02,6.57185358e+06,2.06653191e+03,1.18499043e-01,5.53900877e-07,5.99994800e-01,2.81481312e-01
3.60360360e+01,3.97723114e+00,3.44414875e+02,6.54668882e+06,2.06549783e+03,1.18537721e-01,5.53996010e-07,6.00190637e-01,2.81573187e-01
3.61361361e+01,3.95905875e+00,3.51669188e+02,6.51665434e+06,2.06448858e+03,1.18593449e-01,5.54144904e-07,6.00472805e-01,2.81705563e-01
3.62362362e+01,3.92983952e+00,3.64485799e+02,6.45020689e+06,2.05864108e+03,1.18592886e-01,5.54002783e-07,6.00469957e-01,2.81704227e-01
3.63363363e+01,3.90240707e+00,3.77155462e+02,6.37752328e+06,2.05067221e+03,1.18539662e-01,5.53585187e-07,6.00200465e-01,2.81577798e-01
3.64364364e+01,3.88049459e+00,3.83832012e+02,6.32429623e+06,2.04537732e+03,1.18520133e-01,5.53293291e-07,6.00101588e-01,2.81531411e-01
3.65365365e+01,3.86303153e+00,3.88059203e+02,6.27838922e+06,2.04030643e+03,1.18485452e-01,5.52896322e-07,5.99925989e-01,2.81449031e-01
3.66366366e+01,3.84875968e+00,3.91624806e+02,6.24589682e+06,2.03731284e+03,1.18483189e-01,5.52613585e-07,5.99914528e-01,2.81443654e-01
3.67367367e+01,3.83540134e+00,3.95626102e+02,6.21662692e+06,2.03476244e+03,1.18487005e-01,5.52319232e-07,5.99933852e-01,2.81452721e-01
3.68368368e+01,3.82199894e+00,3.99946752e+02,6.18932156e+06,2.03268006e+03,1.18501515e-01,5.52031872e-07,6.00007320e-01,2.81487187e-01
3.69369369e+01,3.80419836e+00,4.06209001e+02,6.15537559e+06,2.03045555e+03,1.18532751e-01,5.51776587e-07,6.00165475e-01,2.81561385e-01
3.70370370e+01,3.77979661e+00,4.16162907e+02,6.10438370e+06,2.02631746e+03,1.18551308e-01,5.51414088e-07,6.00259437e-01,2.81605467e-01
3.71371371e+01,3.75835713e+00,4.26467266e+02,6.04674615e+06,2.01954604e+03,1.18497825e-01,5.50666580e-07,5.99988635e-01,2.81478423e-01
3.72372372e+01,3.74373991e+00,4.35296524e+02,6.01587557e+06,2.01691463e+03,1.18507573e-01,5.50159989e-07,6.00037994e-01,2.81501580e-01
3.73373373e+01,3.73093865e+00,4.42585367e+02,5.98673367e+06,2.01408559e+03,1.18504366e-01,5.49536088e-07,6.00021758e-01,2.81493964e-01
3.74374374e+01,3.71746577e+00,4.48039212e+02,5.95246445e+06,2.01023099e+03,1.18479800e-01,5.48752620e-07,5.99897373e-01,2.81435611e-01
3.75375375e+01,3.70234695e+00,4.52720212e+02,5.92054674e+06,2.00746192e+03,1.18488944e-01,5.48062137e-07,5.99943669e-01,2.81457331e-01
3.76376376e+01,3.68230741e+00,4.59556120e+02,5.88409125e+06,2.00520576e+03,1.18533431e-01,5.47469574e-07,6.00168924e-01,2.81563008e-01
3.77377377e+01,3.65931083e+00,4.68364356e+02,5.82801664e+06,1.99907371e+03,1.18504030e-01,5.46469624e-07,6.00020055e-01,2.81493169e-01
3.78378378e+01,3.64266612e+00,4.76093124e+02,5.78900316e+06,1.99499699e+03,1.18490251e-01,5.45475330e-07,5.99950289e-01,2.81460439e-01
3.79379379e+01,3.62830933e+00,4.82471970e+02,5.75784702e+06,1.99207087e+03,1.18492667e-01,5.44486506e-07,5.99962524e-01,2.81466181e-01
3.80380380e+01,3.61405742e+00,4.88936748e+02,5.73012744e+06,1.98994862e+03,1.18513497e-01,5.43512376e-07,6.00067992e-01,2.81515661e-01
3.81381381e+01,3.59700677e+00,4.96470555e+02,5.69110816e+06,1.98590856e+03,1.18505028e-01,5.42334228e-07,6.00025114e-01,2.81495546e-01
3.82382382e+01,3.57846471e+00,5.04084360e+02,5.65201115e+06,1.98232745e+03,1.18514453e-01,5.41171427e-07,6.00072836e-01,2.81517936e-01
3.83383383e+01,3.56047482e+00,5.09713253e+02,5.61036775e+06,1.97790968e+03,1.18499740e-01,5.39834767e-07,5.99998340e-01,2.81482988e-01
3.84384384e+01,3.54629696e+00,5.14201128e+02,5.57355743e+06,1.97336645e+03,1.18465006e-01,5.38347623e-07,5.99822473e-01,2.81400484e-01
3.85385385e+01,3.53340609e+00,5.18057041e+02,5.55201727e+06,1.97226234e+03,1.18504001e-01,5.37139747e-07,6.00019916e-01,2.81493114e-01
3.86386386e+01,3.51396273e+00,5.25832752e+02,5.52249048e+06,1.97136392e+03,1.18580004e-01,5.36049671e-07,6.00404742e-01,2.81673652e-01
3.87387387e+01,3.48749268e+00,5.38234945e+02,5.45673776e+06,1.96349329e+03,1.18530686e-01,5.34355088e-07,6.00155031e-01,2.81556505e-01
3.88388388e+01,3.47005267e+00,5.49153107e+02,5.41795914e+06,1.95942489e+03,1.18525413e-01,5.32834402e-07,6.00128333e-01,2.81543981e-01
3.89389389e+01,3.45750327e+00,5.55840170e+02,5.38832594e+06,1.95599113e+03,1.18512679e-01,5.31260792e-07,6.00063860e-01,2.81513736e-01
3.90390390e+01,3.44579397e+00,5.59683158e+02,5.35853555e+06,1.95221445e+03,1.18486733e-01,5.29617806e-07,5.99932487e-01,2.81452106e-01
3.91391391e+01,3.43236779e+00,5.62491956e+02,5.33014508e+06,1.94941216e+03,1.18490076e-01,5.28108323e-07,5.99949416e-01,2.81460049e-01
3.92392392e+01,3.41211570e+00,5.68298906e+02,5.29607071e+06,1.94746346e+03,1.18549888e-01,5.26867267e-07,6.00252259e-01,2.81602127e-01
3.93393393e+01,3.38697912e+00,5.77293345e+02,5.23435047e+06,1.93981639e+03,1.18503204e-01,5.25188282e-07,6.00015886e-01,2.81491236e-01
3.94394394e+01,3.36989151e+00,5.84992107e+02,5.19648680e+06,1.93566843e+03,1.18495915e-01,5.23734461e-07,5.99978984e-01,2.81473926e-01
3.95395395e+01,3.35612472e+00,5.91837777e+02,5.16539478e+06,1.93212904e+03,1.18486736e-01,5.22332464e-07,5.99932506e-01,2.81452123e-01
3.96396396e+01,3.34306730e+00,5.98716787e+02,5.13860215e+06,1.92949019e+03,1.18494375e-01,5.21077321e-07,5.99971188e-01,2.81470271e-01
3.97397397e+01,3.33013535e+00,6.06261455e+02,5.11277033e+06,1.92707008e+03,1.18505178e-01,5.19921117e-07,6.00025886e-01,2.81495934e-01
3.98398398e+01,3.31766160e+00,6.14200533e+02,5.08797206e+06,1.92475106e+03,1.18516413e-01,5.18863203e-07,6.00082774e-01,2.81522623e-01
3.99399399e+01,3.30280728e+00,6.22651771e+02,5.05391243e+06,1.92073474e+03,1.18499774e-01,5.17790439e-07,5.99998525e-01,2.81483100e-01
4.00400400e+01,3.28502691e+00,6.31129162e+02,5.01827647e+06,1.91729054e+03,1.18513591e-01,5.16967494e-07,6.00068486e-01,2.81515922e-01
4.01401401e+01,3.26851637e+00,6.38039379e+02,4.97939759e+06,1.91243247e+03,1.18489664e-01,5.16104451e-07,5.99947334e-01,2.81459086e-01
4.02402402e+01,3.25610603e+00,6.42839795e+02,4.95197502e+06,1.90927715e+03,1.18481724e-01,5.15440387e-07,5.99907136e-01,2.81440229e-01
4.03403403e+01,3.24413286e+00,6.46779587e+02,4.92778494e+06,1.90684305e+03,1.18489154e-01,5.14976080e-07,5.99944756e-01,2.81457878e-01
4.04404404e+01,3.22711950e+00,6.52937670e+02,4.90129628e+06,1.90558082e+03,1.18552023e-01,5.14888622e-07,6.00263077e-01,2.81607216e-01
4.05405405e+01,3.20003142e+00,6.64287744e+02,4.83982375e+06,1.89809900e+03,1.18521428e-01,5.14533727e-07,6.00108170e-01,2.81534543e-01
4.06406406e+01,3.18026888e+00,6.73769439e+02,4.79508226e+06,1.89263000e+03,1.18496886e-01,5.14343742e-07,5.99983903e-01,2.81476244e-01
4.07407407e+01,3.16919105e+00,6.80634805e+02,4.76968659e+06,1.88940790e+03,1.18483024e-01,5.14338070e-07,5.99913716e-01,2.81443317e-01
4.08408408e+01,3.16099876e+00,6.85710301e+02,4.75647729e+06,1.88861845e+03,1.18510631e-01,5.14651747e-07,6.00053497e-01,2.81508893e-01
4.09409409e+01,3.14969939e+00,6.91515797e+02,4.73406414e+06,1.88637090e+03,1.18516380e-01,5.15012861e-07,6.00082609e-01,2.81522550e-01
4.10410410e+01,3.12965901e+00,7.00303938e+02,4.69402101e+06,1.88222055e+03,1.18527174e-01,5.15541908e-07,6.00137261e-01,2.81548189e-01
4.11411411e+01,3.10938017e+00,7.08782112e+02,4.64685006e+06,1.87599699e+03,1.18493119e-01,5.16025717e-07,5.99964829e-01,2.81467294e-01
4.12412412e+01,3.09534926e+00,7.13616101e+02,4.61235492e+06,1.87111500e+03,1.18454895e-01,5.16649850e-07,5.99771293e-01,2.81376498e-01
4.13413413e+01,3.08447313e+00,7.17807249e+02,4.59356106e+06,1.86964469e+03,1.18481313e-01,5.17727226e-07,5.99905052e-01,2.81439248e-01
4.14414414e+01,3.07287955e+00,7.23410906e+02,4.57611453e+06,1.86884674e+03,1.18527219e-01,5.19077833e-07,6.00137487e-01,2.81548291e-01
4.15415415e+01,3.05554182e+00,7.32701003e+02,4.54204654e+06,1.86527137e+03,1.18539137e-01,5.20486292e-07,6.00197829e-01,2.81576599e-01
4.16416416e+01,3.03321710e+00,7.44923462e+02,4.49343978e+06,1.85921077e+03,1.18518798e-01,5.21976690e-07,6.00094849e-01,2.81528285e-01
4.17417417e+01,3.01539711e+00,7.53100925e+02,4.45420110e+06,1.85418869e+03,1.18498217e-01,5.23713845e-07,5.99990636e-01,2.81479392e-01
4.18418418e+01,3.00243124e+00,7.58674032e+02,4.42439298e+06,1.85012261e+03,1.18473318e-01,5.25710410e-07,5.99864566e-01,2.81420245e-01
4.19419419e+01,2.99055144e+00,7.62788790e+02,4.40192707e+06,1.84782308e+03,1.18487249e-01,5.28191913e-07,5.99935101e-01,2.81453334e-01
4.20420420e+01,2.97511983e+00,7.68979504e+02,4.37008227e+06,1.84400784e+03,1.18484851e-01,5.30943594e-07,5.99922959e-01,2.81447634e-01
4.21421421e+01,2.96103212e+00,7.75522111e+02,4.34167793e+06,1.84078618e+03,1.18481783e-01,5.34066816e-07,5.99907422e-01,2.81440342e-01
4.22422422e+01,2.94931208e+00,7.82395492e+02,4.32112099e+06,1.83899750e+03,1.18504542e-01,5.37715542e-07,6.00022657e-01,2.81494399e-01
4.23423423e+01,2.93715236e+00,7.89658417e+02,4.29674050e+06,1.83619697e+03,1.18504223e-01,5.41702947e-07,6.00021036e-01,2.81493634e-01
4.24424424e+01,2.92096376e+00,7.97370715e+02,4.26447828e+06,1.83248061e+03,1.18506124e-01,5.46172794e-07,6.00030658e-01,2.81498143e-01
4.25425425e+01,2.90151754e+00,8.05448577e+02,4.22557300e+06,1.82786261e+03,1.18510629e-01,5.51146352e-07,6.00053466e-01,2.81508838e-01
4.26426426e+01,2.88487517e+00,8.12049984e+02,4.18771569e+06,1.82249739e+03,1.18474175e-01,5.56438155e-07,5.99868887e-01,2.81422238e-01
4.27427427e+01,2.87311968e+00,8.17075288e+02,4.16485980e+06,1.81989625e+03,1.18478757e-01,5.62456807e-07,5.99892080e-01,2.81433112e-01
4.28428428e+01,2.86092383e+00,8.23067274e+02,4.14620928e+06,1.81880063e+03,1.18522357e-01,5.69214986e-07,6.00112838e-01,2.81536671e-01
4.29429429e+01,2.84277012e+00,8.33438117e+02,4.11149363e+06,1.81489793e+03,1.18534870e-01,5.76378684e-07,6.00176189e-01,2.81566383e-01
4.30430430e+01,2.82544878e+00,8.44713286e+02,4.07461426e+06,1.80996232e+03,1.18514090e-01,5.83923444e-07,6.00070968e-01,2.81517012e-01
4.31431431e+01,2.81399794e+00,8.53502557e+02,4.05148816e+06,1.80706295e+03,1.18510813e-01,5.92102282e-07,6.00054370e-01,2.81509215e-01
4.32432432e+01,2.80457169e+00,8.60083228e+02,4.03444656e+06,1.80527064e+03,1.18526528e-01,6.00934449e-07,6.00133936e-01,2.81546533e-01
4.33433433e+01,2.79368153e+00,8.66237567e+02,4.01115154e+06,1.80208476e+03,1.18510662e-01,6.10156157e-07,6.00053595e-01,2.81508832e-01
4.34434434e+01,2.77994642e+00,8.72470585e+02,3.98122520e+06,1.79780753e+03,1.18488879e-01,6.19863968e-07,5.99943296e-01,2.81457075e-01
4.35435435e+01,2.76329657e+00,8.78356857e+02,3.94686123e+06,1.79316546e+03,1.18479841e-01,6.30116809e-07,5.99897528e-01,2.81435592e-01
4.36436436e+01,2.74606801e+00,8.83558382e+02,3.91188780e+06,1.78849213e+03,1.18475498e-01,6.40831244e-07,5.99875529e-01,2.81425259e-01
4.37437437e+01,2.72950636e+00,8.88551986e+02,3.87914622e+06,1.78434020e+03,1.18471765e-01,6.51944038e-07,5.99856622e-01,2.81416376e-01
4.38438438e+01,2.71342627e+00,8.94020092e+02,3.84978747e+06,1.78112992e+03,1.18485065e-01,6.63499706e-07,5.99923957e-01,2.81447953e-01
4.39439439e+01,2.69564271e+00,9.01398864e+02,3.81878773e+06,1.77794642e+03,1.18518189e-01,6.75456348e-07,6.00091663e-01,2.81526617e-01
4.40440440e+01,2.67791532e+00,9.10328148e+02,3.78387000e+06,1.77332449e+03,1.18520000e-01,6.87450073e-07,6.00100830e-01,2.81530904e-01
4.41441441e+01,2.66449491e+00,9.18860788e+02,3.75483260e+06,1.76897122e+03,1.18493741e-01,6.99431170e-07,5.99967861e-01,2.81468510e-01
4.42442442e+01,2.65495180e+00,9.26353439e+02,3.73661470e+06,1.76666732e+03,1.18497012e-01,7.11684688e-07,5.99984415e-01,2.81476262e-01
4.43443443e+01,2.64492189e+00,9.34460806e+02,3.71809195e+06,1.76445258e+03,1.18505303e-01,7.23998435e-07,6.00026391e-01,2.81495941e-01
4.44444444e+01,2.63361099e+00,9.43708880e+02,3.69519008e+06,1.76122959e+03,1.18497637e-01,7.36157511e-07,5.99987565e-01,2.81477712e-01
4.45445445e+01,2.62272982e+00,9.52846297e+02,3.67422533e+06,1.75844983e+03,1.18501203e-01,7.48238438e-07,6.00005614e-01,2.81486166e-01
4.46446446e+01,2.61220312e+00,9.60867329e+02,3.65544454e+06,1.75631981e+03,1.18514140e-01,7.60147319e-07,6.00071108e-01,2.81516879e-01
4.47447447e+01,2.60120010e+00,9.67240642e+02,3.63427077e+06,1.75358106e+03,1.18510871e-01,7.71638702e-07,6.00054548e-01,2.81509097e-01
4.48448448e+01,2.58808934e+00,9.72861715e+02,3.60676291e+06,1.74939189e+03,1.18492740e-01,7.82616377e-07,5.99962742e-01,2.81466014e-01
4.49449449e+01,2.57455783e+00,9.77282302e+02,3.57994573e+06,1.74554772e+03,1.18490243e-01,7.93184931e-07,5.99950090e-01,2.81460067e-01
4.50450450e+01,2.56117696e+00,9.80589035e+02,3.55282685e+06,1.74155551e+03,1.18477985e-01,8.03091890e-07,5.99888021e-01,2.81430937e-01
4.51451451e+01,2.55146103e+00,9.82763886e+02,3.53347196e+06,1.73877700e+03,1.18470263e-01,8.12361379e-07,5.99848916e-01,2.81412581e-01
4.52452452e+01,2.54670222e+00,9.83871505e+02,3.52389052e+06,1.73734392e+03,1.18467432e-01,8.20939974e-07,5.99834574e-01,2.81405843e-01
4.53453453e+01,2.54467248e+00,9.84732051e+02,3.52115690e+06,1.73722799e+03,1.18477859e-01,8.28836492e-07,5.99887367e-01,2.81430601e-01
4.54454454e+01,2.54394714e+00,9.85972736e+02,3.52088121e+06,1.73739608e+03,1.18490898e-01,8.35930648e-07,5.99953380e-01,2.81461563e-01
4.55455455e+01,2.54393917e+00,9.87534657e+02,3.52135511e+06,1.73752848e+03,1.18498188e-01,8.42123778e-07,5.99990286e-01,2.81478869e-01
4.56456456e+01,2.54339853e+00,9.89185762e+02,3.51992850e+06,1.73719430e+03,1.18498150e-01,8.47373638e-07,5.99990094e-01,2.81478774e-01
4.57457457e+01,2.54134205e+00,9.91413046e+02,3.51640935e+06,1.73680390e+03,1.18502104e-01,8.51739491e-07,6.00010107e-01,2.81488158e-01
4.58458458e+01,2.53689532e+00,9.94854627e+02,3.50841803e+06,1.73582800e+03,1.18506628e-01,8.55188695e-07,6.00033013e-01,2.81498900e-01
4.59459459e+01,2.52887803e+00,1.00020585e+03,3.49280583e+06,1.73360576e+03,1.18505024e-01,8.57679429e-07,6.00024889e-01,2.81495086e-01
4.60460460e+01,2.51646730e+00,1.00778817e+03,3.46708641e+06,1.72955939e+03,1.18489110e-01,8.59175293e-07,5.99944313e-01,2.81457282e-01
4.61461461e+01,2.50225417e+00,1.01603149e+03,3.43887832e+06,1.72531954e+03,1.18483095e-01,8.59892081e-07,5.99913859e-01,2.81442994e-01
4.62462462e+01,2.48813527e+00,1.02326473e+03,3.41174977e+06,1.72141478e+03,1.18483589e-01,8.59857762e-07,5.99916356e-01,2.81444166e-01
4.63463463e+01,2.47307502e+00,1.03110716e+03,3.38229126e+06,1.71699045e+03,1.18480364e-01,8.59057714e-07,5.99900027e-01,2.81436506e-01
4.64464464e+01,2.45853094e+00,1.03895612e+03,3.35500320e+06,1.71310785e+03,1.18487654e-01,8.57660759e-07,5.99936939e-01,2.81453825e-01
4.65465465e+01,2.44413265e+00,1.04724677e+03,3.32830180e+06,1.70935226e+03,1.18496876e-01,8.55673464e-07,5.99983635e-01,2.81475734e-01
4.66466466e+01,2.43013065e+00,1.05581100e+03,3.30291432e+06,1.70586853e+03,1.18512093e-01,8.53195618e-07,6.00060688e-01,2.81511886e-01
4.67467467e+01,2.41605973e+00,1.06398685e+03,3.27739190e+06,1.70237492e+03,1.18523928e-01,8.50229259e-07,6.00120614e-01,2.81540003e-01
4.68468468e+01,2.40160408e+00,1.07148847e+03,3.25067328e+06,1.69856031e+03,1.18530871e-01,8.46833095e-07,6.00155770e-01,2.81556499e-01
4.69469469e+01,2.38705909e+00,1.07828635e+03,3.22234838e+06,1.69406236e+03,1.18527867e-01,8.43040796e-07,6.00140559e-01,2.81549368e-01
4.70470470e+01,2.37318743e+00,1.08433771e+03,3.19491980e+06,1.68941656e+03,1.18530936e-01,8.39033095e-07,6.00156102e-01,2.81556664e-01
4.71471471e+01,2.35944583e+00,1.09022865e+03,3.16876263e+06,1.68518085e+03,1.18542401e-01,8.34889497e-07,6.00214154e-01,2.81583903e-01
4.72472472e+01,2.34611150e+00,1.09648230e+03,3.14747356e+06,1.68293755e+03,1.18573046e-01,8.30744642e-07,6.00369325e-01,2.81656705e-01
4.73473473e+01,2.33603509e+00,1.10383366e+03,3.12277932e+06,1.67794201e+03,1.18501956e-01,8.25810595e-07,6.00009375e-01,2.81487843e-01
4.74474474e+01,2.32904859e+00,1.10985594e+03,3.10922179e+06,1.67566875e+03,1.18501955e-01,8.21347781e-07,6.00009375e-01,2.81487848e-01
4.75475475e+01,2.32220430e+00,1.11611230e+03,3.09617492e+06,1.67355535e+03,1.18501955e-01,8.16897726e-07,6.00009375e-01,2.81487853e-01
4.76476476e+01,2.31632003e+00,1.12173487e+03,3.08467427e+06,1.67157462e+03,1.18501954e-01,8.12502123e-07,6.00009375e-01,2.81487858e-01
4.77477477e+01,2.31052899e+00,1.12664747e+03,3.07357772e+06,1.66973594e+03,1.18501953e-01,8.08198821e-07,6.00009375e-01,2.81487863e-01
4.78478478e+01,2.30459322e+00,1.13097937e+03,3.06225416e+06,1.66786914e+03,1.18501953e-01,8.04023899e-07,6.00009375e-01,2.81487868e-01
4.79479479e+01,2.29840179e+00,1.13493005e+03,3.05037772e+06,1.66587606e+03,1.18501952e-01,8.00010839e-07,6.00009375e-01,2.81487872e-01
4.80480480e+01,2.29194373e+00,1.13879095e+03,3.03802975e+06,1.66380755e+03,1.18501952e-01,7.96189472e-07,6.00009375e-01,2.81487877e-01
4.81481481e+01,2.28538492e+00,1.14266884e+03,3.02559803e+06,1.66175461e+03,1.18501951e-01,7.92584554e-07,6.00009375e-01,2.81487881e-01
4.82482482e+01,2.27908420e+00,1.14647739e+03,3.01394942e+06,1.65993320e+03,1.18501951e-01,7.89215163e-07,6.00009375e-01,2.81487885e-01
4.83483483e+01,2.27347763e+00,1.15007082e+03,3.00380317e+06,1.65842489e+03,1.18501951e-01,7.86095635e-07,6.00009375e-01,2.81487888e-01
4.84484484e+01,2.26843250e+00,1.15310916e+03,2.99487718e+06,1.65717426e+03,1.18501950e-01,7.83235293e-07,6.00009375e-01,2.81487891e-01
4.85485485e+01,2.26393577e+00,1.15542584e+03,2.98692576e+06,1.65605726e+03,1.18501950e-01,7.80638945e-07,6.00009375e-01,2.81487894e-01
4.86486486e+01,2.25992736e+00,1.15726606e+03,2.98023267e+06,1.65527712e+03,1.18501950e-01,7.78307821e-07,6.00009375e-01,2.81487897e-01
4.87487487e+01,2.25584255e+00,1.15885505e+03,2.97432304e+06,1.65498619e+03,1.18501949e-01,7.76238187e-07,6.00009375e-01,2.81487899e-01
4.88488488e+01,2.25144515e+00,1.16034338e+03,2.96840093e+06,1.65491697e+03,1.18501949e-01,7.74421477e-07,6.00009375e-01,2.81487901e-01
4.89489489e+01,2.24619052e+00,1.16209485e+03,2.96144856e+06,1.65490332e+03,1.18501949e-01,7.72844498e-07,6.00009375e-01,2.81487903e-01
4.90490490e+01,2.23935900e+00,1.16454893e+03,2.95219084e+06,1.65476272e+03,1.18501949e-01,7.71489218e-07,6.00009375e-01,2.81487905e-01
4.91491491e+01,2.23076454e+00,1.16783101e+03,2.94031256e+06,1.65445436e+03,1.18501949e-01,7.70332225e-07,6.00009375e-01,2.81487906e-01
4.92492492e+01,2.22147400e+00,1.17130282e+03,2.92746405e+06,1.65411370e+03,1.18501949e-01,7.69345172e-07,6.00009375e-01,2.81487907e-01
4.93493493e+01,2.21263945e+00,1.17431661e+03,2.91659320e+06,1.65455127e+03,1.18501948e-01,7.68495181e-07,6.00009375e-01,2.81487908e-01
4.94494494e+01,2.20472787e+00,1.17659631e+03,2.90795794e+06,1.65557231e+03,1.18501948e-01,7.67745794e-07,6.00009375e-01,2.81487909e-01
4.95495495e+01,2.19745562e+00,1.17839792e+03,2.90264212e+06,1.65801480e+03,1.18501948e-01,7.67057771e-07,6.00009375e-01,2.81487910e-01
4.96496496e+01,2.19167035e+00,1.17915047e+03,2.90003053e+06,1.66089571e+03,1.18501948e-01,7.66389203e-07,6.00009375e-01,2.81487910e-01
4.97497497e+01,2.18617971e+00,1.17926264e+03,2.90160226e+06,1.66596950e+03,1.18501948e-01,7.65695414e-07,6.00009375e-01,2.81487911e-01
4.98498498e+01,2.18075583e+00,1.17882516e+03,2.91082437e+06,1.67542111e+03,1.18501948e-01,7.64939240e-07,6.00009375e-01,2.81487912e-01
4.99499499e+01,2.26237928e+00,1.14870657e+03,2.85789540e+06,8.12282589e+02,2.98607490e-01,0.00000000e+00,0.00000000e+00,7.01392510e-01
5.00500501e+01,2.36567691e+00,1.02388776e+03,3.47192767e+06,5.09076651e+03,0.00000000e+00,2.30000000e-01,7.70047284e-01,0.00000000e+00
5.01501502e+01,2.00302513e+00,1.25561581e+03,2.75855354e+06,4.77830884e+03,0.00000000e+00,2.30000000e-01,7.69798462e-01,0.00000000e+00
5.02502503e+01,1.83938911e+00,1.36421553e+03,2.46970921e+06,4.65767616e+03,0.00000000e+00,2.30000000e-01,7.69982113e-01,0.00000000e+00
5.03503504e+01,1.79831490e+00,1.38983776e+03,2.40937899e+06,4.64760980e+03,0.00000000e+00,2.30000000e-01,7.69997311e-01,0.00000000e+00
5.04504505e+01,1.77901012e+00,1.39826288e+03,2.39081647e+06,4.66183896e+03,0.00000000e+00,2.30000000e-01,7.69999183e-01,0.00000000e+00
5.05505506e+01,1.76007675e+00,1.40589640e+03,2.37438440e+06,4.67959879e+03,0.00000000e+00,2.30000000e-01,7.69999741e-01,0.00000000e+00
5.06506507e+01,1.74090753e+00,1.41332501e+03,2.35828482e+06,4.69904568e+03,0.00000000e+00,2.30000000e-01,7.69999921e-01,0.00000000e+00
5.07507508e+01,1.72137542e+00,1.42068752e+03,2.34233445e+06,4.72022183e+03,0.00000000e+00,2.30000000e-01,7.69999954e-01,0.00000000e+00
5.08508509e+01,1.70147854e+00,1.42800949e+03,2.32651965e+06,4.74317735e+03,0.00000000e+00,2.30000000e-01,7.69999926e-01,0.00000000e+00
5.09509510e+01,1.68126136e+00,1.43529090e+03,2.31084516e+06,4.76787401e+03,0.00000000e+00,2.30000000e-01,7.69999826e-01,0.00000000e+00
5.10510511e+01,1.66079533e+00,1.44255275e+03,2.29534575e+06,4.79425413e+03,0.00000000e+00,2.30000000e-01,7.70000062e-01,0.00000000e+00
5.11511512e+01,1.64035738e+00,1.44979414e+03,2.28002875e+06,4.82159891e+03,0.00000000e+00,2.30000000e-01,7.69999657e-01,0.00000000e+00
5.12512513e+01,1.62058200e+00,1.45689399e+03,2.26463287e+06,4.84747690e+03,0.00000000e+00,2.30000000e-01,7.70000288e-01,0.00000000e+00
5.13513514e+01,1.60149717e+00,1.46382780e+03,2.24907092e+06,4.87153473e+03,0.00000000e+00,2.30000000e-01,7.70000565e-01,0.00000000e+00
5.14514515e+01,1.58312872e+00,1.47068114e+03,2.23353896e+06,4.89402590e+03,0.00000000e+00,2.30000000e-01,7.70000274e-01,0.00000000e+00
5.15515516e+01,1.56563350e+00,1.47757305e+03,2.21830177e+06,4.91495528e+03,0.00000000e+00,2.30000000e-01,7.70000066e-01,0.00000000e+00
5.16516517e+01,1.54913885e+00,1.48450960e+03,2.20335658e+06,4.93382362e+03,0.00000000e+00,2.30000000e-01,7.69999778e-01,0.00000000e+00
5.17517518e+01,1.53367458e+00,1.49148508e+03,2.18867516e+06,4.95036689e+03,0.00000000e+00,2.30000000e-01,7.69999514e-01,0.00000000e+00
5.18518519e+01,1.51913414e+00,1.49848843e+03,2.17422418e+06,4.96475116e+03,0.00000000e+00,2.30000000e-01,7.69999536e-01,0.00000000e+00
5.19519520e+01,1.50530209e+00,1.50549037e+03,2.15993551e+06,4.97744284e+03,0.00000000e+00,2.30000000e-01,7.69999818e-01,0.00000000e+00
5.20520521e+01,1.49197258e+00,1.51246297e+03,2.14573991e+06,4.98890534e+03,0.00000000e+00,2.30000000e-01,7.70000121e-01,0.00000000e+00
5.21521522e+01,1.47905034e+00,1.51940306e+03,2.13162159e+06,4.99937977e+03,0.00000000e+00,2.30000000e-01,7.70000236e-01,0.00000000e+00
5.22522523e+01,1.46656581e+00,1.52632727e+03,2.11761339e+06,5.00880481e+03,0.00000000e+00,2.30000000e-01,7.70000199e-01,0.00000000e+00
5.23523524e+01,1.45461012e+00,1.53324666e+03,2.10373184e+06,5.01686919e+03,0.00000000e+00,2.30000000e-01,7.70000179e-01,0.00000000e+00
5.24524525e+01,1.44326141e+00,1.54016603e+03,2.08997675e+06,5.02325799e+03,0.00000000e+00,2.30000000e-01,7.70000121e-01,0.00000000e+00
5.25525526e+01,1.43256767e+00,1.54711027e+03,2.07638961e+06,5.02785571e+03,0.00000000e+00,2.30000000e-01,7.69999946e-01,0.00000000e+00
5.26526527e+01,1.42253509e+00,1.55412320e+03,2.06305111e+06,5.03079004e+03,0.00000000e+00,2.30000000e-01,7.69999746e-01,0.00000000e+00
5.27527528e+01,1.41310952e+00,1.56123432e+03,2.05002168e+06,5.03236205e+03,0.00000000e+00,2.30000000e-01,7.69999627e-01,0.00000000e+00
5.28528529e+01,1.40418414e+00,1.56843811e+03,2.03728689e+06,5.03288908e+03,0.00000000e+00,2.30000000e-01,7.69999659e-01,0.00000000e+00
5.29529530e+01,1.39563055e+00,1.57569638e+03,2.02475708e+06,5.03259093e+03,0.00000000e+00,2.30000000e-01,7.69999794e-01,0.00000000e+00
5.30530531e+01,1.38733921e+00,1.58296458e+03,2.01233207e+06,5.03160000e+03,0.00000000e+00,2.30000000e-01,7.69999909e-01,0.00000000e+00
5.31531532e+01,1.37924797e+00,1.59020894e+03,1.99995020e+06,5.02997607e+03,0.00000000e+00,2.30000000e-01,7.69999975e-01,0.00000000e+00
5.32532533e+01,1.37133137e+00,1.59740981e+03,1.98757825e+06,5.02771803e+03,0.00000000e+00,2.30000000e-01,7.69999986e-01,0.00000000e+00
5.33533534e+01,1.36358057e+00,1.60456108e+03,1.97519904e+06,5.02480422e+03,0.00000000e+00,2.30000000e-01,7.69999990e-01,0.00000000e+00
5.34534535e+01,1.35599222e+00,1.61165648e+03,1.96279177e+06,5.02118330e+03,0.00000000e+00,2.30000000e-01,7.70000077e-01,0.00000000e+00
5.35535536e+01,1.34856638e+00,1.61868697e+03,1.95033522e+06,5.01679035e+03,0.00000000e+00,2.30000000e-01,7.70000140e-01,0.00000000e+00
5.36536537e+01,1.34131685e+00,1.62566534e+03,1.93785496e+06,5.01162989e+03,0.00000000e+00,2.30000000e-01,7.69999953e-01,0.00000000e+00
5.37537538e+01,1.33426049e+00,1.63263656e+03,1.92543989e+06,5.00585746e+03,0.00000000e+00,2.30000000e-01,7.69999870e-01,0.00000000e+00
5.38538539e+01,1.32738293e+00,1.63959672e+03,1.91306992e+06,4.99946737e+03,0.00000000e+00,2.30000000e-01,7.69999904e-01,0.00000000e+00
5.39539540e+01,1.32064399e+00,1.64653095e+03,1.90070747e+06,4.99250614e+03,0.00000000e+00,2.30000000e-01,7.69999985e-01,0.00000000e+00
5.40540541e+01,1.31401032e+00,1.65343171e+03,1.88833813e+06,4.98505533e+03,0.00000000e+00,2.30000000e-01,7.70000181e-01,0.00000000e+00
5.41541542e+01,1.30747494e+00,1.66029489e+03,1.87595895e+06,4.97712967e+03,0.00000000e+00,2.30000000e-01,7.70000183e-01,0.00000000e+00
5.42542543e+01,1.30106177e+00,1.66717068e+03,1.86368324e+06,4.96893403e+03,0.00000000e+00,2.30000000e-01,7.70000072e-01,0.00000000e+00
5.43543544e+01,1.29479932e+00,1.67411015e+03,1.85161567e+06,4.96063747e+03,0.00000000e+00,2.30000000e-01,7.69999946e-01,0.00000000e+00
5.44544545e+01,1.28869283e+00,1.68114248e+03,1.83980648e+06,4.95235616e+03,0.00000000e+00,2.30000000e-01,7.69999865e-01,0.00000000e+00
5.45545546e+01,1.28272314e+00,1.68826909e+03,1.82824543e+06,4.94413947e+03,0.00000000e+00,2.30000000e-01,7.69999853e-01,0.00000000e+00
5.46546547e+01,1.27685717e+00,1.69546997e+03,1.81688246e+06,4.93598279e+03,0.00000000e+00,2.30000000e-01,7.69999899e-01,0.00000000e+00
5.47547548e+01,1.27106156e+00,1.70271847e+03,1.80565967e+06,4.92786059e+03,0.00000000e+00,2.30000000e-01,7.69999956e-01,0.00000000e+00
5.48548549e+01,1.26531399e+00,1.70999461e+03,1.79453825e+06,4.91975519e+03,0.00000000e+00,2.30000000e-01,7.69999993e-01,0.00000000e+00
5.49549550e+01,1.25960632e+00,1.71728699e+03,1.78350194e+06,4.91165474e+03,0.00000000e+00,2.30000000e-01,7.70000012e-01,0.00000000e+00
5.50550551e+01,1.25393897e+00,1.72458562e+03,1.77253930e+06,4.90352667e+03,0.00000000e+00,2.30000000e-01,7.70000030e-01,0.00000000e+00
5.51551552e+01,1.24831216e+00,1.73187565e+03,1.76162903e+06,4.89531139e+03,0.00000000e+00,2.30000000e-01,7.70000033e-01,0.00000000e+00
5.52552553e+01,1.24272380e+00,1.73914310e+03,1.75074885e+06,4.88695459e+03,0.00000000e+00,2.30000000e-01,7.70000020e-01,0.00000000e+00
5.53553554e+01,1.23717216e+00,1.74637935e+03,1.73988151e+06,4.87841340e+03,0.00000000e+00,2.30000000e-01,7.70000031e-01,0.00000000e+00
5.54554555e+01,1.23165314e+00,1.75357489e+03,1.72900322e+06,4.86963533e+03,0.00000000e+00,2.30000000e-01,7.70000051e-01,0.00000000e+00
5.55555556e+01,1.22615584e+00,1.76072030e+03,1.71809237e+06,4.86060010e+03,0.00000000e+00,2.30000000e-01,7.70000062e-01,0.00000000e+00
5.56556557e+01,1.22066593e+00,1.76780577e+03,1.70713084e+06,4.85131001e+03,0.00000000e+00,2.30000000e-01,7.70000084e-01,0.00000000e+00
5.57557558e+01,1.21516699e+00,1.77481494e+03,1.69609397e+06,4.84175686e+03,0.00000000e+00,2.30000000e-01,7.70000108e-01,0.00000000e+00
5.58558559e+01,1.20963552e+00,1.78173044e+03,1.68495533e+06,4.83195514e+03,0.00000000e+00,2.30000000e-01,7.70000105e-01,0.00000000e+00
5.59559560e+01,1.20404657e+00,1.78853804e+03,1.67369831e+06,4.82195261e+03,0.00000000e+00,2.30000000e-01,7.70000082e-01,0.00000000e+00
5.60560561e+01,1.19837929e+00,1.79522859e+03,1.66231671e+06,4.81181072e+03,0.00000000e+00,2.30000000e-01,7.70000045e-01,0.00000000e+00
5.61561562e+01,1.19261956e+00,1.80180068e+03,1.65081465e+06,4.80159404e+03,0.00000000e+00,2.30000000e-01,7.70000064e-01,0.00000000e+00
5.62562563e+01,1.18676359e+00,1.80826657e+03,1.63921555e+06,4.79138319e+03,0.00000000e+00,2.30000000e-01,7.70000062e-01,0.00000000e+00
5.63563564e+01,1.18092115e+00,1.81477858e+03,1.62778442e+06,4.78151109e+03,0.00000000e+00,2.30000000e-01,7.69999776e-01,0.00000000e+00
5.64564565e+01,1.17524794e+00,1.82148176e+03,1.61672599e+06,4.77195213e+03,0.00000000e+00,2.30000000e-01,7.69999827e-01,0.00000000e+00
5.65565566e+01,1.16970161e+00,1.82833921e+03,1.60597872e+06,4.76270661e+03,0.00000000e+00,2.30000000e-01,7.69999882e-01,0.00000000e+00
5.66566567e+01,1.16425088e+00,1.83531640e+03,1.59547755e+06,4.75371609e+03,0.00000000e+00,2.30000000e-01,7.69999915e-01,0.00000000e+00
5.67567568e+01,1.15887720e+00,1.84238527e+03,1.58517301e+06,4.74491424e+03,0.00000000e+00,2.30000000e-01,7.69999916e-01,0.00000000e+00
5.68568569e+01,1.15356901e+00,1.84952296e+03,1.57502522e+06,4.73623289e+03,0.00000000e+00,2.30000000e-01,7.69999917e-01,0.00000000e+00
5.69569570e+01,1.14831511e+00,1.85670702e+03,1.56499606e+06,4.72760598e+03,0.00000000e+00,2.30000000e-01,7.69999946e-01,0.00000000e+00
5.70570571e+01,1.14310409e+00,1.86391569e+03,1.55505332e+06,4.71898490e+03,0.00000000e+00,2.30000000e-01,7.69999999e-01,0.00000000e+00
5.71571572e+01,1.13792935e+00,1.87113231e+03,1.54517778e+06,4.71033959e+03,0.00000000e+00,2.30000000e-01,7.70000041e-01,0.00000000e+00
5.72572573e+01,1.13278622e+00,1.87834446e+03,1.53535772e+06,4.70165404e+03,0.00000000e+00,2.30000000e-01,7.70000069e-01,0.00000000e+00
5.73573574e+01,1.12766220e+00,1.88553977e+03,1.52558210e+06,4.69294660e+03,0.00000000e+00,2.30000000e-01,7.70000061e-01,0.00000000e+00
5.74574575e+01,1.12254308e+00,1.89271197e+03,1.51584615e+06,4.68426182e+03,0.00000000e+00,2.30000000e-01,7.70000063e-01,0.00000000e+00
5.75575576e+01,1.11741740e+00,1.89985068e+03,1.50613239e+06,4.67559370e+03,0.00000000e+00,2.30000000e-01,7.70000080e-01,0.00000000e+00
5.76576577e+01,1.11227015e+00,1.90694381e+03,1.49641562e+06,4.66692689e+03,0.00000000e+00,2.30000000e-01,7.70000075e-01,0.00000000e+00
5.77577578e+01,1.10708749e+00,1.91397916e+03,1.48667607e+06,4.65825725e+03,0.00000000e+00,2.30000000e-01,7.70000044e-01,0.00000000e+00
5.78578579e+01,1.10186237e+00,1.92094682e+03,1.47690043e+06,4.64957163e+03,0.00000000e+00,2.30000000e-01,7.70000004e-01,0.00000000e+00
5.79579580e+01,1.09659620e+00,1.92784139e+03,1.46708125e+06,4.64083925e+03,0.00000000e+00,2.30000000e-01,7.69999968e-01,0.00000000e+00
5.80580581e+01,1.09129725e+00,1.93466223e+03,1.45721794e+06,4.63202133e+03,0.00000000e+00,2.30000000e-01,7.69999946e-01,0.00000000e+00
5.81581582e+01,1.08597623e+00,1.94141484e+03,1.44731484e+06,4.62308422e+03,0.00000000e+00,2.30000000e-01,7.69999938e-01,0.00000000e+00
5.82582583e+01,1.08064241e+00,1.94811093e+03,1.43738162e+06,4.61401584e+03,0.00000000e+00,2.30000000e-01,7.70000174e-01,0.00000000e+00
5.83583584e+01,1.07530813e+00,1.95476541e+03,1.42744346e+06,4.60484607e+03,0.00000000e+00,2.30000000e-01,7.69999885e-01,0.00000000e+00
5.84584585e+01,1.07003891e+00,1.96147664e+03,1.41764683e+06,4.59576264e+03,0.00000000e+00,2.30000000e-01,7.69999939e-01,0.00000000e+00
5.85585586e+01,1.06485570e+00,1.96827325e+03,1.40802265e+06,4.58678071e+03,0.00000000e+00,2.30000000e-01,7.69999969e-01,0.00000000e+00
5.86586587e+01,1.05974937e+00,1.97514133e+03,1.39855287e+06,4.57788457e+03,0.00000000e+00,2.30000000e-01,7.69999920e-01,0.00000000e+00
5.87587588e+01,1.05471658e+00,1.98207198e+03,1.38922877e+06,4.56906251e+03,0.00000000e+00,2.30000000e-01,7.69999945e-01,0.00000000e+00
5.88588589e+01,1.04973659e+00,1.98906596e+03,1.38001970e+06,4.56030646e+03,0.00000000e+00,2.30000000e-01,7.70000005e-01,0.00000000e+00
5.89589590e+01,1.04479805e+00,1.99611749e+03,1.37090672e+06,4.55160571e+03,0.00000000e+00,2.30000000e-01,7.69999998e-01,0.00000000e+00
5.90590591e+01,1.03990844e+00,2.00321415e+03,1.36189380e+06,4.54294253e+03,0.00000000e+00,2.30000000e-01,7.69999952e-01,0.00000000e+00
5.91591592e+01,1.03507423e+00,2.01034279e+03,1.35298469e+06,4.53430253e+03,0.00000000e+00,2.30000000e-01,7.69999943e-01,0.00000000e+00
5.92592593e+01,1.03028956e+00,2.01749165e+03,1.34417077e+06,4.52568413e+03,0.00000000e+00,2.30000000e-01,7.69999970e-01,0.00000000e+00
5.93593594e+01,1.02554360e+00,2.02465378e+03,1.33543961e+06,4.51709485e+03,0.00000000e+00,2.30000000e-01,7.69999989e-01,0.00000000e+00
5.94594595e+01,1.02082931e+00,2.03182756e+03,1.32678273e+06,4.50853827e+03,0.00000000e+00,2.30000000e-01,7.69999996e-01,0.00000000e+00
5.95595596e+01,1.01614380e+00,2.03901256e+03,1.31819339e+06,4.50000542e+03,0.00000000e+00,2.30000000e-01,7.70000003e-01,0.00000000e+00
5.96596597e+01,1.01148589e+00,2.04620732e+03,1.30966492e+06,4.49147968e+03,0.00000000e+00,2.30000000e-01,7.70000015e-01,0.00000000e+00
5.97597598e+01,1.00685347e+00,2.05340901e+03,1.30119122e+06,4.48295027e+03,0.00000000e+00,2.30000000e-01,7.70000028e-01,0.00000000e+00
5.98598599e+01,1.00224221e+00,2.06061321e+03,1.29276600e+06,4.47441537e+03,0.00000000e+00,2.30000000e-01,7.70000036e-01,0.00000000e+00
5.99599600e+01,9.97645901e-01,2.06781514e+03,1.28438281e+06,4.46588081e+03,0.00000000e+00,2.30000000e-01,7.70000035e-01,0.00000000e+00
6.00600601e+01,9.93058421e-01,2.07501042e+03,1.27603732e+06,4.45735935e+03,0.00000000e+00,2.30000000e-01,7.70000021e-01,0.00000000e+00
6.01601602e+01,9.88475986e-01,2.08219609e+03,1.26772839e+06,4.44886443e+03,0.00000000e+00,2.30000000e-01,7.70000007e-01,0.00000000e+00
6.02602603e+01,9.83898155e-01,2.08936940e+03,1.25945397e+06,4.44039119e+03,0.00000000e+00,2.30000000e-01,7.70000003e-01,0.00000000e+00
6.03603604e+01,9.79326330e-01,2.09652587e+03,1.25121184e+06,4.43192591e+03,0.00000000e+00,2.30000000e-01,7.70000005e-01,0.00000000e+00
6.04604605e+01,9.74760769e-01,2.10366226e+03,1.24300021e+06,4.42346136e+03,0.00000000e+00,2.30000000e-01,7.70000007e-01,0.00000000e+00
6.05605606e+01,9.70199929e-01,2.11077802e+03,1.23481679e+06,4.41499649e+03,0.00000000e+00,2.30000000e-01,7.70000008e-01,0.00000000e+00
6.06606607e+01,9.65642079e-01,2.11787285e+03,1.22665957e+06,4.40653219e+03,0.00000000e+00,2.30000000e-01,7.70000007e-01,0.00000000e+00
6.07607608e+01,9.61085861e-01,2.12494595e+03,1.21852728e+06,4.39807010e+03,0.00000000e+00,2.30000000e-01,7.70000006e-01,0.00000000e+00
6.08608609e+01,9.56530013e-01,2.13199691e+03,1.21041902e+06,4.38961281e+03,0.00000000e+00,2.30000000e-01,7.70000007e-01,0.00000000e+00
6.09609610e+01,9.51973017e-01,2.13902531e+03,1.20233285e+06,4.38116037e+03,0.00000000e+00,2.30000000e-01,7.70000008e-01,0.00000000e+00
6.10610611e+01,9.47412770e-01,2.14603165e+03,1.19426578e+06,4.37271159e+03,0.00000000e+00,2.30000000e-01,7.70000004e-01,0.00000000e+00
6.11611612e+01,9.42848544e-01,2.15301536e+03,1.18621737e+06,4.36426818e+03,0.00000000e+00,2.30000000e-01,7.69999992e-01,0.00000000e+00
6.12612613e+01,9.38284116e-01,2.15997136e+03,1.17819382e+06,4.35583539e+03,0.00000000e+00,2.30000000e-01,7.69999995e-01,0.00000000e+00
6.13613614e+01,9.33722739e-01,2.16689429e+03,1.17019703e+06,4.34740538e+03,0.00000000e+00,2.30000000e-01,7.69999993e-01,0.00000000e+00
6.14614615e+01,9.29164854e-01,2.17378565e+03,1.16222503e+06,4.33896885e+03,0.00000000e+00,2.30000000e-01,7.69999994e-01,0.00000000e+00
6.15615616e+01,9.24612070e-01,2.18064400e+03,1.15427688e+06,4.33051473e+03,0.00000000e+00,2.30000000e-01,7.69999997e-01,0.00000000e+00
6.16616617e+01,9.20064070e-01,2.18747111e+03,1.14635040e+06,4.32203616e+03,0.00000000e+00,2.30000000e-01,7.69999998e-01,0.00000000e+00
6.17617618e+01,9.15519738e-01,2.19427000e+03,1.13844380e+06,4.31353142e+03,0.00000000e+00,2.30000000e-01,7.69999997e-01,0.00000000e+00
6.18618619e+01,9.10978381e-01,2.20104335e+03,1.13055719e+06,4.30500367e+03,0.00000000e+00,2.30000000e-01,7.70000045e-01,0.00000000e+00
6.19619620e+01,9.06440048e-01,2.20779483e+03,1.12269698e+06,4.29647756e+03,0.00000000e+00,2.30000000e-01,7.70000005e-01,0.00000000e+00
6.20620621e+01,9.01925641e-01,2.21456992e+03,1.11491219e+06,4.28804211e+03,0.00000000e+00,2.30000000e-01,7.69999931e-01,0.00000000e+00
6.21621622e+01,8.97458705e-01,2.22140811e+03,1.10721363e+06,4.27962829e+03,0.00000000e+00,2.30000000e-01,7.69999957e-01,0.00000000e+00
6.22622623e+01,8.93031908e-01,2.22829490e+03,1.09959768e+06,4.27125912e+03,0.00000000e+00,2.30000000e-01,7.70000003e-01,0.00000000e+00
6.23623624e+01,8.88634960e-01,2.23523421e+03,1.09205238e+06,4.26293936e+03,0.00000000e+00,2.30000000e-01,7.69999998e-01,0.00000000e+00
6.24624625e+01,8.84264771e-01,2.24223511e+03,1.08456283e+06,4.25462703e+03,0.00000000e+00,2.30000000e-01,7.69999947e-01,0.00000000e+00
6.25625626e+01,8.79928101e-01,2.24928072e+03,1.07712952e+06,4.24629191e+03,0.00000000e+00,2.30000000e-01,7.69999946e-01,0.00000000e+00
6.26626627e+01,8.75625059e-01,2.25634588e+03,1.06975676e+06,4.23795115e+03,0.00000000e+00,2.30000000e-01,7.69999981e-01,0.00000000e+00
6.27627628e+01,8.71349926e-01,2.26341850e+03,1.06244575e+06,4.22963844e+03,0.00000000e+00,2.30000000e-01,7.70000000e-01,0.00000000e+00
6.28628629e+01,8.67099084e-01,2.27049744e+03,1.05519509e+06,4.22136699e+03,0.00000000e+00,2.30000000e-01,7.70000007e-01,0.00000000e+00
6.29629630e+01,8.62871357e-01,2.27758195e+03,1.04800178e+06,4.21313177e+03,0.00000000e+00,2.30000000e-01,7.70000014e-01,0.00000000e+00
6.30630631e+01,8.58665835e-01,2.28466746e+03,1.04086165e+06,4.20492152e+03,0.00000000e+00,2.30000000e-01,7.70000021e-01,0.00000000e+00
6.31631632e+01,8.54480782e-01,2.29174832e+03,1.03377098e+06,4.19673073e+03,0.00000000e+00,2.30000000e-01,7.70000024e-01,0.00000000e+00
6.32632633e+01,8.50314296e-01,2.29881792e+03,1.02672797e+06,4.18856231e+03,0.00000000e+00,2.30000000e-01,7.70000024e-01,0.00000000e+00
6.33633634e+01,8.46164553e-01,2.30586891e+03,1.01972885e+06,4.18041067e+03,0.00000000e+00,2.30000000e-01,7.70000023e-01,0.00000000e+00
6.34634635e+01,8.42028417e-01,2.31289777e+03,1.01276989e+06,4.17227675e+03,0.00000000e+00,2.30000000e-01,7.70000016e-01,0.00000000e+00
6.35635636e+01,8.37902294e-01,2.31990578e+03,1.00584848e+06,4.16416818e+03,0.00000000e+00,2.30000000e-01,7.70000012e-01,0.00000000e+00
6.36636637e+01,8.33783308e-01,2.32689479e+03,9.98959236e+05,4.15607757e+03,0.00000000e+00,2.30000000e-01,7.70000011e-01,0.00000000e+00
6.37637638e+01,8.29668975e-01,2.33386621e+03,9.92097422e+05,4.14799808e+03,0.00000000e+00,2.30000000e-01,7.70000009e-01,0.00000000e+00
6.38638639e+01,8.25557244e-01,2.34082126e+03,9.85259782e+05,4.13992661e+03,0.00000000e+00,2.30000000e-01,7.70000002e-01,0.00000000e+00
6.39639640e+01,8.21446910e-01,2.34776174e+03,9.78443642e+05,4.13185810e+03,0.00000000e+00,2.30000000e-01,7.69999992e-01,0.00000000e+00
6.40640641e+01,8.17337668e-01,2.35469173e+03,9.71645608e+05,4.12377979e+03,0.00000000e+00,2.30000000e-01,7.69999982e-01,0.00000000e+00
6.41641642e+01,8.13229933e-01,2.36161807e+03,9.64863995e+05,4.11568160e+03,0.00000000e+00,2.30000000e-01,7.70000125e-01,0.00000000e+00
6.42642643e+01,8.09131914e-01,2.36855855e+03,9.58112704e+05,4.10758336e+03,0.00000000e+00,2.30000000e-01,7.69999915e-01,0.00000000e+00
6.43643644e+01,8.05070528e-01,2.37556647e+03,9.51417368e+05,4.09945638e+03,0.00000000e+00,2.30000000e-01,7.69999903e-01,0.00000000e+00
6.44644645e+01,8.01042363e-01,2.38263893e+03,9.44776088e+05,4.09131107e+03,0.00000000e+00,2.30000000e-01,7.69999973e-01,0.00000000e+00
6.45645646e+01,7.97029178e-01,2.38978345e+03,9.38150042e+05,4.08307316e+03,0.00000000e+00,2.30000000e-01,7.70000001e-01,0.00000000e+00
6.46646647e+01,7.93034001e-01,2.39697762e+03,9.31553346e+05,4.07478799e+03,0.00000000e+00,2.30000000e-01,7.69999965e-01,0.00000000e+00
6.47647648e+01,7.89064242e-01,2.40419984e+03,9.24994704e+05,4.06645506e+03,0.00000000e+00,2.30000000e-01,7.69999969e-01,0.00000000e+00
6.48648649e+01,7.85127037e-01,2.41141140e+03,9.18494891e+05,4.05812940e+03,0.00000000e+00,2.30000000e-01,7.70000001e-01,0.00000000e+00
6.49649650e+01,7.81222133e-01,2.41859546e+03,9.12076328e+05,4.04991325e+03,0.00000000e+00,2.30000000e-01,7.70000010e-01,0.00000000e+00
6.50650651e+01,7.77345361e-01,2.42575890e+03,9.05734526e+05,4.04181087e+03,0.00000000e+00,2.30000000e-01,7.70000011e-01,0.00000000e+00
6.51651652e+01,7.73491666e-01,2.43291137e+03,8.99444125e+05,4.03373742e+03,0.00000000e+00,2.30000000e-01,7.70000014e-01,0.00000000e+00
6.52652653e+01,7.69660074e-01,2.44004877e+03,8.93194881e+05,4.02565305e+03,0.00000000e+00,2.30000000e-01,7.70000012e-01,0.00000000e+00
6.53653654e+01,7.65851795e-01,2.44716084e+03,8.86998246e+05,4.01760372e+03,0.00000000e+00,2.30000000e-01,7.70000021e-01,0.00000000e+00
6.54654655e+01,7.62069116e-01,2.45422929e+03,8.80852779e+05,4.00957212e+03,0.00000000e+00,2.30000000e-01,7.70000040e-01,0.00000000e+00
6.55655656e+01,7.58304464e-01,2.46125845e+03,8.74749353e+05,4.00155768e+03,0.00000000e+00,2.30000000e-01,7.70000038e-01,0.00000000e+00
6.56656657e+01,7.54547378e-01,2.46826288e+03,8.68680587e+05,3.99358260e+03,0.00000000e+00,2.30000000e-01,7.70000024e-01,0.00000000e+00
6.57657658e+01,7.50791744e-01,2.47525059e+03,8.62639315e+05,3.98564701e+03,0.00000000e+00,2.30000000e-01,7.70000014e-01,0.00000000e+00
6.58658659e+01,7.47035120e-01,2.48222244e+03,8.56619615e+05,3.97773709e+03,0.00000000e+00,2.30000000e-01,7.70000001e-01,0.00000000e+00
6.59659660e+01,7.43277229e-01,2.48917849e+03,8.50618235e+05,3.96983944e+03,0.00000000e+00,2.30000000e-01,7.69999997e-01,0.00000000e+00
6.60660661e+01,7.39522661e-01,2.49610460e+03,8.44638657e+05,3.96194594e+03,0.00000000e+00,2.30000000e-01,7.70000005e-01,0.00000000e+00
6.61661662e+01,7.35769093e-01,2.50300587e+03,8.38676383e+05,3.95404811e+03,0.00000000e+00,2.30000000e-01,7.70000009e-01,0.00000000e+00
6.62662663e+01,7.32014398e-01,2.50988494e+03,8.32728586e+05,3.94614396e+03,0.00000000e+00,2.30000000e-01,7.70000012e-01,0.00000000e+00
6.63663664e+01,7.28255607e-01,2.51674594e+03,8.26792227e+05,3.93823502e+03,0.00000000e+00,2.30000000e-01,7.69999997e-01,0.00000000e+00
6.64664665e+01,7.24491567e-01,2.52359336e+03,8.20867368e+05,3.93032748e+03,0.00000000e+00,2.30000000e-01,7.69999998e-01,0.00000000e+00
6.65665666e+01,7.20726295e-01,2.53042477e+03,8.14967209e+05,3.92246267e+03,0.00000000e+00,2.30000000e-01,7.70000065e-01,0.00000000e+00
6.66666667e+01,7.16978542e-01,2.53726017e+03,8.09136562e+05,3.91475670e+03,0.00000000e+00,2.30000000e-01,7.69999937e-01,0.00000000e+00
6.67667668e+01,7.13276324e-01,2.54413634e+03,8.03375485e+05,3.90705791e+03,0.00000000e+00,2.30000000e-01,7.69999995e-01,0.00000000e+00
6.68668669e+01,7.09616802e-01,2.55103688e+03,7.97683288e+05,3.89938122e+03,0.00000000e+00,2.30000000e-01,7.69999974e-01,0.00000000e+00
6.69669670e+01,7.05998536e-01,2.55796280e+03,7.92055313e+05,3.89171317e+03,0.00000000e+00,2.30000000e-01,7.69999928e-01,0.00000000e+00
6.70670671e+01,7.02416923e-01,2.56491841e+03,7.86486024e+05,3.88405315e+03,0.00000000e+00,2.30000000e-01,7.69999908e-01,0.00000000e+00
6.71671672e+01,6.98862598e-01,2.57190397e+03,7.80968144e+05,3.87641805e+03,0.00000000e+00,2.30000000e-01,7.69999986e-01,0.00000000e+00
6.72672673e+01,6.95323643e-01,2.57891863e+03,7.75487351e+05,3.86880455e+03,0.00000000e+00,2.30000000e-01,7.70000028e-01,0.00000000e+00
6.73673674e+01,6.91797635e-01,2.58596299e+03,7.70038400e+05,3.86120081e+03,0.00000000e+00,2.30000000e-01,7.70000004e-01,0.00000000e+00
6.74674675e+01,6.88288155e-01,2.59303650e+03,7.64625980e+05,3.85361065e+03,0.00000000e+00,2.30000000e-01,7.70000001e-01,0.00000000e+00
6.75675676e+01,6.84793052e-01,2.60014988e+03,7.59238924e+05,3.84599049e+03,0.00000000e+00,2.30000000e-01,7.69999986e-01,0.00000000e+00
6.76676677e+01,6.81313185e-01,2.60730098e+03,7.53869200e+05,3.83829453e+03,0.00000000e+00,2.30000000e-01,7.69999976e-01,0.00000000e+00
6.77677678e+01,6.77851191e-01,2.61447341e+03,7.48520874e+05,3.83052796e+03,0.00000000e+00,2.30000000e-01,7.69999991e-01,0.00000000e+00
6.78678679e+01,6.74407901e-01,2.62165185e+03,7.43202119e+05,3.82272774e+03,0.00000000e+00,2.30000000e-01,7.70000004e-01,0.00000000e+00
6.79679680e+01,6.70983501e-01,2.62882823e+03,7.37919145e+05,3.81492505e+03,0.00000000e+00,2.30000000e-01,7.70000015e-01,0.00000000e+00
6.80680681e+01,6.67577419e-01,2.63599706e+03,7.32676218e+05,3.80714596e+03,0.00000000e+00,2.30000000e-01,7.70000020e-01,0.00000000e+00
6.81681682e+01,6.64188277e-01,2.64315351e+03,7.27476020e+05,3.79941338e+03,0.00000000e+00,2.30000000e-01,7.70000020e-01,0.00000000e+00
6.82682683e+01,6.60814514e-01,2.65029362e+03,7.22318721e+05,3.79173842e+03,0.00000000e+00,2.30000000e-01,7.70000019e-01,0.00000000e+00
6.83683684e+01,6.57454493e-01,2.65741414e+03,7.17201759e+05,3.78411843e+03,0.00000000e+00,2.30000000e-01,7.70000020e-01,0.00000000e+00
6.84684685e+01,6.54106140e-01,2.66451320e+03,7.12122612e+05,3.77655334e+03,0.00000000e+00,2.30000000e-01,7.70000017e-01,0.00000000e+00
6.85685686e+01,6.50767201e-01,2.67159122e+03,7.07081280e+05,3.76905747e+03,0.00000000e+00,2.30000000e-01,7.70000008e-01,0.00000000e+00
6.86686687e+01,6.47436232e-01,2.67864928e+03,7.02076663e+05,3.76163469e+03,0.00000000e+00,2.30000000e-01,7.70000001e-01,0.00000000e+00
6.87687688e+01,6.44112708e-01,2.68568820e+03,6.97106105e+05,3.75427516e+03,0.00000000e+00,2.30000000e-01,7.69999998e-01,0.00000000e+00
6.88688689e+01,6.40796617e-01,2.69270834e+03,6.92166667e+05,3.74696427e+03,0.00000000e+00,2.30000000e-01,7.69999998e-01,0.00000000e+00
6.89689690e+01,6.37488000e-01,2.69971014e+03,6.87255801e+05,3.73968896e+03,0.00000000e+00,2.30000000e-01,7.69999998e-01,0.00000000e+00
6.90690691e+01,6.34186837e-01,2.70669420e+03,6.82371676e+05,3.73244013e+03,0.00000000e+00,2.30000000e-01,7.69999996e-01,0.00000000e+00
6.91691692e+01,6.30893210e-01,2.71366147e+03,6.77513104e+05,3.72521146e+03,0.00000000e+00,2.30000000e-01,7.69999991e-01,0.00000000e+00
6.92692693e+01,6.27607657e-01,2.72061316e+03,6.72679229e+05,3.71799560e+03,0.00000000e+00,2.30000000e-01,7.69999984e-01,0.00000000e+00
6.93693694e+01,6.24331492e-01,2.72755063e+03,6.67868853e+05,3.71077857e+03,0.00000000e+00,2.30000000e-01,7.69999975e-01,0.00000000e+00
6.94694695e+01,6.21066805e-01,2.73447602e+03,6.63079393e+05,3.70353375e+03,0.00000000e+00,2.30000000e-01,7.69999970e-01,0.00000000e+00
6.95695696e+01,6.17816717e-01,2.74138918e+03,6.58306564e+05,3.69621800e+03,0.00000000e+00,2.30000000e-01,7.70000074e-01,0.00000000e+00
6.96696697e+01,6.14584184e-01,2.74829026e+03,6.53536137e+05,3.68873333e+03,0.00000000e+00,2.30000000e-01,7.70000106e-01,0.00000000e+00
6.97697698e+01,6.11377095e-01,2.75519486e+03,6.48760092e+05,3.68098503e+03,0.00000000e+00,2.30000000e-01,7.69999983e-01,0.00000000e+00
6.98698699e+01,6.08200968e-01,2.76213580e+03,6.44012163e+05,3.67312814e+03,0.00000000e+00,2.30000000e-01,7.69999918e-01,0.00000000e+00
6.99699700e+01,6.05052582e-01,2.76912256e+03,6.39290613e+05,3.66517141e+03,0.00000000e+00,2.30000000e-01,7.69999999e-01,0.00000000e+00
7.00700701e+01,6.01923200e-01,2.77615614e+03,6.34588114e+05,3.65712575e+03,0.00000000e+00,2.30000000e-01,7.70000083e-01,0.00000000e+00
7.01701702e+01,5.98812043e-01,2.78323754e+03,6.29905479e+05,3.64900049e+03,0.00000000e+00,2.30000000e-01,7.70000039e-01,0.00000000e+00
7.02702703e+01,5.95728035e-01,2.79036462e+03,6.25252822e+05,3.64079916e+03,0.00000000e+00,2.30000000e-01,7.69999955e-01,0.00000000e+00
7.03703704e+01,5.92677751e-01,2.79752679e+03,6.20638061e+05,3.63252724e+03,0.00000000e+00,2.30000000e-01,7.69999958e-01,0.00000000e+00
7.04704705e+01,5.89659176e-01,2.80471233e+03,6.16063098e+05,3.62420902e+03,0.00000000e+00,2.30000000e-01,7.69999952e-01,0.00000000e+00
7.05705706e+01,5.86667820e-01,2.81192163e+03,6.11532411e+05,3.61589939e+03,0.00000000e+00,2.30000000e-01,7.69999898e-01,0.00000000e+00
7.06706707e+01,5.83698488e-01,2.81915735e+03,6.07047320e+05,3.60763894e+03,0.00000000e+00,2.30000000e-01,7.69999983e-01,0.00000000e+00
7.07707708e+01,5.80742866e-01,2.82641011e+03,6.02589809e+05,3.59937400e+03,0.00000000e+00,2.30000000e-01,7.70000009e-01,0.00000000e+00
7.08708709e+01,5.77790590e-01,2.83371656e+03,5.98128980e+05,3.59098378e+03,0.00000000e+00,2.30000000e-01,7.70000037e-01,0.00000000e+00
7.09709710e+01,5.74845043e-01,2.84106311e+03,5.93678286e+05,3.58252701e+03,0.00000000e+00,2.30000000e-01,7.69999957e-01,0.00000000e+00
7.10710711e+01,5.71922122e-01,2.84839486e+03,5.89267655e+05,3.57408428e+03,0.00000000e+00,2.30000000e-01,7.69999996e-01,0.00000000e+00
7.11711712e+01,5.69029406e-01,2.85565283e+03,5.84932919e+05,3.56582829e+03,0.00000000e+00,2.30000000e-01,7.70000017e-01,0.00000000e+00
7.12712713e+01,5.66158570e-01,2.86286636e+03,5.80669631e+05,3.55778833e+03,0.00000000e+00,2.30000000e-01,7.70000003e-01,0.00000000e+00
7.13713714e+01,5.63305840e-01,2.87005180e+03,5.76451635e+05,3.54983121e+03,0.00000000e+00,2.30000000e-01,7.69999995e-01,0.00000000e+00
7.14714715e+01,5.60474854e-01,2.87719179e+03,5.72281315e+05,3.54195076e+03,0.00000000e+00,2.30000000e-01,7.69999988e-01,0.00000000e+00
7.15715716e+01,5.57669781e-01,2.88426876e+03,5.68184762e+05,3.53428486e+03,0.00000000e+00,2.30000000e-01,7.70000002e-01,0.00000000e+00
7.16716717e+01,5.54892329e-01,2.89127146e+03,5.64148631e+05,3.52674354e+03,0.00000000e+00,2.30000000e-01,7.70000040e-01,0.00000000e+00
7.17717718e+01,5.52135663e-01,2.89821509e+03,5.60148806e+05,3.51922206e+03,0.00000000e+00,2.30000000e-01,7.70000054e-01,0.00000000e+00
7.18718719e+01,5.49390201e-01,2.90512312e+03,5.56176710e+05,3.51172864e+03,0.00000000e+00,2.30000000e-01,7.70000045e-01,0.00000000e+00
7.19719720e+01,5.46649219e-01,2.91200850e+03,5.52225925e+05,3.50426649e+03,0.00000000e+00,2.30000000e-01,7.70000029e-01,0.00000000e+00
7.20720721e+01,5.43909019e-01,2.91887643e+03,5.48292692e+05,3.49683601e+03,0.00000000e+00,2.30000000e-01,7.70000026e-01,0.00000000e+00
7.21721722e+01,5.41167330e-01,2.92572646e+03,5.44374368e+05,3.48943542e+03,0.00000000e+00,2.30000000e-01,7.70000030e-01,0.00000000e+00
7.22722723e+01,5.38420651e-01,2.93256324e+03,5.40465765e+05,3.48205435e+03,0.00000000e+00,2.30000000e-01,7.70000034e-01,0.00000000e+00
7.23723724e+01,5.35663672e-01,2.93939942e+03,5.36558127e+05,3.47467077e+03,0.00000000e+00,2.30000000e-01,7.70000005e-01,0.00000000e+00
7.24724725e+01,5.32890279e-01,2.94626530e+03,5.32638948e+05,3.46724282e+03,0.00000000e+00,2.30000000e-01,7.69999878e-01,0.00000000e+00
7.25725726e+01,5.30120811e-01,2.95310607e+03,5.28735096e+05,3.45981108e+03,0.00000000e+00,2.30000000e-01,7.69999954e-01,0.00000000e+00
7.26726727e+01,5.27356520e-01,2.95993614e+03,5.24842906e+05,3.45234345e+03,0.00000000e+00,2.30000000e-01,7.70000216e-01,0.00000000e+00
7.27727728e+01,5.24599750e-01,2.96676288e+03,5.20963956e+05,3.44483794e+03,0.00000000e+00,2.30000000e-01,7.69999735e-01,0.00000000e+00
7.28728729e+01,5.21891184e-01,2.97350996e+03,5.17105691e+05,3.43707070e+03,0.00000000e+00,2.30000000e-01,7.69999938e-01,0.00000000e+00
7.29729730e+01,5.19212484e-01,2.98018789e+03,5.13274471e+05,3.42920524e+03,0.00000000e+00,2.30000000e-01,7.70000310e-01,0.00000000e+00
7.30730731e+01,5.16540700e-01,2.98687820e+03,5.09445824e+05,3.42123207e+03,0.00000000e+00,2.30000000e-01,7.70000014e-01,0.00000000e+00
7.31731732e+01,5.13910462e-01,2.99352163e+03,5.05658923e+05,3.41318193e+03,0.00000000e+00,2.30000000e-01,7.69999685e-01,0.00000000e+00
7.32732733e+01,5.11330681e-01,3.00009658e+03,5.01940736e+05,3.40517636e+03,0.00000000e+00,2.30000000e-01,7.70000137e-01,0.00000000e+00
7.33733734e+01,5.08763264e-01,3.00667256e+03,4.98247041e+05,3.39717578e+03,0.00000000e+00,2.30000000e-01,7.70000100e-01,0.00000000e+00
7.34734735e+01,5.06219472e-01,3.01324401e+03,4.94582629e+05,3.38913734e+03,0.00000000e+00,2.30000000e-01,7.69999831e-01,0.00000000e+00
7.35735736e+01,5.03717668e-01,3.01975102e+03,4.90982086e+05,3.38117443e+03,0.00000000e+00,2.30000000e-01,7.69999926e-01,0.00000000e+00
7.36736737e+01,5.01238706e-01,3.02622683e+03,4.87420300e+05,3.37324636e+03,0.00000000e+00,2.30000000e-01,7.70000072e-01,0.00000000e+00
7.37737738e+01,4.98774523e-01,3.03268139e+03,4.83889203e+05,3.36535361e+03,0.00000000e+00,2.30000000e-01,7.70000104e-01,0.00000000e+00
7.38738739e+01,4.96333542e-01,3.03909442e+03,4.80398752e+05,3.35751004e+03,0.00000000e+00,2.30000000e-01,7.70000012e-01,0.00000000e+00
7.39739740e+01,4.93924947e-01,3.04545844e+03,4.76955136e+05,3.34969835e+03,0.00000000e+00,2.30000000e-01,7.69999888e-01,0.00000000e+00
7.40740741e+01,4.91554235e-01,3.05174638e+03,4.73570599e+05,3.34196894e+03,0.00000000e+00,2.30000000e-01,7.69999913e-01,0.00000000e+00
7.41741742e+01,4.89214908e-01,3.05794406e+03,4.70243459e+05,3.33435734e+03,0.00000000e+00,2.30000000e-01,7.70000043e-01,0.00000000e+00
7.42742743e+01,4.86900135e-01,3.06404535e+03,4.66966416e+05,3.32686134e+03,0.00000000e+00,2.30000000e-01,7.70000299e-01,0.00000000e+00
7.43743744e+01,4.84616531e-01,3.07002026e+03,4.63762528e+05,3.31960602e+03,0.00000000e+00,2.30000000e-01,7.69999926e-01,0.00000000e+00
7.44744745e+01,4.82385428e-01,3.07587756e+03,4.60637502e+05,3.31248735e+03,0.00000000e+00,2.30000000e-01,7.69999917e-01,0.00000000e+00
7.45745746e+01,4.80204156e-01,3.08160141e+03,4.57587733e+05,3.30550247e+03,0.00000000e+00,2.30000000e-01,7.70000120e-01,0.00000000e+00
7.46746747e+01,4.78066792e-01,3.08718438e+03,4.54619731e+05,3.29874528e+03,0.00000000e+00,2.30000000e-01,7.70000005e-01,0.00000000e+00
7.47747748e+01,4.75983180e-01,3.09261505e+03,4.51730870e+05,3.29213216e+03,0.00000000e+00,2.30000000e-01,7.69999962e-01,0.00000000e+00
7.48748749e+01,4.73954916e-01,3.09788191e+03,4.48933404e+05,3.28574546e+03,0.00000000e+00,2.30000000e-01,7.70000118e-01,0.00000000e+00
7.49749750e+01,4.71970773e-01,3.10303404e+03,4.46217877e+05,3.27960121e+03,0.00000000e+00,2.30000000e-01,7.69999782e-01,0.00000000e+00
7.50750751e+01,4.70034080e-01,3.10810768e+03,4.43573234e+05,3.27359646e+03,0.00000000e+00,2.30000000e-01,7.69999826e-01,0.00000000e+00
7.51751752e+01,4.68139949e-01,3.11303251e+03,4.41031416e+05,3.26800647e+03,0.00000000e+00,2.30000000e-01,7.69999992e-01,0.00000000e+00
7.52752753e+01,4.66262184e-01,3.11789374e+03,4.38522085e+05,3.26249876e+03,0.00000000e+00,2.30000000e-01,7.70000005e-01,0.00000000e+00
7.53753754e+01,4.64403729e-01,3.12266314e+03,4.36069098e+05,3.25723187e+03,0.00000000e+00,2.30000000e-01,7.70000041e-01,0.00000000e+00
7.54754755e+01,4.62564775e-01,3.12731827e+03,4.33674756e+05,3.25222489e+03,0.00000000e+00,2.30000000e-01,7.70000215e-01,0.00000000e+00
7.55755756e+01,4.60730648e-01,3.13193557e+03,4.31303971e+05,3.24732307e+03,0.00000000e+00,2.30000000e-01,7.69999859e-01,0.00000000e+00
7.56756757e+01,4.58931785e-01,3.13642306e+03,4.29020316e+05,3.24279011e+03,0.00000000e+00,2.30000000e-01,7.69999912e-01,0.00000000e+00
7.57757758e+01,4.57162912e-01,3.14079966e+03,4.26802905e+05,3.23851144e+03,0.00000000e+00,2.30000000e-01,7.70000048e-01,0.00000000e+00
7.58758759e+01,4.55406772e-01,3.14513825e+03,4.24613040e+05,3.23431980e+03,0.00000000e+00,2.30000000e-01,7.69999919e-01,0.00000000e+00
7.59759760e+01,4.53673428e-01,3.14939256e+03,4.22474365e+05,3.23032366e+03,0.00000000e+00,2.30000000e-01,7.70000136e-01,0.00000000e+00
7.60760761e+01,4.51958538e-01,3.15354718e+03,4.20381211e+05,3.22651544e+03,0.00000000e+00,2.30000000e-01,7.70000076e-01,0.00000000e+00
7.61761762e+01,4.50269745e-01,3.15760895e+03,4.18335379e+05,3.22285514e+03,0.00000000e+00,2.30000000e-01,7.70000275e-01,0.00000000e+00
7.62762763e+01,4.48619809e-01,3.16152476e+03,4.16340148e+05,3.21928198e+03,0.00000000e+00,2.30000000e-01,7.69999795e-01,0.00000000e+00
7.63763764e+01,4.47023375e-01,3.16532046e+03,4.14397284e+05,3.21570168e+03,0.00000000e+00,2.30000000e-01,7.69999988e-01,0.00000000e+00
7.64764765e+01,4.45457916e-01,3.16906228e+03,4.12464543e+05,3.21195067e+03,0.00000000e+00,2.30000000e-01,7.70000343e-01,0.00000000e+00
7.65765766e+01,4.43930906e-01,3.17268345e+03,4.10571310e+05,3.20820659e+03,0.00000000e+00,2.30000000e-01,7.69999934e-01,0.00000000e+00
7.66766767e+01,4.42466437e-01,3.17617087e+03,4.08736193e+05,3.20443781e+03,0.00000000e+00,2.30000000e-01,7.69999990e-01,0.00000000e+00
7.67767768e+01,4.41054926e-01,3.17956436e+03,4.06941020e+05,3.20057417e+03,0.00000000e+00,2.30000000e-01,7.69999948e-01,0.00000000e+00
7.68768769e+01,4.39697787e-01,3.18284714e+03,4.05207714e+05,3.19677876e+03,0.00000000e+00,2.30000000e-01,7.69999832e-01,0.00000000e+00
7.69769770e+01,4.38388562e-01,3.18604076e+03,4.03530017e+05,3.19304995e+03,0.00000000e+00,2.30000000e-01,7.69999998e-01,0.00000000e+00
7.70770771e+01,4.37110951e-01,3.18918270e+03,4.01880895e+05,3.18929477e+03,0.00000000e+00,2.30000000e-01,7.70000209e-01,0.00000000e+00
7.71771772e+01,4.35869013e-01,3.19223739e+03,4.00275978e+05,3.18561020e+03,0.00000000e+00,2.30000000e-01,7.69999951e-01,0.00000000e+00
7.72772773e+01,4.34682723e-01,3.19515426e+03,3.98747028e+05,3.18210346e+03,0.00000000e+00,2.30000000e-01,7.69999699e-01,0.00000000e+00
7.73773774e+01,4.33540990e-01,3.19799460e+03,3.97269145e+05,3.17865716e+03,0.00000000e+00,2.30000000e-01,7.70000138e-01,0.00000000e+00
7.74774775e+01,4.32416400e-01,3.20081624e+03,3.95818375e+05,3.17528529e+03,0.00000000e+00,2.30000000e-01,7.70000275e-01,0.00000000e+00
7.75775776e+01,4.31323617e-01,3.20356899e+03,3.94424380e+05,3.17212048e+03,0.00000000e+00,2.30000000e-01,7.69999819e-01,0.00000000e+00
7.76776777e+01,4.30281971e-01,3.20624082e+03,3.93092068e+05,3.16905870e+03,0.00000000e+00,2.30000000e-01,7.69999841e-01,0.00000000e+00
7.77777778e+01,4.29275201e-01,3.20887286e+03,3.91799258e+05,3.16604300e+03,0.00000000e+00,2.30000000e-01,7.70000178e-01,0.00000000e+00
7.78778779e+01,4.28297864e-01,3.21142670e+03,3.90541243e+05,3.16307939e+03,0.00000000e+00,2.30000000e-01,7.69999963e-01,0.00000000e+00
7.79779780e+01,4.27368667e-01,3.21384162e+03,3.89331374e+05,3.16013690e+03,0.00000000e+00,2.30000000e-01,7.69999792e-01,0.00000000e+00
7.80780781e+01,4.26483601e-01,3.21613142e+03,3.88170575e+05,3.15725232e+03,0.00000000e+00,2.30000000e-01,7.70000140e-01,0.00000000e+00
7.81781782e+01,4.25624758e-01,3.21833001e+03,3.87046873e+05,3.15446496e+03,0.00000000e+00,2.30000000e-01,7.70000120e-01,0.00000000e+00
7.82782783e+01,4.24804670e-01,3.22040504e+03,3.85968573e+05,3.15175029e+03,0.00000000e+00,2.30000000e-01,7.69999867e-01,0.00000000e+00
7.83783784e+01,4.24036333e-01,3.22231559e+03,3.84957012e+05,3.14918590e+03,0.00000000e+00,2.30000000e-01,7.69999879e-01,0.00000000e+00
7.84784785e+01,4.23306177e-01,3.22410229e+03,3.83999129e+05,3.14676827e+03,0.00000000e+00,2.30000000e-01,7.69999890e-01,0.00000000e+00
7.85785786e+01,4.22601828e-01,3.22580177e+03,3.83067806e+05,3.14436830e+03,0.00000000e+00,2.30000000e-01,7.69999899e-01,0.00000000e+00
7.86786787e+01,4.21917987e-01,3.22740227e+03,3.82173518e+05,3.14211178e+03,0.00000000e+00,2.30000000e-01,7.69999998e-01,0.00000000e+00
7.87787788e+01,4.21248707e-01,3.22889828e+03,3.81313599e+05,3.14002265e+03,0.00000000e+00,2.30000000e-01,7.70000028e-01,0.00000000e+00
7.88788789e+01,4.20589027e-01,3.23031272e+03,3.80478386e+05,3.13805911e+03,0.00000000e+00,2.30000000e-01,7.70000029e-01,0.00000000e+00
7.89789790e+01,4.19935576e-01,3.23165759e+03,3.79665111e+05,3.13622411e+03,0.00000000e+00,2.30000000e-01,7.70000029e-01,0.00000000e+00
7.90790791e+01,4.19287405e-01,3.23292663e+03,3.78874047e+05,3.13452596e+03,0.00000000e+00,2.30000000e-01,7.70000559e-01,0.00000000e+00
7.91791792e+01,4.18645011e-01,3.23408003e+03,3.78130510e+05,3.13317700e+03,0.00000000e+00,2.30000000e-01,7.69999888e-01,0.00000000e+00
7.92792793e+01,4.18038837e-01,3.23516906e+03,3.77452960e+05,3.13209907e+03,0.00000000e+00,2.30000000e-01,7.69999538e-01,0.00000000e+00
7.93793794e+01,4.17477268e-01,3.23618031e+03,3.76837379e+05,3.13119536e+03,0.00000000e+00,2.30000000e-01,7.70000130e-01,0.00000000e+00
7.94794795e+01,4.16938726e-01,3.23705721e+03,3.76299715e+05,3.13076573e+03,0.00000000e+00,2.30000000e-01,7.70000364e-01,0.00000000e+00
7.95795796e+01,4.16432221e-01,3.23777869e+03,3.75849113e+05,3.13081997e+03,0.00000000e+00,2.30000000e-01,7.70000426e-01,0.00000000e+00
7.96796797e+01,4.15982372e-01,3.23832003e+03,3.75487745e+05,3.13119260e+03,0.00000000e+00,2.30000000e-01,7.70000306e-01,0.00000000e+00
7.97797798e+01,4.15613952e-01,3.23868863e+03,3.75215903e+05,3.13170118e+03,0.00000000e+00,2.30000000e-01,7.69999740e-01,0.00000000e+00
7.98798799e+01,4.15343323e-01,3.23891124e+03,3.75034630e+05,3.13222755e+03,0.00000000e+00,2.30000000e-01,7.69999804e-01,0.00000000e+00
7.99799800e+01,4.15152650e-01,3.23901137e+03,3.74915555e+05,3.13267048e+03,0.00000000e+00,2.30000000e-01,7.70000024e-01,0.00000000e+00
8.00800801e+01,4.15025513e-01,3.23902006e+03,3.74835753e+05,3.13296448e+03,0.00000000e+00,2.30000000e-01,7.69999604e-01,0.00000000e+00
8.01801802e+01,4.14961978e-01,3.23895158e+03,3.74785059e+05,3.13302036e+03,0.00000000e+00,2.30000000e-01,7.69999614e-01,0.00000000e+00
8.02802803e+01,4.14940792e-01,3.23878986e+03,3.74748454e+05,3.13287282e+03,0.00000000e+00,2.30000000e-01,7.70000076e-01,0.00000000e+00
8.03803804e+01,4.14933757e-01,3.23856299e+03,3.74714583e+05,3.13264337e+03,0.00000000e+00,2.30000000e-01,7.69999888e-01,0.00000000e+00
8.04804805e+01,4.14936292e-01,3.23833995e+03,3.74656138e+05,3.13213545e+03,0.00000000e+00,2.30000000e-01,7.69999945e-01,0.00000000e+00
8.05805806e+01,4.14947564e-01,3.23808018e+03,3.74600996e+05,3.13158900e+03,0.00000000e+00,2.30000000e-01,7.70000064e-01,0.00000000e+00
8.06806807e+01,4.14960107e-01,3.23778048e+03,3.74549054e+05,3.13106029e+03,0.00000000e+00,2.30000000e-01,7.70000016e-01,0.00000000e+00
8.07807808e+01,4.14966811e-01,3.23748752e+03,3.74486168e+05,3.13048408e+03,0.00000000e+00,2.30000000e-01,7.69999996e-01,0.00000000e+00
8.08808809e+01,4.14968462e-01,3.23719771e+03,3.74415264e+05,3.12987869e+03,0.00000000e+00,2.30000000e-01,7.70000066e-01,0.00000000e+00
8.09809810e+01,4.14962758e-01,3.23690024e+03,3.74338621e+05,3.12928081e+03,0.00000000e+00,2.30000000e-01,7.70000129e-01,0.00000000e+00
8.10810811e+01,4.14938698e-01,3.23661986e+03,3.74245674e+05,3.12868526e+03,0.00000000e+00,2.30000000e-01,7.70000119e-01,0.00000000e+00
8.11811812e+01,4.14885379e-01,3.23638462e+03,3.74125728e+05,3.12808458e+03,0.00000000e+00,2.30000000e-01,7.70000085e-01,0.00000000e+00
8.12812813e+01,4.14795326e-01,3.23621180e+03,3.73972434e+05,3.12748187e+03,0.00000000e+00,2.30000000e-01,7.70000036e-01,0.00000000e+00
8.13813814e+01,4.14664957e-01,3.23611102e+03,3.73783374e+05,3.12688375e+03,0.00000000e+00,2.30000000e-01,7.69999978e-01,0.00000000e+00
8.14814815e+01,4.14495003e-01,3.23608552e+03,3.73560048e+05,3.12629704e+03,0.00000000e+00,2.30000000e-01,7.69999918e-01,0.00000000e+00
8.15815816e+01,4.14290657e-01,3.23613201e+03,3.73308077e+05,3.12572947e+03,0.00000000e+00,2.30000000e-01,7.69999868e-01,0.00000000e+00
8.16816817e+01,4.14061099e-01,3.23624038e+03,3.73035869e+05,3.12518190e+03,0.00000000e+00,2.30000000e-01,7.69999871e-01,0.00000000e+00
8.17817818e+01,4.13818046e-01,3.23638189e+03,3.72751479e+05,3.12463303e+03,0.00000000e+00,2.30000000e-01,7.70000023e-01,0.00000000e+00
8.18818819e+01,4.13568236e-01,3.23654930e+03,3.72489503e+05,3.12432366e+03,0.00000000e+00,2.30000000e-01,7.69999832e-01,0.00000000e+00
8.19819820e+01,4.13324318e-01,3.23673267e+03,3.72251482e+05,3.12416929e+03,0.00000000e+00,2.30000000e-01,7.69999998e-01,0.00000000e+00
8.20820821e+01,4.13082676e-01,3.23690254e+03,3.72023863e+05,3.12408511e+03,0.00000000e+00,2.30000000e-01,7.70000089e-01,0.00000000e+00
8.21821822e+01,4.12838573e-01,3.23705367e+03,3.71802464e+05,3.12407130e+03,0.00000000e+00,2.30000000e-01,7.70000309e-01,0.00000000e+00
8.22822823e+01,4.12589791e-01,3.23720782e+03,3.71600483e+05,3.12425795e+03,0.00000000e+00,2.30000000e-01,7.69999974e-01,0.00000000e+00
8.23823824e+01,4.12358162e-01,3.23738522e+03,3.71410824e+05,3.12441719e+03,0.00000000e+00,2.30000000e-01,7.70000049e-01,0.00000000e+00
8.24824825e+01,4.12148315e-01,3.23756881e+03,3.71230856e+05,3.12449313e+03,0.00000000e+00,2.30000000e-01,7.70000101e-01,0.00000000e+00
8.25825826e+01,4.11963137e-01,3.23775668e+03,3.71061844e+05,3.12447452e+03,0.00000000e+00,2.30000000e-01,7.70000079e-01,0.00000000e+00
8.26826827e+01,4.11807796e-01,3.23795509e+03,3.70907304e+05,3.12435165e+03,0.00000000e+00,2.30000000e-01,7.69999985e-01,0.00000000e+00
8.27827828e+01,4.11686249e-01,3.23817222e+03,3.70771046e+05,3.12412632e+03,0.00000000e+00,2.30000000e-01,7.69999878e-01,0.00000000e+00
8.28828829e+01,4.11597815e-01,3.23840959e+03,3.70653545e+05,3.12380745e+03,0.00000000e+00,2.30000000e-01,7.69999825e-01,0.00000000e+00
8.29829830e+01,4.11536597e-01,3.23865884e+03,3.70550626e+05,3.12340453e+03,0.00000000e+00,2.30000000e-01,7.69999852e-01,0.00000000e+00
8.30830831e+01,4.11493882e-01,3.23890603e+03,3.70455592e+05,3.12292750e+03,0.00000000e+00,2.30000000e-01,7.69999890e-01,0.00000000e+00
8.31831832e+01,4.11461974e-01,3.23914028e+03,3.70362331e+05,3.12238320e+03,0.00000000e+00,2.30000000e-01,7.69999959e-01,0.00000000e+00
8.32832833e+01,4.11435228e-01,3.23935525e+03,3.70270437e+05,3.12181128e+03,0.00000000e+00,2.30000000e-01,7.69999997e-01,0.00000000e+00
8.33833834e+01,4.11411365e-01,3.23955363e+03,3.70179801e+05,3.12122818e+03,0.00000000e+00,2.30000000e-01,7.69999986e-01,0.00000000e+00
8.34834835e+01,4.11389816e-01,3.23973734e+03,3.70087904e+05,3.12061668e+03,0.00000000e+00,2.30000000e-01,7.70000019e-01,0.00000000e+00
8.35835836e+01,4.11369271e-01,3.23990403e+03,3.69994354e+05,3.11998361e+03,0.00000000e+00,2.30000000e-01,7.70000039e-01,0.00000000e+00
8.36836837e+01,4.11348743e-01,3.24005303e+03,3.69896770e+05,3.11931614e+03,0.00000000e+00,2.30000000e-01,7.70000118e-01,0.00000000e+00
8.37837838e+01,4.11323373e-01,3.24017393e+03,3.69796257e+05,3.11866066e+03,0.00000000e+00,2.30000000e-01,7.70000182e-01,0.00000000e+00
8.38838839e+01,4.11282775e-01,3.24026313e+03,3.69690391e+05,3.11807553e+03,0.00000000e+00,2.30000000e-01,7.70000204e-01,0.00000000e+00
8.39839840e+01,4.11214746e-01,3.24032036e+03,3.69574500e+05,3.11761382e+03,0.00000000e+00,2.30000000e-01,7.70000181e-01,0.00000000e+00
8.40840841e+01,4.11108619e-01,3.24034312e+03,3.69444234e+05,3.11731964e+03,0.00000000e+00,2.30000000e-01,7.70000124e-01,0.00000000e+00
8.41841842e+01,4.10957394e-01,3.24032579e+03,3.69295775e+05,3.11721385e+03,0.00000000e+00,2.30000000e-01,7.70000053e-01,0.00000000e+00
8.42842843e+01,4.10758582e-01,3.24026064e+03,3.69125238e+05,3.11728264e+03,0.00000000e+00,2.30000000e-01,7.69999983e-01,0.00000000e+00
8.43843844e+01,4.10514073e-01,3.24013861e+03,3.68928228e+05,3.11747477e+03,0.00000000e+00,2.30000000e-01,7.69999929e-01,0.00000000e+00
8.44844845e+01,4.10229253e-01,3.23994928e+03,3.68699882e+05,3.11770841e+03,0.00000000e+00,2.30000000e-01,7.69999905e-01,0.00000000e+00
8.45845846e+01,4.09911267e-01,3.23968098e+03,3.68434877e+05,3.11788431e+03,0.00000000e+00,2.30000000e-01,7.69999915e-01,0.00000000e+00
8.46846847e+01,4.09566901e-01,3.23932072e+03,3.68129252e+05,3.11791355e+03,0.00000000e+00,2.30000000e-01,7.70001090e-01,0.00000000e+00
8.47847848e+01,4.09210318e-01,3.23884871e+03,3.67773695e+05,3.11761906e+03,0.00000000e+00,2.30000000e-01,7.70000270e-01,0.00000000e+00
8.48848849e+01,4.08913450e-01,3.23846682e+03,3.67458339e+05,3.11720893e+03,0.00000000e+00,2.30000000e-01,7.69999733e-01,0.00000000e+00
8.49849850e+01,4.08706936e-01,3.23831297e+03,3.67251735e+05,3.11703137e+03,0.00000000e+00,2.30000000e-01,7.69999452e-01,0.00000000e+00
8.50850851e+01,4.08581838e-01,3.23834767e+03,3.67134950e+05,3.11699439e+03,0.00000000e+00,2.30000000e-01,7.69999399e-01,0.00000000e+00
8.51851852e+01,4.08515028e-01,3.23850140e+03,3.67076147e+05,3.11700429e+03,0.00000000e+00,2.30000000e-01,7.69999567e-01,0.00000000e+00
8.52852853e+01,4.08480092e-01,3.23869705e+03,3.67038259e+05,3.11694827e+03,0.00000000e+00,2.30000000e-01,7.69999835e-01,0.00000000e+00
8.53853854e+01,4.08456713e-01,3.23888864e+03,3.67013658e+05,3.11691765e+03,0.00000000e+00,2.30000000e-01,7.69999868e-01,0.00000000e+00
8.54854855e+01,4.08441054e-01,3.23908621e+03,3.67018522e+05,3.11707906e+03,0.00000000e+00,2.30000000e-01,7.69999681e-01,0.00000000e+00
8.55855856e+01,4.08443183e-01,3.23934694e+03,3.67037813e+05,3.11722806e+03,0.00000000e+00,2.30000000e-01,7.69999237e-01,0.00000000e+00
8.56856857e+01,4.08498313e-01,3.23974544e+03,3.67079296e+05,3.11715892e+03,0.00000000e+00,2.30000000e-01,7.69999459e-01,0.00000000e+00
8.57857858e+01,4.08645810e-01,3.24023873e+03,3.67184430e+05,3.11692487e+03,0.00000000e+00,2.30000000e-01,7.69999896e-01,0.00000000e+00
8.58858859e+01,4.08891637e-01,3.24084114e+03,3.67369258e+05,3.11661841e+03,0.00000000e+00,2.30000000e-01,7.70000070e-01,0.00000000e+00
8.59859860e+01,4.09226133e-01,3.24159691e+03,3.67636710e+05,3.11633833e+03,0.00000000e+00,2.30000000e-01,7.69999978e-01,0.00000000e+00
8.60860861e+01,4.09645197e-01,3.24254300e+03,3.67992062e+05,3.11615996e+03,0.00000000e+00,2.30000000e-01,7.69999823e-01,0.00000000e+00
8.61861862e+01,4.10156012e-01,3.24370068e+03,3.68444611e+05,3.11610670e+03,0.00000000e+00,2.30000000e-01,7.69999748e-01,0.00000000e+00
8.62862863e+01,4.10771800e-01,3.24508244e+03,3.69002682e+05,3.11614801e+03,0.00000000e+00,2.30000000e-01,7.69999784e-01,0.00000000e+00
8.63863864e+01,4.11504559e-01,3.24669636e+03,3.69670287e+05,3.11622653e+03,0.00000000e+00,2.30000000e-01,7.69999898e-01,0.00000000e+00
8.64864865e+01,4.12360361e-01,3.24854499e+03,3.70446904e+05,3.11629185e+03,0.00000000e+00,2.30000000e-01,7.70000032e-01,0.00000000e+00
8.65865866e+01,4.13338105e-01,3.25062333e+03,3.71328471e+05,3.11631839e+03,0.00000000e+00,2.30000000e-01,7.70000138e-01,0.00000000e+00
8.66866867e+01,4.14431034e-01,3.25291888e+03,3.72308328e+05,3.11630156e+03,0.00000000e+00,2.30000000e-01,7.70000188e-01,0.00000000e+00
8.67867868e+01,4.15629795e-01,3.25541353e+03,3.73378064e+05,3.11624164e+03,0.00000000e+00,2.30000000e-01,7.70000181e-01,0.00000000e+00
8.68868869e+01,4.16925592e-01,3.25808613e+03,3.74528517e+05,3.11612848e+03,0.00000000e+00,2.30000000e-01,7.70000136e-01,0.00000000e+00
8.69869870e+01,4.18312309e-01,3.26091497e+03,3.75750921e+05,3.11593548e+03,0.00000000e+00,2.30000000e-01,7.70000077e-01,0.00000000e+00
8.70870871e+01,4.19787139e-01,3.26387991e+03,3.77037927e+05,3.11562355e+03,0.00000000e+00,2.30000000e-01,7.70000026e-01,0.00000000e+00
8.71871872e+01,4.21350040e-01,3.26696384e+03,3.78384234e+05,3.11515080e+03,0.00000000e+00,2.30000000e-01,7.69999993e-01,0.00000000e+00
8.72872873e+01,4.23002594e-01,3.27015341e+03,3.79786738e+05,3.11448220e+03,0.00000000e+00,2.30000000e-01,7.69999980e-01,0.00000000e+00
8.73873874e+01,4.24746840e-01,3.27343887e+03,3.81244201e+05,3.11359541e+03,0.00000000e+00,2.30000000e-01,7.69999982e-01,0.00000000e+00
8.74874875e+01,4.26584361e-01,3.27681327e+03,3.82756577e+05,3.11248175e+03,0.00000000e+00,2.30000000e-01,7.69999997e-01,0.00000000e+00
8.75875876e+01,4.28515696e-01,3.28027127e+03,3.84324169e+05,3.11114344e+03,0.00000000e+00,2.30000000e-01,7.70000018e-01,0.00000000e+00
8.76876877e+01,4.30540014e-01,3.28380798e+03,3.85946819e+05,3.10958911e+03,0.00000000e+00,2.30000000e-01,7.70000043e-01,0.00000000e+00
8.77877878e+01,4.32655015e-01,3.28741822e+03,3.87623286e+05,3.10782938e+03,0.00000000e+00,2.30000000e-01,7.70000066e-01,0.00000000e+00
8.78878879e+01,4.34857014e-01,3.29109642e+03,3.89350910e+05,3.10587346e+03,0.00000000e+00,2.30000000e-01,7.70000083e-01,0.00000000e+00
8.79879880e+01,4.37141236e-01,3.29483692e+03,3.91125606e+05,3.10372700e+03,0.00000000e+00,2.30000000e-01,7.70000090e-01,0.00000000e+00
8.80880881e+01,4.39502342e-01,3.29863452e+03,3.92942243e+05,3.10139134e+03,0.00000000e+00,2.30000000e-01,7.70000083e-01,0.00000000e+00
8.81881882e+01,4.41935310e-01,3.30248443e+03,3.94795479e+05,3.09886404e+03,0.00000000e+00,2.30000000e-01,7.70000058e-01,0.00000000e+00
8.82882883e+01,4.44436746e-01,3.30638092e+03,3.96681182e+05,3.09614088e+03,0.00000000e+00,2.30000000e-01,7.70000012e-01,0.00000000e+00
8.83883884e+01,4.47006593e-01,3.31031465e+03,3.98598365e+05,3.09321913e+03,0.00000000e+00,2.30000000e-01,7.69999947e-01,0.00000000e+00
8.84884885e+01,4.49649856e-01,3.31426926e+03,4.00551129e+05,3.09010073e+03,0.00000000e+00,2.30000000e-01,7.69999875e-01,0.00000000e+00
8.85885886e+01,4.52377353e-01,3.31822005e+03,4.02549383e+05,3.08679274e+03,0.00000000e+00,2.30000000e-01,7.69999822e-01,0.00000000e+00
8.86886887e+01,4.55204052e-01,3.32213823e+03,4.04606537e+05,3.08330108e+03,0.00000000e+00,2.30000000e-01,7.69999825e-01,0.00000000e+00
8.87887888e+01,4.58143840e-01,3.32600344e+03,4.06732805e+05,3.07961532e+03,0.00000000e+00,2.30000000e-01,7.69999911e-01,0.00000000e+00
8.88888889e+01,4.61201768e-01,3.32982136e+03,4.08925666e+05,3.07568930e+03,0.00000000e+00,2.30000000e-01,7.70000056e-01,0.00000000e+00
8.89889890e+01,4.64368487e-01,3.33363422e+03,4.11163810e+05,3.07143369e+03,0.00000000e+00,2.30000000e-01,7.70000175e-01,0.00000000e+00
8.90890891e+01,4.67623089e-01,3.33750876e+03,4.13412691e+05,3.06673934e+03,0.00000000e+00,2.30000000e-01,7.70000166e-01,0.00000000e+00
8.91891892e+01,4.70946239e-01,3.34149990e+03,4.15643331e+05,3.06153034e+03,0.00000000e+00,2.30000000e-01,7.69999991e-01,0.00000000e+00
8.92892893e+01,4.74336736e-01,3.34561171e+03,4.17853175e+05,3.05580867e+03,0.00000000e+00,2.30000000e-01,7.69999705e-01,0.00000000e+00
8.93893894e+01,4.77821060e-01,3.34978622e+03,4.20069501e+05,3.04961900e+03,0.00000000e+00,2.30000000e-01,7.69998565e-01,0.00000000e+00
8.94894895e+01,4.81445429e-01,3.35390520e+03,4.22332329e+05,3.04295981e+03,0.00000000e+00,2.30000000e-01,7.70000276e-01,0.00000000e+00
8.95895896e+01,4.85049420e-01,3.35775559e+03,4.24611777e+05,3.03665554e+03,0.00000000e+00,2.30000000e-01,7.69999096e-01,0.00000000e+00
8.96896897e+01,4.88437699e-01,3.36171748e+03,4.27002871e+05,3.03257930e+03,0.00000000e+00,2.30000000e-01,7.69996719e-01,0.00000000e+00
8.97897898e+01,4.91545048e-01,3.36588845e+03,4.29588180e+05,3.03165094e+03,0.00000000e+00,2.30000000e-01,7.69997501e-01,0.00000000e+00
8.98898899e+01,4.94185147e-01,3.37004988e+03,4.32254884e+05,3.03416260e+03,0.00000000e+00,2.30000000e-01,7.70001005e-01,0.00000000e+00
8.99899900e+01,4.96218179e-01,3.37392519e+03,4.34853289e+05,3.03988628e+03,0.00000000e+00,2.30000000e-01,7.70004096e-01,0.00000000e+00
9.00900901e+01,4.97696699e-01,3.37752671e+03,4.37369972e+05,3.04839951e+03,0.00000000e+00,2.30000000e-01,7.70003129e-01,0.00000000e+00
9.01901902e+01,4.98848257e-01,3.38120439e+03,4.39910076e+05,3.05905066e+03,0.00000000e+00,2.30000000e-01,7.69995217e-01,0.00000000e+00
9.02902903e+01,4.99829387e-01,3.38548408e+03,4.42629679e+05,3.07193480e+03,0.00000000e+00,2.30000000e-01,7.69990676e-01,0.00000000e+00
9.03903904e+01,5.00339525e-01,3.39049109e+03,4.46791186e+05,3.09758322e+03,0.00000000e+00,2.30000000e-01,7.70013158e-01,0.00000000e+00
9.04904905e+01,5.00105518e-01,3.39336081e+03,4.50192606e+05,3.12265450e+03,0.00000000e+00,2.30000000e-01,7.70004154e-01,0.00000000e+00
9.05905906e+01,4.99412708e-01,3.39708951e+03,4.52156482e+05,3.14063927e+03,0.00000000e+00,2.30000000e-01,7.70000436e-01,0.00000000e+00
9.06906907e+01,4.98501535e-01,3.40113115e+03,4.54147524e+05,3.16023131e+03,0.00000000e+00,2.30000000e-01,7.70001474e-01,0.00000000e+00
9.07907908e+01,4.97364985e-01,3.40483667e+03,4.56765956e+05,3.18572024e+03,0.00000000e+00,2.30000000e-01,7.69999925e-01,0.00000000e+00
9.08908909e+01,4.95922510e-01,3.40870322e+03,4.59767879e+05,3.21598645e+03,0.00000000e+00,2.30000000e-01,7.69999275e-01,0.00000000e+00
9.09909910e+01,4.94291735e-01,3.41234107e+03,4.62106692e+05,3.24298935e+03,0.00000000e+00,2.30000000e-01,7.70005517e-01,0.00000000e+00
9.10910911e+01,4.92232803e-01,3.41501246e+03,4.64597405e+05,3.27409129e+03,0.00000000e+00,2.30000000e-01,7.70010115e-01,0.00000000e+00
9.11911912e+01,4.88981119e-01,3.41730473e+03,4.67554500e+05,3.31684443e+03,0.00000000e+00,2.30000000e-01,7.70009235e-01,0.00000000e+00
9.12912913e+01,4.83799094e-01,3.41993408e+03,4.70418829e+05,3.37292086e+03,0.00000000e+00,2.30000000e-01,7.70005758e-01,0.00000000e+00
9.13913914e+01,4.76265499e-01,3.42308378e+03,4.73038948e+05,3.44536563e+03,0.00000000e+00,2.30000000e-01,7.70003447e-01,0.00000000e+00
9.14914915e+01,4.66187250e-01,3.42652897e+03,4.75543446e+05,3.53848516e+03,0.00000000e+00,2.30000000e-01,7.70003377e-01,0.00000000e+00
9.15915916e+01,4.53395222e-01,3.43000322e+03,4.78076019e+05,3.65769345e+03,0.00000000e+00,2.30000000e-01,7.70004018e-01,0.00000000e+00
9.16916917e+01,4.37662940e-01,3.43339852e+03,4.80659858e+05,3.80965452e+03,0.00000000e+00,2.30000000e-01,7.70003507e-01,0.00000000e+00
9.17917918e+01,4.18778867e-01,3.43673844e+03,4.83220762e+05,4.00266606e+03,0.00000000e+00,2.30000000e-01,7.70001229e-01,0.00000000e+00
9.18918919e+01,3.96663381e-01,3.44007073e+03,4.85669161e+05,4.24725737e+03,0.00000000e+00,2.30000000e-01,7.69997585e-01,0.00000000e+00
9.19919920e+01,3.71438859e-01,3.44343061e+03,4.87974859e+05,4.55721738e+03,0.00000000e+00,2.30000000e-01,7.69998759e-01,0.00000000e+00
9.20920921e+01,3.43469773e-01,3.44709268e+03,4.90271870e+05,4.95138782e+03,0.00000000e+00,2.30000000e-01,7.70023684e-01,0.00000000e+00
9.21921922e+01,3.15516658e-01,3.45057362e+03,4.92313841e+05,5.41267919e+03,0.00000000e+00,2.30000000e-01,7.69992275e-01,0.00000000e+00
9.22922923e+01,2.91756834e-01,3.45361557e+03,4.93990662e+05,5.87339024e+03,0.00000000e+00,2.30000000e-01,7.69995358e-01,0.00000000e+00
9.23923924e+01,2.71934217e-01,3.45617153e+03,4.95331015e+05,6.31866990e+03,0.00000000e+00,2.30000000e-01,7.69988989e-01,0.00000000e+00
9.24924925e+01,2.55780258e-01,3.45909616e+03,4.96763492e+05,6.73722362e+03,0.00000000e+00,2.30000000e-01,7.69979352e-01,0.00000000e+00
9.25925926e+01,2.42879089e-01,3.46276608e+03,4.98449148e+05,7.11911993e+03,0.00000000e+00,2.30000000e-01,7.69985470e-01,0.00000000e+00
9.26926927e+01,2.32591274e-01,3.46602079e+03,4.99869157e+05,7.45510873e+03,0.00000000e+00,2.30000000e-01,7.69995575e-01,0.00000000e+00
9.27927928e+01,2.24425817e-01,3.46841298e+03,5.00852192e+05,7.74161237e+03,0.00000000e+00,2.30000000e-01,7.69987524e-01,0.00000000e+00
9.28928929e+01,2.18141689e-01,3.47125385e+03,5.01998512e+05,7.98292492e+03,0.00000000e+00,2.30000000e-01,7.69979408e-01,0.00000000e+00
9.29929930e+01,2.13353179e-01,3.47496551e+03,5.03460619e+05,8.18574937e+03,0.00000000e+00,2.30000000e-01,7.69993342e-01,0.00000000e+00
9.30930931e+01,2.09540541e-01,3.47797418e+03,5.04618913e+05,8.35373603e+03,0.00000000e+00,2.30000000e-01,7.70008491e-01,0.00000000e+00
9.31931932e+01,2.06493703e-01,3.47984800e+03,5.05338183e+05,8.48915933e+03,0.00000000e+00,2.30000000e-01,7.69999325e-01,0.00000000e+00
9.32932933e+01,2.04334557e-01,3.48239089e+03,5.06323774e+05,8.59571679e+03,0.00000000e+00,2.30000000e-01,7.69985420e-01,0.00000000e+00
9.33933934e+01,2.03048256e-01,3.48605759e+03,5.07700660e+05,8.67365154e+03,0.00000000e+00,2.30000000e-01,7.69990103e-01,0.00000000e+00
9.34934935e+01,2.02335710e-01,3.48916786e+03,5.08766987e+05,8.72242314e+03,0.00000000e+00,2.30000000e-01,7.69996230e-01,0.00000000e+00
9.35935936e+01,2.01911902e-01,3.49163212e+03,5.09682377e+05,8.75644125e+03,0.00000000e+00,2.30000000e-01,7.69998075e-01,0.00000000e+00
9.36936937e+01,2.01640684e-01,3.49388916e+03,5.10593070e+05,8.78388157e+03,0.00000000e+00,2.30000000e-01,7.69998573e-01,0.00000000e+00
9.37937938e+01,2.01457435e-01,3.49611390e+03,5.11505512e+05,8.80758232e+03,0.00000000e+00,2.30000000e-01,7.69998630e-01,0.00000000e+00
9.38938939e+01,2.01318895e-01,3.49837338e+03,5.12435613e+05,8.82966264e+03,0.00000000e+00,2.30000000e-01,7.69999409e-01,0.00000000e+00
9.39939940e+01,2.01196663e-01,3.50064632e+03,5.13401389e+05,8.85167762e+03,0.00000000e+00,2.30000000e-01,7.69999459e-01,0.00000000e+00
9.40940941e+01,2.01097164e-01,3.50293192e+03,5.14355025e+05,8.87250544e+03,0.00000000e+00,2.30000000e-01,7.69999656e-01,0.00000000e+00
9.41941942e+01,2.01031943e-01,3.50520008e+03,5.15263434e+05,8.89105575e+03,0.00000000e+00,2.30000000e-01,7.70000002e-01,0.00000000e+00
9.42942943e+01,2.01003809e-01,3.50741378e+03,5.16101158e+05,8.90675537e+03,0.00000000e+00,2.30000000e-01,7.70000229e-01,0.00000000e+00
9.43943944e+01,2.01004168e-01,3.50960772e+03,5.16868697e+05,8.91998813e+03,0.00000000e+00,2.30000000e-01,7.69999938e-01,0.00000000e+00
9.44944945e+01,2.01033255e-01,3.51180925e+03,5.17628151e+05,8.93179960e+03,0.00000000e+00,2.30000000e-01,7.70000204e-01,0.00000000e+00
9.45945946e+01,2.01091869e-01,3.51390864e+03,5.18411074e+05,8.94270649e+03,0.00000000e+00,2.30000000e-01,7.69999692e-01,0.00000000e+00
9.46946947e+01,2.01173204e-01,3.51599560e+03,5.19209795e+05,8.95285702e+03,0.00000000e+00,2.30000000e-01,7.70000391e-01,0.00000000e+00
9.47947948e+01,2.01258953e-01,3.51790396e+03,5.19939384e+05,8.96161440e+03,0.00000000e+00,2.30000000e-01,7.70000747e-01,0.00000000e+00
9.48948949e+01,2.01328957e-01,3.51968809e+03,5.20625121e+05,8.97032017e+03,0.00000000e+00,2.30000000e-01,7.70000024e-01,0.00000000e+00
9.49949950e+01,2.01398074e-01,3.52145848e+03,5.21307774e+05,8.97900947e+03,0.00000000e+00,2.30000000e-01,7.69998966e-01,0.00000000e+00
9.50950951e+01,2.01475449e-01,3.52325389e+03,5.22001621e+05,8.98749603e+03,0.00000000e+00,2.30000000e-01,7.70000195e-01,0.00000000e+00
9.51951952e+01,2.01547403e-01,3.52487852e+03,5.22627676e+05,8.99505717e+03,0.00000000e+00,2.30000000e-01,7.70000782e-01,0.00000000e+00
9.52952953e+01,2.01604434e-01,3.52634194e+03,5.23190033e+05,9.00219538e+03,0.00000000e+00,2.30000000e-01,7.70000061e-01,0.00000000e+00
9.53953954e+01,2.01660386e-01,3.52777251e+03,5.23739807e+05,9.00916505e+03,0.00000000e+00,2.30000000e-01,7.69998940e-01,0.00000000e+00
9.54954955e+01,2.01726143e-01,3.52921534e+03,5.24295806e+05,9.01578133e+03,0.00000000e+00,2.30000000e-01,7.69999796e-01,0.00000000e+00
9.55955956e+01,2.01788502e-01,3.53046503e+03,5.24781768e+05,9.02134181e+03,0.00000000e+00,2.30000000e-01,7.70000590e-01,0.00000000e+00
9.56956957e+01,2.01828407e-01,3.53150124e+03,5.25182544e+05,9.02644580e+03,0.00000000e+00,2.30000000e-01,7.70000653e-01,0.00000000e+00
9.57957958e+01,2.01856086e-01,3.53240272e+03,5.25530641e+05,9.03119608e+03,0.00000000e+00,2.30000000e-01,7.70000008e-01,0.00000000e+00
9.58958959e+01,2.01883368e-01,3.53328945e+03,5.25873294e+05,9.03586989e+03,0.00000000e+00,2.30000000e-01,7.69999299e-01,0.00000000e+00
9.59959960e+01,2.01916382e-01,3.53414931e+03,5.26201651e+05,9.04002562e+03,0.00000000e+00,2.30000000e-01,7.70000155e-01,0.00000000e+00
9.60960961e+01,2.01942110e-01,3.53488259e+03,5.26484066e+05,9.04372718e+03,0.00000000e+00,2.30000000e-01,7.69999932e-01,0.00000000e+00
9.61961962e+01,2.01957992e-01,3.53552331e+03,5.26730857e+05,9.04725483e+03,0.00000000e+00,2.30000000e-01,7.69999943e-01,0.00000000e+00
9.62962963e+01,2.01964237e-01,3.53604388e+03,5.26935608e+05,9.05048777e+03,0.00000000e+00,2.30000000e-01,7.70000377e-01,0.00000000e+00
9.63963964e+01,2.01960086e-01,3.53641338e+03,5.27089400e+05,9.05331802e+03,0.00000000e+00,2.30000000e-01,7.70000088e-01,0.00000000e+00
9.64964965e+01,2.01949052e-01,3.53674483e+03,5.27214487e+05,9.05596060e+03,0.00000000e+00,2.30000000e-01,7.70000161e-01,0.00000000e+00
9.65965966e+01,2.01934684e-01,3.53703231e+03,5.27317059e+05,9.05836640e+03,0.00000000e+00,2.30000000e-01,7.70000222e-01,0.00000000e+00
9.66966967e+01,2.01918209e-01,3.53725652e+03,5.27391283e+05,9.06038045e+03,0.00000000e+00,2.30000000e-01,7.70000240e-01,0.00000000e+00
9.67967968e+01,2.01895358e-01,3.53740631e+03,5.27447493e+05,9.06237517e+03,0.00000000e+00,2.30000000e-01,7.69999866e-01,0.00000000e+00
9.68968969e+01,2.01866636e-01,3.53753490e+03,5.27501467e+05,9.06459324e+03,0.00000000e+00,2.30000000e-01,7.69999746e-01,0.00000000e+00
9.69969970e+01,2.01839632e-01,3.53764733e+03,5.27545120e+05,9.06655400e+03,0.00000000e+00,2.30000000e-01,7.69999980e-01,0.00000000e+00
9.70970971e+01,2.01814629e-01,3.53773807e+03,5.27579563e+05,9.06826886e+03,0.00000000e+00,2.30000000e-01,7.70000028e-01,0.00000000e+00
9.71971972e+01,2.01790196e-01,3.53780776e+03,5.27605905e+05,9.06981909e+03,0.00000000e+00,2.30000000e-01,7.70000091e-01,0.00000000e+00
9.72972973e+01,2.01764955e-01,3.53784097e+03,5.27619330e+05,9.07118435e+03,0.00000000e+00,2.30000000e-01,7.70000111e-01,0.00000000e+00
9.73973974e+01,2.01736569e-01,3.53782516e+03,5.27614167e+05,9.07237250e+03,0.00000000e+00,2.30000000e-01,7.70000054e-01,0.00000000e+00
9.74974975e+01,2.01703592e-01,3.53775622e+03,5.27586791e+05,9.07338573e+03,0.00000000e+00,2.30000000e-01,7.69999972e-01,0.00000000e+00
9.75975976e+01,2.01666546e-01,3.53763437e+03,5.27537822e+05,9.07421073e+03,0.00000000e+00,2.30000000e-01,7.69999912e-01,0.00000000e+00
9.76976977e+01,2.01627371e-01,3.53746500e+03,5.27471118e+05,9.07482590e+03,0.00000000e+00,2.30000000e-01,7.69999945e-01,0.00000000e+00
9.77977978e+01,2.01588110e-01,3.53725527e+03,5.27390514e+05,9.07520531e+03,0.00000000e+00,2.30000000e-01,7.70000048e-01,0.00000000e+00
9.78978979e+01,2.01550547e-01,3.53702165e+03,5.27297490e+05,9.07529600e+03,0.00000000e+00,2.30000000e-01,7.70000011e-01,0.00000000e+00
9.79979980e+01,2.01516185e-01,3.53680466e+03,5.27209733e+05,9.07533244e+03,0.00000000e+00,2.30000000e-01,7.70000054e-01,0.00000000e+00
9.80980981e+01,2.01485427e-01,3.53660551e+03,5.27130493e+05,9.07535350e+03,0.00000000e+00,2.30000000e-01,7.70000068e-01,0.00000000e+00
9.81981982e+01,2.01459346e-01,3.53642899e+03,5.27061767e+05,9.07534544e+03,0.00000000e+00,2.30000000e-01,7.70000022e-01,0.00000000e+00
9.82982983e+01,2.01439046e-01,3.53628817e+03,5.27007601e+05,9.07532766e+03,0.00000000e+00,2.30000000e-01,7.69999976e-01,0.00000000e+00
9.83983984e+01,2.01424741e-01,3.53619181e+03,5.26969650e+05,9.07531900e+03,0.00000000e+00,2.30000000e-01,7.69999933e-01,0.00000000e+00
9.84984985e+01,2.01415999e-01,3.53613837e+03,5.26947388e+05,9.07532973e+03,0.00000000e+00,2.30000000e-01,7.69999909e-01,0.00000000e+00
9.85985986e+01,2.01411737e-01,3.53611699e+03,5.26937570e+05,9.07535260e+03,0.00000000e+00,2.30000000e-01,7.69999915e-01,0.00000000e+00
9.86986987e+01,2.01410282e-01,3.53611425e+03,5.26934865e+05,9.07537124e+03,0.00000000e+00,2.30000000e-01,7.69999950e-01,0.00000000e+00
9.87987988e+01,2.01409994e-01,3.53611840e+03,5.26934399e+05,9.07537604e+03,0.00000000e+00,2.30000000e-01,7.69999965e-01,0.00000000e+00
9.88988989e+01,2.01410293e-01,3.53612827e+03,5.26934839e+05,9.07537035e+03,0.00000000e+00,2.30000000e-01,7.69999947e-01,0.00000000e+00
9.89989990e+01,2.01412227e-01,3.53614903e+03,5.26938849e+05,9.07535344e+03,0.00000000e+00,2.30000000e-01,7.69999819e-01,0.00000000e+00
9.90990991e+01,2.01416934e-01,3.53617791e+03,5.26952075e+05,9.07536574e+03,0.00000000e+00,2.30000000e-01,7.70000182e-01,0.00000000e+00
9.91991992e+01,2.01419666e-01,3.53617958e+03,5.26959920e+05,9.07537768e+03,0.00000000e+00,2.30000000e-01,7.70000191e-01,0.00000000e+00
9.92992993e+01,2.01418908e-01,3.53615238e+03,5.26957574e+05,9.07536836e+03,0.00000000e+00,2.30000000e-01,7.70000523e-01,0.00000000e+00
9.93993994e+01,2.01407381e-01,3.53604499e+03,5.26918357e+05,9.07520335e+03,0.00000000e+00,2.30000000e-01,7.70001480e-01,0.00000000e+00
9.94994995e+01,2.01360245e-01,3.53564732e+03,5.26755729e+05,9.07449745e+03,0.00000000e+00,2.30000000e-01,7.70004549e-01,0.00000000e+00
9.95995996e+01,2.01206076e-01,3.53423376e+03,5.26215425e+05,9.07205449e+03,0.00000000e+00,2.30000000e-01,7.70013225e-01,0.00000000e+00
9.96996997e+01,2.00625316e-01,3.53169012e+03,5.22509584e+05,9.03514810e+03,0.00000000e+00,2.30000000e-01,7.69915755e-01,0.00000000e+00
9.97997998e+01,2.52916991e-01,2.77877487e+03,8.53345088e+05,1.17068639e+04,0.00000000e+00,2.31881577e-01,7.68118423e-01,0.00000000e+00
9.98998999e+01,4.76305934e-01,6.93529814e+02,2.38321834e+06,1.73546093e+04,0.00000000e+00,2.29064850e-01,7.70935150e-01,0.00000000e+00
1.00000000e+02,4.76305934e-01,-6.93529814e+02,2.38321834e+06,1.73546093e+04,0.00000000e+00,2.29064850e-01,7.70935150e-01,0.00000000e+00
