# x(m), rho(kg/m3), u(m/s), p(Pa), T(K), Y_H2, Y_O2, Y_N2, Y_H2O
0.00000000e+00,5.80300589e+00,-0.00000000e+00,3.00000000e+06,6.00000000e+02,1.50000000e-01,2.50000000e-01,6.00000000e-01,0.00000000e+00
1.00100100e-01,5.80300589e+00,0.00000000e+00,3.00000000e+06,6.00000000e+02,1.50000000e-01,2.50000000e-01,6.00000000e-01,0.00000000e+00
2.00200200e-01,5.80300589e+00,0.00000000e+00,3.00000000e+06,6.00000000e+02,1.50000000e-01,2.50000000e-01,6.00000000e-01,0.00000000e+00
3.00300300e-01,5.80300589e+00,0.00000000e+00,3.00000000e+06,6.00000000e+02,1.50000000e-01,2.50000000e-01,6.00000000e-01,0.00000000e+00
4.00400400e-01,5.80300589e+00,0.00000000e+00,3.00000000e+06,6.00000000e+02,1.50000000e-01,2.50000000e-01,6.00000000e-01,0.00000000e+00
5.00500501e-01,5.80300589e+00,0.00000000e+00,3.00000000e+06,6.00000000e+02,1.50000000e-01,2.50000000e-01,6.00000000e-01,0.00000000e+00
6.00600601e-01,5.80300589e+00,0.00000000e+00,3.00000000e+06,6.00000000e+02,1.50000000e-01,2.50000000e-01,6.00000000e-01,0.00000000e+00
7.00700701e-01,5.80300589e+00,0.00000000e+00,3.00000000e+06,6.00000000e+02,1.50000000e-01,2.50000000e-01,6.00000000e-01,0.00000000e+00
8.00800801e-01,5.80300589e+00,0.00000000e+00,3.00000000e+06,6.00000000e+02,1.50000000e-01,2.50000000e-01,6.00000000e-01,0.00000000e+00
9.00900901e-01,5.80300589e+00,0.00000000e+00,3.00000000e+06,6.00000000e+02,1.50000000e-01,2.50000000e-01,6.00000000e-01,0.00000000e+00
1.00100100e+00,5.80300589e+00,0.00000000e+00,3.00000000e+06,6.00000000e+02,1.50000000e-01,2.50000000e-01,6.00000000e-01,0.00000000e+00
1.10110110e+00,5.80300589e+00,0.00000000e+00,3.00000000e+06,6.00000000e+02,1.50000000e-01,2.50000000e-01,6.00000000e-01,0.00000000e+00
1.20120120e+00,5.80300589e+00,0.00000000e+00,3.00000000e+06,6.00000000e+02,1.50000000e-01,2.50000000e-01,6.00000000e-01,0.00000000e+00
1.30130130e+00,5.80300589e+00,0.00000000e+00,3.00000000e+06,6.00000000e+02,1.50000000e-01,2.50000000e-01,6.00000000e-01,0.00000000e+00
1.40140140e+00,5.80300589e+00,0.00000000e+00,3.00000000e+06,6.00000000e+02,1.50000000e-01,2.50000000e-01,6.00000000e-01,0.00000000e+00
1.50150150e+00,5.80300589e+00,0.00000000e+00,3.00000000e+06,6.00000000e+02,1.50000000e-01,2.50000000e-01,6.00000000e-01,0.00000000e+00
1.60160160e+00,5.80300589e+00,0.00000000e+00,3.00000000e+06,6.00000000e+02,1.50000000e-01,2.50000000e-01,6.00000000e-01,0.00000000e+00
1.70170170e+00,5.80300589e+00,0.00000000e+00,3.00000000e+06,6.00000000e+02,1.50000000e-01,2.50000000e-01,6.00000000e-01,0.00000000e+00
1.80180180e+00,5.80300589e+00,0.00000000e+00,3.00000000e+06,6.00000000e+02,1.50000000e-01,2.50000000e-01,6.00000000e-01,0.00000000e+00
1.90190190e+00,5.80300589e+00,0.00000000e+00,3.00000000e+06,6.00000000e+02,1.50000000e-01,2.50000000e-01,6.00000000e-01,0.00000000e+00
2.00200200e+00,5.80300589e+00,0.00000000e+00,3.00000000e+06,6.00000000e+02,1.50000000e-01,2.50000000e-01,6.00000000e-01,0.00000000e+00
2.10210210e+00,5.80300589e+00,0.00000000e+00,3.00000000e+06,6.00000000e+02,1.50000000e-01,2.50000000e-01,6.00000000e-01,0.00000000e+00
2.20220220e+00,5.80300589e+00,0.00000000e+00,3.00000000e+06,6.00000000e+02,1.50000000e-01,2.50000000e-01,6.00000000e-01,0.00000000e+00
2.30230230e+00,5.80300589e+00,0.00000000e+00,3.00000000e+06,6.00000000e+02,1.50000000e-01,2.50000000e-01,6.00000000e-01,0.00000000e+00
2.40240240e+00,5.80300589e+00,0.00000000e+00,3.00000000e+06,6.00000000e+02,1.50000000e-01,2.50000000e-01,6.00000000e-01,0.00000000e+00
2.50250250e+00,5.80300589e+00,0.00000000e+00,3.00000000e+06,6.00000000e+02,1.50000000e-01,2.50000000e-01,6.00000000e-01,0.00000000e+00
2.60260260e+00,5.80300589e+00,0.00000000e+00,3.00000000e+06,6.00000000e+02,1.50000000e-01,2.50000000e-01,6.00000000e-01,0.00000000e+00
2.70270270e+00,5.80300589e+00,0.00000000e+00,3.00000000e+06,6.00000000e+02,1.50000000e-01,2.50000000e-01,6.00000000e-01,0.00000000e+00
2.80280280e+00,5.80300589e+00,0.00000000e+00,3.00000000e+06,6.00000000e+02,1.50000000e-01,2.50000000e-01,6.00000000e-01,0.00000000e+00
2.90290290e+00,5.80300589e+00,0.00000000e+00,3.00000000e+06,6.00000000e+02,1.50000000e-01,2.50000000e-01,6.00000000e-01,0.00000000e+00
3.00300300e+00,5.80300589e+00,0.00000000e+00,3.00000000e+06,6.00000000e+02,1.50000000e-01,2.50000000e-01,6.00000000e-01,0.00000000e+00
3.10310310e+00,5.80300589e+00,0.00000000e+00,3.00000000e+06,6.00000000e+02,1.50000000e-01,2.50000000e-01,6.00000000e-01,0.00000000e+00
3.20320320e+00,5.80300589e+00,0.00000000e+00,3.00000000e+06,6.00000000e+02,1.50000000e-01,2.50000000e-01,6.00000000e-01,0.00000000e+00
3.30330330e+00,5.80300589e+00,0.00000000e+00,3.00000000e+06,6.00000000e+02,1.50000000e-01,2.50000000e-01,6.00000000e-01,0.00000000e+00
3.40340340e+00,5.80300589e+00,0.00000000e+00,3.00000000e+06,6.00000000e+02,1.50000000e-01,2.50000000e-01,6.00000000e-01,0.00000000e+00
3.50350350e+00,5.80300589e+00,0.00000000e+00,3.00000000e+06,6.00000000e+02,1.50000000e-01,2.50000000e-01,6.00000000e-01,0.00000000e+00
3.60360360e+00,5.80300589e+00,0.00000000e+00,3.00000000e+06,6.00000000e+02,1.50000000e-01,2.50000000e-01,6.00000000e-01,0.00000000e+00
3.70370370e+00,5.80300589e+00,0.00000000e+00,3.00000000e+06,6.00000000e+02,1.50000000e-01,2.50000000e-01,6.00000000e-01,0.00000000e+00
3.80380380e+00,5.80300589e+00,0.00000000e+00,3.00000000e+06,6.00000000e+02,1.50000000e-01,2.50000000e-01,6.00000000e-01,0.00000000e+00
3.90390390e+00,5.80300589e+00,0.00000000e+00,3.00000000e+06,6.00000000e+02,1.50000000e-01,2.50000000e-01,6.00000000e-01,0.00000000e+00
4.00400400e+00,5.80300589e+00,0.00000000e+00,3.00000000e+06,6.00000000e+02,1.50000000e-01,2.50000000e-01,6.00000000e-01,0.00000000e+00
4.10410410e+00,5.80300589e+00,0.00000000e+00,3.00000000e+06,6.00000000e+02,1.50000000e-01,2.50000000e-01,6.00000000e-01,0.00000000e+00
4.20420420e+00,5.80300589e+00,0.00000000e+00,3.00000000e+06,6.00000000e+02,1.50000000e-01,2.50000000e-01,6.00000000e-01,0.00000000e+00
4.30430430e+00,5.80300589e+00,0.00000000e+00,3.00000000e+06,6.00000000e+02,1.50000000e-01,2.50000000e-01,6.00000000e-01,0.00000000e+00
4.40440440e+00,5.80300589e+00,0.00000000e+00,3.00000000e+06,6.00000000e+02,1.50000000e-01,2.50000000e-01,6.00000000e-01,0.00000000e+00
4.50450450e+00,5.80300589e+00,0.00000000e+00,3.00000000e+06,6.00000000e+02,1.50000000e-01,2.50000000e-01,6.00000000e-01,0.00000000e+00
4.60460460e+00,5.80300589e+00,0.00000000e+00,3.00000000e+06,6.00000000e+02,1.50000000e-01,2.50000000e-01,6.00000000e-01,0.00000000e+00
4.70470470e+00,5.80300589e+00,0.00000000e+00,3.00000000e+06,6.00000000e+02,1.50000000e-01,2.50000000e-01,6.00000000e-01,0.00000000e+00
4.80480480e+00,5.80300589e+00,0.00000000e+00,3.00000000e+06,6.00000000e+02,1.50000000e-01,2.50000000e-01,6.00000000e-01,0.00000000e+00
4.90490490e+00,5.80300589e+00,0.00000000e+00,3.00000000e+06,6.00000000e+02,1.50000000e-01,2.50000000e-01,6.00000000e-01,0.00000000e+00
5.00500501e+00,5.80300589e+00,0.00000000e+00,3.00000000e+06,6.00000000e+02,1.50000000e-01,2.50000000e-01,6.00000000e-01,0.00000000e+00
5.10510511e+00,5.80300589e+00,0.00000000e+00,3.00000000e+06,6.00000000e+02,1.50000000e-01,2.50000000e-01,6.00000000e-01,0.00000000e+00
5.20520521e+00,5.80300589e+00,0.00000000e+00,3.00000000e+06,6.00000000e+02,1.50000000e-01,2.50000000e-01,6.00000000e-01,0.00000000e+00
5.30530531e+00,5.80300589e+00,0.00000000e+00,3.00000000e+06,6.00000000e+02,1.50000000e-01,2.50000000e-01,6.00000000e-01,0.00000000e+00
5.40540541e+00,5.80300589e+00,0.00000000e+00,3.00000000e+06,6.00000000e+02,1.50000000e-01,2.50000000e-01,6.00000000e-01,0.00000000e+00
5.50550551e+00,5.80300589e+00,0.00000000e+00,3.00000000e+06,6.00000000e+02,1.50000000e-01,2.50000000e-01,6.00000000e-01,0.00000000e+00
5.60560561e+00,5.80300589e+00,0.00000000e+00,3.00000000e+06,6.00000000e+02,1.50000000e-01,2.50000000e-01,6.00000000e-01,0.00000000e+00
5.70570571e+00,5.80300589e+00,0.00000000e+00,3.00000000e+06,6.00000000e+02,1.50000000e-01,2.50000000e-01,6.00000000e-01,0.00000000e+00
5.80580581e+00,5.80300589e+00,0.00000000e+00,3.00000000e+06,6.00000000e+02,1.50000000e-01,2.50000000e-01,6.00000000e-01,0.00000000e+00
5.90590591e+00,5.80300589e+00,0.00000000e+00,3.00000000e+06,6.00000000e+02,1.50000000e-01,2.50000000e-01,6.00000000e-01,0.00000000e+00
6.00600601e+00,5.80300589e+00,0.00000000e+00,3.00000000e+06,6.00000000e+02,1.50000000e-01,2.50000000e-01,6.00000000e-01,0.00000000e+00
6.10610611e+00,5.80300589e+00,0.00000000e+00,3.00000000e+06,6.00000000e+02,1.50000000e-01,2.50000000e-01,6.00000000e-01,0.00000000e+00
6.20620621e+00,5.80300589e+00,0.00000000e+00,3.00000000e+06,6.00000000e+02,1.50000000e-01,2.50000000e-01,6.00000000e-01,0.00000000e+00
6.30630631e+00,5.80300589e+00,0.00000000e+00,3.00000000e+06,6.00000000e+02,1.50000000e-01,2.50000000e-01,6.00000000e-01,0.00000000e+00
6.40640641e+00,5.80300589e+00,0.00000000e+00,3.00000000e+06,6.00000000e+02,1.50000000e-01,2.50000000e-01,6.00000000e-01,0.00000000e+00
6.50650651e+00,5.80300589e+00,0.00000000e+00,3.00000000e+06,6.00000000e+02,1.50000000e-01,2.50000000e-01,6.00000000e-01,0.00000000e+00
6.60660661e+00,5.80300589e+00,0.00000000e+00,3.00000000e+06,6.00000000e+02,1.50000000e-01,2.50000000e-01,6.00000000e-01,0.00000000e+00
6.70670671e+00,5.80300589e+00,0.00000000e+00,3.00000000e+06,6.00000000e+02,1.50000000e-01,2.50000000e-01,6.00000000e-01,0.00000000e+00
6.80680681e+00,5.80300589e+00,0.00000000e+00,3.00000000e+06,6.00000000e+02,1.50000000e-01,2.50000000e-01,6.00000000e-01,0.00000000e+00
6.90690691e+00,5.80300589e+00,0.00000000e+00,3.00000000e+06,6.00000000e+02,1.50000000e-01,2.50000000e-01,6.00000000e-01,0.00000000e+00
7.00700701e+00,5.80300589e+00,0.00000000e+00,3.00000000e+06,6.00000000e+02,1.50000000e-01,2.50000000e-01,6.00000000e-01,0.00000000e+00
7.10710711e+00,5.80300589e+00,0.00000000e+00,3.00000000e+06,6.00000000e+02,1.50000000e-01,2.50000000e-01,6.00000000e-01,0.00000000e+00
7.20720721e+00,5.80300589e+00,0.00000000e+00,3.00000000e+06,6.00000000e+02,1.50000000e-01,2.50000000e-01,6.00000000e-01,0.00000000e+00
7.30730731e+00,5.80300589e+00,0.00000000e+00,3.00000000e+06,6.00000000e+02,1.50000000e-01,2.50000000e-01,6.00000000e-01,0.00000000e+00
7.40740741e+00,5.80300589e+00,0.00000000e+00,3.00000000e+06,6.00000000e+02,1.50000000e-01,2.50000000e-01,6.00000000e-01,0.00000000e+00
7.50750751e+00,5.80300589e+00,0.00000000e+00,3.00000000e+06,6.00000000e+02,1.50000000e-01,2.50000000e-01,6.00000000e-01,0.00000000e+00
7.60760761e+00,5.80300589e+00,0.00000000e+00,3.00000000e+06,6.00000000e+02,1.50000000e-01,2.50000000e-01,6.00000000e-01,0.00000000e+00
7.70770771e+00,5.80300589e+00,0.00000000e+00,3.00000000e+06,6.00000000e+02,1.50000000e-01,2.50000000e-01,6.00000000e-01,0.00000000e+00
7.80780781e+00,5.80300589e+00,0.00000000e+00,3.00000000e+06,6.00000000e+02,1.50000000e-01,2.50000000e-01,6.00000000e-01,0.00000000e+00
7.90790791e+00,5.80300589e+00,0.00000000e+00,3.00000000e+06,6.00000000e+02,1.50000000e-01,2.50000000e-01,6.00000000e-01,0.00000000e+00
8.00800801e+00,5.80300589e+00,0.00000000e+00,3.00000000e+06,6.00000000e+02,1.50000000e-01,2.50000000e-01,6.00000000e-01,0.00000000e+00
8.10810811e+00,5.80300589e+00,0.00000000e+00,3.00000000e+06,6.00000000e+02,1.50000000e-01,2.50000000e-01,6.00000000e-01,0.00000000e+00
8.20820821e+00,5.80300589e+00,0.00000000e+00,3.00000000e+06,6.00000000e+02,1.50000000e-01,2.50000000e-01,6.00000000e-01,0.00000000e+00
8.30830831e+00,5.80300589e+00,0.00000000e+00,3.00000000e+06,6.00000000e+02,1.50000000e-01,2.50000000e-01,6.00000000e-01,0.00000000e+00
8.40840841e+00,5.80300589e+00,0.00000000e+00,3.00000000e+06,6.00000000e+02,1.50000000e-01,2.50000000e-01,6.00000000e-01,0.00000000e+00
8.50850851e+00,5.80300589e+00,0.00000000e+00,3.00000000e+06,6.00000000e+02,1.50000000e-01,2.50000000e-01,6.00000000e-01,0.00000000e+00
8.60860861e+00,5.80300589e+00,0.00000000e+00,3.00000000e+06,6.00000000e+02,1.50000000e-01,2.50000000e-01,6.00000000e-01,0.00000000e+00
8.70870871e+00,5.80300589e+00,0.00000000e+00,3.00000000e+06,6.00000000e+02,1.50000000e-01,2.50000000e-01,6.00000000e-01,0.00000000e+00
8.80880881e+00,5.80300589e+00,0.00000000e+00,3.00000000e+06,6.00000000e+02,1.50000000e-01,2.50000000e-01,6.00000000e-01,0.00000000e+00
8.90890891e+00,5.80300589e+00,0.00000000e+00,3.00000000e+06,6.00000000e+02,1.50000000e-01,2.50000000e-01,6.00000000e-01,0.00000000e+00
9.00900901e+00,5.80300589e+00,0.00000000e+00,3.00000000e+06,6.00000000e+02,1.50000000e-01,2.50000000e-01,6.00000000e-01,0.00000000e+00
9.10910911e+00,5.80300589e+00,0.00000000e+00,3.00000000e+06,6.00000000e+02,1.50000000e-01,2.50000000e-01,6.00000000e-01,0.00000000e+00
9.20920921e+00,5.80300589e+00,0.00000000e+00,3.00000000e+06,6.00000000e+02,1.50000000e-01,2.50000000e-01,6.00000000e-01,0.00000000e+00
9.30930931e+00,5.80300589e+00,0.00000000e+00,3.00000000e+06,6.00000000e+02,1.50000000e-01,2.50000000e-01,6.00000000e-01,0.00000000e+00
9.40940941e+00,5.80300589e+00,0.00000000e+00,3.00000000e+06,6.00000000e+02,1.50000000e-01,2.50000000e-01,6.00000000e-01,0.00000000e+00
9.50950951e+00,5.80300589e+00,0.00000000e+00,3.00000000e+06,6.00000000e+02,1.50000000e-01,2.50000000e-01,6.00000000e-01,0.00000000e+00
9.60960961e+00,5.80300589e+00,0.00000000e+00,3.00000000e+06,6.00000000e+02,1.50000000e-01,2.50000000e-01,6.00000000e-01,0.00000000e+00
9.70970971e+00,5.80300589e+00,0.00000000e+00,3.00000000e+06,6.00000000e+02,1.50000000e-01,2.50000000e-01,6.00000000e-01,0.00000000e+00
9.80980981e+00,5.80300589e+00,0.00000000e+00,3.00000000e+06,6.00000000e+02,1.50000000e-01,2.50000000e-01,6.00000000e-01,0.00000000e+00
9.90990991e+00,5.80300589e+00,0.00000000e+00,3.00000000e+06,6.00000000e+02,1.50000000e-01,2.50000000e-01,6.00000000e-01,0.00000000e+00
1.00100100e+01,5.80300589e+00,0.00000000e+00,3.00000000e+06,6.00000000e+02,1.50000000e-01,2.50000000e-01,6.00000000e-01,0.00000000e+00
1.01101101e+01,5.80300589e+00,0.00000000e+00,3.00000000e+06,6.00000000e+02,1.50000000e-01,2.50000000e-01,6.00000000e-01,0.00000000e+00
1.02102102e+01,5.80300589e+00,0.00000000e+00,3.00000000e+06,6.00000000e+02,1.50000000e-01,2.50000000e-01,6.00000000e-01,0.00000000e+00
1.03103103e+01,5.80300589e+00,0.00000000e+00,3.00000000e+06,6.00000000e+02,1.50000000e-01,2.50000000e-01,6.00000000e-01,0.00000000e+00
1.04104104e+01,5.80300589e+00,0.00000000e+00,3.00000000e+06,6.00000000e+02,1.50000000e-01,2.50000000e-01,6.00000000e-01,0.00000000e+00
1.05105105e+01,5.80300589e+00,0.00000000e+00,3.00000000e+06,6.00000000e+02,1.50000000e-01,2.50000000e-01,6.00000000e-01,0.00000000e+00
1.06106106e+01,5.80300589e+00,0.00000000e+00,3.00000000e+06,6.00000000e+02,1.50000000e-01,2.50000000e-01,6.00000000e-01,0.00000000e+00
1.07107107e+01,5.80300589e+00,0.00000000e+00,3.00000000e+06,6.00000000e+02,1.50000000e-01,2.50000000e-01,6.00000000e-01,0.00000000e+00
1.08108108e+01,5.80300589e+00,0.00000000e+00,3.00000000e+06,6.00000000e+02,1.50000000e-01,2.50000000e-01,6.00000000e-01,0.00000000e+00
1.09109109e+01,5.80300589e+00,0.00000000e+00,3.00000000e+06,6.00000000e+02,1.50000000e-01,2.50000000e-01,6.00000000e-01,0.00000000e+00
1.10110110e+01,5.80300589e+00,0.00000000e+00,3.00000000e+06,6.00000000e+02,1.50000000e-01,2.50000000e-01,6.00000000e-01,0.00000000e+00
1.11111111e+01,5.80300589e+00,0.00000000e+00,3.00000000e+06,6.00000000e+02,1.50000000e-01,2.50000000e-01,6.00000000e-01,0.00000000e+00
1.12112112e+01,5.80300589e+00,0.00000000e+00,3.00000000e+06,6.00000000e+02,1.50000000e-01,2.50000000e-01,6.00000000e-01,0.00000000e+00
1.13113113e+01,5.80300589e+00,0.00000000e+00,3.00000000e+06,6.00000000e+02,1.50000000e-01,2.50000000e-01,6.00000000e-01,0.00000000e+00
1.14114114e+01,5.80300589e+00,0.00000000e+00,3.00000000e+06,6.00000000e+02,1.50000000e-01,2.50000000e-01,6.00000000e-01,0.00000000e+00
1.15115115e+01,5.80300589e+00,0.00000000e+00,3.00000000e+06,6.00000000e+02,1.50000000e-01,2.50000000e-01,6.00000000e-01,0.00000000e+00
1.16116116e+01,5.80300589e+00,0.00000000e+00,3.00000000e+06,6.00000000e+02,1.50000000e-01,2.50000000e-01,6.00000000e-01,0.00000000e+00
1.17117117e+01,5.80300589e+00,0.00000000e+00,3.00000000e+06,6.00000000e+02,1.50000000e-01,2.50000000e-01,6.00000000e-01,0.00000000e+00
1.18118118e+01,5.80300589e+00,0.00000000e+00,3.00000000e+06,6.00000000e+02,1.50000000e-01,2.50000000e-01,6.00000000e-01,0.00000000e+00
1.19119119e+01,5.80300589e+00,0.00000000e+00,3.00000000e+06,6.00000000e+02,1.50000000e-01,2.50000000e-01,6.00000000e-01,0.00000000e+00
1.20120120e+01,5.80300589e+00,0.00000000e+00,3.00000000e+06,6.00000000e+02,1.50000000e-01,2.50000000e-01,6.00000000e-01,0.00000000e+00
1.21121121e+01,5.80300589e+00,0.00000000e+00,3.00000000e+06,6.00000000e+02,1.50000000e-01,2.50000000e-01,6.00000000e-01,0.00000000e+00
1.22122122e+01,5.80300589e+00,0.00000000e+00,3.00000000e+06,6.00000000e+02,1.50000000e-01,2.50000000e-01,6.00000000e-01,0.00000000e+00
1.23123123e+01,5.80300589e+00,0.00000000e+00,3.00000000e+06,6.00000000e+02,1.50000000e-01,2.50000000e-01,6.00000000e-01,0.00000000e+00
1.24124124e+01,5.80300589e+00,0.00000000e+00,3.00000000e+06,6.00000000e+02,1.50000000e-01,2.50000000e-01,6.00000000e-01,0.00000000e+00
1.25125125e+01,5.80300589e+00,0.00000000e+00,3.00000000e+06,6.00000000e+02,1.50000000e-01,2.50000000e-01,6.00000000e-01,0.00000000e+00
1.26126126e+01,5.80300589e+00,0.00000000e+00,3.00000000e+06,6.00000000e+02,1.50000000e-01,2.50000000e-01,6.00000000e-01,0.00000000e+00
1.27127127e+01,5.80300589e+00,0.00000000e+00,3.00000000e+06,6.00000000e+02,1.50000000e-01,2.50000000e-01,6.00000000e-01,0.00000000e+00
1.28128128e+01,5.80300589e+00,0.00000000e+00,3.00000000e+06,6.00000000e+02,1.50000000e-01,2.50000000e-01,6.00000000e-01,0.00000000e+00
1.29129129e+01,5.80300589e+00,0.00000000e+00,3.00000000e+06,6.00000000e+02,1.50000000e-01,2.50000000e-01,6.00000000e-01,0.00000000e+00
1.30130130e+01,5.80300589e+00,0.00000000e+00,3.00000000e+06,6.00000000e+02,1.50000000e-01,2.50000000e-01,6.00000000e-01,0.00000000e+00
1.31131131e+01,5.80300589e+00,0.00000000e+00,3.00000000e+06,6.00000000e+02,1.50000000e-01,2.50000000e-01,6.00000000e-01,0.00000000e+00
1.32132132e+01,5.80300589e+00,0.00000000e+00,3.00000000e+06,6.00000000e+02,1.50000000e-01,2.50000000e-01,6.00000000e-01,0.00000000e+00
1.33133133e+01,5.80300589e+00,0.00000000e+00,3.00000000e+06,6.00000000e+02,1.50000000e-01,2.50000000e-01,6.00000000e-01,0.00000000e+00
1.34134134e+01,5.80300589e+00,0.00000000e+00,3.00000000e+06,6.00000000e+02,1.50000000e-01,2.50000000e-01,6.00000000e-01,0.00000000e+00
1.35135135e+01,5.80300589e+00,0.00000000e+00,3.00000000e+06,6.00000000e+02,1.50000000e-01,2.50000000e-01,6.00000000e-01,0.00000000e+00
1.36136136e+01,5.80300589e+00,0.00000000e+00,3.00000000e+06,6.00000000e+02,1.50000000e-01,2.50000000e-01,6.00000000e-01,0.00000000e+00
1.37137137e+01,5.80300589e+00,0.00000000e+00,3.00000000e+06,6.00000000e+02,1.50000000e-01,2.50000000e-01,6.00000000e-01,0.00000000e+00
1.38138138e+01,5.80300589e+00,0.00000000e+00,3.00000000e+06,6.00000000e+02,1.50000000e-01,2.50000000e-01,6.00000000e-01,0.00000000e+00
1.39139139e+01,5.80300589e+00,0.00000000e+00,3.00000000e+06,6.00000000e+02,1.50000000e-01,2.50000000e-01,6.00000000e-01,0.00000000e+00
1.40140140e+01,5.80300589e+00,0.00000000e+00,3.00000000e+06,6.00000000e+02,1.50000000e-01,2.50000000e-01,6.00000000e-01,0.00000000e+00
1.41141141e+01,5.80300589e+00,0.00000000e+00,3.00000000e+06,6.00000000e+02,1.50000000e-01,2.50000000e-01,6.00000000e-01,0.00000000e+00
1.42142142e+01,5.80300589e+00,0.00000000e+00,3.00000000e+06,6.00000000e+02,1.50000000e-01,2.50000000e-01,6.00000000e-01,0.00000000e+00
1.43143143e+01,5.80300589e+00,0.00000000e+00,3.00000000e+06,6.00000000e+02,1.50000000e-01,2.50000000e-01,6.00000000e-01,0.00000000e+00
1.44144144e+01,5.80300589e+00,0.00000000e+00,3.00000000e+06,6.00000000e+02,1.50000000e-01,2.50000000e-01,6.00000000e-01,0.00000000e+00
1.45145145e+01,5.80300589e+00,0.00000000e+00,3.00000000e+06,6.00000000e+02,1.50000000e-01,2.50000000e-01,6.00000000e-01,0.00000000e+00
1.46146146e+01,5.80300589e+00,0.00000000e+00,3.00000000e+06,6.00000000e+02,1.50000000e-01,2.50000000e-01,6.00000000e-01,0.00000000e+00
1.47147147e+01,5.80300589e+00,0.00000000e+00,3.00000000e+06,6.00000000e+02,1.50000000e-01,2.50000000e-01,6.00000000e-01,0.00000000e+00
1.48148148e+01,5.80300589e+00,0.00000000e+00,3.00000000e+06,6.00000000e+02,1.50000000e-01,2.50000000e-01,6.00000000e-01,0.00000000e+00
1.49149149e+01,5.80300589e+00,0.00000000e+00,3.00000000e+06,6.00000000e+02,1.50000000e-01,2.50000000e-01,6.00000000e-01,0.00000000e+00
1.50150150e+01,5.80300589e+00,0.00000000e+00,3.00000000e+06,6.00000000e+02,1.50000000e-01,2.50000000e-01,6.00000000e-01,0.00000000e+00
1.51151151e+01,5.80300589e+00,0.00000000e+00,3.00000000e+06,6.00000000e+02,1.50000000e-01,2.50000000e-01,6.00000000e-01,0.00000000e+00
1.52152152e+01,5.80300589e+00,0.00000000e+00,3.00000000e+06,6.00000000e+02,1.50000000e-01,2.50000000e-01,6.00000000e-01,0.00000000e+00
1.53153153e+01,5.80300589e+00,0.00000000e+00,3.00000000e+06,6.00000000e+02,1.50000000e-01,2.50000000e-01,6.00000000e-01,0.00000000e+00
1.54154154e+01,5.80300589e+00,0.00000000e+00,3.00000000e+06,6.00000000e+02,1.50000000e-01,2.50000000e-01,6.00000000e-01,0.00000000e+00
1.55155155e+01,5.80300589e+00,0.00000000e+00,3.00000000e+06,6.00000000e+02,1.50000000e-01,2.50000000e-01,6.00000000e-01,0.00000000e+00
1.56156156e+01,5.80300589e+00,0.00000000e+00,3.00000000e+06,6.00000000e+02,1.50000000e-01,2.50000000e-01,6.00000000e-01,0.00000000e+00
1.57157157e+01,5.80300589e+00,0.00000000e+00,3.00000000e+06,6.00000000e+02,1.50000000e-01,2.50000000e-01,6.00000000e-01,0.00000000e+00
1.58158158e+01,5.80300589e+00,0.00000000e+00,3.00000000e+06,6.00000000e+02,1.50000000e-01,2.50000000e-01,6.00000000e-01,0.00000000e+00
1.59159159e+01,5.80300589e+00,0.00000000e+00,3.00000000e+06,6.00000000e+02,1.50000000e-01,2.50000000e-01,6.00000000e-01,0.00000000e+00
1.60160160e+01,5.80300589e+00,0.00000000e+00,3.00000000e+06,6.00000000e+02,1.50000000e-01,2.50000000e-01,6.00000000e-01,0.00000000e+00
1.61161161e+01,5.80300589e+00,0.00000000e+00,3.00000000e+06,6.00000000e+02,1.50000000e-01,2.50000000e-01,6.00000000e-01,0.00000000e+00
1.62162162e+01,5.80300589e+00,0.00000000e+00,3.00000000e+06,6.00000000e+02,1.50000000e-01,2.50000000e-01,6.00000000e-01,0.00000000e+00
1.63163163e+01,5.80300589e+00,0.00000000e+00,3.00000000e+06,6.00000000e+02,1.50000000e-01,2.50000000e-01,6.00000000e-01,0.00000000e+00
1.64164164e+01,5.80300589e+00,0.00000000e+00,3.00000000e+06,6.00000000e+02,1.50000000e-01,2.50000000e-01,6.00000000e-01,0.00000000e+00
1.65165165e+01,5.80300589e+00,0.00000000e+00,3.00000000e+06,6.00000000e+02,1.50000000e-01,2.50000000e-01,6.00000000e-01,0.00000000e+00
1.66166166e+01,5.80300589e+00,0.00000000e+00,3.00000000e+06,6.00000000e+02,1.50000000e-01,2.50000000e-01,6.00000000e-01,0.00000000e+00
1.67167167e+01,5.80300589e+00,0.00000000e+00,3.00000000e+06,6.00000000e+02,1.50000000e-01,2.50000000e-01,6.00000000e-01,0.00000000e+00
1.68168168e+01,5.80300589e+00,0.00000000e+00,3.00000000e+06,6.00000000e+02,1.50000000e-01,2.50000000e-01,6.00000000e-01,0.00000000e+00
1.69169169e+01,5.80300589e+00,0.00000000e+00,3.00000000e+06,6.00000000e+02,1.50000000e-01,2.50000000e-01,6.00000000e-01,0.00000000e+00
1.70170170e+01,5.80300589e+00,0.00000000e+00,3.00000000e+06,6.00000000e+02,1.50000000e-01,2.50000000e-01,6.00000000e-01,0.00000000e+00
1.71171171e+01,5.80300589e+00,0.00000000e+00,3.00000000e+06,6.00000000e+02,1.50000000e-01,2.50000000e-01,6.00000000e-01,0.00000000e+00
1.72172172e+01,5.80300589e+00,0.00000000e+00,3.00000000e+06,6.00000000e+02,1.50000000e-01,2.50000000e-01,6.00000000e-01,0.00000000e+00
1.73173173e+01,5.80300589e+00,0.00000000e+00,3.00000000e+06,6.00000000e+02,1.50000000e-01,2.50000000e-01,6.00000000e-01,0.00000000e+00
1.74174174e+01,5.80300589e+00,0.00000000e+00,3.00000000e+06,6.00000000e+02,1.50000000e-01,2.50000000e-01,6.00000000e-01,0.00000000e+00
1.75175175e+01,5.80300589e+00,0.00000000e+00,3.00000000e+06,6.00000000e+02,1.50000000e-01,2.50000000e-01,6.00000000e-01,0.00000000e+00
1.76176176e+01,5.80300589e+00,0.00000000e+00,3.00000000e+06,6.00000000e+02,1.50000000e-01,2.50000000e-01,6.00000000e-01,0.00000000e+00
1.77177177e+01,5.80300589e+00,0.00000000e+00,3.00000000e+06,6.00000000e+02,1.50000000e-01,2.50000000e-01,6.00000000e-01,0.00000000e+00
1.78178178e+01,5.80300589e+00,0.00000000e+00,3.00000000e+06,6.00000000e+02,1.50000000e-01,2.50000000e-01,6.00000000e-01,0.00000000e+00
1.79179179e+01,5.80300589e+00,0.00000000e+00,3.00000000e+06,6.00000000e+02,1.50000000e-01,2.50000000e-01,6.00000000e-01,0.00000000e+00
1.80180180e+01,5.80300589e+00,0.00000000e+00,3.00000000e+06,6.00000000e+02,1.50000000e-01,2.50000000e-01,6.00000000e-01,0.00000000e+00
1.81181181e+01,5.80300589e+00,0.00000000e+00,3.00000000e+06,6.00000000e+02,1.50000000e-01,2.50000000e-01,6.00000000e-01,0.00000000e+00
1.82182182e+01,5.80300589e+00,0.00000000e+00,3.00000000e+06,6.00000000e+02,1.50000000e-01,2.50000000e-01,6.00000000e-01,0.00000000e+00
1.83183183e+01,5.80300589e+00,0.00000000e+00,3.00000000e+06,6.00000000e+02,1.50000000e-01,2.50000000e-01,6.00000000e-01,0.00000000e+00
1.84184184e+01,5.80300589e+00,0.00000000e+00,3.00000000e+06,6.00000000e+02,1.50000000e-01,2.50000000e-01,6.00000000e-01,0.00000000e+00
1.85185185e+01,5.80300589e+00,0.00000000e+00,3.00000000e+06,6.00000000e+02,1.50000000e-01,2.50000000e-01,6.00000000e-01,0.00000000e+00
1.86186186e+01,5.80300589e+00,0.00000000e+00,3.00000000e+06,6.00000000e+02,1.50000000e-01,2.50000000e-01,6.00000000e-01,0.00000000e+00
1.87187187e+01,5.80300589e+00,0.00000000e+00,3.00000000e+06,6.00000000e+02,1.50000000e-01,2.50000000e-01,6.00000000e-01,0.00000000e+00
1.88188188e+01,5.80300589e+00,0.00000000e+00,3.00000000e+06,6.00000000e+02,1.50000000e-01,2.50000000e-01,6.00000000e-01,0.00000000e+00
1.89189189e+01,5.80300589e+00,0.00000000e+00,3.00000000e+06,6.00000000e+02,1.50000000e-01,2.50000000e-01,6.00000000e-01,0.00000000e+00
1.90190190e+01,5.80300589e+00,0.00000000e+00,3.00000000e+06,6.00000000e+02,1.50000000e-01,2.50000000e-01,6.00000000e-01,0.00000000e+00
1.91191191e+01,5.80300589e+00,0.00000000e+00,3.00000000e+06,6.00000000e+02,1.50000000e-01,2.50000000e-01,6.00000000e-01,0.00000000e+00
1.92192192e+01,5.80300589e+00,0.00000000e+00,3.00000000e+06,6.00000000e+02,1.50000000e-01,2.50000000e-01,6.00000000e-01,0.00000000e+00
1.93193193e+01,5.80300589e+00,0.00000000e+00,3.00000000e+06,6.00000000e+02,1.50000000e-01,2.50000000e-01,6.00000000e-01,0.00000000e+00
1.94194194e+01,5.80300589e+00,0.00000000e+00,3.00000000e+06,6.00000000e+02,1.50000000e-01,2.50000000e-01,6.00000000e-01,0.00000000e+00
1.95195195e+01,5.80300589e+00,0.00000000e+00,3.00000000e+06,6.00000000e+02,1.50000000e-01,2.50000000e-01,6.00000000e-01,0.00000000e+00
1.96196196e+01,5.80300589e+00,0.00000000e+00,3.00000000e+06,6.00000000e+02,1.50000000e-01,2.50000000e-01,6.00000000e-01,0.00000000e+00
1.97197197e+01,5.80300589e+00,0.00000000e+00,3.00000000e+06,6.00000000e+02,1.50000000e-01,2.50000000e-01,6.00000000e-01,0.00000000e+00
1.98198198e+01,5.80300589e+00,0.00000000e+00,3.00000000e+06,6.00000000e+02,1.50000000e-01,2.50000000e-01,6.00000000e-01,0.00000000e+00
1.99199199e+01,5.80300589e+00,0.00000000e+00,3.00000000e+06,6.00000000e+02,1.50000000e-01,2.50000000e-01,6.00000000e-01,0.00000000e+00
2.00200200e+01,5.80300589e+00,0.00000000e+00,3.00000000e+06,6.00000000e+02,1.50000000e-01,2.50000000e-01,6.00000000e-01,0.00000000e+00
2.01201201e+01,5.80300589e+00,0.00000000e+00,3.00000000e+06,6.00000000e+02,1.50000000e-01,2.50000000e-01,6.00000000e-01,0.00000000e+00
2.02202202e+01,5.80300589e+00,0.00000000e+00,3.00000000e+06,6.00000000e+02,1.50000000e-01,2.50000000e-01,6.00000000e-01,0.00000000e+00
2.03203203e+01,5.80300589e+00,0.00000000e+00,3.00000000e+06,6.00000000e+02,1.50000000e-01,2.50000000e-01,6.00000000e-01,0.00000000e+00
2.04204204e+01,5.80300589e+00,0.00000000e+00,3.00000000e+06,6.00000000e+02,1.50000000e-01,2.50000000e-01,6.00000000e-01,0.00000000e+00
2.05205205e+01,5.80300589e+00,0.00000000e+00,3.00000000e+06,6.00000000e+02,1.50000000e-01,2.50000000e-01,6.00000000e-01,0.00000000e+00
2.06206206e+01,5.80300589e+00,0.00000000e+00,3.00000000e+06,6.00000000e+02,1.50000000e-01,2.50000000e-01,6.00000000e-01,0.00000000e+00
2.07207207e+01,5.80300589e+00,0.00000000e+00,3.00000000e+06,6.00000000e+02,1.50000000e-01,2.50000000e-01,6.00000000e-01,0.00000000e+00
2.08208208e+01,5.80300589e+00,0.00000000e+00,3.00000000e+06,6.00000000e+02,1.50000000e-01,2.50000000e-01,6.00000000e-01,0.00000000e+00
2.09209209e+01,5.80300589e+00,0.00000000e+00,3.00000000e+06,6.00000000e+02,1.50000000e-01,2.50000000e-01,6.00000000e-01,0.00000000e+00
2.10210210e+01,5.80300589e+00,0.00000000e+00,3.00000000e+06,6.00000000e+02,1.50000000e-01,2.50000000e-01,6.00000000e-01,0.00000000e+00
2.11211211e+01,5.80300589e+00,0.00000000e+00,3.00000000e+06,6.00000000e+02,1.50000000e-01,2.50000000e-01,6.00000000e-01,0.00000000e+00
2.12212212e+01,5.80300589e+00,0.00000000e+00,3.00000000e+06,6.00000000e+02,1.50000000e-01,2.50000000e-01,6.00000000e-01,0.00000000e+00
2.13213213e+01,5.80300589e+00,0.00000000e+00,3.00000000e+06,6.00000000e+02,1.50000000e-01,2.50000000e-01,6.00000000e-01,0.00000000e+00
2.14214214e+01,5.80300589e+00,0.00000000e+00,3.00000000e+06,6.00000000e+02,1.50000000e-01,2.50000000e-01,6.00000000e-01,0.00000000e+00
2.15215215e+01,5.80300589e+00,0.00000000e+00,3.00000000e+06,6.00000000e+02,1.50000000e-01,2.50000000e-01,6.00000000e-01,0.00000000e+00
2.16216216e+01,5.80300589e+00,0.00000000e+00,3.00000000e+06,6.00000000e+02,1.50000000e-01,2.50000000e-01,6.00000000e-01,0.00000000e+00
2.17217217e+01,5.80300589e+00,0.00000000e+00,3.00000000e+06,6.00000000e+02,1.50000000e-01,2.50000000e-01,6.00000000e-01,0.00000000e+00
2.18218218e+01,5.80300589e+00,0.00000000e+00,3.00000000e+06,6.00000000e+02,1.50000000e-01,2.50000000e-01,6.00000000e-01,0.00000000e+00
2.19219219e+01,5.80300589e+00,0.00000000e+00,3.00000000e+06,6.00000000e+02,1.50000000e-01,2.50000000e-01,6.00000000e-01,0.00000000e+00
2.20220220e+01,5.80300589e+00,0.00000000e+00,3.00000000e+06,6.00000000e+02,1.50000000e-01,2.50000000e-01,6.00000000e-01,0.00000000e+00
2.21221221e+01,5.80300589e+00,0.00000000e+00,3.00000000e+06,6.00000000e+02,1.50000000e-01,2.50000000e-01,6.00000000e-01,0.00000000e+00
2.22222222e+01,5.80300589e+00,0.00000000e+00,3.00000000e+06,6.00000000e+02,1.50000000e-01,2.50000000e-01,6.00000000e-01,0.00000000e+00
2.23223223e+01,5.80300589e+00,0.00000000e+00,3.00000000e+06,6.00000000e+02,1.50000000e-01,2.50000000e-01,6.00000000e-01,0.00000000e+00
2.24224224e+01,5.80300589e+00,0.00000000e+00,3.00000000e+06,6.00000000e+02,1.50000000e-01,2.50000000e-01,6.00000000e-01,0.00000000e+00
2.25225225e+01,5.80300589e+00,0.00000000e+00,3.00000000e+06,6.00000000e+02,1.50000000e-01,2.50000000e-01,6.00000000e-01,0.00000000e+00
2.26226226e+01,5.80300589e+00,0.00000000e+00,3.00000000e+06,6.00000000e+02,1.50000000e-01,2.50000000e-01,6.00000000e-01,0.00000000e+00
2.27227227e+01,5.80300589e+00,0.00000000e+00,3.00000000e+06,6.00000000e+02,1.50000000e-01,2.50000000e-01,6.00000000e-01,0.00000000e+00
2.28228228e+01,5.80300589e+00,0.00000000e+00,3.00000000e+06,6.00000000e+02,1.50000000e-01,2.50000000e-01,6.00000000e-01,0.00000000e+00
2.29229229e+01,5.80300589e+00,0.00000000e+00,3.00000000e+06,6.00000000e+02,1.50000000e-01,2.50000000e-01,6.00000000e-01,0.00000000e+00
2.30230230e+01,5.80300589e+00,0.00000000e+00,3.00000000e+06,6.00000000e+02,1.50000000e-01,2.50000000e-01,6.00000000e-01,0.00000000e+00
2.31231231e+01,5.80300589e+00,0.00000000e+00,3.00000000e+06,6.00000000e+02,1.50000000e-01,2.50000000e-01,6.00000000e-01,0.00000000e+00
2.32232232e+01,5.80300589e+00,0.00000000e+00,3.00000000e+06,6.00000000e+02,1.50000000e-01,2.50000000e-01,6.00000000e-01,0.00000000e+00
2.33233233e+01,5.80300589e+00,0.00000000e+00,3.00000000e+06,6.00000000e+02,1.50000000e-01,2.50000000e-01,6.00000000e-01,0.00000000e+00
2.34234234e+01,5.80300589e+00,0.00000000e+00,3.00000000e+06,6.00000000e+02,1.50000000e-01,2.50000000e-01,6.00000000e-01,0.00000000e+00
2.35235235e+01,5.80300589e+00,0.00000000e+00,3.00000000e+06,6.00000000e+02,1.50000000e-01,2.50000000e-01,6.00000000e-01,0.00000000e+00
2.36236236e+01,5.80300589e+00,0.00000000e+00,3.00000000e+06,6.00000000e+02,1.50000000e-01,2.50000000e-01,6.00000000e-01,0.00000000e+00
2.37237237e+01,5.80300589e+00,0.00000000e+00,3.00000000e+06,6.00000000e+02,1.50000000e-01,2.50000000e-01,6.00000000e-01,0.00000000e+00
2.38238238e+01,5.80300589e+00,0.00000000e+00,3.00000000e+06,6.00000000e+02,1.50000000e-01,2.50000000e-01,6.00000000e-01,0.00000000e+00
2.39239239e+01,5.80300589e+00,0.00000000e+00,3.00000000e+06,6.00000000e+02,1.50000000e-01,2.50000000e-01,6.00000000e-01,0.00000000e+00
2.40240240e+01,5.80300589e+00,0.00000000e+00,3.00000000e+06,6.00000000e+02,1.50000000e-01,2.50000000e-01,6.00000000e-01,0.00000000e+00
2.41241241e+01,5.80300589e+00,0.00000000e+00,3.00000000e+06,6.00000000e+02,1.50000000e-01,2.50000000e-01,6.00000000e-01,0.00000000e+00
2.42242242e+01,5.80300589e+00,0.00000000e+00,3.00000000e+06,6.00000000e+02,1.50000000e-01,2.50000000e-01,6.00000000e-01,0.00000000e+00
2.43243243e+01,5.80300589e+00,0.00000000e+00,3.00000000e+06,6.00000000e+02,1.50000000e-01,2.50000000e-01,6.00000000e-01,0.00000000e+00
2.44244244e+01,5.80300589e+00,0.00000000e+00,3.00000000e+06,6.00000000e+02,1.50000000e-01,2.50000000e-01,6.00000000e-01,0.00000000e+00
2.45245245e+01,5.80300589e+00,0.00000000e+00,3.00000000e+06,6.00000000e+02,1.50000000e-01,2.50000000e-01,6.00000000e-01,0.00000000e+00
2.46246246e+01,5.80300589e+00,0.00000000e+00,3.00000000e+06,6.00000000e+02,1.50000000e-01,2.50000000e-01,6.00000000e-01,0.00000000e+00
2.47247247e+01,5.80300589e+00,0.00000000e+00,3.00000000e+06,6.00000000e+02,1.50000000e-01,2.50000000e-01,6.00000000e-01,0.00000000e+00
2.48248248e+01,5.80300589e+00,0.00000000e+00,3.00000000e+06,6.00000000e+02,1.50000000e-01,2.50000000e-01,6.00000000e-01,0.00000000e+00
2.49249249e+01,5.80300589e+00,0.00000000e+00,3.00000000e+06,6.00000000e+02,1.50000000e-01,2.50000000e-01,6.00000000e-01,0.00000000e+00
2.50250250e+01,5.80300589e+00,0.00000000e+00,3.00000000e+06,6.00000000e+02,1.50000000e-01,2.50000000e-01,6.00000000e-01,0.00000000e+00
2.51251251e+01,5.80300589e+00,0.00000000e+00,3.00000000e+06,6.00000000e+02,1.50000000e-01,2.50000000e-01,6.00000000e-01,0.00000000e+00
2.52252252e+01,5.80300589e+00,0.00000000e+00,3.00000000e+06,6.00000000e+02,1.50000000e-01,2.50000000e-01,6.00000000e-01,0.00000000e+00
2.53253253e+01,5.80300589e+00,0.00000000e+00,3.00000000e+06,6.00000000e+02,1.50000000e-01,2.50000000e-01,6.00000000e-01,0.00000000e+00
2.54254254e+01,5.80300589e+00,0.00000000e+00,3.00000000e+06,6.00000000e+02,1.50000000e-01,2.50000000e-01,6.00000000e-01,0.00000000e+00
2.55255255e+01,5.80300589e+00,0.00000000e+00,3.00000000e+06,6.00000000e+02,1.50000000e-01,2.50000000e-01,6.00000000e-01,0.00000000e+00
2.56256256e+01,5.80300589e+00,0.00000000e+00,3.00000000e+06,6.00000000e+02,1.50000000e-01,2.50000000e-01,6.00000000e-01,0.00000000e+00
2.57257257e+01,5.80300589e+00,0.00000000e+00,3.00000000e+06,6.00000000e+02,1.50000000e-01,2.50000000e-01,6.00000000e-01,0.00000000e+00
2.58258258e+01,5.80300589e+00,0.00000000e+00,3.00000000e+06,6.00000000e+02,1.50000000e-01,2.50000000e-01,6.00000000e-01,0.00000000e+00
2.59259259e+01,5.80300589e+00,0.00000000e+00,3.00000000e+06,6.00000000e+02,1.50000000e-01,2.50000000e-01,6.00000000e-01,0.00000000e+00
2.60260260e+01,5.80300589e+00,0.00000000e+00,3.00000000e+06,6.00000000e+02,1.50000000e-01,2.50000000e-01,6.00000000e-01,0.00000000e+00
2.61261261e+01,5.80300589e+00,0.00000000e+00,3.00000000e+06,6.00000000e+02,1.50000000e-01,2.50000000e-01,6.00000000e-01,0.00000000e+00
2.62262262e+01,5.80300589e+00,0.00000000e+00,3.00000000e+06,6.00000000e+02,1.50000000e-01,2.50000000e-01,6.00000000e-01,0.00000000e+00
2.63263263e+01,5.80300589e+00,0.00000000e+00,3.00000000e+06,6.00000000e+02,1.50000000e-01,2.50000000e-01,6.00000000e-01,0.00000000e+00
2.64264264e+01,5.80300589e+00,0.00000000e+00,3.00000000e+06,6.00000000e+02,1.50000000e-01,2.50000000e-01,6.00000000e-01,0.00000000e+00
2.65265265e+01,5.80300589e+00,0.00000000e+00,3.00000000e+06,6.00000000e+02,1.50000000e-01,2.50000000e-01,6.00000000e-01,0.00000000e+00
2.66266266e+01,5.80300589e+00,0.00000000e+00,3.00000000e+06,6.00000000e+02,1.50000000e-01,2.50000000e-01,6.00000000e-01,0.00000000e+00
2.67267267e+01,5.80300589e+00,0.00000000e+00,3.00000000e+06,6.00000000e+02,1.50000000e-01,2.50000000e-01,6.00000000e-01,0.00000000e+00
2.68268268e+01,5.80300589e+00,0.00000000e+00,3.00000000e+06,6.00000000e+02,1.50000000e-01,2.50000000e-01,6.00000000e-01,0.00000000e+00
2.69269269e+01,5.80300589e+00,0.00000000e+00,3.00000000e+06,6.00000000e+02,1.50000000e-01,2.50000000e-01,6.00000000e-01,0.00000000e+00
2.70270270e+01,5.80300589e+00,0.00000000e+00,3.00000000e+06,6.00000000e+02,1.50000000e-01,2.50000000e-01,6.00000000e-01,0.00000000e+00
2.71271271e+01,5.80300589e+00,-9.49580644e-14,3.00000000e+06,6.00000000e+02,1.50000000e-01,2.50000000e-01,6.00000000e-01,0.00000000e+00
2.72272272e+01,5.80300589e+00,-8.32458433e-13,3.00000000e+06,6.00000000e+02,1.50000000e-01,2.50000000e-01,6.00000000e-01,0.00000000e+00
2.73273273e+01,5.80300589e+00,-5.60188174e-13,3.00000000e+06,6.00000000e+02,1.50000000e-01,2.50000000e-01,6.00000000e-01,0.00000000e+00
2.74274274e+01,5.80300589e+00,1.03568188e-11,3.00000000e+06,6.00000000e+02,1.50000000e-01,2.50000000e-01,6.00000000e-01,0.00000000e+00
2.75275275e+01,5.80300589e+00,4.05623692e-11,3.00000000e+06,6.00000000e+02,1.50000000e-01,2.50000000e-01,6.00000000e-01,0.00000000e+00
2.76276276e+01,5.80300589e+00,6.66077336e-11,3.00000000e+06,6.00000000e+02,1.50000000e-01,2.50000000e-01,6.00000000e-01,0.00000000e+00
2.77277277e+01,5.80300589e+00,6.85613430e-11,3.00000000e+06,6.00000000e+02,1.50000000e-01,2.50000000e-01,6.00000000e-01,0.00000000e+00
2.78278278e+01,5.80300589e+00,-2.17850440e-10,3.00000000e+06,6.00000000e+02,1.50000000e-01,2.50000000e-01,6.00000000e-01,0.00000000e+00
2.79279279e+01,5.80300589e+00,-8.45872182e-10,3.00000000e+06,6.00000000e+02,1.50000000e-01,2.50000000e-01,6.00000000e-01,0.00000000e+00
2.80280280e+01,5.80300589e+00,-1.30847452e-09,3.00000000e+06,6.00000000e+02,1.50000000e-01,2.50000000e-01,6.00000000e-01,0.00000000e+00
2.81281281e+01,5.80300589e+00,-3.03879903e-10,3.00000000e+06,6.00000000e+02,1.50000000e-01,2.50000000e-01,6.00000000e-01,0.00000000e+00
2.82282282e+01,5.80300589e+00,7.35826783e-09,3.00000000e+06,6.00000000e+02,1.50000000e-01,2.50000000e-01,6.00000000e-01,0.00000000e+00
2.83283283e+01,5.80300589e+00,1.48803380e-08,3.00000000e+06,6.00000000e+02,1.50000000e-01,2.50000000e-01,6.00000000e-01,0.00000000e+00
2.84284284e+01,5.80300589e+00,1.64956439e-08,3.00000000e+06,6.00000000e+02,1.50000000e-01,2.50000000e-01,6.00000000e-01,0.00000000e+00
2.85285285e+01,5.80300589e+00,-3.00591144e-08,3.00000000e+06,6.00000000e+02,1.50000000e-01,2.50000000e-01,6.00000000e-01,0.00000000e+00
2.86286286e+01,5.80300589e+00,-1.36527514e-07,3.00000000e+06,6.00000000e+02,1.50000000e-01,2.50000000e-01,6.00000000e-01,0.00000000e+00
2.87287287e+01,5.80300589e+00,-2.12508659e-07,3.00000000e+06,6.00000000e+02,1.50000000e-01,2.50000000e-01,6.00000000e-01,0.00000000e+00
2.88288288e+01,5.80300589e+00,-1.00961069e-07,3.00000000e+06,6.00000000e+02,1.50000000e-01,2.50000000e-01,6.00000000e-01,0.00000000e+00
2.89289289e+01,5.80300588e+00,9.02965970e-07,3.00000000e+06,6.00000000e+02,1.50000000e-01,2.50000000e-01,6.00000000e-01,0.00000000e+00
2.90290290e+01,5.80300587e+00,1.93575254e-06,2.99999999e+06,5.99999999e+02,1.50000000e-01,2.50000000e-01,6.00000000e-01,0.00000000e+00
2.91291291e+01,5.80300588e+00,2.31890038e-06,2.99999999e+06,5.99999999e+02,1.50000000e-01,2.50000000e-01,6.00000000e-01,0.00000000e+00
2.92292292e+01,5.80300592e+00,-2.09668669e-06,2.99999999e+06,5.99999997e+02,1.50000000e-01,2.49999999e-01,5.99999998e-01,0.00000000e+00
2.93293293e+01,5.80300600e+00,-1.41622529e-05,3.00000005e+06,6.00000001e+02,1.50000000e-01,2.49999999e-01,5.99999999e-01,0.00000000e+00
2.94294294e+01,5.80300601e+00,-2.25654183e-05,3.00000011e+06,6.00000009e+02,1.50000000e-01,2.50000001e-01,6.00000001e-01,0.00000000e+00
2.95295295e+01,5.80300589e+00,-1.64008064e-05,3.00000013e+06,6.00000018e+02,1.50000002e-01,2.50000003e-01,6.00000007e-01,0.00000000e+00
2.96296296e+01,5.80300530e+00,6.46614279e-05,2.99999992e+06,6.00000025e+02,1.50000005e-01,2.50000008e-01,6.00000020e-01,0.00000000e+00
2.97297297e+01,5.80300472e+00,1.60711520e-04,2.99999922e+06,5.99999961e+02,1.50000001e-01,2.50000002e-01,6.00000004e-01,0.00000000e+00
2.98298298e+01,5.80300497e+00,2.09439396e-04,2.99999888e+06,5.99999897e+02,1.49999994e-01,2.49999989e-01,5.99999974e-01,0.00000000e+00
2.99299299e+01,5.80300718e+00,-1.99146189e-05,2.99999916e+06,5.99999800e+02,1.49999975e-01,2.49999958e-01,5.99999898e-01,0.00000000e+00
3.00300300e+01,5.80301291e+00,-8.71954612e-04,3.00000278e+06,5.99999962e+02,1.49999967e-01,2.49999945e-01,5.99999868e-01,0.00000000e+00
3.01301301e+01,5.80301524e+00,-1.47446277e-03,3.00000756e+06,6.00000499e+02,1.50000011e-01,2.50000019e-01,6.00000045e-01,0.00000000e+00
3.02302302e+01,5.80301008e+00,-1.43490827e-03,3.00000864e+06,6.00000975e+02,1.50000080e-01,2.50000134e-01,6.00000320e-01,0.00000000e+00
3.03303303e+01,5.80298263e+00,2.21329794e-03,3.00000151e+06,6.00001659e+02,1.50000262e-01,2.50000437e-01,6.00001048e-01,0.00000000e+00
3.04304304e+01,5.80294678e+00,7.57479341e-03,2.99996345e+06,5.99998445e+02,1.50000089e-01,2.50000148e-01,6.00000356e-01,0.00000000e+00
3.05305305e+01,5.80294842e+00,1.09462646e-02,2.99994826e+06,5.99996173e+02,1.49999855e-01,2.49999758e-01,5.99999420e-01,0.00000000e+00
3.06306306e+01,5.80301072e+00,5.01939326e-03,2.99994194e+06,5.99991405e+02,1.49999121e-01,2.49998534e-01,5.99996482e-01,0.00000000e+00
3.07307307e+01,5.80323147e+00,-2.48836828e-02,3.00007756e+06,5.99997085e+02,1.49998776e-01,2.49997959e-01,5.99995103e-01,0.00000000e+00
3.08308308e+01,5.80336086e+00,-5.34790479e-02,3.00021812e+06,6.00009139e+02,1.49999446e-01,2.49999076e-01,5.99997783e-01,0.00000000e+00
3.09309309e+01,5.80329237e+00,-5.81411860e-02,3.00037065e+06,6.00035175e+02,1.50002333e-01,2.50003888e-01,6.00009331e-01,0.00000000e+00
3.10310310e+01,5.80270338e+00,7.95604604e-03,3.00011807e+06,6.00035634e+02,1.50004815e-01,2.50008024e-01,6.00019259e-01,0.00000000e+00
3.11311311e+01,5.80165149e+00,1.81631023e-01,2.99952212e+06,6.00015757e+02,1.50007178e-01,2.50011964e-01,6.00028714e-01,0.00000000e+00
3.12312312e+01,5.80124868e+00,2.54307359e-01,2.99838323e+06,5.99878009e+02,1.49995069e-01,2.49991781e-01,5.99980275e-01,0.00000000e+00
3.13313313e+01,5.80204185e+00,2.35735717e-01,2.99881093e+06,5.99889920e+02,1.49992979e-01,2.49988298e-01,5.99971915e-01,0.00000000e+00
3.14314314e+01,5.80547181e+00,-2.09589911e-01,2.99989484e+06,5.99832037e+02,1.49973014e-01,2.49955023e-01,5.99892055e-01,0.00000000e+00
3.15315315e+01,5.80820803e+00,-7.14796473e-01,3.00310309e+06,6.00120497e+02,1.49990545e-01,2.49984242e-01,5.99962181e-01,0.00000000e+00
3.16316316e+01,5.80820351e+00,-8.69382904e-01,3.00465535e+06,6.00342325e+02,1.50012739e-01,2.50021231e-01,6.00050956e-01,0.00000000e+00
3.17317317e+01,5.80424866e+00,-4.77095484e-01,3.00311434e+06,6.00367670e+02,1.50031630e-01,2.50052716e-01,6.00126519e-01,0.00000000e+00
3.18318318e+01,5.79672027e+00,9.50235415e-01,3.00033844e+06,6.00438489e+02,1.50069918e-01,2.50116530e-01,6.00279672e-01,0.00000000e+00
3.19319319e+01,5.79119168e+00,1.28358465e+00,2.98815247e+06,5.99038460e+02,1.49952729e-01,2.49921215e-01,5.99810916e-01,0.00000000e+00
3.20320320e+01,5.79324570e+00,1.66620528e+00,2.99554230e+06,5.99968670e+02,1.50037286e-01,2.50062144e-01,6.00149146e-01,0.00000000e+00
3.21321321e+01,5.80034331e+00,1.07336793e+00,2.99288424e+06,5.99147943e+02,1.49925813e-01,2.49876355e-01,5.99703253e-01,0.00000000e+00
3.22322322e+01,5.80271532e+00,-3.49351556e-01,2.99800440e+06,5.99732867e+02,1.49974498e-01,2.49957496e-01,5.99897992e-01,0.00000000e+00
3.23323323e+01,5.80111645e+00,-2.06768920e-01,3.00338827e+06,6.00601216e+02,1.50067952e-01,2.50113253e-01,6.00271808e-01,0.00000000e+00
3.24324324e+01,5.78601420e+00,2.43351990e+00,2.99776285e+06,6.00735977e+02,1.50144145e-01,2.50240242e-01,6.00576581e-01,0.00000000e+00
3.25325325e+01,5.76338263e+00,5.57096132e+00,2.96689122e+06,5.97714776e+02,1.49935490e-01,2.49892484e-01,5.99741960e-01,0.00000000e+00
3.26326326e+01,5.75443295e+00,7.68150539e+00,2.96490532e+06,5.97986394e+02,1.50000000e-01,2.50000000e-01,6.00000000e-01,0.00000000e+00
3.27327327e+01,5.74343508e+00,8.93613580e+00,2.95698039e+06,5.97530028e+02,1.50000000e-01,2.50000000e-01,6.00000000e-01,0.00000000e+00
3.28328328e+01,5.73293202e+00,1.05185690e+01,2.94942031e+06,5.97094239e+02,1.50000000e-01,2.50000000e-01,6.00000000e-01,0.00000000e+00
3.29329329e+01,5.72346834e+00,1.21048878e+01,2.94007498e+06,5.96333236e+02,1.49963087e-01,2.49938479e-01,5.99852349e-01,0.00000000e+00
3.30330330e+01,5.70438855e+00,1.50866631e+01,2.92951007e+06,5.95994458e+02,1.50009216e-01,2.50015360e-01,6.00036863e-01,0.00000000e+00
3.31331331e+01,5.68365453e+00,1.78236852e+01,2.90774537e+06,5.94123931e+02,1.49908384e-01,2.49847306e-01,5.99633534e-01,0.00000000e+00
3.32332332e+01,5.66276591e+00,1.99179872e+01,2.89899994e+06,5.94158897e+02,1.50000000e-01,2.50000000e-01,6.00000000e-01,0.00000000e+00
3.33333333e+01,5.64210763e+00,2.28850583e+01,2.88422352e+06,5.93294818e+02,1.50000000e-01,2.50000000e-01,6.00000000e-01,0.00000000e+00
3.34334334e+01,5.62507669e+00,2.61649863e+01,2.87205550e+06,5.92580542e+02,1.50000000e-01,2.50000000e-01,6.00000000e-01,0.00000000e+00
3.35335335e+01,5.60417503e+00,3.00096580e+01,2.85705285e+06,5.91687916e+02,1.49998926e-01,2.49998209e-01,5.99995703e-01,0.00000000e+00
3.36336336e+01,5.58112389e+00,3.39608915e+01,2.83835820e+06,5.90377253e+02,1.49965096e-01,2.49941826e-01,5.99860383e-01,0.00000000e+00
3.37337337e+01,5.55720310e+00,3.71890739e+01,2.82030433e+06,5.89208696e+02,1.49949431e-01,2.49915718e-01,5.99797723e-01,0.00000000e+00
3.38338338e+01,5.53406932e+00,4.07639342e+01,2.80720886e+06,5.88725895e+02,1.50000000e-01,2.50000000e-01,6.00000000e-01,0.00000000e+00
3.39339339e+01,5.51269490e+00,4.40350002e+01,2.78440129e+06,5.86666940e+02,1.49882359e-01,2.49803931e-01,5.99529435e-01,0.00000000e+00
3.40340340e+01,5.48657999e+00,4.73012170e+01,2.77441182e+06,5.86832704e+02,1.50013094e-01,2.50021823e-01,6.00052375e-01,0.00000000e+00
3.41341341e+01,5.45810875e+00,5.18166283e+01,2.75647046e+06,5.85944711e+02,1.50047508e-01,2.50079179e-01,6.00190030e-01,0.00000000e+00
3.42342342e+01,5.43586854e+00,5.51954463e+01,2.73670091e+06,5.84370620e+02,1.49983776e-01,2.49972961e-01,5.99935106e-01,0.00000000e+00
3.43343343e+01,5.41474322e+00,5.78725729e+01,2.72205919e+06,5.83499030e+02,1.49987071e-01,2.49978452e-01,5.99948285e-01,0.00000000e+00
3.44344344e+01,5.39291997e+00,6.13016658e+01,2.70904790e+06,5.82916214e+02,1.50024034e-01,2.50040056e-01,6.00096135e-01,0.00000000e+00
3.45345345e+01,5.37214379e+00,6.48825241e+01,2.69235878e+06,5.81693124e+02,1.49991152e-01,2.49985253e-01,5.99964606e-01,0.00000000e+00
3.46346346e+01,5.34726487e+00,6.90572727e+01,2.67996639e+06,5.81395972e+02,1.50072078e-01,2.50120130e-01,6.00288313e-01,0.00000000e+00
3.47347347e+01,5.31884489e+00,7.38304140e+01,2.65413537e+06,5.79237626e+02,1.49976510e-01,2.49960851e-01,5.99906041e-01,0.00000000e+00
3.48348348e+01,5.29463193e+00,7.83479332e+01,2.64143557e+06,5.78840252e+02,1.50044400e-01,2.50073999e-01,6.00177598e-01,0.00000000e+00
3.49349349e+01,5.26724121e+00,8.24976149e+01,2.61773385e+06,5.76916510e+02,1.49969720e-01,2.49949533e-01,5.99878879e-01,0.00000000e+00
3.50350350e+01,5.23813290e+00,8.61966199e+01,2.60315646e+06,5.76532156e+02,1.50063299e-01,2.50105498e-01,6.00253196e-01,0.00000000e+00
3.51351351e+01,5.21353821e+00,9.08226113e+01,2.58081488e+06,5.74617269e+02,1.49975350e-01,2.49958917e-01,5.99901400e-01,0.00000000e+00
3.52352352e+01,5.18922328e+00,9.47371077e+01,2.56600790e+06,5.73866697e+02,1.50009538e-01,2.50015897e-01,6.00038153e-01,0.00000000e+00
3.53353353e+01,5.16191693e+00,9.88041707e+01,2.54384557e+06,5.72126784e+02,1.49955265e-01,2.49925442e-01,5.99821060e-01,0.00000000e+00
3.54354354e+01,5.13454061e+00,1.02522060e+02,2.52930877e+06,5.71611656e+02,1.50028389e-01,2.50047316e-01,6.00113557e-01,0.00000000e+00
3.55355355e+01,5.10748555e+00,1.06617747e+02,2.50929817e+06,5.70183565e+02,1.50004640e-01,2.50007734e-01,6.00018561e-01,0.00000000e+00
3.56356356e+01,5.08267453e+00,1.10752866e+02,2.49380584e+06,5.69327631e+02,1.50031462e-01,2.50052436e-01,6.00125847e-01,0.00000000e+00
3.57357357e+01,5.05742300e+00,1.14983979e+02,2.47497111e+06,5.67946549e+02,1.50005663e-01,2.50009438e-01,6.00022652e-01,0.00000000e+00
3.58358358e+01,5.03155575e+00,1.19206542e+02,2.45859789e+06,5.67002179e+02,1.50028841e-01,2.50048068e-01,6.00115363e-01,0.00000000e+00
3.59359359e+01,5.00618756e+00,1.23274316e+02,2.43860484e+06,5.65418871e+02,1.49981704e-01,2.49969506e-01,5.99926815e-01,0.00000000e+00
3.60360360e+01,4.98177458e+00,1.27231042e+02,2.42401113e+06,5.64653283e+02,1.50017853e-01,2.50029756e-01,6.00071413e-01,0.00000000e+00
3.61361361e+01,4.95618094e+00,1.31686211e+02,2.40604752e+06,5.63397824e+02,1.50008597e-01,2.50014328e-01,6.00034387e-01,0.00000000e+00
3.62362362e+01,4.93137115e+00,1.36157924e+02,2.39027347e+06,5.62446183e+02,1.50028301e-01,2.50047169e-01,6.00113205e-01,0.00000000e+00
3.63363363e+01,4.90711405e+00,1.40411793e+02,2.37291511e+06,5.61182197e+02,1.50012148e-01,2.50020247e-01,6.00048593e-01,0.00000000e+00
3.64364364e+01,4.88233218e+00,1.44351732e+02,2.35688574e+06,5.60170236e+02,1.50025624e-01,2.50042707e-01,6.00102496e-01,0.00000000e+00
3.65365365e+01,4.85734298e+00,1.48346925e+02,2.33928336e+06,5.58896478e+02,1.50012329e-01,2.50020549e-01,6.00049317e-01,0.00000000e+00
3.66366366e+01,4.83365346e+00,1.52391201e+02,2.32371109e+06,5.57871693e+02,1.50019102e-01,2.50031836e-01,6.00076407e-01,0.00000000e+00
3.67367367e+01,4.81110348e+00,1.56612486e+02,2.30839899e+06,5.56804467e+02,1.50016052e-01,2.50026754e-01,6.00064209e-01,0.00000000e+00
3.68368368e+01,4.78772870e+00,1.60874149e+02,2.29256404e+06,5.55695801e+02,1.50013068e-01,2.50021780e-01,6.00052273e-01,0.00000000e+00
3.69369369e+01,4.76293453e+00,1.64943471e+02,2.27440337e+06,5.54272657e+02,1.49983571e-01,2.49972618e-01,5.99934284e-01,0.00000000e+00
3.70370370e+01,4.73729689e+00,1.68802225e+02,2.25842582e+06,5.53279420e+02,1.50004738e-01,2.50007896e-01,6.00018951e-01,0.00000000e+00
3.71371371e+01,4.71187378e+00,1.72883766e+02,2.24035789e+06,5.51895230e+02,1.49982773e-01,2.49971288e-01,5.99931090e-01,0.00000000e+00
3.72372372e+01,4.68923891e+00,1.77221380e+02,2.22627083e+06,5.51002904e+02,1.50001642e-01,2.50002737e-01,6.00006570e-01,0.00000000e+00
3.73373373e+01,4.66822033e+00,1.81630407e+02,2.21215063e+06,5.49984813e+02,1.49998501e-01,2.49997501e-01,5.99994003e-01,0.00000000e+00
3.74374374e+01,4.64497784e+00,1.85796744e+02,2.19652196e+06,5.48848489e+02,1.49993934e-01,2.49989889e-01,5.99975734e-01,0.00000000e+00
3.75375375e+01,4.61993475e+00,1.89717732e+02,2.17943347e+06,5.47566221e+02,1.49984158e-01,2.49973597e-01,5.99936633e-01,0.00000000e+00
3.76376376e+01,4.59509084e+00,1.93495729e+02,2.16353019e+06,5.46474685e+02,1.49993720e-01,2.49989533e-01,5.99974880e-01,0.00000000e+00
3.77377377e+01,4.57085755e+00,1.97445243e+02,2.14732143e+06,5.45276931e+02,1.49988000e-01,2.49979999e-01,5.99951999e-01,0.00000000e+00
3.78378378e+01,4.54822055e+00,2.01632360e+02,2.13256989e+06,5.44218592e+02,1.49990119e-01,2.49983531e-01,5.99960474e-01,0.00000000e+00
3.79379379e+01,4.52756329e+00,2.06204288e+02,2.11966852e+06,5.43346214e+02,1.50003378e-01,2.50005631e-01,6.00013514e-01,0.00000000e+00
3.80380380e+01,4.50698490e+00,2.10711313e+02,2.10576585e+06,5.42278512e+02,1.49994676e-01,2.49991127e-01,5.99978705e-01,0.00000000e+00
3.81381381e+01,4.48390443e+00,2.14879319e+02,2.09033348e+06,5.41101319e+02,1.49987443e-01,2.49979072e-01,5.99949772e-01,0.00000000e+00
3.82382382e+01,4.45913364e+00,2.18795370e+02,2.07459994e+06,5.39978154e+02,1.49996784e-01,2.49994640e-01,5.99987135e-01,0.00000000e+00
3.83383383e+01,4.43461197e+00,2.22700232e+02,2.05884381e+06,5.38824264e+02,1.50001257e-01,2.50002095e-01,6.00005027e-01,0.00000000e+00
3.84384384e+01,4.41113386e+00,2.26643306e+02,2.04351971e+06,5.37665775e+02,1.49999727e-01,2.49999544e-01,5.99998907e-01,0.00000000e+00
3.85385385e+01,4.38869133e+00,2.30657653e+02,2.02898808e+06,5.36572004e+02,1.49999812e-01,2.49999687e-01,5.99999250e-01,0.00000000e+00
3.86386386e+01,4.36728862e+00,2.34902041e+02,2.01560445e+06,5.35610889e+02,1.50009334e-01,2.50015556e-01,6.00037335e-01,0.00000000e+00
3.87387387e+01,4.34667324e+00,2.39203716e+02,2.00223172e+06,5.34586029e+02,1.50007857e-01,2.50013094e-01,6.00031427e-01,0.00000000e+00
3.88388388e+01,4.32494284e+00,2.43366804e+02,1.98788183e+06,5.33449875e+02,1.49999855e-01,2.49999759e-01,5.99999421e-01,0.00000000e+00
3.89389389e+01,4.30225363e+00,2.47398232e+02,1.97324418e+06,5.32318958e+02,1.49998582e-01,2.49997636e-01,5.99994327e-01,0.00000000e+00
3.90390390e+01,4.27979257e+00,2.51424062e+02,1.95868833e+06,5.31177446e+02,1.49995163e-01,2.49991939e-01,5.99980653e-01,0.00000000e+00
3.91391391e+01,4.25810465e+00,2.55588442e+02,1.94500827e+06,5.30138014e+02,1.49999717e-01,2.49999528e-01,5.99998868e-01,0.00000000e+00
3.92392392e+01,4.23737310e+00,2.59860339e+02,1.93189687e+06,5.29129117e+02,1.50002964e-01,2.50004939e-01,6.00011855e-01,0.00000000e+00
3.93393393e+01,4.21588029e+00,2.64004654e+02,1.91783236e+06,5.27983966e+02,1.49994696e-01,2.49991160e-01,5.99978784e-01,0.00000000e+00
3.94394394e+01,4.19302374e+00,2.67964382e+02,1.90321407e+06,5.26821145e+02,1.49993137e-01,2.49988561e-01,5.99972547e-01,0.00000000e+00
3.95395395e+01,4.16975335e+00,2.71839607e+02,1.88857958e+06,5.25675591e+02,1.49996587e-01,2.49994312e-01,5.99986350e-01,0.00000000e+00
3.96396396e+01,4.14686208e+00,2.75768491e+02,1.87411807e+06,5.24527725e+02,1.49997208e-01,2.49995346e-01,5.99988830e-01,0.00000000e+00
3.97397397e+01,4.12459037e+00,2.79775444e+02,1.86009132e+06,5.23409860e+02,1.49998118e-01,2.49996863e-01,5.99992470e-01,0.00000000e+00
3.98398398e+01,4.10296416e+00,2.83923118e+02,1.84658244e+06,5.22337553e+02,1.50000944e-01,2.50001574e-01,6.00003778e-01,0.00000000e+00
3.99399399e+01,4.08218913e+00,2.88255384e+02,1.83380182e+06,5.21337331e+02,1.50008103e-01,2.50013505e-01,6.00032413e-01,0.00000000e+00
4.00400400e+01,4.06167676e+00,2.92586618e+02,1.82089646e+06,5.20283143e+02,1.50007994e-01,2.50013323e-01,6.00031976e-01,0.00000000e+00
4.01401401e+01,4.04051324e+00,2.96780138e+02,1.80748650e+06,5.19167731e+02,1.50004782e-01,2.50007970e-01,6.00019129e-01,0.00000000e+00
4.02402402e+01,4.01926147e+00,3.00880521e+02,1.79419447e+06,5.18072407e+02,1.50005457e-01,2.50009095e-01,6.00021828e-01,0.00000000e+00
4.03403403e+01,3.99839017e+00,3.05070964e+02,1.78135604e+06,5.17032953e+02,1.50010480e-01,2.50017467e-01,6.00041920e-01,0.00000000e+00
4.04404404e+01,3.97823540e+00,3.09373336e+02,1.76904224e+06,5.16037271e+02,1.50017154e-01,2.50028590e-01,6.00068616e-01,0.00000000e+00
4.05405405e+01,3.95781320e+00,3.13610902e+02,1.75623891e+06,5.14952961e+02,1.50015111e-01,2.50025186e-01,6.00060446e-01,0.00000000e+00
4.06406406e+01,3.93647543e+00,3.17684286e+02,1.74289818e+06,5.13818171e+02,1.50013131e-01,2.50021886e-01,6.00052525e-01,0.00000000e+00
4.07407407e+01,3.91487065e+00,3.21637931e+02,1.72953703e+06,5.12689007e+02,1.50014316e-01,2.50023861e-01,6.00057266e-01,0.00000000e+00
4.08408408e+01,3.89363669e+00,3.25620655e+02,1.71643310e+06,5.11576834e+02,1.50015057e-01,2.50025095e-01,6.00060229e-01,0.00000000e+00
4.09409409e+01,3.87292496e+00,3.29668168e+02,1.70369522e+06,5.10492367e+02,1.50016088e-01,2.50026814e-01,6.00064353e-01,0.00000000e+00
4.10410410e+01,3.85278531e+00,3.33816683e+02,1.69135696e+06,5.09439647e+02,1.50017523e-01,2.50029205e-01,6.00070091e-01,0.00000000e+00
4.11411411e+01,3.83330983e+00,3.38132908e+02,1.67960799e+06,5.08451997e+02,1.50023163e-01,2.50038605e-01,6.00092652e-01,0.00000000e+00
4.12412412e+01,3.81452842e+00,3.42525827e+02,1.66818696e+06,5.07471236e+02,1.50026060e-01,2.50043433e-01,6.00104239e-01,0.00000000e+00
4.13413413e+01,3.79520366e+00,3.46796125e+02,1.65618262e+06,5.06401526e+02,1.50021118e-01,2.50035197e-01,6.00084472e-01,0.00000000e+00
4.14414414e+01,3.77508971e+00,3.50885019e+02,1.64377353e+06,5.05296227e+02,1.50017843e-01,2.50029739e-01,6.00071373e-01,0.00000000e+00
4.15415415e+01,3.75486506e+00,3.54916615e+02,1.63147736e+06,5.04214081e+02,1.50018912e-01,2.50031521e-01,6.00075650e-01,0.00000000e+00
4.16416416e+01,3.73489800e+00,3.58998423e+02,1.61940931e+06,5.03154699e+02,1.50020503e-01,2.50034172e-01,6.00082013e-01,0.00000000e+00
4.17417417e+01,3.71502868e+00,3.63068830e+02,1.60729431e+06,5.02068094e+02,1.50018521e-01,2.50030868e-01,6.00074084e-01,0.00000000e+00
4.18418418e+01,3.69512786e+00,3.67114432e+02,1.59515613e+06,5.00969802e+02,1.50015608e-01,2.50026013e-01,6.00062431e-01,0.00000000e+00
4.19419419e+01,3.67529767e+00,3.71179845e+02,1.58312863e+06,4.99881568e+02,1.50013667e-01,2.50022778e-01,6.00054667e-01,0.00000000e+00
4.20420420e+01,3.65562445e+00,3.75283794e+02,1.57122063e+06,4.98798460e+02,1.50011572e-01,2.50019286e-01,6.00046287e-01,0.00000000e+00
4.21421421e+01,3.63624803e+00,3.79439774e+02,1.55950694e+06,4.97725957e+02,1.50009163e-01,2.50015272e-01,6.00036652e-01,0.00000000e+00
4.22422422e+01,3.61731305e+00,3.83705375e+02,1.54821541e+06,4.96703948e+02,1.50010599e-01,2.50017665e-01,6.00042396e-01,0.00000000e+00
4.23423423e+01,3.59900795e+00,3.88065664e+02,1.53736489e+06,4.95721688e+02,1.50013553e-01,2.50022589e-01,6.00054213e-01,0.00000000e+00
4.24424424e+01,3.58036188e+00,3.92336613e+02,1.52608277e+06,4.94662777e+02,1.50008614e-01,2.50014356e-01,6.00034455e-01,0.00000000e+00
4.25425425e+01,3.56079461e+00,3.96404323e+02,1.51422354e+06,4.93536587e+02,1.50002322e-01,2.50003870e-01,6.00009287e-01,0.00000000e+00
4.26426426e+01,3.54066160e+00,4.00310977e+02,1.50211209e+06,4.92384068e+02,1.49998942e-01,2.49998236e-01,5.99995766e-01,0.00000000e+00
4.27427427e+01,3.52060605e+00,4.04215306e+02,1.49015496e+06,4.91252520e+02,1.49997312e-01,2.49995520e-01,5.99989247e-01,0.00000000e+00
4.28428428e+01,3.50093001e+00,4.08193125e+02,1.47848809e+06,4.90150059e+02,1.49995977e-01,2.49993294e-01,5.99983906e-01,0.00000000e+00
4.29429429e+01,3.48183881e+00,4.12275328e+02,1.46720164e+06,4.89078557e+02,1.49995001e-01,2.49991668e-01,5.99980003e-01,0.00000000e+00
4.30430430e+01,3.46339813e+00,4.16482492e+02,1.45634172e+06,4.88043927e+02,1.49994807e-01,2.49991346e-01,5.99979230e-01,0.00000000e+00
4.31431431e+01,3.44563323e+00,4.20817660e+02,1.44601058e+06,4.87069068e+02,1.49998232e-01,2.49997054e-01,5.99992929e-01,0.00000000e+00
4.32432432e+01,3.42805796e+00,4.25144926e+02,1.43566180e+06,4.86066676e+02,1.49996942e-01,2.49994904e-01,5.99987769e-01,0.00000000e+00
4.33433433e+01,3.40998437e+00,4.29342209e+02,1.42496642e+06,4.85016649e+02,1.49992609e-01,2.49987682e-01,5.99970437e-01,0.00000000e+00
4.34434434e+01,3.39148263e+00,4.33405944e+02,1.41403622e+06,4.83933836e+02,1.49988933e-01,2.49981555e-01,5.99955731e-01,0.00000000e+00
4.35435435e+01,3.37294531e+00,4.37428708e+02,1.40317713e+06,4.82860526e+02,1.49987740e-01,2.49979567e-01,5.99950960e-01,0.00000000e+00
4.36436436e+01,3.35457185e+00,4.41498744e+02,1.39249968e+06,4.81811004e+02,1.49987669e-01,2.49979449e-01,5.99950677e-01,0.00000000e+00
4.37437437e+01,3.33647360e+00,4.45634296e+02,1.38202034e+06,4.80777651e+02,1.49988077e-01,2.49980129e-01,5.99952309e-01,0.00000000e+00
4.38438438e+01,3.31869775e+00,4.49838660e+02,1.37173414e+06,4.79754828e+02,1.49988222e-01,2.49980371e-01,5.99952889e-01,0.00000000e+00
4.39439439e+01,3.30122462e+00,4.54108107e+02,1.36164267e+06,4.78745010e+02,1.49988542e-01,2.49980903e-01,5.99954168e-01,0.00000000e+00
4.40440440e+01,3.28403872e+00,4.58436979e+02,1.35178522e+06,4.77759805e+02,1.49990613e-01,2.49984355e-01,5.99962453e-01,0.00000000e+00
4.41441441e+01,3.26689048e+00,4.62762368e+02,1.34192963e+06,4.76764100e+02,1.49991237e-01,2.49985395e-01,5.99964949e-01,0.00000000e+00
4.42442442e+01,3.24952672e+00,4.67033315e+02,1.33197515e+06,4.75755616e+02,1.49991398e-01,2.49985664e-01,5.99965593e-01,0.00000000e+00
4.43443443e+01,3.23182490e+00,4.71217221e+02,1.32184641e+06,4.74723912e+02,1.49991390e-01,2.49985651e-01,5.99965561e-01,0.00000000e+00
4.44444444e+01,3.21370316e+00,4.75286733e+02,1.31145165e+06,4.73650588e+02,1.49990139e-01,2.49983566e-01,5.99960558e-01,0.00000000e+00
4.45445445e+01,3.19520975e+00,4.79240075e+02,1.30080009e+06,4.72531705e+02,1.49987303e-01,2.49978839e-01,5.99949213e-01,0.00000000e+00
4.46446446e+01,3.17664291e+00,4.83139056e+02,1.29016573e+06,4.71412412e+02,1.49985873e-01,2.49976456e-01,5.99943494e-01,0.00000000e+00
4.47447447e+01,3.15823113e+00,4.87076879e+02,1.27971323e+06,4.70319519e+02,1.49985756e-01,2.49976259e-01,5.99943022e-01,0.00000000e+00
4.48448448e+01,3.14013937e+00,4.91086177e+02,1.26950061e+06,4.69251755e+02,1.49986561e-01,2.49977602e-01,5.99946246e-01,0.00000000e+00
4.49449449e+01,3.12250209e+00,4.95192991e+02,1.25957024e+06,4.68207645e+02,1.49987621e-01,2.49979368e-01,5.99950483e-01,0.00000000e+00
4.50450450e+01,3.10537001e+00,4.99404411e+02,1.24992845e+06,4.67184608e+02,1.49988354e-01,2.49980590e-01,5.99953415e-01,0.00000000e+00
4.51451451e+01,3.08870351e+00,5.03714544e+02,1.24056277e+06,4.66183653e+02,1.49989117e-01,2.49981861e-01,5.99956468e-01,0.00000000e+00
4.52452452e+01,3.07244986e+00,5.08109249e+02,1.23150888e+06,4.65219717e+02,1.49992277e-01,2.49987128e-01,5.99969108e-01,0.00000000e+00
4.53453453e+01,3.05625456e+00,5.12500047e+02,1.22245815e+06,4.64244450e+02,1.49993356e-01,2.49988927e-01,5.99973424e-01,0.00000000e+00
4.54454454e+01,3.03973433e+00,5.16805238e+02,1.21325116e+06,4.63250975e+02,1.49993697e-01,2.49989494e-01,5.99974787e-01,0.00000000e+00
4.55455455e+01,3.02280229e+00,5.20991603e+02,1.20381733e+06,4.62223462e+02,1.49993738e-01,2.49989563e-01,5.99974950e-01,0.00000000e+00
4.56456456e+01,3.00544436e+00,5.25045420e+02,1.19409579e+06,4.61144149e+02,1.49991979e-01,2.49986632e-01,5.99967917e-01,0.00000000e+00
4.57457457e+01,2.98781947e+00,5.28987534e+02,1.18420146e+06,4.60029029e+02,1.49989297e-01,2.49982161e-01,5.99957187e-01,0.00000000e+00
4.58458458e+01,2.97023347e+00,5.32916717e+02,1.17442727e+06,4.58934479e+02,1.49988899e-01,2.49981498e-01,5.99955596e-01,0.00000000e+00
4.59459459e+01,2.95287301e+00,5.36901260e+02,1.16487778e+06,4.57874739e+02,1.49990300e-01,2.49983834e-01,5.99961200e-01,0.00000000e+00
4.60460460e+01,2.93593353e+00,5.40973022e+02,1.15560018e+06,4.56842263e+02,1.49992442e-01,2.49987403e-01,5.99969767e-01,0.00000000e+00
4.61461461e+01,2.91952033e+00,5.45145862e+02,1.14661037e+06,4.55831359e+02,1.49994186e-01,2.49990311e-01,5.99976746e-01,0.00000000e+00
4.62462462e+01,2.90361636e+00,5.49413223e+02,1.13793765e+06,4.54852422e+02,1.49997143e-01,2.49995238e-01,5.99988571e-01,0.00000000e+00
4.63463463e+01,2.88802600e+00,5.53711744e+02,1.12942083e+06,4.53879577e+02,1.49998985e-01,2.49998308e-01,5.99995938e-01,0.00000000e+00
4.64464464e+01,2.87225168e+00,5.57938107e+02,1.12080542e+06,4.52891103e+02,1.49998946e-01,2.49998243e-01,5.99995784e-01,0.00000000e+00
4.65465465e+01,2.85622547e+00,5.62068543e+02,1.11203700e+06,4.51872926e+02,1.49997733e-01,2.49996221e-01,5.99990931e-01,0.00000000e+00
4.66466466e+01,2.84001509e+00,5.66108815e+02,1.10312448e+06,4.50818168e+02,1.49994982e-01,2.49991637e-01,5.99979928e-01,0.00000000e+00
4.67467467e+01,2.82381872e+00,5.70129964e+02,1.09429136e+06,4.49775694e+02,1.49994191e-01,2.49990319e-01,5.99976765e-01,0.00000000e+00
4.68468468e+01,2.80778149e+00,5.74204938e+02,1.08565044e+06,4.48768524e+02,1.49995622e-01,2.49992704e-01,5.99982489e-01,0.00000000e+00
4.69469469e+01,2.79207658e+00,5.78366600e+02,1.07722945e+06,4.47785329e+02,1.49997941e-01,2.49996569e-01,5.99991765e-01,0.00000000e+00
4.70470470e+01,2.77678606e+00,5.82628763e+02,1.06903629e+06,4.46819514e+02,1.50000311e-01,2.50000519e-01,6.00001245e-01,0.00000000e+00
4.71471471e+01,2.76184611e+00,5.86961409e+02,1.06103525e+06,4.45866813e+02,1.50002831e-01,2.50004718e-01,6.00011324e-01,0.00000000e+00
4.72472472e+01,2.74681241e+00,5.91268818e+02,1.05296619e+06,4.44897305e+02,1.50002990e-01,2.50004984e-01,6.00011962e-01,0.00000000e+00
4.73473473e+01,2.73150647e+00,5.95504830e+02,1.04478336e+06,4.43912969e+02,1.50003174e-01,2.50005290e-01,6.00012696e-01,0.00000000e+00
4.74474474e+01,2.71593078e+00,5.99658890e+02,1.03643294e+06,4.42893251e+02,1.50002230e-01,2.50003717e-01,6.00008920e-01,0.00000000e+00
4.75475475e+01,2.70014098e+00,6.03733405e+02,1.02792188e+06,4.41833521e+02,1.49999314e-01,2.49998857e-01,5.99997258e-01,0.00000000e+00
4.76476476e+01,2.68431626e+00,6.07787050e+02,1.01945124e+06,4.40779347e+02,1.49998116e-01,2.49996860e-01,5.99992465e-01,0.00000000e+00
4.77477477e+01,2.66859984e+00,6.11896821e+02,1.01114792e+06,4.39760240e+02,1.49999407e-01,2.49999011e-01,5.99997626e-01,0.00000000e+00
4.78478478e+01,2.65316536e+00,6.16094535e+02,1.00303702e+06,4.38763756e+02,1.50001694e-01,2.50002823e-01,6.00006775e-01,0.00000000e+00
4.79479479e+01,2.63810787e+00,6.20389608e+02,9.95127575e+05,4.37781682e+02,1.50004017e-01,2.50006696e-01,6.00016070e-01,0.00000000e+00
4.80480480e+01,2.62334135e+00,6.24745409e+02,9.87362759e+05,4.36805107e+02,1.50005953e-01,2.50009922e-01,6.00023814e-01,0.00000000e+00
4.81481481e+01,2.60843563e+00,6.29064081e+02,9.79529446e+05,4.35815623e+02,1.50006073e-01,2.50010122e-01,6.00024293e-01,0.00000000e+00
4.82482482e+01,2.59328688e+00,6.33309750e+02,9.71599378e+05,4.34811485e+02,1.50006447e-01,2.50010745e-01,6.00025787e-01,0.00000000e+00
4.83483483e+01,2.57789817e+00,6.37466620e+02,9.63521348e+05,4.33772785e+02,1.50005626e-01,2.50009377e-01,6.00022504e-01,0.00000000e+00
4.84484484e+01,2.56232169e+00,6.41523745e+02,9.55281508e+05,4.32688528e+02,1.50001846e-01,2.50003076e-01,6.00007383e-01,0.00000000e+00
4.85485485e+01,2.54673990e+00,6.45521887e+02,9.47069669e+05,4.31601201e+02,1.49999205e-01,2.49998674e-01,5.99996819e-01,0.00000000e+00
4.86486486e+01,2.53131905e+00,6.49559548e+02,9.39086894e+05,4.30566951e+02,1.50000417e-01,2.50000695e-01,6.00001667e-01,0.00000000e+00
4.87487487e+01,2.51630504e+00,6.53693750e+02,9.31398189e+05,4.29579279e+02,1.50004070e-01,2.50006783e-01,6.00016279e-01,0.00000000e+00
4.88488488e+01,2.50189690e+00,6.57949893e+02,9.23991182e+05,4.28610464e+02,1.50006443e-01,2.50010739e-01,6.00025773e-01,0.00000000e+00
4.89489489e+01,2.48803982e+00,6.62303769e+02,9.16831893e+05,4.27654312e+02,1.50007784e-01,2.50012974e-01,6.00031137e-01,0.00000000e+00
4.90490490e+01,2.47430726e+00,6.66676609e+02,9.09689488e+05,4.26682909e+02,1.50005977e-01,2.50009962e-01,6.00023909e-01,0.00000000e+00
4.91491491e+01,2.46029702e+00,6.71003193e+02,9.02452326e+05,4.25704670e+02,1.50003910e-01,2.50006516e-01,6.00015639e-01,0.00000000e+00
4.92492492e+01,2.44605624e+00,6.75293847e+02,8.95112903e+05,4.24705787e+02,1.50002144e-01,2.50003573e-01,6.00008576e-01,0.00000000e+00
4.93493493e+01,2.43160812e+00,6.79560083e+02,8.87678255e+05,4.23685416e+02,1.50000514e-01,2.50000856e-01,6.00002055e-01,0.00000000e+00
4.94494494e+01,2.41689551e+00,6.83852645e+02,8.80131731e+05,4.22644682e+02,1.49999103e-01,2.49998504e-01,5.99996410e-01,0.00000000e+00
4.95495495e+01,2.40171859e+00,6.88272495e+02,8.72375387e+05,4.21571577e+02,1.49997571e-01,2.49995952e-01,5.99990286e-01,0.00000000e+00
4.96496496e+01,2.38578510e+00,6.92931188e+02,8.64278624e+05,4.20450960e+02,1.49996584e-01,2.49994306e-01,5.99986335e-01,0.00000000e+00
4.97497497e+01,2.36852152e+00,6.98000264e+02,8.55545914e+05,4.19235623e+02,1.49996828e-01,2.49994713e-01,5.99987310e-01,0.00000000e+00
4.98498498e+01,2.35138518e+00,7.03062873e+02,8.46917740e+05,4.18031792e+02,1.49996943e-01,2.49994904e-01,5.99987771e-01,0.00000000e+00
4.99499499e+01,2.33886407e+00,7.06737211e+02,8.40665051e+05,9.95218527e+01,8.67395773e-01,1.32604227e-01,0.00000000e+00,0.00000000e+00
5.00500501e+01,2.33212476e+00,7.08751396e+02,8.37304857e+05,1.24543476e+03,0.00000000e+00,2.30000000e-01,7.69999841e-01,0.00000000e+00
5.01501502e+01,2.31892025e+00,7.12789316e+02,8.30693640e+05,1.24263652e+03,0.00000000e+00,2.30000000e-01,7.70000087e-01,0.00000000e+00
5.02502503e+01,2.30496192e+00,7.17096276e+02,8.23722483e+05,1.23967038e+03,0.00000000e+00,2.30000000e-01,7.70000046e-01,0.00000000e+00
5.03503504e+01,2.29097646e+00,7.21446460e+02,8.16746901e+05,1.23667594e+03,0.00000000e+00,2.30000000e-01,7.70000079e-01,0.00000000e+00
5.04504505e+01,2.27723346e+00,7.25737653e+02,8.09893522e+05,1.23369961e+03,0.00000000e+00,2.30000000e-01,7.70000051e-01,0.00000000e+00
5.05505506e+01,2.26362791e+00,7.29989163e+02,8.03128248e+05,1.23074747e+03,0.00000000e+00,2.30000000e-01,7.69999976e-01,0.00000000e+00
5.06506507e+01,2.25013143e+00,7.34213257e+02,7.96429098e+05,1.22780199e+03,0.00000000e+00,2.30000000e-01,7.69999954e-01,0.00000000e+00
5.07507508e+01,2.23673719e+00,7.38421129e+02,7.89783551e+05,1.22484805e+03,0.00000000e+00,2.30000000e-01,7.69999976e-01,0.00000000e+00
5.08508509e+01,2.22342501e+00,7.42624246e+02,7.83192424e+05,1.22189833e+03,0.00000000e+00,2.30000000e-01,7.69999998e-01,0.00000000e+00
5.09509510e+01,2.21017323e+00,7.46830241e+02,7.76660498e+05,1.21897271e+03,0.00000000e+00,2.30000000e-01,7.70000003e-01,0.00000000e+00
5.10510511e+01,2.19697753e+00,7.51039824e+02,7.70186079e+05,1.21607155e+03,0.00000000e+00,2.30000000e-01,7.70000004e-01,0.00000000e+00
5.11511512e+01,2.18384659e+00,7.55249008e+02,7.63760647e+05,1.21317716e+03,0.00000000e+00,2.30000000e-01,7.70000007e-01,0.00000000e+00
5.12512513e+01,2.17078682e+00,7.59453507e+02,7.57375775e+05,1.21027290e+03,0.00000000e+00,2.30000000e-01,7.70000009e-01,0.00000000e+00
5.13513514e+01,2.15779546e+00,7.63651636e+02,7.51027878e+05,1.20735466e+03,0.00000000e+00,2.30000000e-01,7.70000000e-01,0.00000000e+00
5.14514515e+01,2.14486711e+00,7.67844657e+02,7.44719367e+05,1.20442941e+03,0.00000000e+00,2.30000000e-01,7.69999976e-01,0.00000000e+00
5.15515516e+01,2.13200303e+00,7.72036633e+02,7.38457052e+05,1.20150762e+03,0.00000000e+00,2.30000000e-01,7.69999948e-01,0.00000000e+00
5.16516517e+01,2.11921533e+00,7.76233895e+02,7.32249884e+05,1.19859739e+03,0.00000000e+00,2.30000000e-01,7.69999948e-01,0.00000000e+00
5.17517518e+01,2.10652424e+00,7.80443652e+02,7.26106506e+05,1.19570201e+03,0.00000000e+00,2.30000000e-01,7.69999975e-01,0.00000000e+00
5.18518519e+01,2.09393761e+00,7.84669288e+02,7.20029457e+05,1.19282189e+03,0.00000000e+00,2.30000000e-01,7.70000012e-01,0.00000000e+00
5.19519520e+01,2.08144339e+00,7.88908689e+02,7.14014282e+05,1.18995724e+03,0.00000000e+00,2.30000000e-01,7.70000045e-01,0.00000000e+00
5.20520521e+01,2.06902647e+00,7.93157682e+02,7.08053903e+05,1.18710551e+03,0.00000000e+00,2.30000000e-01,7.70000071e-01,0.00000000e+00
5.21521522e+01,2.05666330e+00,7.97409641e+02,7.02138802e+05,1.18426480e+03,0.00000000e+00,2.30000000e-01,7.70000076e-01,0.00000000e+00
5.22522523e+01,2.04433000e+00,8.01656718e+02,6.96259209e+05,1.18143275e+03,0.00000000e+00,2.30000000e-01,7.70000053e-01,0.00000000e+00
5.23523524e+01,2.03201307e+00,8.05891755e+02,6.90406604e+05,1.17860292e+03,0.00000000e+00,2.30000000e-01,7.70000013e-01,0.00000000e+00
5.24524525e+01,2.01971310e+00,8.10110779e+02,6.84575723e+05,1.17576599e+03,0.00000000e+00,2.30000000e-01,7.70000001e-01,0.00000000e+00
5.25525526e+01,2.00743654e+00,8.14310397e+02,6.78761510e+05,1.17290938e+03,0.00000000e+00,2.30000000e-01,7.70000004e-01,0.00000000e+00
5.26526527e+01,1.99518321e+00,8.18489181e+02,6.72962521e+05,1.17003048e+03,0.00000000e+00,2.30000000e-01,7.70000000e-01,0.00000000e+00
5.27527528e+01,1.98294890e+00,8.22648226e+02,6.67180937e+05,1.16713528e+03,0.00000000e+00,2.30000000e-01,7.69999971e-01,0.00000000e+00
5.28528529e+01,1.97073364e+00,8.26792776e+02,6.61424641e+05,1.16423743e+03,0.00000000e+00,2.30000000e-01,7.69999917e-01,0.00000000e+00
5.29529530e+01,1.95855429e+00,8.30933277e+02,6.55707310e+05,1.16135107e+03,0.00000000e+00,2.30000000e-01,7.69999927e-01,0.00000000e+00
5.30530531e+01,1.94643355e+00,8.35076400e+02,6.50035268e+05,1.15847437e+03,0.00000000e+00,2.30000000e-01,7.69999976e-01,0.00000000e+00
5.31531532e+01,1.93437948e+00,8.39224525e+02,6.44410157e+05,1.15560594e+03,0.00000000e+00,2.30000000e-01,7.70000031e-01,0.00000000e+00
5.32532533e+01,1.92238469e+00,8.43374400e+02,6.38826424e+05,1.15274069e+03,0.00000000e+00,2.30000000e-01,7.70000067e-01,0.00000000e+00
5.33533534e+01,1.91042993e+00,8.47519591e+02,6.33274524e+05,1.14987321e+03,0.00000000e+00,2.30000000e-01,7.70000063e-01,0.00000000e+00
5.34534535e+01,1.89849541e+00,8.51654405e+02,6.27747477e+05,1.14700281e+03,0.00000000e+00,2.30000000e-01,7.70000057e-01,0.00000000e+00
5.35535536e+01,1.88657449e+00,8.55777915e+02,6.22246773e+05,1.14413629e+03,0.00000000e+00,2.30000000e-01,7.70000036e-01,0.00000000e+00
5.36536537e+01,1.87474897e+00,8.59913112e+02,6.16805726e+05,1.14128579e+03,0.00000000e+00,2.30000000e-01,7.69999875e-01,0.00000000e+00
5.37537538e+01,1.86311781e+00,8.64086968e+02,6.11455518e+05,1.13844925e+03,0.00000000e+00,2.30000000e-01,7.69999898e-01,0.00000000e+00
5.38538539e+01,1.85164406e+00,8.68289409e+02,6.06189661e+05,1.13563856e+03,0.00000000e+00,2.30000000e-01,7.69999927e-01,0.00000000e+00
5.39539540e+01,1.84029669e+00,8.72511744e+02,6.00996838e+05,1.13285270e+03,0.00000000e+00,2.30000000e-01,7.69999955e-01,0.00000000e+00
5.40540541e+01,1.82905300e+00,8.76747771e+02,5.95864809e+05,1.13008348e+03,0.00000000e+00,2.30000000e-01,7.70000003e-01,0.00000000e+00
5.41541542e+01,1.81789749e+00,8.80993175e+02,5.90780976e+05,1.12731729e+03,0.00000000e+00,2.30000000e-01,7.70000054e-01,0.00000000e+00
5.42542543e+01,1.80681178e+00,8.85245129e+02,5.85734648e+05,1.12454553e+03,0.00000000e+00,2.30000000e-01,7.70000085e-01,0.00000000e+00
5.43543544e+01,1.79576780e+00,8.89498547e+02,5.80718824e+05,1.12177245e+03,0.00000000e+00,2.30000000e-01,7.70000076e-01,0.00000000e+00
5.44544545e+01,1.78474737e+00,8.93745150e+02,5.75729996e+05,1.11900279e+03,0.00000000e+00,2.30000000e-01,7.70000040e-01,0.00000000e+00
5.45545546e+01,1.77374878e+00,8.97975969e+02,5.70766317e+05,1.11623413e+03,0.00000000e+00,2.30000000e-01,7.70000019e-01,0.00000000e+00
5.46546547e+01,1.76276956e+00,9.02187389e+02,5.65823655e+05,1.11346003e+03,0.00000000e+00,2.30000000e-01,7.70000019e-01,0.00000000e+00
5.47547548e+01,1.75180344e+00,9.06377940e+02,5.60898021e+05,1.11067656e+03,0.00000000e+00,2.30000000e-01,7.70000013e-01,0.00000000e+00
5.48548549e+01,1.74082924e+00,9.10555129e+02,5.55982641e+05,1.10788365e+03,0.00000000e+00,2.30000000e-01,7.69999974e-01,0.00000000e+00
5.49549550e+01,1.72984357e+00,9.14725717e+02,5.51075608e+05,1.10507935e+03,0.00000000e+00,2.30000000e-01,7.69999943e-01,0.00000000e+00
5.50550551e+01,1.71887290e+00,9.18887836e+02,5.46186163e+05,1.10226510e+03,0.00000000e+00,2.30000000e-01,7.69999894e-01,0.00000000e+00
5.51551552e+01,1.70795347e+00,9.23044322e+02,5.41339905e+05,1.09946936e+03,0.00000000e+00,2.30000000e-01,7.69999903e-01,0.00000000e+00
5.52552553e+01,1.69712273e+00,9.27198345e+02,5.36544369e+05,1.09668395e+03,0.00000000e+00,2.30000000e-01,7.69999962e-01,0.00000000e+00
5.53553554e+01,1.68639048e+00,9.31353534e+02,5.31796969e+05,1.09389788e+03,0.00000000e+00,2.30000000e-01,7.70000029e-01,0.00000000e+00
5.54554555e+01,1.67574017e+00,9.35510427e+02,5.27093858e+05,1.09111452e+03,0.00000000e+00,2.30000000e-01,7.70000043e-01,0.00000000e+00
5.55555556e+01,1.66514894e+00,9.39671673e+02,5.22433178e+05,1.08834534e+03,0.00000000e+00,2.30000000e-01,7.70000049e-01,0.00000000e+00
5.56556557e+01,1.65461321e+00,9.43837561e+02,5.17813527e+05,1.08559042e+03,0.00000000e+00,2.30000000e-01,7.69999954e-01,0.00000000e+00
5.57557558e+01,1.64416871e+00,9.48012541e+02,5.13242197e+05,1.08284198e+03,0.00000000e+00,2.30000000e-01,7.69999944e-01,0.00000000e+00
5.58558559e+01,1.63382993e+00,9.52196918e+02,5.08726096e+05,1.08010570e+03,0.00000000e+00,2.30000000e-01,7.69999979e-01,0.00000000e+00
5.59559560e+01,1.62357741e+00,9.56389019e+02,5.04262071e+05,1.07738861e+03,0.00000000e+00,2.30000000e-01,7.70000007e-01,0.00000000e+00
5.60560561e+01,1.61339997e+00,9.60588446e+02,4.99842130e+05,1.07468175e+03,0.00000000e+00,2.30000000e-01,7.70000045e-01,0.00000000e+00
5.61561562e+01,1.60327828e+00,9.64796940e+02,4.95455046e+05,1.07197435e+03,0.00000000e+00,2.30000000e-01,7.70000075e-01,0.00000000e+00
5.62562563e+01,1.59318167e+00,9.69016545e+02,4.91090374e+05,1.06926454e+03,0.00000000e+00,2.30000000e-01,7.70000086e-01,0.00000000e+00
5.63563564e+01,1.58308160e+00,9.73245812e+02,4.86741369e+05,1.06655689e+03,0.00000000e+00,2.30000000e-01,7.70000024e-01,0.00000000e+00
5.64564565e+01,1.57297695e+00,9.77479678e+02,4.82413656e+05,1.06386451e+03,0.00000000e+00,2.30000000e-01,7.69999984e-01,0.00000000e+00
5.65565566e+01,1.56292183e+00,9.81687694e+02,4.78116349e+05,1.06117111e+03,0.00000000e+00,2.30000000e-01,7.69999999e-01,0.00000000e+00
5.66566567e+01,1.55291762e+00,9.85868346e+02,4.73843095e+05,1.05846185e+03,0.00000000e+00,2.30000000e-01,7.70000021e-01,0.00000000e+00
5.67567568e+01,1.54295348e+00,9.90023144e+02,4.69588924e+05,1.05573296e+03,0.00000000e+00,2.30000000e-01,7.70000031e-01,0.00000000e+00
5.68568569e+01,1.53301183e+00,9.94155649e+02,4.65351993e+05,1.05299207e+03,0.00000000e+00,2.30000000e-01,7.70000123e-01,0.00000000e+00
5.69569570e+01,1.52307772e+00,9.98278002e+02,4.61140024e+05,1.05026739e+03,0.00000000e+00,2.30000000e-01,7.69999891e-01,0.00000000e+00
5.70570571e+01,1.51321974e+00,1.00242904e+03,4.56975780e+05,1.04756345e+03,0.00000000e+00,2.30000000e-01,7.69999838e-01,0.00000000e+00
5.71571572e+01,1.50347461e+00,1.00662746e+03,4.52854145e+05,1.04484382e+03,0.00000000e+00,2.30000000e-01,7.69999889e-01,0.00000000e+00
5.72572573e+01,1.49382837e+00,1.01084641e+03,4.48775982e+05,1.04212063e+03,0.00000000e+00,2.30000000e-01,7.69999973e-01,0.00000000e+00
5.73573574e+01,1.48426774e+00,1.01506876e+03,4.44743293e+05,1.03940843e+03,0.00000000e+00,2.30000000e-01,7.70000009e-01,0.00000000e+00
5.74574575e+01,1.47478714e+00,1.01928888e+03,4.40759944e+05,1.03672088e+03,0.00000000e+00,2.30000000e-01,7.70000027e-01,0.00000000e+00
5.75575576e+01,1.46538286e+00,1.02350293e+03,4.36825561e+05,1.03406061e+03,0.00000000e+00,2.30000000e-01,7.70000047e-01,0.00000000e+00
5.76576577e+01,1.45604801e+00,1.02770486e+03,4.32930473e+05,1.03141040e+03,0.00000000e+00,2.30000000e-01,7.70000079e-01,0.00000000e+00
5.77577578e+01,1.44676410e+00,1.03188963e+03,4.29062393e+05,1.02875456e+03,0.00000000e+00,2.30000000e-01,7.70000075e-01,0.00000000e+00
5.78578579e+01,1.43749862e+00,1.03606275e+03,4.25216248e+05,1.02610422e+03,0.00000000e+00,2.30000000e-01,7.70000043e-01,0.00000000e+00
5.79579580e+01,1.42823263e+00,1.04022771e+03,4.21387770e+05,1.02346273e+03,0.00000000e+00,2.30000000e-01,7.70000057e-01,0.00000000e+00
5.80580581e+01,1.41893618e+00,1.04439379e+03,4.17563218e+05,1.02081828e+03,0.00000000e+00,2.30000000e-01,7.70000034e-01,0.00000000e+00
5.81581582e+01,1.40957663e+00,1.04857745e+03,4.13728097e+05,1.01815853e+03,0.00000000e+00,2.30000000e-01,7.70000002e-01,0.00000000e+00
5.82582583e+01,1.40020952e+00,1.05276109e+03,4.09900713e+05,1.01548793e+03,0.00000000e+00,2.30000000e-01,7.69999914e-01,0.00000000e+00
5.83583584e+01,1.39096591e+00,1.05692386e+03,4.06127930e+05,1.01282764e+03,0.00000000e+00,2.30000000e-01,7.69999792e-01,0.00000000e+00
5.84584585e+01,1.38187444e+00,1.06109417e+03,4.02416752e+05,1.01017486e+03,0.00000000e+00,2.30000000e-01,7.69999979e-01,0.00000000e+00
5.85585586e+01,1.37287884e+00,1.06526774e+03,3.98758988e+05,1.00755172e+03,0.00000000e+00,2.30000000e-01,7.70000005e-01,0.00000000e+00
5.86586587e+01,1.36396750e+00,1.06944699e+03,3.95152749e+05,1.00496304e+03,0.00000000e+00,2.30000000e-01,7.69999944e-01,0.00000000e+00
5.87587588e+01,1.35514021e+00,1.07363293e+03,3.91592149e+05,1.00239487e+03,0.00000000e+00,2.30000000e-01,7.69999976e-01,0.00000000e+00
5.88588589e+01,1.34638539e+00,1.07782185e+03,3.88063857e+05,9.99822425e+02,0.00000000e+00,2.30000000e-01,7.70000027e-01,0.00000000e+00
5.89589590e+01,1.33769042e+00,1.08201193e+03,3.84556559e+05,9.97226135e+02,0.00000000e+00,2.30000000e-01,7.70000077e-01,0.00000000e+00
5.90590591e+01,1.32903510e+00,1.08620251e+03,3.81066102e+05,9.94610201e+02,0.00000000e+00,2.30000000e-01,7.70000086e-01,0.00000000e+00
5.91591592e+01,1.32039839e+00,1.09039126e+03,3.77593619e+05,9.91993249e+02,0.00000000e+00,2.30000000e-01,7.70000057e-01,0.00000000e+00
5.92592593e+01,1.31176311e+00,1.09457926e+03,3.74137814e+05,9.89384833e+02,0.00000000e+00,2.30000000e-01,7.70000054e-01,0.00000000e+00
5.93593594e+01,1.30311230e+00,1.09876875e+03,3.70690549e+05,9.86776358e+02,0.00000000e+00,2.30000000e-01,7.70000032e-01,0.00000000e+00
5.94594595e+01,1.29442223e+00,1.10297257e+03,3.67241356e+05,9.84157805e+02,0.00000000e+00,2.30000000e-01,7.69999904e-01,0.00000000e+00
5.95595596e+01,1.28574557e+00,1.10716695e+03,3.63806651e+05,9.81532547e+02,0.00000000e+00,2.30000000e-01,7.69999935e-01,0.00000000e+00
5.96596597e+01,1.27711842e+00,1.11133460e+03,3.60392227e+05,9.78888766e+02,0.00000000e+00,2.30000000e-01,7.69999963e-01,0.00000000e+00
5.97597598e+01,1.26856651e+00,1.11545998e+03,3.57004976e+05,9.76225427e+02,0.00000000e+00,2.30000000e-01,7.69999980e-01,0.00000000e+00
5.98598599e+01,1.26009026e+00,1.11954832e+03,3.53666843e+05,9.73602747e+02,0.00000000e+00,2.30000000e-01,7.69999954e-01,0.00000000e+00
5.99599600e+01,1.25167880e+00,1.12363384e+03,3.50377740e+05,9.71030174e+02,0.00000000e+00,2.30000000e-01,7.69999922e-01,0.00000000e+00
6.00600601e+01,1.24332673e+00,1.12773997e+03,3.47123643e+05,9.68474095e+02,0.00000000e+00,2.30000000e-01,7.69999995e-01,0.00000000e+00
6.01601602e+01,1.23501056e+00,1.13187036e+03,3.43879555e+05,9.65883526e+02,0.00000000e+00,2.30000000e-01,7.70000011e-01,0.00000000e+00
6.02602603e+01,1.22672219e+00,1.13602899e+03,3.40648290e+05,9.63272286e+02,0.00000000e+00,2.30000000e-01,7.70000014e-01,0.00000000e+00
6.03603604e+01,1.21849322e+00,1.14018370e+03,3.37449361e+05,9.60670702e+02,0.00000000e+00,2.30000000e-01,7.70000062e-01,0.00000000e+00
6.04604605e+01,1.21031638e+00,1.14432726e+03,3.34272370e+05,9.58055376e+02,0.00000000e+00,2.30000000e-01,7.70000085e-01,0.00000000e+00
6.05605606e+01,1.20215969e+00,1.14847052e+03,3.31111062e+05,9.55433768e+02,0.00000000e+00,2.30000000e-01,7.70000052e-01,0.00000000e+00
6.06606607e+01,1.19400406e+00,1.15261969e+03,3.27963847e+05,9.52816446e+02,0.00000000e+00,2.30000000e-01,7.70000008e-01,0.00000000e+00
6.07607608e+01,1.18585842e+00,1.15676435e+03,3.24833701e+05,9.50204928e+02,0.00000000e+00,2.30000000e-01,7.70000088e-01,0.00000000e+00
6.08608609e+01,1.17774995e+00,1.16087184e+03,3.21729593e+05,9.47603999e+02,0.00000000e+00,2.30000000e-01,7.70000251e-01,0.00000000e+00
6.09609610e+01,1.16973192e+00,1.16494815e+03,3.18675461e+05,9.45042805e+02,0.00000000e+00,2.30000000e-01,7.69999732e-01,0.00000000e+00
6.10610611e+01,1.16187995e+00,1.16904260e+03,3.15678027e+05,9.42480205e+02,0.00000000e+00,2.30000000e-01,7.69999859e-01,0.00000000e+00
6.11611612e+01,1.15413749e+00,1.17315395e+03,3.12726560e+05,9.39931728e+02,0.00000000e+00,2.30000000e-01,7.69999978e-01,0.00000000e+00
6.12612613e+01,1.14646767e+00,1.17728588e+03,3.09823354e+05,9.37435567e+02,0.00000000e+00,2.30000000e-01,7.69999986e-01,0.00000000e+00
6.13613614e+01,1.13883900e+00,1.18146540e+03,3.06949493e+05,9.34961401e+02,0.00000000e+00,2.30000000e-01,7.69999974e-01,0.00000000e+00
6.14614615e+01,1.13125104e+00,1.18569118e+03,3.04087702e+05,9.32457337e+02,0.00000000e+00,2.30000000e-01,7.69999942e-01,0.00000000e+00
6.15615616e+01,1.12372743e+00,1.18993299e+03,3.01252257e+05,9.29947507e+02,0.00000000e+00,2.30000000e-01,7.69999941e-01,0.00000000e+00
6.16616617e+01,1.11626868e+00,1.19417674e+03,2.98453040e+05,9.27462479e+02,0.00000000e+00,2.30000000e-01,7.70000001e-01,0.00000000e+00
6.17617618e+01,1.10886096e+00,1.19842260e+03,2.95679801e+05,9.24982718e+02,0.00000000e+00,2.30000000e-01,7.70000055e-01,0.00000000e+00
6.18618619e+01,1.10148819e+00,1.20267583e+03,2.92919645e+05,9.22481575e+02,0.00000000e+00,2.30000000e-01,7.70000079e-01,0.00000000e+00
6.19619620e+01,1.09412730e+00,1.20694405e+03,2.90169891e+05,9.19969708e+02,0.00000000e+00,2.30000000e-01,7.70000101e-01,0.00000000e+00
6.20620621e+01,1.08674995e+00,1.21123681e+03,2.87425065e+05,9.17453613e+02,0.00000000e+00,2.30000000e-01,7.69999945e-01,0.00000000e+00
6.21621622e+01,1.07936246e+00,1.21555858e+03,2.84687321e+05,9.14934362e+02,0.00000000e+00,2.30000000e-01,7.69999908e-01,0.00000000e+00
6.22622623e+01,1.07206806e+00,1.21981348e+03,2.82005516e+05,9.12482016e+02,0.00000000e+00,2.30000000e-01,7.70000029e-01,0.00000000e+00
6.23623624e+01,1.06484846e+00,1.22401399e+03,2.79352005e+05,9.10024387e+02,0.00000000e+00,2.30000000e-01,7.70000076e-01,0.00000000e+00
6.24624625e+01,1.05765767e+00,1.22819486e+03,2.76713159e+05,9.07556635e+02,0.00000000e+00,2.30000000e-01,7.70000069e-01,0.00000000e+00
6.25625626e+01,1.05046875e+00,1.23237184e+03,2.74081627e+05,9.05077607e+02,0.00000000e+00,2.30000000e-01,7.70000101e-01,0.00000000e+00
6.26626627e+01,1.04325729e+00,1.23655159e+03,2.71450019e+05,9.02583854e+02,0.00000000e+00,2.30000000e-01,7.69999929e-01,0.00000000e+00
6.27627628e+01,1.03603006e+00,1.24074035e+03,2.68822910e+05,9.00083994e+02,0.00000000e+00,2.30000000e-01,7.69999915e-01,0.00000000e+00
6.28628629e+01,1.02887201e+00,1.24485545e+03,2.66227244e+05,8.97594565e+02,0.00000000e+00,2.30000000e-01,7.70000025e-01,0.00000000e+00
6.29629630e+01,1.02176620e+00,1.24890983e+03,2.63658553e+05,8.95116159e+02,0.00000000e+00,2.30000000e-01,7.70000031e-01,0.00000000e+00
6.30630631e+01,1.01467966e+00,1.25293456e+03,2.61111505e+05,8.92660202e+02,0.00000000e+00,2.30000000e-01,7.69999916e-01,0.00000000e+00
6.31631632e+01,1.00759302e+00,1.25696899e+03,2.58587368e+05,8.90248458e+02,0.00000000e+00,2.30000000e-01,7.70000008e-01,0.00000000e+00
6.32632633e+01,1.00049015e+00,1.26105963e+03,2.56057982e+05,8.87798796e+02,0.00000000e+00,2.30000000e-01,7.70000070e-01,0.00000000e+00
6.33633634e+01,9.93414200e-01,1.26520182e+03,2.53531086e+05,8.85299080e+02,0.00000000e+00,2.30000000e-01,7.69999822e-01,0.00000000e+00
6.34634635e+01,9.86441581e-01,1.26933445e+03,2.51045430e+05,8.82815756e+02,0.00000000e+00,2.30000000e-01,7.69999898e-01,0.00000000e+00
6.35635636e+01,9.79560177e-01,1.27343203e+03,2.48604940e+05,8.80375010e+02,0.00000000e+00,2.30000000e-01,7.70000015e-01,0.00000000e+00
6.36636637e+01,9.72733193e-01,1.27751325e+03,2.46194181e+05,8.77956710e+02,0.00000000e+00,2.30000000e-01,7.70000059e-01,0.00000000e+00
6.37637638e+01,9.65942131e-01,1.28158849e+03,2.43801187e+05,8.75535519e+02,0.00000000e+00,2.30000000e-01,7.70000039e-01,0.00000000e+00
6.38638639e+01,9.59156059e-01,1.28568959e+03,2.41414566e+05,8.73098595e+02,0.00000000e+00,2.30000000e-01,7.69999972e-01,0.00000000e+00
6.39639640e+01,9.52380605e-01,1.28981569e+03,2.39032895e+05,8.70635215e+02,0.00000000e+00,2.30000000e-01,7.69999953e-01,0.00000000e+00
6.40640641e+01,9.45662495e-01,1.29391383e+03,2.36682604e+05,8.68198876e+02,0.00000000e+00,2.30000000e-01,7.70000076e-01,0.00000000e+00
6.41641642e+01,9.38976982e-01,1.29802399e+03,2.34354926e+05,8.65781123e+02,0.00000000e+00,2.30000000e-01,7.70000242e-01,0.00000000e+00
6.42642643e+01,9.32334966e-01,1.30215636e+03,2.32041283e+05,8.63341155e+02,0.00000000e+00,2.30000000e-01,7.69999827e-01,0.00000000e+00
6.43643644e+01,9.25807223e-01,1.30626732e+03,2.29766173e+05,8.60903934e+02,0.00000000e+00,2.30000000e-01,7.69999809e-01,0.00000000e+00
6.44644645e+01,9.19373436e-01,1.31034701e+03,2.27539610e+05,8.58527350e+02,0.00000000e+00,2.30000000e-01,7.70000007e-01,0.00000000e+00
6.45645646e+01,9.12982807e-01,1.31442116e+03,2.25336260e+05,8.56165133e+02,0.00000000e+00,2.30000000e-01,7.70000055e-01,0.00000000e+00
6.46646647e+01,9.06605378e-01,1.31852035e+03,2.23137745e+05,8.53775754e+02,0.00000000e+00,2.30000000e-01,7.70000026e-01,0.00000000e+00
6.47647648e+01,9.00225024e-01,1.32266252e+03,2.20940572e+05,8.51360486e+02,0.00000000e+00,2.30000000e-01,7.69999963e-01,0.00000000e+00
6.48648649e+01,8.93862980e-01,1.32682524e+03,2.18749115e+05,8.48915458e+02,0.00000000e+00,2.30000000e-01,7.69999983e-01,0.00000000e+00
6.49649650e+01,8.87539983e-01,1.33098165e+03,2.16578086e+05,8.46477850e+02,0.00000000e+00,2.30000000e-01,7.70000150e-01,0.00000000e+00
6.50650651e+01,8.81263952e-01,1.33511969e+03,2.14438853e+05,8.44085740e+02,0.00000000e+00,2.30000000e-01,7.69999969e-01,0.00000000e+00
6.51651652e+01,8.75056999e-01,1.33924443e+03,2.12322468e+05,8.41683383e+02,0.00000000e+00,2.30000000e-01,7.69999864e-01,0.00000000e+00
6.52652653e+01,8.68916730e-01,1.34336022e+03,2.10229919e+05,8.39277253e+02,0.00000000e+00,2.30000000e-01,7.69999980e-01,0.00000000e+00
6.53653654e+01,8.62818311e-01,1.34747368e+03,2.08165942e+05,8.36911225e+02,0.00000000e+00,2.30000000e-01,7.70000021e-01,0.00000000e+00
6.54654655e+01,8.56736424e-01,1.35161475e+03,2.06117645e+05,8.34558916e+02,0.00000000e+00,2.30000000e-01,7.70000042e-01,0.00000000e+00
6.55655656e+01,8.50650202e-01,1.35580809e+03,2.04068451e+05,8.32173230e+02,0.00000000e+00,2.30000000e-01,7.70000441e-01,0.00000000e+00
6.56656657e+01,8.44540441e-01,1.36007489e+03,2.02007733e+05,8.29729973e+02,0.00000000e+00,2.30000000e-01,7.69999656e-01,0.00000000e+00
6.57657658e+01,8.38532343e-01,1.36432719e+03,1.99976856e+05,8.27273424e+02,0.00000000e+00,2.30000000e-01,7.69999834e-01,0.00000000e+00
6.58658659e+01,8.32617702e-01,1.36852695e+03,1.97994259e+05,8.24889990e+02,0.00000000e+00,2.30000000e-01,7.70000008e-01,0.00000000e+00
6.59659660e+01,8.26743062e-01,1.37271904e+03,1.96035866e+05,8.22534361e+02,0.00000000e+00,2.30000000e-01,7.70000019e-01,0.00000000e+00
6.60660661e+01,8.20897854e-01,1.37691624e+03,1.94089921e+05,8.20168225e+02,0.00000000e+00,2.30000000e-01,7.70000006e-01,0.00000000e+00
6.61661662e+01,8.15087069e-01,1.38110833e+03,1.92164330e+05,8.17820237e+02,0.00000000e+00,2.30000000e-01,7.69999998e-01,0.00000000e+00
6.62662663e+01,8.09316556e-01,1.38528513e+03,1.90263328e+05,8.15503328e+02,0.00000000e+00,2.30000000e-01,7.70000014e-01,0.00000000e+00
6.63663664e+01,8.03583921e-01,1.38944687e+03,1.88379766e+05,8.13190092e+02,0.00000000e+00,2.30000000e-01,7.70000034e-01,0.00000000e+00
6.64664665e+01,7.97881610e-01,1.39359843e+03,1.86509598e+05,8.10871045e+02,0.00000000e+00,2.30000000e-01,7.70000042e-01,0.00000000e+00
6.65665666e+01,7.92203715e-01,1.39774015e+03,1.84652375e+05,8.08550373e+02,0.00000000e+00,2.30000000e-01,7.70000050e-01,0.00000000e+00
6.66666667e+01,7.86540704e-01,1.40187728e+03,1.82805379e+05,8.06226059e+02,0.00000000e+00,2.30000000e-01,7.70000040e-01,0.00000000e+00
6.67667668e+01,7.80880468e-01,1.40602220e+03,1.80964219e+05,8.03891122e+02,0.00000000e+00,2.30000000e-01,7.70000000e-01,0.00000000e+00
6.68668669e+01,7.75220243e-01,1.41017992e+03,1.79127524e+05,8.01542065e+02,0.00000000e+00,2.30000000e-01,7.69999956e-01,0.00000000e+00
6.69669670e+01,7.69575400e-01,1.41433207e+03,1.77300654e+05,7.99186734e+02,0.00000000e+00,2.30000000e-01,7.69999943e-01,0.00000000e+00
6.70670671e+01,7.63966211e-01,1.41845343e+03,1.75490934e+05,7.96837252e+02,0.00000000e+00,2.30000000e-01,7.69999970e-01,0.00000000e+00
6.71671672e+01,7.58408627e-01,1.42251980e+03,1.73704494e+05,7.94505396e+02,0.00000000e+00,2.30000000e-01,7.70000044e-01,0.00000000e+00
6.72672673e+01,7.52902851e-01,1.42652439e+03,1.71941562e+05,7.92192952e+02,0.00000000e+00,2.30000000e-01,7.70000071e-01,0.00000000e+00
6.73673674e+01,7.47447971e-01,1.43048775e+03,1.70201938e+05,7.89901062e+02,0.00000000e+00,2.30000000e-01,7.69999810e-01,0.00000000e+00
6.74674675e+01,7.42045745e-01,1.43445023e+03,1.68485924e+05,7.87629605e+02,0.00000000e+00,2.30000000e-01,7.69999984e-01,0.00000000e+00
6.75675676e+01,7.36663603e-01,1.43843545e+03,1.66787446e+05,7.85386077e+02,0.00000000e+00,2.30000000e-01,7.70000064e-01,0.00000000e+00
6.76676677e+01,7.31279775e-01,1.44247939e+03,1.65090229e+05,7.83117476e+02,0.00000000e+00,2.30000000e-01,7.69999936e-01,0.00000000e+00
6.77677678e+01,7.25910296e-01,1.44656623e+03,1.63399039e+05,7.80828308e+02,0.00000000e+00,2.30000000e-01,7.70000164e-01,0.00000000e+00
6.78678679e+01,7.20553346e-01,1.45068651e+03,1.61711582e+05,7.78509807e+02,0.00000000e+00,2.30000000e-01,7.69999954e-01,0.00000000e+00
6.79679680e+01,7.15233276e-01,1.45482748e+03,1.60040633e+05,7.76196504e+02,0.00000000e+00,2.30000000e-01,7.69999880e-01,0.00000000e+00
6.80680681e+01,7.09967594e-01,1.45894723e+03,1.58397100e+05,7.73923023e+02,0.00000000e+00,2.30000000e-01,7.70000031e-01,0.00000000e+00
6.81681682e+01,7.04732373e-01,1.46305892e+03,1.56767770e+05,7.71652257e+02,0.00000000e+00,2.30000000e-01,7.70000019e-01,0.00000000e+00
6.82682683e+01,6.99504834e-01,1.46720465e+03,1.55147773e+05,7.69384951e+02,0.00000000e+00,2.30000000e-01,7.70000487e-01,0.00000000e+00
6.83683684e+01,6.94295415e-01,1.47136078e+03,1.53540568e+05,7.67128063e+02,0.00000000e+00,2.30000000e-01,7.70000124e-01,0.00000000e+00
6.84684685e+01,6.89182297e-01,1.47547619e+03,1.51959028e+05,7.64859612e+02,0.00000000e+00,2.30000000e-01,7.69999429e-01,0.00000000e+00
6.85685686e+01,6.84200999e-01,1.47951999e+03,1.50424980e+05,7.62650192e+02,0.00000000e+00,2.30000000e-01,7.69999900e-01,0.00000000e+00
6.86686687e+01,6.79284039e-01,1.48350748e+03,1.48925676e+05,7.60514027e+02,0.00000000e+00,2.30000000e-01,7.70000045e-01,0.00000000e+00
6.87687688e+01,6.74376800e-01,1.48752178e+03,1.47430856e+05,7.58359008e+02,0.00000000e+00,2.30000000e-01,7.69999993e-01,0.00000000e+00
6.88688689e+01,6.69474967e-01,1.49157416e+03,1.45937338e+05,7.56172909e+02,0.00000000e+00,2.30000000e-01,7.70000100e-01,0.00000000e+00
6.89689690e+01,6.64594851e-01,1.49563113e+03,1.44455227e+05,7.53989618e+02,0.00000000e+00,2.30000000e-01,7.70000008e-01,0.00000000e+00
6.90690691e+01,6.59753694e-01,1.49968315e+03,1.42991624e+05,7.51826896e+02,0.00000000e+00,2.30000000e-01,7.69999980e-01,0.00000000e+00
6.91691692e+01,6.54959627e-01,1.50372069e+03,1.41543571e+05,7.49660672e+02,0.00000000e+00,2.30000000e-01,7.69999932e-01,0.00000000e+00
6.92692693e+01,6.50210251e-01,1.50774384e+03,1.40110904e+05,7.47493176e+02,0.00000000e+00,2.30000000e-01,7.69999937e-01,0.00000000e+00
6.93693694e+01,6.45501287e-01,1.51174636e+03,1.38697517e+05,7.45350675e+02,0.00000000e+00,2.30000000e-01,7.70000008e-01,0.00000000e+00
6.94694695e+01,6.40821224e-01,1.51573791e+03,1.37296370e+05,7.43209475e+02,0.00000000e+00,2.30000000e-01,7.70000026e-01,0.00000000e+00
6.95695696e+01,6.36162903e-01,1.51972912e+03,1.35903321e+05,7.41055605e+02,0.00000000e+00,2.30000000e-01,7.70000028e-01,0.00000000e+00
6.96696697e+01,6.31522094e-01,1.52372350e+03,1.34517382e+05,7.38888519e+02,0.00000000e+00,2.30000000e-01,7.70000042e-01,0.00000000e+00
6.97697698e+01,6.26892486e-01,1.52773117e+03,1.33135990e+05,7.36700924e+02,0.00000000e+00,2.30000000e-01,7.70000608e-01,0.00000000e+00
6.98698699e+01,6.22292700e-01,1.53171926e+03,1.31773479e+05,7.34552005e+02,0.00000000e+00,2.30000000e-01,7.69999634e-01,0.00000000e+00
6.99699700e+01,6.17794189e-01,1.53566856e+03,1.30440815e+05,7.32417638e+02,0.00000000e+00,2.30000000e-01,7.69999938e-01,0.00000000e+00
7.00700701e+01,6.13368759e-01,1.53957428e+03,1.29132080e+05,7.30300559e+02,0.00000000e+00,2.30000000e-01,7.69999872e-01,0.00000000e+00
7.01701702e+01,6.09004906e-01,1.54344667e+03,1.27846497e+05,7.28210574e+02,0.00000000e+00,2.30000000e-01,7.70000318e-01,0.00000000e+00
7.02702703e+01,6.04679108e-01,1.54731271e+03,1.26576141e+05,7.26132830e+02,0.00000000e+00,2.30000000e-01,7.69999765e-01,0.00000000e+00
7.03703704e+01,6.00415302e-01,1.55118284e+03,1.25323771e+05,7.24053820e+02,0.00000000e+00,2.30000000e-01,7.69999854e-01,0.00000000e+00
7.04704705e+01,5.96211363e-01,1.55501227e+03,1.24101202e+05,7.22045690e+02,0.00000000e+00,2.30000000e-01,7.70000308e-01,0.00000000e+00
7.05705706e+01,5.92036848e-01,1.55884321e+03,1.22884465e+05,7.20008047e+02,0.00000000e+00,2.30000000e-01,7.69999942e-01,0.00000000e+00
7.06706707e+01,5.87941194e-01,1.56261144e+03,1.21693791e+05,7.17998803e+02,0.00000000e+00,2.30000000e-01,7.69999755e-01,0.00000000e+00
7.07707708e+01,5.83906895e-01,1.56635024e+03,1.20524888e+05,7.16015240e+02,0.00000000e+00,2.30000000e-01,7.69999877e-01,0.00000000e+00
7.08708709e+01,5.79904478e-01,1.57008549e+03,1.19360918e+05,7.13993643e+02,0.00000000e+00,2.30000000e-01,7.70000943e-01,0.00000000e+00
7.09709710e+01,5.75945132e-01,1.57374316e+03,1.18229663e+05,7.12089029e+02,0.00000000e+00,2.30000000e-01,7.70000280e-01,0.00000000e+00
7.10710711e+01,5.72097952e-01,1.57733264e+03,1.17138017e+05,7.10258634e+02,0.00000000e+00,2.30000000e-01,7.70000075e-01,0.00000000e+00
7.11711712e+01,5.68402444e-01,1.58082449e+03,1.16077660e+05,7.08404814e+02,0.00000000e+00,2.30000000e-01,7.70000632e-01,0.00000000e+00
7.12712713e+01,5.64891979e-01,1.58413305e+03,1.15059156e+05,7.06553183e+02,0.00000000e+00,2.30000000e-01,7.69999995e-01,0.00000000e+00
7.13713714e+01,5.61618468e-01,1.58724226e+03,1.14109182e+05,7.04804446e+02,0.00000000e+00,2.30000000e-01,7.69999230e-01,0.00000000e+00
7.14714715e+01,5.58573834e-01,1.59017819e+03,1.13240770e+05,7.03252253e+02,0.00000000e+00,2.30000000e-01,7.70000385e-01,0.00000000e+00
7.15715716e+01,5.55712762e-01,1.59289496e+03,1.12452731e+05,7.01952797e+02,0.00000000e+00,2.30000000e-01,7.70001807e-01,0.00000000e+00
7.16716717e+01,5.53087281e-01,1.59530374e+03,1.11752440e+05,7.00893284e+02,0.00000000e+00,2.30000000e-01,7.70001177e-01,0.00000000e+00
7.17717718e+01,5.50845406e-01,1.59736028e+03,1.11153521e+05,6.99975404e+02,0.00000000e+00,2.30000000e-01,7.69999534e-01,0.00000000e+00
7.18718719e+01,5.49078048e-01,1.59906654e+03,1.10657216e+05,6.99093518e+02,0.00000000e+00,2.30000000e-01,7.69998801e-01,0.00000000e+00
7.19719720e+01,5.47746385e-01,1.60044127e+03,1.10256154e+05,6.98253084e+02,0.00000000e+00,2.30000000e-01,7.69998965e-01,0.00000000e+00
7.20720721e+01,5.46749901e-01,1.60151214e+03,1.09947788e+05,6.97568935e+02,0.00000000e+00,2.30000000e-01,7.69999399e-01,0.00000000e+00
7.21721722e+01,5.46000853e-01,1.60230115e+03,1.09728441e+05,6.97131991e+02,0.00000000e+00,2.30000000e-01,7.69999901e-01,0.00000000e+00
7.22722723e+01,5.45446061e-01,1.60282309e+03,1.09583274e+05,6.96917749e+02,0.00000000e+00,2.30000000e-01,7.70000039e-01,0.00000000e+00
7.23723724e+01,5.45062566e-01,1.60311607e+03,1.09493136e+05,6.96834614e+02,0.00000000e+00,2.30000000e-01,7.69999787e-01,0.00000000e+00
7.24724725e+01,5.44830681e-01,1.60324537e+03,1.09442273e+05,6.96807350e+02,0.00000000e+00,2.30000000e-01,7.69999786e-01,0.00000000e+00
7.25725726e+01,5.44713766e-01,1.60327335e+03,1.09417422e+05,6.96798741e+02,0.00000000e+00,2.30000000e-01,7.69999663e-01,0.00000000e+00
7.26726727e+01,5.44676638e-01,1.60325688e+03,1.09409870e+05,6.96798312e+02,0.00000000e+00,2.30000000e-01,7.69999431e-01,0.00000000e+00
7.27727728e+01,5.44685087e-01,1.60323797e+03,1.09412723e+05,6.96805520e+02,0.00000000e+00,2.30000000e-01,7.69999640e-01,0.00000000e+00
7.28728729e+01,5.44735928e-01,1.60318105e+03,1.09426878e+05,6.96830554e+02,0.00000000e+00,2.30000000e-01,7.69999743e-01,0.00000000e+00
7.29729730e+01,5.44856044e-01,1.60306408e+03,1.09459527e+05,6.96884749e+02,0.00000000e+00,2.30000000e-01,7.69999811e-01,0.00000000e+00
7.30730731e+01,5.45066205e-01,1.60286800e+03,1.09516550e+05,6.96978898e+02,0.00000000e+00,2.30000000e-01,7.69999888e-01,0.00000000e+00
7.31731732e+01,5.45380107e-01,1.60257837e+03,1.09602318e+05,6.97123200e+02,0.00000000e+00,2.30000000e-01,7.69999975e-01,0.00000000e+00
7.32732733e+01,5.45803033e-01,1.60218666e+03,1.09719224e+05,6.97325969e+02,0.00000000e+00,2.30000000e-01,7.70000051e-01,0.00000000e+00
7.33733734e+01,5.46332243e-01,1.60169095e+03,1.09867543e+05,6.97592201e+02,0.00000000e+00,2.30000000e-01,7.70000099e-01,0.00000000e+00
7.34734735e+01,5.46958921e-01,1.60109600e+03,1.10045543e+05,6.97921853e+02,0.00000000e+00,2.30000000e-01,7.70000071e-01,0.00000000e+00
7.35735736e+01,5.47673971e-01,1.60041238e+03,1.10249456e+05,6.98302842e+02,0.00000000e+00,2.30000000e-01,7.69999162e-01,0.00000000e+00
7.36736737e+01,5.48445883e-01,1.59966234e+03,1.10474125e+05,6.98739974e+02,0.00000000e+00,2.30000000e-01,7.70000631e-01,0.00000000e+00
7.37737738e+01,5.49101638e-01,1.59899560e+03,1.10674783e+05,6.99173328e+02,0.00000000e+00,2.30000000e-01,7.70000375e-01,0.00000000e+00
7.38738739e+01,5.49643923e-01,1.59844236e+03,1.10840983e+05,6.99532544e+02,0.00000000e+00,2.30000000e-01,7.70000209e-01,0.00000000e+00
7.39739740e+01,5.50111219e-01,1.59797530e+03,1.10979045e+05,6.99809044e+02,0.00000000e+00,2.30000000e-01,7.70000026e-01,0.00000000e+00
7.40740741e+01,5.50527425e-01,1.59757285e+03,1.11094387e+05,7.00006928e+02,0.00000000e+00,2.30000000e-01,7.69999779e-01,0.00000000e+00
7.41741742e+01,5.50901752e-01,1.59721655e+03,1.11192861e+05,7.00151257e+02,0.00000000e+00,2.30000000e-01,7.69999909e-01,0.00000000e+00
7.42742743e+01,5.51220237e-01,1.59689859e+03,1.11276851e+05,7.00274998e+02,0.00000000e+00,2.30000000e-01,7.70000298e-01,0.00000000e+00
7.43743744e+01,5.51474921e-01,1.59661792e+03,1.11348096e+05,7.00399788e+02,0.00000000e+00,2.30000000e-01,7.70000231e-01,0.00000000e+00
7.44744745e+01,5.51687544e-01,1.59637447e+03,1.11412997e+05,7.00538148e+02,0.00000000e+00,2.30000000e-01,7.69999925e-01,0.00000000e+00
7.45745746e+01,5.51877190e-01,1.59616675e+03,1.11476148e+05,7.00694338e+02,0.00000000e+00,2.30000000e-01,7.69999955e-01,0.00000000e+00
7.46746747e+01,5.52040045e-01,1.59599176e+03,1.11534265e+05,7.00852692e+02,0.00000000e+00,2.30000000e-01,7.70000133e-01,0.00000000e+00
7.47747748e+01,5.52174327e-01,1.59584323e+03,1.11583449e+05,7.00991257e+02,0.00000000e+00,2.30000000e-01,7.70000115e-01,0.00000000e+00
7.48748749e+01,5.52291523e-01,1.59571574e+03,1.11624996e+05,7.01103533e+02,0.00000000e+00,2.30000000e-01,7.70000006e-01,0.00000000e+00
7.49749750e+01,5.52402576e-01,1.59560396e+03,1.11662762e+05,7.01199763e+02,0.00000000e+00,2.30000000e-01,7.69999978e-01,0.00000000e+00
7.50750751e+01,5.52511600e-01,1.59550262e+03,1.11698548e+05,7.01286306e+02,0.00000000e+00,2.30000000e-01,7.69999666e-01,0.00000000e+00
7.51751752e+01,5.52622370e-01,1.59541886e+03,1.11730407e+05,7.01345607e+02,0.00000000e+00,2.30000000e-01,7.69999820e-01,0.00000000e+00
7.52752753e+01,5.52713651e-01,1.59534452e+03,1.11753378e+05,7.01373613e+02,0.00000000e+00,2.30000000e-01,7.70000279e-01,0.00000000e+00
7.53753754e+01,5.52762896e-01,1.59527223e+03,1.11772368e+05,7.01430347e+02,0.00000000e+00,2.30000000e-01,7.70000221e-01,0.00000000e+00
7.54754755e+01,5.52786361e-01,1.59521390e+03,1.11788831e+05,7.01504011e+02,0.00000000e+00,2.30000000e-01,7.70000037e-01,0.00000000e+00
7.55755756e+01,5.52802643e-01,1.59516658e+03,1.11803231e+05,7.01573733e+02,0.00000000e+00,2.30000000e-01,7.70000004e-01,0.00000000e+00
7.56756757e+01,5.52817810e-01,1.59512132e+03,1.11814750e+05,7.01626757e+02,0.00000000e+00,2.30000000e-01,7.70000016e-01,0.00000000e+00
7.57757758e+01,5.52831464e-01,1.59507578e+03,1.11824170e+05,7.01668536e+02,0.00000000e+00,2.30000000e-01,7.70000017e-01,0.00000000e+00
7.58758759e+01,5.52841833e-01,1.59503130e+03,1.11833602e+05,7.01714560e+02,0.00000000e+00,2.30000000e-01,7.70000013e-01,0.00000000e+00
7.59759760e+01,5.52847610e-01,1.59498877e+03,1.11842929e+05,7.01765671e+02,0.00000000e+00,2.30000000e-01,7.70000128e-01,0.00000000e+00
7.60760761e+01,5.52846653e-01,1.59494284e+03,1.11852729e+05,7.01828479e+02,0.00000000e+00,2.30000000e-01,7.69999982e-01,0.00000000e+00
7.61761762e+01,5.52845464e-01,1.59490676e+03,1.11858938e+05,7.01869111e+02,0.00000000e+00,2.30000000e-01,7.69999758e-01,0.00000000e+00
7.62762763e+01,5.52863015e-01,1.59487256e+03,1.11866702e+05,7.01895421e+02,0.00000000e+00,2.30000000e-01,7.69999924e-01,0.00000000e+00
7.63763764e+01,5.52898242e-01,1.59481427e+03,1.11880800e+05,7.01939033e+02,0.00000000e+00,2.30000000e-01,7.70000092e-01,0.00000000e+00
7.64764765e+01,5.52935004e-01,1.59474551e+03,1.11895979e+05,7.01987613e+02,0.00000000e+00,2.30000000e-01,7.70000058e-01,0.00000000e+00
7.65765766e+01,5.52963736e-01,1.59468459e+03,1.11907531e+05,7.02023648e+02,0.00000000e+00,2.30000000e-01,7.70000006e-01,0.00000000e+00
7.66766767e+01,5.52990641e-01,1.59462734e+03,1.11917560e+05,7.02052408e+02,0.00000000e+00,2.30000000e-01,7.69999994e-01,0.00000000e+00
7.67767768e+01,5.53017032e-01,1.59457267e+03,1.11926776e+05,7.02076723e+02,0.00000000e+00,2.30000000e-01,7.69999984e-01,0.00000000e+00
7.68768769e+01,5.53043637e-01,1.59452175e+03,1.11934854e+05,7.02093621e+02,0.00000000e+00,2.30000000e-01,7.69999980e-01,0.00000000e+00
7.69769770e+01,5.53071467e-01,1.59447610e+03,1.11941502e+05,7.02099979e+02,0.00000000e+00,2.30000000e-01,7.69999996e-01,0.00000000e+00
7.70770771e+01,5.53100523e-01,1.59443683e+03,1.11946609e+05,7.02095110e+02,0.00000000e+00,2.30000000e-01,7.70000010e-01,0.00000000e+00
7.71771772e+01,5.53129468e-01,1.59440573e+03,1.11950109e+05,7.02080325e+02,0.00000000e+00,2.30000000e-01,7.70000008e-01,0.00000000e+00
7.72772773e+01,5.53157693e-01,1.59438287e+03,1.11952662e+05,7.02060509e+02,0.00000000e+00,2.30000000e-01,7.70000011e-01,0.00000000e+00
7.73773774e+01,5.53184715e-01,1.59436728e+03,1.11955356e+05,7.02043108e+02,0.00000000e+00,2.30000000e-01,7.70000009e-01,0.00000000e+00
7.74774775e+01,5.53209840e-01,1.59435854e+03,1.11959334e+05,7.02036166e+02,0.00000000e+00,2.30000000e-01,7.70000008e-01,0.00000000e+00
7.75775776e+01,5.53232390e-01,1.59435669e+03,1.11965731e+05,7.02047669e+02,0.00000000e+00,2.30000000e-01,7.69999998e-01,0.00000000e+00
7.76776777e+01,5.53252343e-01,1.59436253e+03,1.11975375e+05,7.02082825e+02,0.00000000e+00,2.30000000e-01,7.69999986e-01,0.00000000e+00
7.77777778e+01,5.53270488e-01,1.59437678e+03,1.11988993e+05,7.02145204e+02,0.00000000e+00,2.30000000e-01,7.69999962e-01,0.00000000e+00
7.78778779e+01,5.53288696e-01,1.59440183e+03,1.12006887e+05,7.02234493e+02,0.00000000e+00,2.30000000e-01,7.69999670e-01,0.00000000e+00
7.79779780e+01,5.53307378e-01,1.59444058e+03,1.12029053e+05,7.02349296e+02,0.00000000e+00,2.30000000e-01,7.70000296e-01,0.00000000e+00
7.80780781e+01,5.53311100e-01,1.59445560e+03,1.12043193e+05,7.02433209e+02,0.00000000e+00,2.30000000e-01,7.70000308e-01,0.00000000e+00
7.81781782e+01,5.53298577e-01,1.59444899e+03,1.12050493e+05,7.02494880e+02,0.00000000e+00,2.30000000e-01,7.70000298e-01,0.00000000e+00
7.82782783e+01,5.53250557e-01,1.59443455e+03,1.12061711e+05,7.02626316e+02,0.00000000e+00,2.30000000e-01,7.70000129e-01,0.00000000e+00
7.83783784e+01,5.53153552e-01,1.59441929e+03,1.12072986e+05,7.02820339e+02,0.00000000e+00,2.30000000e-01,7.69999991e-01,0.00000000e+00
7.84784785e+01,5.53007068e-01,1.59440517e+03,1.12082221e+05,7.03064449e+02,0.00000000e+00,2.30000000e-01,7.69999971e-01,0.00000000e+00
7.85785786e+01,5.52814158e-01,1.59439041e+03,1.12089014e+05,7.03352380e+02,0.00000000e+00,2.30000000e-01,7.70000023e-01,0.00000000e+00
7.86786787e+01,5.52573982e-01,1.59437355e+03,1.12093374e+05,7.03685419e+02,0.00000000e+00,2.30000000e-01,7.70000083e-01,0.00000000e+00
7.87787788e+01,5.52280529e-01,1.59435449e+03,1.12095264e+05,7.04071168e+02,0.00000000e+00,2.30000000e-01,7.70000120e-01,0.00000000e+00
7.88788789e+01,5.51924580e-01,1.59433371e+03,1.12094745e+05,7.04521961e+02,0.00000000e+00,2.30000000e-01,7.70000137e-01,0.00000000e+00
7.89789790e+01,5.51495574e-01,1.59431169e+03,1.12092088e+05,7.05053290e+02,0.00000000e+00,2.30000000e-01,7.70000145e-01,0.00000000e+00
7.90790791e+01,5.50982274e-01,1.59428894e+03,1.12087736e+05,7.05682714e+02,0.00000000e+00,2.30000000e-01,7.70000154e-01,0.00000000e+00
7.91791792e+01,5.50372716e-01,1.59426612e+03,1.12082209e+05,7.06429441e+02,0.00000000e+00,2.30000000e-01,7.70000166e-01,0.00000000e+00
7.92792793e+01,5.49654012e-01,1.59424411e+03,1.12076065e+05,7.07314354e+02,0.00000000e+00,2.30000000e-01,7.70000180e-01,0.00000000e+00
7.93793794e+01,5.48812196e-01,1.59422391e+03,1.12069885e+05,7.08360219e+02,0.00000000e+00,2.30000000e-01,7.70000198e-01,0.00000000e+00
7.94794795e+01,5.47831974e-01,1.59420649e+03,1.12064254e+05,7.09591999e+02,0.00000000e+00,2.30000000e-01,7.70000224e-01,0.00000000e+00
7.95795796e+01,5.46696253e-01,1.59419264e+03,1.12059725e+05,7.11037358e+02,0.00000000e+00,2.30000000e-01,7.70000259e-01,0.00000000e+00
7.96796797e+01,5.45385423e-01,1.59418296e+03,1.12056766e+05,7.12727477e+02,0.00000000e+00,2.30000000e-01,7.70000307e-01,0.00000000e+00
7.97797798e+01,5.43876480e-01,1.59417773e+03,1.12055726e+05,7.14698204e+02,0.00000000e+00,2.30000000e-01,7.70000367e-01,0.00000000e+00
7.98798799e+01,5.42142182e-01,1.59417688e+03,1.12056806e+05,7.16991365e+02,0.00000000e+00,2.30000000e-01,7.70000435e-01,0.00000000e+00
7.99799800e+01,5.40150431e-01,1.59417997e+03,1.12060061e+05,7.19656050e+02,0.00000000e+00,2.30000000e-01,7.70000506e-01,0.00000000e+00
8.00800801e+01,5.37864009e-01,1.59418630e+03,1.12065408e+05,7.22749690e+02,0.00000000e+00,2.30000000e-01,7.70000576e-01,0.00000000e+00
8.01801802e+01,5.35240680e-01,1.59419494e+03,1.12072652e+05,7.26338943e+02,0.00000000e+00,2.30000000e-01,7.70000642e-01,0.00000000e+00
8.02802803e+01,5.32233519e-01,1.59420500e+03,1.12081520e+05,7.30500565e+02,0.00000000e+00,2.30000000e-01,7.70000704e-01,0.00000000e+00
8.03803804e+01,5.28791230e-01,1.59421576e+03,1.12091696e+05,7.35322632e+02,0.00000000e+00,2.30000000e-01,7.70000767e-01,0.00000000e+00
8.04804805e+01,5.24858160e-01,1.59422679e+03,1.12102857e+05,7.40906547e+02,0.00000000e+00,2.30000000e-01,7.70000839e-01,0.00000000e+00
8.05805806e+01,5.20373756e-01,1.59423807e+03,1.12114702e+05,7.47370318e+02,0.00000000e+00,2.30000000e-01,7.70000931e-01,0.00000000e+00
8.06806807e+01,5.15271312e-01,1.59424996e+03,1.12126964e+05,7.54853559e+02,0.00000000e+00,2.30000000e-01,7.70001056e-01,0.00000000e+00
8.07807808e+01,5.09476012e-01,1.59426301e+03,1.12139407e+05,7.63524630e+02,0.00000000e+00,2.30000000e-01,7.70001220e-01,0.00000000e+00
8.08808809e+01,5.02902469e-01,1.59427782e+03,1.12151818e+05,7.73590258e+02,0.00000000e+00,2.30000000e-01,7.70001429e-01,0.00000000e+00
8.09809810e+01,4.95452147e-01,1.59429480e+03,1.12163980e+05,7.85308006e+02,0.00000000e+00,2.30000000e-01,7.70001678e-01,0.00000000e+00
8.10810811e+01,4.87011213e-01,1.59431390e+03,1.12175658e+05,7.99002013e+02,0.00000000e+00,2.30000000e-01,7.70001954e-01,0.00000000e+00
8.11811812e+01,4.77449419e-01,1.59433457e+03,1.12186597e+05,8.15082719e+02,0.00000000e+00,2.30000000e-01,7.70002235e-01,0.00000000e+00
8.12812813e+01,4.66620594e-01,1.59435568e+03,1.12196522e+05,8.34071837e+02,0.00000000e+00,2.30000000e-01,7.70002493e-01,0.00000000e+00
8.13813814e+01,4.54365150e-01,1.59437573e+03,1.12205158e+05,8.56634744e+02,0.00000000e+00,2.30000000e-01,7.70002692e-01,0.00000000e+00
8.14814815e+01,4.40514853e-01,1.59439311e+03,1.12212242e+05,8.83624026e+02,0.00000000e+00,2.30000000e-01,7.70002792e-01,0.00000000e+00
8.15815816e+01,4.24899885e-01,1.59440641e+03,1.12217538e+05,9.16140270e+02,0.00000000e+00,2.30000000e-01,7.70002750e-01,0.00000000e+00
8.16816817e+01,4.07358071e-01,1.59441469e+03,1.12220862e+05,9.55619999e+02,0.00000000e+00,2.30000000e-01,7.70002521e-01,0.00000000e+00
8.17817818e+01,3.87745906e-01,1.59441735e+03,1.12222115e+05,1.00396689e+03,0.00000000e+00,2.30000000e-01,7.70002057e-01,0.00000000e+00
8.18818819e+01,3.65950757e-01,1.59441365e+03,1.12221240e+05,1.06375325e+03,0.00000000e+00,2.30000000e-01,7.70001323e-01,0.00000000e+00
8.19819820e+01,3.41903114e-01,1.59440038e+03,1.12217690e+05,1.13853748e+03,0.00000000e+00,2.30000000e-01,7.70000038e-01,0.00000000e+00
8.20820821e+01,3.15590115e-01,1.59440298e+03,1.12232856e+05,1.23356221e+03,0.00000000e+00,2.30000000e-01,7.70055128e-01,0.00000000e+00
8.21821822e+01,2.88059983e-01,1.59440622e+03,1.12206067e+05,1.35122806e+03,0.00000000e+00,2.30000000e-01,7.69986210e-01,0.00000000e+00
8.22822823e+01,2.63970034e-01,1.59433831e+03,1.12201831e+05,1.47448205e+03,0.00000000e+00,2.30000000e-01,7.69988611e-01,0.00000000e+00
8.23823824e+01,2.44021094e-01,1.59430555e+03,1.12196576e+05,1.59495226e+03,0.00000000e+00,2.30000000e-01,7.69985745e-01,0.00000000e+00
8.24824825e+01,2.27795935e-01,1.59430185e+03,1.12196426e+05,1.70855429e+03,0.00000000e+00,2.30000000e-01,7.69985122e-01,0.00000000e+00
8.25825826e+01,2.14823241e-01,1.59427602e+03,1.12191810e+05,1.81165467e+03,0.00000000e+00,2.30000000e-01,7.69985584e-01,0.00000000e+00
8.26826827e+01,2.04632925e-01,1.59421820e+03,1.12181348e+05,1.90169475e+03,0.00000000e+00,2.30000000e-01,7.69985269e-01,0.00000000e+00
8.27827828e+01,1.96787227e-01,1.59418813e+03,1.12176428e+05,1.97742643e+03,0.00000000e+00,2.30000000e-01,7.69985349e-01,0.00000000e+00
8.28828829e+01,1.90868488e-01,1.59419664e+03,1.12178750e+05,2.03878284e+03,0.00000000e+00,2.30000000e-01,7.69987639e-01,0.00000000e+00
8.29829830e+01,1.86484194e-01,1.59417296e+03,1.12175109e+05,2.08664142e+03,0.00000000e+00,2.30000000e-01,7.69990443e-01,0.00000000e+00
8.30830831e+01,1.83303715e-01,1.59410363e+03,1.12163353e+05,2.12262196e+03,0.00000000e+00,2.30000000e-01,7.69991379e-01,0.00000000e+00
8.31831832e+01,1.81066835e-01,1.59407499e+03,1.12158942e+05,2.14875923e+03,0.00000000e+00,2.30000000e-01,7.69991768e-01,0.00000000e+00
8.32832833e+01,1.79551683e-01,1.59411604e+03,1.12166705e+05,2.16703676e+03,0.00000000e+00,2.30000000e-01,7.69993926e-01,0.00000000e+00
8.33833834e+01,1.78560702e-01,1.59413778e+03,1.12171086e+05,2.17914277e+03,0.00000000e+00,2.30000000e-01,7.69996499e-01,0.00000000e+00
8.34834835e+01,1.77943138e-01,1.59409677e+03,1.12164525e+05,2.18657684e+03,0.00000000e+00,2.30000000e-01,7.69996895e-01,0.00000000e+00
8.35835836e+01,1.77600214e-01,1.59407518e+03,1.12161255e+05,2.19073654e+03,0.00000000e+00,2.30000000e-01,7.69996205e-01,0.00000000e+00
8.36836837e+01,1.77450287e-01,1.59412915e+03,1.12170995e+05,2.19277598e+03,0.00000000e+00,2.30000000e-01,7.69997053e-01,0.00000000e+00
8.37837838e+01,1.77408332e-01,1.59419105e+03,1.12181488e+05,2.19349591e+03,0.00000000e+00,2.30000000e-01,7.69998740e-01,0.00000000e+00
8.38838839e+01,1.77405538e-01,1.59421138e+03,1.12185799e+05,2.19361362e+03,0.00000000e+00,2.30000000e-01,7.69999236e-01,0.00000000e+00
8.39839840e+01,1.77420302e-01,1.59423931e+03,1.12191030e+05,2.19353339e+03,0.00000000e+00,2.30000000e-01,7.69999223e-01,0.00000000e+00
8.40840841e+01,1.77470976e-01,1.59427790e+03,1.12197500e+05,2.19303314e+03,0.00000000e+00,2.30000000e-01,7.69999386e-01,0.00000000e+00
8.41841842e+01,1.77573573e-01,1.59432062e+03,1.12205135e+05,2.19191459e+03,0.00000000e+00,2.30000000e-01,7.69999665e-01,0.00000000e+00
8.42842843e+01,1.77736842e-01,1.59436740e+03,1.12213464e+05,2.19006293e+03,0.00000000e+00,2.30000000e-01,7.69999990e-01,0.00000000e+00
8.43843844e+01,1.77961525e-01,1.59441868e+03,1.12221976e+05,2.18746313e+03,0.00000000e+00,2.30000000e-01,7.70000301e-01,0.00000000e+00
8.44844845e+01,1.78241074e-01,1.59447131e+03,1.12230144e+05,2.18419429e+03,0.00000000e+00,2.30000000e-01,7.69998980e-01,0.00000000e+00
8.45845846e+01,1.78549702e-01,1.59452377e+03,1.12239796e+05,2.18060157e+03,0.00000000e+00,2.30000000e-01,7.70001116e-01,0.00000000e+00
8.46846847e+01,1.78808466e-01,1.59457186e+03,1.12249280e+05,2.17763111e+03,0.00000000e+00,2.30000000e-01,7.70000570e-01,0.00000000e+00
8.47847848e+01,1.79014561e-01,1.59461458e+03,1.12258214e+05,2.17529774e+03,0.00000000e+00,2.30000000e-01,7.70000318e-01,0.00000000e+00
8.48848849e+01,1.79182572e-01,1.59465342e+03,1.12265528e+05,2.17339970e+03,0.00000000e+00,2.30000000e-01,7.70000299e-01,0.00000000e+00
8.49849850e+01,1.79320659e-01,1.59468780e+03,1.12270832e+05,2.17182872e+03,0.00000000e+00,2.30000000e-01,7.70000276e-01,0.00000000e+00
8.50850851e+01,1.79436191e-01,1.59471816e+03,1.12274720e+05,2.17050593e+03,0.00000000e+00,2.30000000e-01,7.70000100e-01,0.00000000e+00
8.51851852e+01,1.79536263e-01,1.59474373e+03,1.12278670e+05,2.16937250e+03,0.00000000e+00,2.30000000e-01,7.70000060e-01,0.00000000e+00
8.52852853e+01,1.79623489e-01,1.59476508e+03,1.12282809e+05,2.16839908e+03,0.00000000e+00,2.30000000e-01,7.70000020e-01,0.00000000e+00
8.53853854e+01,1.79699123e-01,1.59478521e+03,1.12286523e+05,2.16755824e+03,0.00000000e+00,2.30000000e-01,7.69999956e-01,0.00000000e+00
8.54854855e+01,1.79764054e-01,1.59480171e+03,1.12288792e+05,2.16681884e+03,0.00000000e+00,2.30000000e-01,7.70000073e-01,0.00000000e+00
8.55855856e+01,1.79818043e-01,1.59480646e+03,1.12289086e+05,2.16617387e+03,0.00000000e+00,2.30000000e-01,7.70000103e-01,0.00000000e+00
8.56856857e+01,1.79862789e-01,1.59479891e+03,1.12287960e+05,2.16561336e+03,0.00000000e+00,2.30000000e-01,7.70000065e-01,0.00000000e+00
8.57857858e+01,1.79900489e-01,1.59478217e+03,1.12285684e+05,2.16511554e+03,0.00000000e+00,2.30000000e-01,7.70000110e-01,0.00000000e+00
8.58858859e+01,1.79932340e-01,1.59476003e+03,1.12282293e+05,2.16466699e+03,0.00000000e+00,2.30000000e-01,7.70000069e-01,0.00000000e+00
8.59859860e+01,1.79960764e-01,1.59473525e+03,1.12278092e+05,2.16424425e+03,0.00000000e+00,2.30000000e-01,7.70000009e-01,0.00000000e+00
8.60860861e+01,1.79987223e-01,1.59471072e+03,1.12273555e+05,2.16383874e+03,0.00000000e+00,2.30000000e-01,7.69999966e-01,0.00000000e+00
8.61861862e+01,1.80011843e-01,1.59468843e+03,1.12269430e+05,2.16346332e+03,0.00000000e+00,2.30000000e-01,7.69999956e-01,0.00000000e+00
8.62862863e+01,1.80034289e-01,1.59466458e+03,1.12265274e+05,2.16311339e+03,0.00000000e+00,2.30000000e-01,7.70000021e-01,0.00000000e+00
8.63863864e+01,1.80053814e-01,1.59463522e+03,1.12260239e+05,2.16278179e+03,0.00000000e+00,2.30000000e-01,7.70000031e-01,0.00000000e+00
8.64864865e+01,1.80070349e-01,1.59460470e+03,1.12255164e+05,2.16248540e+03,0.00000000e+00,2.30000000e-01,7.70000042e-01,0.00000000e+00
8.65865866e+01,1.80084223e-01,1.59457713e+03,1.12250400e+05,2.16222708e+03,0.00000000e+00,2.30000000e-01,7.70000018e-01,0.00000000e+00
8.66866867e+01,1.80096674e-01,1.59455090e+03,1.12245612e+05,2.16198545e+03,0.00000000e+00,2.30000000e-01,7.69999988e-01,0.00000000e+00
8.67867868e+01,1.80108429e-01,1.59452376e+03,1.12240826e+05,2.16175211e+03,0.00000000e+00,2.30000000e-01,7.70000007e-01,0.00000000e+00
8.68868869e+01,1.80118970e-01,1.59449773e+03,1.12236143e+05,2.16153544e+03,0.00000000e+00,2.30000000e-01,7.69999998e-01,0.00000000e+00
8.69869870e+01,1.80128726e-01,1.59447044e+03,1.12231795e+05,2.16133465e+03,0.00000000e+00,2.30000000e-01,7.69999989e-01,0.00000000e+00
8.70870871e+01,1.80137488e-01,1.59444313e+03,1.12228070e+05,2.16115772e+03,0.00000000e+00,2.30000000e-01,7.70000023e-01,0.00000000e+00
8.71871872e+01,1.80144573e-01,1.59441939e+03,1.12224822e+05,2.16101017e+03,0.00000000e+00,2.30000000e-01,7.70000023e-01,0.00000000e+00
8.72872873e+01,1.80150365e-01,1.59440082e+03,1.12221673e+05,2.16088013e+03,0.00000000e+00,2.30000000e-01,7.69999992e-01,0.00000000e+00
8.73873874e+01,1.80155537e-01,1.59438677e+03,1.12218580e+05,2.16075854e+03,0.00000000e+00,2.30000000e-01,7.69999987e-01,0.00000000e+00
8.74874875e+01,1.80160105e-01,1.59437565e+03,1.12215738e+05,2.16064898e+03,0.00000000e+00,2.30000000e-01,7.70000013e-01,0.00000000e+00
8.75875876e+01,1.80164040e-01,1.59436468e+03,1.12213185e+05,2.16055264e+03,0.00000000e+00,2.30000000e-01,7.70000012e-01,0.00000000e+00
8.76876877e+01,1.80167649e-01,1.59435367e+03,1.12211267e+05,2.16047248e+03,0.00000000e+00,2.30000000e-01,7.69999997e-01,0.00000000e+00
8.77877878e+01,1.80171226e-01,1.59434350e+03,1.12210135e+05,2.16040780e+03,0.00000000e+00,2.30000000e-01,7.69999991e-01,0.00000000e+00
8.78878879e+01,1.80174836e-01,1.59433418e+03,1.12208926e+05,2.16034118e+03,0.00000000e+00,2.30000000e-01,7.70000013e-01,0.00000000e+00
8.79879880e+01,1.80177763e-01,1.59432942e+03,1.12207728e+05,2.16028306e+03,0.00000000e+00,2.30000000e-01,7.69999997e-01,0.00000000e+00
8.80880881e+01,1.80180637e-01,1.59432532e+03,1.12206801e+05,2.16023081e+03,0.00000000e+00,2.30000000e-01,7.69999973e-01,0.00000000e+00
8.81881882e+01,1.80183629e-01,1.59431999e+03,1.12206227e+05,2.16018383e+03,0.00000000e+00,2.30000000e-01,7.70000000e-01,0.00000000e+00
8.82882883e+01,1.80185969e-01,1.59431388e+03,1.12205727e+05,2.16014611e+03,0.00000000e+00,2.30000000e-01,7.70000010e-01,0.00000000e+00
8.83883884e+01,1.80187357e-01,1.59430943e+03,1.12205221e+05,2.16011975e+03,0.00000000e+00,2.30000000e-01,7.70000008e-01,0.00000000e+00
8.84884885e+01,1.80188116e-01,1.59430591e+03,1.12204548e+05,2.16009768e+03,0.00000000e+00,2.30000000e-01,7.70000014e-01,0.00000000e+00
8.85885886e+01,1.80188645e-01,1.59430119e+03,1.12203655e+05,2.16007414e+03,0.00000000e+00,2.30000000e-01,7.70000017e-01,0.00000000e+00
8.86886887e+01,1.80188922e-01,1.59429510e+03,1.12202618e+05,2.16005079e+03,0.00000000e+00,2.30000000e-01,7.70000046e-01,0.00000000e+00
8.87887888e+01,1.80188253e-01,1.59428451e+03,1.12201254e+05,2.16003245e+03,0.00000000e+00,2.30000000e-01,7.70000093e-01,0.00000000e+00
8.88888889e+01,1.80185026e-01,1.59426407e+03,1.12198479e+05,2.16001743e+03,0.00000000e+00,2.30000000e-01,7.70000220e-01,0.00000000e+00
8.89889890e+01,1.80176222e-01,1.59421569e+03,1.12191835e+05,2.15999393e+03,0.00000000e+00,2.30000000e-01,7.70000726e-01,0.00000000e+00
8.90890891e+01,1.80150969e-01,1.59408875e+03,1.12171862e+05,2.15990847e+03,0.00000000e+00,2.30000000e-01,7.70002373e-01,0.00000000e+00
8.91891892e+01,1.80074066e-01,1.59371479e+03,1.12108397e+05,2.15959651e+03,0.00000000e+00,2.30000000e-01,7.70007682e-01,0.00000000e+00
8.92892893e+01,1.79835124e-01,1.59251651e+03,1.11908090e+05,2.15856352e+03,0.00000000e+00,2.30000000e-01,7.70025075e-01,0.00000000e+00
8.93893894e+01,1.79070332e-01,1.58862871e+03,1.11263978e+05,2.15518200e+03,0.00000000e+00,2.30000000e-01,7.70080684e-01,0.00000000e+00
8.94894895e+01,1.76619392e-01,1.57583933e+03,1.09194254e+05,2.14405425e+03,0.00000000e+00,2.30000000e-01,7.70256602e-01,0.00000000e+00
8.95895896e+01,1.68745237e-01,1.53347529e+03,1.02532187e+05,2.10612061e+03,0.00000000e+00,2.30000000e-01,7.70748530e-01,0.00000000e+00
8.96896897e+01,1.44613313e-01,1.38436628e+03,8.14146070e+04,1.95272614e+03,0.00000000e+00,2.29249456e-01,7.70750544e-01,0.00000000e+00
8.97897898e+01,8.47527620e-02,8.66887577e+02,3.39872649e+04,1.39128197e+03,0.00000000e+00,2.31144077e-01,7.68855923e-01,0.00000000e+00
8.98898899e+01,4.24552953e-02,1.72900605e+02,6.20331732e+03,5.06933966e+02,0.00000000e+00,2.31260036e-01,7.68739964e-01,0.00000000e+00
8.99899900e+01,3.51418808e-02,7.23189126e+00,3.08688900e+03,3.04840306e+02,0.00000000e+00,2.30000000e-01,7.69581178e-01,0.00000000e+00
9.00900901e+01,3.47026781e-02,1.59121116e-01,3.00184899e+03,3.00069186e+02,0.00000000e+00,2.30000000e-01,7.69985530e-01,0.00000000e+00
9.01901902e+01,3.46891170e-02,3.33542536e-03,3.00003847e+03,3.00001103e+02,0.00000000e+00,2.30000000e-01,7.69999568e-01,0.00000000e+00
9.02902903e+01,3.46887916e-02,6.87760187e-05,3.00000080e+03,3.00000020e+02,0.00000000e+00,2.30000000e-01,7.69999990e-01,0.00000000e+00
9.03903904e+01,3.46887845e-02,1.41215149e-06,3.00000002e+03,3.00000000e+02,0.00000000e+00,2.30000000e-01,7.70000000e-01,0.00000000e+00
9.04904905e+01,3.46887843e-02,2.89694043e-08,3.00000000e+03,3.00000000e+02,0.00000000e+00,2.30000000e-01,7.70000000e-01,0.00000000e+00
9.05905906e+01,3.46887843e-02,5.94124486e-10,3.00000000e+03,3.00000000e+02,0.00000000e+00,2.30000000e-01,7.70000000e-01,0.00000000e+00
9.06906907e+01,3.46887843e-02,1.21824620e-11,3.00000000e+03,3.00000000e+02,0.00000000e+00,2.30000000e-01,7.70000000e-01,0.00000000e+00
9.07907908e+01,3.46887843e-02,2.46658811e-13,3.00000000e+03,3.00000000e+02,0.00000000e+00,2.30000000e-01,7.70000000e-01,0.00000000e+00
9.08908909e+01,3.46887843e-02,3.61973711e-15,3.00000000e+03,3.00000000e+02,0.00000000e+00,2.30000000e-01,7.70000000e-01,0.00000000e+00
9.09909910e+01,3.46887843e-02,0.00000000e+00,3.00000000e+03,3.00000000e+02,0.00000000e+00,2.30000000e-01,7.70000000e-01,0.00000000e+00
9.10910911e+01,3.46887843e-02,0.00000000e+00,3.00000000e+03,3.00000000e+02,0.00000000e+00,2.30000000e-01,7.70000000e-01,0.00000000e+00
9.11911912e+01,3.46887843e-02,0.00000000e+00,3.00000000e+03,3.00000000e+02,0.00000000e+00,2.30000000e-01,7.70000000e-01,0.00000000e+00
9.12912913e+01,3.46887843e-02,0.00000000e+00,3.00000000e+03,3.00000000e+02,0.00000000e+00,2.30000000e-01,7.70000000e-01,0.00000000e+00
9.13913914e+01,3.46887843e-02,0.00000000e+00,3.00000000e+03,3.00000000e+02,0.00000000e+00,2.30000000e-01,7.70000000e-01,0.00000000e+00
9.14914915e+01,3.46887843e-02,0.00000000e+00,3.00000000e+03,3.00000000e+02,0.00000000e+00,2.30000000e-01,7.70000000e-01,0.00000000e+00
9.15915916e+01,3.46887843e-02,0.00000000e+00,3.00000000e+03,3.00000000e+02,0.00000000e+00,2.30000000e-01,7.70000000e-01,0.00000000e+00
9.16916917e+01,3.46887843e-02,0.00000000e+00,3.00000000e+03,3.00000000e+02,0.00000000e+00,2.30000000e-01,7.70000000e-01,0.00000000e+00
9.17917918e+01,3.46887843e-02,0.00000000e+00,3.00000000e+03,3.00000000e+02,0.00000000e+00,2.30000000e-01,7.70000000e-01,0.00000000e+00
9.18918919e+01,3.46887843e-02,0.00000000e+00,3.00000000e+03,3.00000000e+02,0.00000000e+00,2.30000000e-01,7.70000000e-01,0.00000000e+00
9.19919920e+01,3.46887843e-02,0.00000000e+00,3.00000000e+03,3.00000000e+02,0.00000000e+00,2.30000000e-01,7.70000000e-01,0.00000000e+00
9.20920921e+01,3.46887843e-02,0.00000000e+00,3.00000000e+03,3.00000000e+02,0.00000000e+00,2.30000000e-01,7.70000000e-01,0.00000000e+00
9.21921922e+01,3.46887843e-02,0.00000000e+00,3.00000000e+03,3.00000000e+02,0.00000000e+00,2.30000000e-01,7.70000000e-01,0.00000000e+00
9.22922923e+01,3.46887843e-02,0.00000000e+00,3.00000000e+03,3.00000000e+02,0.00000000e+00,2.30000000e-01,7.70000000e-01,0.00000000e+00
9.23923924e+01,3.46887843e-02,0.00000000e+00,3.00000000e+03,3.00000000e+02,0.00000000e+00,2.30000000e-01,7.70000000e-01,0.00000000e+00
9.24924925e+01,3.46887843e-02,0.00000000e+00,3.00000000e+03,3.00000000e+02,0.00000000e+00,2.30000000e-01,7.70000000e-01,0.00000000e+00
9.25925926e+01,3.46887843e-02,0.00000000e+00,3.00000000e+03,3.00000000e+02,0.00000000e+00,2.30000000e-01,7.70000000e-01,0.00000000e+00
9.26926927e+01,3.46887843e-02,0.00000000e+00,3.00000000e+03,3.00000000e+02,0.00000000e+00,2.30000000e-01,7.70000000e-01,0.00000000e+00
9.27927928e+01,3.46887843e-02,0.00000000e+00,3.00000000e+03,3.00000000e+02,0.00000000e+00,2.30000000e-01,7.70000000e-01,0.00000000e+00
9.28928929e+01,3.46887843e-02,0.00000000e+00,3.00000000e+03,3.00000000e+02,0.00000000e+00,2.30000000e-01,7.70000000e-01,0.00000000e+00
9.29929930e+01,3.46887843e-02,0.00000000e+00,3.00000000e+03,3.00000000e+02,0.00000000e+00,2.30000000e-01,7.70000000e-01,0.00000000e+00
9.30930931e+01,3.46887843e-02,0.00000000e+00,3.00000000e+03,3.00000000e+02,0.00000000e+00,2.30000000e-01,7.70000000e-01,0.00000000e+00
9.31931932e+01,3.46887843e-02,0.00000000e+00,3.00000000e+03,3.00000000e+02,0.00000000e+00,2.30000000e-01,7.70000000e-01,0.00000000e+00
9.32932933e+01,3.46887843e-02,0.00000000e+00,3.00000000e+03,3.00000000e+02,0.00000000e+00,2.30000000e-01,7.70000000e-01,0.00000000e+00
9.33933934e+01,3.46887843e-02,0.00000000e+00,3.00000000e+03,3.00000000e+02,0.00000000e+00,2.30000000e-01,7.70000000e-01,0.00000000e+00
9.34934935e+01,3.46887843e-02,0.00000000e+00,3.00000000e+03,3.00000000e+02,0.00000000e+00,2.30000000e-01,7.70000000e-01,0.00000000e+00
9.35935936e+01,3.46887843e-02,0.00000000e+00,3.00000000e+03,3.00000000e+02,0.00000000e+00,2.30000000e-01,7.70000000e-01,0.00000000e+00
9.36936937e+01,3.46887843e-02,0.00000000e+00,3.00000000e+03,3.00000000e+02,0.00000000e+00,2.30000000e-01,7.70000000e-01,0.00000000e+00
9.37937938e+01,3.46887843e-02,0.00000000e+00,3.00000000e+03,3.00000000e+02,0.00000000e+00,2.30000000e-01,7.70000000e-01,0.00000000e+00
9.38938939e+01,3.46887843e-02,0.00000000e+00,3.00000000e+03,3.00000000e+02,0.00000000e+00,2.30000000e-01,7.70000000e-01,0.00000000e+00
9.39939940e+01,3.46887843e-02,0.00000000e+00,3.00000000e+03,3.00000000e+02,0.00000000e+00,2.30000000e-01,7.70000000e-01,0.00000000e+00
9.40940941e+01,3.46887843e-02,0.00000000e+00,3.00000000e+03,3.00000000e+02,0.00000000e+00,2.30000000e-01,7.70000000e-01,0.00000000e+00
9.41941942e+01,3.46887843e-02,0.00000000e+00,3.00000000e+03,3.00000000e+02,0.00000000e+00,2.30000000e-01,7.70000000e-01,0.00000000e+00
9.42942943e+01,3.46887843e-02,0.00000000e+00,3.00000000e+03,3.00000000e+02,0.00000000e+00,2.30000000e-01,7.70000000e-01,0.00000000e+00
9.43943944e+01,3.46887843e-02,0.00000000e+00,3.00000000e+03,3.00000000e+02,0.00000000e+00,2.30000000e-01,7.70000000e-01,0.00000000e+00
9.44944945e+01,3.46887843e-02,0.00000000e+00,3.00000000e+03,3.00000000e+02,0.00000000e+00,2.30000000e-01,7.70000000e-01,0.00000000e+00
9.45945946e+01,3.46887843e-02,0.00000000e+00,3.00000000e+03,3.00000000e+02,0.00000000e+00,2.30000000e-01,7.70000000e-01,0.00000000e+00
9.46946947e+01,3.46887843e-02,0.00000000e+00,3.00000000e+03,3.00000000e+02,0.00000000e+00,2.30000000e-01,7.70000000e-01,0.00000000e+00
9.47947948e+01,3.46887843e-02,0.00000000e+00,3.00000000e+03,3.00000000e+02,0.00000000e+00,2.30000000e-01,7.70000000e-01,0.00000000e+00
9.48948949e+01,3.46887843e-02,0.00000000e+00,3.00000000e+03,3.00000000e+02,0.00000000e+00,2.30000000e-01,7.70000000e-01,0.00000000e+00
9.49949950e+01,3.46887843e-02,0.00000000e+00,3.00000000e+03,3.00000000e+02,0.00000000e+00,2.30000000e-01,7.70000000e-01,0.00000000e+00
9.50950951e+01,3.46887843e-02,0.00000000e+00,3.00000000e+03,3.00000000e+02,0.00000000e+00,2.30000000e-01,7.70000000e-01,0.00000000e+00
9.51951952e+01,3.46887843e-02,0.00000000e+00,3.00000000e+03,3.00000000e+02,0.00000000e+00,2.30000000e-01,7.70000000e-01,0.00000000e+00
9.52952953e+01,3.46887843e-02,0.00000000e+00,3.00000000e+03,3.00000000e+02,0.00000000e+00,2.30000000e-01,7.70000000e-01,0.00000000e+00
9.53953954e+01,3.46887843e-02,0.00000000e+00,3.00000000e+03,3.00000000e+02,0.00000000e+00,2.30000000e-01,7.70000000e-01,0.00000000e+00
9.54954955e+01,3.46887843e-02,0.00000000e+00,3.00000000e+03,3.00000000e+02,0.00000000e+00,2.30000000e-01,7.70000000e-01,0.00000000e+00
9.55955956e+01,3.46887843e-02,0.00000000e+00,3.00000000e+03,3.00000000e+02,0.00000000e+00,2.30000000e-01,7.70000000e-01,0.00000000e+00
9.56956957e+01,3.46887843e-02,0.00000000e+00,3.00000000e+03,3.00000000e+02,0.00000000e+00,2.30000000e-01,7.70000000e-01,0.00000000e+00
9.57957958e+01,3.46887843e-02,0.00000000e+00,3.00000000e+03,3.00000000e+02,0.00000000e+00,2.30000000e-01,7.70000000e-01,0.00000000e+00
9.58958959e+01,3.46887843e-02,0.00000000e+00,3.00000000e+03,3.00000000e+02,0.00000000e+00,2.30000000e-01,7.70000000e-01,0.00000000e+00
9.59959960e+01,3.46887843e-02,0.00000000e+00,3.00000000e+03,3.00000000e+02,0.00000000e+00,2.30000000e-01,7.70000000e-01,0.00000000e+00
9.60960961e+01,3.46887843e-02,0.00000000e+00,3.00000000e+03,3.00000000e+02,0.00000000e+00,2.30000000e-01,7.70000000e-01,0.00000000e+00
9.61961962e+01,3.46887843e-02,0.00000000e+00,3.00000000e+03,3.00000000e+02,0.00000000e+00,2.30000000e-01,7.70000000e-01,0.00000000e+00
9.62962963e+01,3.46887843e-02,0.00000000e+00,3.00000000e+03,3.00000000e+02,0.00000000e+00,2.30000000e-01,7.70000000e-01,0.00000000e+00
9.63963964e+01,3.46887843e-02,0.00000000e+00,3.00000000e+03,3.00000000e+02,0.00000000e+00,2.30000000e-01,7.70000000e-01,0.00000000e+00
9.64964965e+01,3.46887843e-02,0.00000000e+00,3.00000000e+03,3.00000000e+02,0.00000000e+00,2.30000000e-01,7.70000000e-01,0.00000000e+00
9.65965966e+01,3.46887843e-02,0.00000000e+00,3.00000000e+03,3.00000000e+02,0.00000000e+00,2.30000000e-01,7.70000000e-01,0.00000000e+00
9.66966967e+01,3.46887843e-02,0.00000000e+00,3.00000000e+03,3.00000000e+02,0.00000000e+00,2.30000000e-01,7.70000000e-01,0.00000000e+00
9.67967968e+01,3.46887843e-02,0.00000000e+00,3.00000000e+03,3.00000000e+02,0.00000000e+00,2.30000000e-01,7.70000000e-01,0.00000000e+00
9.68968969e+01,3.46887843e-02,0.00000000e+00,3.00000000e+03,3.00000000e+02,0.00000000e+00,2.30000000e-01,7.70000000e-01,0.00000000e+00
9.69969970e+01,3.46887843e-02,0.00000000e+00,3.00000000e+03,3.00000000e+02,0.00000000e+00,2.30000000e-01,7.70000000e-01,0.00000000e+00
9.70970971e+01,3.46887843e-02,0.00000000e+00,3.00000000e+03,3.00000000e+02,0.00000000e+00,2.30000000e-01,7.70000000e-01,0.00000000e+00
9.71971972e+01,3.46887843e-02,0.00000000e+00,3.00000000e+03,3.00000000e+02,0.00000000e+00,2.30000000e-01,7.70000000e-01,0.00000000e+00
9.72972973e+01,3.46887843e-02,0.00000000e+00,3.00000000e+03,3.00000000e+02,0.00000000e+00,2.30000000e-01,7.70000000e-01,0.00000000e+00
9.73973974e+01,3.46887843e-02,0.00000000e+00,3.00000000e+03,3.00000000e+02,0.00000000e+00,2.30000000e-01,7.70000000e-01,0.00000000e+00
9.74974975e+01,3.46887843e-02,0.00000000e+00,3.00000000e+03,3.00000000e+02,0.00000000e+00,2.30000000e-01,7.70000000e-01,0.00000000e+00
9.75975976e+01,3.46887843e-02,0.00000000e+00,3.00000000e+03,3.00000000e+02,0.00000000e+00,2.30000000e-01,7.70000000e-01,0.00000000e+00
9.76976977e+01,3.46887843e-02,0.00000000e+00,3.00000000e+03,3.00000000e+02,0.00000000e+00,2.30000000e-01,7.70000000e-01,0.00000000e+00
9.77977978e+01,3.46887843e-02,0.00000000e+00,3.00000000e+03,3.00000000e+02,0.00000000e+00,2.30000000e-01,7.70000000e-01,0.00000000e+00
9.78978979e+01,3.46887843e-02,0.00000000e+00,3.00000000e+03,3.00000000e+02,0.00000000e+00,2.30000000e-01,7.70000000e-01,0.00000000e+00
9.79979980e+01,3.46887843e-02,0.00000000e+00,3.00000000e+03,3.00000000e+02,0.00000000e+00,2.30000000e-01,7.70000000e-01,0.00000000e+00
9.80980981e+01,3.46887843e-02,0.00000000e+00,3.00000000e+03,3.00000000e+02,0.00000000e+00,2.30000000e-01,7.70000000e-01,0.00000000e+00
9.81981982e+01,3.46887843e-02,0.00000000e+00,3.00000000e+03,3.00000000e+02,0.00000000e+00,2.30000000e-01,7.70000000e-01,0.00000000e+00
9.82982983e+01,3.46887843e-02,0.00000000e+00,3.00000000e+03,3.00000000e+02,0.00000000e+00,2.30000000e-01,7.70000000e-01,0.00000000e+00
9.83983984e+01,3.46887843e-02,0.00000000e+00,3.00000000e+03,3.00000000e+02,0.00000000e+00,2.30000000e-01,7.70000000e-01,0.00000000e+00
9.84984985e+01,3.46887843e-02,0.00000000e+00,3.00000000e+03,3.00000000e+02,0.00000000e+00,2.30000000e-01,7.70000000e-01,0.00000000e+00
9.85985986e+01,3.46887843e-02,0.00000000e+00,3.00000000e+03,3.00000000e+02,0.00000000e+00,2.30000000e-01,7.70000000e-01,0.00000000e+00
9.86986987e+01,3.46887843e-02,0.00000000e+00,3.00000000e+03,3.00000000e+02,0.00000000e+00,2.30000000e-01,7.70000000e-01,0.00000000e+00
9.87987988e+01,3.46887843e-02,0.00000000e+00,3.00000000e+03,3.00000000e+02,0.00000000e+00,2.30000000e-01,7.70000000e-01,0.00000000e+00
9.88988989e+01,3.46887843e-02,0.00000000e+00,3.00000000e+03,3.00000000e+02,0.00000000e+00,2.30000000e-01,7.70000000e-01,0.00000000e+00
9.89989990e+01,3.46887843e-02,0.00000000e+00,3.00000000e+03,3.00000000e+02,0.00000000e+00,2.30000000e-01,7.70000000e-01,0.00000000e+00
9.90990991e+01,3.46887843e-02,0.00000000e+00,3.00000000e+03,3.00000000e+02,0.00000000e+00,2.30000000e-01,7.70000000e-01,0.00000000e+00
9.91991992e+01,3.46887843e-02,0.00000000e+00,3.00000000e+03,3.00000000e+02,0.00000000e+00,2.30000000e-01,7.70000000e-01,0.00000000e+00
9.92992993e+01,3.46887843e-02,0.00000000e+00,3.00000000e+03,3.00000000e+02,0.00000000e+00,2.30000000e-01,7.70000000e-01,0.00000000e+00
9.93993994e+01,3.46887843e-02,0.00000000e+00,3.00000000e+03,3.00000000e+02,0.00000000e+00,2.30000000e-01,7.70000000e-01,0.00000000e+00
9.94994995e+01,3.46887843e-02,0.00000000e+00,3.00000000e+03,3.00000000e+02,0.00000000e+00,2.30000000e-01,7.70000000e-01,0.00000000e+00
9.95995996e+01,3.46887843e-02,0.00000000e+00,3.00000000e+03,3.00000000e+02,0.00000000e+00,2.30000000e-01,7.70000000e-01,0.00000000e+00
9.96996997e+01,3.46887843e-02,0.00000000e+00,3.00000000e+03,3.00000000e+02,0.00000000e+00,2.30000000e-01,7.70000000e-01,0.00000000e+00
9.97997998e+01,3.46887843e-02,0.00000000e+00,3.00000000e+03,3.00000000e+02,0.00000000e+00,2.30000000e-01,7.70000000e-01,0.00000000e+00
9.98998999e+01,3.46887843e-02,0.00000000e+00,3.00000000e+03,3.00000000e+02,0.00000000e+00,2.30000000e-01,7.70000000e-01,0.00000000e+00
1.00000000e+02,3.46887843e-02,-0.00000000e+00,3.00000000e+03,3.00000000e+02,0.00000000e+00,2.30000000e-01,7.70000000e-01,0.00000000e+00
