# x(m), rho(kg/m3), u(m/s), p(Pa), T(K), Y_H2, Y_O2, Y_N2, Y_H2O
0.00000000e+00,4.03981132e+00,1.97041613e-01,8.51899685e+06,2.64692981e+03,1.18501925e-01,5.83339813e-07,6.00009375e-01,2.81488116e-01
1.00100100e-01,4.03981132e+00,-1.97041613e-01,8.51899685e+06,2.64692981e+03,1.18501925e-01,5.83339813e-07,6.00009375e-01,2.81488116e-01
2.00200200e-01,4.04078866e+00,-7.63206143e-01,8.52183751e+06,2.64717201e+03,1.18501925e-01,5.83339813e-07,6.00009375e-01,2.81488116e-01
3.00300300e-01,4.04148668e+00,-1.26791222e+00,8.51997937e+06,2.64646977e+03,1.18487056e-01,5.83266620e-07,5.99934091e-01,2.81452798e-01
4.00400400e-01,4.04231802e+00,-1.34848001e+00,8.52708233e+06,2.64772899e+03,1.18505062e-01,5.83355257e-07,6.00025260e-01,2.81495569e-01
5.00500501e-01,4.04305420e+00,-1.13967881e+00,8.52558192e+06,2.64709000e+03,1.18491232e-01,5.83287177e-07,5.99955235e-01,2.81462717e-01
6.00600601e-01,4.04384935e+00,-8.26361129e-01,8.53164986e+06,2.64812894e+03,1.18505739e-01,5.83358589e-07,6.00028688e-01,2.81497177e-01
7.00700701e-01,4.04468643e+00,-2.62100947e-01,8.53191037e+06,2.64784469e+03,1.18497551e-01,5.83318279e-07,5.99987226e-01,2.81477725e-01
8.00800801e-01,4.04580581e+00,2.92492900e-01,8.53789282e+06,2.64873218e+03,1.18508110e-01,5.83370259e-07,6.00040691e-01,2.81502808e-01
9.00900901e-01,4.04684693e+00,8.08174884e-01,8.53926650e+06,2.64861504e+03,1.18501925e-01,5.83339813e-07,6.00009375e-01,2.81488116e-01
1.00100100e+00,4.04726970e+00,9.51278869e-01,8.54046804e+06,2.64871101e+03,1.18501925e-01,5.83339813e-07,6.00009375e-01,2.81488116e-01
1.10110110e+00,4.04722664e+00,1.00307728e+00,8.53994446e+06,2.64860832e+03,1.18500515e-01,5.83332873e-07,6.00002237e-01,2.81484767e-01
1.20120120e+00,4.04713497e+00,1.12000598e+00,8.54021454e+06,2.64870275e+03,1.18502722e-01,5.83343736e-07,6.00013410e-01,2.81490009e-01
1.30130130e+00,4.04710419e+00,1.07929576e+00,8.53802133e+06,2.64822000e+03,1.18494787e-01,5.83304676e-07,5.99973234e-01,2.81471161e-01
1.40140140e+00,4.04713235e+00,1.05069206e+00,8.53995313e+06,2.64864120e+03,1.18501925e-01,5.83339813e-07,6.00009375e-01,2.81488116e-01
1.50150150e+00,4.04706223e+00,9.92155251e-01,8.53855374e+06,2.64835325e+03,1.18497443e-01,5.83317747e-07,5.99986679e-01,2.81477469e-01
1.60160160e+00,4.04683033e+00,9.43004301e-01,8.53974437e+06,2.64871306e+03,1.18504657e-01,5.83353262e-07,6.00023208e-01,2.81494606e-01
1.70170170e+00,4.04683537e+00,6.71391814e-01,8.53669028e+06,2.64802388e+03,1.18492959e-01,5.83295677e-07,5.99963978e-01,2.81466819e-01
1.80180180e+00,4.04694275e+00,5.43548491e-01,8.54309596e+06,2.64941916e+03,1.18516279e-01,5.83410470e-07,6.00082051e-01,2.81522212e-01
1.90190190e+00,4.04688959e+00,4.58251542e-01,8.53854308e+06,2.64841741e+03,1.18499479e-01,5.83327770e-07,5.99996988e-01,2.81482305e-01
2.00200200e+00,4.04692135e+00,4.53628038e-01,8.54405592e+06,2.64964314e+03,1.18520203e-01,5.83429788e-07,6.00101921e-01,2.81531534e-01
2.10210210e+00,4.04751547e+00,2.48647843e-01,8.54100990e+06,2.64871821e+03,1.18501925e-01,5.83339813e-07,6.00009375e-01,2.81488116e-01
2.20220220e+00,4.04818299e+00,1.36564905e-01,8.54902273e+06,2.65024810e+03,1.18525081e-01,5.83453801e-07,6.00126620e-01,2.81543121e-01
2.30230230e+00,4.04837226e+00,1.15987333e-01,8.54371676e+06,2.64898079e+03,1.18502646e-01,5.83343363e-07,6.00013027e-01,2.81489830e-01
2.40240240e+00,4.04846521e+00,2.33869192e-01,8.55009262e+06,2.65037610e+03,1.18525926e-01,5.83457960e-07,6.00130898e-01,2.81545128e-01
2.50250250e+00,4.04896411e+00,1.86118808e-01,8.54422235e+06,2.64885682e+03,1.18497881e-01,5.83319907e-07,5.99988901e-01,2.81478511e-01
2.60260260e+00,4.04929668e+00,1.91443708e-01,8.55237614e+06,2.65055398e+03,1.18525282e-01,5.83454791e-07,6.00127639e-01,2.81543599e-01
2.70270270e+00,4.04904025e+00,3.61905768e-01,8.54521937e+06,2.64905244e+03,1.18500729e-01,5.83333925e-07,6.00003319e-01,2.81485275e-01
2.80280280e+00,4.04879236e+00,3.34995339e-01,8.54803320e+06,2.64978675e+03,1.18514156e-01,5.83400020e-07,6.00071303e-01,2.81517169e-01
2.90290290e+00,4.04901312e+00,1.98981668e-01,8.54260513e+06,2.64848050e+03,1.18490853e-01,5.83285308e-07,5.99953313e-01,2.81461815e-01
3.00300300e+00,4.04939686e+00,-7.45370768e-02,8.54950643e+06,2.64987717e+03,1.18512842e-01,5.83393554e-07,6.00064652e-01,2.81514049e-01
3.10310310e+00,4.04938894e+00,-2.12333309e-01,8.54591490e+06,2.64907601e+03,1.18499115e-01,5.83325980e-07,5.99995147e-01,2.81481441e-01
3.20320320e+00,4.04890084e+00,-5.28718352e-01,8.54537106e+06,2.64915445e+03,1.18502349e-01,5.83341902e-07,6.00011524e-01,2.81489124e-01
3.30330330e+00,4.04802196e+00,-8.05074484e-01,8.54186039e+06,2.64872409e+03,1.18498634e-01,5.83323613e-07,5.99992712e-01,2.81480299e-01
3.40340340e+00,4.04746842e+00,-1.16986435e+00,8.54112034e+06,2.64878326e+03,1.18501925e-01,5.83339813e-07,6.00009375e-01,2.81488116e-01
3.50350350e+00,4.04642697e+00,-1.61489803e+00,8.53541488e+06,2.64792346e+03,1.18491708e-01,5.83289516e-07,5.99957641e-01,2.81463846e-01
3.60360360e+00,4.04557720e+00,-1.74761440e+00,8.53559773e+06,2.64830802e+03,1.18501925e-01,5.83339813e-07,6.00009375e-01,2.81488116e-01
3.70370370e+00,4.04485654e+00,-1.69587154e+00,8.53077203e+06,2.64751337e+03,1.18491584e-01,5.83288908e-07,5.99957016e-01,2.81463553e-01
3.80380380e+00,4.04416282e+00,-1.28895571e+00,8.53134201e+06,2.64792052e+03,1.18501605e-01,5.83338235e-07,6.00007753e-01,2.81487355e-01
3.90390390e+00,4.04496123e+00,-4.18299825e-01,8.53233766e+06,2.64780869e+03,1.18497046e-01,5.83315795e-07,5.99984671e-01,2.81476527e-01
4.00400400e+00,4.04625584e+00,2.87914728e-02,8.53176537e+06,2.64712391e+03,1.18481829e-01,5.83240887e-07,5.99907622e-01,2.81440380e-01
4.10410410e+00,4.04701362e+00,-9.12504411e-02,8.53035872e+06,2.64646089e+03,1.18469786e-01,5.83181605e-07,5.99846646e-01,2.81411774e-01
4.20420420e+00,4.04731958e+00,-6.04196026e-01,8.52770605e+06,2.64569660e+03,1.18458203e-01,5.83124586e-07,5.99787997e-01,2.81384259e-01
4.30430430e+00,4.04739976e+00,-9.01300849e-01,8.52846448e+06,2.64577735e+03,1.18462776e-01,5.83147098e-07,5.99811151e-01,2.81395122e-01
4.40440440e+00,4.04804659e+00,-1.14877162e+00,8.52564834e+06,2.64478555e+03,1.18449138e-01,5.83079971e-07,5.99742101e-01,2.81362728e-01
4.50450450e+00,4.04956929e+00,-1.01075105e+00,8.53073322e+06,2.64512022e+03,1.18460229e-01,5.83134565e-07,5.99798254e-01,2.81389071e-01
4.60460460e+00,4.05109519e+00,-6.39897821e-01,8.52855380e+06,2.64378878e+03,1.18444976e-01,5.83059475e-07,5.99721028e-01,2.81352841e-01
4.70470470e+00,4.05184609e+00,-3.27952319e-01,8.53230930e+06,2.64415954e+03,1.18458560e-01,5.83126373e-07,5.99789807e-01,2.81385108e-01
4.80480480e+00,4.05241183e+00,-1.60680521e-01,8.52592271e+06,2.64231059e+03,1.18436184e-01,5.83016664e-07,5.99676511e-01,2.81331957e-01
4.90490490e+00,4.05310808e+00,-1.45736261e-01,8.53022686e+06,2.64271724e+03,1.18457389e-01,5.83123473e-07,5.99783874e-01,2.81382325e-01
5.00500501e+00,4.05411442e+00,-2.18532981e-01,8.52512606e+06,2.64079016e+03,1.18443538e-01,5.83064812e-07,5.99713743e-01,2.81349424e-01
5.10510511e+00,4.05548263e+00,-4.44236811e-01,8.53016137e+06,2.64093744e+03,1.18466905e-01,5.83210020e-07,5.99832059e-01,2.81404930e-01
5.20520521e+00,4.05715376e+00,-8.26227660e-01,8.52507312e+06,2.63866768e+03,1.18449274e-01,5.83205066e-07,5.99742786e-01,2.81363049e-01
5.30530531e+00,4.05980512e+00,-1.33783146e+00,8.53152997e+06,2.63845402e+03,1.18471165e-01,5.83509520e-07,5.99853629e-01,2.81415049e-01
5.40540541e+00,4.06243612e+00,-1.77017987e+00,8.53238636e+06,2.63696797e+03,1.18473050e-01,5.83939862e-07,5.99863172e-01,2.81419526e-01
5.50550551e+00,4.06340856e+00,-1.99741019e+00,8.53569554e+06,2.63671673e+03,1.18501925e-01,5.84887358e-07,6.00009375e-01,2.81488115e-01
5.60560561e+00,4.06648386e+00,-1.96483009e+00,8.53203857e+06,2.63377002e+03,1.18494001e-01,5.86266296e-07,5.99969252e-01,2.81469290e-01
5.70570571e+00,4.07258756e+00,-2.06463746e+00,8.53571105e+06,2.63077874e+03,1.18501926e-01,5.88625383e-07,6.00009375e-01,2.81488110e-01
5.80580581e+00,4.08007803e+00,-1.65366685e+00,8.53646853e+06,2.62618202e+03,1.18501926e-01,5.92133328e-07,6.00009375e-01,2.81488107e-01
5.90590591e+00,4.08966616e+00,-1.04705696e+00,8.53816869e+06,2.62054681e+03,1.18501927e-01,5.97097690e-07,6.00009375e-01,2.81488101e-01
6.00600601e+00,4.10152543e+00,-4.85304634e-01,8.53941697e+06,2.61335169e+03,1.18501928e-01,6.03763112e-07,6.00009375e-01,2.81488093e-01
6.10610611e+00,4.11584477e+00,-9.37787304e-02,8.54000570e+06,2.60443918e+03,1.18501929e-01,6.12203187e-07,6.00009375e-01,2.81488084e-01
6.20620621e+00,4.13321536e+00,1.29353763e-01,8.54035340e+06,2.59359913e+03,1.18501930e-01,6.22450250e-07,6.00009375e-01,2.81488072e-01
6.30630631e+00,4.15384143e+00,2.07613129e-01,8.54022367e+06,2.58068129e+03,1.18501932e-01,6.34332623e-07,6.00009375e-01,2.81488059e-01
6.40640641e+00,4.17825280e+00,2.48911170e-01,8.54027212e+06,2.56561825e+03,1.18501933e-01,6.47634884e-07,6.00009375e-01,2.81488044e-01
6.50650651e+00,4.20690660e+00,2.95430948e-01,8.54049867e+06,2.54821107e+03,1.18501935e-01,6.61928945e-07,6.00009375e-01,2.81488028e-01
6.60660661e+00,4.23995684e+00,4.47994917e-01,8.54036372e+06,2.52830794e+03,1.18501937e-01,6.76896274e-07,6.00009375e-01,2.81488011e-01
6.70670671e+00,4.27769412e+00,6.88145808e-01,8.53978577e+06,2.50583392e+03,1.18501939e-01,6.92081486e-07,6.00009375e-01,2.81487994e-01
6.80680681e+00,4.32039304e+00,9.49896303e-01,8.53865731e+06,2.48074063e+03,1.18501941e-01,7.07053978e-07,6.00009375e-01,2.81487977e-01
6.90690691e+00,4.36895734e+00,1.10490322e+00,8.53805338e+06,2.45299178e+03,1.18501942e-01,7.21287373e-07,6.00009375e-01,2.81487961e-01
7.00700701e+00,4.42334993e+00,1.03176643e+00,8.53564142e+06,2.42224066e+03,1.18497198e-01,7.34385323e-07,5.99985343e-01,2.81476672e-01
7.10710711e+00,4.48204012e+00,6.70589043e-01,8.53545565e+06,2.39037478e+03,1.18501946e-01,7.45937812e-07,6.00009375e-01,2.81487933e-01
7.20720721e+00,4.53972505e+00,3.42885617e-02,8.53482624e+06,2.35982696e+03,1.18501947e-01,7.55393787e-07,6.00009375e-01,2.81487923e-01
7.30730731e+00,4.59287050e+00,-8.23244538e-01,8.53641056e+06,2.33295370e+03,1.18501948e-01,7.62436749e-07,6.00009375e-01,2.81487915e-01
7.40740741e+00,4.64010402e+00,-1.61338875e+00,8.53839648e+06,2.30974282e+03,1.18501948e-01,7.66848981e-07,6.00009375e-01,2.81487910e-01
7.50750751e+00,4.68117078e+00,-1.91037548e+00,8.53949421e+06,2.28977435e+03,1.18501948e-01,7.68436488e-07,6.00009375e-01,2.81487908e-01
7.60760761e+00,4.71715349e+00,-1.87635745e+00,8.53996700e+06,2.27243364e+03,1.18501948e-01,7.67143869e-07,6.00009375e-01,2.81487909e-01
7.70770771e+00,4.74685193e+00,-1.50840404e+00,8.53805977e+06,2.25771194e+03,1.18501948e-01,7.63052622e-07,6.00009375e-01,2.81487914e-01
7.80780781e+00,4.76967708e+00,-5.20858645e-01,8.53210187e+06,2.24533983e+03,1.18501947e-01,7.56371675e-07,6.00009375e-01,2.81487922e-01
7.90790791e+00,4.78872741e+00,4.13062550e-01,8.52664988e+06,2.23497845e+03,1.18501946e-01,7.47462256e-07,6.00009375e-01,2.81487932e-01
8.00800801e+00,4.80560812e+00,8.99155023e-01,8.52474723e+06,2.22663066e+03,1.18501944e-01,7.36746011e-07,6.00009375e-01,2.81487944e-01
8.10810811e+00,4.81985270e+00,9.83496518e-01,8.52476605e+06,2.22005500e+03,1.18501943e-01,7.24752759e-07,6.00009375e-01,2.81487957e-01
8.20820821e+00,4.83312012e+00,5.41303860e-01,8.52777858e+06,2.21474311e+03,1.18501941e-01,7.11983706e-07,6.00009375e-01,2.81487972e-01
8.30830831e+00,4.84608401e+00,-6.82816326e-01,8.53594263e+06,2.21093300e+03,1.18501940e-01,6.98906868e-07,6.00009375e-01,2.81487986e-01
8.40840841e+00,4.85560069e+00,-1.58626384e+00,8.54257088e+06,2.20831317e+03,1.18501938e-01,6.85985612e-07,6.00009375e-01,2.81488001e-01
8.50850851e+00,4.86106405e+00,-2.40262885e+00,8.54229100e+06,2.20575898e+03,1.18501936e-01,6.73533561e-07,6.00009375e-01,2.81488015e-01
8.60860861e+00,4.86678669e+00,-2.44559257e+00,8.54499517e+06,2.20386277e+03,1.18501935e-01,6.61902399e-07,6.00009375e-01,2.81488028e-01
8.70870871e+00,4.86972389e+00,-2.33995229e+00,8.54327072e+06,2.20225196e+03,1.18493166e-01,6.51167586e-07,5.99964980e-01,2.81467213e-01
8.80880881e+00,4.86963292e+00,-1.76449953e+00,8.54018851e+06,2.20133569e+03,1.18501932e-01,6.41665628e-07,6.00009375e-01,2.81488051e-01
8.90890891e+00,4.87011562e+00,-1.53994186e+00,8.53251266e+06,2.19946545e+03,1.18484352e-01,6.33200674e-07,5.99920364e-01,2.81446302e-01
9.00900901e+00,4.87189162e+00,-1.50405366e+00,8.53725139e+06,2.19961106e+03,1.18499093e-01,6.26110894e-07,5.99995008e-01,2.81481328e-01
9.10910911e+00,4.87331140e+00,-1.01796264e+00,8.53816189e+06,2.19915210e+03,1.18501930e-01,6.20087548e-07,6.00009375e-01,2.81488075e-01
9.20920921e+00,4.87348508e+00,-5.02854447e-01,8.53648140e+06,2.19864090e+03,1.18501929e-01,6.15258231e-07,6.00009375e-01,2.81488081e-01
9.30930931e+00,4.87200932e+00,2.87048754e-01,8.53317014e+06,2.19828035e+03,1.18511278e-01,6.11523535e-07,6.00056714e-01,2.81510293e-01
9.40940941e+00,4.87058834e+00,1.06711537e+00,8.52923111e+06,2.19781386e+03,1.18516281e-01,6.08747118e-07,6.00082046e-01,2.81522180e-01
9.50950951e+00,4.86934510e+00,2.01506607e+00,8.52741903e+06,2.19772442e+03,1.18526178e-01,6.06965602e-07,6.00132158e-01,2.81545692e-01
9.60960961e+00,4.86757739e+00,2.66519001e+00,8.51856136e+06,2.19650480e+03,1.18511828e-01,6.05971670e-07,6.00059502e-01,2.81511607e-01
9.70970971e+00,4.86630599e+00,3.22524057e+00,8.52052728e+06,2.19719523e+03,1.18532890e-01,6.05948328e-07,6.00166143e-01,2.81561637e-01
9.80980981e+00,4.86522882e+00,3.14267596e+00,8.50729031e+06,2.19499974e+03,1.18493348e-01,6.06335626e-07,5.99965934e-01,2.81467711e-01
9.90990991e+00,4.86519903e+00,3.36470003e+00,8.51633432e+06,2.19668587e+03,1.18528994e-01,6.07794957e-07,6.00146416e-01,2.81552380e-01
1.00100100e+01,4.86667382e+00,3.38862963e+00,8.51242851e+06,2.19554491e+03,1.18500280e-01,6.09487539e-07,6.00001030e-01,2.81484172e-01
1.01101101e+01,4.86813387e+00,3.28540633e+00,8.52365988e+06,2.19724626e+03,1.18529193e-01,6.11945942e-07,6.00147424e-01,2.81552849e-01
1.02102102e+01,4.86888020e+00,3.04020580e+00,8.51849291e+06,2.19608286e+03,1.18501929e-01,6.14533372e-07,6.00009375e-01,2.81488081e-01
1.03103103e+01,4.87185801e+00,1.90607986e+00,8.52589052e+06,2.19664651e+03,1.18501929e-01,6.17590973e-07,6.00009375e-01,2.81488078e-01
1.04104104e+01,4.87499962e+00,1.39209085e-01,8.52400260e+06,2.19544674e+03,1.18464043e-01,6.20695339e-07,5.99817541e-01,2.81398077e-01
1.05105105e+01,4.87637138e+00,-9.25206512e-01,8.53984096e+06,2.19805066e+03,1.18510213e-01,6.24403478e-07,6.00051314e-01,2.81507746e-01
1.06106106e+01,4.87502388e+00,-1.91260536e+00,8.52205962e+06,2.19514013e+03,1.18452994e-01,6.27593512e-07,5.99761595e-01,2.81371823e-01
1.07107107e+01,4.87383117e+00,-1.97229739e+00,8.53942579e+06,2.19874507e+03,1.18528771e-01,6.31465803e-07,6.00145272e-01,2.81551817e-01
1.08108108e+01,4.86934064e+00,-5.06063665e-01,8.51793946e+06,2.19601577e+03,1.18486647e-01,6.34684922e-07,5.99931985e-01,2.81451752e-01
1.09109109e+01,4.86644824e+00,1.86507753e+00,8.52734541e+06,2.19860921e+03,1.18547985e-01,6.38369378e-07,6.00242556e-01,2.81597449e-01
1.10110110e+01,4.86478015e+00,2.29952771e+00,8.49091842e+06,2.19228586e+03,1.18422640e-01,6.40856529e-07,5.99607897e-01,2.81299702e-01
1.11111111e+01,4.86725826e+00,3.07025117e+00,8.53050150e+06,2.19901265e+03,1.18550372e-01,6.44504119e-07,6.00254635e-01,2.81603109e-01
1.12112112e+01,4.87314636e+00,2.21069564e+00,8.50211947e+06,2.19209211e+03,1.18385749e-01,6.46338825e-07,5.99421101e-01,2.81212062e-01
1.13113113e+01,4.88212414e+00,-1.07984395e+00,8.58474753e+06,2.20501503e+03,1.18617190e-01,6.50111660e-07,6.00592952e-01,2.81761821e-01
1.14114114e+01,4.88999605e+00,-1.73924501e+00,8.56493161e+06,2.19915534e+03,1.18467701e-01,6.51581921e-07,5.99836045e-01,2.81406723e-01
1.15115115e+01,4.88864764e+00,-4.89868971e+00,8.55846082e+06,2.19834829e+03,1.18454322e-01,6.53541401e-07,5.99768301e-01,2.81374940e-01
1.16116116e+01,4.88138273e+00,-3.45099930e+00,8.57195734e+06,2.20290873e+03,1.18571719e-01,6.55978771e-07,6.00362716e-01,2.81653801e-01
1.17117117e+01,4.87113787e+00,-8.25799135e-01,8.52369212e+06,2.19679463e+03,1.18480902e-01,6.57056979e-07,5.99902885e-01,2.81438074e-01
1.18118118e+01,4.86800228e+00,1.79713601e+00,8.54405780e+06,2.20149248e+03,1.18586890e-01,6.59043385e-07,6.00439528e-01,2.81689833e-01
1.19119119e+01,4.86639489e+00,1.21910597e+00,8.49736255e+06,2.19323220e+03,1.18422075e-01,6.59354219e-07,5.99605024e-01,2.81298333e-01
1.20120120e+01,4.86576919e+00,3.21550837e-01,8.53540892e+06,2.20052796e+03,1.18573167e-01,6.61298615e-07,6.00370043e-01,2.81657232e-01
1.21121121e+01,4.86884751e+00,4.84989136e-01,8.52441326e+06,2.19762386e+03,1.18501935e-01,6.61896919e-07,6.00009375e-01,2.81488028e-01
1.22122122e+01,4.87764832e+00,-8.78346530e-01,8.55798977e+06,2.20143687e+03,1.18548353e-01,6.63086983e-07,6.00244400e-01,2.81598287e-01
1.23123123e+01,4.88298465e+00,-2.62126002e+00,8.54489636e+06,2.19751592e+03,1.18448589e-01,6.63419602e-07,5.99739268e-01,2.81361308e-01
1.24124124e+01,4.88169584e+00,-4.24751980e+00,8.55632771e+06,2.20001568e+03,1.18503560e-01,6.64599818e-07,6.00017603e-01,2.81491885e-01
1.25125125e+01,4.88273858e+00,-3.93655880e+00,8.54769489e+06,2.19812379e+03,1.18460585e-01,6.65236919e-07,5.99800007e-01,2.81389801e-01
1.26126126e+01,4.88177050e+00,-3.93369227e+00,8.55627268e+06,2.19999805e+03,1.18501936e-01,6.66364794e-07,6.00009375e-01,2.81488023e-01
1.27127127e+01,4.87537144e+00,-2.54895994e+00,8.54089515e+06,2.19892653e+03,1.18501936e-01,6.67276455e-07,6.00009375e-01,2.81488022e-01
1.28128128e+01,4.87127428e+00,-1.02410415e+00,8.54633200e+06,2.20109277e+03,1.18560306e-01,6.68545279e-07,6.00304921e-01,2.81626673e-01
1.29129129e+01,4.87003461e+00,4.54196576e-01,8.53012984e+06,2.19842025e+03,1.18509554e-01,6.69219581e-07,6.00047945e-01,2.81506115e-01
1.30130130e+01,4.87179611e+00,1.40831321e+00,8.54427299e+06,2.20057040e+03,1.18547180e-01,6.70413269e-07,6.00238458e-01,2.81595491e-01
1.31131131e+01,4.87508971e+00,1.75141903e+00,8.53924148e+06,2.19871625e+03,1.18497171e-01,6.71099366e-07,5.99985247e-01,2.81476698e-01
1.32132132e+01,4.87893392e+00,1.62865870e+00,8.55340674e+06,2.20028941e+03,1.18515421e-01,6.72156277e-07,6.00077654e-01,2.81520049e-01
1.33133133e+01,4.88125210e+00,1.15592991e+00,8.54781954e+06,2.19860613e+03,1.18472392e-01,6.72837138e-07,5.99859782e-01,2.81417836e-01
1.34134134e+01,4.88093951e+00,1.39113161e+00,8.56673654e+06,2.20222046e+03,1.18547302e-01,6.74147515e-07,6.00239076e-01,2.81595776e-01
1.35135135e+01,4.88011660e+00,2.47834607e+00,8.55155004e+06,2.19962462e+03,1.18496782e-01,6.74700074e-07,5.99983275e-01,2.81475769e-01
1.36136136e+01,4.87746672e+00,2.53733099e+00,8.54655713e+06,2.19943901e+03,1.18501937e-01,6.75495517e-07,6.00009375e-01,2.81488013e-01
1.37137137e+01,4.87329142e+00,2.37704882e+00,8.53516546e+06,2.19848591e+03,1.18496729e-01,6.76170683e-07,5.99983005e-01,2.81475641e-01
1.38138138e+01,4.86815387e+00,1.62259790e+00,8.52152531e+06,2.19737946e+03,1.18491846e-01,6.76780380e-07,5.99958283e-01,2.81464042e-01
1.39139139e+01,4.86416825e+00,1.34734732e+00,8.51328984e+06,2.19695788e+03,1.18497063e-01,6.77375840e-07,5.99984697e-01,2.81476433e-01
1.40140140e+01,4.86812935e+00,2.61369929e+00,8.53416767e+06,2.19975277e+03,1.18540205e-01,6.78117808e-07,6.00203137e-01,2.81578911e-01
1.41141141e+01,4.87904962e+00,1.43365807e+00,8.52865322e+06,2.19567456e+03,1.18418004e-01,6.77853706e-07,5.99584400e-01,2.81288637e-01
1.42142142e+01,4.89123568e+00,-1.84755118e+00,8.57471890e+06,2.20085897e+03,1.18481236e-01,6.78592516e-07,5.99904559e-01,2.81438836e-01
1.43143143e+01,4.89337483e+00,-3.77248034e+00,8.59010904e+06,2.20312492e+03,1.18519977e-01,6.79142429e-07,6.00100715e-01,2.81530860e-01
1.44144144e+01,4.88723772e+00,-5.49419763e+00,8.55451396e+06,2.19821822e+03,1.18440861e-01,6.78968948e-07,5.99700131e-01,2.81342930e-01
1.45145145e+01,4.87786755e+00,-4.50702795e+00,8.57117236e+06,2.20394069e+03,1.18590748e-01,6.80063986e-07,6.00459050e-01,2.81698968e-01
1.46146146e+01,4.86947820e+00,-6.81287768e-01,8.53447717e+06,2.19944871e+03,1.18528051e-01,6.79898941e-07,6.00141597e-01,2.81550038e-01
1.47147147e+01,4.86726348e+00,7.02677285e-01,8.51765253e+06,2.19692789e+03,1.18484011e-01,6.79805636e-07,5.99918608e-01,2.81445425e-01
1.48148148e+01,4.86825054e+00,2.51222598e+00,8.53894017e+06,2.20062938e+03,1.18556298e-01,6.80346131e-07,6.00284618e-01,2.81617135e-01
1.49149149e+01,4.86836494e+00,3.09679191e+00,8.51794487e+06,2.19667867e+03,1.18474710e-01,6.79969841e-07,5.99871514e-01,2.81423331e-01
1.50150150e+01,4.86965284e+00,2.06713647e+00,8.53005539e+06,2.19858243e+03,1.18509068e-01,6.80224036e-07,6.00045480e-01,2.81504946e-01
1.51151151e+01,4.87460886e+00,6.35874774e-01,8.54019797e+06,2.19909100e+03,1.18501937e-01,6.80206176e-07,6.00009375e-01,2.81488007e-01
1.52152152e+01,4.88092441e+00,2.81001870e-01,8.55548833e+06,2.20017769e+03,1.18501937e-01,6.80194973e-07,6.00009375e-01,2.81488007e-01
1.53153153e+01,4.88007920e+00,-9.83962176e-01,8.55345043e+06,2.20003459e+03,1.18501937e-01,6.80148599e-07,6.00009375e-01,2.81488007e-01
1.54154154e+01,4.87842391e+00,-7.38618031e-02,8.57137124e+06,2.20383531e+03,1.18585645e-01,6.80547486e-07,6.00433210e-01,2.81686845e-01
1.55155155e+01,4.87644265e+00,2.57995608e-01,8.53664764e+06,2.19791851e+03,1.18471295e-01,6.79776996e-07,5.99854224e-01,2.81415220e-01
1.56156156e+01,4.87136632e+00,7.40218789e-01,8.54697601e+06,2.20126548e+03,1.18557698e-01,6.80127806e-07,6.00291710e-01,2.81620462e-01
1.57157157e+01,4.86702965e+00,7.90630694e-01,8.51130790e+06,2.19581907e+03,1.18461232e-01,6.79404483e-07,5.99803271e-01,2.81391316e-01
1.58158158e+01,4.86599235e+00,2.36892167e-01,8.52124030e+06,2.19796650e+03,1.18508857e-01,6.79487571e-07,6.00044411e-01,2.81504445e-01
1.59159159e+01,4.86720602e+00,-2.81276283e-01,8.50904863e+06,2.19534865e+03,1.18450872e-01,6.78948801e-07,5.99750817e-01,2.81366709e-01
1.60160160e+01,4.86903137e+00,-7.45065041e-01,8.52877620e+06,2.19852597e+03,1.18509464e-01,6.79075379e-07,6.00047483e-01,2.81505887e-01
1.61161161e+01,4.87117465e+00,9.65720459e-02,8.52343825e+06,2.19693154e+03,1.18469098e-01,6.78642618e-07,5.99843100e-01,2.81410003e-01
1.62162162e+01,4.87496101e+00,1.17674249e+00,8.54119970e+06,2.19919007e+03,1.18501937e-01,6.78642929e-07,6.00009375e-01,2.81488009e-01
1.63163163e+01,4.87631614e+00,2.06066549e+00,8.54449968e+06,2.19942836e+03,1.18501937e-01,6.78477997e-07,6.00009375e-01,2.81488009e-01
1.64164164e+01,4.87712666e+00,2.56766924e+00,8.55086214e+06,2.20039019e+03,1.18518639e-01,6.78439137e-07,6.00093943e-01,2.81527683e-01
1.65165165e+01,4.87818568e+00,2.13139865e+00,8.54408243e+06,2.19883278e+03,1.18482821e-01,6.78140840e-07,5.99912584e-01,2.81442601e-01
1.66166166e+01,4.87890703e+00,1.47258287e+00,8.55434445e+06,2.20054618e+03,1.18515237e-01,6.78275995e-07,6.00076718e-01,2.81519603e-01
1.67167167e+01,4.87681424e+00,6.83829741e-01,8.53685322e+06,2.19787176e+03,1.18467640e-01,6.77996580e-07,5.99835720e-01,2.81406541e-01
1.68168168e+01,4.87125333e+00,-2.72568865e-01,8.53242315e+06,2.19860244e+03,1.18501937e-01,6.78230424e-07,6.00009375e-01,2.81488010e-01
1.69169169e+01,4.86810482e+00,-3.11411904e-01,8.52484287e+06,2.19806990e+03,1.18501937e-01,6.78308753e-07,6.00009375e-01,2.81488010e-01
1.70170170e+01,4.86756310e+00,-4.61601940e-01,8.52112491e+06,2.19752890e+03,1.18492601e-01,6.78365506e-07,5.99962103e-01,2.81465832e-01
1.71171171e+01,4.86660774e+00,4.57990925e-01,8.53206431e+06,2.19984272e+03,1.18543196e-01,6.78791339e-07,6.00218281e-01,2.81586015e-01
1.72172172e+01,4.86519932e+00,2.87710864e+00,8.52660170e+06,2.19921936e+03,1.18535183e-01,6.78896366e-07,6.00177708e-01,2.81566981e-01
1.73173173e+01,4.86148488e+00,6.26885669e+00,8.51907419e+06,2.19885521e+03,1.18540653e-01,6.79081485e-07,6.00205405e-01,2.81579974e-01
1.74174174e+01,4.85654549e+00,8.90070259e+00,8.49753560e+06,2.19621322e+03,1.18503592e-01,6.79012811e-07,6.00017756e-01,2.81491941e-01
1.75175175e+01,4.84796567e+00,9.01617744e+00,8.47168931e+06,2.19377701e+03,1.18483668e-01,6.79021086e-07,5.99916872e-01,2.81444612e-01
1.76176176e+01,4.84258113e+00,8.01137253e+00,8.44879352e+06,2.19098907e+03,1.18445364e-01,6.78889684e-07,5.99722928e-01,2.81353625e-01
1.77177177e+01,4.83682279e+00,7.22856246e+00,8.44958635e+06,2.19275600e+03,1.18501937e-01,6.79255677e-07,6.00009375e-01,2.81488008e-01
1.78178178e+01,4.83143716e+00,7.62133460e+00,8.43661205e+06,2.19182956e+03,1.18501937e-01,6.79241955e-07,6.00009375e-01,2.81488008e-01
1.79179179e+01,4.82633623e+00,9.20275964e+00,8.43389088e+06,2.19275282e+03,1.18538987e-01,6.79377695e-07,6.00196969e-01,2.81576016e-01
1.80180180e+01,4.82209687e+00,1.25556499e+01,8.41922215e+06,2.19118242e+03,1.18521732e-01,6.79132275e-07,6.00109602e-01,2.81535029e-01
1.81181181e+01,4.82034203e+00,1.67527211e+01,8.41495946e+06,2.19087224e+03,1.18521627e-01,6.78911215e-07,6.00109073e-01,2.81534781e-01
1.82182182e+01,4.81642857e+00,2.08523694e+01,8.39711060e+06,2.18860601e+03,1.18488895e-01,6.78428876e-07,5.99943338e-01,2.81457029e-01
1.83183183e+01,4.80613658e+00,2.51823947e+01,8.37379369e+06,2.18709879e+03,1.18494511e-01,6.78090257e-07,5.99971776e-01,2.81470371e-01
1.84184184e+01,4.79273366e+00,2.86459706e+01,8.34343145e+06,2.18512579e+03,1.18501937e-01,6.77694576e-07,6.00009375e-01,2.81488010e-01
1.85185185e+01,4.78119220e+00,3.05865606e+01,8.31565471e+06,2.18310831e+03,1.18501937e-01,6.77192952e-07,6.00009375e-01,2.81488011e-01
1.86186186e+01,4.77318092e+00,3.30047944e+01,8.29638555e+06,2.18170520e+03,1.18501937e-01,6.76636947e-07,6.00009375e-01,2.81488011e-01
1.87187187e+01,4.76856343e+00,3.61462956e+01,8.28452128e+06,2.18074893e+03,1.18498996e-01,6.76016452e-07,5.99994486e-01,2.81481027e-01
1.88188188e+01,4.76551323e+00,3.91089800e+01,8.27612166e+06,2.18000912e+03,1.18494819e-01,6.75351187e-07,5.99973336e-01,2.81471106e-01
1.89189189e+01,4.75974931e+00,4.12370350e+01,8.25489683e+06,2.17758726e+03,1.18465663e-01,6.74525840e-07,5.99825710e-01,2.81401849e-01
1.90190190e+01,4.75143501e+00,4.27833861e+01,8.24101428e+06,2.17728609e+03,1.18489771e-01,6.73990312e-07,5.99947778e-01,2.81459117e-01
1.91191191e+01,4.74355225e+00,4.39678080e+01,8.21941571e+06,2.17538240e+03,1.18479205e-01,6.73255807e-07,5.99894280e-01,2.81434020e-01
1.92192192e+01,4.73683556e+00,4.56104992e+01,8.20901917e+06,2.17529419e+03,1.18501936e-01,6.72726253e-07,6.00009375e-01,2.81488016e-01
1.93193193e+01,4.72836227e+00,4.81179374e+01,8.18945490e+06,2.17394409e+03,1.18504916e-01,6.72108229e-07,6.00024461e-01,2.81495094e-01
1.94194194e+01,4.71480381e+00,5.33138950e+01,8.16502563e+06,2.17310443e+03,1.18536967e-01,6.71683859e-07,6.00186749e-01,2.81571230e-01
1.95195195e+01,4.70395135e+00,5.67560281e+01,8.11659938e+06,2.16684781e+03,1.18446809e-01,6.70606539e-07,5.99730249e-01,2.81357069e-01
1.96196196e+01,4.69736788e+00,5.94887408e+01,8.12106874e+06,2.16959034e+03,1.18528110e-01,6.70542725e-07,6.00141900e-01,2.81550191e-01
1.97197197e+01,4.69510642e+00,6.19565791e+01,8.09890716e+06,2.16594163e+03,1.18460814e-01,6.69684049e-07,5.99801165e-01,2.81390339e-01
1.98198198e+01,4.69143088e+00,6.25380681e+01,8.09591383e+06,2.16641146e+03,1.18484105e-01,6.69384393e-07,5.99919094e-01,2.81445665e-01
1.99199199e+01,4.68622994e+00,6.42488001e+01,8.07819888e+06,2.16446166e+03,1.18462674e-01,6.68877867e-07,5.99810583e-01,2.81394758e-01
2.00200200e+01,4.68049826e+00,6.65454683e+01,8.06668957e+06,2.16386769e+03,1.18471268e-01,6.68584796e-07,5.99854097e-01,2.81415173e-01
2.01201201e+01,4.66931073e+00,6.90137361e+01,8.02751611e+06,2.15944947e+03,1.18420215e-01,6.67996204e-07,5.99595600e-01,2.81293903e-01
2.02202202e+01,4.64999912e+00,7.34856497e+01,8.00480957e+06,2.16056454e+03,1.18514469e-01,6.68263771e-07,6.00072833e-01,2.81517791e-01
2.03203203e+01,4.63251039e+00,7.69956398e+01,7.94044209e+06,2.15297876e+03,1.18421080e-01,6.67504175e-07,5.99599980e-01,2.81295958e-01
2.04204204e+01,4.62410181e+00,8.02248239e+01,7.94396352e+06,2.15609382e+03,1.18517554e-01,6.67840693e-07,6.00088457e-01,2.81525122e-01
2.05205205e+01,4.62195679e+00,8.30543322e+01,7.92480066e+06,2.15294257e+03,1.18459666e-01,6.67327023e-07,5.99795353e-01,2.81387615e-01
2.06206206e+01,4.61950255e+00,8.30938651e+01,7.91678538e+06,2.15207154e+03,1.18450647e-01,6.67102836e-07,5.99749688e-01,2.81366192e-01
2.07207207e+01,4.61710244e+00,8.33254049e+01,7.90837776e+06,2.15110305e+03,1.18439663e-01,6.66876519e-07,5.99694069e-01,2.81340100e-01
2.08208208e+01,4.61450970e+00,8.45112603e+01,7.91360081e+06,2.15287630e+03,1.18486803e-01,6.66981947e-07,5.99932754e-01,2.81452076e-01
2.09209209e+01,4.60929464e+00,8.78573441e+01,7.90924962e+06,2.15352300e+03,1.18520038e-01,6.67010372e-07,6.00101030e-01,2.81531021e-01
2.10210210e+01,4.59431168e+00,9.46026495e+01,7.87478167e+06,2.15105610e+03,1.18524140e-01,6.66873475e-07,6.00121801e-01,2.81540766e-01
2.11211211e+01,4.57566843e+00,1.01890668e+02,7.82178994e+06,2.14595471e+03,1.18487226e-01,6.66504042e-07,5.99934897e-01,2.81453082e-01
2.12212212e+01,4.56174576e+00,1.05054229e+02,7.78735889e+06,2.14313472e+03,1.18481385e-01,6.66307232e-07,5.99905322e-01,2.81439208e-01
2.13213213e+01,4.55191314e+00,1.06086047e+02,7.75887835e+06,2.14030302e+03,1.18459581e-01,6.66018793e-07,5.99794924e-01,2.81387416e-01
2.14214214e+01,4.54477058e+00,1.09008817e+02,7.76126231e+06,2.14286274e+03,1.18540438e-01,6.66307127e-07,6.00204322e-01,2.81579480e-01
2.15215215e+01,4.53875706e+00,1.12485886e+02,7.73777532e+06,2.13991590e+03,1.18501256e-01,6.65922595e-07,6.00005936e-01,2.81486410e-01
2.16216216e+01,4.53133061e+00,1.14968567e+02,7.73227427e+06,2.14098250e+03,1.18551994e-01,6.66048314e-07,6.00262838e-01,2.81606933e-01
2.17217217e+01,4.52585760e+00,1.15331706e+02,7.69614787e+06,2.13532411e+03,1.18453854e-01,6.65346090e-07,5.99765926e-01,2.81373812e-01
2.18218218e+01,4.52437209e+00,1.13751651e+02,7.69241217e+06,2.13500755e+03,1.18452791e-01,6.65201301e-07,5.99760544e-01,2.81371288e-01
2.19219219e+01,4.52390389e+00,1.14282111e+02,7.71066299e+06,2.13883027e+03,1.18533883e-01,6.65532985e-07,6.00171135e-01,2.81563912e-01
2.20220220e+01,4.52328997e+00,1.17440521e+02,7.71241304e+06,2.13936931e+03,1.18547001e-01,6.65501617e-07,6.00237554e-01,2.81595072e-01
2.21221221e+01,4.51515439e+00,1.23038751e+02,7.70318499e+06,2.13989054e+03,1.18589611e-01,6.65657248e-07,6.00453304e-01,2.81696289e-01
2.22222222e+01,4.49402093e+00,1.30658084e+02,7.62354035e+06,2.13002125e+03,1.18461754e-01,6.64880139e-07,5.99805925e-01,2.81392578e-01
2.23223223e+01,4.47520728e+00,1.34284344e+02,7.60111846e+06,2.13101153e+03,1.18554769e-01,6.65368278e-07,6.00276885e-01,2.81613524e-01
2.24224224e+01,4.46344170e+00,1.36190076e+02,7.54132168e+06,2.12230118e+03,1.18416185e-01,6.64582537e-07,5.99575196e-01,2.81284334e-01
2.25225225e+01,4.45613608e+00,1.37517503e+02,7.54960798e+06,2.12614709e+03,1.18525865e-01,6.65215666e-07,6.00130535e-01,2.81544866e-01
2.26226226e+01,4.44866684e+00,1.42084999e+02,7.52716511e+06,2.12377963e+03,1.18503886e-01,6.65134349e-07,6.00019249e-01,2.81492657e-01
2.27227227e+01,4.44788317e+00,1.46667263e+02,7.52895600e+06,2.12438242e+03,1.18519326e-01,6.65285692e-07,6.00097427e-01,2.81529333e-01
2.28228228e+01,4.44426382e+00,1.49040206e+02,7.50513565e+06,2.12059503e+03,1.18451744e-01,6.64991131e-07,5.99755241e-01,2.81368800e-01
2.29229229e+01,4.43571948e+00,1.48931427e+02,7.48757743e+06,2.11952741e+03,1.18461901e-01,6.65149948e-07,5.99806671e-01,2.81392928e-01
2.30230230e+01,4.42509963e+00,1.48916981e+02,7.46337312e+06,2.11770784e+03,1.18464040e-01,6.65277000e-07,5.99817498e-01,2.81398007e-01
2.31231231e+01,4.41405343e+00,1.50217265e+02,7.44946367e+06,2.11813571e+03,1.18515218e-01,6.65688555e-07,6.00076629e-01,2.81519575e-01
2.32232232e+01,4.39692033e+00,1.55868045e+02,7.42127836e+06,2.11742775e+03,1.18566502e-01,6.66105616e-07,6.00336293e-01,2.81641394e-01
2.33233233e+01,4.38204083e+00,1.63316911e+02,7.37803848e+06,2.11292246e+03,1.18528126e-01,6.66019141e-07,6.00141987e-01,2.81550237e-01
2.34234234e+01,4.37379413e+00,1.67547608e+02,7.34051047e+06,2.10758814e+03,1.18446617e-01,6.65685981e-07,5.99729282e-01,2.81356621e-01
2.35235235e+01,4.36836238e+00,1.70628778e+02,7.33535287e+06,2.10813748e+03,1.18479689e-01,6.65988444e-07,5.99896733e-01,2.81435178e-01
2.36236236e+01,4.36522579e+00,1.74108686e+02,7.32711164e+06,2.10736571e+03,1.18474987e-01,6.66066508e-07,5.99872928e-01,2.81424010e-01
2.37237237e+01,4.36003513e+00,1.76714077e+02,7.31688943e+06,2.10679251e+03,1.18482776e-01,6.66199013e-07,5.99912363e-01,2.81442511e-01
2.38238238e+01,4.35170804e+00,1.79549658e+02,7.29728668e+06,2.10519984e+03,1.18481028e-01,6.66258753e-07,5.99903513e-01,2.81438359e-01
2.39239239e+01,4.34254260e+00,1.81221207e+02,7.27371357e+06,2.10303487e+03,1.18469380e-01,6.66240701e-07,5.99844537e-01,2.81410691e-01
2.40240240e+01,4.33720890e+00,1.81903073e+02,7.25548620e+06,2.10081735e+03,1.18442718e-01,6.66113681e-07,5.99709542e-01,2.81347359e-01
2.41241241e+01,4.33260580e+00,1.80984804e+02,7.23911460e+06,2.09874781e+03,1.18417668e-01,6.65969322e-07,5.99582702e-01,2.81287854e-01
2.42242242e+01,4.32354172e+00,1.82408038e+02,7.24081679e+06,2.10182721e+03,1.18519928e-01,6.66513095e-07,6.00100475e-01,2.81530761e-01
2.43243243e+01,4.30847045e+00,1.89224862e+02,7.21353586e+06,2.10062987e+03,1.18553948e-01,6.66644391e-07,6.00272731e-01,2.81611574e-01
2.44244244e+01,4.29528496e+00,1.98271696e+02,7.17748899e+06,2.09699574e+03,1.18528691e-01,6.66413452e-07,6.00144846e-01,2.81551578e-01
2.45245245e+01,4.28856820e+00,2.05176844e+02,7.15905772e+06,2.09513020e+03,1.18514915e-01,6.66218594e-07,6.00075092e-01,2.81518854e-01
2.46246246e+01,4.28045514e+00,2.07067963e+02,7.13196485e+06,2.09183420e+03,1.18476569e-01,6.65857710e-07,5.99880936e-01,2.81427767e-01
2.47247247e+01,4.27325777e+00,2.07023995e+02,7.10784483e+06,2.08885089e+03,1.18443679e-01,6.65500902e-07,5.99714407e-01,2.81349642e-01
2.48248248e+01,4.26498426e+00,2.07479080e+02,7.10506513e+06,2.09075545e+03,1.18518972e-01,6.65726831e-07,6.00095636e-01,2.81528492e-01
2.49249249e+01,4.25647558e+00,2.08636871e+02,7.07340859e+06,2.08658933e+03,1.18462829e-01,6.65191761e-07,5.99811367e-01,2.81395131e-01
2.50250250e+01,4.25218997e+00,2.09645849e+02,7.07229495e+06,2.08767430e+03,1.18501935e-01,6.65171186e-07,6.00009375e-01,2.81488024e-01
2.51251251e+01,4.24675051e+00,2.13007717e+02,7.07815088e+06,2.09059337e+03,1.18586153e-01,6.65386531e-07,6.00435795e-01,2.81688075e-01
2.52252252e+01,4.24049818e+00,2.17891533e+02,7.05552732e+06,2.08765391e+03,1.18548094e-01,6.64901332e-07,6.00243088e-01,2.81597669e-01
2.53253253e+01,4.23067860e+00,2.22689903e+02,7.03205211e+06,2.08560065e+03,1.18544491e-01,6.64598769e-07,6.00224844e-01,2.81589110e-01
2.54254254e+01,4.22189895e+00,2.26186966e+02,7.00948760e+06,2.08341085e+03,1.18534289e-01,6.64252786e-07,6.00173190e-01,2.81564878e-01
2.55255255e+01,4.21395624e+00,2.26982382e+02,6.98522026e+06,2.08059203e+03,1.18506899e-01,6.63807592e-07,6.00034508e-01,2.81499817e-01
2.56256256e+01,4.20744542e+00,2.27189454e+02,6.96472918e+06,2.07814811e+03,1.18481278e-01,6.63373527e-07,5.99904779e-01,2.81438956e-01
2.57257257e+01,4.19949662e+00,2.28755654e+02,6.96038230e+06,2.07963556e+03,1.18546600e-01,6.63453169e-07,6.00235527e-01,2.81594123e-01
2.58258258e+01,4.18780408e+00,2.33353417e+02,6.92309555e+06,2.07513506e+03,1.18497199e-01,6.62899097e-07,5.99985394e-01,2.81476776e-01
2.59259259e+01,4.17958992e+00,2.37500115e+02,6.90687336e+06,2.07414161e+03,1.18508608e-01,6.62697187e-07,6.00043163e-01,2.81503878e-01
2.60260260e+01,4.17068214e+00,2.41543081e+02,6.89192482e+06,2.07365366e+03,1.18532569e-01,6.62580157e-07,6.00164484e-01,2.81560795e-01
2.61261261e+01,4.16237154e+00,2.44915917e+02,6.87231598e+06,2.07195599e+03,1.18528347e-01,6.62322733e-07,6.00143109e-01,2.81550767e-01
2.62262262e+01,4.15592894e+00,2.47221599e+02,6.85418906e+06,2.06997005e+03,1.18512561e-01,6.62020300e-07,6.00063180e-01,2.81513270e-01
2.63263263e+01,4.14946624e+00,2.49081028e+02,6.84150595e+06,2.06916975e+03,1.18523327e-01,6.61887219e-07,6.00117690e-01,2.81538843e-01
2.64264264e+01,4.13930156e+00,2.51731803e+02,6.81364627e+06,2.06617716e+03,1.18501935e-01,6.61596804e-07,6.00009375e-01,2.81488028e-01
2.65265265e+01,4.11945589e+00,2.57724052e+02,6.78477227e+06,2.06596939e+03,1.18580156e-01,6.61886003e-07,6.00405431e-01,2.81673834e-01
2.66266266e+01,4.10567313e+00,2.64209111e+02,6.74175713e+06,2.06077235e+03,1.18522061e-01,6.61438129e-07,6.00111278e-01,2.81535835e-01
2.67267267e+01,4.09895861e+00,2.67856979e+02,6.72269684e+06,2.05866193e+03,1.18501935e-01,6.61225349e-07,6.00009375e-01,2.81488029e-01
2.68268268e+01,4.09390572e+00,2.69931811e+02,6.71667237e+06,2.05891051e+03,1.18527558e-01,6.61290513e-07,6.00139114e-01,2.81548894e-01
2.69269269e+01,4.09715140e+00,2.71777624e+02,6.72074276e+06,2.05879579e+03,1.18512039e-01,6.61147599e-07,6.00060535e-01,2.81512030e-01
2.70270270e+01,4.09815846e+00,2.70771936e+02,6.71907677e+06,2.05812021e+03,1.18492428e-01,6.61002077e-07,5.99961241e-01,2.81465447e-01
2.71271271e+01,4.09004407e+00,2.72490663e+02,6.72401657e+06,2.06175141e+03,1.18605538e-01,6.61615776e-07,6.00533947e-01,2.81734126e-01
2.72272272e+01,4.07179178e+00,2.79633644e+02,6.67723996e+06,2.05707028e+03,1.18577632e-01,6.61460035e-07,6.00392649e-01,2.81667838e-01
2.73273273e+01,4.06142463e+00,2.86720181e+02,6.63862815e+06,2.05170532e+03,1.18501935e-01,6.61052890e-07,6.00009375e-01,2.81488029e-01
2.74274274e+01,4.05444342e+00,2.90447007e+02,6.61754085e+06,2.04912252e+03,1.18478062e-01,6.60947944e-07,5.99888499e-01,2.81431321e-01
2.75275275e+01,4.05361279e+00,2.95322828e+02,6.62824561e+06,2.05176398e+03,1.18541225e-01,6.61339534e-07,6.00208313e-01,2.81581359e-01
2.76276276e+01,4.05901887e+00,2.98571574e+02,6.63129276e+06,2.05077139e+03,1.18495092e-01,6.61130334e-07,5.99974728e-01,2.81471774e-01
2.77277277e+01,4.06288138e+00,2.97815756e+02,6.63390862e+06,2.05013407e+03,1.18465955e-01,6.61022956e-07,5.99827198e-01,2.81402562e-01
2.78278278e+01,4.06039066e+00,2.96662364e+02,6.62401653e+06,2.04869348e+03,1.18445096e-01,6.60966758e-07,5.99721582e-01,2.81353014e-01
2.79279279e+01,4.05301026e+00,2.95998194e+02,6.60489564e+06,2.04670098e+03,1.18433439e-01,6.60964822e-07,5.99662561e-01,2.81325324e-01
2.80280280e+01,4.03783027e+00,2.96544377e+02,6.57954696e+06,2.04574454e+03,1.18477809e-01,6.61276561e-07,5.99887216e-01,2.81430719e-01
2.81281281e+01,4.01284183e+00,3.01575079e+02,6.54336700e+06,2.04543725e+03,1.18577846e-01,6.61898266e-07,6.00393736e-01,2.81668347e-01
2.82282282e+01,3.99655670e+00,3.06772803e+02,6.48556121e+06,2.03751367e+03,1.18468130e-01,6.61346529e-07,5.99838211e-01,2.81407729e-01
2.83283283e+01,3.99415601e+00,3.11076993e+02,6.47850409e+06,2.03665010e+03,1.18460557e-01,6.61361104e-07,5.99799869e-01,2.81389741e-01
2.84284284e+01,3.99999292e+00,3.15447915e+02,6.51385099e+06,2.04282307e+03,1.18573687e-01,6.62044648e-07,6.00372677e-01,2.81658467e-01
2.85285285e+01,4.00118934e+00,3.19626583e+02,6.51207358e+06,2.04209765e+03,1.18547984e-01,6.61947184e-07,6.00242533e-01,2.81597412e-01
2.86286286e+01,3.98945250e+00,3.24743554e+02,6.48015901e+06,2.03852603e+03,1.18521348e-01,6.61837504e-07,6.00107670e-01,2.81534142e-01
2.87287287e+01,3.96640838e+00,3.30878350e+02,6.42689350e+06,2.03364867e+03,1.18513611e-01,6.61825369e-07,6.00068493e-01,2.81515763e-01
2.88288288e+01,3.95043201e+00,3.33324662e+02,6.37913615e+06,2.02776179e+03,1.18451571e-01,6.61501331e-07,5.99754370e-01,2.81368395e-01
2.89289289e+01,3.94408541e+00,3.34272172e+02,6.36586743e+06,2.02672121e+03,1.18456187e-01,6.61540508e-07,5.99777738e-01,2.81379358e-01
2.90290290e+01,3.94052240e+00,3.36746023e+02,6.36188146e+06,2.02690911e+03,1.18478072e-01,6.61666788e-07,5.99888551e-01,2.81431345e-01
2.91291291e+01,3.94231614e+00,3.40406298e+02,6.37316057e+06,2.02892821e+03,1.18516062e-01,6.61873408e-07,6.00080906e-01,2.81521586e-01
2.92292292e+01,3.94824970e+00,3.45236992e+02,6.39579102e+06,2.03229765e+03,1.18561264e-01,6.62110511e-07,6.00309773e-01,2.81628956e-01
2.93293293e+01,3.95028752e+00,3.48233248e+02,6.39328843e+06,2.03108611e+03,1.18524392e-01,6.61879370e-07,6.00123082e-01,2.81541373e-01
2.94294294e+01,3.94565187e+00,3.50061231e+02,6.37587372e+06,2.02855674e+03,1.18487971e-01,6.61640896e-07,5.99938674e-01,2.81454859e-01
2.95295295e+01,3.93327615e+00,3.52906493e+02,6.36076187e+06,2.02902732e+03,1.18551563e-01,6.61951231e-07,6.00260656e-01,2.81605914e-01
2.96296296e+01,3.91270513e+00,3.58429841e+02,6.31174706e+06,2.02427103e+03,1.18534368e-01,6.61801206e-07,6.00173593e-01,2.81565069e-01
2.97297297e+01,3.90145038e+00,3.61366871e+02,6.27836600e+06,2.02013901e+03,1.18489473e-01,6.61487889e-07,5.99946275e-01,2.81458426e-01
2.98298298e+01,3.89790755e+00,3.62012674e+02,6.26609532e+06,2.01841403e+03,1.18466535e-01,6.61288938e-07,5.99830137e-01,2.81403941e-01
2.99299299e+01,3.89492298e+00,3.61541837e+02,6.25660074e+06,2.01712313e+03,1.18453430e-01,6.61137137e-07,5.99763778e-01,2.81372809e-01
3.00300300e+01,3.88630892e+00,3.63068364e+02,6.24731010e+06,2.01767913e+03,1.18507032e-01,6.61350610e-07,6.00035186e-01,2.81500137e-01
3.01301301e+01,3.86768651e+00,3.69673539e+02,6.21673014e+06,2.01649600e+03,1.18564279e-01,6.61578280e-07,6.00325042e-01,2.81636120e-01
3.02302302e+01,3.85415278e+00,3.76600448e+02,6.17132172e+06,2.01018640e+03,1.18482282e-01,6.61024058e-07,5.99909868e-01,2.81441346e-01
3.03303303e+01,3.85527971e+00,3.81359307e+02,6.17520128e+06,2.01075294e+03,1.18488716e-01,6.60959308e-07,5.99942445e-01,2.81456629e-01
3.04304304e+01,3.85647715e+00,3.82593501e+02,6.17085886e+06,2.00939052e+03,1.18448887e-01,6.60633148e-07,5.99740777e-01,2.81362019e-01
3.05305305e+01,3.85325056e+00,3.83746254e+02,6.17933400e+06,2.01241587e+03,1.18532424e-01,6.60992842e-07,6.00163753e-01,2.81560454e-01
3.06306306e+01,3.83524137e+00,3.91841072e+02,6.14334274e+06,2.00972673e+03,1.18553810e-01,6.61005062e-07,6.00272033e-01,2.81611253e-01
3.07307307e+01,3.81961066e+00,3.99989728e+02,6.09583299e+06,2.00351458e+03,1.18484608e-01,6.60513125e-07,5.99921644e-01,2.81446871e-01
3.08308308e+01,3.81383862e+00,4.04546796e+02,6.09293662e+06,2.00472771e+03,1.18535773e-01,6.60694305e-07,6.00180706e-01,2.81568408e-01
3.09309309e+01,3.81123278e+00,4.05639338e+02,6.06880403e+06,1.99982205e+03,1.18436827e-01,6.60041892e-07,5.99679717e-01,2.81333374e-01
3.10310310e+01,3.81088975e+00,4.03034814e+02,6.06582852e+06,1.99917745e+03,1.18427587e-01,6.59893707e-07,5.99632932e-01,2.81311425e-01
3.11311311e+01,3.80795042e+00,4.02351020e+02,6.07112301e+06,2.00140350e+03,1.18490511e-01,6.60153239e-07,5.99951534e-01,2.81460894e-01
3.12312312e+01,3.80176441e+00,4.06043115e+02,6.07024590e+06,2.00319720e+03,1.18559909e-01,6.60455517e-07,6.00302916e-01,2.81625741e-01
3.13313313e+01,3.79437753e+00,4.12903736e+02,6.04393418e+06,1.99926681e+03,1.18508338e-01,6.60092038e-07,6.00041799e-01,2.81503241e-01
3.14314314e+01,3.78531823e+00,4.18800686e+02,6.02531369e+06,1.99777945e+03,1.18514150e-01,6.60057317e-07,6.00071222e-01,2.81517045e-01
3.15315315e+01,3.77386360e+00,4.22192441e+02,5.99038552e+06,1.99316214e+03,1.18458553e-01,6.59690705e-07,5.99789723e-01,2.81384983e-01
3.16316316e+01,3.76597526e+00,4.21887724e+02,5.97342230e+06,1.99164069e+03,1.18460960e-01,6.59657933e-07,5.99801906e-01,2.81390698e-01
3.17317317e+01,3.75780727e+00,4.20392419e+02,5.94685495e+06,1.98790972e+03,1.18412259e-01,6.59352033e-07,5.99555322e-01,2.81275016e-01
3.18318318e+01,3.74738228e+00,4.20325681e+02,5.94739259e+06,1.99145856e+03,1.18540789e-01,6.60044931e-07,6.00206108e-01,2.81580325e-01
3.19319319e+01,3.73434663e+00,4.24221362e+02,5.90687664e+06,1.98591770e+03,1.18473852e-01,6.59661724e-07,5.99867182e-01,2.81421322e-01
3.20320320e+01,3.73087020e+00,4.27977265e+02,5.89675583e+06,1.98460783e+03,1.18459197e-01,6.59582027e-07,5.99792981e-01,2.81386511e-01
3.21321321e+01,3.73552159e+00,4.31432914e+02,5.92179798e+06,1.98912516e+03,1.18544308e-01,6.60070214e-07,6.00223925e-01,2.81588684e-01
3.22322322e+01,3.73808333e+00,4.34608041e+02,5.92594156e+06,1.98936501e+03,1.18531667e-01,6.60026431e-07,6.00159918e-01,2.81558656e-01
3.23323323e+01,3.73041934e+00,4.37608763e+02,5.90918857e+06,1.98782521e+03,1.18531146e-01,6.60062250e-07,6.00157278e-01,2.81557417e-01
3.24324324e+01,3.70407192e+00,4.46047279e+02,5.85075801e+06,1.98224138e+03,1.18526829e-01,6.60088518e-07,6.00135424e-01,2.81547165e-01
3.25325325e+01,3.68219913e+00,4.52282489e+02,5.79890485e+06,1.97672417e+03,1.18504030e-01,6.60022462e-07,6.00019985e-01,2.81493008e-01
3.26326326e+01,3.67045681e+00,4.53905481e+02,5.76555979e+06,1.97241179e+03,1.18457961e-01,6.59836707e-07,5.99786723e-01,2.81383575e-01
3.27327327e+01,3.66404750e+00,4.53823465e+02,5.74894362e+06,1.97042631e+03,1.18442410e-01,6.59830159e-07,5.99707986e-01,2.81346636e-01
3.28328328e+01,3.65881042e+00,4.54210715e+02,5.74169924e+06,1.97037557e+03,1.18465529e-01,6.60047435e-07,5.99825043e-01,2.81401552e-01
3.29329329e+01,3.65537509e+00,4.55836927e+02,5.73028941e+06,1.96869311e+03,1.18442364e-01,6.60014296e-07,5.99707752e-01,2.81346526e-01
3.30330330e+01,3.65964833e+00,4.57420253e+02,5.75826845e+06,1.97420612e+03,1.18549722e-01,6.60715106e-07,6.00251336e-01,2.81601543e-01
3.31331331e+01,3.66077826e+00,4.60855091e+02,5.76362361e+06,1.97518614e+03,1.18564490e-01,6.60905813e-07,6.00326112e-01,2.81636623e-01
3.32332332e+01,3.64906652e+00,4.67605375e+02,5.73480467e+06,1.97190644e+03,1.18547125e-01,6.60921991e-07,6.00238185e-01,2.81595373e-01
3.33333333e+01,3.63455013e+00,4.73825332e+02,5.68798736e+06,1.96508668e+03,1.18458636e-01,6.60544605e-07,5.99790141e-01,2.81385178e-01
3.34334334e+01,3.62582660e+00,4.75383599e+02,5.66736373e+06,1.96282449e+03,1.18449456e-01,6.60611376e-07,5.99743658e-01,2.81363371e-01
3.35335335e+01,3.62110258e+00,4.76647064e+02,5.65990866e+06,1.96250123e+03,1.18467477e-01,6.60831037e-07,5.99834904e-01,2.81406178e-01
3.36336336e+01,3.61619629e+00,4.77567786e+02,5.65039461e+06,1.96173341e+03,1.18475152e-01,6.60993305e-07,5.99873765e-01,2.81424409e-01
3.37337337e+01,3.60912190e+00,4.78848923e+02,5.63882437e+06,1.96119540e+03,1.18496803e-01,6.61232861e-07,5.99983389e-01,2.81475837e-01
3.38338338e+01,3.59626028e+00,4.82969292e+02,5.62392779e+06,1.96181334e+03,1.18569071e-01,6.61753268e-07,6.00349305e-01,2.81647503e-01
3.39339339e+01,3.58479968e+00,4.87898661e+02,5.58486944e+06,1.95583388e+03,1.18483165e-01,6.61388159e-07,5.99914339e-01,2.81443443e-01
3.40340340e+01,3.58214306e+00,4.91396542e+02,5.58608509e+06,1.95702716e+03,1.18524532e-01,6.61730042e-07,6.00123791e-01,2.81541705e-01
3.41341341e+01,3.58142128e+00,4.94259924e+02,5.58601777e+06,1.95728286e+03,1.18531503e-01,6.61876084e-07,6.00159087e-01,2.81558264e-01
3.42342342e+01,3.57765456e+00,4.95302960e+02,5.57611447e+06,1.95607827e+03,1.18518877e-01,6.61908301e-07,6.00095159e-01,2.81528273e-01
3.43343343e+01,3.56771703e+00,4.97937857e+02,5.56716617e+06,1.95716097e+03,1.18592635e-01,6.62417879e-07,6.00468614e-01,2.81703475e-01
3.44344344e+01,3.54955721e+00,5.04513279e+02,5.51826010e+06,1.95085847e+03,1.18533935e-01,6.62181821e-07,6.00171402e-01,2.81564041e-01
3.45345345e+01,3.54001002e+00,5.10459414e+02,5.50609179e+06,1.95100419e+03,1.18582673e-01,6.62539587e-07,6.00418175e-01,2.81679812e-01
3.46346346e+01,3.53558161e+00,5.12942974e+02,5.48575497e+06,1.94725673e+03,1.18520318e-01,6.62270242e-07,6.00102451e-01,2.81531693e-01
3.47347347e+01,3.53422071e+00,5.12108737e+02,5.48046520e+06,1.94633813e+03,1.18507531e-01,6.62271315e-07,6.00037707e-01,2.81501319e-01
3.48348348e+01,3.53093538e+00,5.10484430e+02,5.47038175e+06,1.94487628e+03,1.18488545e-01,6.62230978e-07,5.99941577e-01,2.81456221e-01
3.49349349e+01,3.52011278e+00,5.11240996e+02,5.45469540e+06,1.94449982e+03,1.18534971e-01,6.62549305e-07,6.00176648e-01,2.81566502e-01
3.50350350e+01,3.50360278e+00,5.15162759e+02,5.41223021e+06,1.93911517e+03,1.18494523e-01,6.62374827e-07,5.99971845e-01,2.81470420e-01
3.51351351e+01,3.48995579e+00,5.19350905e+02,5.40248556e+06,1.94133447e+03,1.18607951e-01,6.63053388e-07,6.00546166e-01,2.81739857e-01
3.52352352e+01,3.47931801e+00,5.25781274e+02,5.36534587e+06,1.93532592e+03,1.18519543e-01,6.62596520e-07,6.00098527e-01,2.81529852e-01
3.53353353e+01,3.47933480e+00,5.30151316e+02,5.36743918e+06,1.93576555e+03,1.18538284e-01,6.62731741e-07,6.00193419e-01,2.81574370e-01
3.54354354e+01,3.48498636e+00,5.33558800e+02,5.38473537e+06,1.93839687e+03,1.18566244e-01,6.62911756e-07,6.00334992e-01,2.81640787e-01
3.55355355e+01,3.48904340e+00,5.35128995e+02,5.39693956e+06,1.94027581e+03,1.18581843e-01,6.63016072e-07,6.00413970e-01,2.81677838e-01
3.56356356e+01,3.48429936e+00,5.37375247e+02,5.37840669e+06,1.93708292e+03,1.18530590e-01,6.62740072e-07,6.00154463e-01,2.81556094e-01
3.57357357e+01,3.46787506e+00,5.42559166e+02,5.34791035e+06,1.93475771e+03,1.18559011e-01,6.62903145e-07,6.00298369e-01,2.81623606e-01
3.58358358e+01,3.44977167e+00,5.49207225e+02,5.29982887e+06,1.92835299e+03,1.18501935e-01,6.62581983e-07,6.00009375e-01,2.81488027e-01
3.59359359e+01,3.44144066e+00,5.51106324e+02,5.28236333e+06,1.92663099e+03,1.18503158e-01,6.62580903e-07,6.00015568e-01,2.81490932e-01
3.60360360e+01,3.44086218e+00,5.53120516e+02,5.27851453e+06,1.92582497e+03,1.18486293e-01,6.62473043e-07,5.99930172e-01,2.81450870e-01
3.61361361e+01,3.44749374e+00,5.52132863e+02,5.29466490e+06,1.92776299e+03,1.18500951e-01,6.62536008e-07,6.00004391e-01,2.81485689e-01
3.62362362e+01,3.45063052e+00,5.52798951e+02,5.31251759e+06,1.93137088e+03,1.18570520e-01,6.62900689e-07,6.00356640e-01,2.81650943e-01
3.63363363e+01,3.43973476e+00,5.58616850e+02,5.27878612e+06,1.92626120e+03,1.18504384e-01,6.62501700e-07,6.00021774e-01,2.81493844e-01
3.64364364e+01,3.41548824e+00,5.68029547e+02,5.22719070e+06,1.92101426e+03,1.18501935e-01,6.62454128e-07,6.00009375e-01,2.81488027e-01
3.65365365e+01,3.38866411e+00,5.77108898e+02,5.16545317e+06,1.91384082e+03,1.18471687e-01,6.62247057e-07,5.99856221e-01,2.81416177e-01
3.66366366e+01,3.37398344e+00,5.79346259e+02,5.12673614e+06,1.90856963e+03,1.18421482e-01,6.61924507e-07,5.99602020e-01,2.81296921e-01
3.67367367e+01,3.37047933e+00,5.81113495e+02,5.12199266e+06,1.90855823e+03,1.18435623e-01,6.61957927e-07,5.99673619e-01,2.81330511e-01
3.68368368e+01,3.37522506e+00,5.80038695e+02,5.13146969e+06,1.90942998e+03,1.18433830e-01,6.61898630e-07,5.99664542e-01,2.81326253e-01
3.69369369e+01,3.38214278e+00,5.78325739e+02,5.14928671e+06,1.91179537e+03,1.18455223e-01,6.61965372e-07,5.99772857e-01,2.81377068e-01
3.70370370e+01,3.38388146e+00,5.78014815e+02,5.15760515e+06,1.91338668e+03,1.18486995e-01,6.62086690e-07,5.99933728e-01,2.81452539e-01
3.71371371e+01,3.38021812e+00,5.80615904e+02,5.14710873e+06,1.91184420e+03,1.18469512e-01,6.61929740e-07,5.99845209e-01,2.81411011e-01
3.72372372e+01,3.37651217e+00,5.81479301e+02,5.14203075e+06,1.91181844e+03,1.18484130e-01,6.61949330e-07,5.99919223e-01,2.81445734e-01
3.73373373e+01,3.36164618e+00,5.87075581e+02,5.11948990e+06,1.91095174e+03,1.18540144e-01,6.62197496e-07,6.00202840e-01,2.81578790e-01
3.74374374e+01,3.34596176e+00,5.94857399e+02,5.06483011e+06,1.90163324e+03,1.18401616e-01,6.61356811e-07,5.99501430e-01,2.81249731e-01
3.75375375e+01,3.33894918e+00,5.96365878e+02,5.05267365e+06,1.90077556e+03,1.18418916e-01,6.61384518e-07,5.99589025e-01,2.81290825e-01
3.76376376e+01,3.33048380e+00,5.99087550e+02,5.04147031e+06,1.90068198e+03,1.18462505e-01,6.61557002e-07,5.99809729e-01,2.81394366e-01
3.77377377e+01,3.32458956e+00,6.01551875e+02,5.02941382e+06,1.89947720e+03,1.18463819e-01,6.61491504e-07,5.99816384e-01,2.81397488e-01
3.78378378e+01,3.32189092e+00,6.01687033e+02,5.01830672e+06,1.89741959e+03,1.18426511e-01,6.61208543e-07,5.99627484e-01,2.81308868e-01
3.79379379e+01,3.31984881e+00,6.00429639e+02,5.01612293e+06,1.89754926e+03,1.18439697e-01,6.61205750e-07,5.99694245e-01,2.81340188e-01
3.80380380e+01,3.31398606e+00,6.01866763e+02,5.01620463e+06,1.89962970e+03,1.18521215e-01,6.61582751e-07,6.00106998e-01,2.81533827e-01
3.81381381e+01,3.29349943e+00,6.10878952e+02,4.97535247e+06,1.89566488e+03,1.18534611e-01,6.61578105e-07,6.00174821e-01,2.81565646e-01
3.82382382e+01,3.27788214e+00,6.19183396e+02,4.93441365e+06,1.88989299e+03,1.18480120e-01,6.61193671e-07,5.99898921e-01,2.81436210e-01
3.83383383e+01,3.27376880e+00,6.21098682e+02,4.91336420e+06,1.88553941e+03,1.18395670e-01,6.60641068e-07,5.99471325e-01,2.81235608e-01
3.84384384e+01,3.27688374e+00,6.18521624e+02,4.92494007e+06,1.88766414e+03,1.18428348e-01,6.60740707e-07,5.99636786e-01,2.81313232e-01
3.85385385e+01,3.27236471e+00,6.17937274e+02,4.92490098e+06,1.88931106e+03,1.18487576e-01,6.60987090e-07,5.99936673e-01,2.81453921e-01
3.86386386e+01,3.25395834e+00,6.25373195e+02,4.90266004e+06,1.88970004e+03,1.18595279e-01,6.61502789e-07,6.00482002e-01,2.81709757e-01
3.87387387e+01,3.23665072e+00,6.34705643e+02,4.85017057e+06,1.88125725e+03,1.18482299e-01,6.60786959e-07,5.99909951e-01,2.81441385e-01
3.88388388e+01,3.23714082e+00,6.39532699e+02,4.85142861e+06,1.88137764e+03,1.18487506e-01,6.60729605e-07,5.99936316e-01,2.81453754e-01
3.89389389e+01,3.24129901e+00,6.40669495e+02,4.86186148e+06,1.88285923e+03,1.18496661e-01,6.60693149e-07,5.99982673e-01,2.81475502e-01
3.90390390e+01,3.24262243e+00,6.41110324e+02,4.86633122e+06,1.88364568e+03,1.18507694e-01,6.60665936e-07,6.00038537e-01,2.81501711e-01
3.91391391e+01,3.23511922e+00,6.44890734e+02,4.84561002e+06,1.88052701e+03,1.18472915e-01,6.60382348e-07,5.99862438e-01,2.81419095e-01
3.92392392e+01,3.22900654e+00,6.48238819e+02,4.82836566e+06,1.87786683e+03,1.18442323e-01,6.60121435e-07,5.99707546e-01,2.81346430e-01
3.93393393e+01,3.22313892e+00,6.49024338e+02,4.82097661e+06,1.87788489e+03,1.18475217e-01,6.60213462e-07,5.99874094e-01,2.81424564e-01
3.94394394e+01,3.20722629e+00,6.54678434e+02,4.79502106e+06,1.87629875e+03,1.18522119e-01,6.60382778e-07,6.00111571e-01,2.81535974e-01
3.95395395e+01,3.19463353e+00,6.61077513e+02,4.76288793e+06,1.87179188e+03,1.18476506e-01,6.60036191e-07,5.99880621e-01,2.81427626e-01
3.96396396e+01,3.19493541e+00,6.63339167e+02,4.76163772e+06,1.87127592e+03,1.18466871e-01,6.59889434e-07,5.99831839e-01,2.81404741e-01
3.97397397e+01,3.19631009e+00,6.62905230e+02,4.76003723e+06,1.87032497e+03,1.18436305e-01,6.59625117e-07,5.99677075e-01,2.81332135e-01
3.98398398e+01,3.19000897e+00,6.64210833e+02,4.75075819e+06,1.86995949e+03,1.18462066e-01,6.59673505e-07,5.99807508e-01,2.81393326e-01
3.99399399e+01,3.17058700e+00,6.70847765e+02,4.71893058e+06,1.86793557e+03,1.18517505e-01,6.59886440e-07,6.00088213e-01,2.81525017e-01
4.00400400e+01,3.15861931e+00,6.77007461e+02,4.67578496e+06,1.85996969e+03,1.18383686e-01,6.59045531e-07,5.99410646e-01,2.81207143e-01
4.01401401e+01,3.16182425e+00,6.75202866e+02,4.68569362e+06,1.86162847e+03,1.18408704e-01,6.59088062e-07,5.99537323e-01,2.81266572e-01
4.02402402e+01,3.16210678e+00,6.74254785e+02,4.69207270e+06,1.86333720e+03,1.18450589e-01,6.59223439e-07,5.99749400e-01,2.81366066e-01
4.03403403e+01,3.15018021e+00,6.79505472e+02,4.67306382e+06,1.86222225e+03,1.18488249e-01,6.59334405e-07,5.99940081e-01,2.81455522e-01
4.04404404e+01,3.13903047e+00,6.85783247e+02,4.64173672e+06,1.85724566e+03,1.18428465e-01,6.58902714e-07,5.99637377e-01,2.81313512e-01
4.05405405e+01,3.13865010e+00,6.86416188e+02,4.63815764e+06,1.85634407e+03,1.18408971e-01,6.58694517e-07,5.99538675e-01,2.81267207e-01
4.06406406e+01,3.13912524e+00,6.85198936e+02,4.65225220e+06,1.86024286e+03,1.18501935e-01,6.59110861e-07,6.00009375e-01,2.81488031e-01
4.07407407e+01,3.13234734e+00,6.88945363e+02,4.62969172e+06,1.85617167e+03,1.18441664e-01,6.58673950e-07,5.99704207e-01,2.81344865e-01
4.08408408e+01,3.12365998e+00,6.93357641e+02,4.62118633e+06,1.85686426e+03,1.18508650e-01,6.58944143e-07,6.00043375e-01,2.81503982e-01
4.09409409e+01,3.10912851e+00,7.00848395e+02,4.59034239e+06,1.85323500e+03,1.18499466e-01,6.58790120e-07,5.99996876e-01,2.81482168e-01
4.10410410e+01,3.10213520e+00,7.08064642e+02,4.57412770e+06,1.85119783e+03,1.18477317e-01,6.58563593e-07,5.99884731e-01,2.81429556e-01
4.11411411e+01,3.10710461e+00,7.09742203e+02,4.58629983e+06,1.85277042e+03,1.18501935e-01,6.58596226e-07,6.00009375e-01,2.81488032e-01
4.12412412e+01,3.11288580e+00,7.12363790e+02,4.59474292e+06,1.85308289e+03,1.18479623e-01,6.58366783e-07,5.99896406e-01,2.81435034e-01
4.13413413e+01,3.11171521e+00,7.15807467e+02,4.60362467e+06,1.85608335e+03,1.18561333e-01,6.58714239e-07,6.00310124e-01,2.81629125e-01
4.14414414e+01,3.10169153e+00,7.24671523e+02,4.56983610e+06,1.84987902e+03,1.18467486e-01,6.58085794e-07,5.99834953e-01,2.81406204e-01
4.15415415e+01,3.09964418e+00,7.26988551e+02,4.56449671e+06,1.84918423e+03,1.18451715e-01,6.57890402e-07,5.99755102e-01,2.81368742e-01
4.16416416e+01,3.09685053e+00,7.28640161e+02,4.56271575e+06,1.84971561e+03,1.18478265e-01,6.57929139e-07,5.99889530e-01,2.81431808e-01
4.17417417e+01,3.08655073e+00,7.34111003e+02,4.54754919e+06,1.84902281e+03,1.18522880e-01,6.58067415e-07,6.00115429e-01,2.81537787e-01
4.18418418e+01,3.07683825e+00,7.40478334e+02,4.52229676e+06,1.84514656e+03,1.18485172e-01,6.57748194e-07,5.99924501e-01,2.81448215e-01
4.19419419e+01,3.07378726e+00,7.45221174e+02,4.51825238e+06,1.84512159e+03,1.18498313e-01,6.57710652e-07,5.99991041e-01,2.81479431e-01
4.20420420e+01,3.06867838e+00,7.51461574e+02,4.51547979e+06,1.84623518e+03,1.18551209e-01,6.57893011e-07,6.00258864e-01,2.81605078e-01
4.21421421e+01,3.06216230e+00,7.59750446e+02,4.49601942e+06,1.84289696e+03,1.18505743e-01,6.57528985e-07,6.00028660e-01,2.81497080e-01
4.22422422e+01,3.06138386e+00,7.65416818e+02,4.49537098e+06,1.84289634e+03,1.18518820e-01,6.57489219e-07,6.00094874e-01,2.81528144e-01
4.23423423e+01,3.06098898e+00,7.71188277e+02,4.49260741e+06,1.84222762e+03,1.18504241e-01,6.57295300e-07,6.00021053e-01,2.81493512e-01
4.24424424e+01,3.06251465e+00,7.76259175e+02,4.49243679e+06,1.84161412e+03,1.18480163e-01,6.57048038e-07,5.99899141e-01,2.81436318e-01
4.25425425e+01,3.06660913e+00,7.78219876e+02,4.49813111e+06,1.84175625e+03,1.18462805e-01,6.56837284e-07,5.99811254e-01,2.81395087e-01
4.26426426e+01,3.07017097e+00,7.79142333e+02,4.50889769e+06,1.84349583e+03,1.18496669e-01,6.56909649e-07,5.99982713e-01,2.81475525e-01
4.27427427e+01,3.06872482e+00,7.82305093e+02,4.50793608e+06,1.84382304e+03,1.18506192e-01,6.56846384e-07,6.00030934e-01,2.81498148e-01
4.28428428e+01,3.06506580e+00,7.87324412e+02,4.50547516e+06,1.84453176e+03,1.18537329e-01,6.56902345e-07,6.00188590e-01,2.81572111e-01
4.29429429e+01,3.05893690e+00,7.95001032e+02,4.48888341e+06,1.84184919e+03,1.18509787e-01,6.56632842e-07,6.00049137e-01,2.81506688e-01
4.30430430e+01,3.05631849e+00,8.01503818e+02,4.48679567e+06,1.84211766e+03,1.18538874e-01,6.56676825e-07,6.00196409e-01,2.81575779e-01
4.31431431e+01,3.05014540e+00,8.09777832e+02,4.47224256e+06,1.84008635e+03,1.18524214e-01,6.56478170e-07,6.00122184e-01,2.81540957e-01
4.32432432e+01,3.04680929e+00,8.17966897e+02,4.46648973e+06,1.83973203e+03,1.18524185e-01,6.56360473e-07,6.00122035e-01,2.81540888e-01
4.33433433e+01,3.04896249e+00,8.22872266e+02,4.46696461e+06,1.83891996e+03,1.18505384e-01,6.56138453e-07,6.00026842e-01,2.81496229e-01
4.34434434e+01,3.05182574e+00,8.25842649e+02,4.47099962e+06,1.83909044e+03,1.18490162e-01,6.55935873e-07,5.99949770e-01,2.81460071e-01
4.35435435e+01,3.05350040e+00,8.27841745e+02,4.48125879e+06,1.84155115e+03,1.18538312e-01,6.56083620e-07,6.00193566e-01,2.81574446e-01
4.36436436e+01,3.04730187e+00,8.33440169e+02,4.46877182e+06,1.84016235e+03,1.18537848e-01,6.55962121e-07,6.00191217e-01,2.81573344e-01
4.37437437e+01,3.04016603e+00,8.40006829e+02,4.45825640e+06,1.83990039e+03,1.18553371e-01,6.55929093e-07,6.00269814e-01,2.81610217e-01
4.38438438e+01,3.03345054e+00,8.47812787e+02,4.44806426e+06,1.83936879e+03,1.18578458e-01,6.55949044e-07,6.00396837e-01,2.81669809e-01
4.39439439e+01,3.02901065e+00,8.57406358e+02,4.43605869e+06,1.83737859e+03,1.18560033e-01,6.55728587e-07,6.00303545e-01,2.81626042e-01
4.40440440e+01,3.03274838e+00,8.62722347e+02,4.43812989e+06,1.83643324e+03,1.18530185e-01,6.55445107e-07,6.00152418e-01,2.81555142e-01
4.41441441e+01,3.03841598e+00,8.64831971e+02,4.45489316e+06,1.83964342e+03,1.18548726e-01,6.55428924e-07,6.00246295e-01,2.81599184e-01
4.42442442e+01,3.03914413e+00,8.66700549e+02,4.46323445e+06,1.84190989e+03,1.18596126e-01,6.55571959e-07,6.00486295e-01,2.81711778e-01
4.43443443e+01,3.03104050e+00,8.72559774e+02,4.43734182e+06,1.83712358e+03,1.18531356e-01,6.55095316e-07,6.00158345e-01,2.81557923e-01
4.44444444e+01,3.02844445e+00,8.75308879e+02,4.43394027e+06,1.83704397e+03,1.18547160e-01,6.55064358e-07,6.00238367e-01,2.81595465e-01
4.45445445e+01,3.02577351e+00,8.79188661e+02,4.43121035e+06,1.83713718e+03,1.18572736e-01,6.55087709e-07,6.00367867e-01,2.81656219e-01
4.46446446e+01,3.02382377e+00,8.84484659e+02,4.42595934e+06,1.83623616e+03,1.18566742e-01,6.54937069e-07,6.00337518e-01,2.81641981e-01
4.47447447e+01,3.02467899e+00,8.89711253e+02,4.42847969e+06,1.83660389e+03,1.18576970e-01,6.54876427e-07,6.00389302e-01,2.81666275e-01
4.48448448e+01,3.02324350e+00,8.97807726e+02,4.43005174e+06,1.83778067e+03,1.18599394e-01,6.54883562e-07,6.00502842e-01,2.81719541e-01
4.49449449e+01,3.02082075e+00,9.08571858e+02,4.41156608e+06,1.83308092e+03,1.18502271e-01,6.54231276e-07,6.00011083e-01,2.81488838e-01
4.50450450e+01,3.02530699e+00,9.16872577e+02,4.41858884e+06,1.83328160e+03,1.18501934e-01,6.54113802e-07,6.00009375e-01,2.81488037e-01
4.51451451e+01,3.02652134e+00,9.23489684e+02,4.43313198e+06,1.83713868e+03,1.18594749e-01,6.54511031e-07,6.00479322e-01,2.81708508e-01
4.52452452e+01,3.02639933e+00,9.31510580e+02,4.43261914e+06,1.83711029e+03,1.18587642e-01,6.54357073e-07,6.00443341e-01,2.81691628e-01
4.53453453e+01,3.02671123e+00,9.35854478e+02,4.43414505e+06,1.83774153e+03,1.18575497e-01,6.54175652e-07,6.00381848e-01,2.81662779e-01
4.54454454e+01,3.02132598e+00,9.40187929e+02,4.42138737e+06,1.83600586e+03,1.18557053e-01,6.53960035e-07,6.00288461e-01,2.81618967e-01
4.55455455e+01,3.01605478e+00,9.44057251e+02,4.40539198e+06,1.83316421e+03,1.18518034e-01,6.53631955e-07,6.00090895e-01,2.81526282e-01
4.56456456e+01,3.01651668e+00,9.43122851e+02,4.40850345e+06,1.83365324e+03,1.18551955e-01,6.53706720e-07,6.00262648e-01,2.81606858e-01
4.57457457e+01,3.00404085e+00,9.49215024e+02,4.38655857e+06,1.83155923e+03,1.18587144e-01,6.53789508e-07,6.00440816e-01,2.81690444e-01
4.58458458e+01,2.99189337e+00,9.57264623e+02,4.35163481e+06,1.82566618e+03,1.18501934e-01,6.53209929e-07,6.00009375e-01,2.81488038e-01
4.59459459e+01,2.97597604e+00,9.66854921e+02,4.33245206e+06,1.82597435e+03,1.18590566e-01,6.53589862e-07,6.00458143e-01,2.81698573e-01
4.60460460e+01,2.97118197e+00,9.76521806e+02,4.30244493e+06,1.81893935e+03,1.18415439e-01,6.52517593e-07,5.99571426e-01,2.81282579e-01
4.61461461e+01,2.99882289e+00,9.70174300e+02,4.36524763e+06,1.82717919e+03,1.18499742e-01,6.52875335e-07,5.99998279e-01,2.81482832e-01
4.62462462e+01,3.06134662e+00,9.48229276e+02,4.49067632e+06,1.84125648e+03,1.18501934e-01,6.52780020e-07,6.00009375e-01,2.81488038e-01
4.63463463e+01,3.18239797e+00,9.00910117e+02,4.75258871e+06,1.87288129e+03,1.18605812e-01,6.53241929e-07,6.00535339e-01,2.81734789e-01
4.64464464e+01,3.26374706e+00,8.72040771e+02,4.90776567e+06,1.88748003e+03,1.18501934e-01,6.52557134e-07,6.00009375e-01,2.81488039e-01
4.65465465e+01,3.31265401e+00,8.60173714e+02,4.99847587e+06,1.89534288e+03,1.18417043e-01,6.51976016e-07,5.99579547e-01,2.81286389e-01
4.66466466e+01,3.33367598e+00,8.56811057e+02,5.06627750e+06,1.90635122e+03,1.18577735e-01,6.52747129e-07,6.00393176e-01,2.81668095e-01
4.67467467e+01,3.32947755e+00,8.63433434e+02,5.06128765e+06,1.90627289e+03,1.18615198e-01,6.52840751e-07,6.00582863e-01,2.81757084e-01
4.68468468e+01,3.31267114e+00,8.77541862e+02,5.01583012e+06,1.89951444e+03,1.18566602e-01,6.52462559e-07,6.00336809e-01,2.81641651e-01
4.69469469e+01,3.29836407e+00,8.87201256e+02,4.98236055e+06,1.89537598e+03,1.18544570e-01,6.52232537e-07,6.00225257e-01,2.81589318e-01
4.70470470e+01,3.28191508e+00,8.94384373e+02,4.95224703e+06,1.89311218e+03,1.18560245e-01,6.52211697e-07,6.00304622e-01,2.81626551e-01
4.71471471e+01,3.26189644e+00,9.03234489e+02,4.91324255e+06,1.88962570e+03,1.18566699e-01,6.52142148e-07,6.00337299e-01,2.81641881e-01
4.72472472e+01,3.24870730e+00,9.12472291e+02,4.87672750e+06,1.88422579e+03,1.18501934e-01,6.51683112e-07,6.00009375e-01,2.81488039e-01
4.73473473e+01,3.23782121e+00,9.19203340e+02,4.86993966e+06,1.88622443e+03,1.18609051e-01,6.52171366e-07,6.00551740e-01,2.81742484e-01
4.74474474e+01,3.22692563e+00,9.28309484e+02,4.84327287e+06,1.88293578e+03,1.18564575e-01,6.51827834e-07,6.00326548e-01,2.81636838e-01
4.75475475e+01,3.22357673e+00,9.36291366e+02,4.83650551e+06,1.88195980e+03,1.18583376e-01,6.51834107e-07,6.00421740e-01,2.81681497e-01
4.76476476e+01,3.21745923e+00,9.46658019e+02,4.81952245e+06,1.87904867e+03,1.18575074e-01,6.51693461e-07,6.00379704e-01,2.81661776e-01
4.77477477e+01,3.21131752e+00,9.57674642e+02,4.80728289e+06,1.87776933e+03,1.18580880e-01,6.51632460e-07,6.00409102e-01,2.81675568e-01
4.78478478e+01,3.20415222e+00,9.70074268e+02,4.79059509e+06,1.87558641e+03,1.18571339e-01,6.51489343e-07,6.00360797e-01,2.81652906e-01
4.79479479e+01,3.19924270e+00,9.81918328e+02,4.78170845e+06,1.87486106e+03,1.18578866e-01,6.51442296e-07,6.00398907e-01,2.81670785e-01
4.80480480e+01,3.19336743e+00,9.91956464e+02,4.77194887e+06,1.87442134e+03,1.18582376e-01,6.51375459e-07,6.00416678e-01,2.81679122e-01
4.81481481e+01,3.18606982e+00,1.00162968e+03,4.75797172e+06,1.87330109e+03,1.18576728e-01,6.51260757e-07,6.00388078e-01,2.81665705e-01
4.82482482e+01,3.18033966e+00,1.00988532e+03,4.74535845e+06,1.87179787e+03,1.18570608e-01,6.51146070e-07,6.00357091e-01,2.81651168e-01
4.83483483e+01,3.17617561e+00,1.01633961e+03,4.73477791e+06,1.87016412e+03,1.18564825e-01,6.51035906e-07,6.00327810e-01,2.81637431e-01
4.84484484e+01,3.17087788e+00,1.02308196e+03,4.71666985e+06,1.86674087e+03,1.18525666e-01,6.50745382e-07,6.00129538e-01,2.81544414e-01
4.85485485e+01,3.16682204e+00,1.02822438e+03,4.71880561e+06,1.86873572e+03,1.18604460e-01,6.51105480e-07,6.00528494e-01,2.81731580e-01
4.86486486e+01,3.16221140e+00,1.03340602e+03,4.69690506e+06,1.86438639e+03,1.18501934e-01,6.50473534e-07,6.00009375e-01,2.81488041e-01
4.87487487e+01,3.15269317e+00,1.03896650e+03,4.68612644e+06,1.86527160e+03,1.18530658e-01,6.50565568e-07,6.00154816e-01,2.81556273e-01
4.88488488e+01,3.15053276e+00,1.04390796e+03,4.67756840e+06,1.86359351e+03,1.18501934e-01,6.50345763e-07,6.00009375e-01,2.81488041e-01
4.89489489e+01,3.15120512e+00,1.04836322e+03,4.67897774e+06,1.86375725e+03,1.18501934e-01,6.50287520e-07,6.00009375e-01,2.81488041e-01
4.90490490e+01,3.14621287e+00,1.05288123e+03,4.68200275e+06,1.86655264e+03,1.18588833e-01,6.50710149e-07,6.00449374e-01,2.81694462e-01
4.91491491e+01,3.14237364e+00,1.05828260e+03,4.67364587e+06,1.86576818e+03,1.18571626e-01,6.50565611e-07,6.00362246e-01,2.81653587e-01
4.92492492e+01,3.14337545e+00,1.06213024e+03,4.67174238e+06,1.86461103e+03,1.18559090e-01,6.50451134e-07,6.00298772e-01,2.81623809e-01
4.93493493e+01,3.14578001e+00,1.06551059e+03,4.68081030e+06,1.86627492e+03,1.18592589e-01,6.50593859e-07,6.00468390e-01,2.81703383e-01
4.94494494e+01,3.14856242e+00,1.07023871e+03,4.67490862e+06,1.86369938e+03,1.18501933e-01,6.50060433e-07,6.00009375e-01,2.81488041e-01
4.95495495e+01,3.14895695e+00,1.07332623e+03,4.68722951e+06,1.86703173e+03,1.18587325e-01,6.50497930e-07,6.00441738e-01,2.81690880e-01
4.96496496e+01,3.15150303e+00,1.07672648e+03,4.69106026e+06,1.86687402e+03,1.18598377e-01,6.50532893e-07,6.00497699e-01,2.81717133e-01
4.97497497e+01,3.15028107e+00,1.08284507e+03,4.67478652e+06,1.86263397e+03,1.18501933e-01,6.49983810e-07,6.00009375e-01,2.81488041e-01
4.98498498e+01,3.14892549e+00,1.08901243e+03,4.68498679e+06,1.86750179e+03,1.18501933e-01,6.49969655e-07,6.00009375e-01,2.81488041e-01
4.99499499e+01,3.20956492e+00,1.09027980e+03,4.56178988e+06,7.64409837e+02,3.81665961e-01,0.00000000e+00,0.00000000e+00,6.18334039e-01
5.00500501e+01,3.27263986e+00,1.01267269e+03,5.20234422e+06,5.51371323e+03,0.00000000e+00,2.30000000e-01,7.70102387e-01,0.00000000e+00
5.01501502e+01,2.86572821e+00,1.21160084e+03,4.31205485e+06,5.22115994e+03,0.00000000e+00,2.30000000e-01,7.69712324e-01,0.00000000e+00
5.02502503e+01,2.75994563e+00,1.27012587e+03,4.09414594e+06,5.14589808e+03,0.00000000e+00,2.30000000e-01,7.69979182e-01,0.00000000e+00
5.03503504e+01,2.74547389e+00,1.28303851e+03,4.06195535e+06,5.13224351e+03,0.00000000e+00,2.30000000e-01,7.69999225e-01,0.00000000e+00
5.04504505e+01,2.73818218e+00,1.29137827e+03,4.04490558e+06,5.12430149e+03,0.00000000e+00,2.30000000e-01,7.70001020e-01,0.00000000e+00
5.05505506e+01,2.73042197e+00,1.29924892e+03,4.02766791e+06,5.11696658e+03,0.00000000e+00,2.30000000e-01,7.70000861e-01,0.00000000e+00
5.06506507e+01,2.72225101e+00,1.30697650e+03,4.01003723e+06,5.10986392e+03,0.00000000e+00,2.30000000e-01,7.69999960e-01,0.00000000e+00
5.07507508e+01,2.71403287e+00,1.31476134e+03,3.99282792e+06,5.10334229e+03,0.00000000e+00,2.30000000e-01,7.69999717e-01,0.00000000e+00
5.08508509e+01,2.70602608e+00,1.32260938e+03,3.97600681e+06,5.09687915e+03,0.00000000e+00,2.30000000e-01,7.69999743e-01,0.00000000e+00
5.09509510e+01,2.69838368e+00,1.33054571e+03,3.95968001e+06,5.09032537e+03,0.00000000e+00,2.30000000e-01,7.69999835e-01,0.00000000e+00
5.10510511e+01,2.69115774e+00,1.33860213e+03,3.94399664e+06,5.08377700e+03,0.00000000e+00,2.30000000e-01,7.69999935e-01,0.00000000e+00
5.11511512e+01,2.68432736e+00,1.34680551e+03,3.92908273e+06,5.07743985e+03,0.00000000e+00,2.30000000e-01,7.69999975e-01,0.00000000e+00
5.12512513e+01,2.67784644e+00,1.35518069e+03,3.91502245e+06,5.07151467e+03,0.00000000e+00,2.30000000e-01,7.69999959e-01,0.00000000e+00
5.13513514e+01,2.67168644e+00,1.36375077e+03,3.90186182e+06,5.06612017e+03,0.00000000e+00,2.30000000e-01,7.69999984e-01,0.00000000e+00
5.14514515e+01,2.66583458e+00,1.37252046e+03,3.88955311e+06,5.06122511e+03,0.00000000e+00,2.30000000e-01,7.69999854e-01,0.00000000e+00
5.15515516e+01,2.66020589e+00,1.38142810e+03,3.87783652e+06,5.05665287e+03,0.00000000e+00,2.30000000e-01,7.70000411e-01,0.00000000e+00
5.16516517e+01,2.65442400e+00,1.39031436e+03,3.86603982e+06,5.05225352e+03,0.00000000e+00,2.30000000e-01,7.69999936e-01,0.00000000e+00
5.17517518e+01,2.64844658e+00,1.39913038e+03,3.85400786e+06,5.04789763e+03,0.00000000e+00,2.30000000e-01,7.69999823e-01,0.00000000e+00
5.18518519e+01,2.64236082e+00,1.40781440e+03,3.84172894e+06,5.04340428e+03,0.00000000e+00,2.30000000e-01,7.69999767e-01,0.00000000e+00
5.19519520e+01,2.63612811e+00,1.41632756e+03,3.82906113e+06,5.03865876e+03,0.00000000e+00,2.30000000e-01,7.69999823e-01,0.00000000e+00
5.20520521e+01,2.62965346e+00,1.42463785e+03,3.81585040e+06,5.03363738e+03,0.00000000e+00,2.30000000e-01,7.69999943e-01,0.00000000e+00
5.21521522e+01,2.62284648e+00,1.43273203e+03,3.80196775e+06,5.02834039e+03,0.00000000e+00,2.30000000e-01,7.69999930e-01,0.00000000e+00
5.22522523e+01,2.61566492e+00,1.44061529e+03,3.78736153e+06,5.02277394e+03,0.00000000e+00,2.30000000e-01,7.70000230e-01,0.00000000e+00
5.23523524e+01,2.60810331e+00,1.44826416e+03,3.77207806e+06,5.01700857e+03,0.00000000e+00,2.30000000e-01,7.70000264e-01,0.00000000e+00
5.24524525e+01,2.60023990e+00,1.45571585e+03,3.75621253e+06,5.01101498e+03,0.00000000e+00,2.30000000e-01,7.70000265e-01,0.00000000e+00
5.25525526e+01,2.59225870e+00,1.46296223e+03,3.74010971e+06,5.00489376e+03,0.00000000e+00,2.30000000e-01,7.70000485e-01,0.00000000e+00
5.26526527e+01,2.58427572e+00,1.47003019e+03,3.72400276e+06,4.99873572e+03,0.00000000e+00,2.30000000e-01,7.70000110e-01,0.00000000e+00
5.27527528e+01,2.57645855e+00,1.47699717e+03,3.70828808e+06,4.99274534e+03,0.00000000e+00,2.30000000e-01,7.69999932e-01,0.00000000e+00
5.28528529e+01,2.56913714e+00,1.48374287e+03,3.69359242e+06,4.98713116e+03,0.00000000e+00,2.30000000e-01,7.69999939e-01,0.00000000e+00
5.29529530e+01,2.56237747e+00,1.49024541e+03,3.68002425e+06,4.98191899e+03,0.00000000e+00,2.30000000e-01,7.69999984e-01,0.00000000e+00
5.30530531e+01,2.55614550e+00,1.49652483e+03,3.66758674e+06,4.97718655e+03,0.00000000e+00,2.30000000e-01,7.69999964e-01,0.00000000e+00
5.31531532e+01,2.55040074e+00,1.50261321e+03,3.65632948e+06,4.97308623e+03,0.00000000e+00,2.30000000e-01,7.69999977e-01,0.00000000e+00
5.32532533e+01,2.54514566e+00,1.50851426e+03,3.64592215e+06,4.96916947e+03,0.00000000e+00,2.30000000e-01,7.70000048e-01,0.00000000e+00
5.33533534e+01,2.54032457e+00,1.51423922e+03,3.63616523e+06,4.96527843e+03,0.00000000e+00,2.30000000e-01,7.69999718e-01,0.00000000e+00
5.34534535e+01,2.53593477e+00,1.51976219e+03,3.62731276e+06,4.96176164e+03,0.00000000e+00,2.30000000e-01,7.70000243e-01,0.00000000e+00
5.35535536e+01,2.53195309e+00,1.52493673e+03,3.61955064e+06,4.95893087e+03,0.00000000e+00,2.30000000e-01,7.70000062e-01,0.00000000e+00
5.36536537e+01,2.52856684e+00,1.52969438e+03,3.61295417e+06,4.95652452e+03,0.00000000e+00,2.30000000e-01,7.69999631e-01,0.00000000e+00
5.37537538e+01,2.52578163e+00,1.53405695e+03,3.60750451e+06,4.95450517e+03,0.00000000e+00,2.30000000e-01,7.69999723e-01,0.00000000e+00
5.38538539e+01,2.52347379e+00,1.53796037e+03,3.60281021e+06,4.95258277e+03,0.00000000e+00,2.30000000e-01,7.69999828e-01,0.00000000e+00
5.39539540e+01,2.52143163e+00,1.54143357e+03,3.59861955e+06,4.95082875e+03,0.00000000e+00,2.30000000e-01,7.69999807e-01,0.00000000e+00
5.40540541e+01,2.51941063e+00,1.54455555e+03,3.59467946e+06,4.94937374e+03,0.00000000e+00,2.30000000e-01,7.70000095e-01,0.00000000e+00
5.41541542e+01,2.51723281e+00,1.54736894e+03,3.59062137e+06,4.94806292e+03,0.00000000e+00,2.30000000e-01,7.70000211e-01,0.00000000e+00
5.42542543e+01,2.51485359e+00,1.54992797e+03,3.58615229e+06,4.94657903e+03,0.00000000e+00,2.30000000e-01,7.70000337e-01,0.00000000e+00
5.43543544e+01,2.51229002e+00,1.55229482e+03,3.58118102e+06,4.94476321e+03,0.00000000e+00,2.30000000e-01,7.70000182e-01,0.00000000e+00
5.44544545e+01,2.50958696e+00,1.55456211e+03,3.57574920e+06,4.94258146e+03,0.00000000e+00,2.30000000e-01,7.70000101e-01,0.00000000e+00
5.45545546e+01,2.50672022e+00,1.55681222e+03,3.56992743e+06,4.94017783e+03,0.00000000e+00,2.30000000e-01,7.70000048e-01,0.00000000e+00
5.46546547e+01,2.50363931e+00,1.55911584e+03,3.56374483e+06,4.93769130e+03,0.00000000e+00,2.30000000e-01,7.69999962e-01,0.00000000e+00
5.47547548e+01,2.50032327e+00,1.56150733e+03,3.55720356e+06,4.93516489e+03,0.00000000e+00,2.30000000e-01,7.69999930e-01,0.00000000e+00
5.48548549e+01,2.49675683e+00,1.56398617e+03,3.55024927e+06,4.93255208e+03,0.00000000e+00,2.30000000e-01,7.69999999e-01,0.00000000e+00
5.49549550e+01,2.49293248e+00,1.56653310e+03,3.54280743e+06,4.92976286e+03,0.00000000e+00,2.30000000e-01,7.70000182e-01,0.00000000e+00
5.50550551e+01,2.48887579e+00,1.56912977e+03,3.53485310e+06,4.92671166e+03,0.00000000e+00,2.30000000e-01,7.70000182e-01,0.00000000e+00
5.51551552e+01,2.48464983e+00,1.57177480e+03,3.52647088e+06,4.92338854e+03,0.00000000e+00,2.30000000e-01,7.70000182e-01,0.00000000e+00
5.52552553e+01,2.48024646e+00,1.57445074e+03,3.51772187e+06,4.91989357e+03,0.00000000e+00,2.30000000e-01,7.70000072e-01,0.00000000e+00
5.53553554e+01,2.47565754e+00,1.57713502e+03,3.50862199e+06,4.91626290e+03,0.00000000e+00,2.30000000e-01,7.69999987e-01,0.00000000e+00
5.54554555e+01,2.47091495e+00,1.57981108e+03,3.49919290e+06,4.91246170e+03,0.00000000e+00,2.30000000e-01,7.69999978e-01,0.00000000e+00
5.55555556e+01,2.46604368e+00,1.58247107e+03,3.48946826e+06,4.90848518e+03,0.00000000e+00,2.30000000e-01,7.70000186e-01,0.00000000e+00
5.56556557e+01,2.46104599e+00,1.58511977e+03,3.47948668e+06,4.90438470e+03,0.00000000e+00,2.30000000e-01,7.69999998e-01,0.00000000e+00
5.57557558e+01,2.45604543e+00,1.58783971e+03,3.46955072e+06,4.90033719e+03,0.00000000e+00,2.30000000e-01,7.69999912e-01,0.00000000e+00
5.58558559e+01,2.45115188e+00,1.59067803e+03,3.45982451e+06,4.89635588e+03,0.00000000e+00,2.30000000e-01,7.69999896e-01,0.00000000e+00
5.59559560e+01,2.44634029e+00,1.59362109e+03,3.45025405e+06,4.89241556e+03,0.00000000e+00,2.30000000e-01,7.69999883e-01,0.00000000e+00
5.60560561e+01,2.44158045e+00,1.59665175e+03,3.44078308e+06,4.88849766e+03,0.00000000e+00,2.30000000e-01,7.69999832e-01,0.00000000e+00
5.61561562e+01,2.43683840e+00,1.59975090e+03,3.43136184e+06,4.88459914e+03,0.00000000e+00,2.30000000e-01,7.69999865e-01,0.00000000e+00
5.62562563e+01,2.43210082e+00,1.60290679e+03,3.42197136e+06,4.88072030e+03,0.00000000e+00,2.30000000e-01,7.69999903e-01,0.00000000e+00
5.63563564e+01,2.42739830e+00,1.60612406e+03,3.41263444e+06,4.87683226e+03,0.00000000e+00,2.30000000e-01,7.69999974e-01,0.00000000e+00
5.64564565e+01,2.42267742e+00,1.60937288e+03,3.40327582e+06,4.87293437e+03,0.00000000e+00,2.30000000e-01,7.70000167e-01,0.00000000e+00
5.65565566e+01,2.41785130e+00,1.61261832e+03,3.39377997e+06,4.86903740e+03,0.00000000e+00,2.30000000e-01,7.70000142e-01,0.00000000e+00
5.66566567e+01,2.41296759e+00,1.61586367e+03,3.38415114e+06,4.86504946e+03,0.00000000e+00,2.30000000e-01,7.70000187e-01,0.00000000e+00
5.67567568e+01,2.40799481e+00,1.61909658e+03,3.37438166e+06,4.86102303e+03,0.00000000e+00,2.30000000e-01,7.70000126e-01,0.00000000e+00
5.68568569e+01,2.40288381e+00,1.62230329e+03,3.36443414e+06,4.85700252e+03,0.00000000e+00,2.30000000e-01,7.70000023e-01,0.00000000e+00
5.69569570e+01,2.39763587e+00,1.62547307e+03,3.35428743e+06,4.85295366e+03,0.00000000e+00,2.30000000e-01,7.69999964e-01,0.00000000e+00
5.70570571e+01,2.39227967e+00,1.62859876e+03,3.34393316e+06,4.84880523e+03,0.00000000e+00,2.30000000e-01,7.69999953e-01,0.00000000e+00
5.71571572e+01,2.38684511e+00,1.63167699e+03,3.33337011e+06,4.84449369e+03,0.00000000e+00,2.30000000e-01,7.69999964e-01,0.00000000e+00
5.72572573e+01,2.38135220e+00,1.63470709e+03,3.32260107e+06,4.83998100e+03,0.00000000e+00,2.30000000e-01,7.69999984e-01,0.00000000e+00
5.73573574e+01,2.37580848e+00,1.63768967e+03,3.31163019e+06,4.83525609e+03,0.00000000e+00,2.30000000e-01,7.70000009e-01,0.00000000e+00
5.74574575e+01,2.37020859e+00,1.64062552e+03,3.30046051e+06,4.83033264e+03,0.00000000e+00,2.30000000e-01,7.70000031e-01,0.00000000e+00
5.75575576e+01,2.36453592e+00,1.64351505e+03,3.28909351e+06,4.82524444e+03,0.00000000e+00,2.30000000e-01,7.70000149e-01,0.00000000e+00
5.76576577e+01,2.35876952e+00,1.64635912e+03,3.27752845e+06,4.82003221e+03,0.00000000e+00,2.30000000e-01,7.70000230e-01,0.00000000e+00
5.77577578e+01,2.35300664e+00,1.64923191e+03,3.26601111e+06,4.81485942e+03,0.00000000e+00,2.30000000e-01,7.69999939e-01,0.00000000e+00
5.78578579e+01,2.34742602e+00,1.65223736e+03,3.25488443e+06,4.80986412e+03,0.00000000e+00,2.30000000e-01,7.69999847e-01,0.00000000e+00
5.79579580e+01,2.34201448e+00,1.65536857e+03,3.24412835e+06,4.80504678e+03,0.00000000e+00,2.30000000e-01,7.69999805e-01,0.00000000e+00
5.80580581e+01,2.33673078e+00,1.65860140e+03,3.23367068e+06,4.80038714e+03,0.00000000e+00,2.30000000e-01,7.69999835e-01,0.00000000e+00
5.81581582e+01,2.33152132e+00,1.66190368e+03,3.22341570e+06,4.79585506e+03,0.00000000e+00,2.30000000e-01,7.69999902e-01,0.00000000e+00
5.82582583e+01,2.32633993e+00,1.66524757e+03,3.21328025e+06,4.79142308e+03,0.00000000e+00,2.30000000e-01,7.69999978e-01,0.00000000e+00
5.83583584e+01,2.32116014e+00,1.66861507e+03,3.20320845e+06,4.78706329e+03,0.00000000e+00,2.30000000e-01,7.70000018e-01,0.00000000e+00
5.84584585e+01,2.31597305e+00,1.67199750e+03,3.19317106e+06,4.78275073e+03,0.00000000e+00,2.30000000e-01,7.70000036e-01,0.00000000e+00
5.85585586e+01,2.31077056e+00,1.67538815e+03,3.18314859e+06,4.77847324e+03,0.00000000e+00,2.30000000e-01,7.70000018e-01,0.00000000e+00
5.86586587e+01,2.30554992e+00,1.67878218e+03,3.17312900e+06,4.77421829e+03,0.00000000e+00,2.30000000e-01,7.70000014e-01,0.00000000e+00
5.87587588e+01,2.30031495e+00,1.68217230e+03,3.16309051e+06,4.76994510e+03,0.00000000e+00,2.30000000e-01,7.70000037e-01,0.00000000e+00
5.88588589e+01,2.29506269e+00,1.68554820e+03,3.15300164e+06,4.76561218e+03,0.00000000e+00,2.30000000e-01,7.70000061e-01,0.00000000e+00
5.89589590e+01,2.28977964e+00,1.68889823e+03,3.14282605e+06,4.76119210e+03,0.00000000e+00,2.30000000e-01,7.70000067e-01,0.00000000e+00
5.90590591e+01,2.28444800e+00,1.69221124e+03,3.13252945e+06,4.75666915e+03,0.00000000e+00,2.30000000e-01,7.70000049e-01,0.00000000e+00
5.91591592e+01,2.27905450e+00,1.69547863e+03,3.12208693e+06,4.75203200e+03,0.00000000e+00,2.30000000e-01,7.70000010e-01,0.00000000e+00
5.92592593e+01,2.27359790e+00,1.69869661e+03,3.11148857e+06,4.74726689e+03,0.00000000e+00,2.30000000e-01,7.69999958e-01,0.00000000e+00
5.93593594e+01,2.26809223e+00,1.70186830e+03,3.10074705e+06,4.74236072e+03,0.00000000e+00,2.30000000e-01,7.70000278e-01,0.00000000e+00
5.94594595e+01,2.26259727e+00,1.70501411e+03,3.08991718e+06,4.73727613e+03,0.00000000e+00,2.30000000e-01,7.69999912e-01,0.00000000e+00
5.95595596e+01,2.25724738e+00,1.70823190e+03,3.07930815e+06,4.73220047e+03,0.00000000e+00,2.30000000e-01,7.69999862e-01,0.00000000e+00
5.96596597e+01,2.25204397e+00,1.71152429e+03,3.06893490e+06,4.72715628e+03,0.00000000e+00,2.30000000e-01,7.69999844e-01,0.00000000e+00
5.97597598e+01,2.24695182e+00,1.71486791e+03,3.05873877e+06,4.72212805e+03,0.00000000e+00,2.30000000e-01,7.69999885e-01,0.00000000e+00
5.98598599e+01,2.24192704e+00,1.71823921e+03,3.04865595e+06,4.71711042e+03,0.00000000e+00,2.30000000e-01,7.69999952e-01,0.00000000e+00
5.99599600e+01,2.23693198e+00,1.72162379e+03,3.03863992e+06,4.71211133e+03,0.00000000e+00,2.30000000e-01,7.69999995e-01,0.00000000e+00
6.00600601e+01,2.23194626e+00,1.72501862e+03,3.02866941e+06,4.70714099e+03,0.00000000e+00,2.30000000e-01,7.70000025e-01,0.00000000e+00
6.01601602e+01,2.22695939e+00,1.72842143e+03,3.01872324e+06,4.70218870e+03,0.00000000e+00,2.30000000e-01,7.70000063e-01,0.00000000e+00
6.02602603e+01,2.22194745e+00,1.73182858e+03,3.00878495e+06,4.69727966e+03,0.00000000e+00,2.30000000e-01,7.70000062e-01,0.00000000e+00
6.03603604e+01,2.21688351e+00,1.73523861e+03,2.99884603e+06,4.69245756e+03,0.00000000e+00,2.30000000e-01,7.70000048e-01,0.00000000e+00
6.04604605e+01,2.21175001e+00,1.73864783e+03,2.98889952e+06,4.68774890e+03,0.00000000e+00,2.30000000e-01,7.70000036e-01,0.00000000e+00
6.05605606e+01,2.20653634e+00,1.74205162e+03,2.97893828e+06,4.68316534e+03,0.00000000e+00,2.30000000e-01,7.70000025e-01,0.00000000e+00
6.06606607e+01,2.20123696e+00,1.74544551e+03,2.96895331e+06,4.67870484e+03,0.00000000e+00,2.30000000e-01,7.70000008e-01,0.00000000e+00
6.07607608e+01,2.19585362e+00,1.74882533e+03,2.95893554e+06,4.67434978e+03,0.00000000e+00,2.30000000e-01,7.69999979e-01,0.00000000e+00
6.08608609e+01,2.19039999e+00,1.75218759e+03,2.94887947e+06,4.67006261e+03,0.00000000e+00,2.30000000e-01,7.69999933e-01,0.00000000e+00
6.09609610e+01,2.18490597e+00,1.75553170e+03,2.93878722e+06,4.66578272e+03,0.00000000e+00,2.30000000e-01,7.69999910e-01,0.00000000e+00
6.10610611e+01,2.17941488e+00,1.75885535e+03,2.92865680e+06,4.66141389e+03,0.00000000e+00,2.30000000e-01,7.69999964e-01,0.00000000e+00
6.11611612e+01,2.17394601e+00,1.76215653e+03,2.91847350e+06,4.65689105e+03,0.00000000e+00,2.30000000e-01,7.70000006e-01,0.00000000e+00
6.12612613e+01,2.16849062e+00,1.76544051e+03,2.90825586e+06,4.65226172e+03,0.00000000e+00,2.30000000e-01,7.70000013e-01,0.00000000e+00
6.13613614e+01,2.16303534e+00,1.76871300e+03,2.89803946e+06,4.64761098e+03,0.00000000e+00,2.30000000e-01,7.69999981e-01,0.00000000e+00
6.14614615e+01,2.15757487e+00,1.77198371e+03,2.88786973e+06,4.64302280e+03,0.00000000e+00,2.30000000e-01,7.69999971e-01,0.00000000e+00
6.15615616e+01,2.15211448e+00,1.77525988e+03,2.87776811e+06,4.63852069e+03,0.00000000e+00,2.30000000e-01,7.70000017e-01,0.00000000e+00
6.16616617e+01,2.14665236e+00,1.77853865e+03,2.86772812e+06,4.63409906e+03,0.00000000e+00,2.30000000e-01,7.70000052e-01,0.00000000e+00
6.17617618e+01,2.14117087e+00,1.78181593e+03,2.85774285e+06,4.62978577e+03,0.00000000e+00,2.30000000e-01,7.70000013e-01,0.00000000e+00
6.18618619e+01,2.13565546e+00,1.78509726e+03,2.84783099e+06,4.62564311e+03,0.00000000e+00,2.30000000e-01,7.69999953e-01,0.00000000e+00
6.19619620e+01,2.13011348e+00,1.78839277e+03,2.83801861e+06,4.62169832e+03,0.00000000e+00,2.30000000e-01,7.69999965e-01,0.00000000e+00
6.20620621e+01,2.12455943e+00,1.79170690e+03,2.82831063e+06,4.61792957e+03,0.00000000e+00,2.30000000e-01,7.69999990e-01,0.00000000e+00
6.21621622e+01,2.11899968e+00,1.79504574e+03,2.81871801e+06,4.61434252e+03,0.00000000e+00,2.30000000e-01,7.69999979e-01,0.00000000e+00
6.22622623e+01,2.11344253e+00,1.79840839e+03,2.80923382e+06,4.61090860e+03,0.00000000e+00,2.30000000e-01,7.70000028e-01,0.00000000e+00
6.23623624e+01,2.10788579e+00,1.80177982e+03,2.79981811e+06,4.60756816e+03,0.00000000e+00,2.30000000e-01,7.70000122e-01,0.00000000e+00
6.24624625e+01,2.10230617e+00,1.80515287e+03,2.79046519e+06,4.60436466e+03,0.00000000e+00,2.30000000e-01,7.70000030e-01,0.00000000e+00
6.25625626e+01,2.09675057e+00,1.80853535e+03,2.78119934e+06,4.60123568e+03,0.00000000e+00,2.30000000e-01,7.69999887e-01,0.00000000e+00
6.26626627e+01,2.09127975e+00,1.81192884e+03,2.77201122e+06,4.59803170e+03,0.00000000e+00,2.30000000e-01,7.69999933e-01,0.00000000e+00
6.27627628e+01,2.08586088e+00,1.81532151e+03,2.76286832e+06,4.59477160e+03,0.00000000e+00,2.30000000e-01,7.70000001e-01,0.00000000e+00
6.28628629e+01,2.08046925e+00,1.81870822e+03,2.75374834e+06,4.59147278e+03,0.00000000e+00,2.30000000e-01,7.70000027e-01,0.00000000e+00
6.29629630e+01,2.07509076e+00,1.82209141e+03,2.74465091e+06,4.58816558e+03,0.00000000e+00,2.30000000e-01,7.70000034e-01,0.00000000e+00
6.30630631e+01,2.06971097e+00,1.82547139e+03,2.73557404e+06,4.58487851e+03,0.00000000e+00,2.30000000e-01,7.70000043e-01,0.00000000e+00
6.31631632e+01,2.06431298e+00,1.82884772e+03,2.72650564e+06,4.58162896e+03,0.00000000e+00,2.30000000e-01,7.70000046e-01,0.00000000e+00
6.32632633e+01,2.05887759e+00,1.83222104e+03,2.71742968e+06,4.57843282e+03,0.00000000e+00,2.30000000e-01,7.70000049e-01,0.00000000e+00
6.33633634e+01,2.05338543e+00,1.83559131e+03,2.70832990e+06,4.57530602e+03,0.00000000e+00,2.30000000e-01,7.70000049e-01,0.00000000e+00
6.34634635e+01,2.04781742e+00,1.83895832e+03,2.69918845e+06,4.57226122e+03,0.00000000e+00,2.30000000e-01,7.70000043e-01,0.00000000e+00
6.35635636e+01,2.04215701e+00,1.84232155e+03,2.68998740e+06,4.56930535e+03,0.00000000e+00,2.30000000e-01,7.70000035e-01,0.00000000e+00
6.36636637e+01,2.03639193e+00,1.84567976e+03,2.68071147e+06,4.56644018e+03,0.00000000e+00,2.30000000e-01,7.70000027e-01,0.00000000e+00
6.37637638e+01,2.03051396e+00,1.84903107e+03,2.67134908e+06,4.56366476e+03,0.00000000e+00,2.30000000e-01,7.70000022e-01,0.00000000e+00
6.38638639e+01,2.02451720e+00,1.85237330e+03,2.66189118e+06,4.56097719e+03,0.00000000e+00,2.30000000e-01,7.70000014e-01,0.00000000e+00
6.39639640e+01,2.01839802e+00,1.85570507e+03,2.65233143e+06,4.55837505e+03,0.00000000e+00,2.30000000e-01,7.70000013e-01,0.00000000e+00
6.40640641e+01,2.01220485e+00,1.85907304e+03,2.64280654e+06,4.55598632e+03,0.00000000e+00,2.30000000e-01,7.69999663e-01,0.00000000e+00
6.41641642e+01,2.00606757e+00,1.86252297e+03,2.63345675e+06,4.55375589e+03,0.00000000e+00,2.30000000e-01,7.69999926e-01,0.00000000e+00
6.42642643e+01,1.99994260e+00,1.86601462e+03,2.62421195e+06,4.55166675e+03,0.00000000e+00,2.30000000e-01,7.70000001e-01,0.00000000e+00
6.43643644e+01,1.99380997e+00,1.86953549e+03,2.61506159e+06,4.54974677e+03,0.00000000e+00,2.30000000e-01,7.70000027e-01,0.00000000e+00
6.44644645e+01,1.98766583e+00,1.87307957e+03,2.60600606e+06,4.54800679e+03,0.00000000e+00,2.30000000e-01,7.70000056e-01,0.00000000e+00
6.45645646e+01,1.98150600e+00,1.87665000e+03,2.59707538e+06,4.54651131e+03,0.00000000e+00,2.30000000e-01,7.69999930e-01,0.00000000e+00
6.46646647e+01,1.97538127e+00,1.88023089e+03,2.58824569e+06,4.54510204e+03,0.00000000e+00,2.30000000e-01,7.70000027e-01,0.00000000e+00
6.47647648e+01,1.96930251e+00,1.88379664e+03,2.57948010e+06,4.54369136e+03,0.00000000e+00,2.30000000e-01,7.70000009e-01,0.00000000e+00
6.48648649e+01,1.96328202e+00,1.88734306e+03,2.57079896e+06,4.54228618e+03,0.00000000e+00,2.30000000e-01,7.70000032e-01,0.00000000e+00
6.49649650e+01,1.95731639e+00,1.89087556e+03,2.56224002e+06,4.54096177e+03,0.00000000e+00,2.30000000e-01,7.70000026e-01,0.00000000e+00
6.50650651e+01,1.95140891e+00,1.89440239e+03,2.55384387e+06,4.53978357e+03,0.00000000e+00,2.30000000e-01,7.69999983e-01,0.00000000e+00
6.51651652e+01,1.94556478e+00,1.89792834e+03,2.54561950e+06,4.53875589e+03,0.00000000e+00,2.30000000e-01,7.70000106e-01,0.00000000e+00
6.52652653e+01,1.93977538e+00,1.90145444e+03,2.53755229e+06,4.53787538e+03,0.00000000e+00,2.30000000e-01,7.70000164e-01,0.00000000e+00
6.53653654e+01,1.93406229e+00,1.90499512e+03,2.52967544e+06,4.53715293e+03,0.00000000e+00,2.30000000e-01,7.70000023e-01,0.00000000e+00
6.54654655e+01,1.92846101e+00,1.90857584e+03,2.52201980e+06,4.53656088e+03,0.00000000e+00,2.30000000e-01,7.69999924e-01,0.00000000e+00
6.55655656e+01,1.92297727e+00,1.91220232e+03,2.51455654e+06,4.53603475e+03,0.00000000e+00,2.30000000e-01,7.69999916e-01,0.00000000e+00
6.56656657e+01,1.91759768e+00,1.91586168e+03,2.50722001e+06,4.53548835e+03,0.00000000e+00,2.30000000e-01,7.69999940e-01,0.00000000e+00
6.57657658e+01,1.91230493e+00,1.91953985e+03,2.49995924e+06,4.53487027e+03,0.00000000e+00,2.30000000e-01,7.69999990e-01,0.00000000e+00
6.58658659e+01,1.90707364e+00,1.92323854e+03,2.49275002e+06,4.53419666e+03,0.00000000e+00,2.30000000e-01,7.69999983e-01,0.00000000e+00
6.59659660e+01,1.90188542e+00,1.92697186e+03,2.48560359e+06,4.53353153e+03,0.00000000e+00,2.30000000e-01,7.69999905e-01,0.00000000e+00
6.60660661e+01,1.89672572e+00,1.93074997e+03,2.47853317e+06,4.53293306e+03,0.00000000e+00,2.30000000e-01,7.69999950e-01,0.00000000e+00
6.61661662e+01,1.89157116e+00,1.93456372e+03,2.47150612e+06,4.53239834e+03,0.00000000e+00,2.30000000e-01,7.70000037e-01,0.00000000e+00
6.62662663e+01,1.88640251e+00,1.93840114e+03,2.46448475e+06,4.53190505e+03,0.00000000e+00,2.30000000e-01,7.70000103e-01,0.00000000e+00
6.63663664e+01,1.88118818e+00,1.94225872e+03,2.45746331e+06,4.53151915e+03,0.00000000e+00,2.30000000e-01,7.70000139e-01,0.00000000e+00
6.64664665e+01,1.87588946e+00,1.94612780e+03,2.45042171e+06,4.53129680e+03,0.00000000e+00,2.30000000e-01,7.70000357e-01,0.00000000e+00
6.65665666e+01,1.87050014e+00,1.95002491e+03,2.44339688e+06,4.53132758e+03,0.00000000e+00,2.30000000e-01,7.69999756e-01,0.00000000e+00
6.66666667e+01,1.86518100e+00,1.95401342e+03,2.43652744e+06,4.53147352e+03,0.00000000e+00,2.30000000e-01,7.69999906e-01,0.00000000e+00
6.67667668e+01,1.85995299e+00,1.95807616e+03,2.42976484e+06,4.53159817e+03,0.00000000e+00,2.30000000e-01,7.69999917e-01,0.00000000e+00
6.68668669e+01,1.85479282e+00,1.96220206e+03,2.42308770e+06,4.53171708e+03,0.00000000e+00,2.30000000e-01,7.70000041e-01,0.00000000e+00
6.69669670e+01,1.84968124e+00,1.96637994e+03,2.41646870e+06,4.53182685e+03,0.00000000e+00,2.30000000e-01,7.70000122e-01,0.00000000e+00
6.70670671e+01,1.84462910e+00,1.97061046e+03,2.40991461e+06,4.53191379e+03,0.00000000e+00,2.30000000e-01,7.70000087e-01,0.00000000e+00
6.71671672e+01,1.83966736e+00,1.97490356e+03,2.40347129e+06,4.53198747e+03,0.00000000e+00,2.30000000e-01,7.70000032e-01,0.00000000e+00
6.72672673e+01,1.83480956e+00,1.97927685e+03,2.39717433e+06,4.53208153e+03,0.00000000e+00,2.30000000e-01,7.69999978e-01,0.00000000e+00
6.73673674e+01,1.83005978e+00,1.98373900e+03,2.39104728e+06,4.53223073e+03,0.00000000e+00,2.30000000e-01,7.69999901e-01,0.00000000e+00
6.74674675e+01,1.82541832e+00,1.98828351e+03,2.38510400e+06,4.53246088e+03,0.00000000e+00,2.30000000e-01,7.69999844e-01,0.00000000e+00
6.75675676e+01,1.82086898e+00,1.99289394e+03,2.37933391e+06,4.53279233e+03,0.00000000e+00,2.30000000e-01,7.69999900e-01,0.00000000e+00
6.76676677e+01,1.81638006e+00,1.99754828e+03,2.37370724e+06,4.53324799e+03,0.00000000e+00,2.30000000e-01,7.70000066e-01,0.00000000e+00
6.77677678e+01,1.81192759e+00,2.00223335e+03,2.36821487e+06,4.53387247e+03,0.00000000e+00,2.30000000e-01,7.70000104e-01,0.00000000e+00
6.78678679e+01,1.80752148e+00,2.00695904e+03,2.36290285e+06,4.53473142e+03,0.00000000e+00,2.30000000e-01,7.69999797e-01,0.00000000e+00
6.79679680e+01,1.80318396e+00,2.01174156e+03,2.35783668e+06,4.53589393e+03,0.00000000e+00,2.30000000e-01,7.69999717e-01,0.00000000e+00
6.80680681e+01,1.79891547e+00,2.01657131e+03,2.35303863e+06,4.53740525e+03,0.00000000e+00,2.30000000e-01,7.69999578e-01,0.00000000e+00
6.81681682e+01,1.79479426e+00,2.02146580e+03,2.34852429e+06,4.53909829e+03,0.00000000e+00,2.30000000e-01,7.69999725e-01,0.00000000e+00
6.82682683e+01,1.79090804e+00,2.02643283e+03,2.34424999e+06,4.54066697e+03,0.00000000e+00,2.30000000e-01,7.70000150e-01,0.00000000e+00
6.83683684e+01,1.78725523e+00,2.03143114e+03,2.34006747e+06,4.54182849e+03,0.00000000e+00,2.30000000e-01,7.70000337e-01,0.00000000e+00
6.84684685e+01,1.78374071e+00,2.03644385e+03,2.33603037e+06,4.54292724e+03,0.00000000e+00,2.30000000e-01,7.70000134e-01,0.00000000e+00
6.85685686e+01,1.78030864e+00,2.04147918e+03,2.33219317e+06,4.54420905e+03,0.00000000e+00,2.30000000e-01,7.69999995e-01,0.00000000e+00
6.86686687e+01,1.77695752e+00,2.04653795e+03,2.32849449e+06,4.54555851e+03,0.00000000e+00,2.30000000e-01,7.69999992e-01,0.00000000e+00
6.87687688e+01,1.77368840e+00,2.05162212e+03,2.32488048e+06,4.54686832e+03,0.00000000e+00,2.30000000e-01,7.70000016e-01,0.00000000e+00
6.88688689e+01,1.77049183e+00,2.05673677e+03,2.32133276e+06,4.54812663e+03,0.00000000e+00,2.30000000e-01,7.70000014e-01,0.00000000e+00
6.89689690e+01,1.76735789e+00,2.06188764e+03,2.31784735e+06,4.54935060e+03,0.00000000e+00,2.30000000e-01,7.70000000e-01,0.00000000e+00
6.90690691e+01,1.76428233e+00,2.06707913e+03,2.31441753e+06,4.55053758e+03,0.00000000e+00,2.30000000e-01,7.70000000e-01,0.00000000e+00
6.91691692e+01,1.76126338e+00,2.07231325e+03,2.31103241e+06,4.55167036e+03,0.00000000e+00,2.30000000e-01,7.70000016e-01,0.00000000e+00
6.92692693e+01,1.75829376e+00,2.07759289e+03,2.30768044e+06,4.55274478e+03,0.00000000e+00,2.30000000e-01,7.70000024e-01,0.00000000e+00
6.93693694e+01,1.75535996e+00,2.08292518e+03,2.30435668e+06,4.55378583e+03,0.00000000e+00,2.30000000e-01,7.69999981e-01,0.00000000e+00
6.94694695e+01,1.75245812e+00,2.08832010e+03,2.30107589e+06,4.55483288e+03,0.00000000e+00,2.30000000e-01,7.69999837e-01,0.00000000e+00
6.95695696e+01,1.74962138e+00,2.09379291e+03,2.29788693e+06,4.55589692e+03,0.00000000e+00,2.30000000e-01,7.69999484e-01,0.00000000e+00
6.96696697e+01,1.74695864e+00,2.09938604e+03,2.29488890e+06,4.55690586e+03,0.00000000e+00,2.30000000e-01,7.69995675e-01,0.00000000e+00
6.97697698e+01,1.74452085e+00,2.10515039e+03,2.29213816e+06,4.55776098e+03,0.00000000e+00,2.30000000e-01,7.70004835e-01,0.00000000e+00
6.98698699e+01,1.74135570e+00,2.11030579e+03,2.28784627e+06,4.55751643e+03,0.00000000e+00,2.30000000e-01,7.70000411e-01,0.00000000e+00
6.99699700e+01,1.73778903e+00,2.11575372e+03,2.28350677e+06,4.55821063e+03,0.00000000e+00,2.30000000e-01,7.69999871e-01,0.00000000e+00
7.00700701e+01,1.73423473e+00,2.12125602e+03,2.27950148e+06,4.55954066e+03,0.00000000e+00,2.30000000e-01,7.69999971e-01,0.00000000e+00
7.01701702e+01,1.73072178e+00,2.12678561e+03,2.27570520e+06,4.56118706e+03,0.00000000e+00,2.30000000e-01,7.69999864e-01,0.00000000e+00
7.02702703e+01,1.72728962e+00,2.13234183e+03,2.27202125e+06,4.56285210e+03,0.00000000e+00,2.30000000e-01,7.69999805e-01,0.00000000e+00
7.03703704e+01,1.72400947e+00,2.13790462e+03,2.26844063e+06,4.56432923e+03,0.00000000e+00,2.30000000e-01,7.69999749e-01,0.00000000e+00
7.04704705e+01,1.72095137e+00,2.14347344e+03,2.26498417e+06,4.56548490e+03,0.00000000e+00,2.30000000e-01,7.69997183e-01,0.00000000e+00
7.05705706e+01,1.71814618e+00,2.14915469e+03,2.26189083e+06,4.56666639e+03,0.00000000e+00,2.30000000e-01,7.70002958e-01,0.00000000e+00
7.06706707e+01,1.71500910e+00,2.15443564e+03,2.25813668e+06,4.56743740e+03,0.00000000e+00,2.30000000e-01,7.70000608e-01,0.00000000e+00
7.07707708e+01,1.71159493e+00,2.15981004e+03,2.25432186e+06,4.56881997e+03,0.00000000e+00,2.30000000e-01,7.69999925e-01,0.00000000e+00
7.08708709e+01,1.70823593e+00,2.16516452e+03,2.25078835e+06,4.57062868e+03,0.00000000e+00,2.30000000e-01,7.69999880e-01,0.00000000e+00
7.09709710e+01,1.70496382e+00,2.17049378e+03,2.24746633e+06,4.57264238e+03,0.00000000e+00,2.30000000e-01,7.69999710e-01,0.00000000e+00
7.10710711e+01,1.70183570e+00,2.17582754e+03,2.24427641e+06,4.57454596e+03,0.00000000e+00,2.30000000e-01,7.69999553e-01,0.00000000e+00
7.11711712e+01,1.69894947e+00,2.18119438e+03,2.24123217e+06,4.57612147e+03,0.00000000e+00,2.30000000e-01,7.69995355e-01,0.00000000e+00
7.12712713e+01,1.69635929e+00,2.18675277e+03,2.23866868e+06,4.57782200e+03,0.00000000e+00,2.30000000e-01,7.70004828e-01,0.00000000e+00
7.13713714e+01,1.69316270e+00,2.19168387e+03,2.23485261e+06,4.57866568e+03,0.00000000e+00,2.30000000e-01,7.70000761e-01,0.00000000e+00
7.14714715e+01,1.68951609e+00,2.19685910e+03,2.23089480e+06,4.58042624e+03,0.00000000e+00,2.30000000e-01,7.69999881e-01,0.00000000e+00
7.15715716e+01,1.68588637e+00,2.20208116e+03,2.22730560e+06,4.58290240e+03,0.00000000e+00,2.30000000e-01,7.69999961e-01,0.00000000e+00
7.16716717e+01,1.68229300e+00,2.20732996e+03,2.22396393e+06,4.58580175e+03,0.00000000e+00,2.30000000e-01,7.69999789e-01,0.00000000e+00
7.17717718e+01,1.67876916e+00,2.21263891e+03,2.22071047e+06,4.58870541e+03,0.00000000e+00,2.30000000e-01,7.69999691e-01,0.00000000e+00
7.18718719e+01,1.67540160e+00,2.21800247e+03,2.21749080e+06,4.59126300e+03,0.00000000e+00,2.30000000e-01,7.69999577e-01,0.00000000e+00
7.19719720e+01,1.67229752e+00,2.22342659e+03,2.21433492e+06,4.59324001e+03,0.00000000e+00,2.30000000e-01,7.69999338e-01,0.00000000e+00
7.20720721e+01,1.66961968e+00,2.22892516e+03,2.21127575e+06,4.59428761e+03,0.00000000e+00,2.30000000e-01,7.69991608e-01,0.00000000e+00
7.21721722e+01,1.66757391e+00,2.23482103e+03,2.20882397e+06,4.59474522e+03,0.00000000e+00,2.30000000e-01,7.70008187e-01,0.00000000e+00
7.22722723e+01,1.66454243e+00,2.23976008e+03,2.20462527e+06,4.59438941e+03,0.00000000e+00,2.30000000e-01,7.70002662e-01,0.00000000e+00
7.23723724e+01,1.66038076e+00,2.24524619e+03,2.19953746e+06,4.59529289e+03,0.00000000e+00,2.30000000e-01,7.69999002e-01,0.00000000e+00
7.24724725e+01,1.65623476e+00,2.25097949e+03,2.19521832e+06,4.59774494e+03,0.00000000e+00,2.30000000e-01,7.70000065e-01,0.00000000e+00
7.25725726e+01,1.65225052e+00,2.25660049e+03,2.19110157e+06,4.60018808e+03,0.00000000e+00,2.30000000e-01,7.70000238e-01,0.00000000e+00
7.26726727e+01,1.64828276e+00,2.26221976e+03,2.18711666e+06,4.60287629e+03,0.00000000e+00,2.30000000e-01,7.70000025e-01,0.00000000e+00
7.27727728e+01,1.64434320e+00,2.26781642e+03,2.18322797e+06,4.60570087e+03,0.00000000e+00,2.30000000e-01,7.69999939e-01,0.00000000e+00
7.28728729e+01,1.64046442e+00,2.27337651e+03,2.17941795e+06,4.60853446e+03,0.00000000e+00,2.30000000e-01,7.69999890e-01,0.00000000e+00
7.29729730e+01,1.63668325e+00,2.27888652e+03,2.17569157e+06,4.61128355e+03,0.00000000e+00,2.30000000e-01,7.69999874e-01,0.00000000e+00
7.30730731e+01,1.63303293e+00,2.28434370e+03,2.17204900e+06,4.61385353e+03,0.00000000e+00,2.30000000e-01,7.69999898e-01,0.00000000e+00
7.31731732e+01,1.62953245e+00,2.28975708e+03,2.16848499e+06,4.61617762e+03,0.00000000e+00,2.30000000e-01,7.69999948e-01,0.00000000e+00
7.32732733e+01,1.62618563e+00,2.29513955e+03,2.16499882e+06,4.61824139e+03,0.00000000e+00,2.30000000e-01,7.69999989e-01,0.00000000e+00
7.33733734e+01,1.62298296e+00,2.30050761e+03,2.16159259e+06,4.62007435e+03,0.00000000e+00,2.30000000e-01,7.69999995e-01,0.00000000e+00
7.34734735e+01,1.61991508e+00,2.30587486e+03,2.15827127e+06,4.62171199e+03,0.00000000e+00,2.30000000e-01,7.69999965e-01,0.00000000e+00
7.35735736e+01,1.61698373e+00,2.31124924e+03,2.15504123e+06,4.62316143e+03,0.00000000e+00,2.30000000e-01,7.69999898e-01,0.00000000e+00
7.36736737e+01,1.61420105e+00,2.31664686e+03,2.15190992e+06,4.62440270e+03,0.00000000e+00,2.30000000e-01,7.69999772e-01,0.00000000e+00
7.37737738e+01,1.61160712e+00,2.32208717e+03,2.14891709e+06,4.62540517e+03,0.00000000e+00,2.30000000e-01,7.69999511e-01,0.00000000e+00
7.38738739e+01,1.60928591e+00,2.32761203e+03,2.14615691e+06,4.62614514e+03,0.00000000e+00,2.30000000e-01,7.69995720e-01,0.00000000e+00
7.39739740e+01,1.60723391e+00,2.33337124e+03,2.14373483e+06,4.62677957e+03,0.00000000e+00,2.30000000e-01,7.70005031e-01,0.00000000e+00
7.40740741e+01,1.60457016e+00,2.33862884e+03,2.13982060e+06,4.62603171e+03,0.00000000e+00,2.30000000e-01,7.69998050e-01,0.00000000e+00
7.41741742e+01,1.60151165e+00,2.34422815e+03,2.13617930e+06,4.62696026e+03,0.00000000e+00,2.30000000e-01,7.70002039e-01,0.00000000e+00
7.42742743e+01,1.59798735e+00,2.34961058e+03,2.13229070e+06,4.62873001e+03,0.00000000e+00,2.30000000e-01,7.70000688e-01,0.00000000e+00
7.43743744e+01,1.59412710e+00,2.35523661e+03,2.12802080e+06,4.63065044e+03,0.00000000e+00,2.30000000e-01,7.70000009e-01,0.00000000e+00
7.44744745e+01,1.59016031e+00,2.36098040e+03,2.12380575e+06,4.63300649e+03,0.00000000e+00,2.30000000e-01,7.70000123e-01,0.00000000e+00
7.45745746e+01,1.58613175e+00,2.36674334e+03,2.11964235e+06,4.63566762e+03,0.00000000e+00,2.30000000e-01,7.70000266e-01,0.00000000e+00
7.46746747e+01,1.58205915e+00,2.37258604e+03,2.11545442e+06,4.63842192e+03,0.00000000e+00,2.30000000e-01,7.69999516e-01,0.00000000e+00
7.47747748e+01,1.57816483e+00,2.37839868e+03,2.11132041e+06,4.64077957e+03,0.00000000e+00,2.30000000e-01,7.69999831e-01,0.00000000e+00
7.48748749e+01,1.57439069e+00,2.38412225e+03,2.10738668e+06,4.64323705e+03,0.00000000e+00,2.30000000e-01,7.69999873e-01,0.00000000e+00
7.49749750e+01,1.57067493e+00,2.38985186e+03,2.10353273e+06,4.64571014e+03,0.00000000e+00,2.30000000e-01,7.69999852e-01,0.00000000e+00
7.50750751e+01,1.56703936e+00,2.39560808e+03,2.09970992e+06,4.64802566e+03,0.00000000e+00,2.30000000e-01,7.69999907e-01,0.00000000e+00
7.51751752e+01,1.56356022e+00,2.40130919e+03,2.09598975e+06,4.65011423e+03,0.00000000e+00,2.30000000e-01,7.70000006e-01,0.00000000e+00
7.52752753e+01,1.56024434e+00,2.40694196e+03,2.09240018e+06,4.65201591e+03,0.00000000e+00,2.30000000e-01,7.70000051e-01,0.00000000e+00
7.53753754e+01,1.55707326e+00,2.41251461e+03,2.08895561e+06,4.65381612e+03,0.00000000e+00,2.30000000e-01,7.70000054e-01,0.00000000e+00
7.54754755e+01,1.55403900e+00,2.41801766e+03,2.08567556e+06,4.65558108e+03,0.00000000e+00,2.30000000e-01,7.70000052e-01,0.00000000e+00
7.55755756e+01,1.55112342e+00,2.42345799e+03,2.08254949e+06,4.65734105e+03,0.00000000e+00,2.30000000e-01,7.70000034e-01,0.00000000e+00
7.56756757e+01,1.54829774e+00,2.42886593e+03,2.07954747e+06,4.65911540e+03,0.00000000e+00,2.30000000e-01,7.69999938e-01,0.00000000e+00
7.57757758e+01,1.54554411e+00,2.43428786e+03,2.07667052e+06,4.66096074e+03,0.00000000e+00,2.30000000e-01,7.69999622e-01,0.00000000e+00
7.58758759e+01,1.54290749e+00,2.43977672e+03,2.07400046e+06,4.66294468e+03,0.00000000e+00,2.30000000e-01,7.69995033e-01,0.00000000e+00
7.59759760e+01,1.54044854e+00,2.44547356e+03,2.07179791e+06,4.66537911e+03,0.00000000e+00,2.30000000e-01,7.70005226e-01,0.00000000e+00
7.60760761e+01,1.53740794e+00,2.45054558e+03,2.06821711e+06,4.66654878e+03,0.00000000e+00,2.30000000e-01,7.70000620e-01,0.00000000e+00
7.61761762e+01,1.53396684e+00,2.45597409e+03,2.06433597e+06,4.66824377e+03,0.00000000e+00,2.30000000e-01,7.69999914e-01,0.00000000e+00
7.62762763e+01,1.53045871e+00,2.46150400e+03,2.06070931e+06,4.67072332e+03,0.00000000e+00,2.30000000e-01,7.70000126e-01,0.00000000e+00
7.63763764e+01,1.52684864e+00,2.46714295e+03,2.05717441e+06,4.67373590e+03,0.00000000e+00,2.30000000e-01,7.70000084e-01,0.00000000e+00
7.64764765e+01,1.52311079e+00,2.47290898e+03,2.05332631e+06,4.67644202e+03,0.00000000e+00,2.30000000e-01,7.70000010e-01,0.00000000e+00
7.65765766e+01,1.51926454e+00,2.47876502e+03,2.04927119e+06,4.67902197e+03,0.00000000e+00,2.30000000e-01,7.70000065e-01,0.00000000e+00
7.66766767e+01,1.51534156e+00,2.48473068e+03,2.04512573e+06,4.68164768e+03,0.00000000e+00,2.30000000e-01,7.69999623e-01,0.00000000e+00
7.67767768e+01,1.51145955e+00,2.49076878e+03,2.04092047e+06,4.68401882e+03,0.00000000e+00,2.30000000e-01,7.69999998e-01,0.00000000e+00
7.68768769e+01,1.50759217e+00,2.49682017e+03,2.03664311e+06,4.68619219e+03,0.00000000e+00,2.30000000e-01,7.70000093e-01,0.00000000e+00
7.69769770e+01,1.50371055e+00,2.50289397e+03,2.03230754e+06,4.68828762e+03,0.00000000e+00,2.30000000e-01,7.70000029e-01,0.00000000e+00
7.70770771e+01,1.49979574e+00,2.50900904e+03,2.02789402e+06,4.69031700e+03,0.00000000e+00,2.30000000e-01,7.70000048e-01,0.00000000e+00
7.71771772e+01,1.49589611e+00,2.51511379e+03,2.02349382e+06,4.69234130e+03,0.00000000e+00,2.30000000e-01,7.69999860e-01,0.00000000e+00
7.72772773e+01,1.49206560e+00,2.52118125e+03,2.01922447e+06,4.69446146e+03,0.00000000e+00,2.30000000e-01,7.69999966e-01,0.00000000e+00
7.73773774e+01,1.48829035e+00,2.52720068e+03,2.01502225e+06,4.69657493e+03,0.00000000e+00,2.30000000e-01,7.70000012e-01,0.00000000e+00
7.74774775e+01,1.48455452e+00,2.53317979e+03,2.01089370e+06,4.69874664e+03,0.00000000e+00,2.30000000e-01,7.70000031e-01,0.00000000e+00
7.75775776e+01,1.48085479e+00,2.53911246e+03,2.00686910e+06,4.70105734e+03,0.00000000e+00,2.30000000e-01,7.70000234e-01,0.00000000e+00
7.76776777e+01,1.47719461e+00,2.54497903e+03,2.00300528e+06,4.70363358e+03,0.00000000e+00,2.30000000e-01,7.69999953e-01,0.00000000e+00
7.77777778e+01,1.47363011e+00,2.55077551e+03,1.99923477e+06,4.70613603e+03,0.00000000e+00,2.30000000e-01,7.69999809e-01,0.00000000e+00
7.78778779e+01,1.47015900e+00,2.55652299e+03,1.99550987e+06,4.70845769e+03,0.00000000e+00,2.30000000e-01,7.69999960e-01,0.00000000e+00
7.79779780e+01,1.46672070e+00,2.56225617e+03,1.99181261e+06,4.71075082e+03,0.00000000e+00,2.30000000e-01,7.70000008e-01,0.00000000e+00
7.80780781e+01,1.46328622e+00,2.56800684e+03,1.98811131e+06,4.71303305e+03,0.00000000e+00,2.30000000e-01,7.70000017e-01,0.00000000e+00
7.81781782e+01,1.45984539e+00,2.57378707e+03,1.98438436e+06,4.71528557e+03,0.00000000e+00,2.30000000e-01,7.70000027e-01,0.00000000e+00
7.82782783e+01,1.45638860e+00,2.57960472e+03,1.98058219e+06,4.71742126e+03,0.00000000e+00,2.30000000e-01,7.70000039e-01,0.00000000e+00
7.83783784e+01,1.45290603e+00,2.58546392e+03,1.97669641e+06,4.71945134e+03,0.00000000e+00,2.30000000e-01,7.70000036e-01,0.00000000e+00
7.84784785e+01,1.44938646e+00,2.59137216e+03,1.97272787e+06,4.72141372e+03,0.00000000e+00,2.30000000e-01,7.70000007e-01,0.00000000e+00
7.85785786e+01,1.44582977e+00,2.59732735e+03,1.96863656e+06,4.72321230e+03,0.00000000e+00,2.30000000e-01,7.69999994e-01,0.00000000e+00
7.86786787e+01,1.44224539e+00,2.60331527e+03,1.96448433e+06,4.72496387e+03,0.00000000e+00,2.30000000e-01,7.69999994e-01,0.00000000e+00
7.87787788e+01,1.43863835e+00,2.60932952e+03,1.96031867e+06,4.72676621e+03,0.00000000e+00,2.30000000e-01,7.70000003e-01,0.00000000e+00
7.88788789e+01,1.43501129e+00,2.61536501e+03,1.95613853e+06,4.72860858e+03,0.00000000e+00,2.30000000e-01,7.70000009e-01,0.00000000e+00
7.89789790e+01,1.43136796e+00,2.62141230e+03,1.95195850e+06,4.73051432e+03,0.00000000e+00,2.30000000e-01,7.70000017e-01,0.00000000e+00
7.90790791e+01,1.42771454e+00,2.62745452e+03,1.94780960e+06,4.73253873e+03,0.00000000e+00,2.30000000e-01,7.70000048e-01,0.00000000e+00
7.91791792e+01,1.42405348e+00,2.63347109e+03,1.94372959e+06,4.73476650e+03,0.00000000e+00,2.30000000e-01,7.70000134e-01,0.00000000e+00
7.92792793e+01,1.42036893e+00,2.63944535e+03,1.93974283e+06,4.73731125e+03,0.00000000e+00,2.30000000e-01,7.70000342e-01,0.00000000e+00
7.93793794e+01,1.41660402e+00,2.64536611e+03,1.93583841e+06,4.74033577e+03,0.00000000e+00,2.30000000e-01,7.70001359e-01,0.00000000e+00
7.94794795e+01,1.41270383e+00,2.65129124e+03,1.93210418e+06,4.74426523e+03,0.00000000e+00,2.30000000e-01,7.69998966e-01,0.00000000e+00
7.95795796e+01,1.40904541e+00,2.65723956e+03,1.92839878e+06,4.74745847e+03,0.00000000e+00,2.30000000e-01,7.69999474e-01,0.00000000e+00
7.96796797e+01,1.40563317e+00,2.66313619e+03,1.92458993e+06,4.74958164e+03,0.00000000e+00,2.30000000e-01,7.69999852e-01,0.00000000e+00
7.97797798e+01,1.40233446e+00,2.66902817e+03,1.92076469e+06,4.75129112e+03,0.00000000e+00,2.30000000e-01,7.69999990e-01,0.00000000e+00
7.98798799e+01,1.39910310e+00,2.67494376e+03,1.91691429e+06,4.75271834e+03,0.00000000e+00,2.30000000e-01,7.69999952e-01,0.00000000e+00
7.99799800e+01,1.39593433e+00,2.68088704e+03,1.91302460e+06,4.75384211e+03,0.00000000e+00,2.30000000e-01,7.69999765e-01,0.00000000e+00
8.00800801e+01,1.39281912e+00,2.68686001e+03,1.90912887e+06,4.75477189e+03,0.00000000e+00,2.30000000e-01,7.69999814e-01,0.00000000e+00
8.01801802e+01,1.38974164e+00,2.69285357e+03,1.90528885e+06,4.75571657e+03,0.00000000e+00,2.30000000e-01,7.69999715e-01,0.00000000e+00
8.02802803e+01,1.38674371e+00,2.69886358e+03,1.90148929e+06,4.75649351e+03,0.00000000e+00,2.30000000e-01,7.69999669e-01,0.00000000e+00
8.03803804e+01,1.38388802e+00,2.70488626e+03,1.89770866e+06,4.75683210e+03,0.00000000e+00,2.30000000e-01,7.69999659e-01,0.00000000e+00
8.04804805e+01,1.38124109e+00,2.71091263e+03,1.89394355e+06,4.75649204e+03,0.00000000e+00,2.30000000e-01,7.69999656e-01,0.00000000e+00
8.05805806e+01,1.37886640e+00,2.71693916e+03,1.89019307e+06,4.75524847e+03,0.00000000e+00,2.30000000e-01,7.69999649e-01,0.00000000e+00
8.06806807e+01,1.37682780e+00,2.72296243e+03,1.88645102e+06,4.75286130e+03,0.00000000e+00,2.30000000e-01,7.69999656e-01,0.00000000e+00
8.07807808e+01,1.37518717e+00,2.72898003e+03,1.88269276e+06,4.74905118e+03,0.00000000e+00,2.30000000e-01,7.69999709e-01,0.00000000e+00
8.08808809e+01,1.37399766e+00,2.73498801e+03,1.87886631e+06,4.74350135e+03,0.00000000e+00,2.30000000e-01,7.69999863e-01,0.00000000e+00
8.09809810e+01,1.37328844e+00,2.74097652e+03,1.87488115e+06,4.73588310e+03,0.00000000e+00,2.30000000e-01,7.70000187e-01,0.00000000e+00
8.10810811e+01,1.37303449e+00,2.74692926e+03,1.87057326e+06,4.72587878e+03,0.00000000e+00,2.30000000e-01,7.69999499e-01,0.00000000e+00
8.11811812e+01,1.37321347e+00,2.75302925e+03,1.86592012e+06,4.71351231e+03,0.00000000e+00,2.30000000e-01,7.69998715e-01,0.00000000e+00
8.12812813e+01,1.37410846e+00,2.75917272e+03,1.86142726e+06,4.69909586e+03,0.00000000e+00,2.30000000e-01,7.69999623e-01,0.00000000e+00
8.13813814e+01,1.37585652e+00,2.76523081e+03,1.85718773e+06,4.68243516e+03,0.00000000e+00,2.30000000e-01,7.69999930e-01,0.00000000e+00
8.14814815e+01,1.37842086e+00,2.77129118e+03,1.85296546e+06,4.66310008e+03,0.00000000e+00,2.30000000e-01,7.69999623e-01,0.00000000e+00
8.15815816e+01,1.38183203e+00,2.77740724e+03,1.84863239e+06,4.64071280e+03,0.00000000e+00,2.30000000e-01,7.69999307e-01,0.00000000e+00
8.16816817e+01,1.38621032e+00,2.78356953e+03,1.84419574e+06,4.61495366e+03,0.00000000e+00,2.30000000e-01,7.69999159e-01,0.00000000e+00
8.17817818e+01,1.39170847e+00,2.78975833e+03,1.83968723e+06,4.58548431e+03,0.00000000e+00,2.30000000e-01,7.69999087e-01,0.00000000e+00
8.18818819e+01,1.39848339e+00,2.79597075e+03,1.83511067e+06,4.55191844e+03,0.00000000e+00,2.30000000e-01,7.69999005e-01,0.00000000e+00
8.19819820e+01,1.40669973e+00,2.80221586e+03,1.83044903e+06,4.51383635e+03,0.00000000e+00,2.30000000e-01,7.69998898e-01,0.00000000e+00
8.20820821e+01,1.41654034e+00,2.80850344e+03,1.82568373e+06,4.47081012e+03,0.00000000e+00,2.30000000e-01,7.69998776e-01,0.00000000e+00
8.21821822e+01,1.42821266e+00,2.81483751e+03,1.82080586e+06,4.42242474e+03,0.00000000e+00,2.30000000e-01,7.69998646e-01,0.00000000e+00
8.22822823e+01,1.44195199e+00,2.82121327e+03,1.81582157e+06,4.36829657e+03,0.00000000e+00,2.30000000e-01,7.69998511e-01,0.00000000e+00
8.23823824e+01,1.45802420e+00,2.82761511e+03,1.81075582e+06,4.30809195e+03,0.00000000e+00,2.30000000e-01,7.69998376e-01,0.00000000e+00
8.24824825e+01,1.47672685e+00,2.83401624e+03,1.80565349e+06,4.24154521e+03,0.00000000e+00,2.30000000e-01,7.69998253e-01,0.00000000e+00
8.25825826e+01,1.49838668e+00,2.84038168e+03,1.80057431e+06,4.16847354e+03,0.00000000e+00,2.30000000e-01,7.69998161e-01,0.00000000e+00
8.26826827e+01,1.52335206e+00,2.84667511e+03,1.79558048e+06,4.08878727e+03,0.00000000e+00,2.30000000e-01,7.69998114e-01,0.00000000e+00
8.27827828e+01,1.55198067e+00,2.85286859e+03,1.79071845e+06,4.00249613e+03,0.00000000e+00,2.30000000e-01,7.69998124e-01,0.00000000e+00
8.28828829e+01,1.58462409e+00,2.85895251e+03,1.78599936e+06,3.90971349e+03,0.00000000e+00,2.30000000e-01,7.69998194e-01,0.00000000e+00
8.29829830e+01,1.62161225e+00,2.86494253e+03,1.78138393e+06,3.81066127e+03,0.00000000e+00,2.30000000e-01,7.69998316e-01,0.00000000e+00
8.30830831e+01,1.66324128e+00,2.87088081e+03,1.77677754e+06,3.70567703e+03,0.00000000e+00,2.30000000e-01,7.69998466e-01,0.00000000e+00
8.31831832e+01,1.70976903e+00,2.87682934e+03,1.77204021e+06,3.59522297e+03,0.00000000e+00,2.30000000e-01,7.69998609e-01,0.00000000e+00
8.32832833e+01,1.76142230e+00,2.88285570e+03,1.76701274e+06,3.47989268e+03,0.00000000e+00,2.30000000e-01,7.69998702e-01,0.00000000e+00
8.33833834e+01,1.81841623e+00,2.88901537e+03,1.76155203e+06,3.36040660e+03,0.00000000e+00,2.30000000e-01,7.69998720e-01,0.00000000e+00
8.34834835e+01,1.88097758e+00,2.89534065e+03,1.75555606e+06,3.23758187e+03,0.00000000e+00,2.30000000e-01,7.69998667e-01,0.00000000e+00
8.35835836e+01,1.94936121e+00,2.90184371e+03,1.74896076e+06,3.11227155e+03,0.00000000e+00,2.30000000e-01,7.69998532e-01,0.00000000e+00
8.36836837e+01,2.02387240e+00,2.90851716e+03,1.74174075e+06,2.98531522e+03,0.00000000e+00,2.30000000e-01,7.69998369e-01,0.00000000e+00
8.37837838e+01,2.10491415e+00,2.91528994e+03,1.73400625e+06,2.85762993e+03,0.00000000e+00,2.30000000e-01,7.69998581e-01,0.00000000e+00
8.38838839e+01,2.19298549e+00,2.92193371e+03,1.72615247e+06,2.73046459e+03,0.00000000e+00,2.30000000e-01,7.69990894e-01,0.00000000e+00
8.39839840e+01,2.28792587e+00,2.92791946e+03,1.71919522e+06,2.60653681e+03,0.00000000e+00,2.30000000e-01,7.70018926e-01,0.00000000e+00
8.40840841e+01,2.38061680e+00,2.93330996e+03,1.71323907e+06,2.49643441e+03,0.00000000e+00,2.30000000e-01,7.69994172e-01,0.00000000e+00
8.41841842e+01,2.46799026e+00,2.93920346e+03,1.70736758e+06,2.39986436e+03,0.00000000e+00,2.30000000e-01,7.69968629e-01,0.00000000e+00
8.42842843e+01,2.54922676e+00,2.94521053e+03,1.70025430e+06,2.31363840e+03,0.00000000e+00,2.30000000e-01,7.69997788e-01,0.00000000e+00
8.43843844e+01,2.61531859e+00,2.95079315e+03,1.69048378e+06,2.24215198e+03,0.00000000e+00,2.30000000e-01,7.70023355e-01,0.00000000e+00
8.44844845e+01,2.66427101e+00,2.95679600e+03,1.68071562e+06,2.18826635e+03,0.00000000e+00,2.30000000e-01,7.70010592e-01,0.00000000e+00
8.45845846e+01,2.70288837e+00,2.96389670e+03,1.67348776e+06,2.14775765e+03,0.00000000e+00,2.30000000e-01,7.69996060e-01,0.00000000e+00
8.46846847e+01,2.73605371e+00,2.97098208e+03,1.66631301e+06,2.11261145e+03,0.00000000e+00,2.30000000e-01,7.70003173e-01,0.00000000e+00
8.47847848e+01,2.76376471e+00,2.97673838e+03,1.65602413e+06,2.07850770e+03,0.00000000e+00,2.30000000e-01,7.70006790e-01,0.00000000e+00
8.48848849e+01,2.78623378e+00,2.98185310e+03,1.64469262e+06,2.04766815e+03,0.00000000e+00,2.30000000e-01,7.69992611e-01,0.00000000e+00
8.49849850e+01,2.80447021e+00,2.98785663e+03,1.63720603e+06,2.02510541e+03,0.00000000e+00,2.30000000e-01,7.69986474e-01,0.00000000e+00
8.50850851e+01,2.81661155e+00,2.99455574e+03,1.63428318e+06,2.01272486e+03,0.00000000e+00,2.30000000e-01,7.70011241e-01,0.00000000e+00
8.51851852e+01,2.82004626e+00,2.99979231e+03,1.63087328e+06,2.00606295e+03,0.00000000e+00,2.30000000e-01,7.70019029e-01,0.00000000e+00
8.52852853e+01,2.81764227e+00,3.00369585e+03,1.62555000e+06,2.00126471e+03,0.00000000e+00,2.30000000e-01,7.69997814e-01,0.00000000e+00
8.53853854e+01,2.81425880e+00,3.00917577e+03,1.61768681e+06,1.99397635e+03,0.00000000e+00,2.30000000e-01,7.69998856e-01,0.00000000e+00
8.54854855e+01,2.81254337e+00,3.01408898e+03,1.61106084e+06,1.98701646e+03,0.00000000e+00,2.30000000e-01,7.70000735e-01,0.00000000e+00
8.55855856e+01,2.81193490e+00,3.01878192e+03,1.60494155e+06,1.97989926e+03,0.00000000e+00,2.30000000e-01,7.69999879e-01,0.00000000e+00
8.56856857e+01,2.81214820e+00,3.02355014e+03,1.59880944e+06,1.97218922e+03,0.00000000e+00,2.30000000e-01,7.69997764e-01,0.00000000e+00
8.57857858e+01,2.81400473e+00,3.02828491e+03,1.59317700e+06,1.96394352e+03,0.00000000e+00,2.30000000e-01,7.69998412e-01,0.00000000e+00
8.58858859e+01,2.81858253e+00,3.03243095e+03,1.58920428e+06,1.95586155e+03,0.00000000e+00,2.30000000e-01,7.69999867e-01,0.00000000e+00
8.59859860e+01,2.82618465e+00,3.03573496e+03,1.58730201e+06,1.94826404e+03,0.00000000e+00,2.30000000e-01,7.70000666e-01,0.00000000e+00
8.60860861e+01,2.83661306e+00,3.03817082e+03,1.58735807e+06,1.94117025e+03,0.00000000e+00,2.30000000e-01,7.70000579e-01,0.00000000e+00
8.61861862e+01,2.84959410e+00,3.03980983e+03,1.58909584e+06,1.93444443e+03,0.00000000e+00,2.30000000e-01,7.69999799e-01,0.00000000e+00
8.62862863e+01,2.86507508e+00,3.04075699e+03,1.59225441e+06,1.92782684e+03,0.00000000e+00,2.30000000e-01,7.69994436e-01,0.00000000e+00
8.63863864e+01,2.88342119e+00,3.04114122e+03,1.59685732e+06,1.92109931e+03,0.00000000e+00,2.30000000e-01,7.69993943e-01,0.00000000e+00
8.64864865e+01,2.90128170e+00,3.04104258e+03,1.60267255e+06,1.91620779e+03,0.00000000e+00,2.30000000e-01,7.70003084e-01,0.00000000e+00
8.65865866e+01,2.91346752e+00,3.04083141e+03,1.60718075e+06,1.91355269e+03,0.00000000e+00,2.30000000e-01,7.70007149e-01,0.00000000e+00
8.66866867e+01,2.92074754e+00,3.04059484e+03,1.61135006e+06,1.91373913e+03,0.00000000e+00,2.30000000e-01,7.70004972e-01,0.00000000e+00
8.67867868e+01,2.92520214e+00,3.04070774e+03,1.61616013e+06,1.91653913e+03,0.00000000e+00,2.30000000e-01,7.69999769e-01,0.00000000e+00
8.68868869e+01,2.92852965e+00,3.04130435e+03,1.62152354e+06,1.92072272e+03,0.00000000e+00,2.30000000e-01,7.69995610e-01,0.00000000e+00
8.69869870e+01,2.93090193e+00,3.04229055e+03,1.62816704e+06,1.92701573e+03,0.00000000e+00,2.30000000e-01,7.70003338e-01,0.00000000e+00
8.70870871e+01,2.93162391e+00,3.04280860e+03,1.63270428e+06,1.93190506e+03,0.00000000e+00,2.30000000e-01,7.70005758e-01,0.00000000e+00
8.71871872e+01,2.93092874e+00,3.04268812e+03,1.63455737e+06,1.93455306e+03,0.00000000e+00,2.30000000e-01,7.70007480e-01,0.00000000e+00
8.72872873e+01,2.92706630e+00,3.04234926e+03,1.63737048e+06,1.94044234e+03,0.00000000e+00,2.30000000e-01,7.70006116e-01,0.00000000e+00
8.73873874e+01,2.91755084e+00,3.04209240e+03,1.64021347e+06,1.95015973e+03,0.00000000e+00,2.30000000e-01,7.70001874e-01,0.00000000e+00
8.74874875e+01,2.90140011e+00,3.04213203e+03,1.64232302e+06,1.96354610e+03,0.00000000e+00,2.30000000e-01,7.69997621e-01,0.00000000e+00
8.75875876e+01,2.87935464e+00,3.04245454e+03,1.64362685e+06,1.98014354e+03,0.00000000e+00,2.30000000e-01,7.70001060e-01,0.00000000e+00
8.76876877e+01,2.85342746e+00,3.04294327e+03,1.64426232e+06,1.99892055e+03,0.00000000e+00,2.30000000e-01,7.69995111e-01,0.00000000e+00
8.77877878e+01,2.82927032e+00,3.04356591e+03,1.64499024e+06,2.01687837e+03,0.00000000e+00,2.30000000e-01,7.69996093e-01,0.00000000e+00
8.78878879e+01,2.80930937e+00,3.04434852e+03,1.64616413e+06,2.03265968e+03,0.00000000e+00,2.30000000e-01,7.69995468e-01,0.00000000e+00
8.79879880e+01,2.79241592e+00,3.04511310e+03,1.64739933e+06,2.04648837e+03,0.00000000e+00,2.30000000e-01,7.69996823e-01,0.00000000e+00
8.80880881e+01,2.77730409e+00,3.04559476e+03,1.64832737e+06,2.05877816e+03,0.00000000e+00,2.30000000e-01,7.69999025e-01,0.00000000e+00
8.81881882e+01,2.76284923e+00,3.04580281e+03,1.64904999e+06,2.07045486e+03,0.00000000e+00,2.30000000e-01,7.69999889e-01,0.00000000e+00
8.82882883e+01,2.74856639e+00,3.04587326e+03,1.64966908e+06,2.08199496e+03,0.00000000e+00,2.30000000e-01,7.70000023e-01,0.00000000e+00
8.83883884e+01,2.73435820e+00,3.04585512e+03,1.64998660e+06,2.09321606e+03,0.00000000e+00,2.30000000e-01,7.70000072e-01,0.00000000e+00
8.84884885e+01,2.72020142e+00,3.04574768e+03,1.64991789e+06,2.10402211e+03,0.00000000e+00,2.30000000e-01,7.70000111e-01,0.00000000e+00
8.85885886e+01,2.70606534e+00,3.04554473e+03,1.64948156e+06,2.11445366e+03,0.00000000e+00,2.30000000e-01,7.70000213e-01,0.00000000e+00
8.86886887e+01,2.69189832e+00,3.04522955e+03,1.64876547e+06,2.12465867e+03,0.00000000e+00,2.30000000e-01,7.70000317e-01,0.00000000e+00
8.87887888e+01,2.67759209e+00,3.04480808e+03,1.64783498e+06,2.13480528e+03,0.00000000e+00,2.30000000e-01,7.70000258e-01,0.00000000e+00
8.88888889e+01,2.66302717e+00,3.04431675e+03,1.64671773e+06,2.14502619e+03,0.00000000e+00,2.30000000e-01,7.70000102e-01,0.00000000e+00
8.89889890e+01,2.64812958e+00,3.04379696e+03,1.64544219e+06,2.15542283e+03,0.00000000e+00,2.30000000e-01,7.69999993e-01,0.00000000e+00
8.90890891e+01,2.63287378e+00,3.04327877e+03,1.64405171e+06,2.16608007e+03,0.00000000e+00,2.30000000e-01,7.70000015e-01,0.00000000e+00
8.91891892e+01,2.61724639e+00,3.04277544e+03,1.64259616e+06,2.17708409e+03,0.00000000e+00,2.30000000e-01,7.70000158e-01,0.00000000e+00
8.92892893e+01,2.60120487e+00,3.04228570e+03,1.64111643e+06,2.18853635e+03,0.00000000e+00,2.30000000e-01,7.70000339e-01,0.00000000e+00
8.93893894e+01,2.58465801e+00,3.04179997e+03,1.63963413e+06,2.20055758e+03,0.00000000e+00,2.30000000e-01,7.70000462e-01,0.00000000e+00
8.94894895e+01,2.56747579e+00,3.04130700e+03,1.63815119e+06,2.21328067e+03,0.00000000e+00,2.30000000e-01,7.70000474e-01,0.00000000e+00
8.95895896e+01,2.54951973e+00,3.04079777e+03,1.63665941e+06,2.22683791e+03,0.00000000e+00,2.30000000e-01,7.70000913e-01,0.00000000e+00
8.96896897e+01,2.53067235e+00,3.04026944e+03,1.63514383e+06,2.24134211e+03,0.00000000e+00,2.30000000e-01,7.70002167e-01,0.00000000e+00
8.97897898e+01,2.51177566e+00,3.03977052e+03,1.63373786e+06,2.25626880e+03,0.00000000e+00,2.30000000e-01,7.69999481e-01,0.00000000e+00
8.98898899e+01,2.49458713e+00,3.03925289e+03,1.63230853e+06,2.26982752e+03,0.00000000e+00,2.30000000e-01,7.69999544e-01,0.00000000e+00
8.99899900e+01,2.47905482e+00,3.03863586e+03,1.63066615e+06,2.28175062e+03,0.00000000e+00,2.30000000e-01,7.69999617e-01,0.00000000e+00
9.00900901e+01,2.46506878e+00,3.03788447e+03,1.62873044e+06,2.29197335e+03,0.00000000e+00,2.30000000e-01,7.69999303e-01,0.00000000e+00
9.01901902e+01,2.45252868e+00,3.03698439e+03,1.62647220e+06,2.30049921e+03,0.00000000e+00,2.30000000e-01,7.69998973e-01,0.00000000e+00
9.02902903e+01,2.44126052e+00,3.03590763e+03,1.62382699e+06,2.30735864e+03,0.00000000e+00,2.30000000e-01,7.69999111e-01,0.00000000e+00
9.03903904e+01,2.43100628e+00,3.03460517e+03,1.62067699e+06,2.31259475e+03,0.00000000e+00,2.30000000e-01,7.69999845e-01,0.00000000e+00
9.04904905e+01,2.42152224e+00,3.03304284e+03,1.61693794e+06,2.31629361e+03,0.00000000e+00,2.30000000e-01,7.70000809e-01,0.00000000e+00
9.05905906e+01,2.41271174e+00,3.03125437e+03,1.61268141e+06,2.31863093e+03,0.00000000e+00,2.30000000e-01,7.70001336e-01,0.00000000e+00
9.06906907e+01,2.40468780e+00,3.02936309e+03,1.60818232e+06,2.31987837e+03,0.00000000e+00,2.30000000e-01,7.70001001e-01,0.00000000e+00
9.07907908e+01,2.39769275e+00,3.02754370e+03,1.60383580e+06,2.32036049e+03,0.00000000e+00,2.30000000e-01,7.69999979e-01,0.00000000e+00
9.08908909e+01,2.39191384e+00,3.02594771e+03,1.59997918e+06,2.32037613e+03,0.00000000e+00,2.30000000e-01,7.69998859e-01,0.00000000e+00
9.09909910e+01,2.38732794e+00,3.02463849e+03,1.59674105e+06,2.32012974e+03,0.00000000e+00,2.30000000e-01,7.69998258e-01,0.00000000e+00
9.10910911e+01,2.38366956e+00,3.02357497e+03,1.59400878e+06,2.31971386e+03,0.00000000e+00,2.30000000e-01,7.69998484e-01,0.00000000e+00
9.11911912e+01,2.38053292e+00,3.02265348e+03,1.59152750e+06,2.31915242e+03,0.00000000e+00,2.30000000e-01,7.69999429e-01,0.00000000e+00
9.12912913e+01,2.37755063e+00,3.02177570e+03,1.58906667e+06,2.31846932e+03,0.00000000e+00,2.30000000e-01,7.70000160e-01,0.00000000e+00
9.13913914e+01,2.37453667e+00,3.02089413e+03,1.58652356e+06,2.31769482e+03,0.00000000e+00,2.30000000e-01,7.70001063e-01,0.00000000e+00
9.14914915e+01,2.37126893e+00,3.01993827e+03,1.58366579e+06,2.31670372e+03,0.00000000e+00,2.30000000e-01,7.70002921e-01,0.00000000e+00
9.15915916e+01,2.36714396e+00,3.01869429e+03,1.57996873e+06,2.31531364e+03,0.00000000e+00,2.30000000e-01,7.70006864e-01,0.00000000e+00
9.16916917e+01,2.36074041e+00,3.01664871e+03,1.57424837e+06,2.31316844e+03,0.00000000e+00,2.30000000e-01,7.70015301e-01,0.00000000e+00
9.17917918e+01,2.34891029e+00,3.01261715e+03,1.56381954e+06,2.30937350e+03,0.00000000e+00,2.30000000e-01,7.70033793e-01,0.00000000e+00
9.18918919e+01,2.32478093e+00,3.00386007e+03,1.54261552e+06,2.30160797e+03,0.00000000e+00,2.30000000e-01,7.70074680e-01,0.00000000e+00
9.19919920e+01,2.27333731e+00,2.98395833e+03,1.49704418e+06,2.28395193e+03,0.00000000e+00,2.30000000e-01,7.70162972e-01,0.00000000e+00
9.20920921e+01,2.16217965e+00,2.93745669e+03,1.39731655e+06,2.24099986e+03,0.00000000e+00,2.30000000e-01,7.70336176e-01,0.00000000e+00
9.21921922e+01,1.92515576e+00,2.82490516e+03,1.18277447e+06,2.12962659e+03,0.00000000e+00,2.30000000e-01,7.70719761e-01,0.00000000e+00
9.22922923e+01,1.44951058e+00,2.53317292e+03,7.53962425e+05,1.80342529e+03,0.00000000e+00,2.30000000e-01,7.70490479e-01,0.00000000e+00
9.23923924e+01,8.71186100e-01,2.03948939e+03,3.15666260e+05,1.25700927e+03,0.00000000e+00,2.30577665e-01,7.69422335e-01,0.00000000e+00
9.24924925e+01,6.30157494e-01,1.72118888e+03,1.55825024e+05,8.57822181e+02,0.00000000e+00,2.30360800e-01,7.69639200e-01,0.00000000e+00
9.25925926e+01,5.60387397e-01,1.61873291e+03,1.19506071e+05,7.40127756e+02,0.00000000e+00,2.30000000e-01,7.69517009e-01,0.00000000e+00
9.26926927e+01,5.43099568e-01,1.59813735e+03,1.13346216e+05,7.24042519e+02,0.00000000e+00,2.30000000e-01,7.69893937e-01,0.00000000e+00
9.27927928e+01,5.37770280e-01,1.59465543e+03,1.12342205e+05,7.24676444e+02,0.00000000e+00,2.30000000e-01,7.69980052e-01,0.00000000e+00
9.28928929e+01,5.34495831e-01,1.59408316e+03,1.12180935e+05,7.28055234e+02,0.00000000e+00,2.30000000e-01,7.69998846e-01,0.00000000e+00
9.29929930e+01,5.31298172e-01,1.59393590e+03,1.12145035e+05,7.32200106e+02,0.00000000e+00,2.30000000e-01,7.70002289e-01,0.00000000e+00
9.30930931e+01,5.27800157e-01,1.59391934e+03,1.12135826e+05,7.36992609e+02,0.00000000e+00,2.30000000e-01,7.70001828e-01,0.00000000e+00
9.31931932e+01,5.23798113e-01,1.59396564e+03,1.12147620e+05,7.42702411e+02,0.00000000e+00,2.30000000e-01,7.70000845e-01,0.00000000e+00
9.32932933e+01,5.19205728e-01,1.59400973e+03,1.12160515e+05,7.49358054e+02,0.00000000e+00,2.30000000e-01,7.70000495e-01,0.00000000e+00
9.33933934e+01,5.13970016e-01,1.59403042e+03,1.12166354e+05,7.57031006e+02,0.00000000e+00,2.30000000e-01,7.70000514e-01,0.00000000e+00
9.34934935e+01,5.08028799e-01,1.59403609e+03,1.12167494e+05,7.65891922e+02,0.00000000e+00,2.30000000e-01,7.70000620e-01,0.00000000e+00
9.35935936e+01,5.01307148e-01,1.59404022e+03,1.12167945e+05,7.76164213e+02,0.00000000e+00,2.30000000e-01,7.70000743e-01,0.00000000e+00
9.36936937e+01,4.93719615e-01,1.59404868e+03,1.12169348e+05,7.88102151e+02,0.00000000e+00,2.30000000e-01,7.70000857e-01,0.00000000e+00
9.37937938e+01,4.85171354e-01,1.59406039e+03,1.12171397e+05,8.02002346e+02,0.00000000e+00,2.30000000e-01,7.70000937e-01,0.00000000e+00
9.38938939e+01,4.75560511e-01,1.59407250e+03,1.12173396e+05,8.18224952e+02,0.00000000e+00,2.30000000e-01,7.70000988e-01,0.00000000e+00
9.39939940e+01,4.64781145e-01,1.59408349e+03,1.12175080e+05,8.37214052e+02,0.00000000e+00,2.30000000e-01,7.70001025e-01,0.00000000e+00
9.40940941e+01,4.52725302e-01,1.59409338e+03,1.12176572e+05,8.59520037e+02,0.00000000e+00,2.30000000e-01,7.70001054e-01,0.00000000e+00
9.41941942e+01,4.39284757e-01,1.59410275e+03,1.12178033e+05,8.85829813e+02,0.00000000e+00,2.30000000e-01,7.70001061e-01,0.00000000e+00
9.42942943e+01,4.24353717e-01,1.59411213e+03,1.12179464e+05,9.17009786e+02,0.00000000e+00,2.30000000e-01,7.70001028e-01,0.00000000e+00
9.43943944e+01,4.07833038e-01,1.59412177e+03,1.12180719e+05,9.54167189e+02,0.00000000e+00,2.30000000e-01,7.70000936e-01,0.00000000e+00
9.44944945e+01,3.89635725e-01,1.59413154e+03,1.12181646e+05,9.98738461e+02,0.00000000e+00,2.30000000e-01,7.70000770e-01,0.00000000e+00
9.45945946e+01,3.69693210e-01,1.59414059e+03,1.12182194e+05,1.05261925e+03,0.00000000e+00,2.30000000e-01,7.70000516e-01,0.00000000e+00
9.46946947e+01,3.47961784e-01,1.59414660e+03,1.12182271e+05,1.11836018e+03,0.00000000e+00,2.30000000e-01,7.70000141e-01,0.00000000e+00
9.47947948e+01,3.24428504e-01,1.59415046e+03,1.12190392e+05,1.19954137e+03,0.00000000e+00,2.30000000e-01,7.70023508e-01,0.00000000e+00
9.48948949e+01,2.99449718e-01,1.59416738e+03,1.12180833e+05,1.29952554e+03,0.00000000e+00,2.30000000e-01,7.69997786e-01,0.00000000e+00
9.49949950e+01,2.76478839e-01,1.59415388e+03,1.12181949e+05,1.40751227e+03,0.00000000e+00,2.30000000e-01,7.69995466e-01,0.00000000e+00
9.50950951e+01,2.56890103e-01,1.59416350e+03,1.12183304e+05,1.51485930e+03,0.00000000e+00,2.30000000e-01,7.69994708e-01,0.00000000e+00
9.51951952e+01,2.40408129e-01,1.59417463e+03,1.12183624e+05,1.61872100e+03,0.00000000e+00,2.30000000e-01,7.69994173e-01,0.00000000e+00
9.52952953e+01,2.26728278e-01,1.59416849e+03,1.12180337e+05,1.71633829e+03,0.00000000e+00,2.30000000e-01,7.69993824e-01,0.00000000e+00
9.53953954e+01,2.15532117e-01,1.59415095e+03,1.12175359e+05,1.80541667e+03,0.00000000e+00,2.30000000e-01,7.69993531e-01,0.00000000e+00
9.54954955e+01,2.06499770e-01,1.59414210e+03,1.12172733e+05,1.88434184e+03,0.00000000e+00,2.30000000e-01,7.69993550e-01,0.00000000e+00
9.55955956e+01,1.99315518e-01,1.59414216e+03,1.12172464e+05,1.95225659e+03,0.00000000e+00,2.30000000e-01,7.69994031e-01,0.00000000e+00
9.56956957e+01,1.93679227e-01,1.59413269e+03,1.12171041e+05,2.00904268e+03,0.00000000e+00,2.30000000e-01,7.69994690e-01,0.00000000e+00
9.57957958e+01,1.89320620e-01,1.59410795e+03,1.12167336e+05,2.05522646e+03,0.00000000e+00,2.30000000e-01,7.69995265e-01,0.00000000e+00
9.58958959e+01,1.86003798e-01,1.59408151e+03,1.12163445e+05,2.09180150e+03,0.00000000e+00,2.30000000e-01,7.69995837e-01,0.00000000e+00
9.59959960e+01,1.83523797e-01,1.59406128e+03,1.12160467e+05,2.12001076e+03,0.00000000e+00,2.30000000e-01,7.69996504e-01,0.00000000e+00
9.60960961e+01,1.81704774e-01,1.59404255e+03,1.12157371e+05,2.14117345e+03,0.00000000e+00,2.30000000e-01,7.69997125e-01,0.00000000e+00
9.61961962e+01,1.80400694e-01,1.59402208e+03,1.12153625e+05,2.15657838e+03,0.00000000e+00,2.30000000e-01,7.69997637e-01,0.00000000e+00
9.62962963e+01,1.79492160e-01,1.59400102e+03,1.12149519e+05,2.16741390e+03,0.00000000e+00,2.30000000e-01,7.69998116e-01,0.00000000e+00
9.63963964e+01,1.78881796e-01,1.59397943e+03,1.12145156e+05,2.17472388e+03,0.00000000e+00,2.30000000e-01,7.69998499e-01,0.00000000e+00
9.64964965e+01,1.78491931e-01,1.59396080e+03,1.12141278e+05,2.17939809e+03,0.00000000e+00,2.30000000e-01,7.69998720e-01,0.00000000e+00
9.65965966e+01,1.78260923e-01,1.59394870e+03,1.12138644e+05,2.18217052e+03,0.00000000e+00,2.30000000e-01,7.69998982e-01,0.00000000e+00
9.66966967e+01,1.78137837e-01,1.59393304e+03,1.12135564e+05,2.18361748e+03,0.00000000e+00,2.30000000e-01,7.69999369e-01,0.00000000e+00
9.67967968e+01,1.78082197e-01,1.59390285e+03,1.12130092e+05,2.18419288e+03,0.00000000e+00,2.30000000e-01,7.69999476e-01,0.00000000e+00
9.68968969e+01,1.78066179e-01,1.59387452e+03,1.12125022e+05,2.18429051e+03,0.00000000e+00,2.30000000e-01,7.69999510e-01,0.00000000e+00
9.69969970e+01,1.78068285e-01,1.59386739e+03,1.12123716e+05,2.18423891e+03,0.00000000e+00,2.30000000e-01,7.69999661e-01,0.00000000e+00
9.70970971e+01,1.78085484e-01,1.59386057e+03,1.12122452e+05,2.18400319e+03,0.00000000e+00,2.30000000e-01,7.69999733e-01,0.00000000e+00
9.71971972e+01,1.78128530e-01,1.59385404e+03,1.12121224e+05,2.18345132e+03,0.00000000e+00,2.30000000e-01,7.69999807e-01,0.00000000e+00
9.72972973e+01,1.78205241e-01,1.59384866e+03,1.12120284e+05,2.18249292e+03,0.00000000e+00,2.30000000e-01,7.69999892e-01,0.00000000e+00
9.73973974e+01,1.78320007e-01,1.59384530e+03,1.12119708e+05,2.18107688e+03,0.00000000e+00,2.30000000e-01,7.69999986e-01,0.00000000e+00
9.74974975e+01,1.78473511e-01,1.59384436e+03,1.12119566e+05,2.17919791e+03,0.00000000e+00,2.30000000e-01,7.70000102e-01,0.00000000e+00
9.75975976e+01,1.78661823e-01,1.59384577e+03,1.12119762e+05,2.17690422e+03,0.00000000e+00,2.30000000e-01,7.70000370e-01,0.00000000e+00
9.76976977e+01,1.78873016e-01,1.59382860e+03,1.12116921e+05,2.17429401e+03,0.00000000e+00,2.30000000e-01,7.69993615e-01,0.00000000e+00
9.77977978e+01,1.79085710e-01,1.59414321e+03,1.12100622e+05,2.17138852e+03,0.00000000e+00,2.30000000e-01,7.69996945e-01,0.00000000e+00
9.78978979e+01,2.78360848e-01,9.58157604e+02,2.60254655e+05,3.24361824e+03,0.00000000e+00,2.30903101e-01,7.69096899e-01,0.00000000e+00
9.79979980e+01,5.09394923e-01,1.70265823e+02,6.30328856e+05,4.29220491e+03,0.00000000e+00,2.29619154e-01,7.70380846e-01,0.00000000e+00
9.80980981e+01,5.80662057e-01,1.65581397e+01,7.55580772e+05,4.51210751e+03,0.00000000e+00,2.30000000e-01,7.70373789e-01,0.00000000e+00
9.81981982e+01,5.89003648e-01,8.85997512e-01,7.68777003e+05,4.52742390e+03,0.00000000e+00,2.30000000e-01,7.70045448e-01,0.00000000e+00
9.82982983e+01,5.89909164e-01,-1.29573417e+00,7.69766105e+05,4.52649314e+03,0.00000000e+00,2.30000000e-01,7.70001913e-01,0.00000000e+00
9.83983984e+01,5.90349905e-01,-1.37072107e+00,7.70064357e+05,4.52487224e+03,0.00000000e+00,2.30000000e-01,7.70000634e-01,0.00000000e+00
9.84984985e+01,5.90617511e-01,-1.24410552e+00,7.70171032e+05,4.52345080e+03,0.00000000e+00,2.30000000e-01,7.70000156e-01,0.00000000e+00
9.85985986e+01,5.90808591e-01,-1.09229788e+00,7.70267126e+05,4.52255347e+03,0.00000000e+00,2.30000000e-01,7.69999847e-01,0.00000000e+00
9.86986987e+01,5.90944464e-01,-9.74843640e-01,7.70404977e+05,4.52232146e+03,0.00000000e+00,2.30000000e-01,7.70000137e-01,0.00000000e+00
9.87987988e+01,5.91001979e-01,-8.86031585e-01,7.70527209e+05,4.52259766e+03,0.00000000e+00,2.30000000e-01,7.70000382e-01,0.00000000e+00
9.88988989e+01,5.90998856e-01,-8.42101186e-01,7.70605531e+05,4.52308122e+03,0.00000000e+00,2.30000000e-01,7.70000392e-01,0.00000000e+00
9.89989990e+01,5.90930422e-01,-7.88607615e-01,7.70659124e+05,4.52392038e+03,0.00000000e+00,2.30000000e-01,7.70000231e-01,0.00000000e+00
9.90990991e+01,5.90760111e-01,-7.08465711e-01,7.70702053e+05,4.52547737e+03,0.00000000e+00,2.30000000e-01,7.70000078e-01,0.00000000e+00
9.91991992e+01,5.90540396e-01,-6.18312336e-01,7.70756923e+05,4.52748400e+03,0.00000000e+00,2.30000000e-01,7.69999953e-01,0.00000000e+00
9.92992993e+01,5.90384961e-01,-5.49965297e-01,7.70804931e+05,4.52895952e+03,0.00000000e+00,2.30000000e-01,7.69999641e-01,0.00000000e+00
9.93993994e+01,5.90335334e-01,-4.99563678e-01,7.70847574e+05,4.52959134e+03,0.00000000e+00,2.30000000e-01,7.69999531e-01,0.00000000e+00
9.94994995e+01,5.90359167e-01,-4.34527174e-01,7.70886710e+05,4.52963844e+03,0.00000000e+00,2.30000000e-01,7.69999531e-01,0.00000000e+00
9.95995996e+01,5.90480810e-01,-3.35746005e-01,7.70911300e+05,4.52884937e+03,0.00000000e+00,2.30000000e-01,7.69999615e-01,0.00000000e+00
9.96996997e+01,5.90734078e-01,-2.15144491e-01,7.70932709e+05,4.52703108e+03,0.00000000e+00,2.30000000e-01,7.70000115e-01,0.00000000e+00
9.97997998e+01,5.90960681e-01,-1.11070022e-01,7.70938772e+05,4.52532970e+03,0.00000000e+00,2.30000000e-01,7.70000349e-01,0.00000000e+00
9.98998999e+01,5.91046615e-01,-2.51305569e-02,7.70946365e+05,4.52471540e+03,0.00000000e+00,2.30000000e-01,7.70000543e-01,0.00000000e+00
1.00000000e+02,5.91046615e-01,2.51305569e-02,7.70946365e+05,4.52471540e+03,0.00000000e+00,2.30000000e-01,7.70000543e-01,0.00000000e+00
