# x(m), rho(kg/m3), u(m/s), p(Pa), T(K), Y_H2, Y_O2, Y_N2, Y_H2O
0.00000000e+00,8.44637573e+00,7.60125354e-02,1.87448951e+07,2.78565709e+03,1.18501936e-01,6.70428822e-07,6.00009375e-01,2.81488018e-01
1.00100100e-01,8.44637573e+00,-7.60125354e-02,1.87448951e+07,2.78565709e+03,1.18501936e-01,6.70428822e-07,6.00009375e-01,2.81488018e-01
2.00200200e-01,8.44757792e+00,-3.20400028e-01,1.87458866e+07,2.78540811e+03,1.18501919e-01,5.38476322e-07,6.00009375e-01,2.81488167e-01
3.00300300e-01,8.45042852e+00,-5.04315674e-01,1.87467003e+07,2.78458935e+03,1.18501922e-01,5.61625439e-07,6.00009375e-01,2.81488141e-01
4.00400400e-01,8.45563860e+00,-6.47940890e-01,1.87473763e+07,2.78297392e+03,1.18501922e-01,5.61899247e-07,6.00009375e-01,2.81488141e-01
5.00500501e-01,8.46371512e+00,-7.43742622e-01,1.87478705e+07,2.78039156e+03,1.18501922e-01,5.61900084e-07,6.00009375e-01,2.81488141e-01
6.00600601e-01,8.47478905e+00,-8.02011661e-01,1.87481062e+07,2.77679335e+03,1.18501922e-01,5.61902690e-07,6.00009375e-01,2.81488141e-01
7.00700701e-01,8.48578214e+00,-8.37292768e-01,1.87478272e+07,2.77315483e+03,1.18501922e-01,5.61906897e-07,6.00009375e-01,2.81488141e-01
8.00800801e-01,8.49404506e+00,-8.43404180e-01,1.87471726e+07,2.77036039e+03,1.18501922e-01,5.61911433e-07,6.00009375e-01,2.81488141e-01
9.00900901e-01,8.50005531e+00,-8.44149580e-01,1.87461265e+07,2.76824704e+03,1.18501922e-01,5.61915873e-07,6.00009375e-01,2.81488141e-01
1.00100100e+00,8.50428883e+00,-8.49606522e-01,1.87447830e+07,2.76667068e+03,1.18501922e-01,5.61919968e-07,6.00009375e-01,2.81488141e-01
1.10110110e+00,8.50719973e+00,-8.67464591e-01,1.87432996e+07,2.76550515e+03,1.18501922e-01,5.61923762e-07,6.00009375e-01,2.81488141e-01
1.20120120e+00,8.50917757e+00,-9.12629950e-01,1.87419148e+07,2.76465807e+03,1.18501922e-01,5.61927157e-07,6.00009375e-01,2.81488141e-01
1.30130130e+00,8.51049601e+00,-9.89672406e-01,1.87407357e+07,2.76405586e+03,1.18501922e-01,5.61930247e-07,6.00009375e-01,2.81488141e-01
1.40140140e+00,8.51140595e+00,-1.10515696e+00,1.87398944e+07,2.76363630e+03,1.18501922e-01,5.61933028e-07,6.00009375e-01,2.81488141e-01
1.50150150e+00,8.51208864e+00,-1.26227479e+00,1.87395047e+07,2.76335718e+03,1.18501922e-01,5.61935608e-07,6.00009375e-01,2.81488141e-01
1.60160160e+00,8.51266697e+00,-1.45254224e+00,1.87395324e+07,2.76317354e+03,1.18501922e-01,5.61937957e-07,6.00009375e-01,2.81488141e-01
1.70170170e+00,8.51332305e+00,-1.69570871e+00,1.87402450e+07,2.76306565e+03,1.18501922e-01,5.61940076e-07,6.00009375e-01,2.81488141e-01
1.80180180e+00,8.51440872e+00,-2.04568046e+00,1.87425836e+07,2.76305808e+03,1.18501922e-01,5.61941846e-07,6.00009375e-01,2.81488141e-01
1.90190190e+00,8.51536047e+00,-2.37800344e+00,1.87447509e+07,2.76306874e+03,1.18501922e-01,5.61943187e-07,6.00009375e-01,2.81488141e-01
2.00200200e+00,8.51588320e+00,-2.60877366e+00,1.87457952e+07,2.76305307e+03,1.18501922e-01,5.61943979e-07,6.00009375e-01,2.81488141e-01
2.10210210e+00,8.51599121e+00,-2.75544404e+00,1.87457826e+07,2.76301615e+03,1.18501922e-01,5.61944159e-07,6.00009375e-01,2.81488141e-01
2.20220220e+00,8.51570720e+00,-2.80559089e+00,1.87446902e+07,2.76294730e+03,1.18501922e-01,5.61943680e-07,6.00009375e-01,2.81488141e-01
2.30230230e+00,8.51512647e+00,-2.76791067e+00,1.87426861e+07,2.76284030e+03,1.18501922e-01,5.61942514e-07,6.00009375e-01,2.81488141e-01
2.40240240e+00,8.51385722e+00,-2.59636280e+00,1.87386160e+07,2.76265212e+03,1.18501922e-01,5.61940669e-07,6.00009375e-01,2.81488141e-01
2.50250250e+00,8.51263061e+00,-2.43402615e+00,1.87346920e+07,2.76247161e+03,1.18501922e-01,5.61938130e-07,6.00009375e-01,2.81488141e-01
2.60260260e+00,8.51191651e+00,-2.37522516e+00,1.87323326e+07,2.76235543e+03,1.18501922e-01,5.61934937e-07,6.00009375e-01,2.81488141e-01
2.70270270e+00,8.51162651e+00,-2.42169769e+00,1.87313016e+07,2.76229750e+03,1.18501922e-01,5.61931080e-07,6.00009375e-01,2.81488141e-01
2.80280280e+00,8.51196019e+00,-2.55728743e+00,1.87322068e+07,2.76232271e+03,1.18501922e-01,5.61926634e-07,6.00009375e-01,2.81488141e-01
2.90290290e+00,8.51342889e+00,-2.93670265e+00,1.87365618e+07,2.76248825e+03,1.18501922e-01,5.61921606e-07,6.00009375e-01,2.81488141e-01
3.00300300e+00,8.51561092e+00,-3.45889440e+00,1.87430867e+07,2.76274217e+03,1.18501922e-01,5.61916111e-07,6.00009375e-01,2.81488141e-01
3.10310310e+00,8.51695440e+00,-3.80258981e+00,1.87470607e+07,2.76289205e+03,1.18501922e-01,5.61910173e-07,6.00009375e-01,2.81488141e-01
3.20320320e+00,8.51746033e+00,-3.97026326e+00,1.87485041e+07,2.76294064e+03,1.18501922e-01,5.61903931e-07,6.00009375e-01,2.81488141e-01
3.30330330e+00,8.51734027e+00,-4.03141631e+00,1.87480724e+07,2.76291598e+03,1.18501922e-01,5.61897417e-07,6.00009375e-01,2.81488141e-01
3.40340340e+00,8.51668999e+00,-3.94829232e+00,1.87460369e+07,2.76282693e+03,1.18501922e-01,5.61890766e-07,6.00009375e-01,2.81488141e-01
3.50350350e+00,8.51525099e+00,-3.72224257e+00,1.87416052e+07,2.76264056e+03,1.18501922e-01,5.61883999e-07,6.00009375e-01,2.81488141e-01
3.60360360e+00,8.51421089e+00,-3.57855727e+00,1.87383887e+07,2.76250386e+03,1.18501922e-01,5.61877235e-07,6.00009375e-01,2.81488141e-01
3.70370370e+00,8.51367197e+00,-3.54142749e+00,1.87366954e+07,2.76242907e+03,1.18501922e-01,5.61870477e-07,6.00009375e-01,2.81488141e-01
3.80380380e+00,8.51349364e+00,-3.58822676e+00,1.87361112e+07,2.76240080e+03,1.18501922e-01,5.61863824e-07,6.00009375e-01,2.81488141e-01
3.90390390e+00,8.51364874e+00,-3.67846616e+00,1.87365462e+07,2.76241462e+03,1.18501922e-01,5.61857264e-07,6.00009375e-01,2.81488141e-01
4.00400400e+00,8.51371169e+00,-3.76370614e+00,1.87367037e+07,2.76241742e+03,1.18501922e-01,5.61850871e-07,6.00009375e-01,2.81488141e-01
4.10410410e+00,8.51349359e+00,-3.79291161e+00,1.87360133e+07,2.76238640e+03,1.18501922e-01,5.61844613e-07,6.00009375e-01,2.81488141e-01
4.20420420e+00,8.51302814e+00,-3.75417533e+00,1.87345670e+07,2.76232417e+03,1.18501922e-01,5.61838533e-07,6.00009375e-01,2.81488141e-01
4.30430430e+00,8.51258892e+00,-3.72979216e+00,1.87331973e+07,2.76226473e+03,1.18501922e-01,5.61832578e-07,6.00009375e-01,2.81488141e-01
4.40440440e+00,8.51249442e+00,-3.78271423e+00,1.87328819e+07,2.76224889e+03,1.18501922e-01,5.61826763e-07,6.00009375e-01,2.81488141e-01
4.50450450e+00,8.51329669e+00,-4.00298786e+00,1.87352970e+07,2.76234466e+03,1.18501922e-01,5.61821024e-07,6.00009375e-01,2.81488141e-01
4.60460460e+00,8.51624639e+00,-4.66949584e+00,1.87442346e+07,2.76270521e+03,1.18501922e-01,5.61815363e-07,6.00009375e-01,2.81488141e-01
4.70470470e+00,8.52288080e+00,-6.09302403e+00,1.87643726e+07,2.76352047e+03,1.18501922e-01,5.61809717e-07,6.00009375e-01,2.81488141e-01
4.80480480e+00,8.53238589e+00,-8.10274090e+00,1.87932447e+07,2.76468931e+03,1.18501922e-01,5.61804087e-07,6.00009375e-01,2.81488141e-01
4.90490490e+00,8.54043657e+00,-9.79472287e+00,1.88177085e+07,2.76567865e+03,1.18501922e-01,5.61798423e-07,6.00009375e-01,2.81488141e-01
5.00500501e+00,8.54703353e+00,-1.12462651e+01,1.88377608e+07,2.76648885e+03,1.18501922e-01,5.61792736e-07,6.00009375e-01,2.81488141e-01
5.10510511e+00,8.55339422e+00,-1.25573186e+01,1.88571002e+07,2.76726961e+03,1.18501922e-01,5.61786988e-07,6.00009375e-01,2.81488141e-01
5.20520521e+00,8.55989053e+00,-1.39336451e+01,1.88768562e+07,2.76806643e+03,1.18501922e-01,5.61781192e-07,6.00009375e-01,2.81488141e-01
5.30530531e+00,8.56822000e+00,-1.57081919e+01,1.89022016e+07,2.76908849e+03,1.18501922e-01,5.61775312e-07,6.00009375e-01,2.81488141e-01
5.40540541e+00,8.58183024e+00,-1.85410226e+01,1.89436587e+07,2.77076055e+03,1.18501922e-01,5.61769353e-07,6.00009375e-01,2.81488141e-01
5.50550551e+00,8.60561679e+00,-2.34112021e+01,1.90161984e+07,2.77368252e+03,1.18501922e-01,5.61763276e-07,6.00009375e-01,2.81488141e-01
5.60560561e+00,8.64459212e+00,-3.13390907e+01,1.91351684e+07,2.77845159e+03,1.18501922e-01,5.61757051e-07,6.00009375e-01,2.81488141e-01
5.70570571e+00,8.68759858e+00,-4.00239436e+01,1.92666973e+07,2.78370098e+03,1.18501922e-01,5.61750633e-07,6.00009375e-01,2.81488141e-01
5.80580581e+00,8.72011652e+00,-4.68506579e+01,1.93663900e+07,2.78767050e+03,1.18501922e-01,5.61744008e-07,6.00009375e-01,2.81488141e-01
5.90590591e+00,8.74479765e+00,-5.12524711e+01,1.94421542e+07,2.79067763e+03,1.18501922e-01,5.61737133e-07,6.00009375e-01,2.81488141e-01
6.00600601e+00,8.75678587e+00,-5.46074841e+01,1.94789988e+07,2.79213848e+03,1.18501922e-01,5.61729984e-07,6.00009375e-01,2.81488141e-01
6.10610611e+00,8.76614951e+00,-5.55584122e+01,1.95077980e+07,2.79327972e+03,1.18501922e-01,5.61722526e-07,6.00009375e-01,2.81488141e-01
6.20620621e+00,8.76673506e+00,-5.62640434e+01,1.95096434e+07,2.79335738e+03,1.18501922e-01,5.61714722e-07,6.00009375e-01,2.81488141e-01
6.30630631e+00,8.76579270e+00,-5.60754239e+01,1.95067916e+07,2.79324932e+03,1.18501922e-01,5.61706577e-07,6.00009375e-01,2.81488141e-01
6.40640641e+00,8.75806560e+00,-5.44701800e+01,1.94831150e+07,2.79232043e+03,1.18501922e-01,5.61698051e-07,6.00009375e-01,2.81488141e-01
6.50650651e+00,8.73782352e+00,-5.03743610e+01,1.94210534e+07,2.78987385e+03,1.18501922e-01,5.61689177e-07,6.00009375e-01,2.81488141e-01
6.60660661e+00,8.70519954e+00,-4.38084673e+01,1.93210765e+07,2.78591360e+03,1.18501922e-01,5.61679883e-07,6.00009375e-01,2.81488141e-01
6.70670671e+00,8.67452954e+00,-3.82583844e+01,1.92272136e+07,2.78218160e+03,1.18501922e-01,5.61670273e-07,6.00009375e-01,2.81488141e-01
6.80680681e+00,8.65359213e+00,-3.34454634e+01,1.91675595e+07,2.78008790e+03,1.18509269e-01,5.61695009e-07,6.00046573e-01,2.81505592e-01
6.90690691e+00,8.63661625e+00,-3.02043847e+01,1.91052238e+07,2.77691324e+03,1.18491349e-01,5.61599580e-07,5.99955840e-01,2.81463026e-01
7.00700701e+00,8.62011702e+00,-2.81511077e+01,1.90609992e+07,2.77554040e+03,1.18501922e-01,5.61638696e-07,6.00009375e-01,2.81488141e-01
7.10710711e+00,8.60745331e+00,-2.57228206e+01,1.90222499e+07,2.77397319e+03,1.18501922e-01,5.61627299e-07,6.00009375e-01,2.81488141e-01
7.20720721e+00,8.60030283e+00,-2.16158455e+01,1.90132362e+07,2.77444376e+03,1.18524142e-01,5.61720594e-07,6.00121881e-01,2.81540922e-01
7.30730731e+00,8.59006885e+00,-1.78621292e+01,1.89458240e+07,2.76935038e+03,1.18462092e-01,5.61413981e-07,5.99807701e-01,2.81393528e-01
7.40740741e+00,8.56783328e+00,-1.40671084e+01,1.89010266e+07,2.76904133e+03,1.18501922e-01,5.61589606e-07,6.00009375e-01,2.81488141e-01
7.50750751e+00,8.53057944e+00,-8.53073300e+00,1.87872484e+07,2.76439245e+03,1.18501922e-01,5.61575958e-07,6.00009375e-01,2.81488141e-01
7.60760761e+00,8.48908697e+00,-1.93641799e+00,1.86850328e+07,2.76179553e+03,1.18544609e-01,5.61763871e-07,6.00225510e-01,2.81589538e-01
7.70770771e+00,8.45553209e+00,4.16761253e+00,1.85496873e+07,2.75401834e+03,1.18486609e-01,5.61474019e-07,5.99931839e-01,2.81451766e-01
7.80780781e+00,8.43141713e+00,1.02694408e+01,1.84850209e+07,2.75191125e+03,1.18501922e-01,5.61530746e-07,6.00009375e-01,2.81488141e-01
7.90790791e+00,8.41002169e+00,1.68733494e+01,1.84200409e+07,2.74921387e+03,1.18501922e-01,5.61514294e-07,6.00009375e-01,2.81488141e-01
8.00800801e+00,8.38934686e+00,2.30698623e+01,1.83574905e+07,2.74663035e+03,1.18501922e-01,5.61496960e-07,6.00009375e-01,2.81488141e-01
8.10810811e+00,8.36679400e+00,2.85389496e+01,1.82898195e+07,2.74388179e+03,1.18501922e-01,5.61478734e-07,6.00009375e-01,2.81488141e-01
8.20820821e+00,8.34012148e+00,3.31659057e+01,1.82102869e+07,2.74068716e+03,1.18501922e-01,5.61459638e-07,6.00009375e-01,2.81488141e-01
8.30830831e+00,8.31115338e+00,3.72053152e+01,1.81240081e+07,2.73720928e+03,1.18501922e-01,5.61439584e-07,6.00009375e-01,2.81488141e-01
8.40840841e+00,8.28269411e+00,4.13233779e+01,1.80391608e+07,2.73375607e+03,1.18501922e-01,5.61418875e-07,6.00009375e-01,2.81488141e-01
8.50850851e+00,8.25685265e+00,4.57022956e+01,1.79620457e+07,2.73058887e+03,1.18501922e-01,5.61397084e-07,6.00009375e-01,2.81488141e-01
8.60860861e+00,8.23478152e+00,5.03740316e+01,1.78961101e+07,2.72785710e+03,1.18501922e-01,5.61374525e-07,6.00009375e-01,2.81488141e-01
8.70870871e+00,8.21561427e+00,5.53564387e+01,1.78387849e+07,2.72546295e+03,1.18501922e-01,5.61350922e-07,6.00009375e-01,2.81488141e-01
8.80880881e+00,8.19523801e+00,6.02536288e+01,1.77777505e+07,2.72289120e+03,1.18501922e-01,5.61326481e-07,6.00009375e-01,2.81488141e-01
8.90890891e+00,8.17024752e+00,6.42421097e+01,1.77028434e+07,2.71971168e+03,1.18501922e-01,5.61301003e-07,6.00009375e-01,2.81488141e-01
9.00900901e+00,8.12948385e+00,6.59166579e+01,1.75806292e+07,2.71447905e+03,1.18501922e-01,5.61274647e-07,6.00009375e-01,2.81488141e-01
9.10910911e+00,8.08027212e+00,6.14214734e+01,1.74333146e+07,2.70812705e+03,1.18501922e-01,5.61247426e-07,6.00009375e-01,2.81488141e-01
9.20920921e+00,7.97591882e+00,5.21162372e+01,1.71228213e+07,2.69469522e+03,1.18501922e-01,5.61219367e-07,6.00009375e-01,2.81488141e-01
9.30930931e+00,7.80122720e+00,2.02533795e+01,1.66060011e+07,2.67188148e+03,1.18501922e-01,5.61190802e-07,6.00009375e-01,2.81488141e-01
9.40940941e+00,7.45346836e+00,-4.77386967e+01,1.55883367e+07,2.62516388e+03,1.18501922e-01,5.61162746e-07,6.00009375e-01,2.81488141e-01
9.50950951e+00,6.88998414e+00,-1.71616496e+02,1.39811134e+07,2.54705657e+03,1.18501922e-01,5.61136430e-07,6.00009375e-01,2.81488141e-01
9.60960961e+00,6.44451252e+00,-2.75577840e+02,1.27398446e+07,2.48135620e+03,1.18501922e-01,5.61111137e-07,6.00009375e-01,2.81488141e-01
9.70970971e+00,6.25009822e+00,-3.18387680e+02,1.22072478e+07,2.45157944e+03,1.18501922e-01,5.61086095e-07,6.00009375e-01,2.81488142e-01
9.80980981e+00,6.16819083e+00,-3.32536298e+02,1.19611618e+07,2.43544819e+03,1.18434196e-01,5.60740254e-07,5.99666459e-01,2.81327266e-01
9.90990991e+00,6.12794214e+00,-3.36401274e+02,1.18629313e+07,2.43076915e+03,1.18460644e-01,5.60840015e-07,5.99800372e-01,2.81390090e-01
1.00100100e+01,6.10385218e+00,-3.35275119e+02,1.17965281e+07,2.42683158e+03,1.18454349e-01,5.60784433e-07,5.99768497e-01,2.81375136e-01
1.01101101e+01,6.09640125e+00,-3.28467316e+02,1.18032665e+07,2.42971554e+03,1.18526016e-01,5.61097545e-07,6.00131370e-01,2.81545374e-01
1.02102102e+01,6.09268918e+00,-3.22100537e+02,1.17922686e+07,2.42900638e+03,1.18522317e-01,5.61053482e-07,6.00112641e-01,2.81536588e-01
1.03103103e+01,6.07815344e+00,-3.17918828e+02,1.17475625e+07,2.42591834e+03,1.18506010e-01,5.60949440e-07,6.00030073e-01,2.81497852e-01
1.04104104e+01,6.05566699e+00,-3.15112481e+02,1.16998949e+07,2.42434054e+03,1.18540513e-01,5.61085662e-07,6.00204771e-01,2.81579810e-01
1.05105105e+01,6.03278366e+00,-3.12976005e+02,1.16448857e+07,2.42174627e+03,1.18557570e-01,5.61139083e-07,6.00291134e-01,2.81620326e-01
1.06106106e+01,6.01436840e+00,-3.10522527e+02,1.15895686e+07,2.41796276e+03,1.18540863e-01,5.61032497e-07,6.00206543e-01,2.81580641e-01
1.07107107e+01,6.00391566e+00,-3.05591561e+02,1.15756742e+07,2.41843940e+03,1.18581503e-01,5.61197097e-07,6.00412313e-01,2.81677176e-01
1.08108108e+01,5.99350795e+00,-3.02240902e+02,1.15335790e+07,2.41470682e+03,1.18538397e-01,5.60965152e-07,6.00194058e-01,2.81574784e-01
1.09109109e+01,5.98595028e+00,-2.99051880e+02,1.15370451e+07,2.41716579e+03,1.18602951e-01,5.61242482e-07,6.00520914e-01,2.81728125e-01
1.10110110e+01,5.97550294e+00,-2.98523913e+02,1.14781822e+07,2.41082444e+03,1.18515053e-01,5.60798219e-07,6.00075858e-01,2.81519332e-01
1.11111111e+01,5.97109298e+00,-2.96953378e+02,1.14762526e+07,2.41162889e+03,1.18543088e-01,5.60902392e-07,6.00217808e-01,2.81585926e-01
1.12112112e+01,5.97080859e+00,-2.95432285e+02,1.14617054e+07,2.40948542e+03,1.18503790e-01,5.60687769e-07,6.00018831e-01,2.81492578e-01
1.13113113e+01,5.96780603e+00,-2.93465192e+02,1.14660581e+07,2.41088520e+03,1.18539572e-01,5.60828238e-07,6.00200009e-01,2.81577576e-01
1.14114114e+01,5.96242395e+00,-2.89957345e+02,1.14420663e+07,2.40857341e+03,1.18511957e-01,5.60668614e-07,6.00060183e-01,2.81511978e-01
1.15115115e+01,5.96332386e+00,-2.85871343e+02,1.14441388e+07,2.40864025e+03,1.18512246e-01,5.60640861e-07,6.00061646e-01,2.81512665e-01
1.16116116e+01,5.95968661e+00,-2.83281860e+02,1.14124927e+07,2.40465485e+03,1.18452652e-01,5.60329704e-07,5.99759905e-01,2.81371106e-01
1.17117117e+01,5.95036813e+00,-2.81915148e+02,1.13899705e+07,2.40350684e+03,1.18460579e-01,5.60337860e-07,5.99800041e-01,2.81389935e-01
1.18118118e+01,5.94212842e+00,-2.80633340e+02,1.13744785e+07,2.40319907e+03,1.18478667e-01,5.60393957e-07,5.99891630e-01,2.81432903e-01
1.19119119e+01,5.93578808e+00,-2.79681077e+02,1.13618016e+07,2.40287005e+03,1.18489258e-01,5.60414468e-07,5.99945252e-01,2.81458059e-01
1.20120120e+01,5.93022859e+00,-2.79176877e+02,1.13524486e+07,2.40285849e+03,1.18503278e-01,5.60451071e-07,6.00016241e-01,2.81491363e-01
1.21121121e+01,5.92355202e+00,-2.79920020e+02,1.13269798e+07,2.40063820e+03,1.18480166e-01,5.60311962e-07,5.99899217e-01,2.81436463e-01
1.22122122e+01,5.91923733e+00,-2.80676649e+02,1.13126047e+07,2.39952996e+03,1.18470748e-01,5.60237518e-07,5.99851533e-01,2.81414092e-01
1.23123123e+01,5.92412204e+00,-2.79985317e+02,1.13435804e+07,2.40307986e+03,1.18521845e-01,5.60449066e-07,6.00110249e-01,2.81535466e-01
1.24124124e+01,5.93044132e+00,-2.79436436e+02,1.13494887e+07,2.40243788e+03,1.18488872e-01,5.60262919e-07,5.99943296e-01,2.81457142e-01
1.25125125e+01,5.93169063e+00,-2.80585189e+02,1.13557005e+07,2.40309564e+03,1.18496311e-01,5.60267731e-07,5.99980962e-01,2.81474813e-01
1.26126126e+01,5.93102319e+00,-2.80246570e+02,1.13676009e+07,2.40506994e+03,1.18536455e-01,5.60427054e-07,6.00184224e-01,2.81570171e-01
1.27127127e+01,5.92582872e+00,-2.80539990e+02,1.13361124e+07,2.40151863e+03,1.18486682e-01,5.60161169e-07,5.99932208e-01,2.81451940e-01
1.28128128e+01,5.91671202e+00,-2.79650845e+02,1.13325654e+07,2.40323345e+03,1.18547470e-01,5.60417914e-07,6.00239996e-01,2.81596336e-01
1.29129129e+01,5.91207425e+00,-2.78623750e+02,1.13010654e+07,2.39957269e+03,1.18491186e-01,5.60121120e-07,5.99955015e-01,2.81462640e-01
1.30130130e+01,5.91490653e+00,-2.77645102e+02,1.13144700e+07,2.40094413e+03,1.18507196e-01,5.60165951e-07,6.00036081e-01,2.81500671e-01
1.31131131e+01,5.92717601e+00,-2.76998257e+02,1.13425953e+07,2.40214780e+03,1.18496449e-01,5.60084116e-07,5.99981662e-01,2.81475141e-01
1.32132132e+01,5.94862388e+00,-2.79524053e+02,1.13778275e+07,2.40214757e+03,1.18435964e-01,5.59766980e-07,5.99675410e-01,2.81331467e-01
1.33133133e+01,5.95833502e+00,-2.82388699e+02,1.14185996e+07,2.40592905e+03,1.18480140e-01,5.59944330e-07,5.99899087e-01,2.81436402e-01
1.34134134e+01,5.96035998e+00,-2.81906613e+02,1.14546115e+07,2.41087938e+03,1.18569459e-01,5.60334848e-07,6.00351335e-01,2.81648570e-01
1.35135135e+01,5.94373226e+00,-2.81897860e+02,1.13818219e+07,2.40398302e+03,1.18484516e-01,5.59901778e-07,5.99921245e-01,2.81446797e-01
1.36136136e+01,5.91717668e+00,-2.80685994e+02,1.13365950e+07,2.40370518e+03,1.18557039e-01,5.60212830e-07,6.00288449e-01,2.81619067e-01
1.37137137e+01,5.91327211e+00,-2.74770559e+02,1.13330264e+07,2.40411490e+03,1.18577766e-01,5.60278960e-07,6.00393396e-01,2.81668302e-01
1.38138138e+01,5.91085883e+00,-2.75686523e+02,1.12737271e+07,2.39563104e+03,1.18423378e-01,5.59517548e-07,5.99611685e-01,2.81301571e-01
1.39139139e+01,5.91690468e+00,-2.76380856e+02,1.13140232e+07,2.40033252e+03,1.18492683e-01,5.59812829e-07,5.99962594e-01,2.81466196e-01
1.40140140e+01,5.93381711e+00,-2.80215090e+02,1.13406701e+07,2.40018594e+03,1.18440470e-01,5.59533661e-07,5.99698225e-01,2.81342170e-01
1.41141141e+01,5.93975747e+00,-2.86286799e+02,1.13592984e+07,2.40150663e+03,1.18451198e-01,5.59551609e-07,5.99752543e-01,2.81367653e-01
1.42142142e+01,5.93693245e+00,-2.90051338e+02,1.13692682e+07,2.40372874e+03,1.18501922e-01,5.59758191e-07,6.00009375e-01,2.81488143e-01
1.43143143e+01,5.95099777e+00,-2.88138721e+02,1.14072535e+07,2.40605947e+03,1.18501922e-01,5.59724812e-07,6.00009375e-01,2.81488143e-01
1.44144144e+01,5.95880163e+00,-2.88764704e+02,1.14116635e+07,2.40479784e+03,1.18454593e-01,5.59467473e-07,5.99769734e-01,2.81375718e-01
1.45145145e+01,5.95862475e+00,-2.88519892e+02,1.14479288e+07,2.41036580e+03,1.18560051e-01,5.59931418e-07,6.00303698e-01,2.81626222e-01
1.46146146e+01,5.95573307e+00,-2.87458469e+02,1.14196085e+07,2.40675759e+03,1.18501565e-01,5.59620647e-07,6.00007569e-01,2.81487296e-01
1.47147147e+01,5.94553089e+00,-2.85394134e+02,1.14036865e+07,2.40688019e+03,1.18533363e-01,5.59735908e-07,6.00168570e-01,2.81562828e-01
1.48148148e+01,5.92731350e+00,-2.81507877e+02,1.13560778e+07,2.40418980e+03,1.18533787e-01,5.59702582e-07,6.00170715e-01,2.81563834e-01
1.49149149e+01,5.91042061e+00,-2.78487127e+02,1.13090159e+07,2.40123570e+03,1.18525578e-01,5.59628087e-07,6.00129152e-01,2.81544335e-01
1.50150150e+01,5.90871744e+00,-2.72987160e+02,1.13199549e+07,2.40332048e+03,1.18571479e-01,5.59808464e-07,6.00361561e-01,2.81653367e-01
1.51151151e+01,5.90208083e+00,-2.72196467e+02,1.12581268e+07,2.39544107e+03,1.18444783e-01,5.59173406e-07,5.99720066e-01,2.81352417e-01
1.52152152e+01,5.89859611e+00,-2.68606755e+02,1.12889567e+07,2.40103790e+03,1.18562290e-01,5.59690566e-07,6.00315038e-01,2.81631542e-01
1.53153153e+01,5.89121722e+00,-2.65672460e+02,1.12371680e+07,2.39490574e+03,1.18468764e-01,5.59210829e-07,5.99841487e-01,2.81409381e-01
1.54154154e+01,5.87181535e+00,-2.62657306e+02,1.12076103e+07,2.39527674e+03,1.18529208e-01,5.59457223e-07,6.00147534e-01,2.81552959e-01
1.55155155e+01,5.85119954e+00,-2.61841590e+02,1.11400261e+07,2.39004758e+03,1.18488227e-01,5.59224181e-07,5.99940032e-01,2.81455612e-01
1.56156156e+01,5.83801015e+00,-2.60530002e+02,1.11113399e+07,2.38891889e+03,1.18506079e-01,5.59268058e-07,6.00030425e-01,2.81498019e-01
1.57157157e+01,5.82471145e+00,-2.57454136e+02,1.10806503e+07,2.38747723e+03,1.18520109e-01,5.59293053e-07,6.00101463e-01,2.81531346e-01
1.58158158e+01,5.81106132e+00,-2.51355145e+02,1.10492347e+07,2.38602660e+03,1.18533718e-01,5.59315206e-07,6.00170367e-01,2.81563671e-01
1.59159159e+01,5.80207146e+00,-2.44548716e+02,1.10160895e+07,2.38312984e+03,1.18505122e-01,5.59137278e-07,6.00025579e-01,2.81495746e-01
1.60160160e+01,5.79271706e+00,-2.38942593e+02,1.09947956e+07,2.38217201e+03,1.18514687e-01,5.59138458e-07,6.00074009e-01,2.81518466e-01
1.61161161e+01,5.77687313e+00,-2.35274260e+02,1.09431994e+07,2.37811188e+03,1.18483984e-01,5.58948685e-07,5.99918550e-01,2.81445534e-01
1.62162162e+01,5.75995310e+00,-2.30798879e+02,1.09201172e+07,2.37880861e+03,1.18546654e-01,5.59198423e-07,6.00235864e-01,2.81594399e-01
1.63163163e+01,5.74404065e+00,-2.26191346e+02,1.08705436e+07,2.37503804e+03,1.18523272e-01,5.59041208e-07,6.00117478e-01,2.81538859e-01
1.64164164e+01,5.72533674e+00,-2.22357655e+02,1.08240315e+07,2.37245028e+03,1.18530834e-01,5.59028966e-07,6.00155766e-01,2.81556822e-01
1.65165165e+01,5.70780055e+00,-2.19164395e+02,1.07750495e+07,2.36916960e+03,1.18520856e-01,5.58932954e-07,6.00105245e-01,2.81533120e-01
1.66166166e+01,5.69567835e+00,-2.15684135e+02,1.07482954e+07,2.36803418e+03,1.18535004e-01,5.58949636e-07,6.00176880e-01,2.81566727e-01
1.67167167e+01,5.68693793e+00,-2.12465466e+02,1.07247827e+07,2.36653203e+03,1.18532672e-01,5.58887460e-07,6.00165073e-01,2.81561188e-01
1.68168168e+01,5.67630307e+00,-2.10347616e+02,1.06903594e+07,2.36376388e+03,1.18512207e-01,5.58738687e-07,6.00061453e-01,2.81512576e-01
1.69169169e+01,5.66233489e+00,-2.08246690e+02,1.06554401e+07,2.36176081e+03,1.18516926e-01,5.58707552e-07,6.00085343e-01,2.81523784e-01
1.70170170e+01,5.64291138e+00,-2.04247529e+02,1.06059119e+07,2.35879027e+03,1.18521164e-01,5.58673145e-07,6.00106801e-01,2.81533850e-01
1.71171171e+01,5.62490411e+00,-1.97585289e+02,1.05641608e+07,2.35672714e+03,1.18536206e-01,5.58688609e-07,6.00182967e-01,2.81569583e-01
1.72172172e+01,5.61435171e+00,-1.90328925e+02,1.05288372e+07,2.35377093e+03,1.18510559e-01,5.58511251e-07,6.00053107e-01,2.81508661e-01
1.73173173e+01,5.60330385e+00,-1.84731943e+02,1.05111435e+07,2.35377107e+03,1.18544666e-01,5.58614440e-07,6.00225801e-01,2.81589679e-01
1.74174174e+01,5.58409117e+00,-1.81070639e+02,1.04441686e+07,2.34787801e+03,1.18491253e-01,5.58304334e-07,5.99955358e-01,2.81462803e-01
1.75175175e+01,5.56423584e+00,-1.77858950e+02,1.04051533e+07,2.34668946e+03,1.18529862e-01,5.58427008e-07,6.00150842e-01,2.81554512e-01
1.76176176e+01,5.54902783e+00,-1.72734863e+02,1.03637406e+07,2.34389944e+03,1.18522583e-01,5.58332655e-07,6.00113986e-01,2.81537222e-01
1.77177177e+01,5.53617077e+00,-1.67503310e+02,1.03347495e+07,2.34251104e+03,1.18535730e-01,5.58333815e-07,6.00180553e-01,2.81568451e-01
1.78178178e+01,5.51863958e+00,-1.63917432e+02,1.02725381e+07,2.33687139e+03,1.18481724e-01,5.58018129e-07,5.99907108e-01,2.81440167e-01
1.79179179e+01,5.49935445e+00,-1.61203465e+02,1.02318918e+07,2.33522523e+03,1.18510246e-01,5.58090753e-07,6.00051524e-01,2.81507919e-01
1.80180180e+01,5.48156297e+00,-1.57713925e+02,1.01808819e+07,2.33145478e+03,1.18493477e-01,5.57949792e-07,5.99966618e-01,2.81468086e-01
1.81181181e+01,5.46735571e+00,-1.53895208e+02,1.01429852e+07,2.32890109e+03,1.18488954e-01,5.57866379e-07,5.99943715e-01,2.81457341e-01
1.82182182e+01,5.45560844e+00,-1.49701389e+02,1.01100022e+07,2.32650339e+03,1.18479937e-01,5.57761786e-07,5.99898058e-01,2.81435922e-01
1.83183183e+01,5.44691250e+00,-1.44239392e+02,1.00993110e+07,2.32700934e+03,1.18517824e-01,5.57878142e-07,6.00089890e-01,2.81525918e-01
1.84184184e+01,5.43685404e+00,-1.39003790e+02,1.00701572e+07,2.32479634e+03,1.18507029e-01,5.57765655e-07,6.00035232e-01,2.81500276e-01
1.85185185e+01,5.42275070e+00,-1.33468386e+02,1.00488171e+07,2.32496859e+03,1.18554668e-01,5.57928772e-07,6.00276444e-01,2.81613438e-01
1.86186186e+01,5.40499979e+00,-1.27470046e+02,1.00010076e+07,2.32166618e+03,1.18546503e-01,5.57830058e-07,6.00235100e-01,2.81594042e-01
1.87187187e+01,5.38489211e+00,-1.22685832e+02,9.94597941e+06,2.31775184e+03,1.18534306e-01,5.57713462e-07,6.00173347e-01,2.81565071e-01
1.88188188e+01,5.36755688e+00,-1.18547644e+02,9.90913135e+06,2.31614210e+03,1.18558904e-01,5.57771154e-07,6.00297894e-01,2.81623501e-01
1.89189189e+01,5.35057399e+00,-1.15718201e+02,9.85385076e+06,2.31129269e+03,1.18519854e-01,5.57530787e-07,6.00100171e-01,2.81530742e-01
1.90190190e+01,5.33610980e+00,-1.12931841e+02,9.81517268e+06,2.30857680e+03,1.18513905e-01,5.57447604e-07,6.00070048e-01,2.81516610e-01
1.91191191e+01,5.32500410e+00,-1.09631577e+02,9.78109411e+06,2.30574116e+03,1.18494280e-01,5.57301629e-07,5.99970683e-01,2.81469994e-01
1.92192192e+01,5.31560473e+00,-1.05292739e+02,9.76949599e+06,2.30628336e+03,1.18535180e-01,5.57441852e-07,6.00177769e-01,2.81567146e-01
1.93193193e+01,5.30491241e+00,-1.00903437e+02,9.73477837e+06,2.30321866e+03,1.18509489e-01,5.57270516e-07,6.00047692e-01,2.81506122e-01
1.94194194e+01,5.28727497e+00,-9.55394777e+01,9.70032692e+06,2.30206480e+03,1.18543400e-01,5.57381092e-07,6.00219390e-01,2.81586672e-01
1.95195195e+01,5.26429526e+00,-8.91461351e+01,9.63307292e+06,2.29669488e+03,1.18511843e-01,5.57185506e-07,6.00059611e-01,2.81511714e-01
1.96196196e+01,5.24391960e+00,-8.45129645e+01,9.57962806e+06,2.29297910e+03,1.18503990e-01,5.57102940e-07,6.00019847e-01,2.81493059e-01
1.97197197e+01,5.22830185e+00,-7.96398637e+01,9.54015133e+06,2.29038164e+03,1.18502416e-01,5.57051302e-07,6.00011877e-01,2.81489320e-01
1.98198198e+01,5.21392035e+00,-7.47464191e+01,9.50612910e+06,2.28838503e+03,1.18508817e-01,5.57038442e-07,6.00044289e-01,2.81504526e-01
1.99199199e+01,5.20083872e+00,-6.99994177e+01,9.46738125e+06,2.28519253e+03,1.18487935e-01,5.56898480e-07,5.99938558e-01,2.81454923e-01
2.00200200e+01,5.19038612e+00,-6.43812084e+01,9.44852297e+06,2.28474872e+03,1.18513073e-01,5.56975771e-07,6.00065839e-01,2.81514636e-01
2.01201201e+01,5.18147439e+00,-5.91127592e+01,9.42003045e+06,2.28218617e+03,1.18491809e-01,5.56835776e-07,5.99958170e-01,2.81464124e-01
2.02202202e+01,5.16868718e+00,-5.51776227e+01,9.38291047e+06,2.27915229e+03,1.18474375e-01,5.56714482e-07,5.99869898e-01,2.81422712e-01
2.03203203e+01,5.15102557e+00,-5.22464211e+01,9.33789351e+06,2.27604090e+03,1.18471967e-01,5.56664355e-07,5.99857703e-01,2.81416991e-01
2.04204204e+01,5.13226153e+00,-4.95142105e+01,9.29746339e+06,2.27401884e+03,1.18495563e-01,5.56736847e-07,5.99977177e-01,2.81473041e-01
2.05205205e+01,5.11393765e+00,-4.60880366e+01,9.25228636e+06,2.27101670e+03,1.18498747e-01,5.56713731e-07,5.99993298e-01,2.81480604e-01
2.06206206e+01,5.09675532e+00,-4.17292502e+01,9.21247355e+06,2.26864112e+03,1.18510578e-01,5.56731441e-07,6.00053204e-01,2.81508708e-01
2.07207207e+01,5.08162419e+00,-3.65689683e+01,9.17027856e+06,2.26526484e+03,1.18495388e-01,5.56622305e-07,5.99976294e-01,2.81472627e-01
2.08208208e+01,5.07035179e+00,-3.10252327e+01,9.13922372e+06,2.26281081e+03,1.18485012e-01,5.56535787e-07,5.99923759e-01,2.81447980e-01
2.09209209e+01,5.05941772e+00,-2.61727279e+01,9.10244265e+06,2.25922837e+03,1.18450726e-01,5.56336909e-07,5.99750158e-01,2.81366538e-01
2.10210210e+01,5.04833586e+00,-2.06538941e+01,9.08117591e+06,2.25846928e+03,1.18473197e-01,5.56404470e-07,5.99863934e-01,2.81419914e-01
2.11211211e+01,5.03774703e+00,-1.49330936e+01,9.04669383e+06,2.25518373e+03,1.18443724e-01,5.56227923e-07,5.99714704e-01,2.81349905e-01
2.12212212e+01,5.02366887e+00,-9.95318758e+00,9.01005694e+06,2.25246480e+03,1.18437427e-01,5.56160024e-07,5.99682820e-01,2.81334947e-01
2.13213213e+01,5.00499053e+00,-5.88575390e+00,8.96311055e+06,2.24913779e+03,1.18434949e-01,5.56109887e-07,5.99670273e-01,2.81329061e-01
2.14214214e+01,4.98381028e+00,-2.03991909e+00,8.92631155e+06,2.24833885e+03,1.18492052e-01,5.56339258e-07,5.99959404e-01,2.81464703e-01
2.15215215e+01,4.96307840e+00,2.23589401e+00,8.88106877e+06,2.24586387e+03,1.18514399e-01,5.56405132e-07,6.00072549e-01,2.81517784e-01
2.16216216e+01,4.94562391e+00,6.20602867e+00,8.83801830e+06,2.24285756e+03,1.18514794e-01,5.56367542e-07,6.00074549e-01,2.81518722e-01
2.17217217e+01,4.93083859e+00,1.06281635e+01,8.81246595e+06,2.24231094e+03,1.18555383e-01,5.56518264e-07,6.00280064e-01,2.81615138e-01
2.18218218e+01,4.91980781e+00,1.49768982e+01,8.78081625e+06,2.23957973e+03,1.18538839e-01,5.56400341e-07,6.00196300e-01,2.81575841e-01
2.19219219e+01,4.90871344e+00,1.84443648e+01,8.75676181e+06,2.23826561e+03,1.18550853e-01,5.56416047e-07,6.00257127e-01,2.81604377e-01
2.20220220e+01,4.89762235e+00,2.23926761e+01,8.72732287e+06,2.23594833e+03,1.18542596e-01,5.56336158e-07,6.00215320e-01,2.81584764e-01
2.21221221e+01,4.88600607e+00,2.74385270e+01,8.70816868e+06,2.23568234e+03,1.18577743e-01,5.56459419e-07,6.00393283e-01,2.81668253e-01
2.22222222e+01,4.87209349e+00,3.36246770e+01,8.66141830e+06,2.23092302e+03,1.18530267e-01,5.56194329e-07,6.00152897e-01,2.81555479e-01
2.23223223e+01,4.85745642e+00,3.92468443e+01,8.62298259e+06,2.22789693e+03,1.18520629e-01,5.56106229e-07,6.00104097e-01,2.81532585e-01
2.24224224e+01,4.84199383e+00,4.39714014e+01,8.58128074e+06,2.22447379e+03,1.18506189e-01,5.55995026e-07,6.00030983e-01,2.81498285e-01
2.25225225e+01,4.82663834e+00,4.84712979e+01,8.54918893e+06,2.22281363e+03,1.18527071e-01,5.56049152e-07,6.00136714e-01,2.81547887e-01
2.26226226e+01,4.81159171e+00,5.23741293e+01,8.49861433e+06,2.21756887e+03,1.18473899e-01,5.55755399e-07,5.99867491e-01,2.81421584e-01
2.27227227e+01,4.79625920e+00,5.65527880e+01,8.47442265e+06,2.21737593e+03,1.18524626e-01,5.55948532e-07,6.00124332e-01,2.81542078e-01
2.28228228e+01,4.77866514e+00,6.20950082e+01,8.42294009e+06,2.21264052e+03,1.18491364e-01,5.55747151e-07,5.99955917e-01,2.81463068e-01
2.29229229e+01,4.76455539e+00,6.75875762e+01,8.39757185e+06,2.21186040e+03,1.18526124e-01,5.55864456e-07,6.00131919e-01,2.81545637e-01
2.30230230e+01,4.75300071e+00,7.18626809e+01,8.35378622e+06,2.20681914e+03,1.18464761e-01,5.55530743e-07,5.99821219e-01,2.81399876e-01
2.31231231e+01,4.74403403e+00,7.53143425e+01,8.33938197e+06,2.20664359e+03,1.18493445e-01,5.55619197e-07,5.99966454e-01,2.81468012e-01
2.32232232e+01,4.73745343e+00,7.90235203e+01,8.32138544e+06,2.20508572e+03,1.18485623e-01,5.55536426e-07,5.99926850e-01,2.81449432e-01
2.33233233e+01,4.73280992e+00,8.27618055e+01,8.32432966e+06,2.20698973e+03,1.18541479e-01,5.55752248e-07,6.00209666e-01,2.81582112e-01
2.34234234e+01,4.72460170e+00,8.61898129e+01,8.29458248e+06,2.20364235e+03,1.18502814e-01,5.55525157e-07,6.00013894e-01,2.81490268e-01
2.35235235e+01,4.70629078e+00,9.08006503e+01,8.26994434e+06,2.20418938e+03,1.18581072e-01,5.55846640e-07,6.00410136e-01,2.81676161e-01
2.36236236e+01,4.67187984e+00,9.96065143e+01,8.17697258e+06,2.19616727e+03,1.18542999e-01,5.55623590e-07,6.00217360e-01,2.81585722e-01
2.37237237e+01,4.64514078e+00,1.06161329e+02,8.12170289e+06,2.19318535e+03,1.18580514e-01,5.55755940e-07,6.00407310e-01,2.81674835e-01
2.38238238e+01,4.62990912e+00,1.09560039e+02,8.06279740e+06,2.18609471e+03,1.18490833e-01,5.55293390e-07,5.99953232e-01,2.81461809e-01
2.39239239e+01,4.62283614e+00,1.11306913e+02,8.05092534e+06,2.18583248e+03,1.18511603e-01,5.55349834e-07,6.00058394e-01,2.81511145e-01
2.40240240e+01,4.61573583e+00,1.12428630e+02,8.02744625e+06,2.18329617e+03,1.18485240e-01,5.55186944e-07,5.99924914e-01,2.81448524e-01
2.41241241e+01,4.60470281e+00,1.15457861e+02,8.01936044e+06,2.18494848e+03,1.18559777e-01,5.55498507e-07,6.00302315e-01,2.81625578e-01
2.42242242e+01,4.58962152e+00,1.21763038e+02,7.97963252e+06,2.18153813e+03,1.18545114e-01,5.55393981e-07,6.00228069e-01,2.81590746e-01
2.43243243e+01,4.57502327e+00,1.29381025e+02,7.94699440e+06,2.17936702e+03,1.18554944e-01,5.55406232e-07,6.00277845e-01,2.81614098e-01
2.44244244e+01,4.56520763e+00,1.35045269e+02,7.90612975e+06,2.17413128e+03,1.18483558e-01,5.55040197e-07,5.99916393e-01,2.81444527e-01
2.45245245e+01,4.55309903e+00,1.38401073e+02,7.88718160e+06,2.17393114e+03,1.18524848e-01,5.55204233e-07,6.00125458e-01,2.81542607e-01
2.46246246e+01,4.54018401e+00,1.42982689e+02,7.85210024e+06,2.17073609e+03,1.18507490e-01,5.55095868e-07,6.00037572e-01,2.81501376e-01
2.47247247e+01,4.53084350e+00,1.48029846e+02,7.83783005e+06,2.17064008e+03,1.18541225e-01,5.55229166e-07,6.00208380e-01,2.81581509e-01
2.48248248e+01,4.51921114e+00,1.52256644e+02,7.79330118e+06,2.16514179e+03,1.18471239e-01,5.54878970e-07,5.99854023e-01,2.81415266e-01
2.49249249e+01,4.50338650e+00,1.55537292e+02,7.76675517e+06,2.16449127e+03,1.18518188e-01,5.55078723e-07,6.00091735e-01,2.81526787e-01
2.50250250e+01,4.48215365e+00,1.61618392e+02,7.71946055e+06,2.16124635e+03,1.18532211e-01,5.55126466e-07,6.00162740e-01,2.81560098e-01
2.51251251e+01,4.46278035e+00,1.67934023e+02,7.66576442e+06,2.15611299e+03,1.18500146e-01,5.54960454e-07,6.00000386e-01,2.81483931e-01
2.52252252e+01,4.45138679e+00,1.74611460e+02,7.64871776e+06,2.15605047e+03,1.18542703e-01,5.55145819e-07,6.00215863e-01,2.81585020e-01
2.53253253e+01,4.44060474e+00,1.78270788e+02,7.61033040e+06,2.15144112e+03,1.18487456e-01,5.54874822e-07,5.99936131e-01,2.81453787e-01
2.54254254e+01,4.43186558e+00,1.79488259e+02,7.58580019e+06,2.14904235e+03,1.18470519e-01,5.54784673e-07,5.99850377e-01,2.81413556e-01
2.55255255e+01,4.42760319e+00,1.82323561e+02,7.58542916e+06,2.15027786e+03,1.18510636e-01,5.54962883e-07,6.00053500e-01,2.81508849e-01
2.56256256e+01,4.42131498e+00,1.85542346e+02,7.56951307e+06,2.14892030e+03,1.18504986e-01,5.54927677e-07,6.00024894e-01,2.81495429e-01
2.57257257e+01,4.40344560e+00,1.90836014e+02,7.53521846e+06,2.14723671e+03,1.18539676e-01,5.55082006e-07,6.00200536e-01,2.81577830e-01
2.58258258e+01,4.37582748e+00,1.97988412e+02,7.46036154e+06,2.14008602e+03,1.18497422e-01,5.54876389e-07,5.99986591e-01,2.81477459e-01
2.59259259e+01,4.35330603e+00,2.04324229e+02,7.42296934e+06,2.13915575e+03,1.18565001e-01,5.55185177e-07,6.00328765e-01,2.81637987e-01
2.60260260e+01,4.33658048e+00,2.09963121e+02,7.37987240e+06,2.13524314e+03,1.18548088e-01,5.55098094e-07,6.00243129e-01,2.81597812e-01
2.61261261e+01,4.33123076e+00,2.15502857e+02,7.38210516e+06,2.13733986e+03,1.18613949e-01,5.55398077e-07,6.00576605e-01,2.81754258e-01
2.62262262e+01,4.32814373e+00,2.18715530e+02,7.34964978e+06,2.13147393e+03,1.18501922e-01,5.54864322e-07,6.00009375e-01,2.81488149e-01
2.63263263e+01,4.32122570e+00,2.20962602e+02,7.34356169e+06,2.13231139e+03,1.18546740e-01,5.55063914e-07,6.00236306e-01,2.81594611e-01
2.64264264e+01,4.30740953e+00,2.25589004e+02,7.32074637e+06,2.13171885e+03,1.18590450e-01,5.55257003e-07,6.00457619e-01,2.81698438e-01
2.65265265e+01,4.28583368e+00,2.32673494e+02,7.25114306e+06,2.12359603e+03,1.18505826e-01,5.54847743e-07,6.00029146e-01,2.81497424e-01
2.66266266e+01,4.27292581e+00,2.38446130e+02,7.21750316e+06,2.12039617e+03,1.18490918e-01,5.54763297e-07,5.99953663e-01,2.81462012e-01
2.67267267e+01,4.26197351e+00,2.41922669e+02,7.18964960e+06,2.11781341e+03,1.18481278e-01,5.54701715e-07,5.99904851e-01,2.81439112e-01
2.68268268e+01,4.24894196e+00,2.43984047e+02,7.15892426e+06,2.11526036e+03,1.18479602e-01,5.54675514e-07,5.99896364e-01,2.81435131e-01
2.69269269e+01,4.23703936e+00,2.46214218e+02,7.15383174e+06,2.11785057e+03,1.18582705e-01,5.55137821e-07,6.00418407e-01,2.81680042e-01
2.70270270e+01,4.22967561e+00,2.50544302e+02,7.13170584e+06,2.11539286e+03,1.18559340e-01,5.55006078e-07,6.00300103e-01,2.81624541e-01
2.71271271e+01,4.22187293e+00,2.53824564e+02,7.10918033e+06,2.11296524e+03,1.18539329e-01,5.54887955e-07,6.00198782e-01,2.81577007e-01
2.72272272e+01,4.20127999e+00,2.60309456e+02,7.05307599e+06,2.10723025e+03,1.18501921e-01,5.54686360e-07,6.00009375e-01,2.81488149e-01
2.73273273e+01,4.17284981e+00,2.68861785e+02,6.98963924e+06,2.10229648e+03,1.18513682e-01,5.54713013e-07,6.00068922e-01,2.81516085e-01
2.74274274e+01,4.15795801e+00,2.74255011e+02,6.94743833e+06,2.09772132e+03,1.18477875e-01,5.54515296e-07,5.99887619e-01,2.81431028e-01
2.75275275e+01,4.15341533e+00,2.78145516e+02,6.94292250e+06,2.09815347e+03,1.18505948e-01,5.54614853e-07,6.00029765e-01,2.81497714e-01
2.76276276e+01,4.14602667e+00,2.80443670e+02,6.92329715e+06,2.09619219e+03,1.18492327e-01,5.54517607e-07,5.99960796e-01,2.81465358e-01
2.77277277e+01,4.13552014e+00,2.83082799e+02,6.91743163e+06,2.09822735e+03,1.18577595e-01,5.54881620e-07,6.00392533e-01,2.81667904e-01
2.78278278e+01,4.12414385e+00,2.88333286e+02,6.89293699e+06,2.09645168e+03,1.18583999e-01,5.54875328e-07,6.00424957e-01,2.81683115e-01
2.79279279e+01,4.11168440e+00,2.94606531e+02,6.86270528e+06,2.09370062e+03,1.18577268e-01,5.54806488e-07,6.00390878e-01,2.81667127e-01
2.80280280e+01,4.09041649e+00,3.03969818e+02,6.81075028e+06,2.08887898e+03,1.18564477e-01,5.54708467e-07,6.00326114e-01,2.81636744e-01
2.81281281e+01,4.07481921e+00,3.09571937e+02,6.74928480e+06,2.08010053e+03,1.18441945e-01,5.54096585e-07,5.99705697e-01,2.81345682e-01
2.82282282e+01,4.06229608e+00,3.11711679e+02,6.75617845e+06,2.08561841e+03,1.18613776e-01,5.54861425e-07,6.00575729e-01,2.81753848e-01
2.83283283e+01,4.04936477e+00,3.16480344e+02,6.71633910e+06,2.08082505e+03,1.18563386e-01,5.54586634e-07,6.00320590e-01,2.81634152e-01
2.84284284e+01,4.03984395e+00,3.20724011e+02,6.69714713e+06,2.07956388e+03,1.18575081e-01,5.54602303e-07,6.00379805e-01,2.81661933e-01
2.85285285e+01,4.02996520e+00,3.23697418e+02,6.66583532e+06,2.07568238e+03,1.18531241e-01,5.54358574e-07,6.00157829e-01,2.81557795e-01
2.86286286e+01,4.02159644e+00,3.26052051e+02,6.64689855e+06,2.07409637e+03,1.18531035e-01,5.54319448e-07,6.00156787e-01,2.81557306e-01
2.87287287e+01,4.01624716e+00,3.30069206e+02,6.63140838e+06,2.07232141e+03,1.18513732e-01,5.54201071e-07,6.00069177e-01,2.81516205e-01
2.88288288e+01,4.02022689e+00,3.33522086e+02,6.64787602e+06,2.07474458e+03,1.18551801e-01,5.54342511e-07,6.00261929e-01,2.81606632e-01
2.89289289e+01,4.01621665e+00,3.35580542e+02,6.63509373e+06,2.07313360e+03,1.18534040e-01,5.54223836e-07,6.00171999e-01,2.81564443e-01
2.90290290e+01,3.99134765e+00,3.43091258e+02,6.57150660e+06,2.06661913e+03,1.18501921e-01,5.54039292e-07,6.00009375e-01,2.81488149e-01
2.91291291e+01,3.95470810e+00,3.53070075e+02,6.47689201e+06,2.05671531e+03,1.18445479e-01,5.53742627e-07,5.99723590e-01,2.81354076e-01
2.92292292e+01,3.93416734e+00,3.59934012e+02,6.44659886e+06,2.05637908e+03,1.18526398e-01,5.54089922e-07,6.00133309e-01,2.81546292e-01
2.93293293e+01,3.92022822e+00,3.64414922e+02,6.40333220e+06,2.05085984e+03,1.18467480e-01,5.53785176e-07,5.99834987e-01,2.81406337e-01
2.94294294e+01,3.91257701e+00,3.68244443e+02,6.38841542e+06,2.04987321e+03,1.18479632e-01,5.53814450e-07,5.99896519e-01,2.81435204e-01
2.95295295e+01,3.90532496e+00,3.72327459e+02,6.37808629e+06,2.04982404e+03,1.18510567e-01,5.53933265e-07,6.00053152e-01,2.81508687e-01
2.96296296e+01,3.89738372e+00,3.76005943e+02,6.34507162e+06,2.04468052e+03,1.18434532e-01,5.53553933e-07,5.99668163e-01,2.81328073e-01
2.97297297e+01,3.88945528e+00,3.77659952e+02,6.33550463e+06,2.04501439e+03,1.18477671e-01,5.53733471e-07,5.99886588e-01,2.81430546e-01
2.98298298e+01,3.87928960e+00,3.82045430e+02,6.31913769e+06,2.04451299e+03,1.18510325e-01,5.53865874e-07,6.00051925e-01,2.81508111e-01
2.99299299e+01,3.87084058e+00,3.88135169e+02,6.30312483e+06,2.04352868e+03,1.18525100e-01,5.53916572e-07,6.00126736e-01,2.81543208e-01
3.00300300e+01,3.86370827e+00,3.92633624e+02,6.28237499e+06,2.04101631e+03,1.18498676e-01,5.53776568e-07,5.99992944e-01,2.81480441e-01
3.01301301e+01,3.85161808e+00,3.94735865e+02,6.25546365e+06,2.03867849e+03,1.18497174e-01,5.53754802e-07,5.99985338e-01,2.81476873e-01
3.02302302e+01,3.83142081e+00,3.99344030e+02,6.21698723e+06,2.03622121e+03,1.18532000e-01,5.53904530e-07,6.00161671e-01,2.81559598e-01
3.03303303e+01,3.81239695e+00,4.05185271e+02,6.16847909e+06,2.03097931e+03,1.18499067e-01,5.53739281e-07,5.99994923e-01,2.81481370e-01
3.04304304e+01,3.79892424e+00,4.12186393e+02,6.14127164e+06,2.02890464e+03,1.18515864e-01,5.53807956e-07,6.00079969e-01,2.81521268e-01
3.05305305e+01,3.78752442e+00,4.20361309e+02,6.11835371e+06,2.02720406e+03,1.18528317e-01,5.53857730e-07,6.00143025e-01,2.81550850e-01
3.06306306e+01,3.77621058e+00,4.26068059e+02,6.09365476e+06,2.02509937e+03,1.18526579e-01,5.53842433e-07,6.00134222e-01,2.81546721e-01
3.07307307e+01,3.76419622e+00,4.27743091e+02,6.05997979e+06,2.02096690e+03,1.18489582e-01,5.53663473e-07,5.99946897e-01,2.81458839e-01
3.08308308e+01,3.75561958e+00,4.27820689e+02,6.03247988e+06,2.01711886e+03,1.18446776e-01,5.53458297e-07,5.99730157e-01,2.81357157e-01
3.09309309e+01,3.74826945e+00,4.28733740e+02,6.02402214e+06,2.01751149e+03,1.18489587e-01,5.53653921e-07,5.99946923e-01,2.81458851e-01
3.10310310e+01,3.73714140e+00,4.33389077e+02,6.00358072e+06,2.01623272e+03,1.18514261e-01,5.53765339e-07,6.00071854e-01,2.81517461e-01
3.11311311e+01,3.72389334e+00,4.41178165e+02,5.96941627e+06,2.01231369e+03,1.18489372e-01,5.53645513e-07,5.99945834e-01,2.81458340e-01
3.12312312e+01,3.71315168e+00,4.46530550e+02,5.93544846e+06,2.00760783e+03,1.18432913e-01,5.53378306e-07,5.99659968e-01,2.81324229e-01
3.13313313e+01,3.70266133e+00,4.50441055e+02,5.91564194e+06,2.00628358e+03,1.18450259e-01,5.53455854e-07,5.99747796e-01,2.81365433e-01
3.14314314e+01,3.68883600e+00,4.56630208e+02,5.89149513e+06,2.00500519e+03,1.18484386e-01,5.53611478e-07,5.99920586e-01,2.81446495e-01
3.15315315e+01,3.67556231e+00,4.63670896e+02,5.85489606e+06,2.00044878e+03,1.18442730e-01,5.53412468e-07,5.99709672e-01,2.81347547e-01
3.16316316e+01,3.66788865e+00,4.68715194e+02,5.84059892e+06,1.99950657e+03,1.18456488e-01,5.53471594e-07,5.99779332e-01,2.81380228e-01
3.17317317e+01,3.66160422e+00,4.71494554e+02,5.82042579e+06,1.99663027e+03,1.18420299e-01,5.53296336e-07,5.99596096e-01,2.81294264e-01
3.18318318e+01,3.65671352e+00,4.73584219e+02,5.81873583e+06,1.99788057e+03,1.18470065e-01,5.53521449e-07,5.99848076e-01,2.81412478e-01
3.19319319e+01,3.64780516e+00,4.77342912e+02,5.80391099e+06,1.99723749e+03,1.18494951e-01,5.53628859e-07,5.99974085e-01,2.81471594e-01
3.20320320e+01,3.62339433e+00,4.86529949e+02,5.76691515e+06,1.99631111e+03,1.18587847e-01,5.54052350e-07,6.00444439e-01,2.81692256e-01
3.21321321e+01,3.59333037e+00,4.97691204e+02,5.68245680e+06,1.98532161e+03,1.18480962e-01,5.53540686e-07,5.99903251e-01,2.81438363e-01
3.22322322e+01,3.58127740e+00,5.01718075e+02,5.65138201e+06,1.98159999e+03,1.18451662e-01,5.53389615e-07,5.99754897e-01,2.81368764e-01
3.23323323e+01,3.57668644e+00,5.01751306e+02,5.64986873e+06,1.98277093e+03,1.18501921e-01,5.53608120e-07,6.00009375e-01,2.81488150e-01
3.24324324e+01,3.57462606e+00,5.02554674e+02,5.62812133e+06,1.97788910e+03,1.18405355e-01,5.53138471e-07,5.99520431e-01,2.81258767e-01
3.25325325e+01,3.57570627e+00,5.02732342e+02,5.64420034e+06,1.98158447e+03,1.18486383e-01,5.53496130e-07,5.99930700e-01,2.81451240e-01
3.26326326e+01,3.57419412e+00,5.06326676e+02,5.65058738e+06,1.98375158e+03,1.18541009e-01,5.53727988e-07,6.00207287e-01,2.81580998e-01
3.27327327e+01,3.56581680e+00,5.12328612e+02,5.62668610e+06,1.98049277e+03,1.18511596e-01,5.53564830e-07,6.00058360e-01,2.81511131e-01
3.28328328e+01,3.53655856e+00,5.24133844e+02,5.57432701e+06,1.97718641e+03,1.18578081e-01,5.53847217e-07,6.00394995e-01,2.81669059e-01
3.29329329e+01,3.50883070e+00,5.35232325e+02,5.49053851e+06,1.96516513e+03,1.18438780e-01,5.53166326e-07,5.99689670e-01,2.81338164e-01
3.30330330e+01,3.49497983e+00,5.37640679e+02,5.45624751e+06,1.96106649e+03,1.18412491e-01,5.53011198e-07,5.99556564e-01,2.81275718e-01
3.31331331e+01,3.48525336e+00,5.40300026e+02,5.44132922e+06,1.96055184e+03,1.18449373e-01,5.53149046e-07,5.99743306e-01,2.81363327e-01
3.32332332e+01,3.47759021e+00,5.43988802e+02,5.42814853e+06,1.95977650e+03,1.18469681e-01,5.53207572e-07,5.99846133e-01,2.81411567e-01
3.33333333e+01,3.47227982e+00,5.47072398e+02,5.41648114e+06,1.95857523e+03,1.18468451e-01,5.53163774e-07,5.99839903e-01,2.81408644e-01
3.34334334e+01,3.46593778e+00,5.48891402e+02,5.40054455e+06,1.95663254e+03,1.18453519e-01,5.53054458e-07,5.99764300e-01,2.81373176e-01
3.35335335e+01,3.45820418e+00,5.50608669e+02,5.38486193e+06,1.95521443e+03,1.18459527e-01,5.53041638e-07,5.99794719e-01,2.81387446e-01
3.36336336e+01,3.44824604e+00,5.53454452e+02,5.36840594e+06,1.95436848e+03,1.18489836e-01,5.53141296e-07,5.99948186e-01,2.81459444e-01
3.37337337e+01,3.43333906e+00,5.59199999e+02,5.34416142e+06,1.95319071e+03,1.18538293e-01,5.53325019e-07,6.00193535e-01,2.81574547e-01
3.38338338e+01,3.40839646e+00,5.69967216e+02,5.29250686e+06,1.94825086e+03,1.18551456e-01,5.53343768e-07,6.00260185e-01,2.81605815e-01
3.39339339e+01,3.39028878e+00,5.79209474e+02,5.24719939e+06,1.94253285e+03,1.18512170e-01,5.53117964e-07,6.00061265e-01,2.81512494e-01
3.40340340e+01,3.38183505e+00,5.82812881e+02,5.22261247e+06,1.93892826e+03,1.18471554e-01,5.52886430e-07,5.99855616e-01,2.81416016e-01
3.41341341e+01,3.37868644e+00,5.84528194e+02,5.21731944e+06,1.93861950e+03,1.18480644e-01,5.52887582e-07,5.99901644e-01,2.81437610e-01
3.42342342e+01,3.37590350e+00,5.86076523e+02,5.21636502e+06,1.93935447e+03,1.18511692e-01,5.52992200e-07,6.00058849e-01,2.81511361e-01
3.43343343e+01,3.36629533e+00,5.90681761e+02,5.20358629e+06,1.93934745e+03,1.18559229e-01,5.53175109e-07,6.00299542e-01,2.81624279e-01
3.44344344e+01,3.34840134e+00,5.99416337e+02,5.15850551e+06,1.93355681e+03,1.18514067e-01,5.52927365e-07,6.00070872e-01,2.81517002e-01
3.45345345e+01,3.33711259e+00,6.04572265e+02,5.13213063e+06,1.93043330e+03,1.18498400e-01,5.52819467e-07,5.99991548e-01,2.81479788e-01
3.46346346e+01,3.33066277e+00,6.07251478e+02,5.11371618e+06,1.92771468e+03,1.18468707e-01,5.52648593e-07,5.99841202e-01,2.81409254e-01
3.47347347e+01,3.32608841e+00,6.09803648e+02,5.11133890e+06,1.92870889e+03,1.18515363e-01,5.52836616e-07,6.00077435e-01,2.81520080e-01
3.48348348e+01,3.31667791e+00,6.15639962e+02,5.09114102e+06,1.92656247e+03,1.18513869e-01,5.52803049e-07,6.00069872e-01,2.81516532e-01
3.49349349e+01,3.30344091e+00,6.23680709e+02,5.05987908e+06,1.92274289e+03,1.18493036e-01,5.52682620e-07,5.99964389e-01,2.81467046e-01
3.50350350e+01,3.29011705e+00,6.29107733e+02,5.03267790e+06,1.92007748e+03,1.18497579e-01,5.52684111e-07,5.99987391e-01,2.81477837e-01
3.51351351e+01,3.27874844e+00,6.32752095e+02,5.00536513e+06,1.91656055e+03,1.18480142e-01,5.52586830e-07,5.99899103e-01,2.81436418e-01
3.52352352e+01,3.27149778e+00,6.34846487e+02,4.98671154e+06,1.91400570e+03,1.18458120e-01,5.52472072e-07,5.99787595e-01,2.81384105e-01
3.53353353e+01,3.26844835e+00,6.36925589e+02,4.98684441e+06,1.91516258e+03,1.18500175e-01,5.52660199e-07,6.00000532e-01,2.81484002e-01
3.54354354e+01,3.26579035e+00,6.39317245e+02,4.98610114e+06,1.91595289e+03,1.18530032e-01,5.52795584e-07,6.00151709e-01,2.81554925e-01
3.55355355e+01,3.25560655e+00,6.43868855e+02,4.95825538e+06,1.91191560e+03,1.18486455e-01,5.52592740e-07,5.99931066e-01,2.81451413e-01
3.56356356e+01,3.23074405e+00,6.52280382e+02,4.91887537e+06,1.90997666e+03,1.18570227e-01,5.52988124e-07,6.00355227e-01,2.81650404e-01
3.57357357e+01,3.20246267e+00,6.62842345e+02,4.84397991e+06,1.89919337e+03,1.18464852e-01,5.52505592e-07,5.99821683e-01,2.81400097e-01
3.58358358e+01,3.18921845e+00,6.65245084e+02,4.81239570e+06,1.89508041e+03,1.18437673e-01,5.52391923e-07,5.99684067e-01,2.81335536e-01
3.59359359e+01,3.18062499e+00,6.67292391e+02,4.79198292e+06,1.89239481e+03,1.18421755e-01,5.52334899e-07,5.99603469e-01,2.81297724e-01
3.60360360e+01,3.17446233e+00,6.69858048e+02,4.78368169e+06,1.89225740e+03,1.18454709e-01,5.52509875e-07,5.99770325e-01,2.81376003e-01
3.61361361e+01,3.16827803e+00,6.73930201e+02,4.77161437e+06,1.89108234e+03,1.18460090e-01,5.52560196e-07,5.99797571e-01,2.81388785e-01
3.62362362e+01,3.16405171e+00,6.78741856e+02,4.76545606e+06,1.89088956e+03,1.18477308e-01,5.52669565e-07,5.99884753e-01,2.81429686e-01
3.63363363e+01,3.16060486e+00,6.84548495e+02,4.76442345e+06,1.89188284e+03,1.18518558e-01,5.52894727e-07,6.00093611e-01,2.81527669e-01
3.64364364e+01,3.15102484e+00,6.92900280e+02,4.73905665e+06,1.88815706e+03,1.18479279e-01,5.52747709e-07,5.99894731e-01,2.81434366e-01
3.65365365e+01,3.13531154e+00,7.01907167e+02,4.70772340e+06,1.88495565e+03,1.18486685e-01,5.52821668e-07,5.99932228e-01,2.81451958e-01
3.66366366e+01,3.12010141e+00,7.06482141e+02,4.67230205e+06,1.88034884e+03,1.18457952e-01,5.52729913e-07,5.99786748e-01,2.81383708e-01
3.67367367e+01,3.11064859e+00,7.08091655e+02,4.64990312e+06,1.87729791e+03,1.18440492e-01,5.52693424e-07,5.99698339e-01,2.81342231e-01
3.68368368e+01,3.10383208e+00,7.09137388e+02,4.63447867e+06,1.87533171e+03,1.18430897e-01,5.52696025e-07,5.99649761e-01,2.81319441e-01
3.69369369e+01,3.09819716e+00,7.10575192e+02,4.62805604e+06,1.87557136e+03,1.18466733e-01,5.52912759e-07,5.99831204e-01,2.81404564e-01
3.70370370e+01,3.09069432e+00,7.14571539e+02,4.62075419e+06,1.87625593e+03,1.18523695e-01,5.53229922e-07,6.00119622e-01,2.81539871e-01
3.71371371e+01,3.08006554e+00,7.22487815e+02,4.59761365e+06,1.87340706e+03,1.18517043e-01,5.53251551e-07,6.00085943e-01,2.81524071e-01
3.72372372e+01,3.06755228e+00,7.32127110e+02,4.56791722e+06,1.86928485e+03,1.18492595e-01,5.53191025e-07,5.99962155e-01,2.81465998e-01
3.73373373e+01,3.05433631e+00,7.39575245e+02,4.53888019e+06,1.86567361e+03,1.18477708e-01,5.53175630e-07,5.99886776e-01,2.81430634e-01
3.74374374e+01,3.04037418e+00,7.43424409e+02,4.51019407e+06,1.86240739e+03,1.18476974e-01,5.53226513e-07,5.99883059e-01,2.81428890e-01
3.75375375e+01,3.02552785e+00,7.46877812e+02,4.48257706e+06,1.85973422e+03,1.18499406e-01,5.53385295e-07,5.99996638e-01,2.81482175e-01
3.76376376e+01,3.01346850e+00,7.50166427e+02,4.45310850e+06,1.85547967e+03,1.18462493e-01,5.53266161e-07,5.99809736e-01,2.81394492e-01
3.77377377e+01,3.00716133e+00,7.52180998e+02,4.44427071e+06,1.85520836e+03,1.18492682e-01,5.53459280e-07,5.99962594e-01,2.81466203e-01
3.78378378e+01,3.00002369e+00,7.56264805e+02,4.43791759e+06,1.85607027e+03,1.18549733e-01,5.53776335e-07,6.00251460e-01,2.81601721e-01
3.79379379e+01,2.99031396e+00,7.63770011e+02,4.41546702e+06,1.85296053e+03,1.18531597e-01,5.53740110e-07,6.00159630e-01,2.81558640e-01
3.80380380e+01,2.98121240e+00,7.71281489e+02,4.40109089e+06,1.85206138e+03,1.18563903e-01,5.53936946e-07,6.00323208e-01,2.81635381e-01
3.81381381e+01,2.97166397e+00,7.76019647e+02,4.37618505e+06,1.84822646e+03,1.18517162e-01,5.53761395e-07,6.00086541e-01,2.81524351e-01
3.82382382e+01,2.96519947e+00,7.76788456e+02,4.36038736e+06,1.84574020e+03,1.18506189e-01,5.53749416e-07,6.00030985e-01,2.81498288e-01
3.83383383e+01,2.95492399e+00,7.78418555e+02,4.34074151e+06,1.84362872e+03,1.18518076e-01,5.53840125e-07,6.00091172e-01,2.81526524e-01
3.84384384e+01,2.94150282e+00,7.82725039e+02,4.31427866e+06,1.84061490e+03,1.18526767e-01,5.53911152e-07,6.00135174e-01,2.81547167e-01
3.85385385e+01,2.92886317e+00,7.88087534e+02,4.29009647e+06,1.83806044e+03,1.18535554e-01,5.53977331e-07,6.00179666e-01,2.81568040e-01
3.86386386e+01,2.91752880e+00,7.94391159e+02,4.26940753e+06,1.83599705e+03,1.18555287e-01,5.54088819e-07,6.00279581e-01,2.81614914e-01
3.87387387e+01,2.90633402e+00,8.00839619e+02,4.24992020e+06,1.83429288e+03,1.18578790e-01,5.54211529e-07,6.00398585e-01,2.81670743e-01
3.88388388e+01,2.89536580e+00,8.04395951e+02,4.22358240e+06,1.83042770e+03,1.18540130e-01,5.54036722e-07,6.00202834e-01,2.81578909e-01
3.89389389e+01,2.88795453e+00,8.05568731e+02,4.20518332e+06,1.82762033e+03,1.18508377e-01,5.53886599e-07,6.00042060e-01,2.81503484e-01
3.90390390e+01,2.88056376e+00,8.06080483e+02,4.18981618e+06,1.82572858e+03,1.18500917e-01,5.53841764e-07,6.00004289e-01,2.81485763e-01
3.91391391e+01,2.87190720e+00,8.08483668e+02,4.17565647e+06,1.82462736e+03,1.18527909e-01,5.53949044e-07,6.00140960e-01,2.81549881e-01
3.92392392e+01,2.85995299e+00,8.13922798e+02,4.15675789e+06,1.82328998e+03,1.18571561e-01,5.54124621e-07,6.00361978e-01,2.81653570e-01
3.93393393e+01,2.84689662e+00,8.22268492e+02,4.13042735e+06,1.81996688e+03,1.18576944e-01,5.54111203e-07,6.00389237e-01,2.81666358e-01
3.94394394e+01,2.83623288e+00,8.31647339e+02,4.10808070e+06,1.81705678e+03,1.18568418e-01,5.54021995e-07,6.00346069e-01,2.81646106e-01
3.95395395e+01,2.82672705e+00,8.41283207e+02,4.09280446e+06,1.81592187e+03,1.18598831e-01,5.54103249e-07,6.00500055e-01,2.81718347e-01
3.96396396e+01,2.81820406e+00,8.49126402e+02,4.07212094e+06,1.81274632e+03,1.18563673e-01,5.53865943e-07,6.00322043e-01,2.81634835e-01
3.97397397e+01,2.81340272e+00,8.54082063e+02,4.06500123e+06,1.81245690e+03,1.18577295e-01,5.53843430e-07,6.00391012e-01,2.81667191e-01
3.98398398e+01,2.81001577e+00,8.58180169e+02,4.06066330e+06,1.81241933e+03,1.18595984e-01,5.53830511e-07,6.00485643e-01,2.81711586e-01
3.99399399e+01,2.80448876e+00,8.62299254e+02,4.04853727e+06,1.81074314e+03,1.18584530e-01,5.53661888e-07,6.00427646e-01,2.81684378e-01
4.00400400e+01,2.79481499e+00,8.66799448e+02,4.02638532e+06,1.80745290e+03,1.18559327e-01,5.53413443e-07,6.00300039e-01,2.81624512e-01
4.01401401e+01,2.78039606e+00,8.72023239e+02,3.99557568e+06,1.80319023e+03,1.18541822e-01,5.53184707e-07,6.00211404e-01,2.81582930e-01
4.02402402e+01,2.76732233e+00,8.75446168e+02,3.96498144e+06,1.79832059e+03,1.18509929e-01,5.52872041e-07,6.00049923e-01,2.81507173e-01
4.03403403e+01,2.75791482e+00,8.76972827e+02,3.94363092e+06,1.79506345e+03,1.18488460e-01,5.52590160e-07,5.99941217e-01,2.81456176e-01
4.04404404e+01,2.74873605e+00,8.78704012e+02,3.92527988e+06,1.79271945e+03,1.18485636e-01,5.52376451e-07,5.99926920e-01,2.81449468e-01
4.05405405e+01,2.73822283e+00,8.82228103e+02,3.90535866e+06,1.79031767e+03,1.18495671e-01,5.52203159e-07,5.99977729e-01,2.81473305e-01
4.06406406e+01,2.72761567e+00,8.86699135e+02,3.88407189e+06,1.78761389e+03,1.18487029e-01,5.51922525e-07,5.99933969e-01,2.81452776e-01
4.07407407e+01,2.71966255e+00,8.91398910e+02,3.86868485e+06,1.78570354e+03,1.18489378e-01,5.51671830e-07,5.99945863e-01,2.81458356e-01
4.08408408e+01,2.71269374e+00,8.96999273e+02,3.85511780e+06,1.78398057e+03,1.18491504e-01,5.51397844e-07,5.99956633e-01,2.81463409e-01
4.09409409e+01,2.70575900e+00,9.03237527e+02,3.84007241e+06,1.78172198e+03,1.18481572e-01,5.51044553e-07,5.99906344e-01,2.81439817e-01
4.10410410e+01,2.69767262e+00,9.09383158e+02,3.82287128e+06,1.77922644e+03,1.18470344e-01,5.50661141e-07,5.99849494e-01,2.81413147e-01
4.11411411e+01,2.68879093e+00,9.15034707e+02,3.80448543e+06,1.77664184e+03,1.18462106e-01,5.50266730e-07,5.99807780e-01,2.81393577e-01
4.12412412e+01,2.68019981e+00,9.19974684e+02,3.78686707e+06,1.77417074e+03,1.18456234e-01,5.49857590e-07,5.99778050e-01,2.81379630e-01
4.13413413e+01,2.67209328e+00,9.24685804e+02,3.77152629e+06,1.77226770e+03,1.18461342e-01,5.49472837e-07,5.99803912e-01,2.81391763e-01
4.14414414e+01,2.66393135e+00,9.29462657e+02,3.75612588e+06,1.77036636e+03,1.18466186e-01,5.49059470e-07,5.99828439e-01,2.81403270e-01
4.15415415e+01,2.65517226e+00,9.34506965e+02,3.73876169e+06,1.76803193e+03,1.18463736e-01,5.48584304e-07,5.99816033e-01,2.81397451e-01
4.16416416e+01,2.64557561e+00,9.39508592e+02,3.72001005e+06,1.76555383e+03,1.18463188e-01,5.48089515e-07,5.99813261e-01,2.81396151e-01
4.17417417e+01,2.63530278e+00,9.44101423e+02,3.69983551e+06,1.76285547e+03,1.18461065e-01,5.47558587e-07,5.99802512e-01,2.81391109e-01
4.18418418e+01,2.62501026e+00,9.48214560e+02,3.67937195e+06,1.76002454e+03,1.18458004e-01,5.46994191e-07,5.99787012e-01,2.81383838e-01
4.19419419e+01,2.61530251e+00,9.52128344e+02,3.66035855e+06,1.75743438e+03,1.18457626e-01,5.46412861e-07,5.99785100e-01,2.81382941e-01
4.20420420e+01,2.60636454e+00,9.56096538e+02,3.64338270e+06,1.75524316e+03,1.18460289e-01,5.45816036e-07,5.99798582e-01,2.81389267e-01
4.21421421e+01,2.59841438e+00,9.60341693e+02,3.62869382e+06,1.75344129e+03,1.18465292e-01,5.45200301e-07,5.99823914e-01,2.81401152e-01
4.22422422e+01,2.59150152e+00,9.64925612e+02,3.61633315e+06,1.75200766e+03,1.18473551e-01,5.44569752e-07,5.99865734e-01,2.81420772e-01
4.23423423e+01,2.58477574e+00,9.69377387e+02,3.60367718e+06,1.75039704e+03,1.18475045e-01,5.43878327e-07,5.99873301e-01,2.81424323e-01
4.24424424e+01,2.57706674e+00,9.73120338e+02,3.58856195e+06,1.74834195e+03,1.18470125e-01,5.43127996e-07,5.99848389e-01,2.81412636e-01
4.25425425e+01,2.56914331e+00,9.76038661e+02,3.57254771e+06,1.74599096e+03,1.18464482e-01,5.42345782e-07,5.99819816e-01,2.81399233e-01
4.26426426e+01,2.56195762e+00,9.78232955e+02,3.55726518e+06,1.74357559e+03,1.18452427e-01,5.41506625e-07,5.99758777e-01,2.81370598e-01
4.27427427e+01,2.55644119e+00,9.80103544e+02,3.54730142e+06,1.74238261e+03,1.18456583e-01,5.40714786e-07,5.99779824e-01,2.81380473e-01
4.28428428e+01,2.55190372e+00,9.82368158e+02,3.54106924e+06,1.74211358e+03,1.18477016e-01,5.39971260e-07,5.99883283e-01,2.81429010e-01
4.29429429e+01,2.54845506e+00,9.85880345e+02,3.53560747e+06,1.74172529e+03,1.18480764e-01,5.39127136e-07,5.99902259e-01,2.81437914e-01
4.30430430e+01,2.54880944e+00,9.88723965e+02,3.53523049e+06,1.74126649e+03,1.18482870e-01,5.38252071e-07,5.99912922e-01,2.81442917e-01
4.31431431e+01,2.55041041e+00,9.90931693e+02,3.54137348e+06,1.74278074e+03,1.18511187e-01,5.37473038e-07,6.00056300e-01,2.81510183e-01
4.32432432e+01,2.55004621e+00,9.92920048e+02,3.53879451e+06,1.74195858e+03,1.18497697e-01,5.36483223e-07,5.99987997e-01,2.81478140e-01
4.33433433e+01,2.54597613e+00,9.96333917e+02,3.52835707e+06,1.73991129e+03,1.18476315e-01,5.35441033e-07,5.99879734e-01,2.81427350e-01
4.34434434e+01,2.54060274e+00,9.98427428e+02,3.51670613e+06,1.73807777e+03,1.18459679e-01,5.34406630e-07,5.99795503e-01,2.81387835e-01
4.35435435e+01,2.53423744e+00,1.00012580e+03,3.50405305e+06,1.73623743e+03,1.18455354e-01,5.33417422e-07,5.99773602e-01,2.81377562e-01
4.36436436e+01,2.52500032e+00,1.00243260e+03,3.48571795e+06,1.73350630e+03,1.18452933e-01,5.32430611e-07,5.99761348e-01,2.81371814e-01
4.37437437e+01,2.51436913e+00,1.00443531e+03,3.46340501e+06,1.72988516e+03,1.18439731e-01,5.31393513e-07,5.99694499e-01,2.81340454e-01
4.38438438e+01,2.50387402e+00,1.00702063e+03,3.44493371e+06,1.72764575e+03,1.18455202e-01,5.30487309e-07,5.99772836e-01,2.81377206e-01
4.39439439e+01,2.49414912e+00,1.01106154e+03,3.42850851e+06,1.72585900e+03,1.18472606e-01,5.29595784e-07,5.99860960e-01,2.81418549e-01
4.40440440e+01,2.48536641e+00,1.01594827e+03,3.41301099e+06,1.72399134e+03,1.18482066e-01,5.28678247e-07,5.99908859e-01,2.81441022e-01
4.41441441e+01,2.47816144e+00,1.02168287e+03,3.39951674e+06,1.72211855e+03,1.18485439e-01,5.27746744e-07,5.99925938e-01,2.81449035e-01
4.42442442e+01,2.47207174e+00,1.02814492e+03,3.38779335e+06,1.72038363e+03,1.18487075e-01,5.26824211e-07,5.99934220e-01,2.81452922e-01
4.43443443e+01,2.46606136e+00,1.03476357e+03,3.37592420e+06,1.71857262e+03,1.18484450e-01,5.25902852e-07,5.99920928e-01,2.81446687e-01
4.44444444e+01,2.45868924e+00,1.04084036e+03,3.36197224e+06,1.71664680e+03,1.18481344e-01,5.25003029e-07,5.99905204e-01,2.81439311e-01
4.45445445e+01,2.45000248e+00,1.04620285e+03,3.34544438e+06,1.71431081e+03,1.18478122e-01,5.24130500e-07,5.99888892e-01,2.81431660e-01
4.46446446e+01,2.44029673e+00,1.05086120e+03,3.32627051e+06,1.71136902e+03,1.18470903e-01,5.23272367e-07,5.99852339e-01,2.81414512e-01
4.47447447e+01,2.43021997e+00,1.05511759e+03,3.30645773e+06,1.70829270e+03,1.18466495e-01,5.22462907e-07,5.99830021e-01,2.81404043e-01
4.48448448e+01,2.42018619e+00,1.05949281e+03,3.28783572e+06,1.70566765e+03,1.18469718e-01,5.21727086e-07,5.99846340e-01,2.81411700e-01
4.49449449e+01,2.41076068e+00,1.06432118e+03,3.27100159e+06,1.70345598e+03,1.18477581e-01,5.21055037e-07,5.99886154e-01,2.81430378e-01
4.50450450e+01,2.40258165e+00,1.06977277e+03,3.25615430e+06,1.70140802e+03,1.18483747e-01,5.20421974e-07,5.99917375e-01,2.81445027e-01
4.51451451e+01,2.39566592e+00,1.07571653e+03,3.24346784e+06,1.69958028e+03,1.18490107e-01,5.19839046e-07,5.99949579e-01,2.81460135e-01
4.52452452e+01,2.38920014e+00,1.08167410e+03,3.23145164e+06,1.69780845e+03,1.18494140e-01,5.19297866e-07,5.99969998e-01,2.81469715e-01
4.53453453e+01,2.38175796e+00,1.08696747e+03,3.21734752e+06,1.69572379e+03,1.18491083e-01,5.18780293e-07,5.99954521e-01,2.81462455e-01
4.54454454e+01,2.37333344e+00,1.09129470e+03,3.20027393e+06,1.69289712e+03,1.18478150e-01,5.18277198e-07,5.99889035e-01,2.81431733e-01
4.55455455e+01,2.36439507e+00,1.09492243e+03,3.18177750e+06,1.68967693e+03,1.18464035e-01,5.17829714e-07,5.99817568e-01,2.81398206e-01
4.56456456e+01,2.35437160e+00,1.09792782e+03,3.16175559e+06,1.68637668e+03,1.18451109e-01,5.17450953e-07,5.99752120e-01,2.81367502e-01
4.57457457e+01,2.34326553e+00,1.10022486e+03,3.13961132e+06,1.68276238e+03,1.18432807e-01,5.17114886e-07,5.99659454e-01,2.81324029e-01
4.58458458e+01,2.33343048e+00,1.10315493e+03,3.12323268e+06,1.68080362e+03,1.18449419e-01,5.17000031e-07,5.99743562e-01,2.81363488e-01
4.59459459e+01,2.32553522e+00,1.10699726e+03,3.11082920e+06,1.67952269e+03,1.18469841e-01,5.16972933e-07,5.99846965e-01,2.81411998e-01
4.60460460e+01,2.31916925e+00,1.11135094e+03,3.10072957e+06,1.67844348e+03,1.18485488e-01,5.16998650e-07,5.99926191e-01,2.81449166e-01
4.61461461e+01,2.31444935e+00,1.11635347e+03,3.09255248e+06,1.67732890e+03,1.18492702e-01,5.17064094e-07,5.99962719e-01,2.81466303e-01
4.62462462e+01,2.31079231e+00,1.12161579e+03,3.08586171e+06,1.67628893e+03,1.18496931e-01,5.17196236e-07,5.99984132e-01,2.81476348e-01
4.63463463e+01,2.30665450e+00,1.12632530e+03,3.07833413e+06,1.67519764e+03,1.18497064e-01,5.17393868e-07,5.99984804e-01,2.81476663e-01
4.64464464e+01,2.30173572e+00,1.12991779e+03,3.06855783e+06,1.67357966e+03,1.18487600e-01,5.17637008e-07,5.99936885e-01,2.81454182e-01
4.65465465e+01,2.29640968e+00,1.13249601e+03,3.05710029e+06,1.67140134e+03,1.18473169e-01,5.17950127e-07,5.99863816e-01,2.81419902e-01
4.66466466e+01,2.29022137e+00,1.13458604e+03,3.04402575e+06,1.66895191e+03,1.18458839e-01,5.18359841e-07,5.99791257e-01,2.81385861e-01
4.67467467e+01,2.28263258e+00,1.13612694e+03,3.02821141e+06,1.66608441e+03,1.18438696e-01,5.18845037e-07,5.99689267e-01,2.81338014e-01
4.68468468e+01,2.27508814e+00,1.13772055e+03,3.01531653e+06,1.66436838e+03,1.18447435e-01,5.19562697e-07,5.99733519e-01,2.81358773e-01
4.69469469e+01,2.26943997e+00,1.14048844e+03,3.00755617e+06,1.66387717e+03,1.18471591e-01,5.20459601e-07,5.99855826e-01,2.81416151e-01
4.70470470e+01,2.26560258e+00,1.14397291e+03,3.00296973e+06,1.66381639e+03,1.18495610e-01,5.21474354e-07,5.99977440e-01,2.81473204e-01
4.71471471e+01,2.26410735e+00,1.14808951e+03,3.00018004e+06,1.66323909e+03,1.18504832e-01,5.22549617e-07,6.00024130e-01,2.81495107e-01
4.72472472e+01,2.26361342e+00,1.15254425e+03,2.99887263e+06,1.66283641e+03,1.18507728e-01,5.23730737e-07,6.00038795e-01,2.81501986e-01
4.73473473e+01,2.26231336e+00,1.15643550e+03,2.99532792e+06,1.66197915e+03,1.18496762e-01,5.24993249e-07,5.99983269e-01,2.81475935e-01
4.74474474e+01,2.26037663e+00,1.15972582e+03,2.99261394e+06,1.66184593e+03,1.18500332e-01,5.26471688e-07,6.00001344e-01,2.81484413e-01
4.75475475e+01,2.25853207e+00,1.16198292e+03,2.98950451e+06,1.66149235e+03,1.18499097e-01,5.28090011e-07,5.99995093e-01,2.81481478e-01
4.76476476e+01,2.25654190e+00,1.16309791e+03,2.98464760e+06,1.66041960e+03,1.18487421e-01,5.29832574e-07,5.99935969e-01,2.81453739e-01
4.77477477e+01,2.25318185e+00,1.16400984e+03,2.97670364e+06,1.65869950e+03,1.18471007e-01,5.31733216e-07,5.99852861e-01,2.81414748e-01
4.78478478e+01,2.24760175e+00,1.16481978e+03,2.96602943e+06,1.65696048e+03,1.18463452e-01,5.33861496e-07,5.99814606e-01,2.81396798e-01
4.79479479e+01,2.24026276e+00,1.16557307e+03,2.95298106e+06,1.65507927e+03,1.18463168e-01,5.36218602e-07,5.99813167e-01,2.81396120e-01
4.80480480e+01,2.23254985e+00,1.16587249e+03,2.93793327e+06,1.65249726e+03,1.18451470e-01,5.38727864e-07,5.99753934e-01,2.81368329e-01
4.81481481e+01,2.22654375e+00,1.16645281e+03,2.92718622e+06,1.65082937e+03,1.18456084e-01,5.41523026e-07,5.99777297e-01,2.81379286e-01
4.82482482e+01,2.22204261e+00,1.16816053e+03,2.92158063e+06,1.65065312e+03,1.18481384e-01,5.44634168e-07,5.99905395e-01,2.81439379e-01
4.83483483e+01,2.21648059e+00,1.17154310e+03,2.91393068e+06,1.65008331e+03,1.18508597e-01,5.47984070e-07,6.00043180e-01,2.81504016e-01
4.84484484e+01,2.20851755e+00,1.17735453e+03,2.89952424e+06,1.64775399e+03,1.18515175e-01,5.51471831e-07,6.00076483e-01,2.81519635e-01
4.85485485e+01,2.20169486e+00,1.18409478e+03,2.88547307e+06,1.64538900e+03,1.18476374e-01,5.54985236e-07,5.99880021e-01,2.81427463e-01
4.86486486e+01,2.20507795e+00,1.18534488e+03,2.89056687e+06,1.64562836e+03,1.18486197e-01,5.58983846e-07,5.99929754e-01,2.81450790e-01
4.87487487e+01,2.22069589e+00,1.17754866e+03,2.91726555e+06,1.64947288e+03,1.18462841e-01,5.63119873e-07,5.99811493e-01,2.81395305e-01
4.88488488e+01,2.26752616e+00,1.15107984e+03,2.99855441e+06,1.66111781e+03,1.18413070e-01,5.67492859e-07,5.99559489e-01,2.81277074e-01
4.89489489e+01,2.31488921e+00,1.12441602e+03,3.09008946e+06,1.67601832e+03,1.18468403e-01,5.72779483e-07,5.99839650e-01,2.81408503e-01
4.90490490e+01,2.32865529e+00,1.11630260e+03,3.11915671e+06,1.68136733e+03,1.18497678e-01,5.78301248e-07,5.99987874e-01,2.81478035e-01
4.91491491e+01,2.32941731e+00,1.11575439e+03,3.12067375e+06,1.68154225e+03,1.18504199e-01,5.84040416e-07,6.00020889e-01,2.81493517e-01
4.92492492e+01,2.32830914e+00,1.11608692e+03,3.11634083e+06,1.68033810e+03,1.18480830e-01,5.89949819e-07,5.99902562e-01,2.81437998e-01
4.93493493e+01,2.33027850e+00,1.11408630e+03,3.12038293e+06,1.68103931e+03,1.18484804e-01,5.96318365e-07,5.99922678e-01,2.81447429e-01
4.94494494e+01,2.33023282e+00,1.11278892e+03,3.12054850e+06,1.68114195e+03,1.18486180e-01,6.02992617e-07,5.99929641e-01,2.81450688e-01
4.95495495e+01,2.32886954e+00,1.11241958e+03,3.11712681e+06,1.68033027e+03,1.18482750e-01,6.09947074e-07,5.99912267e-01,2.81442529e-01
4.96496496e+01,2.32852828e+00,1.11211924e+03,3.11758257e+06,1.68067330e+03,1.18493250e-01,6.17271281e-07,5.99965431e-01,2.81467462e-01
4.97497497e+01,2.32970229e+00,1.11173113e+03,3.11911167e+06,1.68078154e+03,1.18483997e-01,6.24782155e-07,5.99918573e-01,2.81445471e-01
4.98498498e+01,2.33587391e+00,1.11034559e+03,3.13629138e+06,1.68531875e+03,1.18501931e-01,6.32658856e-07,6.00009375e-01,2.81488061e-01
4.99499499e+01,2.40251090e+00,1.09991473e+03,3.03272778e+06,8.13200481e+02,2.97822785e-01,0.00000000e+00,0.00000000e+00,7.02177215e-01
5.00500501e+01,2.49221061e+00,9.91520992e+02,3.60749515e+06,5.02085008e+03,0.00000000e+00,2.30000000e-01,7.70073455e-01,0.00000000e+00
5.01501502e+01,2.11736189e+00,1.22156154e+03,2.86801354e+06,4.69992460e+03,0.00000000e+00,2.30000000e-01,7.69741246e-01,0.00000000e+00
5.02502503e+01,1.95560372e+00,1.32531914e+03,2.57256956e+06,4.56333310e+03,0.00000000e+00,2.30000000e-01,7.69984748e-01,0.00000000e+00
5.03503504e+01,1.90350685e+00,1.36070251e+03,2.47707375e+06,4.51413046e+03,0.00000000e+00,2.30000000e-01,7.69998810e-01,0.00000000e+00
5.04504505e+01,1.88385215e+00,1.37356780e+03,2.44149779e+06,4.49571705e+03,0.00000000e+00,2.30000000e-01,7.69999173e-01,0.00000000e+00
5.05505506e+01,1.87081231e+00,1.38205598e+03,2.41792385e+06,4.48334242e+03,0.00000000e+00,2.30000000e-01,7.69999039e-01,0.00000000e+00
5.06506507e+01,1.86116995e+00,1.38853075e+03,2.40019060e+06,4.47351406e+03,0.00000000e+00,2.30000000e-01,7.69999937e-01,0.00000000e+00
5.07507508e+01,1.85302699e+00,1.39397682e+03,2.38540255e+06,4.46548786e+03,0.00000000e+00,2.30000000e-01,7.70000225e-01,0.00000000e+00
5.08508509e+01,1.84550563e+00,1.39892288e+03,2.37207017e+06,4.45862539e+03,0.00000000e+00,2.30000000e-01,7.70000564e-01,0.00000000e+00
5.09509510e+01,1.83823463e+00,1.40349968e+03,2.35926572e+06,4.45209803e+03,0.00000000e+00,2.30000000e-01,7.70000615e-01,0.00000000e+00
5.10510511e+01,1.83125629e+00,1.40792066e+03,2.34681533e+06,4.44548430e+03,0.00000000e+00,2.30000000e-01,7.69999522e-01,0.00000000e+00
5.11511512e+01,1.82479645e+00,1.41250328e+03,2.33506888e+06,4.43889372e+03,0.00000000e+00,2.30000000e-01,7.69999111e-01,0.00000000e+00
5.12512513e+01,1.81861307e+00,1.41727035e+03,2.32387685e+06,4.43263775e+03,0.00000000e+00,2.30000000e-01,7.69999201e-01,0.00000000e+00
5.13513514e+01,1.81260220e+00,1.42222652e+03,2.31317145e+06,4.42684914e+03,0.00000000e+00,2.30000000e-01,7.69999283e-01,0.00000000e+00
5.14514515e+01,1.80695513e+00,1.42746974e+03,2.30316279e+06,4.42146666e+03,0.00000000e+00,2.30000000e-01,7.69999983e-01,0.00000000e+00
5.15515516e+01,1.80172796e+00,1.43298501e+03,2.29380041e+06,4.41626945e+03,0.00000000e+00,2.30000000e-01,7.69999832e-01,0.00000000e+00
5.16516517e+01,1.79660587e+00,1.43856613e+03,2.28462478e+06,4.41114246e+03,0.00000000e+00,2.30000000e-01,7.70000145e-01,0.00000000e+00
5.17517518e+01,1.79111215e+00,1.44392946e+03,2.27499280e+06,4.40601572e+03,0.00000000e+00,2.30000000e-01,7.70000635e-01,0.00000000e+00
5.18518519e+01,1.78530433e+00,1.44899975e+03,2.26467566e+06,4.40030060e+03,0.00000000e+00,2.30000000e-01,7.70001093e-01,0.00000000e+00
5.19519520e+01,1.77932605e+00,1.45381527e+03,2.25377156e+06,4.39382738e+03,0.00000000e+00,2.30000000e-01,7.70001003e-01,0.00000000e+00
5.20520521e+01,1.77311770e+00,1.45841231e+03,2.24241125e+06,4.38698983e+03,0.00000000e+00,2.30000000e-01,7.70000340e-01,0.00000000e+00
5.21521522e+01,1.76653644e+00,1.46276572e+03,2.23054802e+06,4.38004026e+03,0.00000000e+00,2.30000000e-01,7.69999897e-01,0.00000000e+00
5.22522523e+01,1.75965299e+00,1.46689697e+03,2.21822966e+06,4.37288968e+03,0.00000000e+00,2.30000000e-01,7.70000076e-01,0.00000000e+00
5.23523524e+01,1.75279074e+00,1.47102013e+03,2.20596318e+06,4.36573690e+03,0.00000000e+00,2.30000000e-01,7.69999352e-01,0.00000000e+00
5.24524525e+01,1.74631119e+00,1.47542594e+03,2.19441567e+06,4.35899694e+03,0.00000000e+00,2.30000000e-01,7.69999498e-01,0.00000000e+00
5.25525526e+01,1.74006823e+00,1.48001487e+03,2.18334722e+06,4.35256980e+03,0.00000000e+00,2.30000000e-01,7.69999700e-01,0.00000000e+00
5.26526527e+01,1.73393990e+00,1.48469651e+03,2.17254482e+06,4.34634127e+03,0.00000000e+00,2.30000000e-01,7.69999910e-01,0.00000000e+00
5.27527528e+01,1.72785562e+00,1.48941303e+03,2.16187321e+06,4.34022089e+03,0.00000000e+00,2.30000000e-01,7.70000037e-01,0.00000000e+00
5.28528529e+01,1.72178891e+00,1.49413632e+03,2.15126515e+06,4.33414130e+03,0.00000000e+00,2.30000000e-01,7.70000111e-01,0.00000000e+00
5.29529530e+01,1.71571524e+00,1.49884626e+03,2.14067762e+06,4.32807815e+03,0.00000000e+00,2.30000000e-01,7.70000105e-01,0.00000000e+00
5.30530531e+01,1.70961164e+00,1.50352267e+03,2.13006493e+06,4.32199656e+03,0.00000000e+00,2.30000000e-01,7.70000092e-01,0.00000000e+00
5.31531532e+01,1.70346160e+00,1.50814479e+03,2.11937855e+06,4.31583901e+03,0.00000000e+00,2.30000000e-01,7.70000071e-01,0.00000000e+00
5.32532533e+01,1.69724871e+00,1.51269897e+03,2.10858869e+06,4.30958446e+03,0.00000000e+00,2.30000000e-01,7.70000160e-01,0.00000000e+00
5.33533534e+01,1.69097137e+00,1.51718922e+03,2.09770298e+06,4.30325268e+03,0.00000000e+00,2.30000000e-01,7.69999941e-01,0.00000000e+00
5.34534535e+01,1.68475248e+00,1.52170666e+03,2.08693263e+06,4.29696205e+03,0.00000000e+00,2.30000000e-01,7.69999749e-01,0.00000000e+00
5.35535536e+01,1.67869331e+00,1.52631495e+03,2.07640761e+06,4.29072244e+03,0.00000000e+00,2.30000000e-01,7.69999801e-01,0.00000000e+00
5.36536537e+01,1.67274299e+00,1.53096702e+03,2.06602530e+06,4.28445447e+03,0.00000000e+00,2.30000000e-01,7.69999924e-01,0.00000000e+00
5.37537538e+01,1.66685883e+00,1.53562398e+03,2.05569997e+06,4.27809065e+03,0.00000000e+00,2.30000000e-01,7.70000015e-01,0.00000000e+00
5.38538539e+01,1.66101933e+00,1.54026824e+03,2.04539254e+06,4.27160447e+03,0.00000000e+00,2.30000000e-01,7.70000060e-01,0.00000000e+00
5.39539540e+01,1.65520612e+00,1.54489400e+03,2.03509037e+06,4.26501587e+03,0.00000000e+00,2.30000000e-01,7.70000098e-01,0.00000000e+00
5.40540541e+01,1.64939519e+00,1.54948760e+03,2.02476461e+06,4.25832519e+03,0.00000000e+00,2.30000000e-01,7.70000171e-01,0.00000000e+00
5.41541542e+01,1.64354855e+00,1.55402158e+03,2.01435615e+06,4.25150523e+03,0.00000000e+00,2.30000000e-01,7.70000188e-01,0.00000000e+00
5.42542543e+01,1.63761766e+00,1.55847014e+03,2.00381382e+06,4.24456881e+03,0.00000000e+00,2.30000000e-01,7.70000793e-01,0.00000000e+00
5.43543544e+01,1.63160942e+00,1.56285285e+03,1.99317132e+06,4.23757701e+03,0.00000000e+00,2.30000000e-01,7.69999780e-01,0.00000000e+00
5.44544545e+01,1.62580358e+00,1.56739083e+03,1.98291018e+06,4.23081629e+03,0.00000000e+00,2.30000000e-01,7.69999729e-01,0.00000000e+00
5.45545546e+01,1.62026548e+00,1.57213106e+03,1.97311218e+06,4.22430061e+03,0.00000000e+00,2.30000000e-01,7.69999691e-01,0.00000000e+00
5.46546547e+01,1.61493648e+00,1.57702883e+03,1.96368138e+06,4.21798296e+03,0.00000000e+00,2.30000000e-01,7.69999632e-01,0.00000000e+00
5.47547548e+01,1.60975036e+00,1.58203232e+03,1.95450964e+06,4.21180718e+03,0.00000000e+00,2.30000000e-01,7.69999746e-01,0.00000000e+00
5.48548549e+01,1.60464271e+00,1.58709175e+03,1.94549813e+06,4.20573266e+03,0.00000000e+00,2.30000000e-01,7.69999748e-01,0.00000000e+00
5.49549550e+01,1.59961261e+00,1.59219688e+03,1.93661050e+06,4.19968292e+03,0.00000000e+00,2.30000000e-01,7.70000094e-01,0.00000000e+00
5.50550551e+01,1.59459361e+00,1.59730356e+03,1.92776036e+06,4.19364809e+03,0.00000000e+00,2.30000000e-01,7.70000272e-01,0.00000000e+00
5.51551552e+01,1.58953509e+00,1.60237718e+03,1.91886891e+06,4.18758970e+03,0.00000000e+00,2.30000000e-01,7.70000318e-01,0.00000000e+00
5.52552553e+01,1.58443228e+00,1.60740247e+03,1.90991476e+06,4.18147218e+03,0.00000000e+00,2.30000000e-01,7.70000387e-01,0.00000000e+00
5.53553554e+01,1.57918217e+00,1.61233870e+03,1.90081940e+06,4.17539511e+03,0.00000000e+00,2.30000000e-01,7.70000282e-01,0.00000000e+00
5.54554555e+01,1.57371101e+00,1.61715267e+03,1.89150137e+06,4.16937249e+03,0.00000000e+00,2.30000000e-01,7.70000137e-01,0.00000000e+00
5.55555556e+01,1.56799322e+00,1.62181653e+03,1.88190711e+06,4.16335148e+03,0.00000000e+00,2.30000000e-01,7.70000011e-01,0.00000000e+00
5.56556557e+01,1.56203467e+00,1.62631757e+03,1.87201821e+06,4.15727297e+03,0.00000000e+00,2.30000000e-01,7.69999863e-01,0.00000000e+00
5.57557558e+01,1.55587200e+00,1.63066566e+03,1.86186488e+06,4.15109926e+03,0.00000000e+00,2.30000000e-01,7.70000574e-01,0.00000000e+00
5.58558559e+01,1.54962918e+00,1.63491476e+03,1.85155360e+06,4.14474489e+03,0.00000000e+00,2.30000000e-01,7.69999502e-01,0.00000000e+00
5.59559560e+01,1.54365122e+00,1.63931063e+03,1.84158928e+06,4.13840391e+03,0.00000000e+00,2.30000000e-01,7.69999558e-01,0.00000000e+00
5.60560561e+01,1.53795555e+00,1.64388227e+03,1.83201665e+06,4.13213864e+03,0.00000000e+00,2.30000000e-01,7.69999615e-01,0.00000000e+00
5.61561562e+01,1.53244944e+00,1.64855921e+03,1.82269769e+06,4.12589033e+03,0.00000000e+00,2.30000000e-01,7.69999754e-01,0.00000000e+00
5.62562563e+01,1.52704868e+00,1.65328305e+03,1.81351545e+06,4.11962314e+03,0.00000000e+00,2.30000000e-01,7.69999931e-01,0.00000000e+00
5.63563564e+01,1.52169556e+00,1.65801868e+03,1.80439936e+06,4.11333391e+03,0.00000000e+00,2.30000000e-01,7.70000016e-01,0.00000000e+00
5.64564565e+01,1.51636578e+00,1.66275713e+03,1.79532813e+06,4.10703980e+03,0.00000000e+00,2.30000000e-01,7.70000062e-01,0.00000000e+00
5.65565566e+01,1.51104277e+00,1.66749382e+03,1.78629190e+06,4.10076339e+03,0.00000000e+00,2.30000000e-01,7.70000089e-01,0.00000000e+00
5.66566567e+01,1.50570434e+00,1.67221962e+03,1.77727738e+06,4.09453470e+03,0.00000000e+00,2.30000000e-01,7.70000082e-01,0.00000000e+00
5.67567568e+01,1.50032802e+00,1.67692809e+03,1.76826758e+06,4.08837586e+03,0.00000000e+00,2.30000000e-01,7.70000064e-01,0.00000000e+00
5.68568569e+01,1.49489875e+00,1.68161168e+03,1.75924648e+06,4.08229113e+03,0.00000000e+00,2.30000000e-01,7.70000041e-01,0.00000000e+00
5.69569570e+01,1.48940842e+00,1.68626367e+03,1.75020227e+06,4.07627535e+03,0.00000000e+00,2.30000000e-01,7.70000008e-01,0.00000000e+00
5.70570571e+01,1.48385650e+00,1.69088096e+03,1.74113083e+06,4.07032040e+03,0.00000000e+00,2.30000000e-01,7.69999970e-01,0.00000000e+00
5.71571572e+01,1.47824983e+00,1.69546613e+03,1.73203911e+06,4.06442365e+03,0.00000000e+00,2.30000000e-01,7.69999924e-01,0.00000000e+00
5.72572573e+01,1.47260097e+00,1.70003148e+03,1.72295415e+06,4.05861438e+03,0.00000000e+00,2.30000000e-01,7.69999842e-01,0.00000000e+00
5.73573574e+01,1.46694332e+00,1.70461925e+03,1.71396132e+06,4.05300194e+03,0.00000000e+00,2.30000000e-01,7.69999892e-01,0.00000000e+00
5.74574575e+01,1.46130987e+00,1.70924115e+03,1.70506924e+06,4.04751778e+03,0.00000000e+00,2.30000000e-01,7.70000037e-01,0.00000000e+00
5.75575576e+01,1.45568019e+00,1.71388316e+03,1.69625099e+06,4.04215674e+03,0.00000000e+00,2.30000000e-01,7.70000161e-01,0.00000000e+00
5.76576577e+01,1.45002101e+00,1.71852498e+03,1.68747615e+06,4.03694066e+03,0.00000000e+00,2.30000000e-01,7.70000138e-01,0.00000000e+00
5.77577578e+01,1.44429042e+00,1.72316248e+03,1.67873869e+06,4.03197304e+03,0.00000000e+00,2.30000000e-01,7.70000067e-01,0.00000000e+00
5.78578579e+01,1.43846915e+00,1.72779255e+03,1.67002774e+06,4.02728340e+03,0.00000000e+00,2.30000000e-01,7.70000045e-01,0.00000000e+00
5.79579580e+01,1.43254809e+00,1.73240987e+03,1.66133242e+06,4.02287358e+03,0.00000000e+00,2.30000000e-01,7.70000057e-01,0.00000000e+00
5.80580581e+01,1.42651554e+00,1.73700842e+03,1.65264212e+06,4.01875343e+03,0.00000000e+00,2.30000000e-01,7.70000062e-01,0.00000000e+00
5.81581582e+01,1.42035772e+00,1.74158240e+03,1.64394806e+06,4.01494339e+03,0.00000000e+00,2.30000000e-01,7.70000021e-01,0.00000000e+00
5.82582583e+01,1.41406476e+00,1.74613760e+03,1.63526735e+06,4.01151765e+03,0.00000000e+00,2.30000000e-01,7.69999643e-01,0.00000000e+00
5.83583584e+01,1.40770808e+00,1.75077929e+03,1.62679569e+06,4.00875579e+03,0.00000000e+00,2.30000000e-01,7.69999754e-01,0.00000000e+00
5.84584585e+01,1.40138444e+00,1.75550674e+03,1.61850915e+06,4.00633165e+03,0.00000000e+00,2.30000000e-01,7.70000111e-01,0.00000000e+00
5.85585586e+01,1.39503728e+00,1.76027053e+03,1.61032662e+06,4.00421257e+03,0.00000000e+00,2.30000000e-01,7.70000257e-01,0.00000000e+00
5.86586587e+01,1.38860421e+00,1.76505293e+03,1.60222208e+06,4.00251758e+03,0.00000000e+00,2.30000000e-01,7.70000150e-01,0.00000000e+00
5.87587588e+01,1.38203819e+00,1.76985397e+03,1.59420162e+06,4.00140291e+03,0.00000000e+00,2.30000000e-01,7.69999993e-01,0.00000000e+00
5.88588589e+01,1.37533889e+00,1.77467574e+03,1.58626354e+06,4.00087252e+03,0.00000000e+00,2.30000000e-01,7.69999961e-01,0.00000000e+00
5.89589590e+01,1.36852227e+00,1.77951467e+03,1.57840017e+06,4.00086886e+03,0.00000000e+00,2.30000000e-01,7.70000028e-01,0.00000000e+00
5.90590591e+01,1.36158862e+00,1.78436323e+03,1.57059851e+06,4.00136620e+03,0.00000000e+00,2.30000000e-01,7.70000109e-01,0.00000000e+00
5.91591592e+01,1.35451672e+00,1.78921112e+03,1.56284069e+06,4.00238949e+03,0.00000000e+00,2.30000000e-01,7.70000156e-01,0.00000000e+00
5.92592593e+01,1.34727314e+00,1.79404584e+03,1.55510478e+06,4.00399024e+03,0.00000000e+00,2.30000000e-01,7.70000169e-01,0.00000000e+00
5.93593594e+01,1.33982216e+00,1.79885276e+03,1.54736560e+06,4.00621993e+03,0.00000000e+00,2.30000000e-01,7.70000167e-01,0.00000000e+00
5.94594595e+01,1.33213054e+00,1.80361510e+03,1.53959555e+06,4.00911828e+03,0.00000000e+00,2.30000000e-01,7.70000161e-01,0.00000000e+00
5.95595596e+01,1.32416840e+00,1.80831415e+03,1.53176549e+06,4.01271279e+03,0.00000000e+00,2.30000000e-01,7.70000152e-01,0.00000000e+00
5.96596597e+01,1.31590927e+00,1.81293012e+03,1.52384575e+06,4.01702083e+03,0.00000000e+00,2.30000000e-01,7.70000133e-01,0.00000000e+00
5.97597598e+01,1.30733145e+00,1.81744380e+03,1.51580803e+06,4.02205061e+03,0.00000000e+00,2.30000000e-01,7.70000096e-01,0.00000000e+00
5.98598599e+01,1.29842094e+00,1.82183876e+03,1.50762932e+06,4.02780217e+03,0.00000000e+00,2.30000000e-01,7.70000033e-01,0.00000000e+00
5.99599600e+01,1.28917551e+00,1.82610460e+03,1.49929827e+06,4.03427129e+03,0.00000000e+00,2.30000000e-01,7.69999941e-01,0.00000000e+00
6.00600601e+01,1.27960900e+00,1.83024173e+03,1.49082520e+06,4.04146115e+03,0.00000000e+00,2.30000000e-01,7.70000249e-01,0.00000000e+00
6.01601602e+01,1.26976170e+00,1.83430129e+03,1.48230384e+06,4.04952987e+03,0.00000000e+00,2.30000000e-01,7.69998845e-01,0.00000000e+00
6.02602603e+01,1.25991954e+00,1.83858692e+03,1.47423237e+06,4.05893831e+03,0.00000000e+00,2.30000000e-01,7.69999464e-01,0.00000000e+00
6.03603604e+01,1.25020617e+00,1.84308585e+03,1.46656571e+06,4.06920033e+03,0.00000000e+00,2.30000000e-01,7.69999771e-01,0.00000000e+00
6.04604605e+01,1.24051578e+00,1.84774399e+03,1.45922565e+06,4.08046137e+03,0.00000000e+00,2.30000000e-01,7.69999932e-01,0.00000000e+00
6.05605606e+01,1.23081170e+00,1.85252601e+03,1.45215452e+06,4.09270350e+03,0.00000000e+00,2.30000000e-01,7.70000025e-01,0.00000000e+00
6.06606607e+01,1.22108198e+00,1.85741615e+03,1.44531158e+06,4.10587423e+03,0.00000000e+00,2.30000000e-01,7.70000217e-01,0.00000000e+00
6.07607608e+01,1.21130499e+00,1.86237385e+03,1.43863186e+06,4.11988520e+03,0.00000000e+00,2.30000000e-01,7.70000297e-01,0.00000000e+00
6.08608609e+01,1.20143095e+00,1.86736399e+03,1.43207070e+06,4.13480165e+03,0.00000000e+00,2.30000000e-01,7.70000094e-01,0.00000000e+00
6.09609610e+01,1.19143669e+00,1.87238241e+03,1.42562361e+06,4.15071567e+03,0.00000000e+00,2.30000000e-01,7.70000010e-01,0.00000000e+00
6.10610611e+01,1.18132470e+00,1.87742247e+03,1.41928191e+06,4.16761970e+03,0.00000000e+00,2.30000000e-01,7.70000851e-01,0.00000000e+00
6.11611612e+01,1.17113647e+00,1.88252575e+03,1.41311624e+06,4.18561829e+03,0.00000000e+00,2.30000000e-01,7.69999648e-01,0.00000000e+00
6.12612613e+01,1.16125266e+00,1.88766235e+03,1.40703350e+06,4.20307311e+03,0.00000000e+00,2.30000000e-01,7.69999664e-01,0.00000000e+00
6.13613614e+01,1.15172381e+00,1.89276361e+03,1.40094257e+06,4.21950163e+03,0.00000000e+00,2.30000000e-01,7.69999795e-01,0.00000000e+00
6.14614615e+01,1.14249029e+00,1.89779063e+03,1.39479290e+06,4.23493127e+03,0.00000000e+00,2.30000000e-01,7.69999829e-01,0.00000000e+00
6.15615616e+01,1.13350604e+00,1.90273391e+03,1.38857484e+06,4.24946849e+03,0.00000000e+00,2.30000000e-01,7.69999822e-01,0.00000000e+00
6.16616617e+01,1.12473611e+00,1.90758222e+03,1.38227029e+06,4.26315860e+03,0.00000000e+00,2.30000000e-01,7.69999836e-01,0.00000000e+00
6.17617618e+01,1.11614898e+00,1.91231639e+03,1.37585074e+06,4.27600581e+03,0.00000000e+00,2.30000000e-01,7.69999880e-01,0.00000000e+00
6.18618619e+01,1.10771702e+00,1.91691572e+03,1.36928671e+06,4.28799876e+03,0.00000000e+00,2.30000000e-01,7.69999986e-01,0.00000000e+00
6.19619620e+01,1.09941988e+00,1.92136319e+03,1.36255403e+06,4.29911473e+03,0.00000000e+00,2.30000000e-01,7.70000427e-01,0.00000000e+00
6.20620621e+01,1.09125600e+00,1.92564627e+03,1.35562989e+06,4.30926459e+03,0.00000000e+00,2.30000000e-01,7.70000920e-01,0.00000000e+00
6.21621622e+01,1.08327563e+00,1.92981394e+03,1.34857069e+06,4.31840813e+03,0.00000000e+00,2.30000000e-01,7.70000315e-01,0.00000000e+00
6.22622623e+01,1.07556668e+00,1.93405675e+03,1.34169327e+06,4.32718015e+03,0.00000000e+00,2.30000000e-01,7.70000010e-01,0.00000000e+00
6.23623624e+01,1.06818244e+00,1.93841666e+03,1.33503399e+06,4.33546818e+03,0.00000000e+00,2.30000000e-01,7.69999931e-01,0.00000000e+00
6.24624625e+01,1.06113008e+00,1.94288656e+03,1.32857410e+06,4.34316449e+03,0.00000000e+00,2.30000000e-01,7.69999905e-01,0.00000000e+00
6.25625626e+01,1.05440197e+00,1.94745345e+03,1.32229067e+06,4.35020628e+03,0.00000000e+00,2.30000000e-01,7.69999899e-01,0.00000000e+00
6.26626627e+01,1.04798519e+00,1.95210284e+03,1.31616049e+06,4.35655122e+03,0.00000000e+00,2.30000000e-01,7.69999909e-01,0.00000000e+00
6.27627628e+01,1.04186352e+00,1.95682357e+03,1.31016674e+06,4.36219290e+03,0.00000000e+00,2.30000000e-01,7.69999897e-01,0.00000000e+00
6.28628629e+01,1.03602015e+00,1.96160980e+03,1.30430052e+06,4.36715515e+03,0.00000000e+00,2.30000000e-01,7.69999828e-01,0.00000000e+00
6.29629630e+01,1.03043658e+00,1.96645575e+03,1.29855288e+06,4.37147061e+03,0.00000000e+00,2.30000000e-01,7.69999753e-01,0.00000000e+00
6.30630631e+01,1.02508581e+00,1.97134704e+03,1.29290289e+06,4.37516947e+03,0.00000000e+00,2.30000000e-01,7.69999742e-01,0.00000000e+00
6.31631632e+01,1.01993111e+00,1.97625939e+03,1.28731677e+06,4.37828230e+03,0.00000000e+00,2.30000000e-01,7.69999795e-01,0.00000000e+00
6.32632633e+01,1.01493464e+00,1.98116517e+03,1.28175699e+06,4.38083356e+03,0.00000000e+00,2.30000000e-01,7.69999880e-01,0.00000000e+00
6.33633634e+01,1.01006565e+00,1.98604228e+03,1.27619298e+06,4.38284242e+03,0.00000000e+00,2.30000000e-01,7.69999941e-01,0.00000000e+00
6.34634635e+01,1.00530407e+00,1.99088010e+03,1.27060941e+06,4.38433501e+03,0.00000000e+00,2.30000000e-01,7.69999946e-01,0.00000000e+00
6.35635636e+01,1.00063790e+00,1.99567699e+03,1.26500375e+06,4.38534709e+03,0.00000000e+00,2.30000000e-01,7.69999944e-01,0.00000000e+00
6.36636637e+01,9.96057185e-01,2.00043062e+03,1.25937163e+06,4.38590011e+03,0.00000000e+00,2.30000000e-01,7.69999951e-01,0.00000000e+00
6.37637638e+01,9.91552569e-01,2.00513697e+03,1.25370686e+06,4.38600736e+03,0.00000000e+00,2.30000000e-01,7.69999962e-01,0.00000000e+00
6.38638639e+01,9.87116151e-01,2.00979166e+03,1.24800300e+06,4.38567517e+03,0.00000000e+00,2.30000000e-01,7.69999979e-01,0.00000000e+00
6.39639640e+01,9.82742055e-01,2.01439026e+03,1.24225480e+06,4.38490533e+03,0.00000000e+00,2.30000000e-01,7.69999999e-01,0.00000000e+00
6.40640641e+01,9.78426642e-01,2.01893034e+03,1.23645842e+06,4.38369482e+03,0.00000000e+00,2.30000000e-01,7.70000034e-01,0.00000000e+00
6.41641642e+01,9.74169397e-01,2.02341028e+03,1.23061272e+06,4.38203579e+03,0.00000000e+00,2.30000000e-01,7.70000171e-01,0.00000000e+00
6.42642643e+01,9.69974307e-01,2.02783122e+03,1.22471678e+06,4.37990243e+03,0.00000000e+00,2.30000000e-01,7.70000181e-01,0.00000000e+00
6.43643644e+01,9.65854754e-01,2.03222318e+03,1.21881168e+06,4.37737589e+03,0.00000000e+00,2.30000000e-01,7.70000053e-01,0.00000000e+00
6.44644645e+01,9.61825833e-01,2.03662600e+03,1.21295565e+06,4.37459189e+03,0.00000000e+00,2.30000000e-01,7.70000047e-01,0.00000000e+00
6.45645646e+01,9.57894020e-01,2.04104673e+03,1.20715354e+06,4.37153642e+03,0.00000000e+00,2.30000000e-01,7.70000068e-01,0.00000000e+00
6.46646647e+01,9.54062113e-01,2.04549589e+03,1.20141804e+06,4.36824055e+03,0.00000000e+00,2.30000000e-01,7.70000075e-01,0.00000000e+00
6.47647648e+01,9.50334456e-01,2.04998832e+03,1.19576623e+06,4.36474486e+03,0.00000000e+00,2.30000000e-01,7.70000057e-01,0.00000000e+00
6.48648649e+01,9.46716625e-01,2.05453978e+03,1.19021614e+06,4.36108856e+03,0.00000000e+00,2.30000000e-01,7.70000015e-01,0.00000000e+00
6.49649650e+01,9.43212779e-01,2.05916292e+03,1.18478239e+06,4.35730551e+03,0.00000000e+00,2.30000000e-01,7.69999963e-01,0.00000000e+00
6.50650651e+01,9.39822935e-01,2.06386400e+03,1.17947172e+06,4.35342043e+03,0.00000000e+00,2.30000000e-01,7.69999912e-01,0.00000000e+00
6.51651652e+01,9.36541736e-01,2.06864143e+03,1.17428085e+06,4.34944637e+03,0.00000000e+00,2.30000000e-01,7.69999869e-01,0.00000000e+00
6.52652653e+01,9.33358484e-01,2.07348608e+03,1.16919687e+06,4.34538555e+03,0.00000000e+00,2.30000000e-01,7.69999843e-01,0.00000000e+00
6.53653654e+01,9.30257901e-01,2.07838267e+03,1.16419910e+06,4.34123247e+03,0.00000000e+00,2.30000000e-01,7.69999843e-01,0.00000000e+00
6.54654655e+01,9.27221761e-01,2.08331194e+03,1.15926217e+06,4.33697766e+03,0.00000000e+00,2.30000000e-01,7.69999874e-01,0.00000000e+00
6.55655656e+01,9.24231745e-01,2.08825430e+03,1.15436086e+06,4.33261227e+03,0.00000000e+00,2.30000000e-01,7.69999929e-01,0.00000000e+00
6.56656657e+01,9.21272851e-01,2.09319424e+03,1.14947569e+06,4.32813307e+03,0.00000000e+00,2.30000000e-01,7.69999983e-01,0.00000000e+00
6.57657658e+01,9.18335827e-01,2.09812376e+03,1.14459703e+06,4.32354678e+03,0.00000000e+00,2.30000000e-01,7.70000006e-01,0.00000000e+00
6.58658659e+01,9.15416970e-01,2.10304126e+03,1.13972214e+06,4.31885969e+03,0.00000000e+00,2.30000000e-01,7.70000026e-01,0.00000000e+00
6.59659660e+01,9.12512836e-01,2.10794488e+03,1.13484891e+06,4.31407930e+03,0.00000000e+00,2.30000000e-01,7.70000038e-01,0.00000000e+00
6.60660661e+01,9.09618312e-01,2.11283204e+03,1.12997666e+06,4.30922669e+03,0.00000000e+00,2.30000000e-01,7.70000037e-01,0.00000000e+00
6.61661662e+01,9.06728395e-01,2.11769995e+03,1.12510435e+06,4.30432102e+03,0.00000000e+00,2.30000000e-01,7.70000030e-01,0.00000000e+00
6.62662663e+01,9.03839346e-01,2.12254545e+03,1.12022968e+06,4.29937077e+03,0.00000000e+00,2.30000000e-01,7.70000033e-01,0.00000000e+00
6.63663664e+01,9.00947898e-01,2.12736384e+03,1.11534777e+06,4.29437229e+03,0.00000000e+00,2.30000000e-01,7.70000032e-01,0.00000000e+00
6.64664665e+01,8.98050267e-01,2.13215167e+03,1.11045314e+06,4.28932208e+03,0.00000000e+00,2.30000000e-01,7.70000025e-01,0.00000000e+00
6.65665666e+01,8.95143502e-01,2.13690617e+03,1.10554203e+06,4.28421907e+03,0.00000000e+00,2.30000000e-01,7.70000014e-01,0.00000000e+00
6.66666667e+01,8.92226029e-01,2.14162542e+03,1.10061208e+06,4.27906090e+03,0.00000000e+00,2.30000000e-01,7.69999999e-01,0.00000000e+00
6.67667668e+01,8.89298016e-01,2.14630871e+03,1.09566212e+06,4.27384151e+03,0.00000000e+00,2.30000000e-01,7.69999984e-01,0.00000000e+00
6.68668669e+01,8.86361534e-01,2.15095659e+03,1.09069234e+06,4.26855084e+03,0.00000000e+00,2.30000000e-01,7.69999968e-01,0.00000000e+00
6.69669670e+01,8.83420446e-01,2.15557103e+03,1.08570453e+06,4.26317637e+03,0.00000000e+00,2.30000000e-01,7.69999965e-01,0.00000000e+00
6.70670671e+01,8.80479652e-01,2.16015340e+03,1.08070073e+06,4.25770150e+03,0.00000000e+00,2.30000000e-01,7.69999978e-01,0.00000000e+00
6.71671672e+01,8.77541946e-01,2.16470515e+03,1.07568051e+06,4.25211012e+03,0.00000000e+00,2.30000000e-01,7.69999985e-01,0.00000000e+00
6.72672673e+01,8.74608369e-01,2.16922911e+03,1.07064460e+06,4.24639887e+03,0.00000000e+00,2.30000000e-01,7.69999992e-01,0.00000000e+00
6.73673674e+01,8.71679070e-01,2.17372765e+03,1.06559481e+06,4.24057315e+03,0.00000000e+00,2.30000000e-01,7.69999998e-01,0.00000000e+00
6.74674675e+01,8.68753395e-01,2.17820311e+03,1.06053312e+06,4.23464298e+03,0.00000000e+00,2.30000000e-01,7.70000000e-01,0.00000000e+00
6.75675676e+01,8.65830274e-01,2.18265774e+03,1.05546181e+06,4.22862119e+03,0.00000000e+00,2.30000000e-01,7.70000129e-01,0.00000000e+00
6.76676677e+01,8.62908927e-01,2.18709061e+03,1.05038121e+06,4.22251331e+03,0.00000000e+00,2.30000000e-01,7.70000080e-01,0.00000000e+00
6.77677678e+01,8.60007377e-01,2.19153709e+03,1.04532991e+06,4.21638538e+03,0.00000000e+00,2.30000000e-01,7.69999960e-01,0.00000000e+00
6.78678679e+01,8.57145504e-01,2.19603591e+03,1.04034391e+06,4.21028478e+03,0.00000000e+00,2.30000000e-01,7.69999969e-01,0.00000000e+00
6.79679680e+01,8.54320091e-01,2.20058159e+03,1.03542015e+06,4.20421653e+03,0.00000000e+00,2.30000000e-01,7.69999993e-01,0.00000000e+00
6.80680681e+01,8.51527474e-01,2.20517133e+03,1.03055585e+06,4.19818858e+03,0.00000000e+00,2.30000000e-01,7.70000007e-01,0.00000000e+00
6.81681682e+01,8.48766359e-01,2.20980502e+03,1.02575202e+06,4.19221264e+03,0.00000000e+00,2.30000000e-01,7.70000003e-01,0.00000000e+00
6.82682683e+01,8.46037152e-01,2.21448387e+03,1.02101196e+06,4.18630130e+03,0.00000000e+00,2.30000000e-01,7.69999986e-01,0.00000000e+00
6.83683684e+01,8.43340313e-01,2.21920813e+03,1.01633834e+06,4.18046454e+03,0.00000000e+00,2.30000000e-01,7.69999966e-01,0.00000000e+00
6.84684685e+01,8.40674893e-01,2.22397556e+03,1.01173102e+06,4.17470787e+03,0.00000000e+00,2.30000000e-01,7.69999950e-01,0.00000000e+00
6.85685686e+01,8.38037994e-01,2.22878127e+03,1.00718650e+06,4.16903261e+03,0.00000000e+00,2.30000000e-01,7.69999944e-01,0.00000000e+00
6.86686687e+01,8.35425106e-01,2.23361842e+03,1.00269863e+06,4.16343702e+03,0.00000000e+00,2.30000000e-01,7.69999951e-01,0.00000000e+00
6.87687688e+01,8.32831004e-01,2.23847982e+03,9.98260079e+05,4.15791795e+03,0.00000000e+00,2.30000000e-01,7.69999964e-01,0.00000000e+00
6.88688689e+01,8.30250960e-01,2.24335923e+03,9.93863977e+05,4.15247143e+03,0.00000000e+00,2.30000000e-01,7.69999978e-01,0.00000000e+00
6.89689690e+01,8.27681512e-01,2.24825210e+03,9.89504892e+05,4.14709299e+03,0.00000000e+00,2.30000000e-01,7.69999993e-01,0.00000000e+00
6.90690691e+01,8.25120603e-01,2.25315532e+03,9.85178930e+05,4.14177748e+03,0.00000000e+00,2.30000000e-01,7.70000003e-01,0.00000000e+00
6.91691692e+01,8.22567371e-01,2.25806701e+03,9.80882637e+05,4.13651537e+03,0.00000000e+00,2.30000000e-01,7.70000016e-01,0.00000000e+00
6.92692693e+01,8.20020666e-01,2.26298472e+03,9.76612358e+05,4.13129766e+03,0.00000000e+00,2.30000000e-01,7.70000024e-01,0.00000000e+00
6.93693694e+01,8.17478465e-01,2.26790505e+03,9.72365208e+05,4.12612290e+03,0.00000000e+00,2.30000000e-01,7.70000024e-01,0.00000000e+00
6.94694695e+01,8.14938923e-01,2.27282392e+03,9.68138198e+05,4.12098817e+03,0.00000000e+00,2.30000000e-01,7.70000015e-01,0.00000000e+00
6.95695696e+01,8.12400854e-01,2.27773865e+03,9.63928444e+05,4.11588759e+03,0.00000000e+00,2.30000000e-01,7.70000000e-01,0.00000000e+00
6.96696697e+01,8.09864434e-01,2.28264820e+03,9.59733563e+05,4.11081033e+03,0.00000000e+00,2.30000000e-01,7.69999994e-01,0.00000000e+00
6.97697698e+01,8.07330664e-01,2.28755174e+03,9.55549815e+05,4.10573548e+03,0.00000000e+00,2.30000000e-01,7.69999998e-01,0.00000000e+00
6.98698699e+01,8.04800091e-01,2.29244853e+03,9.51374200e+05,4.10064744e+03,0.00000000e+00,2.30000000e-01,7.70000004e-01,0.00000000e+00
6.99699700e+01,8.02272481e-01,2.29733794e+03,9.47204726e+05,4.09553873e+03,0.00000000e+00,2.30000000e-01,7.70000008e-01,0.00000000e+00
7.00700701e+01,7.99747058e-01,2.30221926e+03,9.43039555e+05,4.09040522e+03,0.00000000e+00,2.30000000e-01,7.70000010e-01,0.00000000e+00
7.01701702e+01,7.97222764e-01,2.30709169e+03,9.38876658e+05,4.08524329e+03,0.00000000e+00,2.30000000e-01,7.70000014e-01,0.00000000e+00
7.02702703e+01,7.94698332e-01,2.31195376e+03,9.34713814e+05,4.08004948e+03,0.00000000e+00,2.30000000e-01,7.70000023e-01,0.00000000e+00
7.03703704e+01,7.92171509e-01,2.31680330e+03,9.30547643e+05,4.07482031e+03,0.00000000e+00,2.30000000e-01,7.70000028e-01,0.00000000e+00
7.04704705e+01,7.89639073e-01,2.32163898e+03,9.26374461e+05,4.06955583e+03,0.00000000e+00,2.30000000e-01,7.70000028e-01,0.00000000e+00
7.05705706e+01,7.87097710e-01,2.32645976e+03,9.22191251e+05,4.06425939e+03,0.00000000e+00,2.30000000e-01,7.70000025e-01,0.00000000e+00
7.06706707e+01,7.84544439e-01,2.33126487e+03,9.17995685e+05,4.05893562e+03,0.00000000e+00,2.30000000e-01,7.70000020e-01,0.00000000e+00
7.07707708e+01,7.81976803e-01,2.33605398e+03,9.13785900e+05,4.05358847e+03,0.00000000e+00,2.30000000e-01,7.70000014e-01,0.00000000e+00
7.08708709e+01,7.79392880e-01,2.34082744e+03,9.09560176e+05,4.04821976e+03,0.00000000e+00,2.30000000e-01,7.70000008e-01,0.00000000e+00
7.09709710e+01,7.76791319e-01,2.34558635e+03,9.05316798e+05,4.04282829e+03,0.00000000e+00,2.30000000e-01,7.69999999e-01,0.00000000e+00
7.10710711e+01,7.74171745e-01,2.35033206e+03,9.01054684e+05,4.03741059e+03,0.00000000e+00,2.30000000e-01,7.69999988e-01,0.00000000e+00
7.11711712e+01,7.71535600e-01,2.35506474e+03,8.96774902e+05,4.03196328e+03,0.00000000e+00,2.30000000e-01,7.69999972e-01,0.00000000e+00
7.12712713e+01,7.68887023e-01,2.35978204e+03,8.92482543e+05,4.02648701e+03,0.00000000e+00,2.30000000e-01,7.69999948e-01,0.00000000e+00
7.13713714e+01,7.66233960e-01,2.36447884e+03,8.88189015e+05,4.02099098e+03,0.00000000e+00,2.30000000e-01,7.69999962e-01,0.00000000e+00
7.14714715e+01,7.63584814e-01,2.36914386e+03,8.83903972e+05,4.01547468e+03,0.00000000e+00,2.30000000e-01,7.69999980e-01,0.00000000e+00
7.15715716e+01,7.60940816e-01,2.37378037e+03,8.79627685e+05,4.00993282e+03,0.00000000e+00,2.30000000e-01,7.69999985e-01,0.00000000e+00
7.16716717e+01,7.58302873e-01,2.37839090e+03,8.75360837e+05,4.00436352e+03,0.00000000e+00,2.30000000e-01,7.69999990e-01,0.00000000e+00
7.17717718e+01,7.55671609e-01,2.38297707e+03,8.71104085e+05,3.99876626e+03,0.00000000e+00,2.30000000e-01,7.70000014e-01,0.00000000e+00
7.18718719e+01,7.53047055e-01,2.38753924e+03,8.66857304e+05,3.99313992e+03,0.00000000e+00,2.30000000e-01,7.70000114e-01,0.00000000e+00
7.19719720e+01,7.50434606e-01,2.39208944e+03,8.62634182e+05,3.98752016e+03,0.00000000e+00,2.30000000e-01,7.69999996e-01,0.00000000e+00
7.20720721e+01,7.47849549e-01,2.39666186e+03,8.58455240e+05,3.98191974e+03,0.00000000e+00,2.30000000e-01,7.69999995e-01,0.00000000e+00
7.21721722e+01,7.45292432e-01,2.40125906e+03,8.54326342e+05,3.97636438e+03,0.00000000e+00,2.30000000e-01,7.69999982e-01,0.00000000e+00
7.22722723e+01,7.42762228e-01,2.40588238e+03,8.50248027e+05,3.97086311e+03,0.00000000e+00,2.30000000e-01,7.69999972e-01,0.00000000e+00
7.23723724e+01,7.40257438e-01,2.41053011e+03,8.46217464e+05,3.96541182e+03,0.00000000e+00,2.30000000e-01,7.69999973e-01,0.00000000e+00
7.24724725e+01,7.37776004e-01,2.41519838e+03,8.42229821e+05,3.95999993e+03,0.00000000e+00,2.30000000e-01,7.69999980e-01,0.00000000e+00
7.25725726e+01,7.35315881e-01,2.41988316e+03,8.38280193e+05,3.95461623e+03,0.00000000e+00,2.30000000e-01,7.69999987e-01,0.00000000e+00
7.26726727e+01,7.32875466e-01,2.42458179e+03,8.34364887e+05,3.94925269e+03,0.00000000e+00,2.30000000e-01,7.69999985e-01,0.00000000e+00
7.27727728e+01,7.30453519e-01,2.42929308e+03,8.30481487e+05,3.94390515e+03,0.00000000e+00,2.30000000e-01,7.69999973e-01,0.00000000e+00
7.28728729e+01,7.28048595e-01,2.43401615e+03,8.26627695e+05,3.93857101e+03,0.00000000e+00,2.30000000e-01,7.69999963e-01,0.00000000e+00
7.29729730e+01,7.25658379e-01,2.43874883e+03,8.22799880e+05,3.93324590e+03,0.00000000e+00,2.30000000e-01,7.69999970e-01,0.00000000e+00
7.30730731e+01,7.23279781e-01,2.44348733e+03,8.18992906e+05,3.92792238e+03,0.00000000e+00,2.30000000e-01,7.69999996e-01,0.00000000e+00
7.31731732e+01,7.20910254e-01,2.44822838e+03,8.15201691e+05,3.92259025e+03,0.00000000e+00,2.30000000e-01,7.70000010e-01,0.00000000e+00
7.32732733e+01,7.18548379e-01,2.45297105e+03,8.11423000e+05,3.91724171e+03,0.00000000e+00,2.30000000e-01,7.70000022e-01,0.00000000e+00
7.33733734e+01,7.16192063e-01,2.45771419e+03,8.07656211e+05,3.91188522e+03,0.00000000e+00,2.30000000e-01,7.70000024e-01,0.00000000e+00
7.34734735e+01,7.13839033e-01,2.46245652e+03,8.03902193e+05,3.90653748e+03,0.00000000e+00,2.30000000e-01,7.70000014e-01,0.00000000e+00
7.35735736e+01,7.11487987e-01,2.46719686e+03,8.00161872e+05,3.90121028e+03,0.00000000e+00,2.30000000e-01,7.70000004e-01,0.00000000e+00
7.36736737e+01,7.09138890e-01,2.47193354e+03,7.96434418e+05,3.89589996e+03,0.00000000e+00,2.30000000e-01,7.70000001e-01,0.00000000e+00
7.37737738e+01,7.06792241e-01,2.47666445e+03,7.92718248e+05,3.89059622e+03,0.00000000e+00,2.30000000e-01,7.70000003e-01,0.00000000e+00
7.38738739e+01,7.04448301e-01,2.48138735e+03,7.89012109e+05,3.88529160e+03,0.00000000e+00,2.30000000e-01,7.70000008e-01,0.00000000e+00
7.39739740e+01,7.02106813e-01,2.48610020e+03,7.85315188e+05,3.87998356e+03,0.00000000e+00,2.30000000e-01,7.70000011e-01,0.00000000e+00
7.40740741e+01,6.99767114e-01,2.49080119e+03,7.81626740e+05,3.87467209e+03,0.00000000e+00,2.30000000e-01,7.70000011e-01,0.00000000e+00
7.41741742e+01,6.97428372e-01,2.49548878e+03,7.77945738e+05,3.86935672e+03,0.00000000e+00,2.30000000e-01,7.70000011e-01,0.00000000e+00
7.42742743e+01,6.95089768e-01,2.50016149e+03,7.74270807e+05,3.86403510e+03,0.00000000e+00,2.30000000e-01,7.70000015e-01,0.00000000e+00
7.43743744e+01,6.92750299e-01,2.50481736e+03,7.70599947e+05,3.85870277e+03,0.00000000e+00,2.30000000e-01,7.70000014e-01,0.00000000e+00
7.44744745e+01,6.90408689e-01,2.50945555e+03,7.66931045e+05,3.85335610e+03,0.00000000e+00,2.30000000e-01,7.70000011e-01,0.00000000e+00
7.45745746e+01,6.88063749e-01,2.51407591e+03,7.63262659e+05,3.84799425e+03,0.00000000e+00,2.30000000e-01,7.70000009e-01,0.00000000e+00
7.46746747e+01,6.85714349e-01,2.51867900e+03,7.59594039e+05,3.84261956e+03,0.00000000e+00,2.30000000e-01,7.70000005e-01,0.00000000e+00
7.47747748e+01,6.83359509e-01,2.52326628e+03,7.55925604e+05,3.83723880e+03,0.00000000e+00,2.30000000e-01,7.70000149e-01,0.00000000e+00
7.48748749e+01,6.81000294e-01,2.52784356e+03,7.52264218e+05,3.83188273e+03,0.00000000e+00,2.30000000e-01,7.69999946e-01,0.00000000e+00
7.49749750e+01,6.78657010e-01,2.53245145e+03,7.48640375e+05,3.82659071e+03,0.00000000e+00,2.30000000e-01,7.69999940e-01,0.00000000e+00
7.50750751e+01,6.76338622e-01,2.53710428e+03,7.45056998e+05,3.82132884e+03,0.00000000e+00,2.30000000e-01,7.69999953e-01,0.00000000e+00
7.51751752e+01,6.74040700e-01,2.54179575e+03,7.41511309e+05,3.81610893e+03,0.00000000e+00,2.30000000e-01,7.69999946e-01,0.00000000e+00
7.52752753e+01,6.71759608e-01,2.54652152e+03,7.37997411e+05,3.81092197e+03,0.00000000e+00,2.30000000e-01,7.69999945e-01,0.00000000e+00
7.53753754e+01,6.69491643e-01,2.55127525e+03,7.34510664e+05,3.80576565e+03,0.00000000e+00,2.30000000e-01,7.69999963e-01,0.00000000e+00
7.54754755e+01,6.67232316e-01,2.55605291e+03,7.31042889e+05,3.80062371e+03,0.00000000e+00,2.30000000e-01,7.69999980e-01,0.00000000e+00
7.55755756e+01,6.64978924e-01,2.56085036e+03,7.27587460e+05,3.79547737e+03,0.00000000e+00,2.30000000e-01,7.69999996e-01,0.00000000e+00
7.56756757e+01,6.62731217e-01,2.56566066e+03,7.24144850e+05,3.79033065e+03,0.00000000e+00,2.30000000e-01,7.70000004e-01,0.00000000e+00
7.57757758e+01,6.60489623e-01,2.57047869e+03,7.20718282e+05,3.78519813e+03,0.00000000e+00,2.30000000e-01,7.70000009e-01,0.00000000e+00
7.58758759e+01,6.58254339e-01,2.57530036e+03,7.17310397e+05,3.78009289e+03,0.00000000e+00,2.30000000e-01,7.70000008e-01,0.00000000e+00
7.59759760e+01,6.56025530e-01,2.58012184e+03,7.13921276e+05,3.77501482e+03,0.00000000e+00,2.30000000e-01,7.70000006e-01,0.00000000e+00
7.60760761e+01,6.53803396e-01,2.58493968e+03,7.10548598e+05,3.76995088e+03,0.00000000e+00,2.30000000e-01,7.70000008e-01,0.00000000e+00
7.61761762e+01,6.51587809e-01,2.58975117e+03,7.07189754e+05,3.76488821e+03,0.00000000e+00,2.30000000e-01,7.70000009e-01,0.00000000e+00
7.62762763e+01,6.49378200e-01,2.59455491e+03,7.03843854e+05,3.75982554e+03,0.00000000e+00,2.30000000e-01,7.70000009e-01,0.00000000e+00
7.63763764e+01,6.47173908e-01,2.59934996e+03,7.00510239e+05,3.75476329e+03,0.00000000e+00,2.30000000e-01,7.70000011e-01,0.00000000e+00
7.64764765e+01,6.44974212e-01,2.60413484e+03,6.97187503e+05,3.74969822e+03,0.00000000e+00,2.30000000e-01,7.70000016e-01,0.00000000e+00
7.65765766e+01,6.42778161e-01,2.60890745e+03,6.93874126e+05,3.74462776e+03,0.00000000e+00,2.30000000e-01,7.70000019e-01,0.00000000e+00
7.66766767e+01,6.40584599e-01,2.61366524e+03,6.90568461e+05,3.73954977e+03,0.00000000e+00,2.30000000e-01,7.70000020e-01,0.00000000e+00
7.67767768e+01,6.38392263e-01,2.61840555e+03,6.87268568e+05,3.73446106e+03,0.00000000e+00,2.30000000e-01,7.70000025e-01,0.00000000e+00
7.68768769e+01,6.36199790e-01,2.62312465e+03,6.83972098e+05,3.72935674e+03,0.00000000e+00,2.30000000e-01,7.70000035e-01,0.00000000e+00
7.69769770e+01,6.34005040e-01,2.62781806e+03,6.80675501e+05,3.72422982e+03,0.00000000e+00,2.30000000e-01,7.70000036e-01,0.00000000e+00
7.70770771e+01,6.31805426e-01,2.63248262e+03,6.77375006e+05,3.71907454e+03,0.00000000e+00,2.30000000e-01,7.70000032e-01,0.00000000e+00
7.71771772e+01,6.29598698e-01,2.63711542e+03,6.74067795e+05,3.71388819e+03,0.00000000e+00,2.30000000e-01,7.70000026e-01,0.00000000e+00
7.72772773e+01,6.27383031e-01,2.64171380e+03,6.70752034e+05,3.70867094e+03,0.00000000e+00,2.30000000e-01,7.70000020e-01,0.00000000e+00
7.73773774e+01,6.25157086e-01,2.64627556e+03,6.67426766e+05,3.70342486e+03,0.00000000e+00,2.30000000e-01,7.70000010e-01,0.00000000e+00
7.74774775e+01,6.22920204e-01,2.65079919e+03,6.64091867e+05,3.69815259e+03,0.00000000e+00,2.30000000e-01,7.69999997e-01,0.00000000e+00
7.75775776e+01,6.20672663e-01,2.65528417e+03,6.60748072e+05,3.69285603e+03,0.00000000e+00,2.30000000e-01,7.69999978e-01,0.00000000e+00
7.76776777e+01,6.18415882e-01,2.65973179e+03,6.57397083e+05,3.68753520e+03,0.00000000e+00,2.30000000e-01,7.70000099e-01,0.00000000e+00
7.77777778e+01,6.16152619e-01,2.66414296e+03,6.54041892e+05,3.68219079e+03,0.00000000e+00,2.30000000e-01,7.70000134e-01,0.00000000e+00
7.78778779e+01,6.13903156e-01,2.66855423e+03,6.50713582e+05,3.67687724e+03,0.00000000e+00,2.30000000e-01,7.69999900e-01,0.00000000e+00
7.79779780e+01,6.11691849e-01,2.67302886e+03,6.47440794e+05,3.67160948e+03,0.00000000e+00,2.30000000e-01,7.69999919e-01,0.00000000e+00
7.80780781e+01,6.09513790e-01,2.67755421e+03,6.44220080e+05,3.66639985e+03,0.00000000e+00,2.30000000e-01,7.69999944e-01,0.00000000e+00
7.81781782e+01,6.07363382e-01,2.68212326e+03,6.41044563e+05,3.66124441e+03,0.00000000e+00,2.30000000e-01,7.69999944e-01,0.00000000e+00
7.82782783e+01,6.05236722e-01,2.68673150e+03,6.37908621e+05,3.65613576e+03,0.00000000e+00,2.30000000e-01,7.69999929e-01,0.00000000e+00
7.83783784e+01,6.03130201e-01,2.69137402e+03,6.34806663e+05,3.65106459e+03,0.00000000e+00,2.30000000e-01,7.69999921e-01,0.00000000e+00
7.84784785e+01,6.01039402e-01,2.69604392e+03,6.31731910e+05,3.64601943e+03,0.00000000e+00,2.30000000e-01,7.69999937e-01,0.00000000e+00
7.85785786e+01,5.98959409e-01,2.70073297e+03,6.28676931e+05,3.64098780e+03,0.00000000e+00,2.30000000e-01,7.69999977e-01,0.00000000e+00
7.86786787e+01,5.96886193e-01,2.70543439e+03,6.25635458e+05,3.63595835e+03,0.00000000e+00,2.30000000e-01,7.70000004e-01,0.00000000e+00
7.87787788e+01,5.94817837e-01,2.71014536e+03,6.22603368e+05,3.63091894e+03,0.00000000e+00,2.30000000e-01,7.70000021e-01,0.00000000e+00
7.88788789e+01,5.92752905e-01,2.71486468e+03,6.19579377e+05,3.62587086e+03,0.00000000e+00,2.30000000e-01,7.70000025e-01,0.00000000e+00
7.89789790e+01,5.90689442e-01,2.71959184e+03,6.16564544e+05,3.62083231e+03,0.00000000e+00,2.30000000e-01,7.70000015e-01,0.00000000e+00
7.90790791e+01,5.88626646e-01,2.72432452e+03,6.13560561e+05,3.61581828e+03,0.00000000e+00,2.30000000e-01,7.70000004e-01,0.00000000e+00
7.91791792e+01,5.86564694e-01,2.72906012e+03,6.10567156e+05,3.61082632e+03,0.00000000e+00,2.30000000e-01,7.70000000e-01,0.00000000e+00
7.92792793e+01,5.84503932e-01,2.73379698e+03,6.07582493e+05,3.60584366e+03,0.00000000e+00,2.30000000e-01,7.70000002e-01,0.00000000e+00
7.93793794e+01,5.82444460e-01,2.73853393e+03,6.04604646e+05,3.60085836e+03,0.00000000e+00,2.30000000e-01,7.70000007e-01,0.00000000e+00
7.94794795e+01,5.80385957e-01,2.74327007e+03,6.01632182e+05,3.59586384e+03,0.00000000e+00,2.30000000e-01,7.70000011e-01,0.00000000e+00
7.95795796e+01,5.78327806e-01,2.74800443e+03,5.98664138e+05,3.59085808e+03,0.00000000e+00,2.30000000e-01,7.70000018e-01,0.00000000e+00
7.96796797e+01,5.76269077e-01,2.75273486e+03,5.95699344e+05,3.58583974e+03,0.00000000e+00,2.30000000e-01,7.70000023e-01,0.00000000e+00
7.97797798e+01,5.74208257e-01,2.75745995e+03,5.92735510e+05,3.58080427e+03,0.00000000e+00,2.30000000e-01,7.70000021e-01,0.00000000e+00
7.98798799e+01,5.72143662e-01,2.76217954e+03,5.89769628e+05,3.57574370e+03,0.00000000e+00,2.30000000e-01,7.70000022e-01,0.00000000e+00
7.99799800e+01,5.70073308e-01,2.76689495e+03,5.86797866e+05,3.57064677e+03,0.00000000e+00,2.30000000e-01,7.70000022e-01,0.00000000e+00
8.00800801e+01,5.67995055e-01,2.77160835e+03,5.83816034e+05,3.56550080e+03,0.00000000e+00,2.30000000e-01,7.70000012e-01,0.00000000e+00
8.01801802e+01,5.65907939e-01,2.77631978e+03,5.80821789e+05,3.56029680e+03,0.00000000e+00,2.30000000e-01,7.69999979e-01,0.00000000e+00
8.02802803e+01,5.63814364e-01,2.78102494e+03,5.77818104e+05,3.55503686e+03,0.00000000e+00,2.30000000e-01,7.69999959e-01,0.00000000e+00
8.03803804e+01,5.61722639e-01,2.78569874e+03,5.74817592e+05,3.54974538e+03,0.00000000e+00,2.30000000e-01,7.70000002e-01,0.00000000e+00
8.04804805e+01,5.59633834e-01,2.79033468e+03,5.71822921e+05,3.54443222e+03,0.00000000e+00,2.30000000e-01,7.70000003e-01,0.00000000e+00
8.05805806e+01,5.57545650e-01,2.79494249e+03,5.68832766e+05,3.53910239e+03,0.00000000e+00,2.30000000e-01,7.70000282e-01,0.00000000e+00
8.06806807e+01,5.55459697e-01,2.79951478e+03,5.65850426e+05,3.53376904e+03,0.00000000e+00,2.30000000e-01,7.70000028e-01,0.00000000e+00
8.07807808e+01,5.53397083e-01,2.80409561e+03,5.62902073e+05,3.52845909e+03,0.00000000e+00,2.30000000e-01,7.69999948e-01,0.00000000e+00
8.08808809e+01,5.51371171e-01,2.80870389e+03,5.60002174e+05,3.52317941e+03,0.00000000e+00,2.30000000e-01,7.69999951e-01,0.00000000e+00
8.09809810e+01,5.49379892e-01,2.81333008e+03,5.57153106e+05,3.51796006e+03,0.00000000e+00,2.30000000e-01,7.69999938e-01,0.00000000e+00
8.10810811e+01,5.47419915e-01,2.81797211e+03,5.54353309e+05,3.51281405e+03,0.00000000e+00,2.30000000e-01,7.69999933e-01,0.00000000e+00
8.11811812e+01,5.45487192e-01,2.82262703e+03,5.51598304e+05,3.50774059e+03,0.00000000e+00,2.30000000e-01,7.69999947e-01,0.00000000e+00
8.12812813e+01,5.43577342e-01,2.82729146e+03,5.48882309e+05,3.50273260e+03,0.00000000e+00,2.30000000e-01,7.69999962e-01,0.00000000e+00
8.13813814e+01,5.41686499e-01,2.83196435e+03,5.46200421e+05,3.49778504e+03,0.00000000e+00,2.30000000e-01,7.69999962e-01,0.00000000e+00
8.14814815e+01,5.39811613e-01,2.83664669e+03,5.43549006e+05,3.49289544e+03,0.00000000e+00,2.30000000e-01,7.69999952e-01,0.00000000e+00
8.15815816e+01,5.37949923e-01,2.84133864e+03,5.40924477e+05,3.48805951e+03,0.00000000e+00,2.30000000e-01,7.69999952e-01,0.00000000e+00
8.16816817e+01,5.36098447e-01,2.84603768e+03,5.38322492e+05,3.48326942e+03,0.00000000e+00,2.30000000e-01,7.69999976e-01,0.00000000e+00
8.17817818e+01,5.34254349e-01,2.85074018e+03,5.35738696e+05,3.47851620e+03,0.00000000e+00,2.30000000e-01,7.70000000e-01,0.00000000e+00
8.18818819e+01,5.32415937e-01,2.85544497e+03,5.33170459e+05,3.47379424e+03,0.00000000e+00,2.30000000e-01,7.70000048e-01,0.00000000e+00
8.19819820e+01,5.30582680e-01,2.86015199e+03,5.30618762e+05,3.46911435e+03,0.00000000e+00,2.30000000e-01,7.69999995e-01,0.00000000e+00
8.20820821e+01,5.28756894e-01,2.86486585e+03,5.28083502e+05,3.46446081e+03,0.00000000e+00,2.30000000e-01,7.69999964e-01,0.00000000e+00
8.21821822e+01,5.26939123e-01,2.86958616e+03,5.25562656e+05,3.45981708e+03,0.00000000e+00,2.30000000e-01,7.69999993e-01,0.00000000e+00
8.22822823e+01,5.25127578e-01,2.87430869e+03,5.23051161e+05,3.45516203e+03,0.00000000e+00,2.30000000e-01,7.70000012e-01,0.00000000e+00
8.23823824e+01,5.23320676e-01,2.87903432e+03,5.20544937e+05,3.45047911e+03,0.00000000e+00,2.30000000e-01,7.70000022e-01,0.00000000e+00
8.24824825e+01,5.21515999e-01,2.88376827e+03,5.18042782e+05,3.44577617e+03,0.00000000e+00,2.30000000e-01,7.70000016e-01,0.00000000e+00
8.25825826e+01,5.19710992e-01,2.88851880e+03,5.15543128e+05,3.44105951e+03,0.00000000e+00,2.30000000e-01,7.69999993e-01,0.00000000e+00
8.26826827e+01,5.17908837e-01,2.89327064e+03,5.13052594e+05,3.43635203e+03,0.00000000e+00,2.30000000e-01,7.69999996e-01,0.00000000e+00
8.27827828e+01,5.16112977e-01,2.89800593e+03,5.10578531e+05,3.43168049e+03,0.00000000e+00,2.30000000e-01,7.70000010e-01,0.00000000e+00
8.28828829e+01,5.14322585e-01,2.90272536e+03,5.08118738e+05,3.42703617e+03,0.00000000e+00,2.30000000e-01,7.70000016e-01,0.00000000e+00
8.29829830e+01,5.12535215e-01,2.90743632e+03,5.05669489e+05,3.42241062e+03,0.00000000e+00,2.30000000e-01,7.70000014e-01,0.00000000e+00
8.30830831e+01,5.10748484e-01,2.91214705e+03,5.03226542e+05,3.41779117e+03,0.00000000e+00,2.30000000e-01,7.70000021e-01,0.00000000e+00
8.31831832e+01,5.08960110e-01,2.91686273e+03,5.00785861e+05,3.41316595e+03,0.00000000e+00,2.30000000e-01,7.69999975e-01,0.00000000e+00
8.32832833e+01,5.07169585e-01,2.92159489e+03,4.98345493e+05,3.40852459e+03,0.00000000e+00,2.30000000e-01,7.69999960e-01,0.00000000e+00
8.33833834e+01,5.05389069e-01,2.92628932e+03,4.95924679e+05,3.40391693e+03,0.00000000e+00,2.30000000e-01,7.70000008e-01,0.00000000e+00
8.34834835e+01,5.03618340e-01,2.93094385e+03,4.93523082e+05,3.39934310e+03,0.00000000e+00,2.30000000e-01,7.70000027e-01,0.00000000e+00
8.35835836e+01,5.01852258e-01,2.93557751e+03,4.91132685e+05,3.39478306e+03,0.00000000e+00,2.30000000e-01,7.70000022e-01,0.00000000e+00
8.36836837e+01,5.00086796e-01,2.94020502e+03,4.88747095e+05,3.39021987e+03,0.00000000e+00,2.30000000e-01,7.70000035e-01,0.00000000e+00
8.37837838e+01,4.98318408e-01,2.94483414e+03,4.86360630e+05,3.38563846e+03,0.00000000e+00,2.30000000e-01,7.69999963e-01,0.00000000e+00
8.38838839e+01,4.96546562e-01,2.94948053e+03,4.83970529e+05,3.38102237e+03,0.00000000e+00,2.30000000e-01,7.69999940e-01,0.00000000e+00
8.39839840e+01,4.94786796e-01,2.95407543e+03,4.81600730e+05,3.37643281e+03,0.00000000e+00,2.30000000e-01,7.70000007e-01,0.00000000e+00
8.40840841e+01,4.93038156e-01,2.95862168e+03,4.79248653e+05,3.37185925e+03,0.00000000e+00,2.30000000e-01,7.70000028e-01,0.00000000e+00
8.41841842e+01,4.91294251e-01,2.96314636e+03,4.76903374e+05,3.36726877e+03,0.00000000e+00,2.30000000e-01,7.70000022e-01,0.00000000e+00
8.42842843e+01,4.89550518e-01,2.96766823e+03,4.74557183e+05,3.36263791e+03,0.00000000e+00,2.30000000e-01,7.70000028e-01,0.00000000e+00
8.43843844e+01,4.87801783e-01,2.97220776e+03,4.72201360e+05,3.35794030e+03,0.00000000e+00,2.30000000e-01,7.69999910e-01,0.00000000e+00
8.44844845e+01,4.86057130e-01,2.97674313e+03,4.69848931e+05,3.35320432e+03,0.00000000e+00,2.30000000e-01,7.69999973e-01,0.00000000e+00
8.45845846e+01,4.84332064e-01,2.98118981e+03,4.67526139e+05,3.34851107e+03,0.00000000e+00,2.30000000e-01,7.70000038e-01,0.00000000e+00
8.46846847e+01,4.82615993e-01,2.98559797e+03,4.65216003e+05,3.34381313e+03,0.00000000e+00,2.30000000e-01,7.70000040e-01,0.00000000e+00
8.47847848e+01,4.80902154e-01,2.98999397e+03,4.62908807e+05,3.33908737e+03,0.00000000e+00,2.30000000e-01,7.70000042e-01,0.00000000e+00
8.48848849e+01,4.79186704e-01,2.99438620e+03,4.60600006e+05,3.33432760e+03,0.00000000e+00,2.30000000e-01,7.69999984e-01,0.00000000e+00
8.49849850e+01,4.77467507e-01,2.99879285e+03,4.58285886e+05,3.32952101e+03,0.00000000e+00,2.30000000e-01,7.69999960e-01,0.00000000e+00
8.50850851e+01,4.75762923e-01,3.00311381e+03,4.55998627e+05,3.32477222e+03,0.00000000e+00,2.30000000e-01,7.70000278e-01,0.00000000e+00
8.51851852e+01,4.74060580e-01,3.00742702e+03,4.53725586e+05,3.32007965e+03,0.00000000e+00,2.30000000e-01,7.70000008e-01,0.00000000e+00
8.52852853e+01,4.72380940e-01,3.01173039e+03,4.51487293e+05,3.31544830e+03,0.00000000e+00,2.30000000e-01,7.69999967e-01,0.00000000e+00
8.53853854e+01,4.70732435e-01,3.01600088e+03,4.49293701e+05,3.31089380e+03,0.00000000e+00,2.30000000e-01,7.70000081e-01,0.00000000e+00
8.54854855e+01,4.69110001e-01,3.02025551e+03,4.47140028e+05,3.30642038e+03,0.00000000e+00,2.30000000e-01,7.69999707e-01,0.00000000e+00
8.55855856e+01,4.67521166e-01,3.02447852e+03,4.45034763e+05,3.30203590e+03,0.00000000e+00,2.30000000e-01,7.69999887e-01,0.00000000e+00
8.56856857e+01,4.65943532e-01,3.02870486e+03,4.42954331e+05,3.29772558e+03,0.00000000e+00,2.30000000e-01,7.70000519e-01,0.00000000e+00
8.57857858e+01,4.64362854e-01,3.03296502e+03,4.40880792e+05,3.29346272e+03,0.00000000e+00,2.30000000e-01,7.70000078e-01,0.00000000e+00
8.58858859e+01,4.62821694e-01,3.03717338e+03,4.38852096e+05,3.28922556e+03,0.00000000e+00,2.30000000e-01,7.69999759e-01,0.00000000e+00
8.59859860e+01,4.61335467e-01,3.04127636e+03,4.36901289e+05,3.28515368e+03,0.00000000e+00,2.30000000e-01,7.69999711e-01,0.00000000e+00
8.60860861e+01,4.59880112e-01,3.04534407e+03,4.34994001e+05,3.28116241e+03,0.00000000e+00,2.30000000e-01,7.69999980e-01,0.00000000e+00
8.61861862e+01,4.58437773e-01,3.04938262e+03,4.33107664e+05,3.27721191e+03,0.00000000e+00,2.30000000e-01,7.70000067e-01,0.00000000e+00
8.62862863e+01,4.57004316e-01,3.05340554e+03,4.31245582e+05,3.27335787e+03,0.00000000e+00,2.30000000e-01,7.69999885e-01,0.00000000e+00
8.63863864e+01,4.55579963e-01,3.05743946e+03,4.29396818e+05,3.26951374e+03,0.00000000e+00,2.30000000e-01,7.70000268e-01,0.00000000e+00
8.64864865e+01,4.54165017e-01,3.06143784e+03,4.27568197e+05,3.26573340e+03,0.00000000e+00,2.30000000e-01,7.70000152e-01,0.00000000e+00
8.65865866e+01,4.52781182e-01,3.06534971e+03,4.25792469e+05,3.26211157e+03,0.00000000e+00,2.30000000e-01,7.69999722e-01,0.00000000e+00
8.66866867e+01,4.51438659e-01,3.06916652e+03,4.24076319e+05,3.25862507e+03,0.00000000e+00,2.30000000e-01,7.69999911e-01,0.00000000e+00
8.67867868e+01,4.50111480e-01,3.07296081e+03,4.22380510e+05,3.25516349e+03,0.00000000e+00,2.30000000e-01,7.70000125e-01,0.00000000e+00
8.68868869e+01,4.48788979e-01,3.07676850e+03,4.20684420e+05,3.25164646e+03,0.00000000e+00,2.30000000e-01,7.70000011e-01,0.00000000e+00
8.69869870e+01,4.47483492e-01,3.08055206e+03,4.19009101e+05,3.24814572e+03,0.00000000e+00,2.30000000e-01,7.70000029e-01,0.00000000e+00
8.70870871e+01,4.46198662e-01,3.08428987e+03,4.17362150e+05,3.24469478e+03,0.00000000e+00,2.30000000e-01,7.70000061e-01,0.00000000e+00
8.71871872e+01,4.44933185e-01,3.08800046e+03,4.15733783e+05,3.24122781e+03,0.00000000e+00,2.30000000e-01,7.70000093e-01,0.00000000e+00
8.72872873e+01,4.43692858e-01,3.09166619e+03,4.14126028e+05,3.23771938e+03,0.00000000e+00,2.30000000e-01,7.69999923e-01,0.00000000e+00
8.73873874e+01,4.42487988e-01,3.09525041e+03,4.12557109e+05,3.23423664e+03,0.00000000e+00,2.30000000e-01,7.69999724e-01,0.00000000e+00
8.74874875e+01,4.41313894e-01,3.09875775e+03,4.11017486e+05,3.23073839e+03,0.00000000e+00,2.30000000e-01,7.69999969e-01,0.00000000e+00
8.75875876e+01,4.40146935e-01,3.10224700e+03,4.09483722e+05,3.22721517e+03,0.00000000e+00,2.30000000e-01,7.70000265e-01,0.00000000e+00
8.76876877e+01,4.38980144e-01,3.10574972e+03,4.07943731e+05,3.22362418e+03,0.00000000e+00,2.30000000e-01,7.70000140e-01,0.00000000e+00
8.77877878e+01,4.37831979e-01,3.10923214e+03,4.06417177e+05,3.21998322e+03,0.00000000e+00,2.30000000e-01,7.70000107e-01,0.00000000e+00
8.78878879e+01,4.36719309e-01,3.11263219e+03,4.04933912e+05,3.21640653e+03,0.00000000e+00,2.30000000e-01,7.69999774e-01,0.00000000e+00
8.79879880e+01,4.35648247e-01,3.11594651e+03,4.03499848e+05,3.21289550e+03,0.00000000e+00,2.30000000e-01,7.69999740e-01,0.00000000e+00
8.80880881e+01,4.34597503e-01,3.11924501e+03,4.02087918e+05,3.20939222e+03,0.00000000e+00,2.30000000e-01,7.70000180e-01,0.00000000e+00
8.81881882e+01,4.33546635e-01,3.12257329e+03,4.00669635e+05,3.20582318e+03,0.00000000e+00,2.30000000e-01,7.70000280e-01,0.00000000e+00
8.82882883e+01,4.32511002e-01,3.12588353e+03,3.99269329e+05,3.20226882e+03,0.00000000e+00,2.30000000e-01,7.70000186e-01,0.00000000e+00
8.83883884e+01,4.31511397e-01,3.12912935e+03,3.97914219e+05,3.19879507e+03,0.00000000e+00,2.30000000e-01,7.69999664e-01,0.00000000e+00
8.84884885e+01,4.30560867e-01,3.13229183e+03,3.96616246e+05,3.19539958e+03,0.00000000e+00,2.30000000e-01,7.69999666e-01,0.00000000e+00
8.85885886e+01,4.29637407e-01,3.13540827e+03,3.95346854e+05,3.19201703e+03,0.00000000e+00,2.30000000e-01,7.70000182e-01,0.00000000e+00
8.86886887e+01,4.28714730e-01,3.13853782e+03,3.94080985e+05,3.18864402e+03,0.00000000e+00,2.30000000e-01,7.70000263e-01,0.00000000e+00
8.87887888e+01,4.27804326e-01,3.14166013e+03,3.92830274e+05,3.18528919e+03,0.00000000e+00,2.30000000e-01,7.69999975e-01,0.00000000e+00
8.88888889e+01,4.26929795e-01,3.14470267e+03,3.91621299e+05,3.18199176e+03,0.00000000e+00,2.30000000e-01,7.69999704e-01,0.00000000e+00
8.89889890e+01,4.26090003e-01,3.14766773e+03,3.90457887e+05,3.17879092e+03,0.00000000e+00,2.30000000e-01,7.69999936e-01,0.00000000e+00
8.90890891e+01,4.25263310e-01,3.15060343e+03,3.89316239e+05,3.17565715e+03,0.00000000e+00,2.30000000e-01,7.70000168e-01,0.00000000e+00
8.91891892e+01,4.24444876e-01,3.15351603e+03,3.88184426e+05,3.17253130e+03,0.00000000e+00,2.30000000e-01,7.69999946e-01,0.00000000e+00
8.92892893e+01,4.23646006e-01,3.15638401e+03,3.87077945e+05,3.16945410e+03,0.00000000e+00,2.30000000e-01,7.69999831e-01,0.00000000e+00
8.93893894e+01,4.22865452e-01,3.15919970e+03,3.86004774e+05,3.16650049e+03,0.00000000e+00,2.30000000e-01,7.69999982e-01,0.00000000e+00
8.94894895e+01,4.22092057e-01,3.16198060e+03,3.84949657e+05,3.16363109e+03,0.00000000e+00,2.30000000e-01,7.70000006e-01,0.00000000e+00
8.95895896e+01,4.21319647e-01,3.16476220e+03,3.83896053e+05,3.16075621e+03,0.00000000e+00,2.30000000e-01,7.70000037e-01,0.00000000e+00
8.96896897e+01,4.20550302e-01,3.16752744e+03,3.82851009e+05,3.15791871e+03,0.00000000e+00,2.30000000e-01,7.69999957e-01,0.00000000e+00
8.97897898e+01,4.19784822e-01,3.17028666e+03,3.81816677e+05,3.15512823e+03,0.00000000e+00,2.30000000e-01,7.70000511e-01,0.00000000e+00
8.98898899e+01,4.19025352e-01,3.17299995e+03,3.80793366e+05,3.15237677e+03,0.00000000e+00,2.30000000e-01,7.70000081e-01,0.00000000e+00
8.99899900e+01,4.18304729e-01,3.17560223e+03,3.79819391e+05,3.14973236e+03,0.00000000e+00,2.30000000e-01,7.69999523e-01,0.00000000e+00
9.00900901e+01,4.17634411e-01,3.17806153e+03,3.78919939e+05,3.14731576e+03,0.00000000e+00,2.30000000e-01,7.69999882e-01,0.00000000e+00
9.01901902e+01,4.16988287e-01,3.18039533e+03,3.78065724e+05,3.14508592e+03,0.00000000e+00,2.30000000e-01,7.70000034e-01,0.00000000e+00
9.02902903e+01,4.16349188e-01,3.18267077e+03,3.77227361e+05,3.14292868e+03,0.00000000e+00,2.30000000e-01,7.70000038e-01,0.00000000e+00
9.03903904e+01,4.15711035e-01,3.18491935e+03,3.76394765e+05,3.14080582e+03,0.00000000e+00,2.30000000e-01,7.70000034e-01,0.00000000e+00
9.04904905e+01,4.15070681e-01,3.18715202e+03,3.75562799e+05,3.13869862e+03,0.00000000e+00,2.30000000e-01,7.69999940e-01,0.00000000e+00
9.05905906e+01,4.14431306e-01,3.18936595e+03,3.74736763e+05,3.13662555e+03,0.00000000e+00,2.30000000e-01,7.70000338e-01,0.00000000e+00
9.06906907e+01,4.13804788e-01,3.19147632e+03,3.73938582e+05,3.13468408e+03,0.00000000e+00,2.30000000e-01,7.70000149e-01,0.00000000e+00
9.07907908e+01,4.13212695e-01,3.19345224e+03,3.73171268e+05,3.13273581e+03,0.00000000e+00,2.30000000e-01,7.69999667e-01,0.00000000e+00
9.08908909e+01,4.12661587e-01,3.19531930e+03,3.72455917e+05,3.13090517e+03,0.00000000e+00,2.30000000e-01,7.70000000e-01,0.00000000e+00
9.09909910e+01,4.12132176e-01,3.19710257e+03,3.71772960e+05,3.12917812e+03,0.00000000e+00,2.30000000e-01,7.70000164e-01,0.00000000e+00
9.10910911e+01,4.11615556e-01,3.19886136e+03,3.71098603e+05,3.12742400e+03,0.00000000e+00,2.30000000e-01,7.69999677e-01,0.00000000e+00
9.11911912e+01,4.11111291e-01,3.20066738e+03,3.70427448e+05,3.12559609e+03,0.00000000e+00,2.30000000e-01,7.69999955e-01,0.00000000e+00
9.12912913e+01,4.10605945e-01,3.20250931e+03,3.69750796e+05,3.12372535e+03,0.00000000e+00,2.30000000e-01,7.70000274e-01,0.00000000e+00
9.13913914e+01,4.10079605e-01,3.20442357e+03,3.69049129e+05,3.12179198e+03,0.00000000e+00,2.30000000e-01,7.70002538e-01,0.00000000e+00
9.14914915e+01,4.09485992e-01,3.20645389e+03,3.68271961e+05,3.11973685e+03,0.00000000e+00,2.30000000e-01,7.70001615e-01,0.00000000e+00
9.15915916e+01,4.08977395e-01,3.20834290e+03,3.67584792e+05,3.11780465e+03,0.00000000e+00,2.30000000e-01,7.69996445e-01,0.00000000e+00
9.16916917e+01,4.08725313e-01,3.20992901e+03,3.67158795e+05,3.11610427e+03,0.00000000e+00,2.30000000e-01,7.69998880e-01,0.00000000e+00
9.17917918e+01,4.08588355e-01,3.21108711e+03,3.66877304e+05,3.11475584e+03,0.00000000e+00,2.30000000e-01,7.69999851e-01,0.00000000e+00
9.18918919e+01,4.08493752e-01,3.21205837e+03,3.66666566e+05,3.11368716e+03,0.00000000e+00,2.30000000e-01,7.69999995e-01,0.00000000e+00
9.19919920e+01,4.08427224e-01,3.21295662e+03,3.66495011e+05,3.11273715e+03,0.00000000e+00,2.30000000e-01,7.70000035e-01,0.00000000e+00
9.20920921e+01,4.08383088e-01,3.21381414e+03,3.66350794e+05,3.11184849e+03,0.00000000e+00,2.30000000e-01,7.70000056e-01,0.00000000e+00
9.21921922e+01,4.08357153e-01,3.21464384e+03,3.66227539e+05,3.11099908e+03,0.00000000e+00,2.30000000e-01,7.70000063e-01,0.00000000e+00
9.22922923e+01,4.08345559e-01,3.21545212e+03,3.66120617e+05,3.11017914e+03,0.00000000e+00,2.30000000e-01,7.70000055e-01,0.00000000e+00
9.23923924e+01,4.08344254e-01,3.21624881e+03,3.66024024e+05,3.10936911e+03,0.00000000e+00,2.30000000e-01,7.69999874e-01,0.00000000e+00
9.24924925e+01,4.08356747e-01,3.21704883e+03,3.65938226e+05,3.10854528e+03,0.00000000e+00,2.30000000e-01,7.69999832e-01,0.00000000e+00
9.25925926e+01,4.08398119e-01,3.21779970e+03,3.65884091e+05,3.10777031e+03,0.00000000e+00,2.30000000e-01,7.69999912e-01,0.00000000e+00
9.26926927e+01,4.08477242e-01,3.21846604e+03,3.65874685e+05,3.10708811e+03,0.00000000e+00,2.30000000e-01,7.70000015e-01,0.00000000e+00
9.27927928e+01,4.08594814e-01,3.21903880e+03,3.65912254e+05,3.10651280e+03,0.00000000e+00,2.30000000e-01,7.70000081e-01,0.00000000e+00
9.28928929e+01,4.08746106e-01,3.21952523e+03,3.65991949e+05,3.10603925e+03,0.00000000e+00,2.30000000e-01,7.70000101e-01,0.00000000e+00
9.29929930e+01,4.08924503e-01,3.21993916e+03,3.66106261e+05,3.10565395e+03,0.00000000e+00,2.30000000e-01,7.70000090e-01,0.00000000e+00
9.30930931e+01,4.09123876e-01,3.22029426e+03,3.66248040e+05,3.10534271e+03,0.00000000e+00,2.30000000e-01,7.70000065e-01,0.00000000e+00
9.31931932e+01,4.09339743e-01,3.22060075e+03,3.66411952e+05,3.10509424e+03,0.00000000e+00,2.30000000e-01,7.70000030e-01,0.00000000e+00
9.32932933e+01,4.09569865e-01,3.22086408e+03,3.66595051e+05,3.10490043e+03,0.00000000e+00,2.30000000e-01,7.70000013e-01,0.00000000e+00
9.33933934e+01,4.09813804e-01,3.22108312e+03,3.66795068e+05,3.10474684e+03,0.00000000e+00,2.30000000e-01,7.69999531e-01,0.00000000e+00
9.34934935e+01,4.10059289e-01,3.22131623e+03,3.66995693e+05,3.10458458e+03,0.00000000e+00,2.30000000e-01,7.69999773e-01,0.00000000e+00
9.35935936e+01,4.10267890e-01,3.22163722e+03,3.67160512e+05,3.10439765e+03,0.00000000e+00,2.30000000e-01,7.70000388e-01,0.00000000e+00
9.36936937e+01,4.10427569e-01,3.22201435e+03,3.67277840e+05,3.10418142e+03,0.00000000e+00,2.30000000e-01,7.70000412e-01,0.00000000e+00
9.37937938e+01,4.10555032e-01,3.22245201e+03,3.67363185e+05,3.10393990e+03,0.00000000e+00,2.30000000e-01,7.70000064e-01,0.00000000e+00
9.38938939e+01,4.10671151e-01,3.22294809e+03,3.67434982e+05,3.10366904e+03,0.00000000e+00,2.30000000e-01,7.69999960e-01,0.00000000e+00
9.39939940e+01,4.10786457e-01,3.22346349e+03,3.67500912e+05,3.10335818e+03,0.00000000e+00,2.30000000e-01,7.69998840e-01,0.00000000e+00
9.40940941e+01,4.10910082e-01,3.22399215e+03,3.67567692e+05,3.10298073e+03,0.00000000e+00,2.30000000e-01,7.70001199e-01,0.00000000e+00
9.41941942e+01,4.11005016e-01,3.22435470e+03,3.67629405e+05,3.10278953e+03,0.00000000e+00,2.30000000e-01,7.69999736e-01,0.00000000e+00
9.42942943e+01,4.11028199e-01,3.22534202e+03,3.67593506e+05,3.10240384e+03,0.00000000e+00,2.30234068e-01,7.69765932e-01,0.00000000e+00
9.43943944e+01,7.27646706e-01,1.83225318e+03,1.55034411e+06,7.39281041e+03,0.00000000e+00,2.32027894e-01,7.67972106e-01,0.00000000e+00
9.44944945e+01,1.55712293e+00,2.17013505e+02,4.88976371e+06,1.08920725e+04,0.00000000e+00,2.29218347e-01,7.70781653e-01,0.00000000e+00
9.45945946e+01,1.81506561e+00,-3.64984624e+01,6.03655796e+06,1.15279917e+04,0.00000000e+00,2.30000000e-01,7.70743897e-01,0.00000000e+00
9.46946947e+01,1.83701950e+00,-5.93736349e+01,6.11368774e+06,1.15438426e+04,0.00000000e+00,2.30000000e-01,7.70063014e-01,0.00000000e+00
9.47947948e+01,1.83919343e+00,-6.37248968e+01,6.11819917e+06,1.15395052e+04,0.00000000e+00,2.30000000e-01,7.69995743e-01,0.00000000e+00
9.48948949e+01,1.84120652e+00,-6.40573388e+01,6.12645572e+06,1.15423488e+04,0.00000000e+00,2.30000000e-01,7.70003756e-01,0.00000000e+00
9.49949950e+01,1.84163825e+00,-6.42728694e+01,6.13111281e+06,1.15484350e+04,0.00000000e+00,2.30000000e-01,7.70002068e-01,0.00000000e+00
9.50950951e+01,1.84141112e+00,-6.42009369e+01,6.13473036e+06,1.15566826e+04,0.00000000e+00,2.30000000e-01,7.70001369e-01,0.00000000e+00
9.51951952e+01,1.84052422e+00,-6.38283825e+01,6.13705038e+06,1.15666369e+04,0.00000000e+00,2.30000000e-01,7.70000288e-01,0.00000000e+00
9.52952953e+01,1.83888940e+00,-6.32324545e+01,6.13875562e+06,1.15801369e+04,0.00000000e+00,2.30000000e-01,7.70000273e-01,0.00000000e+00
9.53953954e+01,1.83641579e+00,-6.24853003e+01,6.13995764e+06,1.15979993e+04,0.00000000e+00,2.30000000e-01,7.70000802e-01,0.00000000e+00
9.54954955e+01,1.83367348e+00,-6.15611675e+01,6.14080368e+06,1.16169505e+04,0.00000000e+00,2.30000000e-01,7.70000339e-01,0.00000000e+00
9.55955956e+01,1.83176209e+00,-6.04523779e+01,6.14154977e+06,1.16305080e+04,0.00000000e+00,2.30000000e-01,7.69998449e-01,0.00000000e+00
9.56956957e+01,1.83105541e+00,-5.92184521e+01,6.14234341e+06,1.16365168e+04,0.00000000e+00,2.30000000e-01,7.69997062e-01,0.00000000e+00
9.57957958e+01,1.83129019e+00,-5.79464189e+01,6.14330908e+06,1.16368676e+04,0.00000000e+00,2.30000000e-01,7.69995943e-01,0.00000000e+00
9.58958959e+01,1.83305459e+00,-5.66929061e+01,6.14440410e+06,1.16277536e+04,0.00000000e+00,2.30000000e-01,7.69994703e-01,0.00000000e+00
9.59959960e+01,1.83804296e+00,-5.54917031e+01,6.14571209e+06,1.15986727e+04,0.00000000e+00,2.30000000e-01,7.69994052e-01,0.00000000e+00
9.60960961e+01,1.84817219e+00,-5.43598976e+01,6.14738712e+06,1.15382441e+04,0.00000000e+00,2.30000000e-01,7.69994381e-01,0.00000000e+00
9.61961962e+01,1.86528398e+00,-5.33209007e+01,6.14941263e+06,1.14361491e+04,0.00000000e+00,2.30000000e-01,7.69995408e-01,0.00000000e+00
9.62962963e+01,1.89091720e+00,-5.23908838e+01,6.15163425e+06,1.12851707e+04,0.00000000e+00,2.30000000e-01,7.69997635e-01,0.00000000e+00
9.63963964e+01,1.92592938e+00,-5.16325795e+01,6.15398515e+06,1.10842198e+04,0.00000000e+00,2.30000000e-01,7.70000079e-01,0.00000000e+00
9.64964965e+01,1.96817573e+00,-5.12838864e+01,6.15792479e+06,1.08531978e+04,0.00000000e+00,2.30000000e-01,7.70004181e-01,0.00000000e+00
9.65965966e+01,2.00822556e+00,-5.10177309e+01,6.16196628e+06,1.06437713e+04,0.00000000e+00,2.30000000e-01,7.70000833e-01,0.00000000e+00
9.66966967e+01,2.04020326e+00,-5.11236356e+01,6.16707411e+06,1.04856232e+04,0.00000000e+00,2.30000000e-01,7.70001257e-01,0.00000000e+00
9.67967968e+01,2.06434404e+00,-5.12667505e+01,6.17185880e+06,1.03710349e+04,0.00000000e+00,2.30000000e-01,7.70001990e-01,0.00000000e+00
9.68968969e+01,2.08108581e+00,-5.12935397e+01,6.17571981e+06,1.02940240e+04,0.00000000e+00,2.30000000e-01,7.70003358e-01,0.00000000e+00
9.69969970e+01,2.09116086e+00,-5.12101350e+01,6.17853253e+06,1.02490785e+04,0.00000000e+00,2.30000000e-01,7.70004822e-01,0.00000000e+00
9.70970971e+01,2.09584826e+00,-5.10714040e+01,6.18039978e+06,1.02292335e+04,0.00000000e+00,2.30000000e-01,7.70006086e-01,0.00000000e+00
9.71971972e+01,2.09700477e+00,-5.08756064e+01,6.18116418e+06,1.02248542e+04,0.00000000e+00,2.30000000e-01,7.70006300e-01,0.00000000e+00
9.72972973e+01,2.09569983e+00,-5.06448525e+01,6.18117637e+06,1.02312323e+04,0.00000000e+00,2.30000000e-01,7.70007137e-01,0.00000000e+00
9.73973974e+01,2.09030790e+00,-5.01763398e+01,6.17992866e+06,1.02555368e+04,0.00000000e+00,2.30000000e-01,7.70008690e-01,0.00000000e+00
9.74974975e+01,2.07748336e+00,-4.92314079e+01,6.17619462e+06,1.03126034e+04,0.00000000e+00,2.30000000e-01,7.70009355e-01,0.00000000e+00
9.75975976e+01,2.05365883e+00,-4.77516520e+01,6.16976392e+06,1.04213517e+04,0.00000000e+00,2.30000000e-01,7.70011802e-01,0.00000000e+00
9.76976977e+01,2.01446304e+00,-4.51082468e+01,6.15814707e+06,1.06041089e+04,0.00000000e+00,2.30000000e-01,7.70012642e-01,0.00000000e+00
9.77977978e+01,1.95547475e+00,-4.05314744e+01,6.13857291e+06,1.08892985e+04,0.00000000e+00,2.30000000e-01,7.70009803e-01,0.00000000e+00
9.78978979e+01,1.87367352e+00,-3.44512136e+01,6.11339351e+06,1.13181357e+04,0.00000000e+00,2.30000000e-01,7.70005853e-01,0.00000000e+00
9.79979980e+01,1.76761198e+00,-2.88513061e+01,6.09146447e+06,1.19541733e+04,0.00000000e+00,2.30000000e-01,7.70009647e-01,0.00000000e+00
9.80980981e+01,1.63515943e+00,-2.38001102e+01,6.07346414e+06,1.28843465e+04,0.00000000e+00,2.30000000e-01,7.70006824e-01,0.00000000e+00
9.81981982e+01,1.48899888e+00,-1.93611175e+01,6.05900431e+06,1.41155208e+04,0.00000000e+00,2.30000000e-01,7.69997908e-01,0.00000000e+00
9.82982983e+01,1.35621085e+00,-1.53671533e+01,6.04880812e+06,1.54715967e+04,0.00000000e+00,2.30000000e-01,7.69992254e-01,0.00000000e+00
9.83983984e+01,1.24873692e+00,-1.24192772e+01,6.04041689e+06,1.67800137e+04,0.00000000e+00,2.30000000e-01,7.69983739e-01,0.00000000e+00
9.84984985e+01,1.16396116e+00,-9.75851557e+00,6.03556162e+06,1.79876999e+04,0.00000000e+00,2.30000000e-01,7.69983556e-01,0.00000000e+00
9.85985986e+01,1.09817267e+00,-7.82549844e+00,6.03171178e+06,1.90531859e+04,0.00000000e+00,2.30000000e-01,7.69980822e-01,0.00000000e+00
9.86986987e+01,1.04814832e+00,-6.10285143e+00,6.02979044e+06,1.99561302e+04,0.00000000e+00,2.30000000e-01,7.69982613e-01,0.00000000e+00
9.87987988e+01,1.01066868e+00,-4.78412290e+00,6.02840525e+06,2.06914154e+04,0.00000000e+00,2.30000000e-01,7.69983255e-01,0.00000000e+00
9.88988989e+01,9.83084929e-01,-3.61455783e+00,6.02784694e+06,2.12699540e+04,0.00000000e+00,2.30000000e-01,7.69985924e-01,0.00000000e+00
9.89989990e+01,9.63055355e-01,-2.67302968e+00,6.02744427e+06,2.17108221e+04,0.00000000e+00,2.30000000e-01,7.69988291e-01,0.00000000e+00
9.90990991e+01,9.48719839e-01,-1.88739396e+00,6.02717832e+06,2.20378546e+04,0.00000000e+00,2.30000000e-01,7.69990664e-01,0.00000000e+00
9.91991992e+01,9.38599535e-01,-1.23397353e+00,6.02700457e+06,2.22747759e+04,0.00000000e+00,2.30000000e-01,7.69993117e-01,0.00000000e+00
9.92992993e+01,9.31550652e-01,-7.39678272e-01,6.02678579e+06,2.24424681e+04,0.00000000e+00,2.30000000e-01,7.69994958e-01,0.00000000e+00
9.93993994e+01,9.26747299e-01,-3.55888225e-01,6.02665402e+06,2.25582688e+04,0.00000000e+00,2.30000000e-01,7.69996071e-01,0.00000000e+00
9.94994995e+01,9.23595680e-01,-3.18088861e-02,6.02678166e+06,2.26357022e+04,0.00000000e+00,2.30000000e-01,7.69997035e-01,0.00000000e+00
9.95995996e+01,9.21636538e-01,1.75852846e-01,6.02708696e+06,2.26849530e+04,0.00000000e+00,2.30000000e-01,7.69997695e-01,0.00000000e+00
9.96996997e+01,9.20526586e-01,2.77268921e-01,6.02745611e+06,2.27136868e+04,0.00000000e+00,2.30000000e-01,7.69998139e-01,0.00000000e+00
9.97997998e+01,9.19999094e-01,2.28561260e-01,6.02774003e+06,2.27277792e+04,0.00000000e+00,2.30000000e-01,7.69998193e-01,0.00000000e+00
9.98998999e+01,9.19839639e-01,7.20803085e-02,6.02796598e+06,2.27325618e+04,0.00000000e+00,2.30000000e-01,7.69998596e-01,0.00000000e+00
1.00000000e+02,9.19839639e-01,-7.20803085e-02,6.02796598e+06,2.27325618e+04,0.00000000e+00,2.30000000e-01,7.69998596e-01,0.00000000e+00
