# x(m), rho(kg/m3), u(m/s), p(Pa), T(K), Y_H2, Y_O2, Y_N2, Y_H2O
0.00000000e+00,7.47521065e+00,-2.01459911e+00,1.58034930e+07,2.65365642e+03,1.18501935e-01,6.65244855e-07,6.00009375e-01,2.81488024e-01
1.00100100e-01,7.47521065e+00,2.01459911e+00,1.58034930e+07,2.65365642e+03,1.18501935e-01,6.65244855e-07,6.00009375e-01,2.81488024e-01
2.00200200e-01,7.47032121e+00,8.07304400e+00,1.57877794e+07,2.65275308e+03,1.18501922e-01,5.57378739e-07,6.00009375e-01,2.81488146e-01
3.00300300e-01,7.47187939e+00,1.48216889e+01,1.57878134e+07,2.65220558e+03,1.18501922e-01,5.58445423e-07,6.00009375e-01,2.81488144e-01
4.00400400e-01,7.47232326e+00,2.16288380e+01,1.57801994e+07,2.65097621e+03,1.18492661e-01,5.60864657e-07,5.99962485e-01,2.81466144e-01
5.00500501e-01,7.46362436e+00,2.99479572e+01,1.57526594e+07,2.64922694e+03,1.18501922e-01,5.61672960e-07,6.00009375e-01,2.81488141e-01
6.00600601e-01,7.46026753e+00,3.71287254e+01,1.57192381e+07,2.64532204e+03,1.18478347e-01,5.61741891e-07,5.99890008e-01,2.81432141e-01
7.00700701e-01,7.46371217e+00,4.33315306e+01,1.57263960e+07,2.64477894e+03,1.18501922e-01,5.61894998e-07,6.00009375e-01,2.81488141e-01
8.00800801e-01,7.46991445e+00,4.86667854e+01,1.57408050e+07,2.64459936e+03,1.18520062e-01,5.61992292e-07,6.00101221e-01,2.81531229e-01
9.00900901e-01,7.47554712e+00,5.23103869e+01,1.57389215e+07,2.64269497e+03,1.18501922e-01,5.61911545e-07,6.00009375e-01,2.81488141e-01
1.00100100e+00,7.48360357e+00,5.72298472e+01,1.57928350e+07,2.64694118e+03,1.18589293e-01,5.62329830e-07,6.00451760e-01,2.81695681e-01
1.10110110e+00,7.49689175e+00,6.23611389e+01,1.57766559e+07,2.64148876e+03,1.18501922e-01,5.61919138e-07,6.00009375e-01,2.81488141e-01
1.20120120e+00,7.50888240e+00,6.79889204e+01,1.58433223e+07,2.64641711e+03,1.18591376e-01,5.62346648e-07,6.00462304e-01,2.81700627e-01
1.30130130e+00,7.52122948e+00,7.42111388e+01,1.58154540e+07,2.63986284e+03,1.18481872e-01,5.61830482e-07,5.99907856e-01,2.81440514e-01
1.40140140e+00,7.53215419e+00,8.01558937e+01,1.58683944e+07,2.64346540e+03,1.18544280e-01,5.62129257e-07,6.00223842e-01,2.81588756e-01
1.50150150e+00,7.53448106e+00,8.71593602e+01,1.58482459e+07,2.64023697e+03,1.18501922e-01,5.61931027e-07,6.00009375e-01,2.81488141e-01
1.60160160e+00,7.53105103e+00,9.56129762e+01,1.58694353e+07,2.64332759e+03,1.18575603e-01,5.62282837e-07,6.00382444e-01,2.81663162e-01
1.70170170e+00,7.53593087e+00,1.04344583e+02,1.58410444e+07,2.63866714e+03,1.18495742e-01,5.61906358e-07,5.99978083e-01,2.81473460e-01
1.80180180e+00,7.55017697e+00,1.08661096e+02,1.58812050e+07,2.64028347e+03,1.18499416e-01,5.61925793e-07,5.99996686e-01,2.81482187e-01
1.90190190e+00,7.56565533e+00,1.12724250e+02,1.59200871e+07,2.64151439e+03,1.18491271e-01,5.61888944e-07,5.99955442e-01,2.81462838e-01
2.00200200e+00,7.57437617e+00,1.17719259e+02,1.59559846e+07,2.64388625e+03,1.18515300e-01,5.62004390e-07,6.00077112e-01,2.81519919e-01
2.10210210e+00,7.57994611e+00,1.23170999e+02,1.59626861e+07,2.64344343e+03,1.18497799e-01,5.61922550e-07,5.99988496e-01,2.81478345e-01
2.20220220e+00,7.58980782e+00,1.27616452e+02,1.59869043e+07,2.64418428e+03,1.18490171e-01,5.61887135e-07,5.99949873e-01,2.81460226e-01
2.30230230e+00,7.60516889e+00,1.31650883e+02,1.60390196e+07,2.64708950e+03,1.18506120e-01,5.61963078e-07,6.00030628e-01,2.81498111e-01
2.40240240e+00,7.62276368e+00,1.36605487e+02,1.60875899e+07,2.64908640e+03,1.18501230e-01,5.61939716e-07,6.00005868e-01,2.81486495e-01
2.50250250e+00,7.63754069e+00,1.41518866e+02,1.61330961e+07,2.65131467e+03,1.18506824e-01,5.61965556e-07,6.00034191e-01,2.81499783e-01
2.60260260e+00,7.64854030e+00,1.46120477e+02,1.61554901e+07,2.65159359e+03,1.18488190e-01,5.61875979e-07,5.99939846e-01,2.81455522e-01
2.70270270e+00,7.66197159e+00,1.50295029e+02,1.61921528e+07,2.65304550e+03,1.18484027e-01,5.61854481e-07,5.99918765e-01,2.81445632e-01
2.80280280e+00,7.67816835e+00,1.53583338e+02,1.62262046e+07,2.65359571e+03,1.18458168e-01,5.61729562e-07,5.99787832e-01,2.81384206e-01
2.90290290e+00,7.69319957e+00,1.58036905e+02,1.62858976e+07,2.65742818e+03,1.18490522e-01,5.61880164e-07,5.99951654e-01,2.81461061e-01
3.00300300e+00,7.70367767e+00,1.63909331e+02,1.63142947e+07,2.65852499e+03,1.18486781e-01,5.61859083e-07,5.99932708e-01,2.81452173e-01
3.10310310e+00,7.71367801e+00,1.69003204e+02,1.63409408e+07,2.65951834e+03,1.18482173e-01,5.61833407e-07,5.99909377e-01,2.81441228e-01
3.20320320e+00,7.73336833e+00,1.71280528e+02,1.63999091e+07,2.66228084e+03,1.18483896e-01,5.61837303e-07,5.99918104e-01,2.81445322e-01
3.30330330e+00,7.75474702e+00,1.70871356e+02,1.64594236e+07,2.66474021e+03,1.18476595e-01,5.61797984e-07,5.99881133e-01,2.81427977e-01
3.40340340e+00,7.77950293e+00,1.71254799e+02,1.65539385e+07,2.67052210e+03,1.18520578e-01,5.62001481e-07,6.00103835e-01,2.81532455e-01
3.50350350e+00,7.81000687e+00,1.74557333e+02,1.66405696e+07,2.67414317e+03,1.18514794e-01,5.61968665e-07,6.00074546e-01,2.81518715e-01
3.60360360e+00,7.83194296e+00,1.80572418e+02,1.67434892e+07,2.68147682e+03,1.18588575e-01,5.62312857e-07,6.00448124e-01,2.81693975e-01
3.70370370e+00,7.83685123e+00,1.86834657e+02,1.67537144e+07,2.68161756e+03,1.18580455e-01,5.62268486e-07,6.00407011e-01,2.81674687e-01
3.80380380e+00,7.83563696e+00,1.91251373e+02,1.67090432e+07,2.67663497e+03,1.18502791e-01,5.61894218e-07,6.00013773e-01,2.81490204e-01
3.90390390e+00,7.84757838e+00,1.93241675e+02,1.67717448e+07,2.68134824e+03,1.18557713e-01,5.62148551e-07,6.00291857e-01,2.81620664e-01
4.00400400e+00,7.86958365e+00,1.94156507e+02,1.68354645e+07,2.68407920e+03,1.18554616e-01,5.62127734e-07,6.00276178e-01,2.81613308e-01
4.10410410e+00,7.89037513e+00,1.93599144e+02,1.68827272e+07,2.68513856e+03,1.18527384e-01,5.61992476e-07,6.00138297e-01,2.81548623e-01
4.20420420e+00,7.90857418e+00,1.93846877e+02,1.69777346e+07,2.69223230e+03,1.18606767e-01,5.62362747e-07,6.00540232e-01,2.81737187e-01
4.30430430e+00,7.92267369e+00,1.96121157e+02,1.69826079e+07,2.68983437e+03,1.18535251e-01,5.62017614e-07,6.00178129e-01,2.81567310e-01
4.40440440e+00,7.93380385e+00,1.98393079e+02,1.70145991e+07,2.69116176e+03,1.18533445e-01,5.62003082e-07,6.00168982e-01,2.81563019e-01
4.50450450e+00,7.93893893e+00,2.01428153e+02,1.70289204e+07,2.69172608e+03,1.18531626e-01,5.61988594e-07,6.00159774e-01,2.81558699e-01
4.60460460e+00,7.94636257e+00,2.05964197e+02,1.70721095e+07,2.69511753e+03,1.18571837e-01,5.62173490e-07,6.00363376e-01,2.81654216e-01
4.70470470e+00,7.95404873e+00,2.09831712e+02,1.70746285e+07,2.69379893e+03,1.18532730e-01,5.61982426e-07,6.00165364e-01,2.81561321e-01
4.80480480e+00,7.95443198e+00,2.11235815e+02,1.70601232e+07,2.69206940e+03,1.18502411e-01,5.61833126e-07,6.00011851e-01,2.81489302e-01
4.90490490e+00,7.95273545e+00,2.10316067e+02,1.70314554e+07,2.68915886e+03,1.18456587e-01,5.61610405e-07,5.99779830e-01,2.81380452e-01
5.00500501e+00,7.94285562e+00,2.09405059e+02,1.70181797e+07,2.68968391e+03,1.18488347e-01,5.61755588e-07,5.99940641e-01,2.81455895e-01
5.10510511e+00,7.92616305e+00,2.10540549e+02,1.69460132e+07,2.68488514e+03,1.18445694e-01,5.61548030e-07,5.99724673e-01,2.81354576e-01
5.20520521e+00,7.90431899e+00,2.10478615e+02,1.68870842e+07,2.68270311e+03,1.18456268e-01,5.61592868e-07,5.99778214e-01,2.81379694e-01
5.30530531e+00,7.87409526e+00,2.11421365e+02,1.68195853e+07,2.68130814e+03,1.18497269e-01,5.61781982e-07,5.99985814e-01,2.81477087e-01
5.40540541e+00,7.84090024e+00,2.11670011e+02,1.67026290e+07,2.67479103e+03,1.18459392e-01,5.61597150e-07,5.99794029e-01,2.81387114e-01
5.50550551e+00,7.81575342e+00,2.08732250e+02,1.66529794e+07,2.67433269e+03,1.18507575e-01,5.61820326e-07,6.00037996e-01,2.81501568e-01
5.60560561e+00,7.79033964e+00,2.03353399e+02,1.65694662e+07,2.67001751e+03,1.18489117e-01,5.61727547e-07,5.99944538e-01,2.81457723e-01
5.70570571e+00,7.75424827e+00,1.98542636e+02,1.64684901e+07,2.66590317e+03,1.18497765e-01,5.61763247e-07,5.99988326e-01,2.81478266e-01
5.80580581e+00,7.71066415e+00,1.97735849e+02,1.63543017e+07,2.66174449e+03,1.18526184e-01,5.61892640e-07,6.00132219e-01,2.81545771e-01
5.90590591e+00,7.65771280e+00,2.01750366e+02,1.62311876e+07,2.65850795e+03,1.18591540e-01,5.62197103e-07,6.00463136e-01,2.81701018e-01
6.00600601e+00,7.61964358e+00,2.05266253e+02,1.60833353e+07,2.64912015e+03,1.18516891e-01,5.61837810e-07,6.00085167e-01,2.81523698e-01
6.10610611e+00,7.60125625e+00,2.05932151e+02,1.60206141e+07,2.64558923e+03,1.18498219e-01,5.61743816e-07,5.99990622e-01,2.81479343e-01
6.20620621e+00,7.58855760e+00,2.05062251e+02,1.59713259e+07,2.64242220e+03,1.18473161e-01,5.61619458e-07,5.99863749e-01,2.81419822e-01
6.30630631e+00,7.57447878e+00,2.05631365e+02,1.59681373e+07,2.64509260e+03,1.18549868e-01,5.61977386e-07,6.00252135e-01,2.81602029e-01
6.40640641e+00,7.54803717e+00,2.10972735e+02,1.59053793e+07,2.64328596e+03,1.18578595e-01,5.62107728e-07,6.00397591e-01,2.81670268e-01
6.50650651e+00,7.52094293e+00,2.17801128e+02,1.58080001e+07,2.63742219e+03,1.18540138e-01,5.61919439e-07,6.00202872e-01,2.81578918e-01
6.60660661e+00,7.50990569e+00,2.20911308e+02,1.57421219e+07,2.63183993e+03,1.18470376e-01,5.61582594e-07,5.99849646e-01,2.81413205e-01
6.70670671e+00,7.50021541e+00,2.20513995e+02,1.57230267e+07,2.63163789e+03,1.18488645e-01,5.61662846e-07,5.99942148e-01,2.81456602e-01
6.80680681e+00,7.48868119e+00,2.22495681e+02,1.57055517e+07,2.63205312e+03,1.18520549e-01,5.61807511e-07,6.00103685e-01,2.81532386e-01
6.90690691e+00,7.47483656e+00,2.26756069e+02,1.56796994e+07,2.63194116e+03,1.18549658e-01,5.61938691e-07,6.00251073e-01,2.81601531e-01
7.00700701e+00,7.46277889e+00,2.31290904e+02,1.56279501e+07,2.62826604e+03,1.18514794e-01,5.61766391e-07,6.00074547e-01,2.81518716e-01
7.10710711e+00,7.45260715e+00,2.31712578e+02,1.55636095e+07,2.62261723e+03,1.18442519e-01,5.61416508e-07,5.99708598e-01,2.81347034e-01
7.20720721e+00,7.44481843e+00,2.33430737e+02,1.55829838e+07,2.62667139e+03,1.18530800e-01,5.61827389e-07,6.00155590e-01,2.81556736e-01
7.30730731e+00,7.43638116e+00,2.38121403e+02,1.55544177e+07,2.62502883e+03,1.18521868e-01,5.61777197e-07,6.00110365e-01,2.81535519e-01
7.40740741e+00,7.41530863e+00,2.45047795e+02,1.54995626e+07,2.62293923e+03,1.18533861e-01,5.61825888e-07,6.00171091e-01,2.81564008e-01
7.50750751e+00,7.38840658e+00,2.51814228e+02,1.54027692e+07,2.61695473e+03,1.18492881e-01,5.61623207e-07,5.99963598e-01,2.81466665e-01
7.60760761e+00,7.36485061e+00,2.52780042e+02,1.53168982e+07,2.61153703e+03,1.18454385e-01,5.61432001e-07,5.99768681e-01,2.81375222e-01
7.70770771e+00,7.35060736e+00,2.54759104e+02,1.53059002e+07,2.61331775e+03,1.18517882e-01,5.61723892e-07,6.00090184e-01,2.81526052e-01
7.80780781e+00,7.33692199e+00,2.57879791e+02,1.52799064e+07,2.61311803e+03,1.18546357e-01,5.61849436e-07,6.00234362e-01,2.81593691e-01
7.90790791e+00,7.31546144e+00,2.62673003e+02,1.52314992e+07,2.61184025e+03,1.18575446e-01,5.61977532e-07,6.00381645e-01,2.81662788e-01
8.00800801e+00,7.29155553e+00,2.67548197e+02,1.51503268e+07,2.60701699e+03,1.18549138e-01,5.61842711e-07,6.00248442e-01,2.81600297e-01
8.10810811e+00,7.28102882e+00,2.72883557e+02,1.51440331e+07,2.60856285e+03,1.18600889e-01,5.62077451e-07,6.00510473e-01,2.81723226e-01
8.20820821e+00,7.27287545e+00,2.73603676e+02,1.50601465e+07,2.59989722e+03,1.18469707e-01,5.61444819e-07,5.99846259e-01,2.81411617e-01
8.30830831e+00,7.26118004e+00,2.72398484e+02,1.50752889e+07,2.60438638e+03,1.18575092e-01,5.61932864e-07,6.00379855e-01,2.81661948e-01
8.40840841e+00,7.24133740e+00,2.75835550e+02,1.49970762e+07,2.59898886e+03,1.18528789e-01,5.61701597e-07,6.00145409e-01,2.81551960e-01
8.50850851e+00,7.22610424e+00,2.81112470e+02,1.49748871e+07,2.59957540e+03,1.18576155e-01,5.61913742e-07,6.00385237e-01,2.81664473e-01
8.60860861e+00,7.20580505e+00,2.90424723e+02,1.48972329e+07,2.59429715e+03,1.18534243e-01,5.61702310e-07,6.00173025e-01,2.81564915e-01
8.70870871e+00,7.19214782e+00,2.95201719e+02,1.48237143e+07,2.58805353e+03,1.18458335e-01,5.61329281e-07,5.99788680e-01,2.81384604e-01
8.80880881e+00,7.18200502e+00,2.96673963e+02,1.48053880e+07,2.58797898e+03,1.18482386e-01,5.61429374e-07,5.99910459e-01,2.81441735e-01
8.90890891e+00,7.17816470e+00,2.98003570e+02,1.47815180e+07,2.58580744e+03,1.18454042e-01,5.61280616e-07,5.99766945e-01,2.81374407e-01
9.00900901e+00,7.17018371e+00,2.98082084e+02,1.47799374e+07,2.58740051e+03,1.18500205e-01,5.61484277e-07,6.00000680e-01,2.81484062e-01
9.10910911e+00,7.14744228e+00,3.01875633e+02,1.47244137e+07,2.58545061e+03,1.18519977e-01,5.61562266e-07,6.00100791e-01,2.81531028e-01
9.20920921e+00,7.11405812e+00,3.08804367e+02,1.46404033e+07,2.58228524e+03,1.18541895e-01,5.61649807e-07,6.00211769e-01,2.81583092e-01
9.30930931e+00,7.09238087e+00,3.16504695e+02,1.45741822e+07,2.57873116e+03,1.18529520e-01,5.61574280e-07,6.00149110e-01,2.81553696e-01
9.40940941e+00,7.08069319e+00,3.19543848e+02,1.45136006e+07,2.57357414e+03,1.18468572e-01,5.61268006e-07,5.99840515e-01,2.81408922e-01
9.50950951e+00,7.06846174e+00,3.19956885e+02,1.44813261e+07,2.57217559e+03,1.18474057e-01,5.61275812e-07,5.99868283e-01,2.81421949e-01
9.60960961e+00,7.05370293e+00,3.22718501e+02,1.44606048e+07,2.57285290e+03,1.18520857e-01,5.61478689e-07,6.00105248e-01,2.81533119e-01
9.70970971e+00,7.03774293e+00,3.27795932e+02,1.44131150e+07,2.57033172e+03,1.18515656e-01,5.61434534e-07,6.00078914e-01,2.81520765e-01
9.80980981e+00,7.02364198e+00,3.33045030e+02,1.43785960e+07,2.56906986e+03,1.18527370e-01,5.61469848e-07,6.00138225e-01,2.81548590e-01
9.90990991e+00,7.00873372e+00,3.34781678e+02,1.43092110e+07,2.56346402e+03,1.18464807e-01,5.61152633e-07,5.99821448e-01,2.81399977e-01
1.00100100e+01,6.99816211e+00,3.35233643e+02,1.42926569e+07,2.56370823e+03,1.18495217e-01,5.61275157e-07,5.99975423e-01,2.81472213e-01
1.01101101e+01,6.98807946e+00,3.38150009e+02,1.42852206e+07,2.56506910e+03,1.18541521e-01,5.61472272e-07,6.00209874e-01,2.81582203e-01
1.02102102e+01,6.97094385e+00,3.43467841e+02,1.42419616e+07,2.56333935e+03,1.18553006e-01,5.61503772e-07,6.00268025e-01,2.81609484e-01
1.03103103e+01,6.94006128e+00,3.51068458e+02,1.41413508e+07,2.55719844e+03,1.18523265e-01,5.61339374e-07,6.00117439e-01,2.81538838e-01
1.04104104e+01,6.91669081e+00,3.54743648e+02,1.40412321e+07,2.54933531e+03,1.18445985e-01,5.60949277e-07,5.99726146e-01,2.81355268e-01
1.05105105e+01,6.89946944e+00,3.56719893e+02,1.40118918e+07,2.54939973e+03,1.18490517e-01,5.61135480e-07,5.99951624e-01,2.81461048e-01
1.06106106e+01,6.88279280e+00,3.60787782e+02,1.39708619e+07,2.54783215e+03,1.18502671e-01,5.61167754e-07,6.00013165e-01,2.81489919e-01
1.07107107e+01,6.87415023e+00,3.64475645e+02,1.39399327e+07,2.54572373e+03,1.18487036e-01,5.61067861e-07,5.99934003e-01,2.81452781e-01
1.08108108e+01,6.86516518e+00,3.67683150e+02,1.39350731e+07,2.54716060e+03,1.18533847e-01,5.61263064e-07,6.00171018e-01,2.81563975e-01
1.09109109e+01,6.85029163e+00,3.72871750e+02,1.38974405e+07,2.54561021e+03,1.18542562e-01,5.61277307e-07,6.00215143e-01,2.81584676e-01
1.10110110e+01,6.82873694e+00,3.79353945e+02,1.38336140e+07,2.54208623e+03,1.18534683e-01,5.61212458e-07,6.00175251e-01,2.81565960e-01
1.11111111e+01,6.81257443e+00,3.84297365e+02,1.37904327e+07,2.54003001e+03,1.18540903e-01,5.61213912e-07,6.00206748e-01,2.81580737e-01
1.12112112e+01,6.79831436e+00,3.85113573e+02,1.37269257e+07,2.53482115e+03,1.18485489e-01,5.60923104e-07,5.99926170e-01,2.81449107e-01
1.13113113e+01,6.78671126e+00,3.85140869e+02,1.37092429e+07,2.53513867e+03,1.18520323e-01,5.61059099e-07,6.00102544e-01,2.81531851e-01
1.14114114e+01,6.77295238e+00,3.87133515e+02,1.36880591e+07,2.53550586e+03,1.18560407e-01,5.61219506e-07,6.00305499e-01,2.81627065e-01
1.15115115e+01,6.74892956e+00,3.93063433e+02,1.36423877e+07,2.53497473e+03,1.18610273e-01,5.61425795e-07,6.00557986e-01,2.81745517e-01
1.16116116e+01,6.72730758e+00,3.99878022e+02,1.35589445e+07,2.52878608e+03,1.18553111e-01,5.61125184e-07,6.00268560e-01,2.81609735e-01
1.17117117e+01,6.71285238e+00,4.02096584e+02,1.34971112e+07,2.52379195e+03,1.18500621e-01,5.60846399e-07,6.00002787e-01,2.81485051e-01
1.18118118e+01,6.69916973e+00,4.04898752e+02,1.34882581e+07,2.52578391e+03,1.18571180e-01,5.61149667e-07,6.00360046e-01,2.81652655e-01
1.19119119e+01,6.68470754e+00,4.10403791e+02,1.34383164e+07,2.52238230e+03,1.18547388e-01,5.61006138e-07,6.00239583e-01,2.81596141e-01
1.20120120e+01,6.67892452e+00,4.15507270e+02,1.34268347e+07,2.52217209e+03,1.18558540e-01,5.61027695e-07,6.00296046e-01,2.81622630e-01
1.21121121e+01,6.67233744e+00,4.18286754e+02,1.33921300e+07,2.51900679e+03,1.18517577e-01,5.60802398e-07,6.00088639e-01,2.81525328e-01
1.22122122e+01,6.65581733e+00,4.20235884e+02,1.33649368e+07,2.51914836e+03,1.18563829e-01,5.60989517e-07,6.00322828e-01,2.81635195e-01
1.23123123e+01,6.62168893e+00,4.26343379e+02,1.32538110e+07,2.51191863e+03,1.18524158e-01,5.60769927e-07,6.00121962e-01,2.81540961e-01
1.24124124e+01,6.60204867e+00,4.29693250e+02,1.31681113e+07,2.50476408e+03,1.18445452e-01,5.60365619e-07,5.99723448e-01,2.81354002e-01
1.25125125e+01,6.59496062e+00,4.32118845e+02,1.31723095e+07,2.50703091e+03,1.18503310e-01,5.60607267e-07,6.00016401e-01,2.81491438e-01
1.26126126e+01,6.58692478e+00,4.36731809e+02,1.31698802e+07,2.50864805e+03,1.18549529e-01,5.60793669e-07,6.00250423e-01,2.81601227e-01
1.27127127e+01,6.57024729e+00,4.43561970e+02,1.31077978e+07,2.50403509e+03,1.18508105e-01,5.60565310e-07,6.00040683e-01,2.81502830e-01
1.28128128e+01,6.55045132e+00,4.50118540e+02,1.30507246e+07,2.50079709e+03,1.18501922e-01,5.60503552e-07,6.00009375e-01,2.81488142e-01
1.29129129e+01,6.53191682e+00,4.51024494e+02,1.29795058e+07,2.49526434e+03,1.18451727e-01,5.60233596e-07,5.99755224e-01,2.81368910e-01
1.30130130e+01,6.51705046e+00,4.50167700e+02,1.29453813e+07,2.49399703e+03,1.18469970e-01,5.60287229e-07,5.99847594e-01,2.81412244e-01
1.31131131e+01,6.49895059e+00,4.52127482e+02,1.29129744e+07,2.49377744e+03,1.18512951e-01,5.60457790e-07,6.00065216e-01,2.81514340e-01
1.32132132e+01,6.48764194e+00,4.55614701e+02,1.28619695e+07,2.48934909e+03,1.18460960e-01,5.60179176e-07,5.99801971e-01,2.81390841e-01
1.33133133e+01,6.49190638e+00,4.58397284e+02,1.28938223e+07,2.49272999e+03,1.18515361e-01,5.60403616e-07,6.00077418e-01,2.81520064e-01
1.34134134e+01,6.48782121e+00,4.61157132e+02,1.28792138e+07,2.49168224e+03,1.18505435e-01,5.60323718e-07,6.00027164e-01,2.81496488e-01
1.35135135e+01,6.46203378e+00,4.67554935e+02,1.28200177e+07,2.48955368e+03,1.18532748e-01,5.60419805e-07,6.00165456e-01,2.81561366e-01
1.36136136e+01,6.42446578e+00,4.75648442e+02,1.26968834e+07,2.48117064e+03,1.18479695e-01,5.60135950e-07,5.99896832e-01,2.81435344e-01
1.37137137e+01,6.40523614e+00,4.80883391e+02,1.26337494e+07,2.47681662e+03,1.18452357e-01,5.59973770e-07,5.99758413e-01,2.81370406e-01
1.38138138e+01,6.40216343e+00,4.83763660e+02,1.26325514e+07,2.47734612e+03,1.18472643e-01,5.60036698e-07,5.99861128e-01,2.81418594e-01
1.39139139e+01,6.39760364e+00,4.84503144e+02,1.26115418e+07,2.47546481e+03,1.18449858e-01,5.59895898e-07,5.99745761e-01,2.81364471e-01
1.40140140e+01,6.39035289e+00,4.84508625e+02,1.25992322e+07,2.47544646e+03,1.18469389e-01,5.59955005e-07,5.99844650e-01,2.81410864e-01
1.41141141e+01,6.37362268e+00,4.87176866e+02,1.25866967e+07,2.47768408e+03,1.18555017e-01,5.60326380e-07,6.00278208e-01,2.81614263e-01
1.42142142e+01,6.33318097e+00,4.96883195e+02,1.24678735e+07,2.47045263e+03,1.18531671e-01,5.60182635e-07,6.00160000e-01,2.81558807e-01
1.43143143e+01,6.30623037e+00,5.04648977e+02,1.23842707e+07,2.46494785e+03,1.18504084e-01,5.60018924e-07,6.00020321e-01,2.81493278e-01
1.44144144e+01,6.29211762e+00,5.08024796e+02,1.23345731e+07,2.46117763e+03,1.18474471e-01,5.59845579e-07,5.99870383e-01,2.81422936e-01
1.45145145e+01,6.28513126e+00,5.10190303e+02,1.23174965e+07,2.46036401e+03,1.18481127e-01,5.59843502e-07,5.99904085e-01,2.81438747e-01
1.46146146e+01,6.27830696e+00,5.11722961e+02,1.23070481e+07,2.46048862e+03,1.18503299e-01,5.59914550e-07,6.00016347e-01,2.81491414e-01
1.47147147e+01,6.27086679e+00,5.13666817e+02,1.22924855e+07,2.46022606e+03,1.18516157e-01,5.59941379e-07,6.00081451e-01,2.81521956e-01
1.48148148e+01,6.26614638e+00,5.16346539e+02,1.22861665e+07,2.46051892e+03,1.18530359e-01,5.59974343e-07,6.00153360e-01,2.81555692e-01
1.49149149e+01,6.26150799e+00,5.19286085e+02,1.22752822e+07,2.46010304e+03,1.18533115e-01,5.59952970e-07,6.00167313e-01,2.81562238e-01
1.50150150e+01,6.25177876e+00,5.21580451e+02,1.22365882e+07,2.45685177e+03,1.18499969e-01,5.59761732e-07,5.99999487e-01,2.81483504e-01
1.51151151e+01,6.23204080e+00,5.25264900e+02,1.22231073e+07,2.45966265e+03,1.18608616e-01,5.60239977e-07,6.00549597e-01,2.81741582e-01
1.52152152e+01,6.18517032e+00,5.36605180e+02,1.20540987e+07,2.44637051e+03,1.18495347e-01,5.59669793e-07,5.99976083e-01,2.81472524e-01
1.53153153e+01,6.15836151e+00,5.45234852e+02,1.19948090e+07,2.44422846e+03,1.18529597e-01,5.59796293e-07,6.00149503e-01,2.81553883e-01
1.54154154e+01,6.14558531e+00,5.49667376e+02,1.19522023e+07,2.44110859e+03,1.18505370e-01,5.59646296e-07,6.00026835e-01,2.81496334e-01
1.55155155e+01,6.14108345e+00,5.50246377e+02,1.19157671e+07,2.43684594e+03,1.18437541e-01,5.59289991e-07,5.99683397e-01,2.81335214e-01
1.56156156e+01,6.14086690e+00,5.48641611e+02,1.19156356e+07,2.43683183e+03,1.18441097e-01,5.59270298e-07,5.99701398e-01,2.81343659e-01
1.57157157e+01,6.13609318e+00,5.48941567e+02,1.19152875e+07,2.43794460e+03,1.18475676e-01,5.59396547e-07,5.99876485e-01,2.81425799e-01
1.58158158e+01,6.12563813e+00,5.52259862e+02,1.19098064e+07,2.43974377e+03,1.18535816e-01,5.59642864e-07,6.00180990e-01,2.81568655e-01
1.59159159e+01,6.10561961e+00,5.60084901e+02,1.18498090e+07,2.43576839e+03,1.18518478e-01,5.59522795e-07,6.00093200e-01,2.81527469e-01
1.60160160e+01,6.07779277e+00,5.70034290e+02,1.17755140e+07,2.43155333e+03,1.18519725e-01,5.59489911e-07,6.00099515e-01,2.81530432e-01
1.61161161e+01,6.05897894e+00,5.74834660e+02,1.16917767e+07,2.42363999e+03,1.18427731e-01,5.59016363e-07,5.99633726e-01,2.81311911e-01
1.62162162e+01,6.05321964e+00,5.73525835e+02,1.16706201e+07,2.42185612e+03,1.18413062e-01,5.58907114e-07,5.99559449e-01,2.81277065e-01
1.63163163e+01,6.04016864e+00,5.72876811e+02,1.16345736e+07,2.41967627e+03,1.18408966e-01,5.58846980e-07,5.99538711e-01,2.81267336e-01
1.64164164e+01,6.02549575e+00,5.74371000e+02,1.16110624e+07,2.41973574e+03,1.18454533e-01,5.59020442e-07,5.99769431e-01,2.81375576e-01
1.65165165e+01,6.01103070e+00,5.77162177e+02,1.15715730e+07,2.41739050e+03,1.18450552e-01,5.58959234e-07,5.99749272e-01,2.81366119e-01
1.66166166e+01,6.00025995e+00,5.80639724e+02,1.15480009e+07,2.41654406e+03,1.18462932e-01,5.58974337e-07,5.99811955e-01,2.81395526e-01
1.67167167e+01,5.98984529e+00,5.86102550e+02,1.15274163e+07,2.41607435e+03,1.18480404e-01,5.59012509e-07,5.99900421e-01,2.81437029e-01
1.68168168e+01,5.98015870e+00,5.92908306e+02,1.15013544e+07,2.41457436e+03,1.18477571e-01,5.58953877e-07,5.99886077e-01,2.81430300e-01
1.69169169e+01,5.96322790e+00,6.00073859e+02,1.14529064e+07,2.41150163e+03,1.18464218e-01,5.58844571e-07,5.99818469e-01,2.81398582e-01
1.70170170e+01,5.94109196e+00,6.05581363e+02,1.13968973e+07,2.40852711e+03,1.18470240e-01,5.58825622e-07,5.99848961e-01,2.81412887e-01
1.71171171e+01,5.92372817e+00,6.08640932e+02,1.13395037e+07,2.40402286e+03,1.18440650e-01,5.58637650e-07,5.99699137e-01,2.81342599e-01
1.72172172e+01,5.90939381e+00,6.10414373e+02,1.13181510e+07,2.40428945e+03,1.18491241e-01,5.58826733e-07,5.99955294e-01,2.81462772e-01
1.73173173e+01,5.89015082e+00,6.14501062e+02,1.12727574e+07,2.40210947e+03,1.18509017e-01,5.58859931e-07,6.00045301e-01,2.81504998e-01
1.74174174e+01,5.87715308e+00,6.18563790e+02,1.12419132e+07,2.40063258e+03,1.18519000e-01,5.58855251e-07,6.00095846e-01,2.81528711e-01
1.75175175e+01,5.87349374e+00,6.21537620e+02,1.12371452e+07,2.40081636e+03,1.18533467e-01,5.58870565e-07,6.00169096e-01,2.81563076e-01
1.76176176e+01,5.86918671e+00,6.21998109e+02,1.12251902e+07,2.40010360e+03,1.18529443e-01,5.58797407e-07,6.00148721e-01,2.81553517e-01
1.77177177e+01,5.85378731e+00,6.24600985e+02,1.12073535e+07,2.40127594e+03,1.18594490e-01,5.59048623e-07,6.00478072e-01,2.81708029e-01
1.78178178e+01,5.81829561e+00,6.32981709e+02,1.10970980e+07,2.39319173e+03,1.18543186e-01,5.58750300e-07,6.00218307e-01,2.81586163e-01
1.79179179e+01,5.79774158e+00,6.39959865e+02,1.10336078e+07,2.38851863e+03,1.18514231e-01,5.58556509e-07,6.00071701e-01,2.81517384e-01
1.80180180e+01,5.78825847e+00,6.44115718e+02,1.10111026e+07,2.38729940e+03,1.18526771e-01,5.58557287e-07,6.00135192e-01,2.81547170e-01
1.81181181e+01,5.77685056e+00,6.48505425e+02,1.09916642e+07,2.38713769e+03,1.18559210e-01,5.58650805e-07,6.00299439e-01,2.81624225e-01
1.82182182e+01,5.76571239e+00,6.50687127e+02,1.09436740e+07,2.38250090e+03,1.18499781e-01,5.58310490e-07,5.99998535e-01,2.81483059e-01
1.83183183e+01,5.76150932e+00,6.50099947e+02,1.09231755e+07,2.38034066e+03,1.18471524e-01,5.58116175e-07,5.99855463e-01,2.81415938e-01
1.84184184e+01,5.75439887e+00,6.49681585e+02,1.09111747e+07,2.38026488e+03,1.18491366e-01,5.58147578e-07,5.99955929e-01,2.81463071e-01
1.85185185e+01,5.73790524e+00,6.53420555e+02,1.08662158e+07,2.37733296e+03,1.18488278e-01,5.58070295e-07,5.99940293e-01,2.81455736e-01
1.86186186e+01,5.71612850e+00,6.59276435e+02,1.08151308e+07,2.37479920e+03,1.18506820e-01,5.58094418e-07,6.00034178e-01,2.81499781e-01
1.87187187e+01,5.68749139e+00,6.68071368e+02,1.07532774e+07,2.37231013e+03,1.18546594e-01,5.58218239e-07,6.00235565e-01,2.81594260e-01
1.88188188e+01,5.66046946e+00,6.77182681e+02,1.06743109e+07,2.36667660e+03,1.18519259e-01,5.58025997e-07,6.00097157e-01,2.81529327e-01
1.89189189e+01,5.65188437e+00,6.83639622e+02,1.06549264e+07,2.36586722e+03,1.18524264e-01,5.57986117e-07,6.00122500e-01,2.81541217e-01
1.90190190e+01,5.65307511e+00,6.84632185e+02,1.06336817e+07,2.36216809e+03,1.18448223e-01,5.57564733e-07,5.99737480e-01,2.81360588e-01
1.91191191e+01,5.65916508e+00,6.81804775e+02,1.06668657e+07,2.36595973e+03,1.18499785e-01,5.57744102e-07,5.99998557e-01,2.81483070e-01
1.92192192e+01,5.65451446e+00,6.81670458e+02,1.06487845e+07,2.36431376e+03,1.18478640e-01,5.57581607e-07,5.99891491e-01,2.81432841e-01
1.93193193e+01,5.64326139e+00,6.81941903e+02,1.06334344e+07,2.36471869e+03,1.18523468e-01,5.57730202e-07,6.00118470e-01,2.81539326e-01
1.94194194e+01,5.61487413e+00,6.88556068e+02,1.05754242e+07,2.36257732e+03,1.18580203e-01,5.57935688e-07,6.00405734e-01,2.81674093e-01
1.95195195e+01,5.58172333e+00,6.98456024e+02,1.04714895e+07,2.35422433e+03,1.18531222e-01,5.57645132e-07,6.00157730e-01,2.81557745e-01
1.96196196e+01,5.56518012e+00,7.06710774e+02,1.04356620e+07,2.35277323e+03,1.18549890e-01,5.57674375e-07,6.00252254e-01,2.81602090e-01
1.97197197e+01,5.54534840e+00,7.09708815e+02,1.03459418e+07,2.34352118e+03,1.18416647e-01,5.56990451e-07,5.99577603e-01,2.81285584e-01
1.98198198e+01,5.52406621e+00,7.06633541e+02,1.02848597e+07,2.33906080e+03,1.18396383e-01,5.56839424e-07,5.99475000e-01,2.81237449e-01
1.99199199e+01,5.48578087e+00,6.98124275e+02,1.02187048e+07,2.33815044e+03,1.18501922e-01,5.57281634e-07,6.00009375e-01,2.81488146e-01
2.00200200e+01,5.41219889e+00,6.79365691e+02,1.00293088e+07,2.32601391e+03,1.18501922e-01,5.57229274e-07,6.00009375e-01,2.81488146e-01
2.01201201e+01,5.27157403e+00,6.41312808e+02,9.67007665e+06,2.30252662e+03,1.18501922e-01,5.57179021e-07,6.00009375e-01,2.81488146e-01
2.02202202e+01,5.01398018e+00,5.72963511e+02,9.02035766e+06,2.25816774e+03,1.18501922e-01,5.57131285e-07,6.00009375e-01,2.81488146e-01
2.03203203e+01,4.63139433e+00,4.61405030e+02,8.07863840e+06,2.18948243e+03,1.18501922e-01,5.57086925e-07,6.00009375e-01,2.81488146e-01
2.04204204e+01,4.33533972e+00,3.69545377e+02,7.37102641e+06,2.13412516e+03,1.18501922e-01,5.57047249e-07,6.00009375e-01,2.81488146e-01
2.05205205e+01,4.19421594e+00,3.24542875e+02,7.03923323e+06,2.10663659e+03,1.18501922e-01,5.57011192e-07,6.00009375e-01,2.81488146e-01
2.06206206e+01,4.13393591e+00,3.05892942e+02,6.89959579e+06,2.09495627e+03,1.18501922e-01,5.56977059e-07,6.00009375e-01,2.81488146e-01
2.07207207e+01,4.10454575e+00,3.00387976e+02,6.81642996e+06,2.08581719e+03,1.18428460e-01,5.56598735e-07,5.99637417e-01,2.81313646e-01
2.08208208e+01,4.08159037e+00,3.02769592e+02,6.80269588e+06,2.09002655e+03,1.18615183e-01,5.57443949e-07,6.00582850e-01,2.81757186e-01
2.09209209e+01,4.06242564e+00,3.08888471e+02,6.72966263e+06,2.07981934e+03,1.18473905e-01,5.56748259e-07,5.99867517e-01,2.81421595e-01
2.10210210e+01,4.06033987e+00,3.14048580e+02,6.72888998e+06,2.08026990e+03,1.18495485e-01,5.56818424e-07,5.99976783e-01,2.81472856e-01
2.11211211e+01,4.05962026e+00,3.17908942e+02,6.72614013e+06,2.07985894e+03,1.18491464e-01,5.56768596e-07,5.99956425e-01,2.81463305e-01
2.12212212e+01,4.05538673e+00,3.20692595e+02,6.71569921e+06,2.07887391e+03,1.18487151e-01,5.56717607e-07,5.99934589e-01,2.81453061e-01
2.13213213e+01,4.04803262e+00,3.21912134e+02,6.69130853e+06,2.07574030e+03,1.18449841e-01,5.56511787e-07,5.99745674e-01,2.81364434e-01
2.14214214e+01,4.04257949e+00,3.20967140e+02,6.67087870e+06,2.07287931e+03,1.18410689e-01,5.56297487e-07,5.99547435e-01,2.81271432e-01
2.15215215e+01,4.03938302e+00,3.21420124e+02,6.67623268e+06,2.07511926e+03,1.18471480e-01,5.56552836e-07,5.99855241e-01,2.81415836e-01
2.16216216e+01,4.03539738e+00,3.23635952e+02,6.67009153e+06,2.07501232e+03,1.18485513e-01,5.56588535e-07,5.99926294e-01,2.81449170e-01
2.17217217e+01,4.01986459e+00,3.30038035e+02,6.64251199e+06,2.07374613e+03,1.18523859e-01,5.56738438e-07,6.00120448e-01,2.81540255e-01
2.18218218e+01,3.99970596e+00,3.37630541e+02,6.57868899e+06,2.06570843e+03,1.18435723e-01,5.56294310e-07,5.99674191e-01,2.81330899e-01
2.19219219e+01,3.98624733e+00,3.40799986e+02,6.54307521e+06,2.06189893e+03,1.18410645e-01,5.56146450e-07,5.99547213e-01,2.81271328e-01
2.20220220e+01,3.97846090e+00,3.44888377e+02,6.53384189e+06,2.06228613e+03,1.18452724e-01,5.56313989e-07,5.99760275e-01,2.81371284e-01
2.21221221e+01,3.97337493e+00,3.49273209e+02,6.52143412e+06,2.06107835e+03,1.18448485e-01,5.56263889e-07,5.99738811e-01,2.81361214e-01
2.22222222e+01,3.96468819e+00,3.52932333e+02,6.50091811e+06,2.05915155e+03,1.18445289e-01,5.56218560e-07,5.99722630e-01,2.81353623e-01
2.23223223e+01,3.95161714e+00,3.57394104e+02,6.47472727e+06,2.05730942e+03,1.18464289e-01,5.56277331e-07,5.99818828e-01,2.81398753e-01
2.24224224e+01,3.94006926e+00,3.61824952e+02,6.44417348e+06,2.05397469e+03,1.18442816e-01,5.56145946e-07,5.99710108e-01,2.81347749e-01
2.25225225e+01,3.93303110e+00,3.65943318e+02,6.43236073e+06,2.05349505e+03,1.18464929e-01,5.56219064e-07,5.99822070e-01,2.81400275e-01
2.26226226e+01,3.92624549e+00,3.69267813e+02,6.41753967e+06,2.05225778e+03,1.18467615e-01,5.56200777e-07,5.99835673e-01,2.81406656e-01
2.27227227e+01,3.91723299e+00,3.71650141e+02,6.39730895e+06,2.05047150e+03,1.18468975e-01,5.56176031e-07,5.99842557e-01,2.81409886e-01
2.28228228e+01,3.90584884e+00,3.73766058e+02,6.37541552e+06,2.04904469e+03,1.18490104e-01,5.56243869e-07,5.99949538e-01,2.81460075e-01
2.29229229e+01,3.89412633e+00,3.75835916e+02,6.35675436e+06,2.04850670e+03,1.18530045e-01,5.56399771e-07,6.00151773e-01,2.81554952e-01
2.30230230e+01,3.88516589e+00,3.77856799e+02,6.33196423e+06,2.04565225e+03,1.18505232e-01,5.56251468e-07,6.00026136e-01,2.81496010e-01
2.31231231e+01,3.87903832e+00,3.79328954e+02,6.32451887e+06,2.04593087e+03,1.18536722e-01,5.56367167e-07,6.00185581e-01,2.81570812e-01
2.32232232e+01,3.87174214e+00,3.82669483e+02,6.31758606e+06,2.04673694e+03,1.18583198e-01,5.56552893e-07,6.00420902e-01,2.81681211e-01
2.33233233e+01,3.86291251e+00,3.88147711e+02,6.29735127e+06,2.04489803e+03,1.18580107e-01,5.56505662e-07,6.00405249e-01,2.81673867e-01
2.34234234e+01,3.85150173e+00,3.94478274e+02,6.26250667e+06,2.04041821e+03,1.18533023e-01,5.56251686e-07,6.00166851e-01,2.81562025e-01
2.35235235e+01,3.84002022e+00,3.98779479e+02,6.23059263e+06,2.03662420e+03,1.18501922e-01,5.56072446e-07,6.00009375e-01,2.81488147e-01
2.36236236e+01,3.82617301e+00,4.00191846e+02,6.20252271e+06,2.03450927e+03,1.18518060e-01,5.56114600e-07,6.00091088e-01,2.81526482e-01
2.37237237e+01,3.81270232e+00,4.02359908e+02,6.18308965e+06,2.03432037e+03,1.18575167e-01,5.56348649e-07,6.00380235e-01,2.81662133e-01
2.38238238e+01,3.80245763e+00,4.06570725e+02,6.14647566e+06,2.02897566e+03,1.18501922e-01,5.55970864e-07,6.00009375e-01,2.81488147e-01
2.39239239e+01,3.79106011e+00,4.10356868e+02,6.12113683e+06,2.02668602e+03,1.18501922e-01,5.55936502e-07,6.00009375e-01,2.81488147e-01
2.40240240e+01,3.77625810e+00,4.15656475e+02,6.09512958e+06,2.02538578e+03,1.18537008e-01,5.56066448e-07,6.00187030e-01,2.81571492e-01
2.41241241e+01,3.76973253e+00,4.19779050e+02,6.07455028e+06,2.02264026e+03,1.18501922e-01,5.55866983e-07,6.00009375e-01,2.81488147e-01
2.42242242e+01,3.76604021e+00,4.21332957e+02,6.06645617e+06,2.02188519e+03,1.18504288e-01,5.55842990e-07,6.00021359e-01,2.81493770e-01
2.43243243e+01,3.76723791e+00,4.22594271e+02,6.07039813e+06,2.02239876e+03,1.18513489e-01,5.55850804e-07,6.00067943e-01,2.81515624e-01
2.44244244e+01,3.76784267e+00,4.25075593e+02,6.07871086e+06,2.02421214e+03,1.18550434e-01,5.55988500e-07,6.00255007e-01,2.81603383e-01
2.45245245e+01,3.76213734e+00,4.30316860e+02,6.06347036e+06,2.02238803e+03,1.18539359e-01,5.55900809e-07,6.00198932e-01,2.81577076e-01
2.46246246e+01,3.75334911e+00,4.36847481e+02,6.03010447e+06,2.01723523e+03,1.18464923e-01,5.55515967e-07,5.99822042e-01,2.81400262e-01
2.47247247e+01,3.74534898e+00,4.40644716e+02,6.01146840e+06,2.01537555e+03,1.18460276e-01,5.55458434e-07,5.99798510e-01,2.81389223e-01
2.48248248e+01,3.73874900e+00,4.43647405e+02,5.99709343e+06,2.01408655e+03,1.18461390e-01,5.55428007e-07,5.99804152e-01,2.81391869e-01
2.49249249e+01,3.72998593e+00,4.45372326e+02,5.97596194e+06,2.01189886e+03,1.18449964e-01,5.55338914e-07,5.99746297e-01,2.81364727e-01
2.50250250e+01,3.71488892e+00,4.49095564e+02,5.95103816e+06,2.01087043e+03,1.18495883e-01,5.55518905e-07,5.99978802e-01,2.81473805e-01
2.51251251e+01,3.69905707e+00,4.53827250e+02,5.90556880e+06,2.00501752e+03,1.18438521e-01,5.55215117e-07,5.99688361e-01,2.81337547e-01
2.52252252e+01,3.68869910e+00,4.56880436e+02,5.88724459e+06,2.00396265e+03,1.18464895e-01,5.55304331e-07,5.99821897e-01,2.81400195e-01
2.53253253e+01,3.68025921e+00,4.59955948e+02,5.86646088e+06,2.00165902e+03,1.18453561e-01,5.55217303e-07,5.99764510e-01,2.81373272e-01
2.54254254e+01,3.67612243e+00,4.62793001e+02,5.86229112e+06,2.00202009e+03,1.18481196e-01,5.55313509e-07,5.99904435e-01,2.81438917e-01
2.55255255e+01,3.67518585e+00,4.64968637e+02,5.85906507e+06,2.00154749e+03,1.18474140e-01,5.55247741e-07,5.99868707e-01,2.81422155e-01
2.56256256e+01,3.67324644e+00,4.65317594e+02,5.85405016e+06,2.00099982e+03,1.18467649e-01,5.55185311e-07,5.99835844e-01,2.81406737e-01
2.57257257e+01,3.66700762e+00,4.66018281e+02,5.84189584e+06,2.00010709e+03,1.18475676e-01,5.55191719e-07,5.99876486e-01,2.81425804e-01
2.58258258e+01,3.64716784e+00,4.71720837e+02,5.81904433e+06,2.00114741e+03,1.18592516e-01,5.55708933e-07,6.00468081e-01,2.81703345e-01
2.59259259e+01,3.61568344e+00,4.83210949e+02,5.73622817e+06,1.99113976e+03,1.18515382e-01,5.55318342e-07,6.00077529e-01,2.81520122e-01
2.60260260e+01,3.60085876e+00,4.89561098e+02,5.69585987e+06,1.98604640e+03,1.18468875e-01,5.55072528e-07,5.99842051e-01,2.81409650e-01
2.61261261e+01,3.59576886e+00,4.91701313e+02,5.67812872e+06,1.98330138e+03,1.18430946e-01,5.54868066e-07,5.99650004e-01,2.81319553e-01
2.62262262e+01,3.59467421e+00,4.94119080e+02,5.68526751e+06,1.98541864e+03,1.18489460e-01,5.55116610e-07,5.99946278e-01,2.81458547e-01
2.63263263e+01,3.59361607e+00,4.98039268e+02,5.68347804e+06,1.98529828e+03,1.18494226e-01,5.55114499e-07,5.99970413e-01,2.81469869e-01
2.64264264e+01,3.59319158e+00,5.00801052e+02,5.67778781e+06,1.98402940e+03,1.18465292e-01,5.54955719e-07,5.99823909e-01,2.81401138e-01
2.65265265e+01,3.59092048e+00,5.01163636e+02,5.67086094e+06,1.98308829e+03,1.18451784e-01,5.54870439e-07,5.99755517e-01,2.81369053e-01
2.66266266e+01,3.58691501e+00,5.01968910e+02,5.66607746e+06,1.98325648e+03,1.18473982e-01,5.54953673e-07,5.99867908e-01,2.81421781e-01
2.67267267e+01,3.58033120e+00,5.04784465e+02,5.65683264e+06,1.98318056e+03,1.18502719e-01,5.55068806e-07,6.00013415e-01,2.81490044e-01
2.68268268e+01,3.56894755e+00,5.10681528e+02,5.62558086e+06,1.97913052e+03,1.18465861e-01,5.54877977e-07,5.99826793e-01,2.81402492e-01
2.69269269e+01,3.55824126e+00,5.15671915e+02,5.59908725e+06,1.97602888e+03,1.18448346e-01,5.54779033e-07,5.99738108e-01,2.81360886e-01
2.70270270e+01,3.54594104e+00,5.19807997e+02,5.57648432e+06,1.97446884e+03,1.18472932e-01,5.54878499e-07,5.99862593e-01,2.81419287e-01
2.71271271e+01,3.53013135e+00,5.25461619e+02,5.54253512e+06,1.97119061e+03,1.18475736e-01,5.54877123e-07,5.99876788e-01,2.81425947e-01
2.72272272e+01,3.51747344e+00,5.30837379e+02,5.51507533e+06,1.96850196e+03,1.18474591e-01,5.54858374e-07,5.99870991e-01,2.81423227e-01
2.73273273e+01,3.50775692e+00,5.34509469e+02,5.49286216e+06,1.96613153e+03,1.18466918e-01,5.54810077e-07,5.99832140e-01,2.81405000e-01
2.74274274e+01,3.49877414e+00,5.37079402e+02,5.47414571e+06,1.96439313e+03,1.18471118e-01,5.54818314e-07,5.99853406e-01,2.81414977e-01
2.75275275e+01,3.49077851e+00,5.39423936e+02,5.45705346e+06,1.96272301e+03,1.18472443e-01,5.54813925e-07,5.99860119e-01,2.81418127e-01
2.76276276e+01,3.48466035e+00,5.41749527e+02,5.44772259e+06,1.96241864e+03,1.18495898e-01,5.54913896e-07,5.99978877e-01,2.81473841e-01
2.77277277e+01,3.47937832e+00,5.43738318e+02,5.43853451e+06,1.96186644e+03,1.18508975e-01,5.54965886e-07,6.00045091e-01,2.81504904e-01
2.78278278e+01,3.47342535e+00,5.45250483e+02,5.42860019e+06,1.96136263e+03,1.18525675e-01,5.55035339e-07,6.00129647e-01,2.81544573e-01
2.79279279e+01,3.46763370e+00,5.46445409e+02,5.41466789e+06,1.95975028e+03,1.18516365e-01,5.54983379e-07,6.00082505e-01,2.81522457e-01
2.80280280e+01,3.46133967e+00,5.47804187e+02,5.41133240e+06,1.96109418e+03,1.18577417e-01,5.55261177e-07,6.00391632e-01,2.81667481e-01
2.81281281e+01,3.44567895e+00,5.54563933e+02,5.37719649e+06,1.95762676e+03,1.18574595e-01,5.55240018e-07,6.00377342e-01,2.81660776e-01
2.82282282e+01,3.43283455e+00,5.62455645e+02,5.34207923e+06,1.95286952e+03,1.18529014e-01,5.55018695e-07,6.00146554e-01,2.81552505e-01
2.83283283e+01,3.42444413e+00,5.66403547e+02,5.32602120e+06,1.95153604e+03,1.18543208e-01,5.55077190e-07,6.00218421e-01,2.81586220e-01
2.84284284e+01,3.41126316e+00,5.70595000e+02,5.30912315e+06,1.95172342e+03,1.18612306e-01,5.55392549e-07,6.00568283e-01,2.81750354e-01
2.85285285e+01,3.39801094e+00,5.74585590e+02,5.27452108e+06,1.94719849e+03,1.18573730e-01,5.55203430e-07,6.00372964e-01,2.81658723e-01
2.86286286e+01,3.39197717e+00,5.76005135e+02,5.25386241e+06,1.94381961e+03,1.18525082e-01,5.54966727e-07,6.00126642e-01,2.81543163e-01
2.87287287e+01,3.38825753e+00,5.76637280e+02,5.24700607e+06,1.94327422e+03,1.18533610e-01,5.54997204e-07,6.00169825e-01,2.81563422e-01
2.88288288e+01,3.38322156e+00,5.78568198e+02,5.23510702e+06,1.94186222e+03,1.18526963e-01,5.54955990e-07,6.00136169e-01,2.81547633e-01
2.89289289e+01,3.37868288e+00,5.81631043e+02,5.23244405e+06,1.94278063e+03,1.18569733e-01,5.55145420e-07,6.00352726e-01,2.81649228e-01
2.90290290e+01,3.36859537e+00,5.88591541e+02,5.20874466e+06,1.93998554e+03,1.18556719e-01,5.55072863e-07,6.00286833e-01,2.81618315e-01
2.91291291e+01,3.35995904e+00,5.95684620e+02,5.18513330e+06,1.93669009e+03,1.18523989e-01,5.54907146e-07,6.00121109e-01,2.81540567e-01
2.92292292e+01,3.35403889e+00,6.00771170e+02,5.17337753e+06,1.93560358e+03,1.18530498e-01,5.54924217e-07,6.00154065e-01,2.81556028e-01
2.93293293e+01,3.35170681e+00,6.04874742e+02,5.16882876e+06,1.93518053e+03,1.18534585e-01,5.54928973e-07,6.00174761e-01,2.81565738e-01
2.94294294e+01,3.34902917e+00,6.06103575e+02,5.16044787e+06,1.93384615e+03,1.18518730e-01,5.54839313e-07,6.00094483e-01,2.81528076e-01
2.95295295e+01,3.34391362e+00,6.06874287e+02,5.14573844e+06,1.93163550e+03,1.18497155e-01,5.54721807e-07,5.99985242e-01,2.81476827e-01
2.96296296e+01,3.33445451e+00,6.07779373e+02,5.12435396e+06,1.92920790e+03,1.18488374e-01,5.54663119e-07,5.99940779e-01,2.81455968e-01
2.97297297e+01,3.31857908e+00,6.11525667e+02,5.10323157e+06,1.92913896e+03,1.18568695e-01,5.55020467e-07,6.00347469e-01,2.81646762e-01
2.98298298e+01,3.29671227e+00,6.18809437e+02,5.05218378e+06,1.92302017e+03,1.18537211e-01,5.54853442e-07,6.00188054e-01,2.81571974e-01
2.99299299e+01,3.28537076e+00,6.24314504e+02,5.02303982e+06,1.91910483e+03,1.18501537e-01,5.54665863e-07,6.00007427e-01,2.81487235e-01
3.00300300e+01,3.28146915e+00,6.27154443e+02,5.01459332e+06,1.91815543e+03,1.18501553e-01,5.54644346e-07,6.00007510e-01,2.81487274e-01
3.01301301e+01,3.27827725e+00,6.29328189e+02,5.00939335e+06,1.91783859e+03,1.18513507e-01,5.54677698e-07,6.00068034e-01,2.81515668e-01
3.02302302e+01,3.27515321e+00,6.31110109e+02,5.00393920e+06,1.91747052e+03,1.18520140e-01,5.54685188e-07,6.00101619e-01,2.81531424e-01
3.03303303e+01,3.27316974e+00,6.31659173e+02,4.99608556e+06,1.91606099e+03,1.18492935e-01,5.54533402e-07,5.99963873e-01,2.81466802e-01
3.04304304e+01,3.27292764e+00,6.31303694e+02,5.00126436e+06,1.91759161e+03,1.18529850e-01,5.54680821e-07,6.00150785e-01,2.81554490e-01
3.05305305e+01,3.26904796e+00,6.33577070e+02,5.00310190e+06,1.91952216e+03,1.18594725e-01,5.54958246e-07,6.00479266e-01,2.81708593e-01
3.06306306e+01,3.25584252e+00,6.41488984e+02,4.96538353e+06,1.91380707e+03,1.18530932e-01,5.54632908e-07,6.00156266e-01,2.81557061e-01
3.07307307e+01,3.24280819e+00,6.48967468e+02,4.93710356e+06,1.91061601e+03,1.18527195e-01,5.54588071e-07,6.00137345e-01,2.81548185e-01
3.08308308e+01,3.22938015e+00,6.54433439e+02,4.90636268e+06,1.90690267e+03,1.18509290e-01,5.54476495e-07,6.00046684e-01,2.81505652e-01
3.09309309e+01,3.21507613e+00,6.58398173e+02,4.88085667e+06,1.90492507e+03,1.18540661e-01,5.54595078e-07,6.00205523e-01,2.81580170e-01
3.10310310e+01,3.19713981e+00,6.63986822e+02,4.84452936e+06,1.90118958e+03,1.18550935e-01,5.54614708e-07,6.00257546e-01,2.81604576e-01
3.11311311e+01,3.18374284e+00,6.68650550e+02,4.81691631e+06,1.89831450e+03,1.18550503e-01,5.54584112e-07,6.00255357e-01,2.81603549e-01
3.12312312e+01,3.17739498e+00,6.71479559e+02,4.80103991e+06,1.89616584e+03,1.18529988e-01,5.54459481e-07,6.00151482e-01,2.81554817e-01
3.13313313e+01,3.17670000e+00,6.73510667e+02,4.80364866e+06,1.89716578e+03,1.18557817e-01,5.54560951e-07,6.00292393e-01,2.81620924e-01
3.14314314e+01,3.17903179e+00,6.74936304e+02,4.81270538e+06,1.89889843e+03,1.18585917e-01,5.54663656e-07,6.00434668e-01,2.81687671e-01
3.15315315e+01,3.17939339e+00,6.75861142e+02,4.81037694e+06,1.89808207e+03,1.18566037e-01,5.54541989e-07,6.00334008e-01,2.81640448e-01
3.16316316e+01,3.17512153e+00,6.78212059e+02,4.79475691e+06,1.89516812e+03,1.18521993e-01,5.54307527e-07,6.00111004e-01,2.81535827e-01
3.17317317e+01,3.16852622e+00,6.79290636e+02,4.78013878e+06,1.89344591e+03,1.18514297e-01,5.54243375e-07,6.00072035e-01,2.81517545e-01
3.18318318e+01,3.15546943e+00,6.82193491e+02,4.76236792e+06,1.89317137e+03,1.18579465e-01,5.54520391e-07,6.00401999e-01,2.81672345e-01
3.19319319e+01,3.13385382e+00,6.89462164e+02,4.71460449e+06,1.88741786e+03,1.18560198e-01,5.54403167e-07,6.00304448e-01,2.81626580e-01
3.20320320e+01,3.11929881e+00,6.96387599e+02,4.67662611e+06,1.88187479e+03,1.18501921e-01,5.54104233e-07,6.00009375e-01,2.81488149e-01
3.21321321e+01,3.11119599e+00,6.99755198e+02,4.65969465e+06,1.87994500e+03,1.18501921e-01,5.54078496e-07,6.00009375e-01,2.81488149e-01
3.22322322e+01,3.10439501e+00,7.02265248e+02,4.65198380e+06,1.88030684e+03,1.18542187e-01,5.54241731e-07,6.00213253e-01,2.81583796e-01
3.23323323e+01,3.10322701e+00,7.04798620e+02,4.64867125e+06,1.87975823e+03,1.18536948e-01,5.54192921e-07,6.00186724e-01,2.81571351e-01
3.24324324e+01,3.10578103e+00,7.05568185e+02,4.65269869e+06,1.87990842e+03,1.18532611e-01,5.54149106e-07,6.00164763e-01,2.81561048e-01
3.25325325e+01,3.10772224e+00,7.06743725e+02,4.66133264e+06,1.88168293e+03,1.18566473e-01,5.54284681e-07,6.00336220e-01,2.81641485e-01
3.26326326e+01,3.10653507e+00,7.09287593e+02,4.66340110e+06,1.88273318e+03,1.18598222e-01,5.54411224e-07,6.00496975e-01,2.81716902e-01
3.27327327e+01,3.09583169e+00,7.16194686e+02,4.63741178e+06,1.87913434e+03,1.18571670e-01,5.54266167e-07,6.00362531e-01,2.81653829e-01
3.28328328e+01,3.07399878e+00,7.26993431e+02,4.58724066e+06,1.87259314e+03,1.18534522e-01,5.54072630e-07,6.00174440e-01,2.81565588e-01
3.29329329e+01,3.05629474e+00,7.34670749e+02,4.54902832e+06,1.86795699e+03,1.18521457e-01,5.53992785e-07,6.00108289e-01,2.81534554e-01
3.30330330e+01,3.04766826e+00,7.36679971e+02,4.52528215e+06,1.86413710e+03,1.18478778e-01,5.53775547e-07,5.99892194e-01,2.81433175e-01
3.31331331e+01,3.04296498e+00,7.36877441e+02,4.51385241e+06,1.86247869e+03,1.18467585e-01,5.53706480e-07,5.99835519e-01,2.81406587e-01
3.32332332e+01,3.03708733e+00,7.37094646e+02,4.50236472e+06,1.86129078e+03,1.18470334e-01,5.53703574e-07,5.99849440e-01,2.81413118e-01
3.33333333e+01,3.02824009e+00,7.39694067e+02,4.48865206e+06,1.86052582e+03,1.18503284e-01,5.53842812e-07,6.00016272e-01,2.81491385e-01
3.34334334e+01,3.01989155e+00,7.42923132e+02,4.47005475e+06,1.85815650e+03,1.18489441e-01,5.53764355e-07,5.99946185e-01,2.81458505e-01
3.35335335e+01,3.01639536e+00,7.45227831e+02,4.46099703e+06,1.85681019e+03,1.18472242e-01,5.53671166e-07,5.99859098e-01,2.81417649e-01
3.36336336e+01,3.01478984e+00,7.47347034e+02,4.46154893e+06,1.85758598e+03,1.18500488e-01,5.53791280e-07,6.00002119e-01,2.81484745e-01
3.37337337e+01,3.01148473e+00,7.51045928e+02,4.45790427e+06,1.85775283e+03,1.18522986e-01,5.53885407e-07,6.00116034e-01,2.81538188e-01
3.38338338e+01,3.00357951e+00,7.57226110e+02,4.44209822e+06,1.85604672e+03,1.18522435e-01,5.53872663e-07,6.00113241e-01,2.81536878e-01
3.39339339e+01,2.99132038e+00,7.65656808e+02,4.41537647e+06,1.85268698e+03,1.18506782e-01,5.53790174e-07,6.00033987e-01,2.81499696e-01
3.40340340e+01,2.98241291e+00,7.70532313e+02,4.39510723e+06,1.84993522e+03,1.18491072e-01,5.53708183e-07,5.99954443e-01,2.81462379e-01
3.41341341e+01,2.97713334e+00,7.73003566e+02,4.38185945e+06,1.84790619e+03,1.18473354e-01,5.53617501e-07,5.99864730e-01,2.81420291e-01
3.42342342e+01,2.97472572e+00,7.74817793e+02,4.37923649e+06,1.84802184e+03,1.18490851e-01,5.53692003e-07,5.99953321e-01,2.81461852e-01
3.43343343e+01,2.97224100e+00,7.76199871e+02,4.37495238e+06,1.84767753e+03,1.18495970e-01,5.53709216e-07,5.99979240e-01,2.81474012e-01
3.44344344e+01,2.96599678e+00,7.78930431e+02,4.36089971e+06,1.84576036e+03,1.18486960e-01,5.53660890e-07,5.99933620e-01,2.81452610e-01
3.45345345e+01,2.95315418e+00,7.84145244e+02,4.33414067e+06,1.84247336e+03,1.18483019e-01,5.53636668e-07,5.99913665e-01,2.81443248e-01
3.46346346e+01,2.94087151e+00,7.88787945e+02,4.30721422e+06,1.83889282e+03,1.18468926e-01,5.53565355e-07,5.99842309e-01,2.81409772e-01
3.47347347e+01,2.93315869e+00,7.91240715e+02,4.28866502e+06,1.83613372e+03,1.18446629e-01,5.53455957e-07,5.99729414e-01,2.81356809e-01
3.48348348e+01,2.92750602e+00,7.93004319e+02,4.27651622e+06,1.83456230e+03,1.18440521e-01,5.53422358e-07,5.99698487e-01,2.81342300e-01
3.49349349e+01,2.92162048e+00,7.95286979e+02,4.26753683e+06,1.83407820e+03,1.18461186e-01,5.53513920e-07,5.99803120e-01,2.81391387e-01
3.50350350e+01,2.91404658e+00,7.99320321e+02,4.25237374e+06,1.83228717e+03,1.18462759e-01,5.53516246e-07,5.99811085e-01,2.81395124e-01
3.51351351e+01,2.90807973e+00,8.03737073e+02,4.24074886e+06,1.83100251e+03,1.18464371e-01,5.53518634e-07,5.99819245e-01,2.81398952e-01
3.52352352e+01,2.90508402e+00,8.07261111e+02,4.23281148e+06,1.82968802e+03,1.18449609e-01,5.53444300e-07,5.99744501e-01,2.81363887e-01
3.53353353e+01,2.90329148e+00,8.09336811e+02,4.23108432e+06,1.82985206e+03,1.18463758e-01,5.53504736e-07,5.99816145e-01,2.81397498e-01
3.54354354e+01,2.89992526e+00,8.11718008e+02,4.22669937e+06,1.82982095e+03,1.18480371e-01,5.53576263e-07,5.99900259e-01,2.81436959e-01
3.55355355e+01,2.88873516e+00,8.17606940e+02,4.20024017e+06,1.82586753e+03,1.18450685e-01,5.53430979e-07,5.99749953e-01,2.81366445e-01
3.56356356e+01,2.87495446e+00,8.24153716e+02,4.17230736e+06,1.82242323e+03,1.18450399e-01,5.53422490e-07,5.99748502e-01,2.81365764e-01
3.57357357e+01,2.86360736e+00,8.27798511e+02,4.14562525e+06,1.81845362e+03,1.18417200e-01,5.53259584e-07,5.99580406e-01,2.81286904e-01
3.58358358e+01,2.85667453e+00,8.29294416e+02,4.13116745e+06,1.81660718e+03,1.18410838e-01,5.53221327e-07,5.99548196e-01,2.81271793e-01
3.59359359e+01,2.84912109e+00,8.30923414e+02,4.11743692e+06,1.81525451e+03,1.18418340e-01,5.53247021e-07,5.99586178e-01,2.81289612e-01
3.60360360e+01,2.83814171e+00,8.34842305e+02,4.09787856e+06,1.81335513e+03,1.18435688e-01,5.53317841e-07,5.99674019e-01,2.81330821e-01
3.61361361e+01,2.82767769e+00,8.39171579e+02,4.07580546e+06,1.81043778e+03,1.18424180e-01,5.53252918e-07,5.99615746e-01,2.81303483e-01
3.62362362e+01,2.82120058e+00,8.42658996e+02,4.06187790e+06,1.80850613e+03,1.18416811e-01,5.53206347e-07,5.99578437e-01,2.81285980e-01
3.63363363e+01,2.81652061e+00,8.46032665e+02,4.05260773e+06,1.80734444e+03,1.18418936e-01,5.53203083e-07,5.99589197e-01,2.81291028e-01
3.64364364e+01,2.81265548e+00,8.49638597e+02,4.04672983e+06,1.80695598e+03,1.18435131e-01,5.53264455e-07,5.99671198e-01,2.81329498e-01
3.65365365e+01,2.80747685e+00,8.54355008e+02,4.03631407e+06,1.80562055e+03,1.18435726e-01,5.53251820e-07,5.99674208e-01,2.81330910e-01
3.66366366e+01,2.80149707e+00,8.59657670e+02,4.02328536e+06,1.80375513e+03,1.18427764e-01,5.53198074e-07,5.99633895e-01,2.81311998e-01
3.67367367e+01,2.79532416e+00,8.64728866e+02,4.01157045e+06,1.80239156e+03,1.18433222e-01,5.53205864e-07,5.99661533e-01,2.81324963e-01
3.68368368e+01,2.78874535e+00,8.69146262e+02,3.99965180e+06,1.80115981e+03,1.18440852e-01,5.53222638e-07,5.99700165e-01,2.81343087e-01
3.69369369e+01,2.78160675e+00,8.72231929e+02,3.98495005e+06,1.79924706e+03,1.18434108e-01,5.53171118e-07,5.99666018e-01,2.81327068e-01
3.70370370e+01,2.77451466e+00,8.74224733e+02,3.96967757e+06,1.79704817e+03,1.18426511e-01,5.53114484e-07,5.99627553e-01,2.81309022e-01
3.71371371e+01,2.76630654e+00,8.75968144e+02,3.95242798e+06,1.79466091e+03,1.18419086e-01,5.53057555e-07,5.99589954e-01,2.81291383e-01
3.72372372e+01,2.75716397e+00,8.78242862e+02,3.93552625e+06,1.79275525e+03,1.18429436e-01,5.53082612e-07,5.99642363e-01,2.81315970e-01
3.73373373e+01,2.74861487e+00,8.81156843e+02,3.92011832e+06,1.79115752e+03,1.18438241e-01,5.53099468e-07,5.99686944e-01,2.81336885e-01
3.74374374e+01,2.74143725e+00,8.84365053e+02,3.90649706e+06,1.78955660e+03,1.18441582e-01,5.53089887e-07,5.99703861e-01,2.81344822e-01
3.75375375e+01,2.73570770e+00,8.87933775e+02,3.89641173e+06,1.78851467e+03,1.18452188e-01,5.53113376e-07,5.99757564e-01,2.81370015e-01
3.76376376e+01,2.73045476e+00,8.91840904e+02,3.88620656e+06,1.78723458e+03,1.18454014e-01,5.53095077e-07,5.99766806e-01,2.81374352e-01
3.77377377e+01,2.72418079e+00,8.95827615e+02,3.87320301e+06,1.78543701e+03,1.18448687e-01,5.53042683e-07,5.99739832e-01,2.81361697e-01
3.78378378e+01,2.71683404e+00,8.99642036e+02,3.85839673e+06,1.78344701e+03,1.18446984e-01,5.53006628e-07,5.99731211e-01,2.81357653e-01
3.79379379e+01,2.70933275e+00,9.03209126e+02,3.84368746e+06,1.78154282e+03,1.18448591e-01,5.52985554e-07,5.99739350e-01,2.81361471e-01
3.80380380e+01,2.70211070e+00,9.06870706e+02,3.82973937e+06,1.77978935e+03,1.18450780e-01,5.52966837e-07,5.99750431e-01,2.81366669e-01
3.81381381e+01,2.69552896e+00,9.10723203e+02,3.81707894e+06,1.77819475e+03,1.18453600e-01,5.52950833e-07,5.99764709e-01,2.81373368e-01
3.82382382e+01,2.68962436e+00,9.14771529e+02,3.80594457e+06,1.77682589e+03,1.18458547e-01,5.52944648e-07,5.99789759e-01,2.81385120e-01
3.83383383e+01,2.68397599e+00,9.18772537e+02,3.79508374e+06,1.77544713e+03,1.18461012e-01,5.52926884e-07,5.99802237e-01,2.81390974e-01
3.84384384e+01,2.67788890e+00,9.22572792e+02,3.78331563e+06,1.77395122e+03,1.18461927e-01,5.52902031e-07,5.99806873e-01,2.81393149e-01
3.85385385e+01,2.67114635e+00,9.26207376e+02,3.77005866e+06,1.77220403e+03,1.18461479e-01,5.52871099e-07,5.99804604e-01,2.81392084e-01
3.86386386e+01,2.66369353e+00,9.29627456e+02,3.75539243e+06,1.77025027e+03,1.18461397e-01,5.52842307e-07,5.99804187e-01,2.81391889e-01
3.87387387e+01,2.65569310e+00,9.32695001e+02,3.73937257e+06,1.76805710e+03,1.18458168e-01,5.52799411e-07,5.99787838e-01,2.81384219e-01
3.88388388e+01,2.64759481e+00,9.35565654e+02,3.72360005e+06,1.76599086e+03,1.18457756e-01,5.52770387e-07,5.99785753e-01,2.81383241e-01
3.89389389e+01,2.63963348e+00,9.38596116e+02,3.70857127e+06,1.76413937e+03,1.18459680e-01,5.52753130e-07,5.99795497e-01,2.81387812e-01
3.90390390e+01,2.63231020e+00,9.41989851e+02,3.69493946e+06,1.76250231e+03,1.18462532e-01,5.52741199e-07,5.99809935e-01,2.81394585e-01
3.91391391e+01,2.62609827e+00,9.45840100e+02,3.68328439e+06,1.76106893e+03,1.18464539e-01,5.52726459e-07,5.99820100e-01,2.81399354e-01
3.92392392e+01,2.62104601e+00,9.50148224e+02,3.67393644e+06,1.75993228e+03,1.18468116e-01,5.52720289e-07,5.99838210e-01,2.81407850e-01
3.93393393e+01,2.61692987e+00,9.54698335e+02,3.66669347e+06,1.75912437e+03,1.18474920e-01,5.52730534e-07,5.99872659e-01,2.81424012e-01
3.94394394e+01,2.61223524e+00,9.58867222e+02,3.65765567e+06,1.75796692e+03,1.18473244e-01,5.52702693e-07,5.99864176e-01,2.81420032e-01
3.95395395e+01,2.60611064e+00,9.62179750e+02,3.64487802e+06,1.75608455e+03,1.18463668e-01,5.52639581e-07,5.99815686e-01,2.81397284e-01
3.96396396e+01,2.59915045e+00,9.64697146e+02,3.63010241e+06,1.75377156e+03,1.18455404e-01,5.52584306e-07,5.99773847e-01,2.81377655e-01
3.97397397e+01,2.59172513e+00,9.66643292e+02,3.61401141e+06,1.75117705e+03,1.18443428e-01,5.52513525e-07,5.99713207e-01,2.81349207e-01
3.98398398e+01,2.58410143e+00,9.68328213e+02,3.59935331e+06,1.74921473e+03,1.18443775e-01,5.52502141e-07,5.99714966e-01,2.81350032e-01
3.99399399e+01,2.57765855e+00,9.70629278e+02,3.58827769e+06,1.74802975e+03,1.18454696e-01,5.52542066e-07,5.99770262e-01,2.81375973e-01
4.00400400e+01,2.57212823e+00,9.73369183e+02,3.57874761e+06,1.74701985e+03,1.18462546e-01,5.52569717e-07,5.99810007e-01,2.81394619e-01
4.01401401e+01,2.56796913e+00,9.76619818e+02,3.57183949e+06,1.74633930e+03,1.18471518e-01,5.52604714e-07,5.99855434e-01,2.81415931e-01
4.02402402e+01,2.56494795e+00,9.79970587e+02,3.56672080e+06,1.74580926e+03,1.18477045e-01,5.52625801e-07,5.99883418e-01,2.81429059e-01
4.03403403e+01,2.56121308e+00,9.82492983e+02,3.55882910e+06,1.74465612e+03,1.18465538e-01,5.52569644e-07,5.99825156e-01,2.81401726e-01
4.04404404e+01,2.55706710e+00,9.84029713e+02,3.54979354e+06,1.74323688e+03,1.18452713e-01,5.52509583e-07,5.99760219e-01,2.81371262e-01
4.05405405e+01,2.55286370e+00,9.84846513e+02,3.53991331e+06,1.74151418e+03,1.18434554e-01,5.52426921e-07,5.99668277e-01,2.81328128e-01
4.06406406e+01,2.54856270e+00,9.85352953e+02,3.53177213e+06,1.74042478e+03,1.18435675e-01,5.52436479e-07,5.99673952e-01,2.81330791e-01
4.07407407e+01,2.54494860e+00,9.86781273e+02,3.52658721e+06,1.74010255e+03,1.18451677e-01,5.52517746e-07,5.99754975e-01,2.81368802e-01
4.08408408e+01,2.54214266e+00,9.89124539e+02,3.52272042e+06,1.73991558e+03,1.18465128e-01,5.52589405e-07,5.99823081e-01,2.81400753e-01
4.09409409e+01,2.54093027e+00,9.92238060e+02,3.52082812e+06,1.73965660e+03,1.18475621e-01,5.52649544e-07,5.99876210e-01,2.81425678e-01
4.10410410e+01,2.54041054e+00,9.95929888e+02,3.51956242e+06,1.73933630e+03,1.18479074e-01,5.52679095e-07,5.99893692e-01,2.81433879e-01
4.11411411e+01,2.53846658e+00,9.99426751e+02,3.51436895e+06,1.73830310e+03,1.18465214e-01,5.52630112e-07,5.99823517e-01,2.81400958e-01
4.12412412e+01,2.53458631e+00,1.00261865e+03,3.50709908e+06,1.73744557e+03,1.18459580e-01,5.52621672e-07,5.99794991e-01,2.81387575e-01
4.13413413e+01,2.52934689e+00,1.00518639e+03,3.49648549e+06,1.73590300e+03,1.18450889e-01,5.52601075e-07,5.99750986e-01,2.81366930e-01
4.14414414e+01,2.52315100e+00,1.00728774e+03,3.48334343e+06,1.73377269e+03,1.18440802e-01,5.52575982e-07,5.99699911e-01,2.81342969e-01
4.15415415e+01,2.51525230e+00,1.00903345e+03,3.46639895e+06,1.73100089e+03,1.18424114e-01,5.52522015e-07,5.99615415e-01,2.81303328e-01
4.16416416e+01,2.50633360e+00,1.01062462e+03,3.44996477e+06,1.72887787e+03,1.18427324e-01,5.52562688e-07,5.99631665e-01,2.81310952e-01
4.17417417e+01,2.49884509e+00,1.01340966e+03,3.43824004e+06,1.72784953e+03,1.18448996e-01,5.52691196e-07,5.99741402e-01,2.81362434e-01
4.18418418e+01,2.49223478e+00,1.01693519e+03,3.42741539e+06,1.72676240e+03,1.18463798e-01,5.52789218e-07,5.99816345e-01,2.81397593e-01
4.19419419e+01,2.48678862e+00,1.02116836e+03,3.41758122e+06,1.72548758e+03,1.18470052e-01,5.52848809e-07,5.99848013e-01,2.81412449e-01
4.20420420e+01,2.48227130e+00,1.02580549e+03,3.40913670e+06,1.72428851e+03,1.18474718e-01,5.52902308e-07,5.99871636e-01,2.81423532e-01
4.21421421e+01,2.47749311e+00,1.03037871e+03,3.39998228e+06,1.72296879e+03,1.18475141e-01,5.52937198e-07,5.99873777e-01,2.81424536e-01
4.22422422e+01,2.47162418e+00,1.03451334e+03,3.38901801e+06,1.72148854e+03,1.18475283e-01,5.52971819e-07,5.99874496e-01,2.81424873e-01
4.23423423e+01,2.46467273e+00,1.03807529e+03,3.37532697e+06,1.71945024e+03,1.18469737e-01,5.52980763e-07,5.99846416e-01,2.81411700e-01
4.24424424e+01,2.45713593e+00,1.04114631e+03,3.36028412e+06,1.71711794e+03,1.18464203e-01,5.52990443e-07,5.99818396e-01,2.81398554e-01
4.25425425e+01,2.44899958e+00,1.04390902e+03,3.34433930e+06,1.71470686e+03,1.18460124e-01,5.53007408e-07,5.99797745e-01,2.81388866e-01
4.26426426e+01,2.44007535e+00,1.04628674e+03,3.32662210e+06,1.71199221e+03,1.18451043e-01,5.53001316e-07,5.99751766e-01,2.81367296e-01
4.27427427e+01,2.43104335e+00,1.04863232e+03,3.31024396e+06,1.70981505e+03,1.18456422e-01,5.53062820e-07,5.99778999e-01,2.81380072e-01
4.28428428e+01,2.42317148e+00,1.05184824e+03,3.29726192e+06,1.70839999e+03,1.18473217e-01,5.53177514e-07,5.99864039e-01,2.81419967e-01
4.29429429e+01,2.41611818e+00,1.05558841e+03,3.28567778e+06,1.70715941e+03,1.18487672e-01,5.53280978e-07,5.99937228e-01,2.81454303e-01
4.30430430e+01,2.41036694e+00,1.05996741e+03,3.27586202e+06,1.70598050e+03,1.18497400e-01,5.53361863e-07,5.99986483e-01,2.81477411e-01
4.31431431e+01,2.40585356e+00,1.06489959e+03,3.26776285e+06,1.70487120e+03,1.18503237e-01,5.53423868e-07,6.00016038e-01,2.81491276e-01
4.32432432e+01,2.40197278e+00,1.07003230e+03,3.26054899e+06,1.70380761e+03,1.18506600e-01,5.53473398e-07,6.00033066e-01,2.81499265e-01
4.33433433e+01,2.39746400e+00,1.07484462e+03,3.25228158e+06,1.70266615e+03,1.18507815e-01,5.53511751e-07,6.00039215e-01,2.81502149e-01
4.34434434e+01,2.39211121e+00,1.07914867e+03,3.24271654e+06,1.70140554e+03,1.18511426e-01,5.53559917e-07,6.00057500e-01,2.81510727e-01
4.35435435e+01,2.38590108e+00,1.08283476e+03,3.23078256e+06,1.69959502e+03,1.18508716e-01,5.53576918e-07,6.00043779e-01,2.81504290e-01
4.36436436e+01,2.37913856e+00,1.08593035e+03,3.21731279e+06,1.69739275e+03,1.18503630e-01,5.53580911e-07,6.00018027e-01,2.81492209e-01
4.37437437e+01,2.37199385e+00,1.08868308e+03,3.20323327e+06,1.69510350e+03,1.18500241e-01,5.53590657e-07,6.00000869e-01,2.81484160e-01
4.38438438e+01,2.36421869e+00,1.09110844e+03,3.18825231e+06,1.69276875e+03,1.18497135e-01,5.53599275e-07,5.99985139e-01,2.81476780e-01
4.39439439e+01,2.35613621e+00,1.09332922e+03,3.17316895e+06,1.69053568e+03,1.18497423e-01,5.53621039e-07,5.99986599e-01,2.81477465e-01
4.40440440e+01,2.34891072e+00,1.09612282e+03,3.16098788e+06,1.68903526e+03,1.18510833e-01,5.53701114e-07,6.00054497e-01,2.81509318e-01
4.41441441e+01,2.34234651e+00,1.09927962e+03,3.14994906e+06,1.68768939e+03,1.18522366e-01,5.53769163e-07,6.00112894e-01,2.81536714e-01
4.42442442e+01,2.33637676e+00,1.10261206e+03,3.13967183e+06,1.68636899e+03,1.18530255e-01,5.53816646e-07,6.00152837e-01,2.81555454e-01
4.43443443e+01,2.33106265e+00,1.10609112e+03,3.13034917e+06,1.68511243e+03,1.18536037e-01,5.53850454e-07,6.00182111e-01,2.81569187e-01
4.44444444e+01,2.32607644e+00,1.10953589e+03,3.12139528e+06,1.68385202e+03,1.18539014e-01,5.53867037e-07,6.00197188e-01,2.81576260e-01
4.45445445e+01,2.32087949e+00,1.11274002e+03,3.11208200e+06,1.68256399e+03,1.18540649e-01,5.53872909e-07,6.00205463e-01,2.81580142e-01
4.46446446e+01,2.31542887e+00,1.11568472e+03,3.10206270e+06,1.68110187e+03,1.18540170e-01,5.53864153e-07,6.00203037e-01,2.81579004e-01
4.47447447e+01,2.30985776e+00,1.11837730e+03,3.09158755e+06,1.67948879e+03,1.18538561e-01,5.53845042e-07,6.00194892e-01,2.81575183e-01
4.48448448e+01,2.30428421e+00,1.12086580e+03,3.08097834e+06,1.67781675e+03,1.18535524e-01,5.53813852e-07,6.00179514e-01,2.81567969e-01
4.49449449e+01,2.29899188e+00,1.12333688e+03,3.07166000e+06,1.67654432e+03,1.18538960e-01,5.53807161e-07,6.00196913e-01,2.81576131e-01
4.50450450e+01,2.29425863e+00,1.12597989e+03,3.06378726e+06,1.67559914e+03,1.18545903e-01,5.53810761e-07,6.00232066e-01,2.81592623e-01
4.51451451e+01,2.29038172e+00,1.12903096e+03,3.05745478e+06,1.67486734e+03,1.18552906e-01,5.53808193e-07,6.00267527e-01,2.81609259e-01
4.52452452e+01,2.28746767e+00,1.13255287e+03,3.05235006e+06,1.67416347e+03,1.18555568e-01,5.53778521e-07,6.00281006e-01,2.81615583e-01
4.53453453e+01,2.28526297e+00,1.13632930e+03,3.04825795e+06,1.67352048e+03,1.18556385e-01,5.53733016e-07,6.00285140e-01,2.81617522e-01
4.54454454e+01,2.28286608e+00,1.13992928e+03,3.04371455e+06,1.67281535e+03,1.18553922e-01,5.53664571e-07,6.00272671e-01,2.81611672e-01
4.55455455e+01,2.27987155e+00,1.14309468e+03,3.03836115e+06,1.67207877e+03,1.18553049e-01,5.53595510e-07,6.00268250e-01,2.81609598e-01
4.56456456e+01,2.27628673e+00,1.14570966e+03,3.03130652e+06,1.67091420e+03,1.18546622e-01,5.53492064e-07,6.00235708e-01,2.81594332e-01
4.57457457e+01,2.27233429e+00,1.14774264e+03,3.02297149e+06,1.66936196e+03,1.18536408e-01,5.53362085e-07,6.00183991e-01,2.81570069e-01
4.58458458e+01,2.26815548e+00,1.14938258e+03,3.01419855e+06,1.66771386e+03,1.18527178e-01,5.53227445e-07,6.00137255e-01,2.81548144e-01
4.59459459e+01,2.26353736e+00,1.15065339e+03,3.00514311e+06,1.66617469e+03,1.18521572e-01,5.53100046e-07,6.00108873e-01,2.81534829e-01
4.60460460e+01,2.25867128e+00,1.15161107e+03,2.99559155e+06,1.66455459e+03,1.18514631e-01,5.52956318e-07,6.00073730e-01,2.81518342e-01
4.61461461e+01,2.25430267e+00,1.15275544e+03,2.98761686e+06,1.66333310e+03,1.18515156e-01,5.52836912e-07,6.00076386e-01,2.81519588e-01
4.62462462e+01,2.25068481e+00,1.15424589e+03,2.98128681e+06,1.66243372e+03,1.18518237e-01,5.52718472e-07,6.00091989e-01,2.81526908e-01
4.63463463e+01,2.24763127e+00,1.15580122e+03,2.97585113e+06,1.66164265e+03,1.18519266e-01,5.52578999e-07,6.00097194e-01,2.81529351e-01
4.64464464e+01,2.24501475e+00,1.15732786e+03,2.97116683e+06,1.66096558e+03,1.18518911e-01,5.52421123e-07,6.00095398e-01,2.81528508e-01
4.65465465e+01,2.24282390e+00,1.15897557e+03,2.96725795e+06,1.66040784e+03,1.18518405e-01,5.52250095e-07,6.00092836e-01,2.81527307e-01
4.66466466e+01,2.24091390e+00,1.16093283e+03,2.96398422e+06,1.65998202e+03,1.18518945e-01,5.52071003e-07,6.00095573e-01,2.81528591e-01
4.67467467e+01,2.23903627e+00,1.16334194e+03,2.96036416e+06,1.65938743e+03,1.18515911e-01,5.51861844e-07,6.00080211e-01,2.81521384e-01
4.68468468e+01,2.23744640e+00,1.16594529e+03,2.95726797e+06,1.65891676e+03,1.18509698e-01,5.51623980e-07,6.00048752e-01,2.81506625e-01
4.69469469e+01,2.23697561e+00,1.16774459e+03,2.95685535e+06,1.65900904e+03,1.18511508e-01,5.51408915e-07,6.00057915e-01,2.81510924e-01
4.70470470e+01,2.23725787e+00,1.16857043e+03,2.95781572e+06,1.65928452e+03,1.18515363e-01,5.51188099e-07,6.00077437e-01,2.81520083e-01
4.71471471e+01,2.23521059e+00,1.16990819e+03,2.95375870e+06,1.65855654e+03,1.18513202e-01,5.50923686e-07,6.00066495e-01,2.81514950e-01
4.72472472e+01,2.22475021e+00,1.17566689e+03,2.93459650e+06,1.65556999e+03,1.18511376e-01,5.50645649e-07,6.00057247e-01,2.81510612e-01
4.73473473e+01,2.20829212e+00,1.18442883e+03,2.90079228e+06,1.64929619e+03,1.18468229e-01,5.50161257e-07,5.99838784e-01,2.81408123e-01
4.74474474e+01,2.20268118e+00,1.18579534e+03,2.88328384e+06,1.64446064e+03,1.18400277e-01,5.49546246e-07,5.99494724e-01,2.81246711e-01
4.75475475e+01,2.22105413e+00,1.17107471e+03,2.92335278e+06,1.65264740e+03,1.18462890e-01,5.49517987e-07,5.99811752e-01,2.81395442e-01
4.76476476e+01,2.27035462e+00,1.13638893e+03,3.01695076e+06,1.66797516e+03,1.18501921e-01,5.49354891e-07,6.00009375e-01,2.81488155e-01
4.77477477e+01,2.30765009e+00,1.11690628e+03,3.07560179e+06,1.67443085e+03,1.18395003e-01,5.48489521e-07,5.99468021e-01,2.81234184e-01
4.78478478e+01,2.32555076e+00,1.10735213e+03,3.11677831e+06,1.68238529e+03,1.18493649e-01,5.48553200e-07,5.99967493e-01,2.81468507e-01
4.79479479e+01,2.32345448e+00,1.10992927e+03,3.11244302e+06,1.68163449e+03,1.18488466e-01,5.48115153e-07,5.99941252e-01,2.81456197e-01
4.80480480e+01,2.32359279e+00,1.11201661e+03,3.11294376e+06,1.68170398e+03,1.18495579e-01,5.47713161e-07,5.99977265e-01,2.81473092e-01
4.81481481e+01,2.32856096e+00,1.11010514e+03,3.12524945e+06,1.68436832e+03,1.18522405e-01,5.47379260e-07,6.00113095e-01,2.81536816e-01
4.82482482e+01,2.32572475e+00,1.11251788e+03,3.11727122e+06,1.68250343e+03,1.18495201e-01,5.46774154e-07,5.99975352e-01,2.81472196e-01
4.83483483e+01,2.32465448e+00,1.11372348e+03,3.11366719e+06,1.68159156e+03,1.18476906e-01,5.46188806e-07,5.99882718e-01,2.81428738e-01
4.84484484e+01,2.33035400e+00,1.11026473e+03,3.12483375e+06,1.68338322e+03,1.18484754e-01,5.45700527e-07,5.99922455e-01,2.81447381e-01
4.85485485e+01,2.33190725e+00,1.10933996e+03,3.12955078e+06,1.68453824e+03,1.18503260e-01,5.45238245e-07,6.00016158e-01,2.81491341e-01
4.86486486e+01,2.32861303e+00,1.11173515e+03,3.12122519e+06,1.68278043e+03,1.18478833e-01,5.44557108e-07,5.99892480e-01,2.81433320e-01
4.87487487e+01,2.33018944e+00,1.11163629e+03,3.12378014e+06,1.68298535e+03,1.18481170e-01,5.43977160e-07,5.99904314e-01,2.81438872e-01
4.88488488e+01,2.33244621e+00,1.11109615e+03,3.12812149e+06,1.68366774e+03,1.18482996e-01,5.43372584e-07,5.99913559e-01,2.81443210e-01
4.89489489e+01,2.33282425e+00,1.11168619e+03,3.12901807e+06,1.68393979e+03,1.18478605e-01,5.42717916e-07,5.99891325e-01,2.81432780e-01
4.90490490e+01,2.33331540e+00,1.11215231e+03,3.12870214e+06,1.68359598e+03,1.18465894e-01,5.42004286e-07,5.99826965e-01,2.81402587e-01
4.91491491e+01,2.33545217e+00,1.11097911e+03,3.13304337e+06,1.68437235e+03,1.18467103e-01,5.41333446e-07,5.99833088e-01,2.81405460e-01
4.92492492e+01,2.33632809e+00,1.11018046e+03,3.13404357e+06,1.68428207e+03,1.18466843e-01,5.40635962e-07,5.99831771e-01,2.81404843e-01
4.93493493e+01,2.33465466e+00,1.11061867e+03,3.13110996e+06,1.68391092e+03,1.18466894e-01,5.39921536e-07,5.99832029e-01,2.81404965e-01
4.94494494e+01,2.33226948e+00,1.11171718e+03,3.12613860e+06,1.68303980e+03,1.18461043e-01,5.39163611e-07,5.99802408e-01,2.81391069e-01
4.95495495e+01,2.33230004e+00,1.11161878e+03,3.12574060e+06,1.68283748e+03,1.18458650e-01,5.38405265e-07,5.99790289e-01,2.81385385e-01
4.96496496e+01,2.33356631e+00,1.11076746e+03,3.12877624e+06,1.68342625e+03,1.18467904e-01,5.37684365e-07,5.99837145e-01,2.81407368e-01
4.97497497e+01,2.33386153e+00,1.11046426e+03,3.12714703e+06,1.68266772e+03,1.18444608e-01,5.36802300e-07,5.99719191e-01,2.81352032e-01
4.98498498e+01,2.33897347e+00,1.10805948e+03,3.14593087e+06,1.68825846e+03,1.18501919e-01,5.36279141e-07,6.00009375e-01,2.81488169e-01
4.99499499e+01,2.40089035e+00,1.09745444e+03,3.03230878e+06,8.14387120e+02,2.97432374e-01,0.00000000e+00,0.00000000e+00,7.02567626e-01
5.00500501e+01,2.48696704e+00,9.89472464e+02,3.60119056e+06,5.02259761e+03,0.00000000e+00,2.30000000e-01,7.70082240e-01,0.00000000e+00
5.01501502e+01,2.11473002e+00,1.21773198e+03,2.86578600e+06,4.70229083e+03,0.00000000e+00,2.30000000e-01,7.69705754e-01,0.00000000e+00
5.02502503e+01,1.95865790e+00,1.31790129e+03,2.58046389e+06,4.57020926e+03,0.00000000e+00,2.30000000e-01,7.69982537e-01,0.00000000e+00
5.03503504e+01,1.91233654e+00,1.34921254e+03,2.49559062e+06,4.52687837e+03,0.00000000e+00,2.30000000e-01,7.69998381e-01,0.00000000e+00
5.04504505e+01,1.89572965e+00,1.36011628e+03,2.46492814e+06,4.51042096e+03,0.00000000e+00,2.30000000e-01,7.69999697e-01,0.00000000e+00
5.05505506e+01,1.88502771e+00,1.36722784e+03,2.44533791e+06,4.49998294e+03,0.00000000e+00,2.30000000e-01,7.69998555e-01,0.00000000e+00
5.06506507e+01,1.87637374e+00,1.37346616e+03,2.42998188e+06,4.49234801e+03,0.00000000e+00,2.30000000e-01,7.69998603e-01,0.00000000e+00
5.07507508e+01,1.86913689e+00,1.37917972e+03,2.41743377e+06,4.48645190e+03,0.00000000e+00,2.30000000e-01,7.69998969e-01,0.00000000e+00
5.08508509e+01,1.86335663e+00,1.38462762e+03,2.40716430e+06,4.48124651e+03,0.00000000e+00,2.30000000e-01,7.69999991e-01,0.00000000e+00
5.09509510e+01,1.85881404e+00,1.38998899e+03,2.39876062e+06,4.47651707e+03,0.00000000e+00,2.30000000e-01,7.69999553e-01,0.00000000e+00
5.10510511e+01,1.85506909e+00,1.39526558e+03,2.39168143e+06,4.47231189e+03,0.00000000e+00,2.30000000e-01,7.70000536e-01,0.00000000e+00
5.11511512e+01,1.85124539e+00,1.40017863e+03,2.38481292e+06,4.46868117e+03,0.00000000e+00,2.30000000e-01,7.70000079e-01,0.00000000e+00
5.12512513e+01,1.84706436e+00,1.40461587e+03,2.37752599e+06,4.46510791e+03,0.00000000e+00,2.30000000e-01,7.70000817e-01,0.00000000e+00
5.13513514e+01,1.84255271e+00,1.40857654e+03,2.36953346e+06,4.46099122e+03,0.00000000e+00,2.30000000e-01,7.70001425e-01,0.00000000e+00
5.14514515e+01,1.83786022e+00,1.41218168e+03,2.36093998e+06,4.45616317e+03,0.00000000e+00,2.30000000e-01,7.70001041e-01,0.00000000e+00
5.15515516e+01,1.83301889e+00,1.41555608e+03,2.35194765e+06,4.45091848e+03,0.00000000e+00,2.30000000e-01,7.70000339e-01,0.00000000e+00
5.16516517e+01,1.82787946e+00,1.41869428e+03,2.34247170e+06,4.44545193e+03,0.00000000e+00,2.30000000e-01,7.69999917e-01,0.00000000e+00
5.17517518e+01,1.82245792e+00,1.42160603e+03,2.33248821e+06,4.43966877e+03,0.00000000e+00,2.30000000e-01,7.70001025e-01,0.00000000e+00
5.18518519e+01,1.81692770e+00,1.42442287e+03,2.32227650e+06,4.43369421e+03,0.00000000e+00,2.30000000e-01,7.69999160e-01,0.00000000e+00
5.19519520e+01,1.81181684e+00,1.42755701e+03,2.31286375e+06,4.42817900e+03,0.00000000e+00,2.30000000e-01,7.69999258e-01,0.00000000e+00
5.20520521e+01,1.80707207e+00,1.43096720e+03,2.30412862e+06,4.42303775e+03,0.00000000e+00,2.30000000e-01,7.69999284e-01,0.00000000e+00
5.21521522e+01,1.80252097e+00,1.43453392e+03,2.29579257e+06,4.41816140e+03,0.00000000e+00,2.30000000e-01,7.69999605e-01,0.00000000e+00
5.22522523e+01,1.79805895e+00,1.43818405e+03,2.28768260e+06,4.41347968e+03,0.00000000e+00,2.30000000e-01,7.69999537e-01,0.00000000e+00
5.23523524e+01,1.79368171e+00,1.44189842e+03,2.27974869e+06,4.40890163e+03,0.00000000e+00,2.30000000e-01,7.70000596e-01,0.00000000e+00
5.24524525e+01,1.78920262e+00,1.44557455e+03,2.27174837e+06,4.40442906e+03,0.00000000e+00,2.30000000e-01,7.70000363e-01,0.00000000e+00
5.25525526e+01,1.78464575e+00,1.44920754e+03,2.26366134e+06,4.39995598e+03,0.00000000e+00,2.30000000e-01,7.70000402e-01,0.00000000e+00
5.26526527e+01,1.77996349e+00,1.45276718e+03,2.25543728e+06,4.39550378e+03,0.00000000e+00,2.30000000e-01,7.70000182e-01,0.00000000e+00
5.27527528e+01,1.77511294e+00,1.45622172e+03,2.24699590e+06,4.39102015e+03,0.00000000e+00,2.30000000e-01,7.69999871e-01,0.00000000e+00
5.28528529e+01,1.77015113e+00,1.45956147e+03,2.23831670e+06,4.38631967e+03,0.00000000e+00,2.30000000e-01,7.69999978e-01,0.00000000e+00
5.29529530e+01,1.76517240e+00,1.46280028e+03,2.22943128e+06,4.38123091e+03,0.00000000e+00,2.30000000e-01,7.69999773e-01,0.00000000e+00
5.30530531e+01,1.76028626e+00,1.46604725e+03,2.22060042e+06,4.37599022e+03,0.00000000e+00,2.30000000e-01,7.69999677e-01,0.00000000e+00
5.31531532e+01,1.75549961e+00,1.46937398e+03,2.21198855e+06,4.37090387e+03,0.00000000e+00,2.30000000e-01,7.69999915e-01,0.00000000e+00
5.32532533e+01,1.75074068e+00,1.47272984e+03,2.20347435e+06,4.36591444e+03,0.00000000e+00,2.30000000e-01,7.70000081e-01,0.00000000e+00
5.33533534e+01,1.74597209e+00,1.47608817e+03,2.19499456e+06,4.36099063e+03,0.00000000e+00,2.30000000e-01,7.70000170e-01,0.00000000e+00
5.34534535e+01,1.74114598e+00,1.47943235e+03,2.18651337e+06,4.35618146e+03,0.00000000e+00,2.30000000e-01,7.70000158e-01,0.00000000e+00
5.35535536e+01,1.73622684e+00,1.48273931e+03,2.17797860e+06,4.35147173e+03,0.00000000e+00,2.30000000e-01,7.70000128e-01,0.00000000e+00
5.36536537e+01,1.73120102e+00,1.48597739e+03,2.16931950e+06,4.34675388e+03,0.00000000e+00,2.30000000e-01,7.70000112e-01,0.00000000e+00
5.37537538e+01,1.72606464e+00,1.48911183e+03,2.16045829e+06,4.34188048e+03,0.00000000e+00,2.30000000e-01,7.70000106e-01,0.00000000e+00
5.38538539e+01,1.72080989e+00,1.49211225e+03,2.15133273e+06,4.33674004e+03,0.00000000e+00,2.30000000e-01,7.70000854e-01,0.00000000e+00
5.39539540e+01,1.71543535e+00,1.49497241e+03,2.14191551e+06,4.33128746e+03,0.00000000e+00,2.30000000e-01,7.70000119e-01,0.00000000e+00
5.40540541e+01,1.71023341e+00,1.49794210e+03,2.13279375e+06,4.32596208e+03,0.00000000e+00,2.30000000e-01,7.69999653e-01,0.00000000e+00
5.41541542e+01,1.70540216e+00,1.50119960e+03,2.12435416e+06,4.32105082e+03,0.00000000e+00,2.30000000e-01,7.69999593e-01,0.00000000e+00
5.42542543e+01,1.70087511e+00,1.50469285e+03,2.11647324e+06,4.31647973e+03,0.00000000e+00,2.30000000e-01,7.69999392e-01,0.00000000e+00
5.43543544e+01,1.69656668e+00,1.50836151e+03,2.10901328e+06,4.31218816e+03,0.00000000e+00,2.30000000e-01,7.69999457e-01,0.00000000e+00
5.44544545e+01,1.69237407e+00,1.51213807e+03,2.10182985e+06,4.30814733e+03,0.00000000e+00,2.30000000e-01,7.69999387e-01,0.00000000e+00
5.45545546e+01,1.68833800e+00,1.51603967e+03,2.09495329e+06,4.30431704e+03,0.00000000e+00,2.30000000e-01,7.69999502e-01,0.00000000e+00
5.46546547e+01,1.68457685e+00,1.52013241e+03,2.08851003e+06,4.30065792e+03,0.00000000e+00,2.30000000e-01,7.69999814e-01,0.00000000e+00
5.47547548e+01,1.68114346e+00,1.52444005e+03,2.08254029e+06,4.29712137e+03,0.00000000e+00,2.30000000e-01,7.70000220e-01,0.00000000e+00
5.48548549e+01,1.67800341e+00,1.52892859e+03,2.07695702e+06,4.29362256e+03,0.00000000e+00,2.30000000e-01,7.69999742e-01,0.00000000e+00
5.49549550e+01,1.67499324e+00,1.53349006e+03,2.07154299e+06,4.29012504e+03,0.00000000e+00,2.30000000e-01,7.70000051e-01,0.00000000e+00
5.50550551e+01,1.67176742e+00,1.53792341e+03,2.06591239e+06,4.28672112e+03,0.00000000e+00,2.30000000e-01,7.69999760e-01,0.00000000e+00
5.51551552e+01,1.66826236e+00,1.54214519e+03,2.05981709e+06,4.28304978e+03,0.00000000e+00,2.30000000e-01,7.70000590e-01,0.00000000e+00
5.52552553e+01,1.66445681e+00,1.54608713e+03,2.05310157e+06,4.27884391e+03,0.00000000e+00,2.30000000e-01,7.70001207e-01,0.00000000e+00
5.53553554e+01,1.66045562e+00,1.54980033e+03,2.04585329e+06,4.27401257e+03,0.00000000e+00,2.30000000e-01,7.70001119e-01,0.00000000e+00
5.54554555e+01,1.65624667e+00,1.55332946e+03,2.03824184e+06,4.26893465e+03,0.00000000e+00,2.30000000e-01,7.70000604e-01,0.00000000e+00
5.55555556e+01,1.65164384e+00,1.55663326e+03,2.03019892e+06,4.26394139e+03,0.00000000e+00,2.30000000e-01,7.70000094e-01,0.00000000e+00
5.56556557e+01,1.64663270e+00,1.55968728e+03,2.02164764e+06,4.25890383e+03,0.00000000e+00,2.30000000e-01,7.69999946e-01,0.00000000e+00
5.57557558e+01,1.64125243e+00,1.56247174e+03,2.01254915e+06,4.25363506e+03,0.00000000e+00,2.30000000e-01,7.69999927e-01,0.00000000e+00
5.58558559e+01,1.63553074e+00,1.56498332e+03,2.00291149e+06,4.24806916e+03,0.00000000e+00,2.30000000e-01,7.70001226e-01,0.00000000e+00
5.59559560e+01,1.62953053e+00,1.56725981e+03,1.99279723e+06,4.24218644e+03,0.00000000e+00,2.30000000e-01,7.69999859e-01,0.00000000e+00
5.60560561e+01,1.62381206e+00,1.56972958e+03,1.98315546e+06,4.23653037e+03,0.00000000e+00,2.30000000e-01,7.69999448e-01,0.00000000e+00
5.61561562e+01,1.61868331e+00,1.57264557e+03,1.97449357e+06,4.23139134e+03,0.00000000e+00,2.30000000e-01,7.69999376e-01,0.00000000e+00
5.62562563e+01,1.61404356e+00,1.57592651e+03,1.96663331e+06,4.22666183e+03,0.00000000e+00,2.30000000e-01,7.69999369e-01,0.00000000e+00
5.63563564e+01,1.60977309e+00,1.57947823e+03,1.95936824e+06,4.22221881e+03,0.00000000e+00,2.30000000e-01,7.69999432e-01,0.00000000e+00
5.64564565e+01,1.60574916e+00,1.58320519e+03,1.95249300e+06,4.21794673e+03,0.00000000e+00,2.30000000e-01,7.69999489e-01,0.00000000e+00
5.65565566e+01,1.60185814e+00,1.58702392e+03,1.94583632e+06,4.21377617e+03,0.00000000e+00,2.30000000e-01,7.69999710e-01,0.00000000e+00
5.66566567e+01,1.59803785e+00,1.59088975e+03,1.93930834e+06,4.20967895e+03,0.00000000e+00,2.30000000e-01,7.69999796e-01,0.00000000e+00
5.67567568e+01,1.59431910e+00,1.59481913e+03,1.93292298e+06,4.20560527e+03,0.00000000e+00,2.30000000e-01,7.69999711e-01,0.00000000e+00
5.68568569e+01,1.59069117e+00,1.59880409e+03,1.92665479e+06,4.20152558e+03,0.00000000e+00,2.30000000e-01,7.70000236e-01,0.00000000e+00
5.69569570e+01,1.58700408e+00,1.60275542e+03,1.92035921e+06,4.19752564e+03,0.00000000e+00,2.30000000e-01,7.70000338e-01,0.00000000e+00
5.70570571e+01,1.58322338e+00,1.60664636e+03,1.91393283e+06,4.19346887e+03,0.00000000e+00,2.30000000e-01,7.70000346e-01,0.00000000e+00
5.71571572e+01,1.57940290e+00,1.61047933e+03,1.90738555e+06,4.18923219e+03,0.00000000e+00,2.30000000e-01,7.70000464e-01,0.00000000e+00
5.72572573e+01,1.57547755e+00,1.61422737e+03,1.90069804e+06,4.18494607e+03,0.00000000e+00,2.30000000e-01,7.70000269e-01,0.00000000e+00
5.73573574e+01,1.57137673e+00,1.61786612e+03,1.89381017e+06,4.18066328e+03,0.00000000e+00,2.30000000e-01,7.70000041e-01,0.00000000e+00
5.74574575e+01,1.56709931e+00,1.62137893e+03,1.88668470e+06,4.17630216e+03,0.00000000e+00,2.30000000e-01,7.69999941e-01,0.00000000e+00
5.75575576e+01,1.56267031e+00,1.62475845e+03,1.87930996e+06,4.17176826e+03,0.00000000e+00,2.30000000e-01,7.69999909e-01,0.00000000e+00
5.76576577e+01,1.55811415e+00,1.62800921e+03,1.87169832e+06,4.16702125e+03,0.00000000e+00,2.30000000e-01,7.69999875e-01,0.00000000e+00
5.77577578e+01,1.55345483e+00,1.63114705e+03,1.86388579e+06,4.16207376e+03,0.00000000e+00,2.30000000e-01,7.69999947e-01,0.00000000e+00
5.78578579e+01,1.54872125e+00,1.63419707e+03,1.85592477e+06,4.15696286e+03,0.00000000e+00,2.30000000e-01,7.70000105e-01,0.00000000e+00
5.79579580e+01,1.54401443e+00,1.63724667e+03,1.84799591e+06,4.15182251e+03,0.00000000e+00,2.30000000e-01,7.69999890e-01,0.00000000e+00
5.80580581e+01,1.53945637e+00,1.64041204e+03,1.84032396e+06,4.14682784e+03,0.00000000e+00,2.30000000e-01,7.69999933e-01,0.00000000e+00
5.81581582e+01,1.53502910e+00,1.64367793e+03,1.83287965e+06,4.14196519e+03,0.00000000e+00,2.30000000e-01,7.69999938e-01,0.00000000e+00
5.82582583e+01,1.53071862e+00,1.64703590e+03,1.82564482e+06,4.13723357e+03,0.00000000e+00,2.30000000e-01,7.69999915e-01,0.00000000e+00
5.83583584e+01,1.52651249e+00,1.65047856e+03,1.81860319e+06,4.13263180e+03,0.00000000e+00,2.30000000e-01,7.69999895e-01,0.00000000e+00
5.84584585e+01,1.52239490e+00,1.65399480e+03,1.81173126e+06,4.12815109e+03,0.00000000e+00,2.30000000e-01,7.69999893e-01,0.00000000e+00
5.85585586e+01,1.51834692e+00,1.65756995e+03,1.80499863e+06,4.12377523e+03,0.00000000e+00,2.30000000e-01,7.69999905e-01,0.00000000e+00
5.86586587e+01,1.51434940e+00,1.66118829e+03,1.79837294e+06,4.11948365e+03,0.00000000e+00,2.30000000e-01,7.69999925e-01,0.00000000e+00
5.87587588e+01,1.51038564e+00,1.66483525e+03,1.79182444e+06,4.11525459e+03,0.00000000e+00,2.30000000e-01,7.69999952e-01,0.00000000e+00
5.88588589e+01,1.50644293e+00,1.66849880e+03,1.78532867e+06,4.11106722e+03,0.00000000e+00,2.30000000e-01,7.69999992e-01,0.00000000e+00
5.89589590e+01,1.50251366e+00,1.67217027e+03,1.77886747e+06,4.10690102e+03,0.00000000e+00,2.30000000e-01,7.70000020e-01,0.00000000e+00
5.90590591e+01,1.49859430e+00,1.67584406e+03,1.77242841e+06,4.10273711e+03,0.00000000e+00,2.30000000e-01,7.70000038e-01,0.00000000e+00
5.91591592e+01,1.49467847e+00,1.67951447e+03,1.76600208e+06,4.09857128e+03,0.00000000e+00,2.30000000e-01,7.70000040e-01,0.00000000e+00
5.92592593e+01,1.49076035e+00,1.68317454e+03,1.75957687e+06,4.09439246e+03,0.00000000e+00,2.30000000e-01,7.70000051e-01,0.00000000e+00
5.93593594e+01,1.48683383e+00,1.68681416e+03,1.75313214e+06,4.09016912e+03,0.00000000e+00,2.30000000e-01,7.70000074e-01,0.00000000e+00
5.94594595e+01,1.48288859e+00,1.69042050e+03,1.74664363e+06,4.08587254e+03,0.00000000e+00,2.30000000e-01,7.70000100e-01,0.00000000e+00
5.95595596e+01,1.47890850e+00,1.69397847e+03,1.74008328e+06,4.08148076e+03,0.00000000e+00,2.30000000e-01,7.70000119e-01,0.00000000e+00
5.96596597e+01,1.47487323e+00,1.69747128e+03,1.73342054e+06,4.07697707e+03,0.00000000e+00,2.30000000e-01,7.70000125e-01,0.00000000e+00
5.97597598e+01,1.47076079e+00,1.70088167e+03,1.72662454e+06,4.07234809e+03,0.00000000e+00,2.30000000e-01,7.70000115e-01,0.00000000e+00
5.98598599e+01,1.46655039e+00,1.70419390e+03,1.71966758e+06,4.06758423e+03,0.00000000e+00,2.30000000e-01,7.70000087e-01,0.00000000e+00
5.99599600e+01,1.46222589e+00,1.70739614e+03,1.71253014e+06,4.06268193e+03,0.00000000e+00,2.30000000e-01,7.70000029e-01,0.00000000e+00
6.00600601e+01,1.45778022e+00,1.71048489e+03,1.70521132e+06,4.05765274e+03,0.00000000e+00,2.30000000e-01,7.70000795e-01,0.00000000e+00
6.01601602e+01,1.45327023e+00,1.71351142e+03,1.69780114e+06,4.05256224e+03,0.00000000e+00,2.30000000e-01,7.69999619e-01,0.00000000e+00
6.02602603e+01,1.44896019e+00,1.71670771e+03,1.69073932e+06,4.04771024e+03,0.00000000e+00,2.30000000e-01,7.69999697e-01,0.00000000e+00
6.03603604e+01,1.44486959e+00,1.72009079e+03,1.68404496e+06,4.04309773e+03,0.00000000e+00,2.30000000e-01,7.69999714e-01,0.00000000e+00
6.04604605e+01,1.44094686e+00,1.72361721e+03,1.67763676e+06,4.03867734e+03,0.00000000e+00,2.30000000e-01,7.69999756e-01,0.00000000e+00
6.05605606e+01,1.43714438e+00,1.72724575e+03,1.67143579e+06,4.03439542e+03,0.00000000e+00,2.30000000e-01,7.69999811e-01,0.00000000e+00
6.06606607e+01,1.43342170e+00,1.73094062e+03,1.66537436e+06,4.03020409e+03,0.00000000e+00,2.30000000e-01,7.69999868e-01,0.00000000e+00
6.07607608e+01,1.42974749e+00,1.73467366e+03,1.65939966e+06,4.02606488e+03,0.00000000e+00,2.30000000e-01,7.69999927e-01,0.00000000e+00
6.08608609e+01,1.42610006e+00,1.73842481e+03,1.65347450e+06,4.02194927e+03,0.00000000e+00,2.30000000e-01,7.69999989e-01,0.00000000e+00
6.09609610e+01,1.42246746e+00,1.74218207e+03,1.64757611e+06,4.01783612e+03,0.00000000e+00,2.30000000e-01,7.70000022e-01,0.00000000e+00
6.10610611e+01,1.41884463e+00,1.74593987e+03,1.64169315e+06,4.01371201e+03,0.00000000e+00,2.30000000e-01,7.70000040e-01,0.00000000e+00
6.11611612e+01,1.41522466e+00,1.74969341e+03,1.63581986e+06,4.00958244e+03,0.00000000e+00,2.30000000e-01,7.70000051e-01,0.00000000e+00
6.12612613e+01,1.41160049e+00,1.75343458e+03,1.62994341e+06,4.00543581e+03,0.00000000e+00,2.30000000e-01,7.70000067e-01,0.00000000e+00
6.13613614e+01,1.40796284e+00,1.75715234e+03,1.62404306e+06,4.00124725e+03,0.00000000e+00,2.30000000e-01,7.70000082e-01,0.00000000e+00
6.14614615e+01,1.40429977e+00,1.76083410e+03,1.61809678e+06,3.99699597e+03,0.00000000e+00,2.30000000e-01,7.70000086e-01,0.00000000e+00
6.15615616e+01,1.40059796e+00,1.76446720e+03,1.61208290e+06,3.99266550e+03,0.00000000e+00,2.30000000e-01,7.70000079e-01,0.00000000e+00
6.16616617e+01,1.39684492e+00,1.76804020e+03,1.60598200e+06,3.98824227e+03,0.00000000e+00,2.30000000e-01,7.70000063e-01,0.00000000e+00
6.17617618e+01,1.39303058e+00,1.77154400e+03,1.59977885e+06,3.98371595e+03,0.00000000e+00,2.30000000e-01,7.70000041e-01,0.00000000e+00
6.18618619e+01,1.38914807e+00,1.77497255e+03,1.59346408e+06,3.97908129e+03,0.00000000e+00,2.30000000e-01,7.70000018e-01,0.00000000e+00
6.19619620e+01,1.38519384e+00,1.77832349e+03,1.58703465e+06,3.97433929e+03,0.00000000e+00,2.30000000e-01,7.69999996e-01,0.00000000e+00
6.20620621e+01,1.38116768e+00,1.78159783e+03,1.58049401e+06,3.96949754e+03,0.00000000e+00,2.30000000e-01,7.69999978e-01,0.00000000e+00
6.21621622e+01,1.37707190e+00,1.78479953e+03,1.57385029e+06,3.96456822e+03,0.00000000e+00,2.30000000e-01,7.69999967e-01,0.00000000e+00
6.22622623e+01,1.37291052e+00,1.78793417e+03,1.56711652e+06,3.95956992e+03,0.00000000e+00,2.30000000e-01,7.70000273e-01,0.00000000e+00
6.23623624e+01,1.36869177e+00,1.79101248e+03,1.56030900e+06,3.95452254e+03,0.00000000e+00,2.30000000e-01,7.69999961e-01,0.00000000e+00
6.24624625e+01,1.36452288e+00,1.79413655e+03,1.55361196e+06,3.94957986e+03,0.00000000e+00,2.30000000e-01,7.69999811e-01,0.00000000e+00
6.25625626e+01,1.36047769e+00,1.79737091e+03,1.54712433e+06,3.94478152e+03,0.00000000e+00,2.30000000e-01,7.69999813e-01,0.00000000e+00
6.26626627e+01,1.35652784e+00,1.80069146e+03,1.54080691e+06,3.94011279e+03,0.00000000e+00,2.30000000e-01,7.69999843e-01,0.00000000e+00
6.27627628e+01,1.35264436e+00,1.80407262e+03,1.53461417e+06,3.93554337e+03,0.00000000e+00,2.30000000e-01,7.69999901e-01,0.00000000e+00
6.28628629e+01,1.34880319e+00,1.80749206e+03,1.52850667e+06,3.93104348e+03,0.00000000e+00,2.30000000e-01,7.69999965e-01,0.00000000e+00
6.29629630e+01,1.34498913e+00,1.81093482e+03,1.52245815e+06,3.92659095e+03,0.00000000e+00,2.30000000e-01,7.70000015e-01,0.00000000e+00
6.30630631e+01,1.34119684e+00,1.81439466e+03,1.51645747e+06,3.92217326e+03,0.00000000e+00,2.30000000e-01,7.70000043e-01,0.00000000e+00
6.31631632e+01,1.33742882e+00,1.81787236e+03,1.51050555e+06,3.91778595e+03,0.00000000e+00,2.30000000e-01,7.70000048e-01,0.00000000e+00
6.32632633e+01,1.33369194e+00,1.82137262e+03,1.50460982e+06,3.91342872e+03,0.00000000e+00,2.30000000e-01,7.70000039e-01,0.00000000e+00
6.33633634e+01,1.32999414e+00,1.82490097e+03,1.49877910e+06,3.90910171e+03,0.00000000e+00,2.30000000e-01,7.70000020e-01,0.00000000e+00
6.34634635e+01,1.32634214e+00,1.82846163e+03,1.49302015e+06,3.90480347e+03,0.00000000e+00,2.30000000e-01,7.69999997e-01,0.00000000e+00
6.35635636e+01,1.32273996e+00,1.83205615e+03,1.48733554e+06,3.90052955e+03,0.00000000e+00,2.30000000e-01,7.69999976e-01,0.00000000e+00
6.36636637e+01,1.31918822e+00,1.83568300e+03,1.48172287e+06,3.89627247e+03,0.00000000e+00,2.30000000e-01,7.69999958e-01,0.00000000e+00
6.37637638e+01,1.31568442e+00,1.83933786e+03,1.47617527e+06,3.89202210e+03,0.00000000e+00,2.30000000e-01,7.69999943e-01,0.00000000e+00
6.38638639e+01,1.31222330e+00,1.84301403e+03,1.47068193e+06,3.88776601e+03,0.00000000e+00,2.30000000e-01,7.69999938e-01,0.00000000e+00
6.39639640e+01,1.30879720e+00,1.84670305e+03,1.46522898e+06,3.88349047e+03,0.00000000e+00,2.30000000e-01,7.69999953e-01,0.00000000e+00
6.40640641e+01,1.30539743e+00,1.85039585e+03,1.45980158e+06,3.87918204e+03,0.00000000e+00,2.30000000e-01,7.69999988e-01,0.00000000e+00
6.41641642e+01,1.30201696e+00,1.85408541e+03,1.45438778e+06,3.87482997e+03,0.00000000e+00,2.30000000e-01,7.70000008e-01,0.00000000e+00
6.42642643e+01,1.29865234e+00,1.85776904e+03,1.44898209e+06,3.87042972e+03,0.00000000e+00,2.30000000e-01,7.70000020e-01,0.00000000e+00
6.43643644e+01,1.29529982e+00,1.86144537e+03,1.44358331e+06,3.86598903e+03,0.00000000e+00,2.30000000e-01,7.70000026e-01,0.00000000e+00
6.44644645e+01,1.29195497e+00,1.86511194e+03,1.43818763e+06,3.86151063e+03,0.00000000e+00,2.30000000e-01,7.70000036e-01,0.00000000e+00
6.45645646e+01,1.28861254e+00,1.86876456e+03,1.43278834e+06,3.85699198e+03,0.00000000e+00,2.30000000e-01,7.70000068e-01,0.00000000e+00
6.46646647e+01,1.28526387e+00,1.87239376e+03,1.42737193e+06,3.85242230e+03,0.00000000e+00,2.30000000e-01,7.70000102e-01,0.00000000e+00
6.47647648e+01,1.28189372e+00,1.87598775e+03,1.42191829e+06,3.84779252e+03,0.00000000e+00,2.30000000e-01,7.70000118e-01,0.00000000e+00
6.48648649e+01,1.27848395e+00,1.87953320e+03,1.41640549e+06,3.84309703e+03,0.00000000e+00,2.30000000e-01,7.70000117e-01,0.00000000e+00
6.49649650e+01,1.27501695e+00,1.88301611e+03,1.41081170e+06,3.83832840e+03,0.00000000e+00,2.30000000e-01,7.70000102e-01,0.00000000e+00
6.50650651e+01,1.27147769e+00,1.88642343e+03,1.40511719e+06,3.83347688e+03,0.00000000e+00,2.30000000e-01,7.70000079e-01,0.00000000e+00
6.51651652e+01,1.26785468e+00,1.88974475e+03,1.39930645e+06,3.82853319e+03,0.00000000e+00,2.30000000e-01,7.70000045e-01,0.00000000e+00
6.52652653e+01,1.26414120e+00,1.89297388e+03,1.39337051e+06,3.82349133e+03,0.00000000e+00,2.30000000e-01,7.69999997e-01,0.00000000e+00
6.53653654e+01,1.26033698e+00,1.89611074e+03,1.38731388e+06,3.81835969e+03,0.00000000e+00,2.30000000e-01,7.70000665e-01,0.00000000e+00
6.54654655e+01,1.25648520e+00,1.89919947e+03,1.38120399e+06,3.81320085e+03,0.00000000e+00,2.30000000e-01,7.69999652e-01,0.00000000e+00
6.55655656e+01,1.25277507e+00,1.90242660e+03,1.37533423e+06,3.80824030e+03,0.00000000e+00,2.30000000e-01,7.69999743e-01,0.00000000e+00
6.56656657e+01,1.24921931e+00,1.90580428e+03,1.36971531e+06,3.80347711e+03,0.00000000e+00,2.30000000e-01,7.69999762e-01,0.00000000e+00
6.57657658e+01,1.24578107e+00,1.90929945e+03,1.36429662e+06,3.79888586e+03,0.00000000e+00,2.30000000e-01,7.69999796e-01,0.00000000e+00
6.58658659e+01,1.24242702e+00,1.91288147e+03,1.35902860e+06,3.79443277e+03,0.00000000e+00,2.30000000e-01,7.69999841e-01,0.00000000e+00
6.59659660e+01,1.23912855e+00,1.91652384e+03,1.35386864e+06,3.79008802e+03,0.00000000e+00,2.30000000e-01,7.69999887e-01,0.00000000e+00
6.60660661e+01,1.23586332e+00,1.92020581e+03,1.34878336e+06,3.78582791e+03,0.00000000e+00,2.30000000e-01,7.69999931e-01,0.00000000e+00
6.61661662e+01,1.23261540e+00,1.92391238e+03,1.34374871e+06,3.78163457e+03,0.00000000e+00,2.30000000e-01,7.69999983e-01,0.00000000e+00
6.62662663e+01,1.22937518e+00,1.92763370e+03,1.33874839e+06,3.77749235e+03,0.00000000e+00,2.30000000e-01,7.70000017e-01,0.00000000e+00
6.63663664e+01,1.22613846e+00,1.93136425e+03,1.33377095e+06,3.77338216e+03,0.00000000e+00,2.30000000e-01,7.70000060e-01,0.00000000e+00
6.64664665e+01,1.22289806e+00,1.93509597e+03,1.32880804e+06,3.76930296e+03,0.00000000e+00,2.30000000e-01,7.70000052e-01,0.00000000e+00
6.65665666e+01,1.21964485e+00,1.93882476e+03,1.32385566e+06,3.76527172e+03,0.00000000e+00,2.30000000e-01,7.70000017e-01,0.00000000e+00
6.66666667e+01,1.21637702e+00,1.94254703e+03,1.31890621e+06,3.76127238e+03,0.00000000e+00,2.30000000e-01,7.70000007e-01,0.00000000e+00
6.67667668e+01,1.21309669e+00,1.94625704e+03,1.31395128e+06,3.75727441e+03,0.00000000e+00,2.30000000e-01,7.70000018e-01,0.00000000e+00
6.68668669e+01,1.20980456e+00,1.94994790e+03,1.30898139e+06,3.75324851e+03,0.00000000e+00,2.30000000e-01,7.70000029e-01,0.00000000e+00
6.69669670e+01,1.20649912e+00,1.95361235e+03,1.30398655e+06,3.74917031e+03,0.00000000e+00,2.30000000e-01,7.70000031e-01,0.00000000e+00
6.70670671e+01,1.20317812e+00,1.95724334e+03,1.29895726e+06,3.74501881e+03,0.00000000e+00,2.30000000e-01,7.70000028e-01,0.00000000e+00
6.71671672e+01,1.19983941e+00,1.96083466e+03,1.29388547e+06,3.74077669e+03,0.00000000e+00,2.30000000e-01,7.70000023e-01,0.00000000e+00
6.72672673e+01,1.19648070e+00,1.96438170e+03,1.28876542e+06,3.73643343e+03,0.00000000e+00,2.30000000e-01,7.70000019e-01,0.00000000e+00
6.73673674e+01,1.19309924e+00,1.96788196e+03,1.28359450e+06,3.73198896e+03,0.00000000e+00,2.30000000e-01,7.70000013e-01,0.00000000e+00
6.74674675e+01,1.18969196e+00,1.97133545e+03,1.27837374e+06,3.72745487e+03,0.00000000e+00,2.30000000e-01,7.70000003e-01,0.00000000e+00
6.75675676e+01,1.18625625e+00,1.97474478e+03,1.27310801e+06,3.72285242e+03,0.00000000e+00,2.30000000e-01,7.69999989e-01,0.00000000e+00
6.76676677e+01,1.18279104e+00,1.97811498e+03,1.26780557e+06,3.71820834e+03,0.00000000e+00,2.30000000e-01,7.69999973e-01,0.00000000e+00
6.77677678e+01,1.17929743e+00,1.98145294e+03,1.26247721e+06,3.71355015e+03,0.00000000e+00,2.30000000e-01,7.69999960e-01,0.00000000e+00
6.78678679e+01,1.17577856e+00,1.98476659e+03,1.25713492e+06,3.70890283e+03,0.00000000e+00,2.30000000e-01,7.69999956e-01,0.00000000e+00
6.79679680e+01,1.17223857e+00,1.98806387e+03,1.25179035e+06,3.70428752e+03,0.00000000e+00,2.30000000e-01,7.69999963e-01,0.00000000e+00
6.80680681e+01,1.16868107e+00,1.99135157e+03,1.24645319e+06,3.69972166e+03,0.00000000e+00,2.30000000e-01,7.69999980e-01,0.00000000e+00
6.81681682e+01,1.16510770e+00,1.99463421e+03,1.24112975e+06,3.69521908e+03,0.00000000e+00,2.30000000e-01,7.70000004e-01,0.00000000e+00
6.82682683e+01,1.16151734e+00,1.99791318e+03,1.23582186e+06,3.69078919e+03,0.00000000e+00,2.30000000e-01,7.70000029e-01,0.00000000e+00
6.83683684e+01,1.15790605e+00,2.00118647e+03,1.23052639e+06,3.68643573e+03,0.00000000e+00,2.30000000e-01,7.70000050e-01,0.00000000e+00
6.84684685e+01,1.15426738e+00,2.00444881e+03,1.22523562e+06,3.68215650e+03,0.00000000e+00,2.30000000e-01,7.70000066e-01,0.00000000e+00
6.85685686e+01,1.15059310e+00,2.00769262e+03,1.21993958e+06,3.67794732e+03,0.00000000e+00,2.30000000e-01,7.70000299e-01,0.00000000e+00
6.86686687e+01,1.14688106e+00,2.01092606e+03,1.21465212e+06,3.67386066e+03,0.00000000e+00,2.30000000e-01,7.69999849e-01,0.00000000e+00
6.87687688e+01,1.14320173e+00,2.01422147e+03,1.20947230e+06,3.66996699e+03,0.00000000e+00,2.30000000e-01,7.69999947e-01,0.00000000e+00
6.88688689e+01,1.13958049e+00,2.01759237e+03,1.20441246e+06,3.66622687e+03,0.00000000e+00,2.30000000e-01,7.69999944e-01,0.00000000e+00
6.89689690e+01,1.13600698e+00,2.02103846e+03,1.19947531e+06,3.66268387e+03,0.00000000e+00,2.30000000e-01,7.69999903e-01,0.00000000e+00
6.90690691e+01,1.13247326e+00,2.02455596e+03,1.19465487e+06,3.65934741e+03,0.00000000e+00,2.30000000e-01,7.69999862e-01,0.00000000e+00
6.91691692e+01,1.12896732e+00,2.02813496e+03,1.18993680e+06,3.65621440e+03,0.00000000e+00,2.30000000e-01,7.69999885e-01,0.00000000e+00
6.92692693e+01,1.12547292e+00,2.03175884e+03,1.18529763e+06,3.65326725e+03,0.00000000e+00,2.30000000e-01,7.70000006e-01,0.00000000e+00
6.93693694e+01,1.12197719e+00,2.03540807e+03,1.18070684e+06,3.65045566e+03,0.00000000e+00,2.30000000e-01,7.70000125e-01,0.00000000e+00
6.94694695e+01,1.11846572e+00,2.03906816e+03,1.17614460e+06,3.64776672e+03,0.00000000e+00,2.30000000e-01,7.70000141e-01,0.00000000e+00
6.95695696e+01,1.11491405e+00,2.04273472e+03,1.17161359e+06,3.64528986e+03,0.00000000e+00,2.30000000e-01,7.70000057e-01,0.00000000e+00
6.96696697e+01,1.11130983e+00,2.04640924e+03,1.16711260e+06,3.64306302e+03,0.00000000e+00,2.30000000e-01,7.69999996e-01,0.00000000e+00
6.97697698e+01,1.10765419e+00,2.05009077e+03,1.16263834e+06,3.64107416e+03,0.00000000e+00,2.30000000e-01,7.70000000e-01,0.00000000e+00
6.98698699e+01,1.10394950e+00,2.05377624e+03,1.15818682e+06,3.63930518e+03,0.00000000e+00,2.30000000e-01,7.70000035e-01,0.00000000e+00
6.99699700e+01,1.10019231e+00,2.05746165e+03,1.15375287e+06,3.63775328e+03,0.00000000e+00,2.30000000e-01,7.70000063e-01,0.00000000e+00
7.00700701e+01,1.09637422e+00,2.06114240e+03,1.14933043e+06,3.63642921e+03,0.00000000e+00,2.30000000e-01,7.70000070e-01,0.00000000e+00
7.01701702e+01,1.09248560e+00,2.06481336e+03,1.14491303e+06,3.63534663e+03,0.00000000e+00,2.30000000e-01,7.70000064e-01,0.00000000e+00
7.02702703e+01,1.08851797e+00,2.06846912e+03,1.14049398e+06,3.63451486e+03,0.00000000e+00,2.30000000e-01,7.70000056e-01,0.00000000e+00
7.03703704e+01,1.08446438e+00,2.07210414e+03,1.13606661e+06,3.63393837e+03,0.00000000e+00,2.30000000e-01,7.70000051e-01,0.00000000e+00
7.04704705e+01,1.08031888e+00,2.07571304e+03,1.13162459e+06,3.63361969e+03,0.00000000e+00,2.30000000e-01,7.70000047e-01,0.00000000e+00
7.05705706e+01,1.07607597e+00,2.07929088e+03,1.12716231e+06,3.63356209e+03,0.00000000e+00,2.30000000e-01,7.70000041e-01,0.00000000e+00
7.06706707e+01,1.07173079e+00,2.08283360e+03,1.12267531e+06,3.63377079e+03,0.00000000e+00,2.30000000e-01,7.70000031e-01,0.00000000e+00
7.07707708e+01,1.06727954e+00,2.08633835e+03,1.11816083e+06,3.63425305e+03,0.00000000e+00,2.30000000e-01,7.70000017e-01,0.00000000e+00
7.08708709e+01,1.06272000e+00,2.08980391e+03,1.11361834e+06,3.63501827e+03,0.00000000e+00,2.30000000e-01,7.70000000e-01,0.00000000e+00
7.09709710e+01,1.05805189e+00,2.09323106e+03,1.10904999e+06,3.63607847e+03,0.00000000e+00,2.30000000e-01,7.69999982e-01,0.00000000e+00
7.10710711e+01,1.05327683e+00,2.09662282e+03,1.10446091e+06,3.63744905e+03,0.00000000e+00,2.30000000e-01,7.69999964e-01,0.00000000e+00
7.11711712e+01,1.04839827e+00,2.09998457e+03,1.09985920e+06,3.63914950e+03,0.00000000e+00,2.30000000e-01,7.69999949e-01,0.00000000e+00
7.12712713e+01,1.04342113e+00,2.10332381e+03,1.09525562e+06,3.64120365e+03,0.00000000e+00,2.30000000e-01,7.69999940e-01,0.00000000e+00
7.13713714e+01,1.03835120e+00,2.10664969e+03,1.09066285e+06,3.64363912e+03,0.00000000e+00,2.30000000e-01,7.69999937e-01,0.00000000e+00
7.14714715e+01,1.03319447e+00,2.10997213e+03,1.08609422e+06,3.64648586e+03,0.00000000e+00,2.30000000e-01,7.69999943e-01,0.00000000e+00
7.15715716e+01,1.02795624e+00,2.11330070e+03,1.08156211e+06,3.64977370e+03,0.00000000e+00,2.30000000e-01,7.69999958e-01,0.00000000e+00
7.16716717e+01,1.02264034e+00,2.11664338e+03,1.07707624e+06,3.65352947e+03,0.00000000e+00,2.30000000e-01,7.69999979e-01,0.00000000e+00
7.17717718e+01,1.01724853e+00,2.12000531e+03,1.07264234e+06,3.65777464e+03,0.00000000e+00,2.30000000e-01,7.70000006e-01,0.00000000e+00
7.18718719e+01,1.01178007e+00,2.12338806e+03,1.06826143e+06,3.66252415e+03,0.00000000e+00,2.30000000e-01,7.70000030e-01,0.00000000e+00
7.19719720e+01,1.00623192e+00,2.12678956e+03,1.06393018e+06,3.66778693e+03,0.00000000e+00,2.30000000e-01,7.70000048e-01,0.00000000e+00
7.20720721e+01,1.00059945e+00,2.13020493e+03,1.05964211e+06,3.67356736e+03,0.00000000e+00,2.30000000e-01,7.70000053e-01,0.00000000e+00
7.21721722e+01,9.94877681e-01,2.13362798e+03,1.05538947e+06,3.67986705e+03,0.00000000e+00,2.30000000e-01,7.70000043e-01,0.00000000e+00
7.22722723e+01,9.89062830e-01,2.13705284e+03,1.05116522e+06,3.68668618e+03,0.00000000e+00,2.30000000e-01,7.70000022e-01,0.00000000e+00
7.23723724e+01,9.83153531e-01,2.14047540e+03,1.04696462e+06,3.69402429e+03,0.00000000e+00,2.30000000e-01,7.69999994e-01,0.00000000e+00
7.24724725e+01,9.77151469e-01,2.14389404e+03,1.04278603e+06,3.70188061e+03,0.00000000e+00,2.30000000e-01,7.69999968e-01,0.00000000e+00
7.25725726e+01,9.71061167e-01,2.14730972e+03,1.03863066e+06,3.71025412e+03,0.00000000e+00,2.30000000e-01,7.69999949e-01,0.00000000e+00
7.26726727e+01,9.64889180e-01,2.15072561e+03,1.03450187e+06,3.71914362e+03,0.00000000e+00,2.30000000e-01,7.69999939e-01,0.00000000e+00
7.27727728e+01,9.58643140e-01,2.15414622e+03,1.03040417e+06,3.72854808e+03,0.00000000e+00,2.30000000e-01,7.69999938e-01,0.00000000e+00
7.28728729e+01,9.52330791e-01,2.15757614e+03,1.02634308e+06,3.73846944e+03,0.00000000e+00,2.30000000e-01,7.69999947e-01,0.00000000e+00
7.29729730e+01,9.45958052e-01,2.16102114e+03,1.02232349e+06,3.74891479e+03,0.00000000e+00,2.30000000e-01,7.69999933e-01,0.00000000e+00
7.30730731e+01,9.39532021e-01,2.16448844e+03,1.01834901e+06,3.75988156e+03,0.00000000e+00,2.30000000e-01,7.69999947e-01,0.00000000e+00
7.31731732e+01,9.33062085e-01,2.16797593e+03,1.01442389e+06,3.77135781e+03,0.00000000e+00,2.30000000e-01,7.70000598e-01,0.00000000e+00
7.32732733e+01,9.26549302e-01,2.17149835e+03,1.01058571e+06,3.78349922e+03,0.00000000e+00,2.30000000e-01,7.70000120e-01,0.00000000e+00
7.33733734e+01,9.20128903e-01,2.17506414e+03,1.00681222e+06,3.79567367e+03,0.00000000e+00,2.30000000e-01,7.70000037e-01,0.00000000e+00
7.34734735e+01,9.13876613e-01,2.17865759e+03,1.00308369e+06,3.80748936e+03,0.00000000e+00,2.30000000e-01,7.69999970e-01,0.00000000e+00
7.35735736e+01,9.07798295e-01,2.18227713e+03,9.99407519e+05,3.81893585e+03,0.00000000e+00,2.30000000e-01,7.69999927e-01,0.00000000e+00
7.36736737e+01,9.01889716e-01,2.18592256e+03,9.95783857e+05,3.83001754e+03,0.00000000e+00,2.30000000e-01,7.69999920e-01,0.00000000e+00
7.37737738e+01,8.96141751e-01,2.18959022e+03,9.92208787e+05,3.84074495e+03,0.00000000e+00,2.30000000e-01,7.69999932e-01,0.00000000e+00
7.38738739e+01,8.90544707e-01,2.19327509e+03,9.88676675e+05,3.85112549e+03,0.00000000e+00,2.30000000e-01,7.69999937e-01,0.00000000e+00
7.39739740e+01,8.85090416e-01,2.19697220e+03,9.85182002e+05,3.86116121e+03,0.00000000e+00,2.30000000e-01,7.69999949e-01,0.00000000e+00
7.40740741e+01,8.79771626e-01,2.20067624e+03,9.81718916e+05,3.87084962e+03,0.00000000e+00,2.30000000e-01,7.69999975e-01,0.00000000e+00
7.41741742e+01,8.74582600e-01,2.20438220e+03,9.78281678e+05,3.88018267e+03,0.00000000e+00,2.30000000e-01,7.69999990e-01,0.00000000e+00
7.42742743e+01,8.69520488e-01,2.20808662e+03,9.74866631e+05,3.88914805e+03,0.00000000e+00,2.30000000e-01,7.69999977e-01,0.00000000e+00
7.43743744e+01,8.64584069e-01,2.21178756e+03,9.71471223e+05,3.89773058e+03,0.00000000e+00,2.30000000e-01,7.69999945e-01,0.00000000e+00
7.44744745e+01,8.59771337e-01,2.21548120e+03,9.68091307e+05,3.90591217e+03,0.00000000e+00,2.30000000e-01,7.69999923e-01,0.00000000e+00
7.45745746e+01,8.55077539e-01,2.21916003e+03,9.64718410e+05,3.91366981e+03,0.00000000e+00,2.30000000e-01,7.69999923e-01,0.00000000e+00
7.46746747e+01,8.50495988e-01,2.22281357e+03,9.61340995e+05,3.92097705e+03,0.00000000e+00,2.30000000e-01,7.69999940e-01,0.00000000e+00
7.47747748e+01,8.46019836e-01,2.22643130e+03,9.57947623e+05,3.92780859e+03,0.00000000e+00,2.30000000e-01,7.69999963e-01,0.00000000e+00
7.48748749e+01,8.41643387e-01,2.23000510e+03,9.54529679e+05,3.93414540e+03,0.00000000e+00,2.30000000e-01,7.69999989e-01,0.00000000e+00
7.49749750e+01,8.37362621e-01,2.23353040e+03,9.51082517e+05,3.93997713e+03,0.00000000e+00,2.30000000e-01,7.70000017e-01,0.00000000e+00
7.50750751e+01,8.33175232e-01,2.23700661e+03,9.47605537e+05,3.94530241e+03,0.00000000e+00,2.30000000e-01,7.70000046e-01,0.00000000e+00
7.51751752e+01,8.29080848e-01,2.24043750e+03,9.44102626e+05,3.95012984e+03,0.00000000e+00,2.30000000e-01,7.70000071e-01,0.00000000e+00
7.52752753e+01,8.25081197e-01,2.24383151e+03,9.40582469e+05,3.95447864e+03,0.00000000e+00,2.30000000e-01,7.70000081e-01,0.00000000e+00
7.53753754e+01,8.21179731e-01,2.24720123e+03,9.37057923e+05,3.95837800e+03,0.00000000e+00,2.30000000e-01,7.70000070e-01,0.00000000e+00
7.54754755e+01,8.17380571e-01,2.25056153e+03,9.33543992e+05,3.96186379e+03,0.00000000e+00,2.30000000e-01,7.70000040e-01,0.00000000e+00
7.55755756e+01,8.13686939e-01,2.25392678e+03,9.30054843e+05,3.96497353e+03,0.00000000e+00,2.30000000e-01,7.70000002e-01,0.00000000e+00
7.56756757e+01,8.10099676e-01,2.25730817e+03,9.26600989e+05,3.96774172e+03,0.00000000e+00,2.30000000e-01,7.69999970e-01,0.00000000e+00
7.57757758e+01,8.06616672e-01,2.26071229e+03,9.23187979e+05,3.97019692e+03,0.00000000e+00,2.30000000e-01,7.69999953e-01,0.00000000e+00
7.58758759e+01,8.03233413e-01,2.26414142e+03,9.19816880e+05,3.97236103e+03,0.00000000e+00,2.30000000e-01,7.69999947e-01,0.00000000e+00
7.59759760e+01,7.99944182e-01,2.26759498e+03,9.16485857e+05,3.97425004e+03,0.00000000e+00,2.30000000e-01,7.69999945e-01,0.00000000e+00
7.60760761e+01,7.96743093e-01,2.27107096e+03,9.13191737e+05,3.97587547e+03,0.00000000e+00,2.30000000e-01,7.69999938e-01,0.00000000e+00
7.61761762e+01,7.93624328e-01,2.27456641e+03,9.09930513e+05,3.97724523e+03,0.00000000e+00,2.30000000e-01,7.69999927e-01,0.00000000e+00
7.62762763e+01,7.90581791e-01,2.27807715e+03,9.06697044e+05,3.97836394e+03,0.00000000e+00,2.30000000e-01,7.69999918e-01,0.00000000e+00
7.63763764e+01,7.87608713e-01,2.28159734e+03,9.03484603e+05,3.97923292e+03,0.00000000e+00,2.30000000e-01,7.69999918e-01,0.00000000e+00
7.64764765e+01,7.84697713e-01,2.28511978e+03,9.00285114e+05,3.97985082e+03,0.00000000e+00,2.30000000e-01,7.69999932e-01,0.00000000e+00
7.65765766e+01,7.81841465e-01,2.28863693e+03,8.97090271e+05,3.98021513e+03,0.00000000e+00,2.30000000e-01,7.69999958e-01,0.00000000e+00
7.66766767e+01,7.79033660e-01,2.29214258e+03,8.93893134e+05,3.98032434e+03,0.00000000e+00,2.30000000e-01,7.69999991e-01,0.00000000e+00
7.67767768e+01,7.76269927e-01,2.29563347e+03,8.90689701e+05,3.98018024e+03,0.00000000e+00,2.30000000e-01,7.70000020e-01,0.00000000e+00
7.68768769e+01,7.73548368e-01,2.29911028e+03,8.87479882e+05,3.97978955e+03,0.00000000e+00,2.30000000e-01,7.70000036e-01,0.00000000e+00
7.69769770e+01,7.70869320e-01,2.30257737e+03,8.84267191e+05,3.97916378e+03,0.00000000e+00,2.30000000e-01,7.70000034e-01,0.00000000e+00
7.70770771e+01,7.68234418e-01,2.30604119e+03,8.81057226e+05,3.97831741e+03,0.00000000e+00,2.30000000e-01,7.70000017e-01,0.00000000e+00
7.71771772e+01,7.65645244e-01,2.30950806e+03,8.77855504e+05,3.97726501e+03,0.00000000e+00,2.30000000e-01,7.69999995e-01,0.00000000e+00
7.72772773e+01,7.63102331e-01,2.31298223e+03,8.74665739e+05,3.97601878e+03,0.00000000e+00,2.30000000e-01,7.69999974e-01,0.00000000e+00
7.73773774e+01,7.60604736e-01,2.31646497e+03,8.71489116e+05,3.97458731e+03,0.00000000e+00,2.30000000e-01,7.69999957e-01,0.00000000e+00
7.74774775e+01,7.58150170e-01,2.31995458e+03,8.68324471e+05,3.97297570e+03,0.00000000e+00,2.30000000e-01,7.69999945e-01,0.00000000e+00
7.75775776e+01,7.55735250e-01,2.32344673e+03,8.65168810e+05,3.97118645e+03,0.00000000e+00,2.30000000e-01,7.69999948e-01,0.00000000e+00
7.76776777e+01,7.53355806e-01,2.32693532e+03,8.62018012e+05,3.96922111e+03,0.00000000e+00,2.30000000e-01,7.69999975e-01,0.00000000e+00
7.77777778e+01,7.51007804e-01,2.33041417e+03,8.58868388e+05,3.96708255e+03,0.00000000e+00,2.30000000e-01,7.70000023e-01,0.00000000e+00
7.78778779e+01,7.48688967e-01,2.33388019e+03,8.55719324e+05,3.96477874e+03,0.00000000e+00,2.30000000e-01,7.70000068e-01,0.00000000e+00
7.79779780e+01,7.46400291e-01,2.33733606e+03,8.52575568e+05,3.96232526e+03,0.00000000e+00,2.30000000e-01,7.70000088e-01,0.00000000e+00
7.80780781e+01,7.44145975e-01,2.34079026e+03,8.49446870e+05,3.95974417e+03,0.00000000e+00,2.30000000e-01,7.70000078e-01,0.00000000e+00
7.81781782e+01,7.41931783e-01,2.34425407e+03,8.46344958e+05,3.95705871e+03,0.00000000e+00,2.30000000e-01,7.70000050e-01,0.00000000e+00
7.82782783e+01,7.39762879e-01,2.34773792e+03,8.43279948e+05,3.95428814e+03,0.00000000e+00,2.30000000e-01,7.70000016e-01,0.00000000e+00
7.83783784e+01,7.37642458e-01,2.35124926e+03,8.40258445e+05,3.95144617e+03,0.00000000e+00,2.30000000e-01,7.69999976e-01,0.00000000e+00
7.84784785e+01,7.35571203e-01,2.35479189e+03,8.37283184e+05,3.94854199e+03,0.00000000e+00,2.30000000e-01,7.69999934e-01,0.00000000e+00
7.85785786e+01,7.33546891e-01,2.35836554e+03,8.34352802e+05,3.94558108e+03,0.00000000e+00,2.30000000e-01,7.69999901e-01,0.00000000e+00
7.86786787e+01,7.31564246e-01,2.36196539e+03,8.31461603e+05,3.94256494e+03,0.00000000e+00,2.30000000e-01,7.69999890e-01,0.00000000e+00
7.87787788e+01,7.29615619e-01,2.36558266e+03,8.28600322e+05,3.93949086e+03,0.00000000e+00,2.30000000e-01,7.69999906e-01,0.00000000e+00
7.88788789e+01,7.27692589e-01,2.36920688e+03,8.25758308e+05,3.93635363e+03,0.00000000e+00,2.30000000e-01,7.69999940e-01,0.00000000e+00
7.89789790e+01,7.25787851e-01,2.37282890e+03,8.22926383e+05,3.93314887e+03,0.00000000e+00,2.30000000e-01,7.69999971e-01,0.00000000e+00
7.90790791e+01,7.23896428e-01,2.37644314e+03,8.20098995e+05,3.92987678e+03,0.00000000e+00,2.30000000e-01,7.69999985e-01,0.00000000e+00
7.91791792e+01,7.22015560e-01,2.38004787e+03,8.17274749e+05,3.92654523e+03,0.00000000e+00,2.30000000e-01,7.69999998e-01,0.00000000e+00
7.92792793e+01,7.20143861e-01,2.38364202e+03,8.14451970e+05,3.92315341e+03,0.00000000e+00,2.30000000e-01,7.70000011e-01,0.00000000e+00
7.93793794e+01,7.18280414e-01,2.38722432e+03,8.11627718e+05,3.91969175e+03,0.00000000e+00,2.30000000e-01,7.70000025e-01,0.00000000e+00
7.94794795e+01,7.16423254e-01,2.39079306e+03,8.08800598e+05,3.91616387e+03,0.00000000e+00,2.30000000e-01,7.70000031e-01,0.00000000e+00
7.95795796e+01,7.14569709e-01,2.39434639e+03,8.05970080e+05,3.91258139e+03,0.00000000e+00,2.30000000e-01,7.70000030e-01,0.00000000e+00
7.96796797e+01,7.12717269e-01,2.39788233e+03,8.03135414e+05,3.90895399e+03,0.00000000e+00,2.30000000e-01,7.70000036e-01,0.00000000e+00
7.97797798e+01,7.10863546e-01,2.40139686e+03,8.00294179e+05,3.90528268e+03,0.00000000e+00,2.30000000e-01,7.70000043e-01,0.00000000e+00
7.98798799e+01,7.09005257e-01,2.40488651e+03,7.97441814e+05,3.90156288e+03,0.00000000e+00,2.30000000e-01,7.70000042e-01,0.00000000e+00
7.99799800e+01,7.07139166e-01,2.40834780e+03,7.94574016e+05,3.89779082e+03,0.00000000e+00,2.30000000e-01,7.70000041e-01,0.00000000e+00
8.00800801e+01,7.05262318e-01,2.41177679e+03,7.91687082e+05,3.89396408e+03,0.00000000e+00,2.30000000e-01,7.70000039e-01,0.00000000e+00
8.01801802e+01,7.03371899e-01,2.41516952e+03,7.88777555e+05,3.89008056e+03,0.00000000e+00,2.30000000e-01,7.70000036e-01,0.00000000e+00
8.02802803e+01,7.01465347e-01,2.41852237e+03,7.85842207e+05,3.88613780e+03,0.00000000e+00,2.30000000e-01,7.70000030e-01,0.00000000e+00
8.03803804e+01,6.99540559e-01,2.42183209e+03,7.82878243e+05,3.88213286e+03,0.00000000e+00,2.30000000e-01,7.70000022e-01,0.00000000e+00
8.04804805e+01,6.97596079e-01,2.42509582e+03,7.79883560e+05,3.87806255e+03,0.00000000e+00,2.30000000e-01,7.70000011e-01,0.00000000e+00
8.05805806e+01,6.95631154e-01,2.42831197e+03,7.76858222e+05,3.87392854e+03,0.00000000e+00,2.30000000e-01,7.70000486e-01,0.00000000e+00
8.06806807e+01,6.93649992e-01,2.43148257e+03,7.73804263e+05,3.86972224e+03,0.00000000e+00,2.30000000e-01,7.70000045e-01,0.00000000e+00
8.07807808e+01,6.91705062e-01,2.43470105e+03,7.70805203e+05,3.86556344e+03,0.00000000e+00,2.30000000e-01,7.69999909e-01,0.00000000e+00
8.08808809e+01,6.89825992e-01,2.43802552e+03,7.67904596e+05,3.86150716e+03,0.00000000e+00,2.30000000e-01,7.69999885e-01,0.00000000e+00
8.09809810e+01,6.88008249e-01,2.44144364e+03,7.65094622e+05,3.85754180e+03,0.00000000e+00,2.30000000e-01,7.69999874e-01,0.00000000e+00
8.10810811e+01,6.86244725e-01,2.44494175e+03,7.62363248e+05,3.85364822e+03,0.00000000e+00,2.30000000e-01,7.69999878e-01,0.00000000e+00
8.11811812e+01,6.84527541e-01,2.44850498e+03,7.59697279e+05,3.84980538e+03,0.00000000e+00,2.30000000e-01,7.69999888e-01,0.00000000e+00
8.12812813e+01,6.82848952e-01,2.45211895e+03,7.57084007e+05,3.84599354e+03,0.00000000e+00,2.30000000e-01,7.69999898e-01,0.00000000e+00
8.13813814e+01,6.81201816e-01,2.45577070e+03,7.54512022e+05,3.84219577e+03,0.00000000e+00,2.30000000e-01,7.69999905e-01,0.00000000e+00
8.14814815e+01,6.79579571e-01,2.45944875e+03,7.51971212e+05,3.83839812e+03,0.00000000e+00,2.30000000e-01,7.69999914e-01,0.00000000e+00
8.15815816e+01,6.77976042e-01,2.46314268e+03,7.49452393e+05,3.83458892e+03,0.00000000e+00,2.30000000e-01,7.69999934e-01,0.00000000e+00
8.16816817e+01,6.76385549e-01,2.46684324e+03,7.46947405e+05,3.83075870e+03,0.00000000e+00,2.30000000e-01,7.69999967e-01,0.00000000e+00
8.17817818e+01,6.74803568e-01,2.47054339e+03,7.44449930e+05,3.82690080e+03,0.00000000e+00,2.30000000e-01,7.69999998e-01,0.00000000e+00
8.18818819e+01,6.73227575e-01,2.47423997e+03,7.41956516e+05,3.82301176e+03,0.00000000e+00,2.30000000e-01,7.70000009e-01,0.00000000e+00
8.19819820e+01,6.71656464e-01,2.47793302e+03,7.39466368e+05,3.81909358e+03,0.00000000e+00,2.30000000e-01,7.70000016e-01,0.00000000e+00
8.20820821e+01,6.70088886e-01,2.48162212e+03,7.36979111e+05,3.81515191e+03,0.00000000e+00,2.30000000e-01,7.70000020e-01,0.00000000e+00
8.21821822e+01,6.68523238e-01,2.48530649e+03,7.34494131e+05,3.81119256e+03,0.00000000e+00,2.30000000e-01,7.70000022e-01,0.00000000e+00
8.22822823e+01,6.66957891e-01,2.48898470e+03,7.32010688e+05,3.80722085e+03,0.00000000e+00,2.30000000e-01,7.70000038e-01,0.00000000e+00
8.23823824e+01,6.65390515e-01,2.49265312e+03,7.29526467e+05,3.80323802e+03,0.00000000e+00,2.30000000e-01,7.70000048e-01,0.00000000e+00
8.24824825e+01,6.63817561e-01,2.49630884e+03,7.27037368e+05,3.79924283e+03,0.00000000e+00,2.30000000e-01,7.70000052e-01,0.00000000e+00
8.25825826e+01,6.62235391e-01,2.49994804e+03,7.24539175e+05,3.79523386e+03,0.00000000e+00,2.30000000e-01,7.70000054e-01,0.00000000e+00
8.26826827e+01,6.60640466e-01,2.50356591e+03,7.22027661e+05,3.79120894e+03,0.00000000e+00,2.30000000e-01,7.70000054e-01,0.00000000e+00
8.27827828e+01,6.59029309e-01,2.50715729e+03,7.19498439e+05,3.78716462e+03,0.00000000e+00,2.30000000e-01,7.70000051e-01,0.00000000e+00
8.28828829e+01,6.57398643e-01,2.51071716e+03,7.16947166e+05,3.78309641e+03,0.00000000e+00,2.30000000e-01,7.70000045e-01,0.00000000e+00
8.29829830e+01,6.55745607e-01,2.51424102e+03,7.14369944e+05,3.77899962e+03,0.00000000e+00,2.30000000e-01,7.70000035e-01,0.00000000e+00
8.30830831e+01,6.54067981e-01,2.51772532e+03,7.11763732e+05,3.77487032e+03,0.00000000e+00,2.30000000e-01,7.70000021e-01,0.00000000e+00
8.31831832e+01,6.52364415e-01,2.52116776e+03,7.09126757e+05,3.77070614e+03,0.00000000e+00,2.30000000e-01,7.70000004e-01,0.00000000e+00
8.32832833e+01,6.50634656e-01,2.52456755e+03,7.06458870e+05,3.76650699e+03,0.00000000e+00,2.30000000e-01,7.69999985e-01,0.00000000e+00
8.33833834e+01,6.48879598e-01,2.52792585e+03,7.03761504e+05,3.76227454e+03,0.00000000e+00,2.30000000e-01,7.69999964e-01,0.00000000e+00
8.34834835e+01,6.47101261e-01,2.53124641e+03,7.01038542e+05,3.75801565e+03,0.00000000e+00,2.30000000e-01,7.70000326e-01,0.00000000e+00
8.35835836e+01,6.45308749e-01,2.53454752e+03,6.98306073e+05,3.75376811e+03,0.00000000e+00,2.30000000e-01,7.69999788e-01,0.00000000e+00
8.36836837e+01,6.43546029e-01,2.53790736e+03,6.95628348e+05,3.74961605e+03,0.00000000e+00,2.30000000e-01,7.69999861e-01,0.00000000e+00
8.37837838e+01,6.41819888e-01,2.54133281e+03,6.93008387e+05,3.74554010e+03,0.00000000e+00,2.30000000e-01,7.69999886e-01,0.00000000e+00
8.38838839e+01,6.40122013e-01,2.54480762e+03,6.90436966e+05,3.74154002e+03,0.00000000e+00,2.30000000e-01,7.69999908e-01,0.00000000e+00
8.39839840e+01,6.38445720e-01,2.54831878e+03,6.87904617e+05,3.73760459e+03,0.00000000e+00,2.30000000e-01,7.69999935e-01,0.00000000e+00
8.40840841e+01,6.36785662e-01,2.55185563e+03,6.85403261e+05,3.73372209e+03,0.00000000e+00,2.30000000e-01,7.69999957e-01,0.00000000e+00
8.41841842e+01,6.35138053e-01,2.55541028e+03,6.82926723e+05,3.72988179e+03,0.00000000e+00,2.30000000e-01,7.69999969e-01,0.00000000e+00
8.42842843e+01,6.33500454e-01,2.55897711e+03,6.80470477e+05,3.72607378e+03,0.00000000e+00,2.30000000e-01,7.69999972e-01,0.00000000e+00
8.43843844e+01,6.31871187e-01,2.56255185e+03,6.78030928e+05,3.72228861e+03,0.00000000e+00,2.30000000e-01,7.69999976e-01,0.00000000e+00
8.44844845e+01,6.30248825e-01,2.56613071e+03,6.75604824e+05,3.71851710e+03,0.00000000e+00,2.30000000e-01,7.69999987e-01,0.00000000e+00
8.45845846e+01,6.28632110e-01,2.56971029e+03,6.73189170e+05,3.71475041e+03,0.00000000e+00,2.30000000e-01,7.70000001e-01,0.00000000e+00
8.46846847e+01,6.27020285e-01,2.57328830e+03,6.70781400e+05,3.71097899e+03,0.00000000e+00,2.30000000e-01,7.70000011e-01,0.00000000e+00
8.47847848e+01,6.25412769e-01,2.57686343e+03,6.68379975e+05,3.70719780e+03,0.00000000e+00,2.30000000e-01,7.70000015e-01,0.00000000e+00
8.48848849e+01,6.23808594e-01,2.58043446e+03,6.65984990e+05,3.70341313e+03,0.00000000e+00,2.30000000e-01,7.70000013e-01,0.00000000e+00
8.49849850e+01,6.22206972e-01,2.58400024e+03,6.63595956e+05,3.69962693e+03,0.00000000e+00,2.30000000e-01,7.70000012e-01,0.00000000e+00
8.50850851e+01,6.20607312e-01,2.58755914e+03,6.61211065e+05,3.69583265e+03,0.00000000e+00,2.30000000e-01,7.70000015e-01,0.00000000e+00
8.51851852e+01,6.19008873e-01,2.59110919e+03,6.58828321e+05,3.69202349e+03,0.00000000e+00,2.30000000e-01,7.70000022e-01,0.00000000e+00
8.52852853e+01,6.17410585e-01,2.59464763e+03,6.56446044e+05,3.68819630e+03,0.00000000e+00,2.30000000e-01,7.70000038e-01,0.00000000e+00
8.53853854e+01,6.15810549e-01,2.59816995e+03,6.54061856e+05,3.68434898e+03,0.00000000e+00,2.30000000e-01,7.70000042e-01,0.00000000e+00
8.54854855e+01,6.14206129e-01,2.60167268e+03,6.51672664e+05,3.68047966e+03,0.00000000e+00,2.30000000e-01,7.70000038e-01,0.00000000e+00
8.55855856e+01,6.12595016e-01,2.60515258e+03,6.49275895e+05,3.67658734e+03,0.00000000e+00,2.30000000e-01,7.70000031e-01,0.00000000e+00
8.56856857e+01,6.10975387e-01,2.60860662e+03,6.46869582e+05,3.67267149e+03,0.00000000e+00,2.30000000e-01,7.70000024e-01,0.00000000e+00
8.57857858e+01,6.09345829e-01,2.61203224e+03,6.44452226e+05,3.66873174e+03,0.00000000e+00,2.30000000e-01,7.70000018e-01,0.00000000e+00
8.58858859e+01,6.07705361e-01,2.61542743e+03,6.42022771e+05,3.66476761e+03,0.00000000e+00,2.30000000e-01,7.70000010e-01,0.00000000e+00
8.59859860e+01,6.06053443e-01,2.61879083e+03,6.39580572e+05,3.66077823e+03,0.00000000e+00,2.30000000e-01,7.70000002e-01,0.00000000e+00
8.60860861e+01,6.04389979e-01,2.62212185e+03,6.37125368e+05,3.65676226e+03,0.00000000e+00,2.30000000e-01,7.69999992e-01,0.00000000e+00
8.61861862e+01,6.02715389e-01,2.62542088e+03,6.34658035e+05,3.65272076e+03,0.00000000e+00,2.30000000e-01,7.70000245e-01,0.00000000e+00
8.62862863e+01,6.01031781e-01,2.62868982e+03,6.32180605e+05,3.64865491e+03,0.00000000e+00,2.30000000e-01,7.70000049e-01,0.00000000e+00
8.63863864e+01,5.99364464e-01,2.63198004e+03,6.29732498e+05,3.64463655e+03,0.00000000e+00,2.30000000e-01,7.69999933e-01,0.00000000e+00
8.64864865e+01,5.97732122e-01,2.63533425e+03,6.27335996e+05,3.64068180e+03,0.00000000e+00,2.30000000e-01,7.69999932e-01,0.00000000e+00
8.65865866e+01,5.96131843e-01,2.63874455e+03,6.24988555e+05,3.63679529e+03,0.00000000e+00,2.30000000e-01,7.69999928e-01,0.00000000e+00
8.66866867e+01,5.94559866e-01,2.64220451e+03,6.22684943e+05,3.63297062e+03,0.00000000e+00,2.30000000e-01,7.69999929e-01,0.00000000e+00
8.67867868e+01,5.93012290e-01,2.64570704e+03,6.20419146e+05,3.62919751e+03,0.00000000e+00,2.30000000e-01,7.69999939e-01,0.00000000e+00
8.68868869e+01,5.91485291e-01,2.64924491e+03,6.18185069e+05,3.62546455e+03,0.00000000e+00,2.30000000e-01,7.69999953e-01,0.00000000e+00
8.69869870e+01,5.89975572e-01,2.65281172e+03,6.15977331e+05,3.62176107e+03,0.00000000e+00,2.30000000e-01,7.69999962e-01,0.00000000e+00
8.70870871e+01,5.88480575e-01,2.65640258e+03,6.13791683e+05,3.61807833e+03,0.00000000e+00,2.30000000e-01,7.69999962e-01,0.00000000e+00
8.71871872e+01,5.86998253e-01,2.66001366e+03,6.11624736e+05,3.61440931e+03,0.00000000e+00,2.30000000e-01,7.69999957e-01,0.00000000e+00
8.72872873e+01,5.85526565e-01,2.66364122e+03,6.09473268e+05,3.61074782e+03,0.00000000e+00,2.30000000e-01,7.69999956e-01,0.00000000e+00
8.73873874e+01,5.84063223e-01,2.66728107e+03,6.07333828e+05,3.60708774e+03,0.00000000e+00,2.30000000e-01,7.69999966e-01,0.00000000e+00
8.74874875e+01,5.82605880e-01,2.67092892e+03,6.05202999e+05,3.60342340e+03,0.00000000e+00,2.30000000e-01,7.69999987e-01,0.00000000e+00
8.75875876e+01,5.81152684e-01,2.67458129e+03,6.03078023e+05,3.59974995e+03,0.00000000e+00,2.30000000e-01,7.70000002e-01,0.00000000e+00
8.76876877e+01,5.79702736e-01,2.67823666e+03,6.00957124e+05,3.59606235e+03,0.00000000e+00,2.30000000e-01,7.70000010e-01,0.00000000e+00
8.77877878e+01,5.78255436e-01,2.68189443e+03,5.98839838e+05,3.59236151e+03,0.00000000e+00,2.30000000e-01,7.70000012e-01,0.00000000e+00
8.78878879e+01,5.76810004e-01,2.68555396e+03,5.96726832e+05,3.58865624e+03,0.00000000e+00,2.30000000e-01,7.70000009e-01,0.00000000e+00
8.79879880e+01,5.75365858e-01,2.68921462e+03,5.94618394e+05,3.58495187e+03,0.00000000e+00,2.30000000e-01,7.70000007e-01,0.00000000e+00
8.80880881e+01,5.73922683e-01,2.69287556e+03,5.92514051e+05,3.58124755e+03,0.00000000e+00,2.30000000e-01,7.70000005e-01,0.00000000e+00
8.81881882e+01,5.72480171e-01,2.69653671e+03,5.90413026e+05,3.57754044e+03,0.00000000e+00,2.30000000e-01,7.70000022e-01,0.00000000e+00
8.82882883e+01,5.71039460e-01,2.70018508e+03,5.88341874e+05,3.57393990e+03,0.00000000e+00,2.30000000e-01,7.70012244e-01,0.00000000e+00
8.83883884e+01,5.69225676e-01,2.70509164e+03,5.84660934e+05,3.56473324e+03,0.00000000e+00,2.30000000e-01,7.69511733e-01,0.00000000e+00
8.84884885e+01,7.38655993e-01,2.13194624e+03,1.09575791e+06,5.14742380e+03,0.00000000e+00,2.32306226e-01,7.67693774e-01,0.00000000e+00
8.85885886e+01,1.72460983e+00,4.30824550e+02,4.36593758e+06,8.78087277e+03,0.00000000e+00,2.29316559e-01,7.70683441e-01,0.00000000e+00
8.86886887e+01,2.15238545e+00,7.28785866e+01,5.95728636e+06,9.60071620e+03,0.00000000e+00,2.29750817e-01,7.70249183e-01,0.00000000e+00
8.87887888e+01,2.17426083e+00,2.60894960e+01,6.08476853e+06,9.70710352e+03,0.00000000e+00,2.30000000e-01,7.70071217e-01,0.00000000e+00
8.88888889e+01,2.16963672e+00,2.31091693e+01,6.09088166e+06,9.73838720e+03,0.00000000e+00,2.30000000e-01,7.69989222e-01,0.00000000e+00
8.89889890e+01,2.16496659e+00,2.32594472e+01,6.09371978e+06,9.76376314e+03,0.00000000e+00,2.30000000e-01,7.70006989e-01,0.00000000e+00
8.90890891e+01,2.15760380e+00,2.34091514e+01,6.09096650e+06,9.79277831e+03,0.00000000e+00,2.30000000e-01,7.69994788e-01,0.00000000e+00
8.91891892e+01,2.14926859e+00,2.29820788e+01,6.08760943e+06,9.82531238e+03,0.00000000e+00,2.30000000e-01,7.69997322e-01,0.00000000e+00
8.92892893e+01,2.14094012e+00,2.26367856e+01,6.08398613e+06,9.85763230e+03,0.00000000e+00,2.30000000e-01,7.70000361e-01,0.00000000e+00
8.93893894e+01,2.13250889e+00,2.24560974e+01,6.08007827e+06,9.89025019e+03,0.00000000e+00,2.30000000e-01,7.70000274e-01,0.00000000e+00
8.94894895e+01,2.12385673e+00,2.21742010e+01,6.07565691e+06,9.92332478e+03,0.00000000e+00,2.30000000e-01,7.69999773e-01,0.00000000e+00
8.95895896e+01,2.11503981e+00,2.19164905e+01,6.07095141e+06,9.95697414e+03,0.00000000e+00,2.30000000e-01,7.69999803e-01,0.00000000e+00
8.96896897e+01,2.10619167e+00,2.18094492e+01,6.06659318e+06,9.99162580e+03,0.00000000e+00,2.30000000e-01,7.69999777e-01,0.00000000e+00
8.97897898e+01,2.09739917e+00,2.18839239e+01,6.06277681e+06,1.00271953e+04,0.00000000e+00,2.30000000e-01,7.70000216e-01,0.00000000e+00
8.98898899e+01,2.08853038e+00,2.20622920e+01,6.05889230e+06,1.00633251e+04,0.00000000e+00,2.30000000e-01,7.70000035e-01,0.00000000e+00
8.99899900e+01,2.07957163e+00,2.23465885e+01,6.05507948e+06,1.01003184e+04,0.00000000e+00,2.30000000e-01,7.69999961e-01,0.00000000e+00
9.00900901e+01,2.07053737e+00,2.27354470e+01,6.05139626e+06,1.01382181e+04,0.00000000e+00,2.30000000e-01,7.69999932e-01,0.00000000e+00
9.01901902e+01,2.06145263e+00,2.31999180e+01,6.04793798e+06,1.01770768e+04,0.00000000e+00,2.30000000e-01,7.69999993e-01,0.00000000e+00
9.02902903e+01,2.05232044e+00,2.37078923e+01,6.04478033e+06,1.02170239e+04,0.00000000e+00,2.30000000e-01,7.70000054e-01,0.00000000e+00
9.03903904e+01,2.04312201e+00,2.42391950e+01,6.04193522e+06,1.02581925e+04,0.00000000e+00,2.30000000e-01,7.69999997e-01,0.00000000e+00
9.04904905e+01,2.03385793e+00,2.47881852e+01,6.03942449e+06,1.03006333e+04,0.00000000e+00,2.30000000e-01,7.70000215e-01,0.00000000e+00
9.05905906e+01,2.02445797e+00,2.53082421e+01,6.03706392e+06,1.03444162e+04,0.00000000e+00,2.30000000e-01,7.70000234e-01,0.00000000e+00
9.06906907e+01,2.01484172e+00,2.57783549e+01,6.03477872e+06,1.03898545e+04,0.00000000e+00,2.30000000e-01,7.70000068e-01,0.00000000e+00
9.07907908e+01,2.00498525e+00,2.62061476e+01,6.03260702e+06,1.04371745e+04,0.00000000e+00,2.30000000e-01,7.69999978e-01,0.00000000e+00
9.08908909e+01,1.99489653e+00,2.66088929e+01,6.03061070e+06,1.04864862e+04,0.00000000e+00,2.30000000e-01,7.70000026e-01,0.00000000e+00
9.09909910e+01,1.98456827e+00,2.69954752e+01,6.02880368e+06,1.05379015e+04,0.00000000e+00,2.30000000e-01,7.70000102e-01,0.00000000e+00
9.10910911e+01,1.97396895e+00,2.73649849e+01,6.02715290e+06,1.05915830e+04,0.00000000e+00,2.30000000e-01,7.70000222e-01,0.00000000e+00
9.11911912e+01,1.96302751e+00,2.76981128e+01,6.02553473e+06,1.06477584e+04,0.00000000e+00,2.30000000e-01,7.70000224e-01,0.00000000e+00
9.12912913e+01,1.95167222e+00,2.79975647e+01,6.02385532e+06,1.07067259e+04,0.00000000e+00,2.30000000e-01,7.70000112e-01,0.00000000e+00
9.13913914e+01,1.94026815e+00,2.82726667e+01,6.02204002e+06,1.07664111e+04,0.00000000e+00,2.30000000e-01,7.70000009e-01,0.00000000e+00
9.14914915e+01,1.92926341e+00,2.85376330e+01,6.02000026e+06,1.08241563e+04,0.00000000e+00,2.30000000e-01,7.70000018e-01,0.00000000e+00
9.15915916e+01,1.91870861e+00,2.87992774e+01,6.01767991e+06,1.08795060e+04,0.00000000e+00,2.30000000e-01,7.69999920e-01,0.00000000e+00
9.16916917e+01,1.90860826e+00,2.90617161e+01,6.01506220e+06,1.09323250e+04,0.00000000e+00,2.30000000e-01,7.69999710e-01,0.00000000e+00
9.17917918e+01,1.89893509e+00,2.93173630e+01,6.01218887e+06,1.09827655e+04,0.00000000e+00,2.30000000e-01,7.69999703e-01,0.00000000e+00
9.18918919e+01,1.88959833e+00,2.95816400e+01,6.00900112e+06,1.10311802e+04,0.00000000e+00,2.30000000e-01,7.69999754e-01,0.00000000e+00
9.19919920e+01,1.88050723e+00,2.98617720e+01,6.00544051e+06,1.10779400e+04,0.00000000e+00,2.30000000e-01,7.69999850e-01,0.00000000e+00
9.20920921e+01,1.87158688e+00,3.01595775e+01,6.00146558e+06,1.11233710e+04,0.00000000e+00,2.30000000e-01,7.69999962e-01,0.00000000e+00
9.21921922e+01,1.86279201e+00,3.04719328e+01,5.99705774e+06,1.11676791e+04,0.00000000e+00,2.30000000e-01,7.70000040e-01,0.00000000e+00
9.22922923e+01,1.85411065e+00,3.07873738e+01,5.99224242e+06,1.12109575e+04,0.00000000e+00,2.30000000e-01,7.70000224e-01,0.00000000e+00
9.23923924e+01,1.84555375e+00,3.11027707e+01,5.98702546e+06,1.12531282e+04,0.00000000e+00,2.30000000e-01,7.70000491e-01,0.00000000e+00
9.24924925e+01,1.83718781e+00,3.14325022e+01,5.98139553e+06,1.12937406e+04,0.00000000e+00,2.30000000e-01,7.70000536e-01,0.00000000e+00
9.25925926e+01,1.82915728e+00,3.17855354e+01,5.97543961e+06,1.13320297e+04,0.00000000e+00,2.30000000e-01,7.70000419e-01,0.00000000e+00
9.26926927e+01,1.82161736e+00,3.21524259e+01,5.96938860e+06,1.13674109e+04,0.00000000e+00,2.30000000e-01,7.70000487e-01,0.00000000e+00
9.27927928e+01,1.81468941e+00,3.25471509e+01,5.96339261e+06,1.13993488e+04,0.00000000e+00,2.30000000e-01,7.70000298e-01,0.00000000e+00
9.28928929e+01,1.80851326e+00,3.29750362e+01,5.95767428e+06,1.14273123e+04,0.00000000e+00,2.30000000e-01,7.70000090e-01,0.00000000e+00
9.29929930e+01,1.80317402e+00,3.34210693e+01,5.95233339e+06,1.14508761e+04,0.00000000e+00,2.30000000e-01,7.69999931e-01,0.00000000e+00
9.30930931e+01,1.79869615e+00,3.38703442e+01,5.94734408e+06,1.14697624e+04,0.00000000e+00,2.30000000e-01,7.69999824e-01,0.00000000e+00
9.31931932e+01,1.79505936e+00,3.43032357e+01,5.94264500e+06,1.14839206e+04,0.00000000e+00,2.30000000e-01,7.69999716e-01,0.00000000e+00
9.32932933e+01,1.79221217e+00,3.47125053e+01,5.93820339e+06,1.14935685e+04,0.00000000e+00,2.30000000e-01,7.69999637e-01,0.00000000e+00
9.33933934e+01,1.79007396e+00,3.50928477e+01,5.93399634e+06,1.14991452e+04,0.00000000e+00,2.30000000e-01,7.69999608e-01,0.00000000e+00
9.34934935e+01,1.78854207e+00,3.54399392e+01,5.92999540e+06,1.15012338e+04,0.00000000e+00,2.30000000e-01,7.69999651e-01,0.00000000e+00
9.35935936e+01,1.78750576e+00,3.57493978e+01,5.92616072e+06,1.15004599e+04,0.00000000e+00,2.30000000e-01,7.69999663e-01,0.00000000e+00
9.36936937e+01,1.78686682e+00,3.60261316e+01,5.92248324e+06,1.14974327e+04,0.00000000e+00,2.30000000e-01,7.69999681e-01,0.00000000e+00
9.37937938e+01,1.78653053e+00,3.62680314e+01,5.91891844e+06,1.14926756e+04,0.00000000e+00,2.30000000e-01,7.69999656e-01,0.00000000e+00
9.38938939e+01,1.78640672e+00,3.64763665e+01,5.91543328e+06,1.14867050e+04,0.00000000e+00,2.30000000e-01,7.69999621e-01,0.00000000e+00
9.39939940e+01,1.78639815e+00,3.66568291e+01,5.91201703e+06,1.14801241e+04,0.00000000e+00,2.30000000e-01,7.69999809e-01,0.00000000e+00
9.40940941e+01,1.78644351e+00,3.68040722e+01,5.90862017e+06,1.14732344e+04,0.00000000e+00,2.30000000e-01,7.70000001e-01,0.00000000e+00
9.41941942e+01,1.78650484e+00,3.69165629e+01,5.90520360e+06,1.14662060e+04,0.00000000e+00,2.30000000e-01,7.70000046e-01,0.00000000e+00
9.42942943e+01,1.78653717e+00,3.69928228e+01,5.90175158e+06,1.14592937e+04,0.00000000e+00,2.30000000e-01,7.70000220e-01,0.00000000e+00
9.43943944e+01,1.78650830e+00,3.70282368e+01,5.89822179e+06,1.14526243e+04,0.00000000e+00,2.30000000e-01,7.70000285e-01,0.00000000e+00
9.44944945e+01,1.78636920e+00,3.70055552e+01,5.89464983e+06,1.14465802e+04,0.00000000e+00,2.30000000e-01,7.70000252e-01,0.00000000e+00
9.45945946e+01,1.78604905e+00,3.69361751e+01,5.89108136e+06,1.14417009e+04,0.00000000e+00,2.30000000e-01,7.70000290e-01,0.00000000e+00
9.46946947e+01,1.78546528e+00,3.68262869e+01,5.88753525e+06,1.14385524e+04,0.00000000e+00,2.30000000e-01,7.70000285e-01,0.00000000e+00
9.47947948e+01,1.78466859e+00,3.66887635e+01,5.88407839e+06,1.14369416e+04,0.00000000e+00,2.30000000e-01,7.70000103e-01,0.00000000e+00
9.48948949e+01,1.78400246e+00,3.65361921e+01,5.88074734e+06,1.14347416e+04,0.00000000e+00,2.30000000e-01,7.69999546e-01,0.00000000e+00
9.49949950e+01,1.78370764e+00,3.63936417e+01,5.87764914e+06,1.14306092e+04,0.00000000e+00,2.30000000e-01,7.69999308e-01,0.00000000e+00
9.50950951e+01,1.78365749e+00,3.62582959e+01,5.87475864e+06,1.14253094e+04,0.00000000e+00,2.30000000e-01,7.69999280e-01,0.00000000e+00
9.51951952e+01,1.78381020e+00,3.61249303e+01,5.87204591e+06,1.14190554e+04,0.00000000e+00,2.30000000e-01,7.69999333e-01,0.00000000e+00
9.52952953e+01,1.78430455e+00,3.59870899e+01,5.86947443e+06,1.14108920e+04,0.00000000e+00,2.30000000e-01,7.69999369e-01,0.00000000e+00
9.53953954e+01,1.78531944e+00,3.58367739e+01,5.86700658e+06,1.13996113e+04,0.00000000e+00,2.30000000e-01,7.69999279e-01,0.00000000e+00
9.54954955e+01,1.78705910e+00,3.56671118e+01,5.86460586e+06,1.13838568e+04,0.00000000e+00,2.30000000e-01,7.69999043e-01,0.00000000e+00
9.55955956e+01,1.78979456e+00,3.54761153e+01,5.86223629e+06,1.13618692e+04,0.00000000e+00,2.30000000e-01,7.69998722e-01,0.00000000e+00
9.56956957e+01,1.79388972e+00,3.52608353e+01,5.85986680e+06,1.13313545e+04,0.00000000e+00,2.30000000e-01,7.69998341e-01,0.00000000e+00
9.57957958e+01,1.79981935e+00,3.50209633e+01,5.85749469e+06,1.12894546e+04,0.00000000e+00,2.30000000e-01,7.69998001e-01,0.00000000e+00
9.58958959e+01,1.80816001e+00,3.47553672e+01,5.85509805e+06,1.12327836e+04,0.00000000e+00,2.30000000e-01,7.69997761e-01,0.00000000e+00
9.59959960e+01,1.81956510e+00,3.44615542e+01,5.85265072e+06,1.11577113e+04,0.00000000e+00,2.30000000e-01,7.69997690e-01,0.00000000e+00
9.60960961e+01,1.83472026e+00,3.41325302e+01,5.85013450e+06,1.10607877e+04,0.00000000e+00,2.30000000e-01,7.69997803e-01,0.00000000e+00
9.61961962e+01,1.85429342e+00,3.37554255e+01,5.84754040e+06,1.09391789e+04,0.00000000e+00,2.30000000e-01,7.69998048e-01,0.00000000e+00
9.62962963e+01,1.87889822e+00,3.33140674e+01,5.84486984e+06,1.07909895e+04,0.00000000e+00,2.30000000e-01,7.69998657e-01,0.00000000e+00
9.63963964e+01,1.90373038e+00,3.28180974e+01,5.84184478e+06,1.06447063e+04,0.00000000e+00,2.30000000e-01,7.69999936e-01,0.00000000e+00
9.64964965e+01,1.92330849e+00,3.22132324e+01,5.83895028e+06,1.05311078e+04,0.00000000e+00,2.30000000e-01,7.70001899e-01,0.00000000e+00
9.65965966e+01,1.93735042e+00,3.15656522e+01,5.83574589e+06,1.04490347e+04,0.00000000e+00,2.30000000e-01,7.70002462e-01,0.00000000e+00
9.66966967e+01,1.94643312e+00,3.07944966e+01,5.83258499e+06,1.03946297e+04,0.00000000e+00,2.30000000e-01,7.70003686e-01,0.00000000e+00
9.67967968e+01,1.95132808e+00,2.99433450e+01,5.82927770e+06,1.03626704e+04,0.00000000e+00,2.30000000e-01,7.70004128e-01,0.00000000e+00
9.68968969e+01,1.95321851e+00,2.89981666e+01,5.82602310e+06,1.03468570e+04,0.00000000e+00,2.30000000e-01,7.70004478e-01,0.00000000e+00
9.69969970e+01,1.95343700e+00,2.79975374e+01,5.82294032e+06,1.03402246e+04,0.00000000e+00,2.30000000e-01,7.70004559e-01,0.00000000e+00
9.70970971e+01,1.95217346e+00,2.69682027e+01,5.82018659e+06,1.03420217e+04,0.00000000e+00,2.30000000e-01,7.70004780e-01,0.00000000e+00
9.71971972e+01,1.94809539e+00,2.59275549e+01,5.81787894e+06,1.03595581e+04,0.00000000e+00,2.30000000e-01,7.70005166e-01,0.00000000e+00
9.72972973e+01,1.93953861e+00,2.48765770e+01,5.81603116e+06,1.04019526e+04,0.00000000e+00,2.30000000e-01,7.70005604e-01,0.00000000e+00
9.73973974e+01,1.92471923e+00,2.38102926e+01,5.81457590e+06,1.04794168e+04,0.00000000e+00,2.30000000e-01,7.70005872e-01,0.00000000e+00
9.74974975e+01,1.90180653e+00,2.27281038e+01,5.81340712e+06,1.06035389e+04,0.00000000e+00,2.30000000e-01,7.70005923e-01,0.00000000e+00
9.75975976e+01,1.86901716e+00,2.16365526e+01,5.81240854e+06,1.07877116e+04,0.00000000e+00,2.30000000e-01,7.70005803e-01,0.00000000e+00
9.76976977e+01,1.82469709e+00,2.05447519e+01,5.81147547e+06,1.10479637e+04,0.00000000e+00,2.30000000e-01,7.70005523e-01,0.00000000e+00
9.77977978e+01,1.76739732e+00,1.94565370e+01,5.81053507e+06,1.14043036e+04,0.00000000e+00,2.30000000e-01,7.70005024e-01,0.00000000e+00
9.78978979e+01,1.69596014e+00,1.83919063e+01,5.80948819e+06,1.18825459e+04,0.00000000e+00,2.30000000e-01,7.70004053e-01,0.00000000e+00
9.79979980e+01,1.60965887e+00,1.73596698e+01,5.80829002e+06,1.25170605e+04,0.00000000e+00,2.30000000e-01,7.70002630e-01,0.00000000e+00
9.80980981e+01,1.50829106e+00,1.63493919e+01,5.80684850e+06,1.33550148e+04,0.00000000e+00,2.30000000e-01,7.70000099e-01,0.00000000e+00
9.81981982e+01,1.40443794e+00,1.53113287e+01,5.80545051e+06,1.43391660e+04,0.00000000e+00,2.30000000e-01,7.69996787e-01,0.00000000e+00
9.82982983e+01,1.31265472e+00,1.42753098e+01,5.80405517e+06,1.53381256e+04,0.00000000e+00,2.30000000e-01,7.69995119e-01,0.00000000e+00
9.83983984e+01,1.23430082e+00,1.32388497e+01,5.80260652e+06,1.63077460e+04,0.00000000e+00,2.30000000e-01,7.69993844e-01,0.00000000e+00
9.84984985e+01,1.16809301e+00,1.21926423e+01,5.80110190e+06,1.72276203e+04,0.00000000e+00,2.30000000e-01,7.69992978e-01,0.00000000e+00
9.85985986e+01,1.11269493e+00,1.11357171e+01,5.79954754e+06,1.80804988e+04,0.00000000e+00,2.30000000e-01,7.69992566e-01,0.00000000e+00
9.86986987e+01,1.06679109e+00,1.00684322e+01,5.79794468e+06,1.88532907e+04,0.00000000e+00,2.30000000e-01,7.69992401e-01,0.00000000e+00
9.87987988e+01,1.02914416e+00,9.01591017e+00,5.79638176e+06,1.95376880e+04,0.00000000e+00,2.30000000e-01,7.69992571e-01,0.00000000e+00
9.88988989e+01,9.98610010e-01,7.99950007e+00,5.79490946e+06,2.01299653e+04,0.00000000e+00,2.30000000e-01,7.69992830e-01,0.00000000e+00
9.89989990e+01,9.74158514e-01,7.04466113e+00,5.79360621e+06,2.06305769e+04,0.00000000e+00,2.30000000e-01,7.69993401e-01,0.00000000e+00
9.90990991e+01,9.54862157e-01,6.14226549e+00,5.79244340e+06,2.10432570e+04,0.00000000e+00,2.30000000e-01,7.69993821e-01,0.00000000e+00
9.91991992e+01,9.39913485e-01,5.30821407e+00,5.79148416e+06,2.13743787e+04,0.00000000e+00,2.30000000e-01,7.69994571e-01,0.00000000e+00
9.92992993e+01,9.28590784e-01,4.50469391e+00,5.79062330e+06,2.16317824e+04,0.00000000e+00,2.30000000e-01,7.69994900e-01,0.00000000e+00
9.93993994e+01,9.20282190e-01,3.75389056e+00,5.78995270e+06,2.18245366e+04,0.00000000e+00,2.30000000e-01,7.69995635e-01,0.00000000e+00
9.94994995e+01,9.14429625e-01,3.00518950e+00,5.78932817e+06,2.19618478e+04,0.00000000e+00,2.30000000e-01,7.69995712e-01,0.00000000e+00
9.95995996e+01,9.10565549e-01,2.30237213e+00,5.78890265e+06,2.20534113e+04,0.00000000e+00,2.30000000e-01,7.69996274e-01,0.00000000e+00
9.96996997e+01,9.08238447e-01,1.58934569e+00,5.78850756e+06,2.21084119e+04,0.00000000e+00,2.30000000e-01,7.69996097e-01,0.00000000e+00
9.97997998e+01,9.07060104e-01,9.20529032e-01,5.78831096e+06,2.21363606e+04,0.00000000e+00,2.30000000e-01,7.69996977e-01,0.00000000e+00
9.98998999e+01,9.06626655e-01,2.22714111e-01,5.78789942e+06,2.21453962e+04,0.00000000e+00,2.30000000e-01,7.69995793e-01,0.00000000e+00
1.00000000e+02,9.06626655e-01,-2.22714111e-01,5.78789942e+06,2.21453962e+04,0.00000000e+00,2.30000000e-01,7.69995793e-01,0.00000000e+00
