# x(m), rho(kg/m3), u(m/s), p(Pa), T(K), Y_H2, Y_O2, Y_N2, Y_H2O
0.00000000e+00,5.80300589e+00,-0.00000000e+00,3.00000000e+06,6.00000000e+02,1.50000000e-01,2.50000000e-01,6.00000000e-01,0.00000000e+00
1.00100100e-01,5.80300589e+00,0.00000000e+00,3.00000000e+06,6.00000000e+02,1.50000000e-01,2.50000000e-01,6.00000000e-01,0.00000000e+00
2.00200200e-01,5.80300589e+00,0.00000000e+00,3.00000000e+06,6.00000000e+02,1.50000000e-01,2.50000000e-01,6.00000000e-01,0.00000000e+00
3.00300300e-01,5.80300589e+00,0.00000000e+00,3.00000000e+06,6.00000000e+02,1.50000000e-01,2.50000000e-01,6.00000000e-01,0.00000000e+00
4.00400400e-01,5.80300589e+00,0.00000000e+00,3.00000000e+06,6.00000000e+02,1.50000000e-01,2.50000000e-01,6.00000000e-01,0.00000000e+00
5.00500501e-01,5.80300589e+00,0.00000000e+00,3.00000000e+06,6.00000000e+02,1.50000000e-01,2.50000000e-01,6.00000000e-01,0.00000000e+00
6.00600601e-01,5.80300589e+00,0.00000000e+00,3.00000000e+06,6.00000000e+02,1.50000000e-01,2.50000000e-01,6.00000000e-01,0.00000000e+00
7.00700701e-01,5.80300589e+00,0.00000000e+00,3.00000000e+06,6.00000000e+02,1.50000000e-01,2.50000000e-01,6.00000000e-01,0.00000000e+00
8.00800801e-01,5.80300589e+00,0.00000000e+00,3.00000000e+06,6.00000000e+02,1.50000000e-01,2.50000000e-01,6.00000000e-01,0.00000000e+00
9.00900901e-01,5.80300589e+00,0.00000000e+00,3.00000000e+06,6.00000000e+02,1.50000000e-01,2.50000000e-01,6.00000000e-01,0.00000000e+00
1.00100100e+00,5.80300589e+00,0.00000000e+00,3.00000000e+06,6.00000000e+02,1.50000000e-01,2.50000000e-01,6.00000000e-01,0.00000000e+00
1.10110110e+00,5.80300589e+00,0.00000000e+00,3.00000000e+06,6.00000000e+02,1.50000000e-01,2.50000000e-01,6.00000000e-01,0.00000000e+00
1.20120120e+00,5.80300589e+00,0.00000000e+00,3.00000000e+06,6.00000000e+02,1.50000000e-01,2.50000000e-01,6.00000000e-01,0.00000000e+00
1.30130130e+00,5.80300589e+00,0.00000000e+00,3.00000000e+06,6.00000000e+02,1.50000000e-01,2.50000000e-01,6.00000000e-01,0.00000000e+00
1.40140140e+00,5.80300589e+00,0.00000000e+00,3.00000000e+06,6.00000000e+02,1.50000000e-01,2.50000000e-01,6.00000000e-01,0.00000000e+00
1.50150150e+00,5.80300589e+00,0.00000000e+00,3.00000000e+06,6.00000000e+02,1.50000000e-01,2.50000000e-01,6.00000000e-01,0.00000000e+00
1.60160160e+00,5.80300589e+00,0.00000000e+00,3.00000000e+06,6.00000000e+02,1.50000000e-01,2.50000000e-01,6.00000000e-01,0.00000000e+00
1.70170170e+00,5.80300589e+00,0.00000000e+00,3.00000000e+06,6.00000000e+02,1.50000000e-01,2.50000000e-01,6.00000000e-01,0.00000000e+00
1.80180180e+00,5.80300589e+00,0.00000000e+00,3.00000000e+06,6.00000000e+02,1.50000000e-01,2.50000000e-01,6.00000000e-01,0.00000000e+00
1.90190190e+00,5.80300589e+00,0.00000000e+00,3.00000000e+06,6.00000000e+02,1.50000000e-01,2.50000000e-01,6.00000000e-01,0.00000000e+00
2.00200200e+00,5.80300589e+00,0.00000000e+00,3.00000000e+06,6.00000000e+02,1.50000000e-01,2.50000000e-01,6.00000000e-01,0.00000000e+00
2.10210210e+00,5.80300589e+00,0.00000000e+00,3.00000000e+06,6.00000000e+02,1.50000000e-01,2.50000000e-01,6.00000000e-01,0.00000000e+00
2.20220220e+00,5.80300589e+00,0.00000000e+00,3.00000000e+06,6.00000000e+02,1.50000000e-01,2.50000000e-01,6.00000000e-01,0.00000000e+00
2.30230230e+00,5.80300589e+00,0.00000000e+00,3.00000000e+06,6.00000000e+02,1.50000000e-01,2.50000000e-01,6.00000000e-01,0.00000000e+00
2.40240240e+00,5.80300589e+00,0.00000000e+00,3.00000000e+06,6.00000000e+02,1.50000000e-01,2.50000000e-01,6.00000000e-01,0.00000000e+00
2.50250250e+00,5.80300589e+00,0.00000000e+00,3.00000000e+06,6.00000000e+02,1.50000000e-01,2.50000000e-01,6.00000000e-01,0.00000000e+00
2.60260260e+00,5.80300589e+00,0.00000000e+00,3.00000000e+06,6.00000000e+02,1.50000000e-01,2.50000000e-01,6.00000000e-01,0.00000000e+00
2.70270270e+00,5.80300589e+00,0.00000000e+00,3.00000000e+06,6.00000000e+02,1.50000000e-01,2.50000000e-01,6.00000000e-01,0.00000000e+00
2.80280280e+00,5.80300589e+00,0.00000000e+00,3.00000000e+06,6.00000000e+02,1.50000000e-01,2.50000000e-01,6.00000000e-01,0.00000000e+00
2.90290290e+00,5.80300589e+00,0.00000000e+00,3.00000000e+06,6.00000000e+02,1.50000000e-01,2.50000000e-01,6.00000000e-01,0.00000000e+00
3.00300300e+00,5.80300589e+00,0.00000000e+00,3.00000000e+06,6.00000000e+02,1.50000000e-01,2.50000000e-01,6.00000000e-01,0.00000000e+00
3.10310310e+00,5.80300589e+00,0.00000000e+00,3.00000000e+06,6.00000000e+02,1.50000000e-01,2.50000000e-01,6.00000000e-01,0.00000000e+00
3.20320320e+00,5.80300589e+00,0.00000000e+00,3.00000000e+06,6.00000000e+02,1.50000000e-01,2.50000000e-01,6.00000000e-01,0.00000000e+00
3.30330330e+00,5.80300589e+00,0.00000000e+00,3.00000000e+06,6.00000000e+02,1.50000000e-01,2.50000000e-01,6.00000000e-01,0.00000000e+00
3.40340340e+00,5.80300589e+00,0.00000000e+00,3.00000000e+06,6.00000000e+02,1.50000000e-01,2.50000000e-01,6.00000000e-01,0.00000000e+00
3.50350350e+00,5.80300589e+00,0.00000000e+00,3.00000000e+06,6.00000000e+02,1.50000000e-01,2.50000000e-01,6.00000000e-01,0.00000000e+00
3.60360360e+00,5.80300589e+00,0.00000000e+00,3.00000000e+06,6.00000000e+02,1.50000000e-01,2.50000000e-01,6.00000000e-01,0.00000000e+00
3.70370370e+00,5.80300589e+00,0.00000000e+00,3.00000000e+06,6.00000000e+02,1.50000000e-01,2.50000000e-01,6.00000000e-01,0.00000000e+00
3.80380380e+00,5.80300589e+00,0.00000000e+00,3.00000000e+06,6.00000000e+02,1.50000000e-01,2.50000000e-01,6.00000000e-01,0.00000000e+00
3.90390390e+00,5.80300589e+00,0.00000000e+00,3.00000000e+06,6.00000000e+02,1.50000000e-01,2.50000000e-01,6.00000000e-01,0.00000000e+00
4.00400400e+00,5.80300589e+00,0.00000000e+00,3.00000000e+06,6.00000000e+02,1.50000000e-01,2.50000000e-01,6.00000000e-01,0.00000000e+00
4.10410410e+00,5.80300589e+00,0.00000000e+00,3.00000000e+06,6.00000000e+02,1.50000000e-01,2.50000000e-01,6.00000000e-01,0.00000000e+00
4.20420420e+00,5.80300589e+00,0.00000000e+00,3.00000000e+06,6.00000000e+02,1.50000000e-01,2.50000000e-01,6.00000000e-01,0.00000000e+00
4.30430430e+00,5.80300589e+00,0.00000000e+00,3.00000000e+06,6.00000000e+02,1.50000000e-01,2.50000000e-01,6.00000000e-01,0.00000000e+00
4.40440440e+00,5.80300589e+00,0.00000000e+00,3.00000000e+06,6.00000000e+02,1.50000000e-01,2.50000000e-01,6.00000000e-01,0.00000000e+00
4.50450450e+00,5.80300589e+00,0.00000000e+00,3.00000000e+06,6.00000000e+02,1.50000000e-01,2.50000000e-01,6.00000000e-01,0.00000000e+00
4.60460460e+00,5.80300589e+00,0.00000000e+00,3.00000000e+06,6.00000000e+02,1.50000000e-01,2.50000000e-01,6.00000000e-01,0.00000000e+00
4.70470470e+00,5.80300589e+00,0.00000000e+00,3.00000000e+06,6.00000000e+02,1.50000000e-01,2.50000000e-01,6.00000000e-01,0.00000000e+00
4.80480480e+00,5.80300589e+00,0.00000000e+00,3.00000000e+06,6.00000000e+02,1.50000000e-01,2.50000000e-01,6.00000000e-01,0.00000000e+00
4.90490490e+00,5.80300589e+00,0.00000000e+00,3.00000000e+06,6.00000000e+02,1.50000000e-01,2.50000000e-01,6.00000000e-01,0.00000000e+00
5.00500501e+00,5.80300589e+00,0.00000000e+00,3.00000000e+06,6.00000000e+02,1.50000000e-01,2.50000000e-01,6.00000000e-01,0.00000000e+00
5.10510511e+00,5.80300589e+00,0.00000000e+00,3.00000000e+06,6.00000000e+02,1.50000000e-01,2.50000000e-01,6.00000000e-01,0.00000000e+00
5.20520521e+00,5.80300589e+00,0.00000000e+00,3.00000000e+06,6.00000000e+02,1.50000000e-01,2.50000000e-01,6.00000000e-01,0.00000000e+00
5.30530531e+00,5.80300589e+00,0.00000000e+00,3.00000000e+06,6.00000000e+02,1.50000000e-01,2.50000000e-01,6.00000000e-01,0.00000000e+00
5.40540541e+00,5.80300589e+00,0.00000000e+00,3.00000000e+06,6.00000000e+02,1.50000000e-01,2.50000000e-01,6.00000000e-01,0.00000000e+00
5.50550551e+00,5.80300589e+00,0.00000000e+00,3.00000000e+06,6.00000000e+02,1.50000000e-01,2.50000000e-01,6.00000000e-01,0.00000000e+00
5.60560561e+00,5.80300589e+00,0.00000000e+00,3.00000000e+06,6.00000000e+02,1.50000000e-01,2.50000000e-01,6.00000000e-01,0.00000000e+00
5.70570571e+00,5.80300589e+00,0.00000000e+00,3.00000000e+06,6.00000000e+02,1.50000000e-01,2.50000000e-01,6.00000000e-01,0.00000000e+00
5.80580581e+00,5.80300589e+00,0.00000000e+00,3.00000000e+06,6.00000000e+02,1.50000000e-01,2.50000000e-01,6.00000000e-01,0.00000000e+00
5.90590591e+00,5.80300589e+00,0.00000000e+00,3.00000000e+06,6.00000000e+02,1.50000000e-01,2.50000000e-01,6.00000000e-01,0.00000000e+00
6.00600601e+00,5.80300589e+00,0.00000000e+00,3.00000000e+06,6.00000000e+02,1.50000000e-01,2.50000000e-01,6.00000000e-01,0.00000000e+00
6.10610611e+00,5.80300589e+00,0.00000000e+00,3.00000000e+06,6.00000000e+02,1.50000000e-01,2.50000000e-01,6.00000000e-01,0.00000000e+00
6.20620621e+00,5.80300589e+00,0.00000000e+00,3.00000000e+06,6.00000000e+02,1.50000000e-01,2.50000000e-01,6.00000000e-01,0.00000000e+00
6.30630631e+00,5.80300589e+00,0.00000000e+00,3.00000000e+06,6.00000000e+02,1.50000000e-01,2.50000000e-01,6.00000000e-01,0.00000000e+00
6.40640641e+00,5.80300589e+00,0.00000000e+00,3.00000000e+06,6.00000000e+02,1.50000000e-01,2.50000000e-01,6.00000000e-01,0.00000000e+00
6.50650651e+00,5.80300589e+00,0.00000000e+00,3.00000000e+06,6.00000000e+02,1.50000000e-01,2.50000000e-01,6.00000000e-01,0.00000000e+00
6.60660661e+00,5.80300589e+00,0.00000000e+00,3.00000000e+06,6.00000000e+02,1.50000000e-01,2.50000000e-01,6.00000000e-01,0.00000000e+00
6.70670671e+00,5.80300589e+00,0.00000000e+00,3.00000000e+06,6.00000000e+02,1.50000000e-01,2.50000000e-01,6.00000000e-01,0.00000000e+00
6.80680681e+00,5.80300589e+00,0.00000000e+00,3.00000000e+06,6.00000000e+02,1.50000000e-01,2.50000000e-01,6.00000000e-01,0.00000000e+00
6.90690691e+00,5.80300589e+00,0.00000000e+00,3.00000000e+06,6.00000000e+02,1.50000000e-01,2.50000000e-01,6.00000000e-01,0.00000000e+00
7.00700701e+00,5.80300589e+00,0.00000000e+00,3.00000000e+06,6.00000000e+02,1.50000000e-01,2.50000000e-01,6.00000000e-01,0.00000000e+00
7.10710711e+00,5.80300589e+00,0.00000000e+00,3.00000000e+06,6.00000000e+02,1.50000000e-01,2.50000000e-01,6.00000000e-01,0.00000000e+00
7.20720721e+00,5.80300589e+00,0.00000000e+00,3.00000000e+06,6.00000000e+02,1.50000000e-01,2.50000000e-01,6.00000000e-01,0.00000000e+00
7.30730731e+00,5.80300589e+00,0.00000000e+00,3.00000000e+06,6.00000000e+02,1.50000000e-01,2.50000000e-01,6.00000000e-01,0.00000000e+00
7.40740741e+00,5.80300589e+00,0.00000000e+00,3.00000000e+06,6.00000000e+02,1.50000000e-01,2.50000000e-01,6.00000000e-01,0.00000000e+00
7.50750751e+00,5.80300589e+00,0.00000000e+00,3.00000000e+06,6.00000000e+02,1.50000000e-01,2.50000000e-01,6.00000000e-01,0.00000000e+00
7.60760761e+00,5.80300589e+00,0.00000000e+00,3.00000000e+06,6.00000000e+02,1.50000000e-01,2.50000000e-01,6.00000000e-01,0.00000000e+00
7.70770771e+00,5.80300589e+00,0.00000000e+00,3.00000000e+06,6.00000000e+02,1.50000000e-01,2.50000000e-01,6.00000000e-01,0.00000000e+00
7.80780781e+00,5.80300589e+00,0.00000000e+00,3.00000000e+06,6.00000000e+02,1.50000000e-01,2.50000000e-01,6.00000000e-01,0.00000000e+00
7.90790791e+00,5.80300589e+00,0.00000000e+00,3.00000000e+06,6.00000000e+02,1.50000000e-01,2.50000000e-01,6.00000000e-01,0.00000000e+00
8.00800801e+00,5.80300589e+00,0.00000000e+00,3.00000000e+06,6.00000000e+02,1.50000000e-01,2.50000000e-01,6.00000000e-01,0.00000000e+00
8.10810811e+00,5.80300589e+00,0.00000000e+00,3.00000000e+06,6.00000000e+02,1.50000000e-01,2.50000000e-01,6.00000000e-01,0.00000000e+00
8.20820821e+00,5.80300589e+00,0.00000000e+00,3.00000000e+06,6.00000000e+02,1.50000000e-01,2.50000000e-01,6.00000000e-01,0.00000000e+00
8.30830831e+00,5.80300589e+00,0.00000000e+00,3.00000000e+06,6.00000000e+02,1.50000000e-01,2.50000000e-01,6.00000000e-01,0.00000000e+00
8.40840841e+00,5.80300589e+00,0.00000000e+00,3.00000000e+06,6.00000000e+02,1.50000000e-01,2.50000000e-01,6.00000000e-01,0.00000000e+00
8.50850851e+00,5.80300589e+00,0.00000000e+00,3.00000000e+06,6.00000000e+02,1.50000000e-01,2.50000000e-01,6.00000000e-01,0.00000000e+00
8.60860861e+00,5.80300589e+00,0.00000000e+00,3.00000000e+06,6.00000000e+02,1.50000000e-01,2.50000000e-01,6.00000000e-01,0.00000000e+00
8.70870871e+00,5.80300589e+00,0.00000000e+00,3.00000000e+06,6.00000000e+02,1.50000000e-01,2.50000000e-01,6.00000000e-01,0.00000000e+00
8.80880881e+00,5.80300589e+00,0.00000000e+00,3.00000000e+06,6.00000000e+02,1.50000000e-01,2.50000000e-01,6.00000000e-01,0.00000000e+00
8.90890891e+00,5.80300589e+00,0.00000000e+00,3.00000000e+06,6.00000000e+02,1.50000000e-01,2.50000000e-01,6.00000000e-01,0.00000000e+00
9.00900901e+00,5.80300589e+00,0.00000000e+00,3.00000000e+06,6.00000000e+02,1.50000000e-01,2.50000000e-01,6.00000000e-01,0.00000000e+00
9.10910911e+00,5.80300589e+00,0.00000000e+00,3.00000000e+06,6.00000000e+02,1.50000000e-01,2.50000000e-01,6.00000000e-01,0.00000000e+00
9.20920921e+00,5.80300589e+00,0.00000000e+00,3.00000000e+06,6.00000000e+02,1.50000000e-01,2.50000000e-01,6.00000000e-01,0.00000000e+00
9.30930931e+00,5.80300589e+00,0.00000000e+00,3.00000000e+06,6.00000000e+02,1.50000000e-01,2.50000000e-01,6.00000000e-01,0.00000000e+00
9.40940941e+00,5.80300589e+00,0.00000000e+00,3.00000000e+06,6.00000000e+02,1.50000000e-01,2.50000000e-01,6.00000000e-01,0.00000000e+00
9.50950951e+00,5.80300589e+00,0.00000000e+00,3.00000000e+06,6.00000000e+02,1.50000000e-01,2.50000000e-01,6.00000000e-01,0.00000000e+00
9.60960961e+00,5.80300589e+00,0.00000000e+00,3.00000000e+06,6.00000000e+02,1.50000000e-01,2.50000000e-01,6.00000000e-01,0.00000000e+00
9.70970971e+00,5.80300589e+00,0.00000000e+00,3.00000000e+06,6.00000000e+02,1.50000000e-01,2.50000000e-01,6.00000000e-01,0.00000000e+00
9.80980981e+00,5.80300589e+00,0.00000000e+00,3.00000000e+06,6.00000000e+02,1.50000000e-01,2.50000000e-01,6.00000000e-01,0.00000000e+00
9.90990991e+00,5.80300589e+00,0.00000000e+00,3.00000000e+06,6.00000000e+02,1.50000000e-01,2.50000000e-01,6.00000000e-01,0.00000000e+00
1.00100100e+01,5.80300589e+00,0.00000000e+00,3.00000000e+06,6.00000000e+02,1.50000000e-01,2.50000000e-01,6.00000000e-01,0.00000000e+00
1.01101101e+01,5.80300589e+00,0.00000000e+00,3.00000000e+06,6.00000000e+02,1.50000000e-01,2.50000000e-01,6.00000000e-01,0.00000000e+00
1.02102102e+01,5.80300589e+00,0.00000000e+00,3.00000000e+06,6.00000000e+02,1.50000000e-01,2.50000000e-01,6.00000000e-01,0.00000000e+00
1.03103103e+01,5.80300589e+00,0.00000000e+00,3.00000000e+06,6.00000000e+02,1.50000000e-01,2.50000000e-01,6.00000000e-01,0.00000000e+00
1.04104104e+01,5.80300589e+00,0.00000000e+00,3.00000000e+06,6.00000000e+02,1.50000000e-01,2.50000000e-01,6.00000000e-01,0.00000000e+00
1.05105105e+01,5.80300589e+00,0.00000000e+00,3.00000000e+06,6.00000000e+02,1.50000000e-01,2.50000000e-01,6.00000000e-01,0.00000000e+00
1.06106106e+01,5.80300589e+00,0.00000000e+00,3.00000000e+06,6.00000000e+02,1.50000000e-01,2.50000000e-01,6.00000000e-01,0.00000000e+00
1.07107107e+01,5.80300589e+00,0.00000000e+00,3.00000000e+06,6.00000000e+02,1.50000000e-01,2.50000000e-01,6.00000000e-01,0.00000000e+00
1.08108108e+01,5.80300589e+00,0.00000000e+00,3.00000000e+06,6.00000000e+02,1.50000000e-01,2.50000000e-01,6.00000000e-01,0.00000000e+00
1.09109109e+01,5.80300589e+00,0.00000000e+00,3.00000000e+06,6.00000000e+02,1.50000000e-01,2.50000000e-01,6.00000000e-01,0.00000000e+00
1.10110110e+01,5.80300589e+00,0.00000000e+00,3.00000000e+06,6.00000000e+02,1.50000000e-01,2.50000000e-01,6.00000000e-01,0.00000000e+00
1.11111111e+01,5.80300589e+00,0.00000000e+00,3.00000000e+06,6.00000000e+02,1.50000000e-01,2.50000000e-01,6.00000000e-01,0.00000000e+00
1.12112112e+01,5.80300589e+00,0.00000000e+00,3.00000000e+06,6.00000000e+02,1.50000000e-01,2.50000000e-01,6.00000000e-01,0.00000000e+00
1.13113113e+01,5.80300589e+00,0.00000000e+00,3.00000000e+06,6.00000000e+02,1.50000000e-01,2.50000000e-01,6.00000000e-01,0.00000000e+00
1.14114114e+01,5.80300589e+00,0.00000000e+00,3.00000000e+06,6.00000000e+02,1.50000000e-01,2.50000000e-01,6.00000000e-01,0.00000000e+00
1.15115115e+01,5.80300589e+00,0.00000000e+00,3.00000000e+06,6.00000000e+02,1.50000000e-01,2.50000000e-01,6.00000000e-01,0.00000000e+00
1.16116116e+01,5.80300589e+00,0.00000000e+00,3.00000000e+06,6.00000000e+02,1.50000000e-01,2.50000000e-01,6.00000000e-01,0.00000000e+00
1.17117117e+01,5.80300589e+00,0.00000000e+00,3.00000000e+06,6.00000000e+02,1.50000000e-01,2.50000000e-01,6.00000000e-01,0.00000000e+00
1.18118118e+01,5.80300589e+00,0.00000000e+00,3.00000000e+06,6.00000000e+02,1.50000000e-01,2.50000000e-01,6.00000000e-01,0.00000000e+00
1.19119119e+01,5.80300589e+00,0.00000000e+00,3.00000000e+06,6.00000000e+02,1.50000000e-01,2.50000000e-01,6.00000000e-01,0.00000000e+00
1.20120120e+01,5.80300589e+00,0.00000000e+00,3.00000000e+06,6.00000000e+02,1.50000000e-01,2.50000000e-01,6.00000000e-01,0.00000000e+00
1.21121121e+01,5.80300589e+00,0.00000000e+00,3.00000000e+06,6.00000000e+02,1.50000000e-01,2.50000000e-01,6.00000000e-01,0.00000000e+00
1.22122122e+01,5.80300589e+00,0.00000000e+00,3.00000000e+06,6.00000000e+02,1.50000000e-01,2.50000000e-01,6.00000000e-01,0.00000000e+00
1.23123123e+01,5.80300589e+00,0.00000000e+00,3.00000000e+06,6.00000000e+02,1.50000000e-01,2.50000000e-01,6.00000000e-01,0.00000000e+00
1.24124124e+01,5.80300589e+00,0.00000000e+00,3.00000000e+06,6.00000000e+02,1.50000000e-01,2.50000000e-01,6.00000000e-01,0.00000000e+00
1.25125125e+01,5.80300589e+00,0.00000000e+00,3.00000000e+06,6.00000000e+02,1.50000000e-01,2.50000000e-01,6.00000000e-01,0.00000000e+00
1.26126126e+01,5.80300589e+00,0.00000000e+00,3.00000000e+06,6.00000000e+02,1.50000000e-01,2.50000000e-01,6.00000000e-01,0.00000000e+00
1.27127127e+01,5.80300589e+00,0.00000000e+00,3.00000000e+06,6.00000000e+02,1.50000000e-01,2.50000000e-01,6.00000000e-01,0.00000000e+00
1.28128128e+01,5.80300589e+00,0.00000000e+00,3.00000000e+06,6.00000000e+02,1.50000000e-01,2.50000000e-01,6.00000000e-01,0.00000000e+00
1.29129129e+01,5.80300589e+00,0.00000000e+00,3.00000000e+06,6.00000000e+02,1.50000000e-01,2.50000000e-01,6.00000000e-01,0.00000000e+00
1.30130130e+01,5.80300589e+00,0.00000000e+00,3.00000000e+06,6.00000000e+02,1.50000000e-01,2.50000000e-01,6.00000000e-01,0.00000000e+00
1.31131131e+01,5.80300589e+00,0.00000000e+00,3.00000000e+06,6.00000000e+02,1.50000000e-01,2.50000000e-01,6.00000000e-01,0.00000000e+00
1.32132132e+01,5.80300589e+00,0.00000000e+00,3.00000000e+06,6.00000000e+02,1.50000000e-01,2.50000000e-01,6.00000000e-01,0.00000000e+00
1.33133133e+01,5.80300589e+00,0.00000000e+00,3.00000000e+06,6.00000000e+02,1.50000000e-01,2.50000000e-01,6.00000000e-01,0.00000000e+00
1.34134134e+01,5.80300589e+00,0.00000000e+00,3.00000000e+06,6.00000000e+02,1.50000000e-01,2.50000000e-01,6.00000000e-01,0.00000000e+00
1.35135135e+01,5.80300589e+00,0.00000000e+00,3.00000000e+06,6.00000000e+02,1.50000000e-01,2.50000000e-01,6.00000000e-01,0.00000000e+00
1.36136136e+01,5.80300589e+00,0.00000000e+00,3.00000000e+06,6.00000000e+02,1.50000000e-01,2.50000000e-01,6.00000000e-01,0.00000000e+00
1.37137137e+01,5.80300589e+00,0.00000000e+00,3.00000000e+06,6.00000000e+02,1.50000000e-01,2.50000000e-01,6.00000000e-01,0.00000000e+00
1.38138138e+01,5.80300589e+00,0.00000000e+00,3.00000000e+06,6.00000000e+02,1.50000000e-01,2.50000000e-01,6.00000000e-01,0.00000000e+00
1.39139139e+01,5.80300589e+00,0.00000000e+00,3.00000000e+06,6.00000000e+02,1.50000000e-01,2.50000000e-01,6.00000000e-01,0.00000000e+00
1.40140140e+01,5.80300589e+00,0.00000000e+00,3.00000000e+06,6.00000000e+02,1.50000000e-01,2.50000000e-01,6.00000000e-01,0.00000000e+00
1.41141141e+01,5.80300589e+00,0.00000000e+00,3.00000000e+06,6.00000000e+02,1.50000000e-01,2.50000000e-01,6.00000000e-01,0.00000000e+00
1.42142142e+01,5.80300589e+00,0.00000000e+00,3.00000000e+06,6.00000000e+02,1.50000000e-01,2.50000000e-01,6.00000000e-01,0.00000000e+00
1.43143143e+01,5.80300589e+00,0.00000000e+00,3.00000000e+06,6.00000000e+02,1.50000000e-01,2.50000000e-01,6.00000000e-01,0.00000000e+00
1.44144144e+01,5.80300589e+00,0.00000000e+00,3.00000000e+06,6.00000000e+02,1.50000000e-01,2.50000000e-01,6.00000000e-01,0.00000000e+00
1.45145145e+01,5.80300589e+00,0.00000000e+00,3.00000000e+06,6.00000000e+02,1.50000000e-01,2.50000000e-01,6.00000000e-01,0.00000000e+00
1.46146146e+01,5.80300589e+00,0.00000000e+00,3.00000000e+06,6.00000000e+02,1.50000000e-01,2.50000000e-01,6.00000000e-01,0.00000000e+00
1.47147147e+01,5.80300589e+00,0.00000000e+00,3.00000000e+06,6.00000000e+02,1.50000000e-01,2.50000000e-01,6.00000000e-01,0.00000000e+00
1.48148148e+01,5.80300589e+00,0.00000000e+00,3.00000000e+06,6.00000000e+02,1.50000000e-01,2.50000000e-01,6.00000000e-01,0.00000000e+00
1.49149149e+01,5.80300589e+00,0.00000000e+00,3.00000000e+06,6.00000000e+02,1.50000000e-01,2.50000000e-01,6.00000000e-01,0.00000000e+00
1.50150150e+01,5.80300589e+00,0.00000000e+00,3.00000000e+06,6.00000000e+02,1.50000000e-01,2.50000000e-01,6.00000000e-01,0.00000000e+00
1.51151151e+01,5.80300589e+00,0.00000000e+00,3.00000000e+06,6.00000000e+02,1.50000000e-01,2.50000000e-01,6.00000000e-01,0.00000000e+00
1.52152152e+01,5.80300589e+00,0.00000000e+00,3.00000000e+06,6.00000000e+02,1.50000000e-01,2.50000000e-01,6.00000000e-01,0.00000000e+00
1.53153153e+01,5.80300589e+00,0.00000000e+00,3.00000000e+06,6.00000000e+02,1.50000000e-01,2.50000000e-01,6.00000000e-01,0.00000000e+00
1.54154154e+01,5.80300589e+00,0.00000000e+00,3.00000000e+06,6.00000000e+02,1.50000000e-01,2.50000000e-01,6.00000000e-01,0.00000000e+00
1.55155155e+01,5.80300589e+00,0.00000000e+00,3.00000000e+06,6.00000000e+02,1.50000000e-01,2.50000000e-01,6.00000000e-01,0.00000000e+00
1.56156156e+01,5.80300589e+00,0.00000000e+00,3.00000000e+06,6.00000000e+02,1.50000000e-01,2.50000000e-01,6.00000000e-01,0.00000000e+00
1.57157157e+01,5.80300589e+00,0.00000000e+00,3.00000000e+06,6.00000000e+02,1.50000000e-01,2.50000000e-01,6.00000000e-01,0.00000000e+00
1.58158158e+01,5.80300589e+00,0.00000000e+00,3.00000000e+06,6.00000000e+02,1.50000000e-01,2.50000000e-01,6.00000000e-01,0.00000000e+00
1.59159159e+01,5.80300589e+00,0.00000000e+00,3.00000000e+06,6.00000000e+02,1.50000000e-01,2.50000000e-01,6.00000000e-01,0.00000000e+00
1.60160160e+01,5.80300589e+00,0.00000000e+00,3.00000000e+06,6.00000000e+02,1.50000000e-01,2.50000000e-01,6.00000000e-01,0.00000000e+00
1.61161161e+01,5.80300589e+00,0.00000000e+00,3.00000000e+06,6.00000000e+02,1.50000000e-01,2.50000000e-01,6.00000000e-01,0.00000000e+00
1.62162162e+01,5.80300589e+00,0.00000000e+00,3.00000000e+06,6.00000000e+02,1.50000000e-01,2.50000000e-01,6.00000000e-01,0.00000000e+00
1.63163163e+01,5.80300589e+00,0.00000000e+00,3.00000000e+06,6.00000000e+02,1.50000000e-01,2.50000000e-01,6.00000000e-01,0.00000000e+00
1.64164164e+01,5.80300589e+00,0.00000000e+00,3.00000000e+06,6.00000000e+02,1.50000000e-01,2.50000000e-01,6.00000000e-01,0.00000000e+00
1.65165165e+01,5.80300589e+00,0.00000000e+00,3.00000000e+06,6.00000000e+02,1.50000000e-01,2.50000000e-01,6.00000000e-01,0.00000000e+00
1.66166166e+01,5.80300589e+00,0.00000000e+00,3.00000000e+06,6.00000000e+02,1.50000000e-01,2.50000000e-01,6.00000000e-01,0.00000000e+00
1.67167167e+01,5.80300589e+00,0.00000000e+00,3.00000000e+06,6.00000000e+02,1.50000000e-01,2.50000000e-01,6.00000000e-01,0.00000000e+00
1.68168168e+01,5.80300589e+00,0.00000000e+00,3.00000000e+06,6.00000000e+02,1.50000000e-01,2.50000000e-01,6.00000000e-01,0.00000000e+00
1.69169169e+01,5.80300589e+00,0.00000000e+00,3.00000000e+06,6.00000000e+02,1.50000000e-01,2.50000000e-01,6.00000000e-01,0.00000000e+00
1.70170170e+01,5.80300589e+00,0.00000000e+00,3.00000000e+06,6.00000000e+02,1.50000000e-01,2.50000000e-01,6.00000000e-01,0.00000000e+00
1.71171171e+01,5.80300589e+00,0.00000000e+00,3.00000000e+06,6.00000000e+02,1.50000000e-01,2.50000000e-01,6.00000000e-01,0.00000000e+00
1.72172172e+01,5.80300589e+00,0.00000000e+00,3.00000000e+06,6.00000000e+02,1.50000000e-01,2.50000000e-01,6.00000000e-01,0.00000000e+00
1.73173173e+01,5.80300589e+00,0.00000000e+00,3.00000000e+06,6.00000000e+02,1.50000000e-01,2.50000000e-01,6.00000000e-01,0.00000000e+00
1.74174174e+01,5.80300589e+00,0.00000000e+00,3.00000000e+06,6.00000000e+02,1.50000000e-01,2.50000000e-01,6.00000000e-01,0.00000000e+00
1.75175175e+01,5.80300589e+00,0.00000000e+00,3.00000000e+06,6.00000000e+02,1.50000000e-01,2.50000000e-01,6.00000000e-01,0.00000000e+00
1.76176176e+01,5.80300589e+00,0.00000000e+00,3.00000000e+06,6.00000000e+02,1.50000000e-01,2.50000000e-01,6.00000000e-01,0.00000000e+00
1.77177177e+01,5.80300589e+00,0.00000000e+00,3.00000000e+06,6.00000000e+02,1.50000000e-01,2.50000000e-01,6.00000000e-01,0.00000000e+00
1.78178178e+01,5.80300589e+00,0.00000000e+00,3.00000000e+06,6.00000000e+02,1.50000000e-01,2.50000000e-01,6.00000000e-01,0.00000000e+00
1.79179179e+01,5.80300589e+00,0.00000000e+00,3.00000000e+06,6.00000000e+02,1.50000000e-01,2.50000000e-01,6.00000000e-01,0.00000000e+00
1.80180180e+01,5.80300589e+00,0.00000000e+00,3.00000000e+06,6.00000000e+02,1.50000000e-01,2.50000000e-01,6.00000000e-01,0.00000000e+00
1.81181181e+01,5.80300589e+00,0.00000000e+00,3.00000000e+06,6.00000000e+02,1.50000000e-01,2.50000000e-01,6.00000000e-01,0.00000000e+00
1.82182182e+01,5.80300589e+00,0.00000000e+00,3.00000000e+06,6.00000000e+02,1.50000000e-01,2.50000000e-01,6.00000000e-01,0.00000000e+00
1.83183183e+01,5.80300589e+00,0.00000000e+00,3.00000000e+06,6.00000000e+02,1.50000000e-01,2.50000000e-01,6.00000000e-01,0.00000000e+00
1.84184184e+01,5.80300589e+00,0.00000000e+00,3.00000000e+06,6.00000000e+02,1.50000000e-01,2.50000000e-01,6.00000000e-01,0.00000000e+00
1.85185185e+01,5.80300589e+00,0.00000000e+00,3.00000000e+06,6.00000000e+02,1.50000000e-01,2.50000000e-01,6.00000000e-01,0.00000000e+00
1.86186186e+01,5.80300589e+00,0.00000000e+00,3.00000000e+06,6.00000000e+02,1.50000000e-01,2.50000000e-01,6.00000000e-01,0.00000000e+00
1.87187187e+01,5.80300589e+00,0.00000000e+00,3.00000000e+06,6.00000000e+02,1.50000000e-01,2.50000000e-01,6.00000000e-01,0.00000000e+00
1.88188188e+01,5.80300589e+00,0.00000000e+00,3.00000000e+06,6.00000000e+02,1.50000000e-01,2.50000000e-01,6.00000000e-01,0.00000000e+00
1.89189189e+01,5.80300589e+00,0.00000000e+00,3.00000000e+06,6.00000000e+02,1.50000000e-01,2.50000000e-01,6.00000000e-01,0.00000000e+00
1.90190190e+01,5.80300589e+00,0.00000000e+00,3.00000000e+06,6.00000000e+02,1.50000000e-01,2.50000000e-01,6.00000000e-01,0.00000000e+00
1.91191191e+01,5.80300589e+00,0.00000000e+00,3.00000000e+06,6.00000000e+02,1.50000000e-01,2.50000000e-01,6.00000000e-01,0.00000000e+00
1.92192192e+01,5.80300589e+00,0.00000000e+00,3.00000000e+06,6.00000000e+02,1.50000000e-01,2.50000000e-01,6.00000000e-01,0.00000000e+00
1.93193193e+01,5.80300589e+00,0.00000000e+00,3.00000000e+06,6.00000000e+02,1.50000000e-01,2.50000000e-01,6.00000000e-01,0.00000000e+00
1.94194194e+01,5.80300589e+00,0.00000000e+00,3.00000000e+06,6.00000000e+02,1.50000000e-01,2.50000000e-01,6.00000000e-01,0.00000000e+00
1.95195195e+01,5.80300589e+00,0.00000000e+00,3.00000000e+06,6.00000000e+02,1.50000000e-01,2.50000000e-01,6.00000000e-01,0.00000000e+00
1.96196196e+01,5.80300589e+00,0.00000000e+00,3.00000000e+06,6.00000000e+02,1.50000000e-01,2.50000000e-01,6.00000000e-01,0.00000000e+00
1.97197197e+01,5.80300589e+00,0.00000000e+00,3.00000000e+06,6.00000000e+02,1.50000000e-01,2.50000000e-01,6.00000000e-01,0.00000000e+00
1.98198198e+01,5.80300589e+00,0.00000000e+00,3.00000000e+06,6.00000000e+02,1.50000000e-01,2.50000000e-01,6.00000000e-01,0.00000000e+00
1.99199199e+01,5.80300589e+00,0.00000000e+00,3.00000000e+06,6.00000000e+02,1.50000000e-01,2.50000000e-01,6.00000000e-01,0.00000000e+00
2.00200200e+01,5.80300589e+00,0.00000000e+00,3.00000000e+06,6.00000000e+02,1.50000000e-01,2.50000000e-01,6.00000000e-01,0.00000000e+00
2.01201201e+01,5.80300589e+00,0.00000000e+00,3.00000000e+06,6.00000000e+02,1.50000000e-01,2.50000000e-01,6.00000000e-01,0.00000000e+00
2.02202202e+01,5.80300589e+00,0.00000000e+00,3.00000000e+06,6.00000000e+02,1.50000000e-01,2.50000000e-01,6.00000000e-01,0.00000000e+00
2.03203203e+01,5.80300589e+00,0.00000000e+00,3.00000000e+06,6.00000000e+02,1.50000000e-01,2.50000000e-01,6.00000000e-01,0.00000000e+00
2.04204204e+01,5.80300589e+00,0.00000000e+00,3.00000000e+06,6.00000000e+02,1.50000000e-01,2.50000000e-01,6.00000000e-01,0.00000000e+00
2.05205205e+01,5.80300589e+00,0.00000000e+00,3.00000000e+06,6.00000000e+02,1.50000000e-01,2.50000000e-01,6.00000000e-01,0.00000000e+00
2.06206206e+01,5.80300589e+00,0.00000000e+00,3.00000000e+06,6.00000000e+02,1.50000000e-01,2.50000000e-01,6.00000000e-01,0.00000000e+00
2.07207207e+01,5.80300589e+00,0.00000000e+00,3.00000000e+06,6.00000000e+02,1.50000000e-01,2.50000000e-01,6.00000000e-01,0.00000000e+00
2.08208208e+01,5.80300589e+00,0.00000000e+00,3.00000000e+06,6.00000000e+02,1.50000000e-01,2.50000000e-01,6.00000000e-01,0.00000000e+00
2.09209209e+01,5.80300589e+00,0.00000000e+00,3.00000000e+06,6.00000000e+02,1.50000000e-01,2.50000000e-01,6.00000000e-01,0.00000000e+00
2.10210210e+01,5.80300589e+00,0.00000000e+00,3.00000000e+06,6.00000000e+02,1.50000000e-01,2.50000000e-01,6.00000000e-01,0.00000000e+00
2.11211211e+01,5.80300589e+00,0.00000000e+00,3.00000000e+06,6.00000000e+02,1.50000000e-01,2.50000000e-01,6.00000000e-01,0.00000000e+00
2.12212212e+01,5.80300589e+00,0.00000000e+00,3.00000000e+06,6.00000000e+02,1.50000000e-01,2.50000000e-01,6.00000000e-01,0.00000000e+00
2.13213213e+01,5.80300589e+00,0.00000000e+00,3.00000000e+06,6.00000000e+02,1.50000000e-01,2.50000000e-01,6.00000000e-01,0.00000000e+00
2.14214214e+01,5.80300589e+00,0.00000000e+00,3.00000000e+06,6.00000000e+02,1.50000000e-01,2.50000000e-01,6.00000000e-01,0.00000000e+00
2.15215215e+01,5.80300589e+00,0.00000000e+00,3.00000000e+06,6.00000000e+02,1.50000000e-01,2.50000000e-01,6.00000000e-01,0.00000000e+00
2.16216216e+01,5.80300589e+00,0.00000000e+00,3.00000000e+06,6.00000000e+02,1.50000000e-01,2.50000000e-01,6.00000000e-01,0.00000000e+00
2.17217217e+01,5.80300589e+00,0.00000000e+00,3.00000000e+06,6.00000000e+02,1.50000000e-01,2.50000000e-01,6.00000000e-01,0.00000000e+00
2.18218218e+01,5.80300589e+00,0.00000000e+00,3.00000000e+06,6.00000000e+02,1.50000000e-01,2.50000000e-01,6.00000000e-01,0.00000000e+00
2.19219219e+01,5.80300589e+00,0.00000000e+00,3.00000000e+06,6.00000000e+02,1.50000000e-01,2.50000000e-01,6.00000000e-01,0.00000000e+00
2.20220220e+01,5.80300589e+00,0.00000000e+00,3.00000000e+06,6.00000000e+02,1.50000000e-01,2.50000000e-01,6.00000000e-01,0.00000000e+00
2.21221221e+01,5.80300589e+00,0.00000000e+00,3.00000000e+06,6.00000000e+02,1.50000000e-01,2.50000000e-01,6.00000000e-01,0.00000000e+00
2.22222222e+01,5.80300589e+00,0.00000000e+00,3.00000000e+06,6.00000000e+02,1.50000000e-01,2.50000000e-01,6.00000000e-01,0.00000000e+00
2.23223223e+01,5.80300589e+00,0.00000000e+00,3.00000000e+06,6.00000000e+02,1.50000000e-01,2.50000000e-01,6.00000000e-01,0.00000000e+00
2.24224224e+01,5.80300589e+00,0.00000000e+00,3.00000000e+06,6.00000000e+02,1.50000000e-01,2.50000000e-01,6.00000000e-01,0.00000000e+00
2.25225225e+01,5.80300589e+00,0.00000000e+00,3.00000000e+06,6.00000000e+02,1.50000000e-01,2.50000000e-01,6.00000000e-01,0.00000000e+00
2.26226226e+01,5.80300589e+00,0.00000000e+00,3.00000000e+06,6.00000000e+02,1.50000000e-01,2.50000000e-01,6.00000000e-01,0.00000000e+00
2.27227227e+01,5.80300589e+00,0.00000000e+00,3.00000000e+06,6.00000000e+02,1.50000000e-01,2.50000000e-01,6.00000000e-01,0.00000000e+00
2.28228228e+01,5.80300589e+00,0.00000000e+00,3.00000000e+06,6.00000000e+02,1.50000000e-01,2.50000000e-01,6.00000000e-01,0.00000000e+00
2.29229229e+01,5.80300589e+00,0.00000000e+00,3.00000000e+06,6.00000000e+02,1.50000000e-01,2.50000000e-01,6.00000000e-01,0.00000000e+00
2.30230230e+01,5.80300589e+00,0.00000000e+00,3.00000000e+06,6.00000000e+02,1.50000000e-01,2.50000000e-01,6.00000000e-01,0.00000000e+00
2.31231231e+01,5.80300589e+00,0.00000000e+00,3.00000000e+06,6.00000000e+02,1.50000000e-01,2.50000000e-01,6.00000000e-01,0.00000000e+00
2.32232232e+01,5.80300589e+00,0.00000000e+00,3.00000000e+06,6.00000000e+02,1.50000000e-01,2.50000000e-01,6.00000000e-01,0.00000000e+00
2.33233233e+01,5.80300589e+00,0.00000000e+00,3.00000000e+06,6.00000000e+02,1.50000000e-01,2.50000000e-01,6.00000000e-01,0.00000000e+00
2.34234234e+01,5.80300589e+00,0.00000000e+00,3.00000000e+06,6.00000000e+02,1.50000000e-01,2.50000000e-01,6.00000000e-01,0.00000000e+00
2.35235235e+01,5.80300589e+00,0.00000000e+00,3.00000000e+06,6.00000000e+02,1.50000000e-01,2.50000000e-01,6.00000000e-01,0.00000000e+00
2.36236236e+01,5.80300589e+00,0.00000000e+00,3.00000000e+06,6.00000000e+02,1.50000000e-01,2.50000000e-01,6.00000000e-01,0.00000000e+00
2.37237237e+01,5.80300589e+00,0.00000000e+00,3.00000000e+06,6.00000000e+02,1.50000000e-01,2.50000000e-01,6.00000000e-01,0.00000000e+00
2.38238238e+01,5.80300589e+00,0.00000000e+00,3.00000000e+06,6.00000000e+02,1.50000000e-01,2.50000000e-01,6.00000000e-01,0.00000000e+00
2.39239239e+01,5.80300589e+00,0.00000000e+00,3.00000000e+06,6.00000000e+02,1.50000000e-01,2.50000000e-01,6.00000000e-01,0.00000000e+00
2.40240240e+01,5.80300589e+00,0.00000000e+00,3.00000000e+06,6.00000000e+02,1.50000000e-01,2.50000000e-01,6.00000000e-01,0.00000000e+00
2.41241241e+01,5.80300589e+00,0.00000000e+00,3.00000000e+06,6.00000000e+02,1.50000000e-01,2.50000000e-01,6.00000000e-01,0.00000000e+00
2.42242242e+01,5.80300589e+00,0.00000000e+00,3.00000000e+06,6.00000000e+02,1.50000000e-01,2.50000000e-01,6.00000000e-01,0.00000000e+00
2.43243243e+01,5.80300589e+00,0.00000000e+00,3.00000000e+06,6.00000000e+02,1.50000000e-01,2.50000000e-01,6.00000000e-01,0.00000000e+00
2.44244244e+01,5.80300589e+00,0.00000000e+00,3.00000000e+06,6.00000000e+02,1.50000000e-01,2.50000000e-01,6.00000000e-01,0.00000000e+00
2.45245245e+01,5.80300589e+00,0.00000000e+00,3.00000000e+06,6.00000000e+02,1.50000000e-01,2.50000000e-01,6.00000000e-01,0.00000000e+00
2.46246246e+01,5.80300589e+00,0.00000000e+00,3.00000000e+06,6.00000000e+02,1.50000000e-01,2.50000000e-01,6.00000000e-01,0.00000000e+00
2.47247247e+01,5.80300589e+00,0.00000000e+00,3.00000000e+06,6.00000000e+02,1.50000000e-01,2.50000000e-01,6.00000000e-01,0.00000000e+00
2.48248248e+01,5.80300589e+00,0.00000000e+00,3.00000000e+06,6.00000000e+02,1.50000000e-01,2.50000000e-01,6.00000000e-01,0.00000000e+00
2.49249249e+01,5.80300589e+00,0.00000000e+00,3.00000000e+06,6.00000000e+02,1.50000000e-01,2.50000000e-01,6.00000000e-01,0.00000000e+00
2.50250250e+01,5.80300589e+00,0.00000000e+00,3.00000000e+06,6.00000000e+02,1.50000000e-01,2.50000000e-01,6.00000000e-01,0.00000000e+00
2.51251251e+01,5.80300589e+00,0.00000000e+00,3.00000000e+06,6.00000000e+02,1.50000000e-01,2.50000000e-01,6.00000000e-01,0.00000000e+00
2.52252252e+01,5.80300589e+00,0.00000000e+00,3.00000000e+06,6.00000000e+02,1.50000000e-01,2.50000000e-01,6.00000000e-01,0.00000000e+00
2.53253253e+01,5.80300589e+00,0.00000000e+00,3.00000000e+06,6.00000000e+02,1.50000000e-01,2.50000000e-01,6.00000000e-01,0.00000000e+00
2.54254254e+01,5.80300589e+00,0.00000000e+00,3.00000000e+06,6.00000000e+02,1.50000000e-01,2.50000000e-01,6.00000000e-01,0.00000000e+00
2.55255255e+01,5.80300589e+00,0.00000000e+00,3.00000000e+06,6.00000000e+02,1.50000000e-01,2.50000000e-01,6.00000000e-01,0.00000000e+00
2.56256256e+01,5.80300589e+00,0.00000000e+00,3.00000000e+06,6.00000000e+02,1.50000000e-01,2.50000000e-01,6.00000000e-01,0.00000000e+00
2.57257257e+01,5.80300589e+00,0.00000000e+00,3.00000000e+06,6.00000000e+02,1.50000000e-01,2.50000000e-01,6.00000000e-01,0.00000000e+00
2.58258258e+01,5.80300589e+00,0.00000000e+00,3.00000000e+06,6.00000000e+02,1.50000000e-01,2.50000000e-01,6.00000000e-01,0.00000000e+00
2.59259259e+01,5.80300589e+00,0.00000000e+00,3.00000000e+06,6.00000000e+02,1.50000000e-01,2.50000000e-01,6.00000000e-01,0.00000000e+00
2.60260260e+01,5.80300589e+00,0.00000000e+00,3.00000000e+06,6.00000000e+02,1.50000000e-01,2.50000000e-01,6.00000000e-01,0.00000000e+00
2.61261261e+01,5.80300589e+00,0.00000000e+00,3.00000000e+06,6.00000000e+02,1.50000000e-01,2.50000000e-01,6.00000000e-01,0.00000000e+00
2.62262262e+01,5.80300589e+00,0.00000000e+00,3.00000000e+06,6.00000000e+02,1.50000000e-01,2.50000000e-01,6.00000000e-01,0.00000000e+00
2.63263263e+01,5.80300589e+00,0.00000000e+00,3.00000000e+06,6.00000000e+02,1.50000000e-01,2.50000000e-01,6.00000000e-01,0.00000000e+00
2.64264264e+01,5.80300589e+00,0.00000000e+00,3.00000000e+06,6.00000000e+02,1.50000000e-01,2.50000000e-01,6.00000000e-01,0.00000000e+00
2.65265265e+01,5.80300589e+00,0.00000000e+00,3.00000000e+06,6.00000000e+02,1.50000000e-01,2.50000000e-01,6.00000000e-01,0.00000000e+00
2.66266266e+01,5.80300589e+00,0.00000000e+00,3.00000000e+06,6.00000000e+02,1.50000000e-01,2.50000000e-01,6.00000000e-01,0.00000000e+00
2.67267267e+01,5.80300589e+00,0.00000000e+00,3.00000000e+06,6.00000000e+02,1.50000000e-01,2.50000000e-01,6.00000000e-01,0.00000000e+00
2.68268268e+01,5.80300589e+00,0.00000000e+00,3.00000000e+06,6.00000000e+02,1.50000000e-01,2.50000000e-01,6.00000000e-01,0.00000000e+00
2.69269269e+01,5.80300589e+00,0.00000000e+00,3.00000000e+06,6.00000000e+02,1.50000000e-01,2.50000000e-01,6.00000000e-01,0.00000000e+00
2.70270270e+01,5.80300589e+00,0.00000000e+00,3.00000000e+06,6.00000000e+02,1.50000000e-01,2.50000000e-01,6.00000000e-01,0.00000000e+00
2.71271271e+01,5.80300589e+00,0.00000000e+00,3.00000000e+06,6.00000000e+02,1.50000000e-01,2.50000000e-01,6.00000000e-01,0.00000000e+00
2.72272272e+01,5.80300589e+00,0.00000000e+00,3.00000000e+06,6.00000000e+02,1.50000000e-01,2.50000000e-01,6.00000000e-01,0.00000000e+00
2.73273273e+01,5.80300589e+00,0.00000000e+00,3.00000000e+06,6.00000000e+02,1.50000000e-01,2.50000000e-01,6.00000000e-01,0.00000000e+00
2.74274274e+01,5.80300589e+00,0.00000000e+00,3.00000000e+06,6.00000000e+02,1.50000000e-01,2.50000000e-01,6.00000000e-01,0.00000000e+00
2.75275275e+01,5.80300589e+00,0.00000000e+00,3.00000000e+06,6.00000000e+02,1.50000000e-01,2.50000000e-01,6.00000000e-01,0.00000000e+00
2.76276276e+01,5.80300589e+00,0.00000000e+00,3.00000000e+06,6.00000000e+02,1.50000000e-01,2.50000000e-01,6.00000000e-01,0.00000000e+00
2.77277277e+01,5.80300589e+00,0.00000000e+00,3.00000000e+06,6.00000000e+02,1.50000000e-01,2.50000000e-01,6.00000000e-01,0.00000000e+00
2.78278278e+01,5.80300589e+00,0.00000000e+00,3.00000000e+06,6.00000000e+02,1.50000000e-01,2.50000000e-01,6.00000000e-01,0.00000000e+00
2.79279279e+01,5.80300589e+00,0.00000000e+00,3.00000000e+06,6.00000000e+02,1.50000000e-01,2.50000000e-01,6.00000000e-01,0.00000000e+00
2.80280280e+01,5.80300589e+00,0.00000000e+00,3.00000000e+06,6.00000000e+02,1.50000000e-01,2.50000000e-01,6.00000000e-01,0.00000000e+00
2.81281281e+01,5.80300589e+00,0.00000000e+00,3.00000000e+06,6.00000000e+02,1.50000000e-01,2.50000000e-01,6.00000000e-01,0.00000000e+00
2.82282282e+01,5.80300589e+00,0.00000000e+00,3.00000000e+06,6.00000000e+02,1.50000000e-01,2.50000000e-01,6.00000000e-01,0.00000000e+00
2.83283283e+01,5.80300589e+00,0.00000000e+00,3.00000000e+06,6.00000000e+02,1.50000000e-01,2.50000000e-01,6.00000000e-01,0.00000000e+00
2.84284284e+01,5.80300589e+00,0.00000000e+00,3.00000000e+06,6.00000000e+02,1.50000000e-01,2.50000000e-01,6.00000000e-01,0.00000000e+00
2.85285285e+01,5.80300589e+00,0.00000000e+00,3.00000000e+06,6.00000000e+02,1.50000000e-01,2.50000000e-01,6.00000000e-01,0.00000000e+00
2.86286286e+01,5.80300589e+00,0.00000000e+00,3.00000000e+06,6.00000000e+02,1.50000000e-01,2.50000000e-01,6.00000000e-01,0.00000000e+00
2.87287287e+01,5.80300589e+00,0.00000000e+00,3.00000000e+06,6.00000000e+02,1.50000000e-01,2.50000000e-01,6.00000000e-01,0.00000000e+00
2.88288288e+01,5.80300589e+00,0.00000000e+00,3.00000000e+06,6.00000000e+02,1.50000000e-01,2.50000000e-01,6.00000000e-01,0.00000000e+00
2.89289289e+01,5.80300589e+00,0.00000000e+00,3.00000000e+06,6.00000000e+02,1.50000000e-01,2.50000000e-01,6.00000000e-01,0.00000000e+00
2.90290290e+01,5.80300589e+00,0.00000000e+00,3.00000000e+06,6.00000000e+02,1.50000000e-01,2.50000000e-01,6.00000000e-01,0.00000000e+00
2.91291291e+01,5.80300589e+00,0.00000000e+00,3.00000000e+06,6.00000000e+02,1.50000000e-01,2.50000000e-01,6.00000000e-01,0.00000000e+00
2.92292292e+01,5.80300589e+00,0.00000000e+00,3.00000000e+06,6.00000000e+02,1.50000000e-01,2.50000000e-01,6.00000000e-01,0.00000000e+00
2.93293293e+01,5.80300589e+00,0.00000000e+00,3.00000000e+06,6.00000000e+02,1.50000000e-01,2.50000000e-01,6.00000000e-01,0.00000000e+00
2.94294294e+01,5.80300589e+00,0.00000000e+00,3.00000000e+06,6.00000000e+02,1.50000000e-01,2.50000000e-01,6.00000000e-01,0.00000000e+00
2.95295295e+01,5.80300589e+00,0.00000000e+00,3.00000000e+06,6.00000000e+02,1.50000000e-01,2.50000000e-01,6.00000000e-01,0.00000000e+00
2.96296296e+01,5.80300589e+00,0.00000000e+00,3.00000000e+06,6.00000000e+02,1.50000000e-01,2.50000000e-01,6.00000000e-01,0.00000000e+00
2.97297297e+01,5.80300589e+00,0.00000000e+00,3.00000000e+06,6.00000000e+02,1.50000000e-01,2.50000000e-01,6.00000000e-01,0.00000000e+00
2.98298298e+01,5.80300589e+00,0.00000000e+00,3.00000000e+06,6.00000000e+02,1.50000000e-01,2.50000000e-01,6.00000000e-01,0.00000000e+00
2.99299299e+01,5.80300589e+00,0.00000000e+00,3.00000000e+06,6.00000000e+02,1.50000000e-01,2.50000000e-01,6.00000000e-01,0.00000000e+00
3.00300300e+01,5.80300589e+00,0.00000000e+00,3.00000000e+06,6.00000000e+02,1.50000000e-01,2.50000000e-01,6.00000000e-01,0.00000000e+00
3.01301301e+01,5.80300589e+00,0.00000000e+00,3.00000000e+06,6.00000000e+02,1.50000000e-01,2.50000000e-01,6.00000000e-01,0.00000000e+00
3.02302302e+01,5.80300589e+00,0.00000000e+00,3.00000000e+06,6.00000000e+02,1.50000000e-01,2.50000000e-01,6.00000000e-01,0.00000000e+00
3.03303303e+01,5.80300589e+00,0.00000000e+00,3.00000000e+06,6.00000000e+02,1.50000000e-01,2.50000000e-01,6.00000000e-01,0.00000000e+00
3.04304304e+01,5.80300589e+00,0.00000000e+00,3.00000000e+06,6.00000000e+02,1.50000000e-01,2.50000000e-01,6.00000000e-01,0.00000000e+00
3.05305305e+01,5.80300589e+00,0.00000000e+00,3.00000000e+06,6.00000000e+02,1.50000000e-01,2.50000000e-01,6.00000000e-01,0.00000000e+00
3.06306306e+01,5.80300589e+00,0.00000000e+00,3.00000000e+06,6.00000000e+02,1.50000000e-01,2.50000000e-01,6.00000000e-01,0.00000000e+00
3.07307307e+01,5.80300589e+00,0.00000000e+00,3.00000000e+06,6.00000000e+02,1.50000000e-01,2.50000000e-01,6.00000000e-01,0.00000000e+00
3.08308308e+01,5.80300589e+00,0.00000000e+00,3.00000000e+06,6.00000000e+02,1.50000000e-01,2.50000000e-01,6.00000000e-01,0.00000000e+00
3.09309309e+01,5.80300589e+00,2.84665301e-14,3.00000000e+06,6.00000000e+02,1.50000000e-01,2.50000000e-01,6.00000000e-01,0.00000000e+00
3.10310310e+01,5.80300589e+00,2.65686034e-13,3.00000000e+06,6.00000000e+02,1.50000000e-01,2.50000000e-01,6.00000000e-01,0.00000000e+00
3.11311311e+01,5.80300589e+00,1.11967210e-12,3.00000000e+06,6.00000000e+02,1.50000000e-01,2.50000000e-01,6.00000000e-01,0.00000000e+00
3.12312312e+01,5.80300589e+00,-7.33833619e-13,3.00000000e+06,6.00000000e+02,1.50000000e-01,2.50000000e-01,6.00000000e-01,0.00000000e+00
3.13313313e+01,5.80300589e+00,-1.92306344e-11,3.00000000e+06,6.00000000e+02,1.50000000e-01,2.50000000e-01,6.00000000e-01,0.00000000e+00
3.14314314e+01,5.80300589e+00,-3.76037694e-11,3.00000000e+06,6.00000000e+02,1.50000000e-01,2.50000000e-01,6.00000000e-01,0.00000000e+00
3.15315315e+01,5.80300589e+00,-2.85317877e-11,3.00000000e+06,6.00000000e+02,1.50000000e-01,2.50000000e-01,6.00000000e-01,0.00000000e+00
3.16316316e+01,5.80300589e+00,2.14837474e-10,3.00000000e+06,6.00000000e+02,1.50000000e-01,2.50000000e-01,6.00000000e-01,0.00000000e+00
3.17317317e+01,5.80300589e+00,6.01001744e-10,3.00000000e+06,6.00000000e+02,1.50000000e-01,2.50000000e-01,6.00000000e-01,0.00000000e+00
3.18318318e+01,5.80300589e+00,8.43302878e-10,3.00000000e+06,6.00000000e+02,1.50000000e-01,2.50000000e-01,6.00000000e-01,0.00000000e+00
3.19319319e+01,5.80300589e+00,-5.48382498e-10,3.00000000e+06,6.00000000e+02,1.50000000e-01,2.50000000e-01,6.00000000e-01,0.00000000e+00
3.20320320e+01,5.80300589e+00,-6.96260616e-09,3.00000000e+06,6.00000000e+02,1.50000000e-01,2.50000000e-01,6.00000000e-01,0.00000000e+00
3.21321321e+01,5.80300589e+00,-1.24800174e-08,3.00000000e+06,6.00000000e+02,1.50000000e-01,2.50000000e-01,6.00000000e-01,0.00000000e+00
3.22322322e+01,5.80300589e+00,-1.04414354e-08,3.00000000e+06,6.00000000e+02,1.50000000e-01,2.50000000e-01,6.00000000e-01,0.00000000e+00
3.23323323e+01,5.80300589e+00,4.82524552e-08,3.00000000e+06,6.00000000e+02,1.50000000e-01,2.50000000e-01,6.00000000e-01,0.00000000e+00
3.24324324e+01,5.80300589e+00,1.41141844e-07,3.00000000e+06,6.00000000e+02,1.50000000e-01,2.50000000e-01,6.00000000e-01,0.00000000e+00
3.25325325e+01,5.80300589e+00,2.00110750e-07,3.00000000e+06,6.00000000e+02,1.50000000e-01,2.50000000e-01,6.00000000e-01,0.00000000e+00
3.26326326e+01,5.80300589e+00,-4.46006124e-08,3.00000000e+06,6.00000000e+02,1.50000000e-01,2.50000000e-01,6.00000000e-01,0.00000000e+00
3.27327327e+01,5.80300590e+00,-1.25916016e-06,3.00000000e+06,6.00000000e+02,1.50000000e-01,2.50000000e-01,6.00000000e-01,0.00000000e+00
3.28328328e+01,5.80300590e+00,-2.28086544e-06,3.00000001e+06,6.00000001e+02,1.50000000e-01,2.50000000e-01,6.00000000e-01,0.00000000e+00
3.29329329e+01,5.80300589e+00,-2.16859242e-06,3.00000001e+06,6.00000002e+02,1.50000000e-01,2.50000000e-01,6.00000001e-01,0.00000000e+00
3.30330330e+01,5.80300583e+00,5.94040324e-06,3.00000000e+06,6.00000004e+02,1.50000001e-01,2.50000001e-01,6.00000002e-01,0.00000000e+00
3.31331331e+01,5.80300574e+00,1.99966794e-05,2.99999991e+06,5.99999996e+02,1.50000000e-01,2.50000000e-01,6.00000001e-01,0.00000000e+00
3.32332332e+01,5.80300575e+00,2.91700449e-05,2.99999985e+06,5.99999987e+02,1.49999999e-01,2.49999999e-01,5.99999997e-01,0.00000000e+00
3.33333333e+01,5.80300602e+00,7.15733117e-06,2.99999986e+06,5.99999972e+02,1.49999997e-01,2.49999994e-01,5.99999987e-01,0.00000000e+00
3.34334334e+01,5.80300695e+00,-1.28678245e-04,3.00000032e+06,5.99999980e+02,1.49999994e-01,2.49999989e-01,5.99999974e-01,0.00000000e+00
3.35335335e+01,5.80300753e+00,-2.48830280e-04,3.00000125e+06,6.00000077e+02,1.50000001e-01,2.50000002e-01,6.00000004e-01,0.00000000e+00
3.36336336e+01,5.80300674e+00,-2.74723036e-04,3.00000160e+06,6.00000175e+02,1.50000014e-01,2.50000023e-01,6.00000056e-01,0.00000000e+00
3.37337337e+01,5.80300187e+00,3.17463174e-04,3.00000062e+06,6.00000337e+02,1.50000050e-01,2.50000084e-01,6.00000201e-01,0.00000000e+00
3.38338338e+01,5.80299332e+00,1.61583931e-03,2.99999331e+06,5.99999824e+02,1.50000034e-01,2.50000057e-01,6.00000137e-01,0.00000000e+00
3.39339339e+01,5.80299236e+00,2.45744026e-03,2.99998770e+06,5.99999081e+02,1.49999964e-01,2.49999940e-01,5.99999856e-01,0.00000000e+00
3.40340340e+01,5.80300557e+00,1.62309366e-03,2.99998672e+06,5.99998122e+02,1.49999813e-01,2.49999689e-01,5.99999254e-01,0.00000000e+00
3.41341341e+01,5.80306310e+00,-6.31975014e-03,3.00001111e+06,5.99998037e+02,1.49999567e-01,2.49999279e-01,5.99998269e-01,0.00000000e+00
3.42342342e+01,5.80311204e+00,-1.48365969e-02,3.00006950e+06,6.00003343e+02,1.49999895e-01,2.49999825e-01,5.99999581e-01,0.00000000e+00
3.43343343e+01,5.80309320e+00,-1.84179655e-02,3.00010125e+06,6.00009047e+02,1.50000544e-01,2.50000906e-01,6.00002174e-01,0.00000000e+00
3.44344344e+01,5.80291984e+00,-2.68278695e-04,3.00006458e+06,6.00014564e+02,1.50001812e-01,2.50003020e-01,6.00007249e-01,0.00000000e+00
3.45345345e+01,5.80251430e+00,6.25635848e-02,2.99982265e+06,6.00005162e+02,1.50002549e-01,2.50004249e-01,6.00010198e-01,0.00000000e+00
3.46346346e+01,5.80232876e+00,9.93043601e-02,2.99943804e+06,5.99961723e+02,1.49998973e-01,2.49998288e-01,5.99995891e-01,0.00000000e+00
3.47347347e+01,5.80262273e+00,1.03145985e-01,2.99947708e+06,5.99949063e+02,1.49996491e-01,2.49994152e-01,5.99985964e-01,0.00000000e+00
3.48348348e+01,5.80404916e+00,-9.81750671e-02,2.99969650e+06,5.99891929e+02,1.49984881e-01,2.49974801e-01,5.99939522e-01,0.00000000e+00
3.49349349e+01,5.80594626e+00,-3.44590111e-01,3.00206976e+06,6.00113223e+02,1.49999164e-01,2.49998606e-01,5.99996655e-01,0.00000000e+00
3.50350350e+01,5.80592170e+00,-5.42694027e-01,3.00193067e+06,6.00094887e+02,1.49997432e-01,2.49995719e-01,5.99989727e-01,0.00000000e+00
3.51351351e+01,5.80398863e+00,-3.31295012e-01,3.00326725e+06,6.00405632e+02,1.50036504e-01,2.50060840e-01,6.00146016e-01,0.00000000e+00
3.52352352e+01,5.79726401e+00,6.07075255e-01,2.99787180e+06,6.00052236e+02,1.50028990e-01,2.50048317e-01,6.00115961e-01,0.00000000e+00
3.53353353e+01,5.79338666e+00,1.42153337e+00,2.99495175e+06,5.99875441e+02,1.50027371e-01,2.50045618e-01,6.00109484e-01,0.00000000e+00
3.54354354e+01,5.79407154e+00,1.56386682e+00,2.99005959e+06,5.99132807e+02,1.49950236e-01,2.49917061e-01,5.99800945e-01,0.00000000e+00
3.55355355e+01,5.80197962e+00,3.25794028e-01,2.99408914e+06,5.99218780e+02,1.49926146e-01,2.49876910e-01,5.99704583e-01,0.00000000e+00
3.56356356e+01,5.81401928e+00,-8.40431565e-01,3.00763461e+06,6.00406812e+02,1.49995165e-01,2.49991942e-01,5.99980661e-01,0.00000000e+00
3.57357357e+01,5.81390915e+00,-2.17137493e+00,3.00475629e+06,6.00003095e+02,1.49955289e-01,2.49925481e-01,5.99821155e-01,0.00000000e+00
3.58358358e+01,5.80589606e+00,-1.03150802e+00,3.01207814e+06,6.01544218e+02,1.50142515e-01,2.50237525e-01,6.00570061e-01,0.00000000e+00
3.59359359e+01,5.78269315e+00,2.77176624e+00,2.98637259e+06,5.99311590e+02,1.50015258e-01,2.50025430e-01,6.00061031e-01,0.00000000e+00
3.60360360e+01,5.75975307e+00,7.32658259e+00,2.97820651e+06,5.99568422e+02,1.50136559e-01,2.50227599e-01,6.00546237e-01,0.00000000e+00
3.61361361e+01,5.73851039e+00,9.83489187e+00,2.94437304e+06,5.96015433e+02,1.49868521e-01,2.49780868e-01,5.99474083e-01,0.00000000e+00
3.62362362e+01,5.72057878e+00,1.17370604e+01,2.94051699e+06,5.96577307e+02,1.50000000e-01,2.50000000e-01,6.00000000e-01,0.00000000e+00
3.63363363e+01,5.70391024e+00,1.48418474e+01,2.92847528e+06,5.95872887e+02,1.49999400e-01,2.49998999e-01,5.99997598e-01,0.00000000e+00
3.64364364e+01,5.68348734e+00,1.77252819e+01,2.91458068e+06,5.95131722e+02,1.50010739e-01,2.50017898e-01,6.00042956e-01,0.00000000e+00
3.65365365e+01,5.65998201e+00,2.04051511e+01,2.89604125e+06,5.93902130e+02,1.49985431e-01,2.49975719e-01,5.99941725e-01,0.00000000e+00
3.66366366e+01,5.63763699e+00,2.36538227e+01,2.88037726e+06,5.93012729e+02,1.49990073e-01,2.49983454e-01,5.99960290e-01,0.00000000e+00
3.67367367e+01,5.61165140e+00,2.85246008e+01,2.87222177e+06,5.93454582e+02,1.50146102e-01,2.50243504e-01,6.00584410e-01,0.00000000e+00
3.68368368e+01,5.58795394e+00,3.26994788e+01,2.84087936e+06,5.90319879e+02,1.49929410e-01,2.49882350e-01,5.99717639e-01,0.00000000e+00
3.69369369e+01,5.56181892e+00,3.64848522e+01,2.82606193e+06,5.89776021e+02,1.49986435e-01,2.49977392e-01,5.99945742e-01,0.00000000e+00
3.70370370e+01,5.53214928e+00,4.10483631e+01,2.80309032e+06,5.88230003e+02,1.49958226e-01,2.49930377e-01,5.99832906e-01,0.00000000e+00
3.71371371e+01,5.50280452e+00,4.53458908e+01,2.78500109e+06,5.87386948e+02,1.50000000e-01,2.50000000e-01,6.00000000e-01,0.00000000e+00
3.72372372e+01,5.47478204e+00,4.98755015e+01,2.76521183e+06,5.86198334e+02,1.50000000e-01,2.50000000e-01,6.00000000e-01,0.00000000e+00
3.73373373e+01,5.44561979e+00,5.41484054e+01,2.74378672e+06,5.84821798e+02,1.49987045e-01,2.49978408e-01,5.99948179e-01,0.00000000e+00
3.74374374e+01,5.41440238e+00,5.83377428e+01,2.72287219e+06,5.83644866e+02,1.50003822e-01,2.50006370e-01,6.00015288e-01,0.00000000e+00
3.75375375e+01,5.38654358e+00,6.26616559e+01,2.70307218e+06,5.82412211e+02,1.50000000e-01,2.50000000e-01,6.00000000e-01,0.00000000e+00
3.76376376e+01,5.36193914e+00,6.65862481e+01,2.68104524e+06,5.80610004e+02,1.49924294e-01,2.49873824e-01,5.99697178e-01,0.00000000e+00
3.77377377e+01,5.33331611e+00,7.09422746e+01,2.66567525e+06,5.80087478e+02,1.49999803e-01,2.49999672e-01,5.99999213e-01,0.00000000e+00
3.78378378e+01,5.29844156e+00,7.62918147e+01,2.63894240e+06,5.78193833e+02,1.49962466e-01,2.49937443e-01,5.99849863e-01,0.00000000e+00
3.79379379e+01,5.26506478e+00,8.13398147e+01,2.62208145e+06,5.77741657e+02,1.50066254e-01,2.50110424e-01,6.00265017e-01,0.00000000e+00
3.80380380e+01,5.23335578e+00,8.71266888e+01,2.59846342e+06,5.76109939e+02,1.50039375e-01,2.50065624e-01,6.00157498e-01,0.00000000e+00
3.81381381e+01,5.20351836e+00,9.26814871e+01,2.57801527e+06,5.74836305e+02,1.50043944e-01,2.50073240e-01,6.00175776e-01,0.00000000e+00
3.82382382e+01,5.17255981e+00,9.77379714e+01,2.55181102e+06,5.72701058e+02,1.49964777e-01,2.49941296e-01,5.99859109e-01,0.00000000e+00
3.83383383e+01,5.13918452e+00,1.02225566e+02,2.53086389e+06,5.71554007e+02,1.50000108e-01,2.50000180e-01,6.00000431e-01,0.00000000e+00
3.84384384e+01,5.10472751e+00,1.07108046e+02,2.50647243e+06,5.69910676e+02,1.49988458e-01,2.49980763e-01,5.99953832e-01,0.00000000e+00
3.85385385e+01,5.07310209e+00,1.12272096e+02,2.48587698e+06,5.68679808e+02,1.50007332e-01,2.50012221e-01,6.00029329e-01,0.00000000e+00
3.86386386e+01,5.04263664e+00,1.17655821e+02,2.46555414e+06,5.67400941e+02,1.50017209e-01,2.50028682e-01,6.00068837e-01,0.00000000e+00
3.87387387e+01,5.01133446e+00,1.23036280e+02,2.44381622e+06,5.65931891e+02,1.50011741e-01,2.50019569e-01,6.00046966e-01,0.00000000e+00
3.88388388e+01,4.97902983e+00,1.28218256e+02,2.42143536e+06,5.64410790e+02,1.50005475e-01,2.50009125e-01,6.00021901e-01,0.00000000e+00
3.89389389e+01,4.94735139e+00,1.33360070e+02,2.40015810e+06,5.63016722e+02,1.50009949e-01,2.50016582e-01,6.00039796e-01,0.00000000e+00
3.90390390e+01,4.91557761e+00,1.38521375e+02,2.37928602e+06,5.61682734e+02,1.50022117e-01,2.50036861e-01,6.00088466e-01,0.00000000e+00
3.91391391e+01,4.88394402e+00,1.43596842e+02,2.35679502e+06,5.60051714e+02,1.50002076e-01,2.50003460e-01,6.00008305e-01,0.00000000e+00
3.92392392e+01,4.85317996e+00,1.48611314e+02,2.33638101e+06,5.58696614e+02,1.50008372e-01,2.50013953e-01,6.00033487e-01,0.00000000e+00
3.93393393e+01,4.82332581e+00,1.53973375e+02,2.31653686e+06,5.57361353e+02,1.50013392e-01,2.50022320e-01,6.00053568e-01,0.00000000e+00
3.94394394e+01,4.79601546e+00,1.59454688e+02,2.29870470e+06,5.56181689e+02,1.50023809e-01,2.50039682e-01,6.00095237e-01,0.00000000e+00
3.95395395e+01,4.76703005e+00,1.64686877e+02,2.27840114e+06,5.54679510e+02,1.50008007e-01,2.50013345e-01,6.00032029e-01,0.00000000e+00
3.96396396e+01,4.73663429e+00,1.69805694e+02,2.25892773e+06,5.53406434e+02,1.50024623e-01,2.50041038e-01,6.00098491e-01,0.00000000e+00
3.97397397e+01,4.70626644e+00,1.75169692e+02,2.23876820e+06,5.51999211e+02,1.50026655e-01,2.50044426e-01,6.00106622e-01,0.00000000e+00
3.98398398e+01,4.67697946e+00,1.80500484e+02,2.21957126e+06,5.50670925e+02,1.50032639e-01,2.50054399e-01,6.00130557e-01,0.00000000e+00
3.99399399e+01,4.64695502e+00,1.85521293e+02,2.19881910e+06,5.49106327e+02,1.50016438e-01,2.50027397e-01,6.00065752e-01,0.00000000e+00
4.00400400e+01,4.61591354e+00,1.90200802e+02,2.17843932e+06,5.47663324e+02,1.50019740e-01,2.50032900e-01,6.00078961e-01,0.00000000e+00
4.01401401e+01,4.58490549e+00,1.94966351e+02,2.15793167e+06,5.46179824e+02,1.50018878e-01,2.50031464e-01,6.00075513e-01,0.00000000e+00
4.02402402e+01,4.55513146e+00,1.99949433e+02,2.13840988e+06,5.44770891e+02,1.50020431e-01,2.50034051e-01,6.00081724e-01,0.00000000e+00
4.03403403e+01,4.52718129e+00,2.05313213e+02,2.12070094e+06,5.43545779e+02,1.50033997e-01,2.50056662e-01,6.00135990e-01,0.00000000e+00
4.04404404e+01,4.50001667e+00,2.10675806e+02,2.10248906e+06,5.42159610e+02,1.50026068e-01,2.50043447e-01,6.00104272e-01,0.00000000e+00
4.05405405e+01,4.47182854e+00,2.15813659e+02,2.08392874e+06,5.40773195e+02,1.50022649e-01,2.50037749e-01,6.00090597e-01,0.00000000e+00
4.06406406e+01,4.44357046e+00,2.21050405e+02,2.06563963e+06,5.39429248e+02,1.50024525e-01,2.50040876e-01,6.00098102e-01,0.00000000e+00
4.07407407e+01,4.41647277e+00,2.26430940e+02,2.04820930e+06,5.38146307e+02,1.50028124e-01,2.50046873e-01,6.00112494e-01,0.00000000e+00
4.08408408e+01,4.38926137e+00,2.31623104e+02,2.03019781e+06,5.36750614e+02,1.50019816e-01,2.50033027e-01,6.00079264e-01,0.00000000e+00
4.09409409e+01,4.36075586e+00,2.36473899e+02,2.01120673e+06,5.35248607e+02,1.50007737e-01,2.50012896e-01,6.00030950e-01,0.00000000e+00
4.10410410e+01,4.33176670e+00,2.41156455e+02,1.99244511e+06,5.33807639e+02,1.50006745e-01,2.50011242e-01,6.00026980e-01,0.00000000e+00
4.11411411e+01,4.30303974e+00,2.45963180e+02,1.97392990e+06,5.32383322e+02,1.50005158e-01,2.50008596e-01,6.00020631e-01,0.00000000e+00
4.12412412e+01,4.27529856e+00,2.51020508e+02,1.95604308e+06,5.30991909e+02,1.50002442e-01,2.50004070e-01,6.00009769e-01,0.00000000e+00
4.13413413e+01,4.24931220e+00,2.56441965e+02,1.93981770e+06,5.29775562e+02,1.50011524e-01,2.50019207e-01,6.00046096e-01,0.00000000e+00
4.14414414e+01,4.22403024e+00,2.61852018e+02,1.92333651e+06,5.28444979e+02,1.50003967e-01,2.50006612e-01,6.00015870e-01,0.00000000e+00
4.15415415e+01,4.19695893e+00,2.66986597e+02,1.90564944e+06,5.27000808e+02,1.49993099e-01,2.49988498e-01,5.99972394e-01,0.00000000e+00
4.16416416e+01,4.16882923e+00,2.71947656e+02,1.88781727e+06,5.25590043e+02,1.49993690e-01,2.49989483e-01,5.99974758e-01,0.00000000e+00
4.17417417e+01,4.14100917e+00,2.76962148e+02,1.87019697e+06,5.24184449e+02,1.49993103e-01,2.49988505e-01,5.99972413e-01,0.00000000e+00
4.18418418e+01,4.11388118e+00,2.82082530e+02,1.85310293e+06,5.22816673e+02,1.49993568e-01,2.49989280e-01,5.99974272e-01,0.00000000e+00
4.19419419e+01,4.08729235e+00,2.87306537e+02,1.83631411e+06,5.21455140e+02,1.49992168e-01,2.49986946e-01,5.99968671e-01,0.00000000e+00
4.20420420e+01,4.06122945e+00,2.92615281e+02,1.81990549e+06,5.20116690e+02,1.49990856e-01,2.49984761e-01,5.99963426e-01,0.00000000e+00
4.21421421e+01,4.03594205e+00,2.98048994e+02,1.80434181e+06,5.18877478e+02,1.49997264e-01,2.49995440e-01,5.99989056e-01,0.00000000e+00
4.22422422e+01,4.01079013e+00,3.03437000e+02,1.78859637e+06,5.17578522e+02,1.49996259e-01,2.49993765e-01,5.99985037e-01,0.00000000e+00
4.23423423e+01,3.98473113e+00,3.08639574e+02,1.77215676e+06,5.16193062e+02,1.49991005e-01,2.49985008e-01,5.99964020e-01,0.00000000e+00
4.24424424e+01,3.95789015e+00,3.13658429e+02,1.75539975e+06,5.14784070e+02,1.49989709e-01,2.49982848e-01,5.99958835e-01,0.00000000e+00
4.25425425e+01,3.93119910e+00,3.18658020e+02,1.73884592e+06,5.13390815e+02,1.49989975e-01,2.49983291e-01,5.99959898e-01,0.00000000e+00
4.26426426e+01,3.90506997e+00,3.23714363e+02,1.72266147e+06,5.12018185e+02,1.49989204e-01,2.49982007e-01,5.99956818e-01,0.00000000e+00
4.27427427e+01,3.87966536e+00,3.28867614e+02,1.70698562e+06,5.10682916e+02,1.49988697e-01,2.49981162e-01,5.99954788e-01,0.00000000e+00
4.28428428e+01,3.85521775e+00,3.34245872e+02,1.69229562e+06,5.09468822e+02,1.49997483e-01,2.49995805e-01,5.99989932e-01,0.00000000e+00
4.29429429e+01,3.83171201e+00,3.39710512e+02,1.67798596e+06,5.08248953e+02,1.50000682e-01,2.50001137e-01,6.00002730e-01,0.00000000e+00
4.30430430e+01,3.80719673e+00,3.44956089e+02,1.66269472e+06,5.06888169e+02,1.49992420e-01,2.49987366e-01,5.99969678e-01,0.00000000e+00
4.31431431e+01,3.78129580e+00,3.49901237e+02,1.64667600e+06,5.05461272e+02,1.49987091e-01,2.49978485e-01,5.99948364e-01,0.00000000e+00
4.32432432e+01,3.75506615e+00,3.54702441e+02,1.63068162e+06,5.04046709e+02,1.49987500e-01,2.49979167e-01,5.99950001e-01,0.00000000e+00
4.33433433e+01,3.72921729e+00,3.59577743e+02,1.61500720e+06,5.02660606e+02,1.49987888e-01,2.49979814e-01,5.99951553e-01,0.00000000e+00
4.34434434e+01,3.70403020e+00,3.64588482e+02,1.59982035e+06,5.01315284e+02,1.49989210e-01,2.49982016e-01,5.99956839e-01,0.00000000e+00
4.35435435e+01,3.67965680e+00,3.69814239e+02,1.58530055e+06,5.00037743e+02,1.49994653e-01,2.49991088e-01,5.99978611e-01,0.00000000e+00
4.36436436e+01,3.65615318e+00,3.75182874e+02,1.57126281e+06,4.98782548e+02,1.49998690e-01,2.49997816e-01,5.99994759e-01,0.00000000e+00
4.37437437e+01,3.63228889e+00,3.80473977e+02,1.55675026e+06,4.97438189e+02,1.49993938e-01,2.49989896e-01,5.99975751e-01,0.00000000e+00
4.38438438e+01,3.60791239e+00,3.85622811e+02,1.54204100e+06,4.96076571e+02,1.49991098e-01,2.49985164e-01,5.99964394e-01,0.00000000e+00
4.39439439e+01,3.58368253e+00,3.90788278e+02,1.52757838e+06,4.94744950e+02,1.49991577e-01,2.49985961e-01,5.99966307e-01,0.00000000e+00
4.40440440e+01,3.55993515e+00,3.96082508e+02,1.51365196e+06,4.93483824e+02,1.49997936e-01,2.49996561e-01,5.99991746e-01,0.00000000e+00
4.41441441e+01,3.53672098e+00,4.01435760e+02,1.49997198e+06,4.92221182e+02,1.50001746e-01,2.50002911e-01,6.00006985e-01,0.00000000e+00
4.42442442e+01,3.51305756e+00,4.06665140e+02,1.48585486e+06,4.90882215e+02,1.49998906e-01,2.49998177e-01,5.99995625e-01,0.00000000e+00
4.43443443e+01,3.48890137e+00,4.11719218e+02,1.47144446e+06,4.89498126e+02,1.49995564e-01,2.49992607e-01,5.99982256e-01,0.00000000e+00
4.44444444e+01,3.46485088e+00,4.16730366e+02,1.45722476e+06,4.88134111e+02,1.49995110e-01,2.49991850e-01,5.99980439e-01,0.00000000e+00
4.45445445e+01,3.44123785e+00,4.21809740e+02,1.44338134e+06,4.86811406e+02,1.49996082e-01,2.49993470e-01,5.99984327e-01,0.00000000e+00
4.46446446e+01,3.41830036e+00,4.27021561e+02,1.43013419e+06,4.85560403e+02,1.50002180e-01,2.50003634e-01,6.00008721e-01,0.00000000e+00
4.47447447e+01,3.39594820e+00,4.32284357e+02,1.41713149e+06,4.84304280e+02,1.50004763e-01,2.50007939e-01,6.00019052e-01,0.00000000e+00
4.48448448e+01,3.37326812e+00,4.37434750e+02,1.40377744e+06,4.82979202e+02,1.50000681e-01,2.50001136e-01,6.00002726e-01,0.00000000e+00
4.49449449e+01,3.35031523e+00,4.42476912e+02,1.39032535e+06,4.81637004e+02,1.49997904e-01,2.49996507e-01,5.99991616e-01,0.00000000e+00
4.50450450e+01,3.32747645e+00,4.47550261e+02,1.37707679e+06,4.80321529e+02,1.49997970e-01,2.49996617e-01,5.99991880e-01,0.00000000e+00
4.51451451e+01,3.30495650e+00,4.52728877e+02,1.36415872e+06,4.79047342e+02,1.50001287e-01,2.50002145e-01,6.00005148e-01,0.00000000e+00
4.52452452e+01,3.28291021e+00,4.58000861e+02,1.35154690e+06,4.77793228e+02,1.50005227e-01,2.50008712e-01,6.00020909e-01,0.00000000e+00
4.53453453e+01,3.26074794e+00,4.63233993e+02,1.33873645e+06,4.76486631e+02,1.50003505e-01,2.50005841e-01,6.00014019e-01,0.00000000e+00
4.54454454e+01,3.23833369e+00,4.68375812e+02,1.32577533e+06,4.75149322e+02,1.50000424e-01,2.50000707e-01,6.00001698e-01,0.00000000e+00
4.55455455e+01,3.21600878e+00,4.73514878e+02,1.31297169e+06,4.73829464e+02,1.49999682e-01,2.49999471e-01,5.99998730e-01,0.00000000e+00
4.56456456e+01,3.19396232e+00,4.78725732e+02,1.30047308e+06,4.72550392e+02,1.50002230e-01,2.50003717e-01,6.00008921e-01,0.00000000e+00
4.57457457e+01,3.17232030e+00,4.84008054e+02,1.28826978e+06,4.71296941e+02,1.50006278e-01,2.50010463e-01,6.00025111e-01,0.00000000e+00
4.58458458e+01,3.15062842e+00,4.89250582e+02,1.27594183e+06,4.70002560e+02,1.50005689e-01,2.50009482e-01,6.00022757e-01,0.00000000e+00
4.59459459e+01,3.12870958e+00,4.94401221e+02,1.26342971e+06,4.68665011e+02,1.50002179e-01,2.50003632e-01,6.00008716e-01,0.00000000e+00
4.60460460e+01,3.10681315e+00,4.99516232e+02,1.25099750e+06,4.67329709e+02,1.50000319e-01,2.50000532e-01,6.00001277e-01,0.00000000e+00
4.61461461e+01,3.08515341e+00,5.04683352e+02,1.23880702e+06,4.66024756e+02,1.50000315e-01,2.50000525e-01,6.00001261e-01,0.00000000e+00
4.62462462e+01,3.06389108e+00,5.09939570e+02,1.22691791e+06,4.64750135e+02,1.50001957e-01,2.50003261e-01,6.00007827e-01,0.00000000e+00
4.63463463e+01,3.04314281e+00,5.15296642e+02,1.21538747e+06,4.63509861e+02,1.50005682e-01,2.50009471e-01,6.00022730e-01,0.00000000e+00
4.64464464e+01,3.02256496e+00,5.20654391e+02,1.20386417e+06,4.62242286e+02,1.50005242e-01,2.50008737e-01,6.00020970e-01,0.00000000e+00
4.65465465e+01,3.00184377e+00,5.25944600e+02,1.19226746e+06,4.60955179e+02,1.50003424e-01,2.50005706e-01,6.00013694e-01,0.00000000e+00
4.66466466e+01,2.98108293e+00,5.31188926e+02,1.18070771e+06,4.59666636e+02,1.50002890e-01,2.50004816e-01,6.00011559e-01,0.00000000e+00
4.67467467e+01,2.96035501e+00,5.36413106e+02,1.16922963e+06,4.58384205e+02,1.50003240e-01,2.50005400e-01,6.00012960e-01,0.00000000e+00
4.68468468e+01,2.93963706e+00,5.41595850e+02,1.15775330e+06,4.57087860e+02,1.50001946e-01,2.50003244e-01,6.00007785e-01,0.00000000e+00
4.69469469e+01,2.91894310e+00,5.46715460e+02,1.14625748e+06,4.55768807e+02,1.49998259e-01,2.49997099e-01,5.99993037e-01,0.00000000e+00
4.70470470e+01,2.89839668e+00,5.51809107e+02,1.13489643e+06,4.54460303e+02,1.49994977e-01,2.49991629e-01,5.99979909e-01,0.00000000e+00
4.71471471e+01,2.87811092e+00,5.56918169e+02,1.12376358e+06,4.53179190e+02,1.49993256e-01,2.49988760e-01,5.99973024e-01,0.00000000e+00
4.72472472e+01,2.85812332e+00,5.62071783e+02,1.11288528e+06,4.51930202e+02,1.49993464e-01,2.49989107e-01,5.99973857e-01,0.00000000e+00
4.73473473e+01,2.83849853e+00,5.67291057e+02,1.10229660e+06,4.50716303e+02,1.49996385e-01,2.49993975e-01,5.99985541e-01,0.00000000e+00
4.74474474e+01,2.81896290e+00,5.72503497e+02,1.09172912e+06,4.49487334e+02,1.49996920e-01,2.49994867e-01,5.99987682e-01,0.00000000e+00
4.75475475e+01,2.79920784e+00,5.77641971e+02,1.08104391e+06,4.48233065e+02,1.49995615e-01,2.49992692e-01,5.99982462e-01,0.00000000e+00
4.76476476e+01,2.77915024e+00,5.82676591e+02,1.07014302e+06,4.46927622e+02,1.49991575e-01,2.49985959e-01,5.99966302e-01,0.00000000e+00
4.77477477e+01,2.75889977e+00,5.87617919e+02,1.05910576e+06,4.45580280e+02,1.49986341e-01,2.49977234e-01,5.99945362e-01,0.00000000e+00
4.78478478e+01,2.73871050e+00,5.92577690e+02,1.04822858e+06,4.44260227e+02,1.49984611e-01,2.49974352e-01,5.99938444e-01,0.00000000e+00
4.79479479e+01,2.71878498e+00,5.97642966e+02,1.03763851e+06,4.42989464e+02,1.49986472e-01,2.49977453e-01,5.99945887e-01,0.00000000e+00
4.80480480e+01,2.69939672e+00,6.02866418e+02,1.02737631e+06,4.41749990e+02,1.49989393e-01,2.49982322e-01,5.99957574e-01,0.00000000e+00
4.81481481e+01,2.68065001e+00,6.08259295e+02,1.01743773e+06,4.40529034e+02,1.49991777e-01,2.49986295e-01,5.99967109e-01,0.00000000e+00
4.82482482e+01,2.66240896e+00,6.13770079e+02,1.00776897e+06,4.39324374e+02,1.49994448e-01,2.49990746e-01,5.99977791e-01,0.00000000e+00
4.83483483e+01,2.64400823e+00,6.19254010e+02,9.98005176e+05,4.38096982e+02,1.49994038e-01,2.49990063e-01,5.99976151e-01,0.00000000e+00
4.84484484e+01,2.62521406e+00,6.24645745e+02,9.88097405e+05,4.36852253e+02,1.49994289e-01,2.49990481e-01,5.99977154e-01,0.00000000e+00
4.85485485e+01,2.60606408e+00,6.29929721e+02,9.77979370e+05,4.35559593e+02,1.49993102e-01,2.49988503e-01,5.99972406e-01,0.00000000e+00
4.86486486e+01,2.58666123e+00,6.35101949e+02,9.67668207e+05,4.34212210e+02,1.49988911e-01,2.49981519e-01,5.99955645e-01,0.00000000e+00
4.87487487e+01,2.56726648e+00,6.40242074e+02,9.57448857e+05,4.32877098e+02,1.49987232e-01,2.49978720e-01,5.99948928e-01,0.00000000e+00
4.88488488e+01,2.54812395e+00,6.45440311e+02,9.47518358e+05,4.31599683e+02,1.49989284e-01,2.49982140e-01,5.99957136e-01,0.00000000e+00
4.89489489e+01,2.52950405e+00,6.50719686e+02,9.37920921e+05,4.30362984e+02,1.49992727e-01,2.49987878e-01,5.99970907e-01,0.00000000e+00
4.90490490e+01,2.51148919e+00,6.56086875e+02,9.28664378e+05,4.29159241e+02,1.49997241e-01,2.49995402e-01,5.99988964e-01,0.00000000e+00
4.91491491e+01,2.49375388e+00,6.61469284e+02,9.19510548e+05,4.27946123e+02,1.49998977e-01,2.49998295e-01,5.99995908e-01,0.00000000e+00
4.92492492e+01,2.47575246e+00,6.66788184e+02,9.10303031e+05,4.26733889e+02,1.50001603e-01,2.50002672e-01,6.00006414e-01,0.00000000e+00
4.93493493e+01,2.45736199e+00,6.72061691e+02,9.00883696e+05,4.25477431e+02,1.50002097e-01,2.50003494e-01,6.00008386e-01,0.00000000e+00
4.94494494e+01,2.43858730e+00,6.77285799e+02,8.91179924e+05,4.24146412e+02,1.49998030e-01,2.49996717e-01,5.99992121e-01,0.00000000e+00
4.95495495e+01,2.41946797e+00,6.82561185e+02,8.81313778e+05,4.22775917e+02,1.49994284e-01,2.49990473e-01,5.99977135e-01,0.00000000e+00
4.96496496e+01,2.39960623e+00,6.88040030e+02,8.71260552e+05,4.21408493e+02,1.49995784e-01,2.49992973e-01,5.99983136e-01,0.00000000e+00
4.97497497e+01,2.37818095e+00,6.94198521e+02,8.60685985e+05,4.20004596e+02,1.50009947e-01,2.50016579e-01,6.00039789e-01,0.00000000e+00
4.98498498e+01,2.35511687e+00,7.01179444e+02,8.48913806e+05,4.18319937e+02,1.50008834e-01,2.50014724e-01,6.00035337e-01,0.00000000e+00
4.99499499e+01,2.33840827e+00,7.06639372e+02,8.40550664e+05,9.99164415e+01,8.63759498e-01,1.36240502e-01,0.00000000e+00,0.00000000e+00
5.00500501e+01,2.33281936e+00,7.08928684e+02,8.37629719e+05,1.24554574e+03,0.00000000e+00,2.30000000e-01,7.70000817e-01,0.00000000e+00
5.01501502e+01,2.31661695e+00,7.14177265e+02,8.29491119e+05,1.24206994e+03,0.00000000e+00,2.30000000e-01,7.70001206e-01,0.00000000e+00
5.02502503e+01,2.29916139e+00,7.19612434e+02,8.20749192e+05,1.23831111e+03,0.00000000e+00,2.30000000e-01,7.70000707e-01,0.00000000e+00
5.03503504e+01,2.28168161e+00,7.24982739e+02,8.11995636e+05,1.23449008e+03,0.00000000e+00,2.30000000e-01,7.70000292e-01,0.00000000e+00
5.04504505e+01,2.26423244e+00,7.30210386e+02,8.03305777e+05,1.23069081e+03,0.00000000e+00,2.30000000e-01,7.70000009e-01,0.00000000e+00
5.05505506e+01,2.24671080e+00,7.35320979e+02,7.94627567e+05,1.22688906e+03,0.00000000e+00,2.30000000e-01,7.70000537e-01,0.00000000e+00
5.06506507e+01,2.22910934e+00,7.40344125e+02,7.85945795e+05,1.22306745e+03,0.00000000e+00,2.30000000e-01,7.69999767e-01,0.00000000e+00
5.07507508e+01,2.21188871e+00,7.45450807e+02,7.77500946e+05,1.21934614e+03,0.00000000e+00,2.30000000e-01,7.69999387e-01,0.00000000e+00
5.08508509e+01,2.19531858e+00,7.50715438e+02,7.69385314e+05,1.21572591e+03,0.00000000e+00,2.30000000e-01,7.69999436e-01,0.00000000e+00
5.09509510e+01,2.17920186e+00,7.56070698e+02,7.61486523e+05,1.21214315e+03,0.00000000e+00,2.30000000e-01,7.69999841e-01,0.00000000e+00
5.10510511e+01,2.16332997e+00,7.61459569e+02,7.53709289e+05,1.20856536e+03,0.00000000e+00,2.30000000e-01,7.70000093e-01,0.00000000e+00
5.11511512e+01,2.14759959e+00,7.66859474e+02,7.46015220e+05,1.20498971e+03,0.00000000e+00,2.30000000e-01,7.70000264e-01,0.00000000e+00
5.12512513e+01,2.13191103e+00,7.72248302e+02,7.38372692e+05,1.20142180e+03,0.00000000e+00,2.30000000e-01,7.70000273e-01,0.00000000e+00
5.13513514e+01,2.11616422e+00,7.77601083e+02,7.30748810e+05,1.19786465e+03,0.00000000e+00,2.30000000e-01,7.70000184e-01,0.00000000e+00
5.14514515e+01,2.10030756e+00,7.82894844e+02,7.23107504e+05,1.19428784e+03,0.00000000e+00,2.30000000e-01,7.70000096e-01,0.00000000e+00
5.15515516e+01,2.08432785e+00,7.88111602e+02,7.15422520e+05,1.19065420e+03,0.00000000e+00,2.30000000e-01,7.70000016e-01,0.00000000e+00
5.16516517e+01,2.06822489e+00,7.93245481e+02,7.07688017e+05,1.18695169e+03,0.00000000e+00,2.30000000e-01,7.70000265e-01,0.00000000e+00
5.17517518e+01,2.05202491e+00,7.98312806e+02,6.99931056e+05,1.18321007e+03,0.00000000e+00,2.30000000e-01,7.69999684e-01,0.00000000e+00
5.18518519e+01,2.03606675e+00,8.03436483e+02,6.92334093e+05,1.17954086e+03,0.00000000e+00,2.30000000e-01,7.69999546e-01,0.00000000e+00
5.19519520e+01,2.02055407e+00,8.08672137e+02,6.84961614e+05,1.17593951e+03,0.00000000e+00,2.30000000e-01,7.69999675e-01,0.00000000e+00
5.20520521e+01,2.00534666e+00,8.13974640e+02,6.77751610e+05,1.17238498e+03,0.00000000e+00,2.30000000e-01,7.69999853e-01,0.00000000e+00
5.21521522e+01,1.99034251e+00,8.19310464e+02,6.70654586e+05,1.16885369e+03,0.00000000e+00,2.30000000e-01,7.70000016e-01,0.00000000e+00
5.22522523e+01,1.97549009e+00,8.24661856e+02,6.63643247e+05,1.16532977e+03,0.00000000e+00,2.30000000e-01,7.70000137e-01,0.00000000e+00
5.23523524e+01,1.96074480e+00,8.30017266e+02,6.56698723e+05,1.16180728e+03,0.00000000e+00,2.30000000e-01,7.70000192e-01,0.00000000e+00
5.24524525e+01,1.94603877e+00,8.35362476e+02,6.49800789e+05,1.15829119e+03,0.00000000e+00,2.30000000e-01,7.70000165e-01,0.00000000e+00
5.25525526e+01,1.93131470e+00,8.40684694e+02,6.42934066e+05,1.15478842e+03,0.00000000e+00,2.30000000e-01,7.70000116e-01,0.00000000e+00
5.26526527e+01,1.91653901e+00,8.45972139e+02,6.36080247e+05,1.15128620e+03,0.00000000e+00,2.30000000e-01,7.70000061e-01,0.00000000e+00
5.27527528e+01,1.90170005e+00,8.51215457e+02,6.29226707e+05,1.14776829e+03,0.00000000e+00,2.30000000e-01,7.69999972e-01,0.00000000e+00
5.28528529e+01,1.88681273e+00,8.56412275e+02,6.22371658e+05,1.14422160e+03,0.00000000e+00,2.30000000e-01,7.69999882e-01,0.00000000e+00
5.29529530e+01,1.87192837e+00,8.61563752e+02,6.15523281e+05,1.14062865e+03,0.00000000e+00,2.30000000e-01,7.70000142e-01,0.00000000e+00
5.30530531e+01,1.85713236e+00,8.66692835e+02,6.08726466e+05,1.13702130e+03,0.00000000e+00,2.30000000e-01,7.69999568e-01,0.00000000e+00
5.31531532e+01,1.84261549e+00,8.71870988e+02,6.02067350e+05,1.13344261e+03,0.00000000e+00,2.30000000e-01,7.69999784e-01,0.00000000e+00
5.32532533e+01,1.82833514e+00,8.77085783e+02,5.95529379e+05,1.12989086e+03,0.00000000e+00,2.30000000e-01,7.69999929e-01,0.00000000e+00
5.33533534e+01,1.81421900e+00,8.82320509e+02,5.89083455e+05,1.12635731e+03,0.00000000e+00,2.30000000e-01,7.70000024e-01,0.00000000e+00
5.34534535e+01,1.80022898e+00,8.87570770e+02,5.82710371e+05,1.12283006e+03,0.00000000e+00,2.30000000e-01,7.70000102e-01,0.00000000e+00
5.35535536e+01,1.78632744e+00,8.92832748e+02,5.76394967e+05,1.11930419e+03,0.00000000e+00,2.30000000e-01,7.70000135e-01,0.00000000e+00
5.36536537e+01,1.77247170e+00,8.98097719e+02,5.70128335e+05,1.11578969e+03,0.00000000e+00,2.30000000e-01,7.70000115e-01,0.00000000e+00
5.37537538e+01,1.75864836e+00,9.03346315e+02,5.63907812e+05,1.11229030e+03,0.00000000e+00,2.30000000e-01,7.70000065e-01,0.00000000e+00
5.38538539e+01,1.74485359e+00,9.08564663e+02,5.57728379e+05,1.10879897e+03,0.00000000e+00,2.30000000e-01,7.70000038e-01,0.00000000e+00
5.39539540e+01,1.73107087e+00,9.13751857e+02,5.51578610e+05,1.10530369e+03,0.00000000e+00,2.30000000e-01,7.70000063e-01,0.00000000e+00
5.40540541e+01,1.71726000e+00,9.18914872e+02,5.45438404e+05,1.10178973e+03,0.00000000e+00,2.30000000e-01,7.70000040e-01,0.00000000e+00
5.41541542e+01,1.70338744e+00,9.24062311e+02,5.39294013e+05,1.09824963e+03,0.00000000e+00,2.30000000e-01,7.70000379e-01,0.00000000e+00
5.42542543e+01,1.68956834e+00,9.29183676e+02,5.33199759e+05,1.09472096e+03,0.00000000e+00,2.30000000e-01,7.69999622e-01,0.00000000e+00
5.43543544e+01,1.67606624e+00,9.34350206e+02,5.27258939e+05,1.09124411e+03,0.00000000e+00,2.30000000e-01,7.69999869e-01,0.00000000e+00
5.44544545e+01,1.66286220e+00,9.39572849e+02,5.21470849e+05,1.08783477e+03,0.00000000e+00,2.30000000e-01,7.69999818e-01,0.00000000e+00
5.45545546e+01,1.64989874e+00,9.44852632e+02,5.15812397e+05,1.08448526e+03,0.00000000e+00,2.30000000e-01,7.69999805e-01,0.00000000e+00
5.46546547e+01,1.63712574e+00,9.50177588e+02,5.10244847e+05,1.08114942e+03,0.00000000e+00,2.30000000e-01,7.69999895e-01,0.00000000e+00
5.47547548e+01,1.62449356e+00,9.55531810e+02,5.04746339e+05,1.07781512e+03,0.00000000e+00,2.30000000e-01,7.69999987e-01,0.00000000e+00
5.48548549e+01,1.61199458e+00,9.60894494e+02,4.99317870e+05,1.07449051e+03,0.00000000e+00,2.30000000e-01,7.70000070e-01,0.00000000e+00
5.49549550e+01,1.59961427e+00,9.66255192e+02,4.93944804e+05,1.07115461e+03,0.00000000e+00,2.30000000e-01,7.70000153e-01,0.00000000e+00
5.50550551e+01,1.58729445e+00,9.71614948e+02,4.88607995e+05,1.06780533e+03,0.00000000e+00,2.30000000e-01,7.70000149e-01,0.00000000e+00
5.51551552e+01,1.57497370e+00,9.76977730e+02,4.83297124e+05,1.06446144e+03,0.00000000e+00,2.30000000e-01,7.70000115e-01,0.00000000e+00
5.52552553e+01,1.56261326e+00,9.82341790e+02,4.77996822e+05,1.06111529e+03,0.00000000e+00,2.30000000e-01,7.70000028e-01,0.00000000e+00
5.53553554e+01,1.55020849e+00,9.87703798e+02,4.72704881e+05,1.05776471e+03,0.00000000e+00,2.30000000e-01,7.69999965e-01,0.00000000e+00
5.54554555e+01,1.53786925e+00,9.93000952e+02,4.67450200e+05,1.05439903e+03,0.00000000e+00,2.30000000e-01,7.70000040e-01,0.00000000e+00
5.55555556e+01,1.52559652e+00,9.98221500e+02,4.62228826e+05,1.05100890e+03,0.00000000e+00,2.30000000e-01,7.70000052e-01,0.00000000e+00
5.56556557e+01,1.51332599e+00,1.00339378e+03,4.57027729e+05,1.04760875e+03,0.00000000e+00,2.30000000e-01,7.70000047e-01,0.00000000e+00
5.57557558e+01,1.50100380e+00,1.00854135e+03,4.51830832e+05,1.04419870e+03,0.00000000e+00,2.30000000e-01,7.70000013e-01,0.00000000e+00
5.58558559e+01,1.48861568e+00,1.01370045e+03,4.46632734e+05,1.04077574e+03,0.00000000e+00,2.30000000e-01,7.69999732e-01,0.00000000e+00
5.59559560e+01,1.47636620e+00,1.01887126e+03,4.41507044e+05,1.03736775e+03,0.00000000e+00,2.30000000e-01,7.69999735e-01,0.00000000e+00
5.60560561e+01,1.46433831e+00,1.02406724e+03,4.36471210e+05,1.03395897e+03,0.00000000e+00,2.30000000e-01,7.69999890e-01,0.00000000e+00
5.61561562e+01,1.45248010e+00,1.02926290e+03,4.31521256e+05,1.03057854e+03,0.00000000e+00,2.30000000e-01,7.69999969e-01,0.00000000e+00
5.62562563e+01,1.44076297e+00,1.03445088e+03,4.26654208e+05,1.02724152e+03,0.00000000e+00,2.30000000e-01,7.70000024e-01,0.00000000e+00
5.63563564e+01,1.42916674e+00,1.03963152e+03,4.21848396e+05,1.02391175e+03,0.00000000e+00,2.30000000e-01,7.70000116e-01,0.00000000e+00
5.64564565e+01,1.41765353e+00,1.04480630e+03,4.17078400e+05,1.02055545e+03,0.00000000e+00,2.30000000e-01,7.70000148e-01,0.00000000e+00
5.65565566e+01,1.40615403e+00,1.04999300e+03,4.12332247e+05,1.01719314e+03,0.00000000e+00,2.30000000e-01,7.70000137e-01,0.00000000e+00
5.66566567e+01,1.39461756e+00,1.05519922e+03,4.07597825e+05,1.01383158e+03,0.00000000e+00,2.30000000e-01,7.69999985e-01,0.00000000e+00
5.67567568e+01,1.38303503e+00,1.06043442e+03,4.02869216e+05,1.01046204e+03,0.00000000e+00,2.30000000e-01,7.69999960e-01,0.00000000e+00
5.68568569e+01,1.37152565e+00,1.06563822e+03,3.98191980e+05,1.00711186e+03,0.00000000e+00,2.30000000e-01,7.69999868e-01,0.00000000e+00
5.69569570e+01,1.36020238e+00,1.07079956e+03,3.93592272e+05,1.00376530e+03,0.00000000e+00,2.30000000e-01,7.69999855e-01,0.00000000e+00
5.70570571e+01,1.34908286e+00,1.07594267e+03,3.89080498e+05,1.00043748e+03,0.00000000e+00,2.30000000e-01,7.69999917e-01,0.00000000e+00
5.71571572e+01,1.33810993e+00,1.08107798e+03,3.84659105e+05,9.97179443e+02,0.00000000e+00,2.30000000e-01,7.69999973e-01,0.00000000e+00
5.72572573e+01,1.32722572e+00,1.08623222e+03,3.80298325e+05,9.93959501e+02,0.00000000e+00,2.30000000e-01,7.70000029e-01,0.00000000e+00
5.73573574e+01,1.31639528e+00,1.09142106e+03,3.75955162e+05,9.90692324e+02,0.00000000e+00,2.30000000e-01,7.70000037e-01,0.00000000e+00
5.74574575e+01,1.30558288e+00,1.09666671e+03,3.71624140e+05,9.87389578e+02,0.00000000e+00,2.30000000e-01,7.70000024e-01,0.00000000e+00
5.75575576e+01,1.29485606e+00,1.10190769e+03,3.67345828e+05,9.84107767e+02,0.00000000e+00,2.30000000e-01,7.70000090e-01,0.00000000e+00
5.76576577e+01,1.28419765e+00,1.10713789e+03,3.63105712e+05,9.80822110e+02,0.00000000e+00,2.30000000e-01,7.70000095e-01,0.00000000e+00
5.77577578e+01,1.27354637e+00,1.11238833e+03,3.58885684e+05,9.77530806e+02,0.00000000e+00,2.30000000e-01,7.70000002e-01,0.00000000e+00
5.78578579e+01,1.26291446e+00,1.11764727e+03,3.54700791e+05,9.74265466e+02,0.00000000e+00,2.30000000e-01,7.69999983e-01,0.00000000e+00
5.79579580e+01,1.25237151e+00,1.12286989e+03,3.50576774e+05,9.71044406e+02,0.00000000e+00,2.30000000e-01,7.69999892e-01,0.00000000e+00
5.80580581e+01,1.24197079e+00,1.12806133e+03,3.46517094e+05,9.67837426e+02,0.00000000e+00,2.30000000e-01,7.69999886e-01,0.00000000e+00
5.81581582e+01,1.23170550e+00,1.13325303e+03,3.42524547e+05,9.64659166e+02,0.00000000e+00,2.30000000e-01,7.70000013e-01,0.00000000e+00
5.82582583e+01,1.22152618e+00,1.13846332e+03,3.38585833e+05,9.61512861e+02,0.00000000e+00,2.30000000e-01,7.69999965e-01,0.00000000e+00
5.83583584e+01,1.21141927e+00,1.14370731e+03,3.34692326e+05,9.58385799e+02,0.00000000e+00,2.30000000e-01,7.69999970e-01,0.00000000e+00
5.84584585e+01,1.20139177e+00,1.14897100e+03,3.30840507e+05,9.55263297e+02,0.00000000e+00,2.30000000e-01,7.70000032e-01,0.00000000e+00
5.85585586e+01,1.19142471e+00,1.15425836e+03,3.27014731e+05,9.52115804e+02,0.00000000e+00,2.30000000e-01,7.70000047e-01,0.00000000e+00
5.86586587e+01,1.18148221e+00,1.15959443e+03,3.23187467e+05,9.48891160e+02,0.00000000e+00,2.30000000e-01,7.70000010e-01,0.00000000e+00
5.87587588e+01,1.17162513e+00,1.16491718e+03,3.19421772e+05,9.45725119e+02,0.00000000e+00,2.30000000e-01,7.69999984e-01,0.00000000e+00
5.88588589e+01,1.16191096e+00,1.17017039e+03,3.15746768e+05,9.42660070e+02,0.00000000e+00,2.30000000e-01,7.70000074e-01,0.00000000e+00
5.89589590e+01,1.15230162e+00,1.17537309e+03,3.12111399e+05,9.39577241e+02,0.00000000e+00,2.30000000e-01,7.70000113e-01,0.00000000e+00
5.90590591e+01,1.14273032e+00,1.18056635e+03,3.08495971e+05,9.36471994e+02,0.00000000e+00,2.30000000e-01,7.70000068e-01,0.00000000e+00
5.91591592e+01,1.13315759e+00,1.18577555e+03,3.04890811e+05,9.33346922e+02,0.00000000e+00,2.30000000e-01,7.70000006e-01,0.00000000e+00
5.92592593e+01,1.12361563e+00,1.19096545e+03,3.01306632e+05,9.30207811e+02,0.00000000e+00,2.30000000e-01,7.70000037e-01,0.00000000e+00
5.93593594e+01,1.11412282e+00,1.19610722e+03,2.97748980e+05,9.27056622e+02,0.00000000e+00,2.30000000e-01,7.70000072e-01,0.00000000e+00
5.94594595e+01,1.10462767e+00,1.20123908e+03,2.94203645e+05,9.23891864e+02,0.00000000e+00,2.30000000e-01,7.70000156e-01,0.00000000e+00
5.95595596e+01,1.09507285e+00,1.20638921e+03,2.90651647e+05,9.20701454e+02,0.00000000e+00,2.30000000e-01,7.70000058e-01,0.00000000e+00
5.96596597e+01,1.08540429e+00,1.21160472e+03,2.87073924e+05,9.17468308e+02,0.00000000e+00,2.30000000e-01,7.70000491e-01,0.00000000e+00
5.97597598e+01,1.07577631e+00,1.21681596e+03,2.83522287e+05,9.14228207e+02,0.00000000e+00,2.30000000e-01,7.69999308e-01,0.00000000e+00
5.98598599e+01,1.06647552e+00,1.22196192e+03,2.80086131e+05,9.11024326e+02,0.00000000e+00,2.30000000e-01,7.69999597e-01,0.00000000e+00
5.99599600e+01,1.05737212e+00,1.22708683e+03,2.76746515e+05,9.07911320e+02,0.00000000e+00,2.30000000e-01,7.69999902e-01,0.00000000e+00
6.00600601e+01,1.04833170e+00,1.23225117e+03,2.73430840e+05,9.04769131e+02,0.00000000e+00,2.30000000e-01,7.70000189e-01,0.00000000e+00
6.01601602e+01,1.03932466e+00,1.23746319e+03,2.70134077e+05,9.01606826e+02,0.00000000e+00,2.30000000e-01,7.70000067e-01,0.00000000e+00
6.02602603e+01,1.03042056e+00,1.24268113e+03,2.66883940e+05,8.98456637e+02,0.00000000e+00,2.30000000e-01,7.69999744e-01,0.00000000e+00
6.03603604e+01,1.02166982e+00,1.24786272e+03,2.63697457e+05,8.95332722e+02,0.00000000e+00,2.30000000e-01,7.69999997e-01,0.00000000e+00
6.04604605e+01,1.01304436e+00,1.25298068e+03,2.60582930e+05,8.92291035e+02,0.00000000e+00,2.30000000e-01,7.70000110e-01,0.00000000e+00
6.05605606e+01,1.00447458e+00,1.25809303e+03,2.57496474e+05,8.89244856e+02,0.00000000e+00,2.30000000e-01,7.70000118e-01,0.00000000e+00
6.06606607e+01,9.95899712e-01,1.26324976e+03,2.54417845e+05,8.86178196e+02,0.00000000e+00,2.30000000e-01,7.69999963e-01,0.00000000e+00
6.07607608e+01,9.87303454e-01,1.26847943e+03,2.51335370e+05,8.83063730e+02,0.00000000e+00,2.30000000e-01,7.69999969e-01,0.00000000e+00
6.08608609e+01,9.78795770e-01,1.27367171e+03,2.48295376e+05,8.79965616e+02,0.00000000e+00,2.30000000e-01,7.69999834e-01,0.00000000e+00
6.09609610e+01,9.70405440e-01,1.27882273e+03,2.45324571e+05,8.76954178e+02,0.00000000e+00,2.30000000e-01,7.70000008e-01,0.00000000e+00
6.10610611e+01,9.62094378e-01,1.28395642e+03,2.42396301e+05,8.73971666e+02,0.00000000e+00,2.30000000e-01,7.70000084e-01,0.00000000e+00
6.11611612e+01,9.53809954e-01,1.28912375e+03,2.39476892e+05,8.70945216e+02,0.00000000e+00,2.30000000e-01,7.70000010e-01,0.00000000e+00
6.12612613e+01,9.45519580e-01,1.29436699e+03,2.36552755e+05,8.67853816e+02,0.00000000e+00,2.30000000e-01,7.69999970e-01,0.00000000e+00
6.13613614e+01,9.37294538e-01,1.29960976e+03,2.33656743e+05,8.64751542e+02,0.00000000e+00,2.30000000e-01,7.69999925e-01,0.00000000e+00
6.14614615e+01,9.29202876e-01,1.30477345e+03,2.30840692e+05,8.61769003e+02,0.00000000e+00,2.30000000e-01,7.70000074e-01,0.00000000e+00
6.15615616e+01,9.21200876e-01,1.30988477e+03,2.28063855e+05,8.58798228e+02,0.00000000e+00,2.30000000e-01,7.70000130e-01,0.00000000e+00
6.16616617e+01,9.13227146e-01,1.31500033e+03,2.25303909e+05,8.55813136e+02,0.00000000e+00,2.30000000e-01,7.70000100e-01,0.00000000e+00
6.17617618e+01,9.05248196e-01,1.32014601e+03,2.22554000e+05,8.52818955e+02,0.00000000e+00,2.30000000e-01,7.69999937e-01,0.00000000e+00
6.18618619e+01,8.97264616e-01,1.32533438e+03,2.19813071e+05,8.49810417e+02,0.00000000e+00,2.30000000e-01,7.70000004e-01,0.00000000e+00
6.19619620e+01,8.89341680e-01,1.33048984e+03,2.17098966e+05,8.46794922e+02,0.00000000e+00,2.30000000e-01,7.69999874e-01,0.00000000e+00
6.20620621e+01,8.81514285e-01,1.33560896e+03,2.14432976e+05,8.43822996e+02,0.00000000e+00,2.30000000e-01,7.69999871e-01,0.00000000e+00
6.21621622e+01,8.73770456e-01,1.34072143e+03,2.11815862e+05,8.40911305e+02,0.00000000e+00,2.30000000e-01,7.70000030e-01,0.00000000e+00
6.22622623e+01,8.66070852e-01,1.34585041e+03,2.09222265e+05,8.37999046e+02,0.00000000e+00,2.30000000e-01,7.70000073e-01,0.00000000e+00
6.23623624e+01,8.58376496e-01,1.35104071e+03,2.06631253e+05,8.35039726e+02,0.00000000e+00,2.30000000e-01,7.70000300e-01,0.00000000e+00
6.24624625e+01,8.50651998e-01,1.35633433e+03,2.04021120e+05,8.31979162e+02,0.00000000e+00,2.30000000e-01,7.69999627e-01,0.00000000e+00
6.25625626e+01,8.43039111e-01,1.36159697e+03,2.01466777e+05,8.28981450e+02,0.00000000e+00,2.30000000e-01,7.69999964e-01,0.00000000e+00
6.26626627e+01,8.35550109e-01,1.36676275e+03,1.98981569e+05,8.26093821e+02,0.00000000e+00,2.30000000e-01,7.70000126e-01,0.00000000e+00
6.27627628e+01,8.28098140e-01,1.37193310e+03,1.96512687e+05,8.23185758e+02,0.00000000e+00,2.30000000e-01,7.70000039e-01,0.00000000e+00
6.28628629e+01,8.20639605e-01,1.37717144e+03,1.94046731e+05,8.20243825e+02,0.00000000e+00,2.30000000e-01,7.69999930e-01,0.00000000e+00
6.29629630e+01,8.13240233e-01,1.38238351e+03,1.91605954e+05,8.17295712e+02,0.00000000e+00,2.30000000e-01,7.70000009e-01,0.00000000e+00
6.30630631e+01,8.05895663e-01,1.38757275e+03,1.89199515e+05,8.14385887e+02,0.00000000e+00,2.30000000e-01,7.70000090e-01,0.00000000e+00
6.31631632e+01,7.98590121e-01,1.39276677e+03,1.86816810e+05,8.11485814e+02,0.00000000e+00,2.30000000e-01,7.70000371e-01,0.00000000e+00
6.32632633e+01,7.91370723e-01,1.39792103e+03,1.84462381e+05,8.08569001e+02,0.00000000e+00,2.30000000e-01,7.69999607e-01,0.00000000e+00
6.33633634e+01,7.84305370e-01,1.40302287e+03,1.82161327e+05,8.05675497e+02,0.00000000e+00,2.30000000e-01,7.69999814e-01,0.00000000e+00
6.34634635e+01,7.77343688e-01,1.40807316e+03,1.79914771e+05,8.02865530e+02,0.00000000e+00,2.30000000e-01,7.70000025e-01,0.00000000e+00
6.35635636e+01,7.70414743e-01,1.41314941e+03,1.77686095e+05,8.00051459e+02,0.00000000e+00,2.30000000e-01,7.70000038e-01,0.00000000e+00
6.36636637e+01,7.63507703e-01,1.41826320e+03,1.75466167e+05,7.97203222e+02,0.00000000e+00,2.30000000e-01,7.70000002e-01,0.00000000e+00
6.37637638e+01,7.56611414e-01,1.42343565e+03,1.73248814e+05,7.94303076e+02,0.00000000e+00,2.30000000e-01,7.70000485e-01,0.00000000e+00
6.38638639e+01,7.49750858e-01,1.42862596e+03,1.71044993e+05,7.91375670e+02,0.00000000e+00,2.30000000e-01,7.69999507e-01,0.00000000e+00
6.39639640e+01,7.43025308e-01,1.43376883e+03,1.68895932e+05,7.88505434e+02,0.00000000e+00,2.30000000e-01,7.69999937e-01,0.00000000e+00
6.40640641e+01,7.36405003e-01,1.43881727e+03,1.66795620e+05,7.85700363e+02,0.00000000e+00,2.30000000e-01,7.70000086e-01,0.00000000e+00
6.41641642e+01,7.29820973e-01,1.44386700e+03,1.64709418e+05,7.82872707e+02,0.00000000e+00,2.30000000e-01,7.70000047e-01,0.00000000e+00
6.42642643e+01,7.23267468e-01,1.44891827e+03,1.62638803e+05,7.80035379e+02,0.00000000e+00,2.30000000e-01,7.70000037e-01,0.00000000e+00
6.43643644e+01,7.16748397e-01,1.45395398e+03,1.60587639e+05,7.77202965e+02,0.00000000e+00,2.30000000e-01,7.70000029e-01,0.00000000e+00
6.44644645e+01,7.10247636e-01,1.45899898e+03,1.58550617e+05,7.74367714e+02,0.00000000e+00,2.30000000e-01,7.69999959e-01,0.00000000e+00
6.45645646e+01,7.03760787e-01,1.46407003e+03,1.56531209e+05,7.71551447e+02,0.00000000e+00,2.30000000e-01,7.70000143e-01,0.00000000e+00
6.46646647e+01,6.97300816e-01,1.46916003e+03,1.54530610e+05,7.68747232e+02,0.00000000e+00,2.30000000e-01,7.69999689e-01,0.00000000e+00
6.47647648e+01,6.90893001e-01,1.47428538e+03,1.52548859e+05,7.65926314e+02,0.00000000e+00,2.30000000e-01,7.70000586e-01,0.00000000e+00
6.48648649e+01,6.84507217e-01,1.47945419e+03,1.50577195e+05,7.63080074e+02,0.00000000e+00,2.30000000e-01,7.70000306e-01,0.00000000e+00
6.49649650e+01,6.78225500e-01,1.48461498e+03,1.48636479e+05,7.60222317e+02,0.00000000e+00,2.30000000e-01,7.69999466e-01,0.00000000e+00
6.50650651e+01,6.72131939e-01,1.48965921e+03,1.46759361e+05,7.57426504e+02,0.00000000e+00,2.30000000e-01,7.69999690e-01,0.00000000e+00
6.51651652e+01,6.66150074e-01,1.49463264e+03,1.44933982e+05,7.54722425e+02,0.00000000e+00,2.30000000e-01,7.69999934e-01,0.00000000e+00
6.52652653e+01,6.60233587e-01,1.49956459e+03,1.43147423e+05,7.52098923e+02,0.00000000e+00,2.30000000e-01,7.70000075e-01,0.00000000e+00
6.53653654e+01,6.54364998e-01,1.50445923e+03,1.41382020e+05,7.49485393e+02,0.00000000e+00,2.30000000e-01,7.70000063e-01,0.00000000e+00
6.54654655e+01,6.48496288e-01,1.50941213e+03,1.39618065e+05,7.46832530e+02,0.00000000e+00,2.30000000e-01,7.69999940e-01,0.00000000e+00
6.55655656e+01,6.42652541e-01,1.51437884e+03,1.37864195e+05,7.44156603e+02,0.00000000e+00,2.30000000e-01,7.70000001e-01,0.00000000e+00
6.56656657e+01,6.36858362e-01,1.51930055e+03,1.36135488e+05,7.41510949e+02,0.00000000e+00,2.30000000e-01,7.70000017e-01,0.00000000e+00
6.57657658e+01,6.31082756e-01,1.52424541e+03,1.34418276e+05,7.38857550e+02,0.00000000e+00,2.30000000e-01,7.70000833e-01,0.00000000e+00
6.58658659e+01,6.25338815e-01,1.52916763e+03,1.32717711e+05,7.36211687e+02,0.00000000e+00,2.30000000e-01,7.69999708e-01,0.00000000e+00
6.59659660e+01,6.19717576e-01,1.53403954e+03,1.31058919e+05,7.33604760e+02,0.00000000e+00,2.30000000e-01,7.69999345e-01,0.00000000e+00
6.60660661e+01,6.14205588e-01,1.53887970e+03,1.29432342e+05,7.31000948e+02,0.00000000e+00,2.30000000e-01,7.70000414e-01,0.00000000e+00
6.61661662e+01,6.08737992e-01,1.54369351e+03,1.27821527e+05,7.28387078e+02,0.00000000e+00,2.30000000e-01,7.70000987e-01,0.00000000e+00
6.62662663e+01,6.03360183e-01,1.54844167e+03,1.26248348e+05,7.25835461e+02,0.00000000e+00,2.30000000e-01,7.69999902e-01,0.00000000e+00
6.63663664e+01,5.98149239e-01,1.55314909e+03,1.24728099e+05,7.23342877e+02,0.00000000e+00,2.30000000e-01,7.69999150e-01,0.00000000e+00
6.64664665e+01,5.93097932e-01,1.55782391e+03,1.23250979e+05,7.20863878e+02,0.00000000e+00,2.30000000e-01,7.69999515e-01,0.00000000e+00
6.65665666e+01,5.88150438e-01,1.56242228e+03,1.21795894e+05,7.18345199e+02,0.00000000e+00,2.30000000e-01,7.70000242e-01,0.00000000e+00
6.66666667e+01,5.83263331e-01,1.56693250e+03,1.20374859e+05,7.15912584e+02,0.00000000e+00,2.30000000e-01,7.70000452e-01,0.00000000e+00
6.67667668e+01,5.78456025e-01,1.57134520e+03,1.19008624e+05,7.13669047e+02,0.00000000e+00,2.30000000e-01,7.70000678e-01,0.00000000e+00
6.68668669e+01,5.73777372e-01,1.57562843e+03,1.17690618e+05,7.11519647e+02,0.00000000e+00,2.30000000e-01,7.70001365e-01,0.00000000e+00
6.69669670e+01,5.69281837e-01,1.57976861e+03,1.16421244e+05,7.09404166e+02,0.00000000e+00,2.30000000e-01,7.70000568e-01,0.00000000e+00
6.70670671e+01,5.65078272e-01,1.58376080e+03,1.15218757e+05,7.07300640e+02,0.00000000e+00,2.30000000e-01,7.69999117e-01,0.00000000e+00
6.71671672e+01,5.61249374e-01,1.58750868e+03,1.14100479e+05,7.05214065e+02,0.00000000e+00,2.30000000e-01,7.69999360e-01,0.00000000e+00
6.72672673e+01,5.57771797e-01,1.59087643e+03,1.13076103e+05,7.03239051e+02,0.00000000e+00,2.30000000e-01,7.70000853e-01,0.00000000e+00
6.73673674e+01,5.54597564e-01,1.59382753e+03,1.12166573e+05,7.01574814e+02,0.00000000e+00,2.30000000e-01,7.70001309e-01,0.00000000e+00
6.74674675e+01,5.51767015e-01,1.59640864e+03,1.11400027e+05,7.00355245e+02,0.00000000e+00,2.30000000e-01,7.70000578e-01,0.00000000e+00
6.75675676e+01,5.49381783e-01,1.59861208e+03,1.10780872e+05,6.99486877e+02,0.00000000e+00,2.30000000e-01,7.70000076e-01,0.00000000e+00
6.76676677e+01,5.47511743e-01,1.60036191e+03,1.10287772e+05,6.98752144e+02,0.00000000e+00,2.30000000e-01,7.69999665e-01,0.00000000e+00
6.77677678e+01,5.46166743e-01,1.60163749e+03,1.09904874e+05,6.98041587e+02,0.00000000e+00,2.30000000e-01,7.69998845e-01,0.00000000e+00
6.78678679e+01,5.45294465e-01,1.60251561e+03,1.09630352e+05,6.97412104e+02,0.00000000e+00,2.30000000e-01,7.69998474e-01,0.00000000e+00
6.79679680e+01,5.44776941e-01,1.60309321e+03,1.09454383e+05,6.96953899e+02,0.00000000e+00,2.30000000e-01,7.69998811e-01,0.00000000e+00
6.80680681e+01,5.44475226e-01,1.60344299e+03,1.09354616e+05,6.96704048e+02,0.00000000e+00,2.30000000e-01,7.69999422e-01,0.00000000e+00
6.81681682e+01,5.44280030e-01,1.60361839e+03,1.09306855e+05,6.96648989e+02,0.00000000e+00,2.30000000e-01,7.70000155e-01,0.00000000e+00
6.82682683e+01,5.44130420e-01,1.60365891e+03,1.09286474e+05,6.96710005e+02,0.00000000e+00,2.30000000e-01,7.70000988e-01,0.00000000e+00
6.83683684e+01,5.44021903e-01,1.60359705e+03,1.09280426e+05,6.96811540e+02,0.00000000e+00,2.30000000e-01,7.69999419e-01,0.00000000e+00
6.84684685e+01,5.43997400e-01,1.60353114e+03,1.09284992e+05,6.96872238e+02,0.00000000e+00,2.30000000e-01,7.69999143e-01,0.00000000e+00
6.85685686e+01,5.44041781e-01,1.60345876e+03,1.09301773e+05,6.96922102e+02,0.00000000e+00,2.30000000e-01,7.69999545e-01,0.00000000e+00
6.86686687e+01,5.44174372e-01,1.60328989e+03,1.09345420e+05,6.97030365e+02,0.00000000e+00,2.30000000e-01,7.69999767e-01,0.00000000e+00
6.87687688e+01,5.44415300e-01,1.60301701e+03,1.09420280e+05,6.97198810e+02,0.00000000e+00,2.30000000e-01,7.69999876e-01,0.00000000e+00
6.88688689e+01,5.44774356e-01,1.60263954e+03,1.09528198e+05,6.97426404e+02,0.00000000e+00,2.30000000e-01,7.69999961e-01,0.00000000e+00
6.89689690e+01,5.45253840e-01,1.60216074e+03,1.09669171e+05,6.97709915e+02,0.00000000e+00,2.30000000e-01,7.70000028e-01,0.00000000e+00
6.90690691e+01,5.45848708e-01,1.60159025e+03,1.09841056e+05,6.98041828e+02,0.00000000e+00,2.30000000e-01,7.70000105e-01,0.00000000e+00
6.91691692e+01,5.46545820e-01,1.60094496e+03,1.10039301e+05,6.98409624e+02,0.00000000e+00,2.30000000e-01,7.70000250e-01,0.00000000e+00
6.92692693e+01,5.47321462e-01,1.60024261e+03,1.10255876e+05,6.98792935e+02,0.00000000e+00,2.30000000e-01,7.69999640e-01,0.00000000e+00
6.93693694e+01,5.48096909e-01,1.59958179e+03,1.10467313e+05,6.99142104e+02,0.00000000e+00,2.30000000e-01,7.70000138e-01,0.00000000e+00
6.94694695e+01,5.48764008e-01,1.59903499e+03,1.10656947e+05,6.99491044e+02,0.00000000e+00,2.30000000e-01,7.69999971e-01,0.00000000e+00
6.95695696e+01,5.49332243e-01,1.59856163e+03,1.10828461e+05,6.99850377e+02,0.00000000e+00,2.30000000e-01,7.70000208e-01,0.00000000e+00
6.96696697e+01,5.49803755e-01,1.59814860e+03,1.10979211e+05,7.00201140e+02,0.00000000e+00,2.30000000e-01,7.70000439e-01,0.00000000e+00
6.97697698e+01,5.50195457e-01,1.59778868e+03,1.11108705e+05,7.00519344e+02,0.00000000e+00,2.30000000e-01,7.70000076e-01,0.00000000e+00
6.98698699e+01,5.50545053e-01,1.59746957e+03,1.11221377e+05,7.00784702e+02,0.00000000e+00,2.30000000e-01,7.69999711e-01,0.00000000e+00
6.99699700e+01,5.50864939e-01,1.59717728e+03,1.11319091e+05,7.00992975e+02,0.00000000e+00,2.30000000e-01,7.69999855e-01,0.00000000e+00
7.00700701e+01,5.51137012e-01,1.59690216e+03,1.11399452e+05,7.01152452e+02,0.00000000e+00,2.30000000e-01,7.70000223e-01,0.00000000e+00
7.01701702e+01,5.51349836e-01,1.59664109e+03,1.11461746e+05,7.01273672e+02,0.00000000e+00,2.30000000e-01,7.70000311e-01,0.00000000e+00
7.02702703e+01,5.51516976e-01,1.59640025e+03,1.11509836e+05,7.01363739e+02,0.00000000e+00,2.30000000e-01,7.70000143e-01,0.00000000e+00
7.03703704e+01,5.51662061e-01,1.59618049e+03,1.11550188e+05,7.01433097e+02,0.00000000e+00,2.30000000e-01,7.70000032e-01,0.00000000e+00
7.04704705e+01,5.51797775e-01,1.59597877e+03,1.11586702e+05,7.01490150e+02,0.00000000e+00,2.30000000e-01,7.70000003e-01,0.00000000e+00
7.05705706e+01,5.51926424e-01,1.59579659e+03,1.11619973e+05,7.01535761e+02,0.00000000e+00,2.30000000e-01,7.69999987e-01,0.00000000e+00
7.06706707e+01,5.52047926e-01,1.59563761e+03,1.11649886e+05,7.01569330e+02,0.00000000e+00,2.30000000e-01,7.69999968e-01,0.00000000e+00
7.07707708e+01,5.52164974e-01,1.59550075e+03,1.11677303e+05,7.01592863e+02,0.00000000e+00,2.30000000e-01,7.69999958e-01,0.00000000e+00
7.08708709e+01,5.52281355e-01,1.59538400e+03,1.11702739e+05,7.01604785e+02,0.00000000e+00,2.30000000e-01,7.69999948e-01,0.00000000e+00
7.09709710e+01,5.52401161e-01,1.59528699e+03,1.11725486e+05,7.01595707e+02,0.00000000e+00,2.30000000e-01,7.69999613e-01,0.00000000e+00
7.10710711e+01,5.52517897e-01,1.59522772e+03,1.11743374e+05,7.01559515e+02,0.00000000e+00,2.30000000e-01,7.69999981e-01,0.00000000e+00
7.11711712e+01,5.52598895e-01,1.59519359e+03,1.11761315e+05,7.01569111e+02,0.00000000e+00,2.30000000e-01,7.70000251e-01,0.00000000e+00
7.12712713e+01,5.52638776e-01,1.59515715e+03,1.11776048e+05,7.01610958e+02,0.00000000e+00,2.30000000e-01,7.70000257e-01,0.00000000e+00
7.13713714e+01,5.52655688e-01,1.59511848e+03,1.11788734e+05,7.01669251e+02,0.00000000e+00,2.30000000e-01,7.70000069e-01,0.00000000e+00
7.14714715e+01,5.52664923e-01,1.59508514e+03,1.11801859e+05,7.01739931e+02,0.00000000e+00,2.30000000e-01,7.70000028e-01,0.00000000e+00
7.15715716e+01,5.52669102e-01,1.59505343e+03,1.11816025e+05,7.01823495e+02,0.00000000e+00,2.30000000e-01,7.70000088e-01,0.00000000e+00
7.16716717e+01,5.52665417e-01,1.59501354e+03,1.11831365e+05,7.01924402e+02,0.00000000e+00,2.30000000e-01,7.70000173e-01,0.00000000e+00
7.17717718e+01,5.52639035e-01,1.59497013e+03,1.11849795e+05,7.02073572e+02,0.00000000e+00,2.30000000e-01,7.70000204e-01,0.00000000e+00
7.18718719e+01,5.52586137e-01,1.59495051e+03,1.11870408e+05,7.02270648e+02,0.00000000e+00,2.30000000e-01,7.69999553e-01,0.00000000e+00
7.19719720e+01,5.52549787e-01,1.59495203e+03,1.11890905e+05,7.02445257e+02,0.00000000e+00,2.30000000e-01,7.69999921e-01,0.00000000e+00
7.20720721e+01,5.52521317e-01,1.59495167e+03,1.11916680e+05,7.02643152e+02,0.00000000e+00,2.30000000e-01,7.70000094e-01,0.00000000e+00
7.21721722e+01,5.52488840e-01,1.59494553e+03,1.11941078e+05,7.02837393e+02,0.00000000e+00,2.30000000e-01,7.70000438e-01,0.00000000e+00
7.22722723e+01,5.52423789e-01,1.59492395e+03,1.11968355e+05,7.03091354e+02,0.00000000e+00,2.30000000e-01,7.70000555e-01,0.00000000e+00
7.23723724e+01,5.52279285e-01,1.59489975e+03,1.11997497e+05,7.03458534e+02,0.00000000e+00,2.30000000e-01,7.70000312e-01,0.00000000e+00
7.24724725e+01,5.52025119e-01,1.59488597e+03,1.12023001e+05,7.03942945e+02,0.00000000e+00,2.30000000e-01,7.69999957e-01,0.00000000e+00
7.25725726e+01,5.51662060e-01,1.59488456e+03,1.12043395e+05,7.04534591e+02,0.00000000e+00,2.30000000e-01,7.69999780e-01,0.00000000e+00
7.26726727e+01,5.51208590e-01,1.59488930e+03,1.12059597e+05,7.05216121e+02,0.00000000e+00,2.30000000e-01,7.69999841e-01,0.00000000e+00
7.27727728e+01,5.50679862e-01,1.59489363e+03,1.12072564e+05,7.05974770e+02,0.00000000e+00,2.30000000e-01,7.70000030e-01,0.00000000e+00
7.28728729e+01,5.50075969e-01,1.59489394e+03,1.12082450e+05,7.06812016e+02,0.00000000e+00,2.30000000e-01,7.70000225e-01,0.00000000e+00
7.29729730e+01,5.49381388e-01,1.59488842e+03,1.12089064e+05,7.07747294e+02,0.00000000e+00,2.30000000e-01,7.70000363e-01,0.00000000e+00
7.30730731e+01,5.48569623e-01,1.59487546e+03,1.12092452e+05,7.08815977e+02,0.00000000e+00,2.30000000e-01,7.70000439e-01,0.00000000e+00
7.31731732e+01,5.47608064e-01,1.59485352e+03,1.12093038e+05,7.10064298e+02,0.00000000e+00,2.30000000e-01,7.70000469e-01,0.00000000e+00
7.32732733e+01,5.46461452e-01,1.59482173e+03,1.12091457e+05,7.11544150e+02,0.00000000e+00,2.30000000e-01,7.70000467e-01,0.00000000e+00
7.33733734e+01,5.45094254e-01,1.59478037e+03,1.12088380e+05,7.13309277e+02,0.00000000e+00,2.30000000e-01,7.70000442e-01,0.00000000e+00
7.34734735e+01,5.43472414e-01,1.59473085e+03,1.12084455e+05,7.15412923e+02,0.00000000e+00,2.30000000e-01,7.70000402e-01,0.00000000e+00
7.35735736e+01,5.41564626e-01,1.59467552e+03,1.12080298e+05,7.17906542e+02,0.00000000e+00,2.30000000e-01,7.70000354e-01,0.00000000e+00
7.36736737e+01,5.39342980e-01,1.59461747e+03,1.12076515e+05,7.20839420e+02,0.00000000e+00,2.30000000e-01,7.70000312e-01,0.00000000e+00
7.37737738e+01,5.36782688e-01,1.59456038e+03,1.12073712e+05,7.24259509e+02,0.00000000e+00,2.30000000e-01,7.70000293e-01,0.00000000e+00
7.38738739e+01,5.33860539e-01,1.59450826e+03,1.12072500e+05,7.28215936e+02,0.00000000e+00,2.30000000e-01,7.70000318e-01,0.00000000e+00
7.39739740e+01,5.30551918e-01,1.59446507e+03,1.12073475e+05,7.32763536e+02,0.00000000e+00,2.30000000e-01,7.70000404e-01,0.00000000e+00
7.40740741e+01,5.26826548e-01,1.59443431e+03,1.12077168e+05,7.37969350e+02,0.00000000e+00,2.30000000e-01,7.70000562e-01,0.00000000e+00
7.41741742e+01,5.22643547e-01,1.59441861e+03,1.12083962e+05,7.43920643e+02,0.00000000e+00,2.30000000e-01,7.70000789e-01,0.00000000e+00
7.42742743e+01,5.17946671e-01,1.59441936e+03,1.12094013e+05,7.50733805e+02,0.00000000e+00,2.30000000e-01,7.70001073e-01,0.00000000e+00
7.43743744e+01,5.12660542e-01,1.59443657e+03,1.12107178e+05,7.58563576e+02,0.00000000e+00,2.30000000e-01,7.70001394e-01,0.00000000e+00
7.44744745e+01,5.06688395e-01,1.59446889e+03,1.12123001e+05,7.67612541e+02,0.00000000e+00,2.30000000e-01,7.70001731e-01,0.00000000e+00
7.45745746e+01,4.99911379e-01,1.59451374e+03,1.12140752e+05,7.78141537e+02,0.00000000e+00,2.30000000e-01,7.70002068e-01,0.00000000e+00
7.46746747e+01,4.92189080e-01,1.59456773e+03,1.12159519e+05,7.90482341e+02,0.00000000e+00,2.30000000e-01,7.70002398e-01,0.00000000e+00
7.47747748e+01,4.83360816e-01,1.59462701e+03,1.12178324e+05,8.05054668e+02,0.00000000e+00,2.30000000e-01,7.70002716e-01,0.00000000e+00
7.48748749e+01,4.73247421e-01,1.59468777e+03,1.12196248e+05,8.22389981e+02,0.00000000e+00,2.30000000e-01,7.70003014e-01,0.00000000e+00
7.49749750e+01,4.61653645e-01,1.59474653e+03,1.12212526e+05,8.43165219e+02,0.00000000e+00,2.30000000e-01,7.70003277e-01,0.00000000e+00
7.50750751e+01,4.48371770e-01,1.59480046e+03,1.12226603e+05,8.68250587e+02,0.00000000e+00,2.30000000e-01,7.70003472e-01,0.00000000e+00
7.51751752e+01,4.33187315e-01,1.59484743e+03,1.12238149e+05,8.98777639e+02,0.00000000e+00,2.30000000e-01,7.70003545e-01,0.00000000e+00
7.52752753e+01,4.15887737e-01,1.59488603e+03,1.12247015e+05,9.36237936e+02,0.00000000e+00,2.30000000e-01,7.70003425e-01,0.00000000e+00
7.53753754e+01,3.96274758e-01,1.59491548e+03,1.12253176e+05,9.82629863e+02,0.00000000e+00,2.30000000e-01,7.70003020e-01,0.00000000e+00
7.54754755e+01,3.74180370e-01,1.59493505e+03,1.12256624e+05,1.04068443e+03,0.00000000e+00,2.30000000e-01,7.70002236e-01,0.00000000e+00
7.55755756e+01,3.49485525e-01,1.59494200e+03,1.12256957e+05,1.11422463e+03,0.00000000e+00,2.30000000e-01,7.70000895e-01,0.00000000e+00
7.56756757e+01,3.22139465e-01,1.59494209e+03,1.12274208e+05,1.20892824e+03,0.00000000e+00,2.30000000e-01,7.70055077e-01,0.00000000e+00
7.57757758e+01,2.92588620e-01,1.59497912e+03,1.12250662e+05,1.33083135e+03,0.00000000e+00,2.30000000e-01,7.69994490e-01,0.00000000e+00
7.58758759e+01,2.65731827e-01,1.59493085e+03,1.12252151e+05,1.46536799e+03,0.00000000e+00,2.30000000e-01,7.69985413e-01,0.00000000e+00
7.59759760e+01,2.43773352e-01,1.59490212e+03,1.12249360e+05,1.59732910e+03,0.00000000e+00,2.30000000e-01,7.69982825e-01,0.00000000e+00
7.60760761e+01,2.26196982e-01,1.59487472e+03,1.12245720e+05,1.72139512e+03,0.00000000e+00,2.30000000e-01,7.69980980e-01,0.00000000e+00
7.61761762e+01,2.12426312e-01,1.59484584e+03,1.12242210e+05,1.83292891e+03,0.00000000e+00,2.30000000e-01,7.69980669e-01,0.00000000e+00
7.62762763e+01,2.01867271e-01,1.59480703e+03,1.12237112e+05,1.92871414e+03,0.00000000e+00,2.30000000e-01,7.69981626e-01,0.00000000e+00
7.63763764e+01,1.93949779e-01,1.59475374e+03,1.12229842e+05,2.00731544e+03,0.00000000e+00,2.30000000e-01,7.69983269e-01,0.00000000e+00
7.64764765e+01,1.88155408e-01,1.59469884e+03,1.12222354e+05,2.06898997e+03,0.00000000e+00,2.30000000e-01,7.69985157e-01,0.00000000e+00
7.65765766e+01,1.84029458e-01,1.59466020e+03,1.12217893e+05,2.11528802e+03,0.00000000e+00,2.30000000e-01,7.69987329e-01,0.00000000e+00
7.66766767e+01,1.81182243e-01,1.59463611e+03,1.12216287e+05,2.14849272e+03,0.00000000e+00,2.30000000e-01,7.69989842e-01,0.00000000e+00
7.67767768e+01,1.79288850e-01,1.59461166e+03,1.12214550e+05,2.17114360e+03,0.00000000e+00,2.30000000e-01,7.69991997e-01,0.00000000e+00
7.68768769e+01,1.78090726e-01,1.59458575e+03,1.12212515e+05,2.18570709e+03,0.00000000e+00,2.30000000e-01,7.69993543e-01,0.00000000e+00
7.69769770e+01,1.77385460e-01,1.59456679e+03,1.12211639e+05,2.19437688e+03,0.00000000e+00,2.30000000e-01,7.69994972e-01,0.00000000e+00
7.70770771e+01,1.77012965e-01,1.59454383e+03,1.12209859e+05,2.19895620e+03,0.00000000e+00,2.30000000e-01,7.69996518e-01,0.00000000e+00
7.71771772e+01,1.76849297e-01,1.59449910e+03,1.12204346e+05,2.20088174e+03,0.00000000e+00,2.30000000e-01,7.69997122e-01,0.00000000e+00
7.72772773e+01,1.76804396e-01,1.59445699e+03,1.12199388e+05,2.20134149e+03,0.00000000e+00,2.30000000e-01,7.69997966e-01,0.00000000e+00
7.73773774e+01,1.76809599e-01,1.59444409e+03,1.12198851e+05,2.20126463e+03,0.00000000e+00,2.30000000e-01,7.69998645e-01,0.00000000e+00
7.74774775e+01,1.76852465e-01,1.59442858e+03,1.12198309e+05,2.20071973e+03,0.00000000e+00,2.30000000e-01,7.69998965e-01,0.00000000e+00
7.75775776e+01,1.76957991e-01,1.59441482e+03,1.12197629e+05,2.19939321e+03,0.00000000e+00,2.30000000e-01,7.69999332e-01,0.00000000e+00
7.76776777e+01,1.77143031e-01,1.59440323e+03,1.12196960e+05,2.19708162e+03,0.00000000e+00,2.30000000e-01,7.69999794e-01,0.00000000e+00
7.77777778e+01,1.77413442e-01,1.59439353e+03,1.12196634e+05,2.19372532e+03,0.00000000e+00,2.30000000e-01,7.70000313e-01,0.00000000e+00
7.78778779e+01,1.77762575e-01,1.59438435e+03,1.12195696e+05,2.18940294e+03,0.00000000e+00,2.30000000e-01,7.69998315e-01,0.00000000e+00
7.79779780e+01,1.78152420e-01,1.59437835e+03,1.12196839e+05,2.18462681e+03,0.00000000e+00,2.30000000e-01,7.70001606e-01,0.00000000e+00
7.80780781e+01,1.78463337e-01,1.59437736e+03,1.12197320e+05,2.18083127e+03,0.00000000e+00,2.30000000e-01,7.70001093e-01,0.00000000e+00
7.81781782e+01,1.78693030e-01,1.59437033e+03,1.12197242e+05,2.17802710e+03,0.00000000e+00,2.30000000e-01,7.70000833e-01,0.00000000e+00
7.82782783e+01,1.78868649e-01,1.59436109e+03,1.12195548e+05,2.17585649e+03,0.00000000e+00,2.30000000e-01,7.70000516e-01,0.00000000e+00
7.83783784e+01,1.79011220e-01,1.59434950e+03,1.12194344e+05,2.17410077e+03,0.00000000e+00,2.30000000e-01,7.70000268e-01,0.00000000e+00
7.84784785e+01,1.79133334e-01,1.59434154e+03,1.12194440e+05,2.17262077e+03,0.00000000e+00,2.30000000e-01,7.70000177e-01,0.00000000e+00
7.85785786e+01,1.79242164e-01,1.59433525e+03,1.12195299e+05,2.17131851e+03,0.00000000e+00,2.30000000e-01,7.70000064e-01,0.00000000e+00
7.86786787e+01,1.79342430e-01,1.59432874e+03,1.12196436e+05,2.17012707e+03,0.00000000e+00,2.30000000e-01,7.69999840e-01,0.00000000e+00
7.87787788e+01,1.79435132e-01,1.59432974e+03,1.12197296e+05,2.16902245e+03,0.00000000e+00,2.30000000e-01,7.69999878e-01,0.00000000e+00
7.88788789e+01,1.79517185e-01,1.59433232e+03,1.12196531e+05,2.16801567e+03,0.00000000e+00,2.30000000e-01,7.70000141e-01,0.00000000e+00
7.89789790e+01,1.79586577e-01,1.59432504e+03,1.12194116e+05,2.16713157e+03,0.00000000e+00,2.30000000e-01,7.70000026e-01,0.00000000e+00
7.90790791e+01,1.79647040e-01,1.59430448e+03,1.12191484e+05,2.16635145e+03,0.00000000e+00,2.30000000e-01,7.69999983e-01,0.00000000e+00
7.91791792e+01,1.79699263e-01,1.59427106e+03,1.12187378e+05,2.16564226e+03,0.00000000e+00,2.30000000e-01,7.70000144e-01,0.00000000e+00
7.92792793e+01,1.79741480e-01,1.59423528e+03,1.12181603e+05,2.16502207e+03,0.00000000e+00,2.30000000e-01,7.70000182e-01,0.00000000e+00
7.93793794e+01,1.79776300e-01,1.59420448e+03,1.12176312e+05,2.16450100e+03,0.00000000e+00,2.30000000e-01,7.70000023e-01,0.00000000e+00
7.94794795e+01,1.79808147e-01,1.59418096e+03,1.12171722e+05,2.16402916e+03,0.00000000e+00,2.30000000e-01,7.69999979e-01,0.00000000e+00
7.95795796e+01,1.79838448e-01,1.59415851e+03,1.12168357e+05,2.16359952e+03,0.00000000e+00,2.30000000e-01,7.70000038e-01,0.00000000e+00
7.96796797e+01,1.79866453e-01,1.59413887e+03,1.12166579e+05,2.16322836e+03,0.00000000e+00,2.30000000e-01,7.70000040e-01,0.00000000e+00
7.97797798e+01,1.79892165e-01,1.59413005e+03,1.12165779e+05,2.16290383e+03,0.00000000e+00,2.30000000e-01,7.69999998e-01,0.00000000e+00
7.98798799e+01,1.79916470e-01,1.59413377e+03,1.12165934e+05,2.16261467e+03,0.00000000e+00,2.30000000e-01,7.69999980e-01,0.00000000e+00
7.99799800e+01,1.79940176e-01,1.59414727e+03,1.12167252e+05,2.16235528e+03,0.00000000e+00,2.30000000e-01,7.69999929e-01,0.00000000e+00
8.00800801e+01,1.79964752e-01,1.59416530e+03,1.12170354e+05,2.16211962e+03,0.00000000e+00,2.30000000e-01,7.70000004e-01,0.00000000e+00
8.01801802e+01,1.79989232e-01,1.59417979e+03,1.12174435e+05,2.16190435e+03,0.00000000e+00,2.30000000e-01,7.69999938e-01,0.00000000e+00
8.02802803e+01,1.80012614e-01,1.59418514e+03,1.12176996e+05,2.16167289e+03,0.00000000e+00,2.30000000e-01,7.69999936e-01,0.00000000e+00
8.03803804e+01,1.80032849e-01,1.59418571e+03,1.12177300e+05,2.16143551e+03,0.00000000e+00,2.30000000e-01,7.70000061e-01,0.00000000e+00
8.04804805e+01,1.80048014e-01,1.59418374e+03,1.12175889e+05,2.16122632e+03,0.00000000e+00,2.30000000e-01,7.70000043e-01,0.00000000e+00
8.05805806e+01,1.80059980e-01,1.59417557e+03,1.12174329e+05,2.16105273e+03,0.00000000e+00,2.30000000e-01,7.69999996e-01,0.00000000e+00
8.06806807e+01,1.80070031e-01,1.59415971e+03,1.12172577e+05,2.16089832e+03,0.00000000e+00,2.30000000e-01,7.70000013e-01,0.00000000e+00
8.07807808e+01,1.80077819e-01,1.59413811e+03,1.12170943e+05,2.16077341e+03,0.00000000e+00,2.30000000e-01,7.70000010e-01,0.00000000e+00
8.08808809e+01,1.80082526e-01,1.59412144e+03,1.12169063e+05,2.16068056e+03,0.00000000e+00,2.30000000e-01,7.70000076e-01,0.00000000e+00
8.09809810e+01,1.80085364e-01,1.59410106e+03,1.12165539e+05,2.16057850e+03,0.00000000e+00,2.30000000e-01,7.70000131e-01,0.00000000e+00
8.10810811e+01,1.80086651e-01,1.59406811e+03,1.12158459e+05,2.16042542e+03,0.00000000e+00,2.30000000e-01,7.70000700e-01,0.00000000e+00
8.11811812e+01,1.80078456e-01,1.59395914e+03,1.12141588e+05,2.16019517e+03,0.00000000e+00,2.30000000e-01,7.70002310e-01,0.00000000e+00
8.12812813e+01,1.80025800e-01,1.59361332e+03,1.12087476e+05,2.15977345e+03,0.00000000e+00,2.30000000e-01,7.70007208e-01,0.00000000e+00
8.13813814e+01,1.79821382e-01,1.59251837e+03,1.11907767e+05,2.15872682e+03,0.00000000e+00,2.30000000e-01,7.70023021e-01,0.00000000e+00
8.14814815e+01,1.79132084e-01,1.58895010e+03,1.11322459e+05,2.15558535e+03,0.00000000e+00,2.30000000e-01,7.70074414e-01,0.00000000e+00
8.15815816e+01,1.76875247e-01,1.57729033e+03,1.09417160e+05,2.14537166e+03,0.00000000e+00,2.30000000e-01,7.70234691e-01,0.00000000e+00
8.16816817e+01,1.69670235e-01,1.53841256e+03,1.03305991e+05,2.11054877e+03,0.00000000e+00,2.30000000e-01,7.70701508e-01,0.00000000e+00
8.17817818e+01,1.47257851e-01,1.40308410e+03,8.37733654e+04,1.97323005e+03,0.00000000e+00,2.29302154e-01,7.70697846e-01,0.00000000e+00
8.18818819e+01,8.97080691e-02,9.21645941e+02,3.75638193e+04,1.45270496e+03,0.00000000e+00,2.30899655e-01,7.69100345e-01,0.00000000e+00
8.19819820e+01,4.38690010e-02,2.05515863e+02,6.97376310e+03,5.51536884e+02,0.00000000e+00,2.31365160e-01,7.68634840e-01,0.00000000e+00
8.20820821e+01,3.52630198e-02,9.45466175e+00,3.11500074e+03,3.06597435e+02,0.00000000e+00,2.30000000e-01,7.69461605e-01,0.00000000e+00
8.21821822e+01,3.47068898e-02,2.10318167e-01,3.00244832e+03,3.00093906e+02,0.00000000e+00,2.30000000e-01,7.69981544e-01,0.00000000e+00
8.22822823e+01,3.46892222e-02,4.41880500e-03,3.00005095e+03,3.00001481e+02,0.00000000e+00,2.30000000e-01,7.69999437e-01,0.00000000e+00
8.23823824e+01,3.46887940e-02,9.12000228e-05,3.00000106e+03,3.00000027e+02,0.00000000e+00,2.30000000e-01,7.69999986e-01,0.00000000e+00
8.24824825e+01,3.46887845e-02,1.87228616e-06,3.00000002e+03,3.00000001e+02,0.00000000e+00,2.30000000e-01,7.70000000e-01,0.00000000e+00
8.25825826e+01,3.46887843e-02,3.83869739e-08,3.00000000e+03,3.00000000e+02,0.00000000e+00,2.30000000e-01,7.70000000e-01,0.00000000e+00
8.26826827e+01,3.46887843e-02,7.87073575e-10,3.00000000e+03,3.00000000e+02,0.00000000e+00,2.30000000e-01,7.70000000e-01,0.00000000e+00
8.27827828e+01,3.46887843e-02,1.61232351e-11,3.00000000e+03,3.00000000e+02,0.00000000e+00,2.30000000e-01,7.70000000e-01,0.00000000e+00
8.28828829e+01,3.46887843e-02,3.28117635e-13,3.00000000e+03,3.00000000e+02,0.00000000e+00,2.30000000e-01,7.70000000e-01,0.00000000e+00
8.29829830e+01,3.46887843e-02,6.20065138e-15,3.00000000e+03,3.00000000e+02,0.00000000e+00,2.30000000e-01,7.70000000e-01,0.00000000e+00
8.30830831e+01,3.46887843e-02,0.00000000e+00,3.00000000e+03,3.00000000e+02,0.00000000e+00,2.30000000e-01,7.70000000e-01,0.00000000e+00
8.31831832e+01,3.46887843e-02,0.00000000e+00,3.00000000e+03,3.00000000e+02,0.00000000e+00,2.30000000e-01,7.70000000e-01,0.00000000e+00
8.32832833e+01,3.46887843e-02,0.00000000e+00,3.00000000e+03,3.00000000e+02,0.00000000e+00,2.30000000e-01,7.70000000e-01,0.00000000e+00
8.33833834e+01,3.46887843e-02,0.00000000e+00,3.00000000e+03,3.00000000e+02,0.00000000e+00,2.30000000e-01,7.70000000e-01,0.00000000e+00
8.34834835e+01,3.46887843e-02,0.00000000e+00,3.00000000e+03,3.00000000e+02,0.00000000e+00,2.30000000e-01,7.70000000e-01,0.00000000e+00
8.35835836e+01,3.46887843e-02,0.00000000e+00,3.00000000e+03,3.00000000e+02,0.00000000e+00,2.30000000e-01,7.70000000e-01,0.00000000e+00
8.36836837e+01,3.46887843e-02,0.00000000e+00,3.00000000e+03,3.00000000e+02,0.00000000e+00,2.30000000e-01,7.70000000e-01,0.00000000e+00
8.37837838e+01,3.46887843e-02,0.00000000e+00,3.00000000e+03,3.00000000e+02,0.00000000e+00,2.30000000e-01,7.70000000e-01,0.00000000e+00
8.38838839e+01,3.46887843e-02,0.00000000e+00,3.00000000e+03,3.00000000e+02,0.00000000e+00,2.30000000e-01,7.70000000e-01,0.00000000e+00
8.39839840e+01,3.46887843e-02,0.00000000e+00,3.00000000e+03,3.00000000e+02,0.00000000e+00,2.30000000e-01,7.70000000e-01,0.00000000e+00
8.40840841e+01,3.46887843e-02,0.00000000e+00,3.00000000e+03,3.00000000e+02,0.00000000e+00,2.30000000e-01,7.70000000e-01,0.00000000e+00
8.41841842e+01,3.46887843e-02,0.00000000e+00,3.00000000e+03,3.00000000e+02,0.00000000e+00,2.30000000e-01,7.70000000e-01,0.00000000e+00
8.42842843e+01,3.46887843e-02,0.00000000e+00,3.00000000e+03,3.00000000e+02,0.00000000e+00,2.30000000e-01,7.70000000e-01,0.00000000e+00
8.43843844e+01,3.46887843e-02,0.00000000e+00,3.00000000e+03,3.00000000e+02,0.00000000e+00,2.30000000e-01,7.70000000e-01,0.00000000e+00
8.44844845e+01,3.46887843e-02,0.00000000e+00,3.00000000e+03,3.00000000e+02,0.00000000e+00,2.30000000e-01,7.70000000e-01,0.00000000e+00
8.45845846e+01,3.46887843e-02,0.00000000e+00,3.00000000e+03,3.00000000e+02,0.00000000e+00,2.30000000e-01,7.70000000e-01,0.00000000e+00
8.46846847e+01,3.46887843e-02,0.00000000e+00,3.00000000e+03,3.00000000e+02,0.00000000e+00,2.30000000e-01,7.70000000e-01,0.00000000e+00
8.47847848e+01,3.46887843e-02,0.00000000e+00,3.00000000e+03,3.00000000e+02,0.00000000e+00,2.30000000e-01,7.70000000e-01,0.00000000e+00
8.48848849e+01,3.46887843e-02,0.00000000e+00,3.00000000e+03,3.00000000e+02,0.00000000e+00,2.30000000e-01,7.70000000e-01,0.00000000e+00
8.49849850e+01,3.46887843e-02,0.00000000e+00,3.00000000e+03,3.00000000e+02,0.00000000e+00,2.30000000e-01,7.70000000e-01,0.00000000e+00
8.50850851e+01,3.46887843e-02,0.00000000e+00,3.00000000e+03,3.00000000e+02,0.00000000e+00,2.30000000e-01,7.70000000e-01,0.00000000e+00
8.51851852e+01,3.46887843e-02,0.00000000e+00,3.00000000e+03,3.00000000e+02,0.00000000e+00,2.30000000e-01,7.70000000e-01,0.00000000e+00
8.52852853e+01,3.46887843e-02,0.00000000e+00,3.00000000e+03,3.00000000e+02,0.00000000e+00,2.30000000e-01,7.70000000e-01,0.00000000e+00
8.53853854e+01,3.46887843e-02,0.00000000e+00,3.00000000e+03,3.00000000e+02,0.00000000e+00,2.30000000e-01,7.70000000e-01,0.00000000e+00
8.54854855e+01,3.46887843e-02,0.00000000e+00,3.00000000e+03,3.00000000e+02,0.00000000e+00,2.30000000e-01,7.70000000e-01,0.00000000e+00
8.55855856e+01,3.46887843e-02,0.00000000e+00,3.00000000e+03,3.00000000e+02,0.00000000e+00,2.30000000e-01,7.70000000e-01,0.00000000e+00
8.56856857e+01,3.46887843e-02,0.00000000e+00,3.00000000e+03,3.00000000e+02,0.00000000e+00,2.30000000e-01,7.70000000e-01,0.00000000e+00
8.57857858e+01,3.46887843e-02,0.00000000e+00,3.00000000e+03,3.00000000e+02,0.00000000e+00,2.30000000e-01,7.70000000e-01,0.00000000e+00
8.58858859e+01,3.46887843e-02,0.00000000e+00,3.00000000e+03,3.00000000e+02,0.00000000e+00,2.30000000e-01,7.70000000e-01,0.00000000e+00
8.59859860e+01,3.46887843e-02,0.00000000e+00,3.00000000e+03,3.00000000e+02,0.00000000e+00,2.30000000e-01,7.70000000e-01,0.00000000e+00
8.60860861e+01,3.46887843e-02,0.00000000e+00,3.00000000e+03,3.00000000e+02,0.00000000e+00,2.30000000e-01,7.70000000e-01,0.00000000e+00
8.61861862e+01,3.46887843e-02,0.00000000e+00,3.00000000e+03,3.00000000e+02,0.00000000e+00,2.30000000e-01,7.70000000e-01,0.00000000e+00
8.62862863e+01,3.46887843e-02,0.00000000e+00,3.00000000e+03,3.00000000e+02,0.00000000e+00,2.30000000e-01,7.70000000e-01,0.00000000e+00
8.63863864e+01,3.46887843e-02,0.00000000e+00,3.00000000e+03,3.00000000e+02,0.00000000e+00,2.30000000e-01,7.70000000e-01,0.00000000e+00
8.64864865e+01,3.46887843e-02,0.00000000e+00,3.00000000e+03,3.00000000e+02,0.00000000e+00,2.30000000e-01,7.70000000e-01,0.00000000e+00
8.65865866e+01,3.46887843e-02,0.00000000e+00,3.00000000e+03,3.00000000e+02,0.00000000e+00,2.30000000e-01,7.70000000e-01,0.00000000e+00
8.66866867e+01,3.46887843e-02,0.00000000e+00,3.00000000e+03,3.00000000e+02,0.00000000e+00,2.30000000e-01,7.70000000e-01,0.00000000e+00
8.67867868e+01,3.46887843e-02,0.00000000e+00,3.00000000e+03,3.00000000e+02,0.00000000e+00,2.30000000e-01,7.70000000e-01,0.00000000e+00
8.68868869e+01,3.46887843e-02,0.00000000e+00,3.00000000e+03,3.00000000e+02,0.00000000e+00,2.30000000e-01,7.70000000e-01,0.00000000e+00
8.69869870e+01,3.46887843e-02,0.00000000e+00,3.00000000e+03,3.00000000e+02,0.00000000e+00,2.30000000e-01,7.70000000e-01,0.00000000e+00
8.70870871e+01,3.46887843e-02,0.00000000e+00,3.00000000e+03,3.00000000e+02,0.00000000e+00,2.30000000e-01,7.70000000e-01,0.00000000e+00
8.71871872e+01,3.46887843e-02,0.00000000e+00,3.00000000e+03,3.00000000e+02,0.00000000e+00,2.30000000e-01,7.70000000e-01,0.00000000e+00
8.72872873e+01,3.46887843e-02,0.00000000e+00,3.00000000e+03,3.00000000e+02,0.00000000e+00,2.30000000e-01,7.70000000e-01,0.00000000e+00
8.73873874e+01,3.46887843e-02,0.00000000e+00,3.00000000e+03,3.00000000e+02,0.00000000e+00,2.30000000e-01,7.70000000e-01,0.00000000e+00
8.74874875e+01,3.46887843e-02,0.00000000e+00,3.00000000e+03,3.00000000e+02,0.00000000e+00,2.30000000e-01,7.70000000e-01,0.00000000e+00
8.75875876e+01,3.46887843e-02,0.00000000e+00,3.00000000e+03,3.00000000e+02,0.00000000e+00,2.30000000e-01,7.70000000e-01,0.00000000e+00
8.76876877e+01,3.46887843e-02,0.00000000e+00,3.00000000e+03,3.00000000e+02,0.00000000e+00,2.30000000e-01,7.70000000e-01,0.00000000e+00
8.77877878e+01,3.46887843e-02,0.00000000e+00,3.00000000e+03,3.00000000e+02,0.00000000e+00,2.30000000e-01,7.70000000e-01,0.00000000e+00
8.78878879e+01,3.46887843e-02,0.00000000e+00,3.00000000e+03,3.00000000e+02,0.00000000e+00,2.30000000e-01,7.70000000e-01,0.00000000e+00
8.79879880e+01,3.46887843e-02,0.00000000e+00,3.00000000e+03,3.00000000e+02,0.00000000e+00,2.30000000e-01,7.70000000e-01,0.00000000e+00
8.80880881e+01,3.46887843e-02,0.00000000e+00,3.00000000e+03,3.00000000e+02,0.00000000e+00,2.30000000e-01,7.70000000e-01,0.00000000e+00
8.81881882e+01,3.46887843e-02,0.00000000e+00,3.00000000e+03,3.00000000e+02,0.00000000e+00,2.30000000e-01,7.70000000e-01,0.00000000e+00
8.82882883e+01,3.46887843e-02,0.00000000e+00,3.00000000e+03,3.00000000e+02,0.00000000e+00,2.30000000e-01,7.70000000e-01,0.00000000e+00
8.83883884e+01,3.46887843e-02,0.00000000e+00,3.00000000e+03,3.00000000e+02,0.00000000e+00,2.30000000e-01,7.70000000e-01,0.00000000e+00
8.84884885e+01,3.46887843e-02,0.00000000e+00,3.00000000e+03,3.00000000e+02,0.00000000e+00,2.30000000e-01,7.70000000e-01,0.00000000e+00
8.85885886e+01,3.46887843e-02,0.00000000e+00,3.00000000e+03,3.00000000e+02,0.00000000e+00,2.30000000e-01,7.70000000e-01,0.00000000e+00
8.86886887e+01,3.46887843e-02,0.00000000e+00,3.00000000e+03,3.00000000e+02,0.00000000e+00,2.30000000e-01,7.70000000e-01,0.00000000e+00
8.87887888e+01,3.46887843e-02,0.00000000e+00,3.00000000e+03,3.00000000e+02,0.00000000e+00,2.30000000e-01,7.70000000e-01,0.00000000e+00
8.88888889e+01,3.46887843e-02,0.00000000e+00,3.00000000e+03,3.00000000e+02,0.00000000e+00,2.30000000e-01,7.70000000e-01,0.00000000e+00
8.89889890e+01,3.46887843e-02,0.00000000e+00,3.00000000e+03,3.00000000e+02,0.00000000e+00,2.30000000e-01,7.70000000e-01,0.00000000e+00
8.90890891e+01,3.46887843e-02,0.00000000e+00,3.00000000e+03,3.00000000e+02,0.00000000e+00,2.30000000e-01,7.70000000e-01,0.00000000e+00
8.91891892e+01,3.46887843e-02,0.00000000e+00,3.00000000e+03,3.00000000e+02,0.00000000e+00,2.30000000e-01,7.70000000e-01,0.00000000e+00
8.92892893e+01,3.46887843e-02,0.00000000e+00,3.00000000e+03,3.00000000e+02,0.00000000e+00,2.30000000e-01,7.70000000e-01,0.00000000e+00
8.93893894e+01,3.46887843e-02,0.00000000e+00,3.00000000e+03,3.00000000e+02,0.00000000e+00,2.30000000e-01,7.70000000e-01,0.00000000e+00
8.94894895e+01,3.46887843e-02,0.00000000e+00,3.00000000e+03,3.00000000e+02,0.00000000e+00,2.30000000e-01,7.70000000e-01,0.00000000e+00
8.95895896e+01,3.46887843e-02,0.00000000e+00,3.00000000e+03,3.00000000e+02,0.00000000e+00,2.30000000e-01,7.70000000e-01,0.00000000e+00
8.96896897e+01,3.46887843e-02,0.00000000e+00,3.00000000e+03,3.00000000e+02,0.00000000e+00,2.30000000e-01,7.70000000e-01,0.00000000e+00
8.97897898e+01,3.46887843e-02,0.00000000e+00,3.00000000e+03,3.00000000e+02,0.00000000e+00,2.30000000e-01,7.70000000e-01,0.00000000e+00
8.98898899e+01,3.46887843e-02,0.00000000e+00,3.00000000e+03,3.00000000e+02,0.00000000e+00,2.30000000e-01,7.70000000e-01,0.00000000e+00
8.99899900e+01,3.46887843e-02,0.00000000e+00,3.00000000e+03,3.00000000e+02,0.00000000e+00,2.30000000e-01,7.70000000e-01,0.00000000e+00
9.00900901e+01,3.46887843e-02,0.00000000e+00,3.00000000e+03,3.00000000e+02,0.00000000e+00,2.30000000e-01,7.70000000e-01,0.00000000e+00
9.01901902e+01,3.46887843e-02,0.00000000e+00,3.00000000e+03,3.00000000e+02,0.00000000e+00,2.30000000e-01,7.70000000e-01,0.00000000e+00
9.02902903e+01,3.46887843e-02,0.00000000e+00,3.00000000e+03,3.00000000e+02,0.00000000e+00,2.30000000e-01,7.70000000e-01,0.00000000e+00
9.03903904e+01,3.46887843e-02,0.00000000e+00,3.00000000e+03,3.00000000e+02,0.00000000e+00,2.30000000e-01,7.70000000e-01,0.00000000e+00
9.04904905e+01,3.46887843e-02,0.00000000e+00,3.00000000e+03,3.00000000e+02,0.00000000e+00,2.30000000e-01,7.70000000e-01,0.00000000e+00
9.05905906e+01,3.46887843e-02,0.00000000e+00,3.00000000e+03,3.00000000e+02,0.00000000e+00,2.30000000e-01,7.70000000e-01,0.00000000e+00
9.06906907e+01,3.46887843e-02,0.00000000e+00,3.00000000e+03,3.00000000e+02,0.00000000e+00,2.30000000e-01,7.70000000e-01,0.00000000e+00
9.07907908e+01,3.46887843e-02,0.00000000e+00,3.00000000e+03,3.00000000e+02,0.00000000e+00,2.30000000e-01,7.70000000e-01,0.00000000e+00
9.08908909e+01,3.46887843e-02,0.00000000e+00,3.00000000e+03,3.00000000e+02,0.00000000e+00,2.30000000e-01,7.70000000e-01,0.00000000e+00
9.09909910e+01,3.46887843e-02,0.00000000e+00,3.00000000e+03,3.00000000e+02,0.00000000e+00,2.30000000e-01,7.70000000e-01,0.00000000e+00
9.10910911e+01,3.46887843e-02,0.00000000e+00,3.00000000e+03,3.00000000e+02,0.00000000e+00,2.30000000e-01,7.70000000e-01,0.00000000e+00
9.11911912e+01,3.46887843e-02,0.00000000e+00,3.00000000e+03,3.00000000e+02,0.00000000e+00,2.30000000e-01,7.70000000e-01,0.00000000e+00
9.12912913e+01,3.46887843e-02,0.00000000e+00,3.00000000e+03,3.00000000e+02,0.00000000e+00,2.30000000e-01,7.70000000e-01,0.00000000e+00
9.13913914e+01,3.46887843e-02,0.00000000e+00,3.00000000e+03,3.00000000e+02,0.00000000e+00,2.30000000e-01,7.70000000e-01,0.00000000e+00
9.14914915e+01,3.46887843e-02,0.00000000e+00,3.00000000e+03,3.00000000e+02,0.00000000e+00,2.30000000e-01,7.70000000e-01,0.00000000e+00
9.15915916e+01,3.46887843e-02,0.00000000e+00,3.00000000e+03,3.00000000e+02,0.00000000e+00,2.30000000e-01,7.70000000e-01,0.00000000e+00
9.16916917e+01,3.46887843e-02,0.00000000e+00,3.00000000e+03,3.00000000e+02,0.00000000e+00,2.30000000e-01,7.70000000e-01,0.00000000e+00
9.17917918e+01,3.46887843e-02,0.00000000e+00,3.00000000e+03,3.00000000e+02,0.00000000e+00,2.30000000e-01,7.70000000e-01,0.00000000e+00
9.18918919e+01,3.46887843e-02,0.00000000e+00,3.00000000e+03,3.00000000e+02,0.00000000e+00,2.30000000e-01,7.70000000e-01,0.00000000e+00
9.19919920e+01,3.46887843e-02,0.00000000e+00,3.00000000e+03,3.00000000e+02,0.00000000e+00,2.30000000e-01,7.70000000e-01,0.00000000e+00
9.20920921e+01,3.46887843e-02,0.00000000e+00,3.00000000e+03,3.00000000e+02,0.00000000e+00,2.30000000e-01,7.70000000e-01,0.00000000e+00
9.21921922e+01,3.46887843e-02,0.00000000e+00,3.00000000e+03,3.00000000e+02,0.00000000e+00,2.30000000e-01,7.70000000e-01,0.00000000e+00
9.22922923e+01,3.46887843e-02,0.00000000e+00,3.00000000e+03,3.00000000e+02,0.00000000e+00,2.30000000e-01,7.70000000e-01,0.00000000e+00
9.23923924e+01,3.46887843e-02,0.00000000e+00,3.00000000e+03,3.00000000e+02,0.00000000e+00,2.30000000e-01,7.70000000e-01,0.00000000e+00
9.24924925e+01,3.46887843e-02,0.00000000e+00,3.00000000e+03,3.00000000e+02,0.00000000e+00,2.30000000e-01,7.70000000e-01,0.00000000e+00
9.25925926e+01,3.46887843e-02,0.00000000e+00,3.00000000e+03,3.00000000e+02,0.00000000e+00,2.30000000e-01,7.70000000e-01,0.00000000e+00
9.26926927e+01,3.46887843e-02,0.00000000e+00,3.00000000e+03,3.00000000e+02,0.00000000e+00,2.30000000e-01,7.70000000e-01,0.00000000e+00
9.27927928e+01,3.46887843e-02,0.00000000e+00,3.00000000e+03,3.00000000e+02,0.00000000e+00,2.30000000e-01,7.70000000e-01,0.00000000e+00
9.28928929e+01,3.46887843e-02,0.00000000e+00,3.00000000e+03,3.00000000e+02,0.00000000e+00,2.30000000e-01,7.70000000e-01,0.00000000e+00
9.29929930e+01,3.46887843e-02,0.00000000e+00,3.00000000e+03,3.00000000e+02,0.00000000e+00,2.30000000e-01,7.70000000e-01,0.00000000e+00
9.30930931e+01,3.46887843e-02,0.00000000e+00,3.00000000e+03,3.00000000e+02,0.00000000e+00,2.30000000e-01,7.70000000e-01,0.00000000e+00
9.31931932e+01,3.46887843e-02,0.00000000e+00,3.00000000e+03,3.00000000e+02,0.00000000e+00,2.30000000e-01,7.70000000e-01,0.00000000e+00
9.32932933e+01,3.46887843e-02,0.00000000e+00,3.00000000e+03,3.00000000e+02,0.00000000e+00,2.30000000e-01,7.70000000e-01,0.00000000e+00
9.33933934e+01,3.46887843e-02,0.00000000e+00,3.00000000e+03,3.00000000e+02,0.00000000e+00,2.30000000e-01,7.70000000e-01,0.00000000e+00
9.34934935e+01,3.46887843e-02,0.00000000e+00,3.00000000e+03,3.00000000e+02,0.00000000e+00,2.30000000e-01,7.70000000e-01,0.00000000e+00
9.35935936e+01,3.46887843e-02,0.00000000e+00,3.00000000e+03,3.00000000e+02,0.00000000e+00,2.30000000e-01,7.70000000e-01,0.00000000e+00
9.36936937e+01,3.46887843e-02,0.00000000e+00,3.00000000e+03,3.00000000e+02,0.00000000e+00,2.30000000e-01,7.70000000e-01,0.00000000e+00
9.37937938e+01,3.46887843e-02,0.00000000e+00,3.00000000e+03,3.00000000e+02,0.00000000e+00,2.30000000e-01,7.70000000e-01,0.00000000e+00
9.38938939e+01,3.46887843e-02,0.00000000e+00,3.00000000e+03,3.00000000e+02,0.00000000e+00,2.30000000e-01,7.70000000e-01,0.00000000e+00
9.39939940e+01,3.46887843e-02,0.00000000e+00,3.00000000e+03,3.00000000e+02,0.00000000e+00,2.30000000e-01,7.70000000e-01,0.00000000e+00
9.40940941e+01,3.46887843e-02,0.00000000e+00,3.00000000e+03,3.00000000e+02,0.00000000e+00,2.30000000e-01,7.70000000e-01,0.00000000e+00
9.41941942e+01,3.46887843e-02,0.00000000e+00,3.00000000e+03,3.00000000e+02,0.00000000e+00,2.30000000e-01,7.70000000e-01,0.00000000e+00
9.42942943e+01,3.46887843e-02,0.00000000e+00,3.00000000e+03,3.00000000e+02,0.00000000e+00,2.30000000e-01,7.70000000e-01,0.00000000e+00
9.43943944e+01,3.46887843e-02,0.00000000e+00,3.00000000e+03,3.00000000e+02,0.00000000e+00,2.30000000e-01,7.70000000e-01,0.00000000e+00
9.44944945e+01,3.46887843e-02,0.00000000e+00,3.00000000e+03,3.00000000e+02,0.00000000e+00,2.30000000e-01,7.70000000e-01,0.00000000e+00
9.45945946e+01,3.46887843e-02,0.00000000e+00,3.00000000e+03,3.00000000e+02,0.00000000e+00,2.30000000e-01,7.70000000e-01,0.00000000e+00
9.46946947e+01,3.46887843e-02,0.00000000e+00,3.00000000e+03,3.00000000e+02,0.00000000e+00,2.30000000e-01,7.70000000e-01,0.00000000e+00
9.47947948e+01,3.46887843e-02,0.00000000e+00,3.00000000e+03,3.00000000e+02,0.00000000e+00,2.30000000e-01,7.70000000e-01,0.00000000e+00
9.48948949e+01,3.46887843e-02,0.00000000e+00,3.00000000e+03,3.00000000e+02,0.00000000e+00,2.30000000e-01,7.70000000e-01,0.00000000e+00
9.49949950e+01,3.46887843e-02,0.00000000e+00,3.00000000e+03,3.00000000e+02,0.00000000e+00,2.30000000e-01,7.70000000e-01,0.00000000e+00
9.50950951e+01,3.46887843e-02,0.00000000e+00,3.00000000e+03,3.00000000e+02,0.00000000e+00,2.30000000e-01,7.70000000e-01,0.00000000e+00
9.51951952e+01,3.46887843e-02,0.00000000e+00,3.00000000e+03,3.00000000e+02,0.00000000e+00,2.30000000e-01,7.70000000e-01,0.00000000e+00
9.52952953e+01,3.46887843e-02,0.00000000e+00,3.00000000e+03,3.00000000e+02,0.00000000e+00,2.30000000e-01,7.70000000e-01,0.00000000e+00
9.53953954e+01,3.46887843e-02,0.00000000e+00,3.00000000e+03,3.00000000e+02,0.00000000e+00,2.30000000e-01,7.70000000e-01,0.00000000e+00
9.54954955e+01,3.46887843e-02,0.00000000e+00,3.00000000e+03,3.00000000e+02,0.00000000e+00,2.30000000e-01,7.70000000e-01,0.00000000e+00
9.55955956e+01,3.46887843e-02,0.00000000e+00,3.00000000e+03,3.00000000e+02,0.00000000e+00,2.30000000e-01,7.70000000e-01,0.00000000e+00
9.56956957e+01,3.46887843e-02,0.00000000e+00,3.00000000e+03,3.00000000e+02,0.00000000e+00,2.30000000e-01,7.70000000e-01,0.00000000e+00
9.57957958e+01,3.46887843e-02,0.00000000e+00,3.00000000e+03,3.00000000e+02,0.00000000e+00,2.30000000e-01,7.70000000e-01,0.00000000e+00
9.58958959e+01,3.46887843e-02,0.00000000e+00,3.00000000e+03,3.00000000e+02,0.00000000e+00,2.30000000e-01,7.70000000e-01,0.00000000e+00
9.59959960e+01,3.46887843e-02,0.00000000e+00,3.00000000e+03,3.00000000e+02,0.00000000e+00,2.30000000e-01,7.70000000e-01,0.00000000e+00
9.60960961e+01,3.46887843e-02,0.00000000e+00,3.00000000e+03,3.00000000e+02,0.00000000e+00,2.30000000e-01,7.70000000e-01,0.00000000e+00
9.61961962e+01,3.46887843e-02,0.00000000e+00,3.00000000e+03,3.00000000e+02,0.00000000e+00,2.30000000e-01,7.70000000e-01,0.00000000e+00
9.62962963e+01,3.46887843e-02,0.00000000e+00,3.00000000e+03,3.00000000e+02,0.00000000e+00,2.30000000e-01,7.70000000e-01,0.00000000e+00
9.63963964e+01,3.46887843e-02,0.00000000e+00,3.00000000e+03,3.00000000e+02,0.00000000e+00,2.30000000e-01,7.70000000e-01,0.00000000e+00
9.64964965e+01,3.46887843e-02,0.00000000e+00,3.00000000e+03,3.00000000e+02,0.00000000e+00,2.30000000e-01,7.70000000e-01,0.00000000e+00
9.65965966e+01,3.46887843e-02,0.00000000e+00,3.00000000e+03,3.00000000e+02,0.00000000e+00,2.30000000e-01,7.70000000e-01,0.00000000e+00
9.66966967e+01,3.46887843e-02,0.00000000e+00,3.00000000e+03,3.00000000e+02,0.00000000e+00,2.30000000e-01,7.70000000e-01,0.00000000e+00
9.67967968e+01,3.46887843e-02,0.00000000e+00,3.00000000e+03,3.00000000e+02,0.00000000e+00,2.30000000e-01,7.70000000e-01,0.00000000e+00
9.68968969e+01,3.46887843e-02,0.00000000e+00,3.00000000e+03,3.00000000e+02,0.00000000e+00,2.30000000e-01,7.70000000e-01,0.00000000e+00
9.69969970e+01,3.46887843e-02,0.00000000e+00,3.00000000e+03,3.00000000e+02,0.00000000e+00,2.30000000e-01,7.70000000e-01,0.00000000e+00
9.70970971e+01,3.46887843e-02,0.00000000e+00,3.00000000e+03,3.00000000e+02,0.00000000e+00,2.30000000e-01,7.70000000e-01,0.00000000e+00
9.71971972e+01,3.46887843e-02,0.00000000e+00,3.00000000e+03,3.00000000e+02,0.00000000e+00,2.30000000e-01,7.70000000e-01,0.00000000e+00
9.72972973e+01,3.46887843e-02,0.00000000e+00,3.00000000e+03,3.00000000e+02,0.00000000e+00,2.30000000e-01,7.70000000e-01,0.00000000e+00
9.73973974e+01,3.46887843e-02,0.00000000e+00,3.00000000e+03,3.00000000e+02,0.00000000e+00,2.30000000e-01,7.70000000e-01,0.00000000e+00
9.74974975e+01,3.46887843e-02,0.00000000e+00,3.00000000e+03,3.00000000e+02,0.00000000e+00,2.30000000e-01,7.70000000e-01,0.00000000e+00
9.75975976e+01,3.46887843e-02,0.00000000e+00,3.00000000e+03,3.00000000e+02,0.00000000e+00,2.30000000e-01,7.70000000e-01,0.00000000e+00
9.76976977e+01,3.46887843e-02,0.00000000e+00,3.00000000e+03,3.00000000e+02,0.00000000e+00,2.30000000e-01,7.70000000e-01,0.00000000e+00
9.77977978e+01,3.46887843e-02,0.00000000e+00,3.00000000e+03,3.00000000e+02,0.00000000e+00,2.30000000e-01,7.70000000e-01,0.00000000e+00
9.78978979e+01,3.46887843e-02,0.00000000e+00,3.00000000e+03,3.00000000e+02,0.00000000e+00,2.30000000e-01,7.70000000e-01,0.00000000e+00
9.79979980e+01,3.46887843e-02,0.00000000e+00,3.00000000e+03,3.00000000e+02,0.00000000e+00,2.30000000e-01,7.70000000e-01,0.00000000e+00
9.80980981e+01,3.46887843e-02,0.00000000e+00,3.00000000e+03,3.00000000e+02,0.00000000e+00,2.30000000e-01,7.70000000e-01,0.00000000e+00
9.81981982e+01,3.46887843e-02,0.00000000e+00,3.00000000e+03,3.00000000e+02,0.00000000e+00,2.30000000e-01,7.70000000e-01,0.00000000e+00
9.82982983e+01,3.46887843e-02,0.00000000e+00,3.00000000e+03,3.00000000e+02,0.00000000e+00,2.30000000e-01,7.70000000e-01,0.00000000e+00
9.83983984e+01,3.46887843e-02,0.00000000e+00,3.00000000e+03,3.00000000e+02,0.00000000e+00,2.30000000e-01,7.70000000e-01,0.00000000e+00
9.84984985e+01,3.46887843e-02,0.00000000e+00,3.00000000e+03,3.00000000e+02,0.00000000e+00,2.30000000e-01,7.70000000e-01,0.00000000e+00
9.85985986e+01,3.46887843e-02,0.00000000e+00,3.00000000e+03,3.00000000e+02,0.00000000e+00,2.30000000e-01,7.70000000e-01,0.00000000e+00
9.86986987e+01,3.46887843e-02,0.00000000e+00,3.00000000e+03,3.00000000e+02,0.00000000e+00,2.30000000e-01,7.70000000e-01,0.00000000e+00
9.87987988e+01,3.46887843e-02,0.00000000e+00,3.00000000e+03,3.00000000e+02,0.00000000e+00,2.30000000e-01,7.70000000e-01,0.00000000e+00
9.88988989e+01,3.46887843e-02,0.00000000e+00,3.00000000e+03,3.00000000e+02,0.00000000e+00,2.30000000e-01,7.70000000e-01,0.00000000e+00
9.89989990e+01,3.46887843e-02,0.00000000e+00,3.00000000e+03,3.00000000e+02,0.00000000e+00,2.30000000e-01,7.70000000e-01,0.00000000e+00
9.90990991e+01,3.46887843e-02,0.00000000e+00,3.00000000e+03,3.00000000e+02,0.00000000e+00,2.30000000e-01,7.70000000e-01,0.00000000e+00
9.91991992e+01,3.46887843e-02,0.00000000e+00,3.00000000e+03,3.00000000e+02,0.00000000e+00,2.30000000e-01,7.70000000e-01,0.00000000e+00
9.92992993e+01,3.46887843e-02,0.00000000e+00,3.00000000e+03,3.00000000e+02,0.00000000e+00,2.30000000e-01,7.70000000e-01,0.00000000e+00
9.93993994e+01,3.46887843e-02,0.00000000e+00,3.00000000e+03,3.00000000e+02,0.00000000e+00,2.30000000e-01,7.70000000e-01,0.00000000e+00
9.94994995e+01,3.46887843e-02,0.00000000e+00,3.00000000e+03,3.00000000e+02,0.00000000e+00,2.30000000e-01,7.70000000e-01,0.00000000e+00
9.95995996e+01,3.46887843e-02,0.00000000e+00,3.00000000e+03,3.00000000e+02,0.00000000e+00,2.30000000e-01,7.70000000e-01,0.00000000e+00
9.96996997e+01,3.46887843e-02,0.00000000e+00,3.00000000e+03,3.00000000e+02,0.00000000e+00,2.30000000e-01,7.70000000e-01,0.00000000e+00
9.97997998e+01,3.46887843e-02,0.00000000e+00,3.00000000e+03,3.00000000e+02,0.00000000e+00,2.30000000e-01,7.70000000e-01,0.00000000e+00
9.98998999e+01,3.46887843e-02,0.00000000e+00,3.00000000e+03,3.00000000e+02,0.00000000e+00,2.30000000e-01,7.70000000e-01,0.00000000e+00
1.00000000e+02,3.46887843e-02,-0.00000000e+00,3.00000000e+03,3.00000000e+02,0.00000000e+00,2.30000000e-01,7.70000000e-01,0.00000000e+00
