# x(m), rho(kg/m3), u(m/s), p(Pa), T(K), Y_H2, Y_O2, Y_N2, Y_H2O
0.00000000e+00,5.80300589e+00,-0.00000000e+00,3.00000000e+06,6.00000000e+02,1.50000000e-01,2.50000000e-01,6.00000000e-01,0.00000000e+00
1.00100100e-01,5.80300589e+00,0.00000000e+00,3.00000000e+06,6.00000000e+02,1.50000000e-01,2.50000000e-01,6.00000000e-01,0.00000000e+00
2.00200200e-01,5.80300589e+00,0.00000000e+00,3.00000000e+06,6.00000000e+02,1.50000000e-01,2.50000000e-01,6.00000000e-01,0.00000000e+00
3.00300300e-01,5.80300589e+00,0.00000000e+00,3.00000000e+06,6.00000000e+02,1.50000000e-01,2.50000000e-01,6.00000000e-01,0.00000000e+00
4.00400400e-01,5.80300589e+00,0.00000000e+00,3.00000000e+06,6.00000000e+02,1.50000000e-01,2.50000000e-01,6.00000000e-01,0.00000000e+00
5.00500501e-01,5.80300589e+00,0.00000000e+00,3.00000000e+06,6.00000000e+02,1.50000000e-01,2.50000000e-01,6.00000000e-01,0.00000000e+00
6.00600601e-01,5.80300589e+00,0.00000000e+00,3.00000000e+06,6.00000000e+02,1.50000000e-01,2.50000000e-01,6.00000000e-01,0.00000000e+00
7.00700701e-01,5.80300589e+00,0.00000000e+00,3.00000000e+06,6.00000000e+02,1.50000000e-01,2.50000000e-01,6.00000000e-01,0.00000000e+00
8.00800801e-01,5.80300589e+00,0.00000000e+00,3.00000000e+06,6.00000000e+02,1.50000000e-01,2.50000000e-01,6.00000000e-01,0.00000000e+00
9.00900901e-01,5.80300589e+00,0.00000000e+00,3.00000000e+06,6.00000000e+02,1.50000000e-01,2.50000000e-01,6.00000000e-01,0.00000000e+00
1.00100100e+00,5.80300589e+00,0.00000000e+00,3.00000000e+06,6.00000000e+02,1.50000000e-01,2.50000000e-01,6.00000000e-01,0.00000000e+00
1.10110110e+00,5.80300589e+00,0.00000000e+00,3.00000000e+06,6.00000000e+02,1.50000000e-01,2.50000000e-01,6.00000000e-01,0.00000000e+00
1.20120120e+00,5.80300589e+00,0.00000000e+00,3.00000000e+06,6.00000000e+02,1.50000000e-01,2.50000000e-01,6.00000000e-01,0.00000000e+00
1.30130130e+00,5.80300589e+00,0.00000000e+00,3.00000000e+06,6.00000000e+02,1.50000000e-01,2.50000000e-01,6.00000000e-01,0.00000000e+00
1.40140140e+00,5.80300589e+00,0.00000000e+00,3.00000000e+06,6.00000000e+02,1.50000000e-01,2.50000000e-01,6.00000000e-01,0.00000000e+00
1.50150150e+00,5.80300589e+00,0.00000000e+00,3.00000000e+06,6.00000000e+02,1.50000000e-01,2.50000000e-01,6.00000000e-01,0.00000000e+00
1.60160160e+00,5.80300589e+00,0.00000000e+00,3.00000000e+06,6.00000000e+02,1.50000000e-01,2.50000000e-01,6.00000000e-01,0.00000000e+00
1.70170170e+00,5.80300589e+00,0.00000000e+00,3.00000000e+06,6.00000000e+02,1.50000000e-01,2.50000000e-01,6.00000000e-01,0.00000000e+00
1.80180180e+00,5.80300589e+00,0.00000000e+00,3.00000000e+06,6.00000000e+02,1.50000000e-01,2.50000000e-01,6.00000000e-01,0.00000000e+00
1.90190190e+00,5.80300589e+00,0.00000000e+00,3.00000000e+06,6.00000000e+02,1.50000000e-01,2.50000000e-01,6.00000000e-01,0.00000000e+00
2.00200200e+00,5.80300589e+00,0.00000000e+00,3.00000000e+06,6.00000000e+02,1.50000000e-01,2.50000000e-01,6.00000000e-01,0.00000000e+00
2.10210210e+00,5.80300589e+00,0.00000000e+00,3.00000000e+06,6.00000000e+02,1.50000000e-01,2.50000000e-01,6.00000000e-01,0.00000000e+00
2.20220220e+00,5.80300589e+00,0.00000000e+00,3.00000000e+06,6.00000000e+02,1.50000000e-01,2.50000000e-01,6.00000000e-01,0.00000000e+00
2.30230230e+00,5.80300589e+00,0.00000000e+00,3.00000000e+06,6.00000000e+02,1.50000000e-01,2.50000000e-01,6.00000000e-01,0.00000000e+00
2.40240240e+00,5.80300589e+00,0.00000000e+00,3.00000000e+06,6.00000000e+02,1.50000000e-01,2.50000000e-01,6.00000000e-01,0.00000000e+00
2.50250250e+00,5.80300589e+00,0.00000000e+00,3.00000000e+06,6.00000000e+02,1.50000000e-01,2.50000000e-01,6.00000000e-01,0.00000000e+00
2.60260260e+00,5.80300589e+00,0.00000000e+00,3.00000000e+06,6.00000000e+02,1.50000000e-01,2.50000000e-01,6.00000000e-01,0.00000000e+00
2.70270270e+00,5.80300589e+00,0.00000000e+00,3.00000000e+06,6.00000000e+02,1.50000000e-01,2.50000000e-01,6.00000000e-01,0.00000000e+00
2.80280280e+00,5.80300589e+00,0.00000000e+00,3.00000000e+06,6.00000000e+02,1.50000000e-01,2.50000000e-01,6.00000000e-01,0.00000000e+00
2.90290290e+00,5.80300589e+00,0.00000000e+00,3.00000000e+06,6.00000000e+02,1.50000000e-01,2.50000000e-01,6.00000000e-01,0.00000000e+00
3.00300300e+00,5.80300589e+00,0.00000000e+00,3.00000000e+06,6.00000000e+02,1.50000000e-01,2.50000000e-01,6.00000000e-01,0.00000000e+00
3.10310310e+00,5.80300589e+00,0.00000000e+00,3.00000000e+06,6.00000000e+02,1.50000000e-01,2.50000000e-01,6.00000000e-01,0.00000000e+00
3.20320320e+00,5.80300589e+00,0.00000000e+00,3.00000000e+06,6.00000000e+02,1.50000000e-01,2.50000000e-01,6.00000000e-01,0.00000000e+00
3.30330330e+00,5.80300589e+00,0.00000000e+00,3.00000000e+06,6.00000000e+02,1.50000000e-01,2.50000000e-01,6.00000000e-01,0.00000000e+00
3.40340340e+00,5.80300589e+00,0.00000000e+00,3.00000000e+06,6.00000000e+02,1.50000000e-01,2.50000000e-01,6.00000000e-01,0.00000000e+00
3.50350350e+00,5.80300589e+00,0.00000000e+00,3.00000000e+06,6.00000000e+02,1.50000000e-01,2.50000000e-01,6.00000000e-01,0.00000000e+00
3.60360360e+00,5.80300589e+00,0.00000000e+00,3.00000000e+06,6.00000000e+02,1.50000000e-01,2.50000000e-01,6.00000000e-01,0.00000000e+00
3.70370370e+00,5.80300589e+00,0.00000000e+00,3.00000000e+06,6.00000000e+02,1.50000000e-01,2.50000000e-01,6.00000000e-01,0.00000000e+00
3.80380380e+00,5.80300589e+00,0.00000000e+00,3.00000000e+06,6.00000000e+02,1.50000000e-01,2.50000000e-01,6.00000000e-01,0.00000000e+00
3.90390390e+00,5.80300589e+00,0.00000000e+00,3.00000000e+06,6.00000000e+02,1.50000000e-01,2.50000000e-01,6.00000000e-01,0.00000000e+00
4.00400400e+00,5.80300589e+00,0.00000000e+00,3.00000000e+06,6.00000000e+02,1.50000000e-01,2.50000000e-01,6.00000000e-01,0.00000000e+00
4.10410410e+00,5.80300589e+00,0.00000000e+00,3.00000000e+06,6.00000000e+02,1.50000000e-01,2.50000000e-01,6.00000000e-01,0.00000000e+00
4.20420420e+00,5.80300589e+00,0.00000000e+00,3.00000000e+06,6.00000000e+02,1.50000000e-01,2.50000000e-01,6.00000000e-01,0.00000000e+00
4.30430430e+00,5.80300589e+00,0.00000000e+00,3.00000000e+06,6.00000000e+02,1.50000000e-01,2.50000000e-01,6.00000000e-01,0.00000000e+00
4.40440440e+00,5.80300589e+00,0.00000000e+00,3.00000000e+06,6.00000000e+02,1.50000000e-01,2.50000000e-01,6.00000000e-01,0.00000000e+00
4.50450450e+00,5.80300589e+00,0.00000000e+00,3.00000000e+06,6.00000000e+02,1.50000000e-01,2.50000000e-01,6.00000000e-01,0.00000000e+00
4.60460460e+00,5.80300589e+00,0.00000000e+00,3.00000000e+06,6.00000000e+02,1.50000000e-01,2.50000000e-01,6.00000000e-01,0.00000000e+00
4.70470470e+00,5.80300589e+00,0.00000000e+00,3.00000000e+06,6.00000000e+02,1.50000000e-01,2.50000000e-01,6.00000000e-01,0.00000000e+00
4.80480480e+00,5.80300589e+00,0.00000000e+00,3.00000000e+06,6.00000000e+02,1.50000000e-01,2.50000000e-01,6.00000000e-01,0.00000000e+00
4.90490490e+00,5.80300589e+00,0.00000000e+00,3.00000000e+06,6.00000000e+02,1.50000000e-01,2.50000000e-01,6.00000000e-01,0.00000000e+00
5.00500501e+00,5.80300589e+00,0.00000000e+00,3.00000000e+06,6.00000000e+02,1.50000000e-01,2.50000000e-01,6.00000000e-01,0.00000000e+00
5.10510511e+00,5.80300589e+00,0.00000000e+00,3.00000000e+06,6.00000000e+02,1.50000000e-01,2.50000000e-01,6.00000000e-01,0.00000000e+00
5.20520521e+00,5.80300589e+00,0.00000000e+00,3.00000000e+06,6.00000000e+02,1.50000000e-01,2.50000000e-01,6.00000000e-01,0.00000000e+00
5.30530531e+00,5.80300589e+00,0.00000000e+00,3.00000000e+06,6.00000000e+02,1.50000000e-01,2.50000000e-01,6.00000000e-01,0.00000000e+00
5.40540541e+00,5.80300589e+00,0.00000000e+00,3.00000000e+06,6.00000000e+02,1.50000000e-01,2.50000000e-01,6.00000000e-01,0.00000000e+00
5.50550551e+00,5.80300589e+00,0.00000000e+00,3.00000000e+06,6.00000000e+02,1.50000000e-01,2.50000000e-01,6.00000000e-01,0.00000000e+00
5.60560561e+00,5.80300589e+00,0.00000000e+00,3.00000000e+06,6.00000000e+02,1.50000000e-01,2.50000000e-01,6.00000000e-01,0.00000000e+00
5.70570571e+00,5.80300589e+00,0.00000000e+00,3.00000000e+06,6.00000000e+02,1.50000000e-01,2.50000000e-01,6.00000000e-01,0.00000000e+00
5.80580581e+00,5.80300589e+00,0.00000000e+00,3.00000000e+06,6.00000000e+02,1.50000000e-01,2.50000000e-01,6.00000000e-01,0.00000000e+00
5.90590591e+00,5.80300589e+00,0.00000000e+00,3.00000000e+06,6.00000000e+02,1.50000000e-01,2.50000000e-01,6.00000000e-01,0.00000000e+00
6.00600601e+00,5.80300589e+00,0.00000000e+00,3.00000000e+06,6.00000000e+02,1.50000000e-01,2.50000000e-01,6.00000000e-01,0.00000000e+00
6.10610611e+00,5.80300589e+00,0.00000000e+00,3.00000000e+06,6.00000000e+02,1.50000000e-01,2.50000000e-01,6.00000000e-01,0.00000000e+00
6.20620621e+00,5.80300589e+00,0.00000000e+00,3.00000000e+06,6.00000000e+02,1.50000000e-01,2.50000000e-01,6.00000000e-01,0.00000000e+00
6.30630631e+00,5.80300589e+00,0.00000000e+00,3.00000000e+06,6.00000000e+02,1.50000000e-01,2.50000000e-01,6.00000000e-01,0.00000000e+00
6.40640641e+00,5.80300589e+00,0.00000000e+00,3.00000000e+06,6.00000000e+02,1.50000000e-01,2.50000000e-01,6.00000000e-01,0.00000000e+00
6.50650651e+00,5.80300589e+00,0.00000000e+00,3.00000000e+06,6.00000000e+02,1.50000000e-01,2.50000000e-01,6.00000000e-01,0.00000000e+00
6.60660661e+00,5.80300589e+00,0.00000000e+00,3.00000000e+06,6.00000000e+02,1.50000000e-01,2.50000000e-01,6.00000000e-01,0.00000000e+00
6.70670671e+00,5.80300589e+00,0.00000000e+00,3.00000000e+06,6.00000000e+02,1.50000000e-01,2.50000000e-01,6.00000000e-01,0.00000000e+00
6.80680681e+00,5.80300589e+00,0.00000000e+00,3.00000000e+06,6.00000000e+02,1.50000000e-01,2.50000000e-01,6.00000000e-01,0.00000000e+00
6.90690691e+00,5.80300589e+00,0.00000000e+00,3.00000000e+06,6.00000000e+02,1.50000000e-01,2.50000000e-01,6.00000000e-01,0.00000000e+00
7.00700701e+00,5.80300589e+00,0.00000000e+00,3.00000000e+06,6.00000000e+02,1.50000000e-01,2.50000000e-01,6.00000000e-01,0.00000000e+00
7.10710711e+00,5.80300589e+00,0.00000000e+00,3.00000000e+06,6.00000000e+02,1.50000000e-01,2.50000000e-01,6.00000000e-01,0.00000000e+00
7.20720721e+00,5.80300589e+00,0.00000000e+00,3.00000000e+06,6.00000000e+02,1.50000000e-01,2.50000000e-01,6.00000000e-01,0.00000000e+00
7.30730731e+00,5.80300589e+00,0.00000000e+00,3.00000000e+06,6.00000000e+02,1.50000000e-01,2.50000000e-01,6.00000000e-01,0.00000000e+00
7.40740741e+00,5.80300589e+00,0.00000000e+00,3.00000000e+06,6.00000000e+02,1.50000000e-01,2.50000000e-01,6.00000000e-01,0.00000000e+00
7.50750751e+00,5.80300589e+00,0.00000000e+00,3.00000000e+06,6.00000000e+02,1.50000000e-01,2.50000000e-01,6.00000000e-01,0.00000000e+00
7.60760761e+00,5.80300589e+00,0.00000000e+00,3.00000000e+06,6.00000000e+02,1.50000000e-01,2.50000000e-01,6.00000000e-01,0.00000000e+00
7.70770771e+00,5.80300589e+00,0.00000000e+00,3.00000000e+06,6.00000000e+02,1.50000000e-01,2.50000000e-01,6.00000000e-01,0.00000000e+00
7.80780781e+00,5.80300589e+00,0.00000000e+00,3.00000000e+06,6.00000000e+02,1.50000000e-01,2.50000000e-01,6.00000000e-01,0.00000000e+00
7.90790791e+00,5.80300589e+00,0.00000000e+00,3.00000000e+06,6.00000000e+02,1.50000000e-01,2.50000000e-01,6.00000000e-01,0.00000000e+00
8.00800801e+00,5.80300589e+00,0.00000000e+00,3.00000000e+06,6.00000000e+02,1.50000000e-01,2.50000000e-01,6.00000000e-01,0.00000000e+00
8.10810811e+00,5.80300589e+00,0.00000000e+00,3.00000000e+06,6.00000000e+02,1.50000000e-01,2.50000000e-01,6.00000000e-01,0.00000000e+00
8.20820821e+00,5.80300589e+00,0.00000000e+00,3.00000000e+06,6.00000000e+02,1.50000000e-01,2.50000000e-01,6.00000000e-01,0.00000000e+00
8.30830831e+00,5.80300589e+00,0.00000000e+00,3.00000000e+06,6.00000000e+02,1.50000000e-01,2.50000000e-01,6.00000000e-01,0.00000000e+00
8.40840841e+00,5.80300589e+00,0.00000000e+00,3.00000000e+06,6.00000000e+02,1.50000000e-01,2.50000000e-01,6.00000000e-01,0.00000000e+00
8.50850851e+00,5.80300589e+00,0.00000000e+00,3.00000000e+06,6.00000000e+02,1.50000000e-01,2.50000000e-01,6.00000000e-01,0.00000000e+00
8.60860861e+00,5.80300589e+00,0.00000000e+00,3.00000000e+06,6.00000000e+02,1.50000000e-01,2.50000000e-01,6.00000000e-01,0.00000000e+00
8.70870871e+00,5.80300589e+00,0.00000000e+00,3.00000000e+06,6.00000000e+02,1.50000000e-01,2.50000000e-01,6.00000000e-01,0.00000000e+00
8.80880881e+00,5.80300589e+00,0.00000000e+00,3.00000000e+06,6.00000000e+02,1.50000000e-01,2.50000000e-01,6.00000000e-01,0.00000000e+00
8.90890891e+00,5.80300589e+00,0.00000000e+00,3.00000000e+06,6.00000000e+02,1.50000000e-01,2.50000000e-01,6.00000000e-01,0.00000000e+00
9.00900901e+00,5.80300589e+00,0.00000000e+00,3.00000000e+06,6.00000000e+02,1.50000000e-01,2.50000000e-01,6.00000000e-01,0.00000000e+00
9.10910911e+00,5.80300589e+00,0.00000000e+00,3.00000000e+06,6.00000000e+02,1.50000000e-01,2.50000000e-01,6.00000000e-01,0.00000000e+00
9.20920921e+00,5.80300589e+00,0.00000000e+00,3.00000000e+06,6.00000000e+02,1.50000000e-01,2.50000000e-01,6.00000000e-01,0.00000000e+00
9.30930931e+00,5.80300589e+00,0.00000000e+00,3.00000000e+06,6.00000000e+02,1.50000000e-01,2.50000000e-01,6.00000000e-01,0.00000000e+00
9.40940941e+00,5.80300589e+00,0.00000000e+00,3.00000000e+06,6.00000000e+02,1.50000000e-01,2.50000000e-01,6.00000000e-01,0.00000000e+00
9.50950951e+00,5.80300589e+00,0.00000000e+00,3.00000000e+06,6.00000000e+02,1.50000000e-01,2.50000000e-01,6.00000000e-01,0.00000000e+00
9.60960961e+00,5.80300589e+00,0.00000000e+00,3.00000000e+06,6.00000000e+02,1.50000000e-01,2.50000000e-01,6.00000000e-01,0.00000000e+00
9.70970971e+00,5.80300589e+00,0.00000000e+00,3.00000000e+06,6.00000000e+02,1.50000000e-01,2.50000000e-01,6.00000000e-01,0.00000000e+00
9.80980981e+00,5.80300589e+00,0.00000000e+00,3.00000000e+06,6.00000000e+02,1.50000000e-01,2.50000000e-01,6.00000000e-01,0.00000000e+00
9.90990991e+00,5.80300589e+00,0.00000000e+00,3.00000000e+06,6.00000000e+02,1.50000000e-01,2.50000000e-01,6.00000000e-01,0.00000000e+00
1.00100100e+01,5.80300589e+00,0.00000000e+00,3.00000000e+06,6.00000000e+02,1.50000000e-01,2.50000000e-01,6.00000000e-01,0.00000000e+00
1.01101101e+01,5.80300589e+00,0.00000000e+00,3.00000000e+06,6.00000000e+02,1.50000000e-01,2.50000000e-01,6.00000000e-01,0.00000000e+00
1.02102102e+01,5.80300589e+00,0.00000000e+00,3.00000000e+06,6.00000000e+02,1.50000000e-01,2.50000000e-01,6.00000000e-01,0.00000000e+00
1.03103103e+01,5.80300589e+00,0.00000000e+00,3.00000000e+06,6.00000000e+02,1.50000000e-01,2.50000000e-01,6.00000000e-01,0.00000000e+00
1.04104104e+01,5.80300589e+00,0.00000000e+00,3.00000000e+06,6.00000000e+02,1.50000000e-01,2.50000000e-01,6.00000000e-01,0.00000000e+00
1.05105105e+01,5.80300589e+00,0.00000000e+00,3.00000000e+06,6.00000000e+02,1.50000000e-01,2.50000000e-01,6.00000000e-01,0.00000000e+00
1.06106106e+01,5.80300589e+00,0.00000000e+00,3.00000000e+06,6.00000000e+02,1.50000000e-01,2.50000000e-01,6.00000000e-01,0.00000000e+00
1.07107107e+01,5.80300589e+00,0.00000000e+00,3.00000000e+06,6.00000000e+02,1.50000000e-01,2.50000000e-01,6.00000000e-01,0.00000000e+00
1.08108108e+01,5.80300589e+00,0.00000000e+00,3.00000000e+06,6.00000000e+02,1.50000000e-01,2.50000000e-01,6.00000000e-01,0.00000000e+00
1.09109109e+01,5.80300589e+00,0.00000000e+00,3.00000000e+06,6.00000000e+02,1.50000000e-01,2.50000000e-01,6.00000000e-01,0.00000000e+00
1.10110110e+01,5.80300589e+00,0.00000000e+00,3.00000000e+06,6.00000000e+02,1.50000000e-01,2.50000000e-01,6.00000000e-01,0.00000000e+00
1.11111111e+01,5.80300589e+00,0.00000000e+00,3.00000000e+06,6.00000000e+02,1.50000000e-01,2.50000000e-01,6.00000000e-01,0.00000000e+00
1.12112112e+01,5.80300589e+00,0.00000000e+00,3.00000000e+06,6.00000000e+02,1.50000000e-01,2.50000000e-01,6.00000000e-01,0.00000000e+00
1.13113113e+01,5.80300589e+00,0.00000000e+00,3.00000000e+06,6.00000000e+02,1.50000000e-01,2.50000000e-01,6.00000000e-01,0.00000000e+00
1.14114114e+01,5.80300589e+00,0.00000000e+00,3.00000000e+06,6.00000000e+02,1.50000000e-01,2.50000000e-01,6.00000000e-01,0.00000000e+00
1.15115115e+01,5.80300589e+00,0.00000000e+00,3.00000000e+06,6.00000000e+02,1.50000000e-01,2.50000000e-01,6.00000000e-01,0.00000000e+00
1.16116116e+01,5.80300589e+00,0.00000000e+00,3.00000000e+06,6.00000000e+02,1.50000000e-01,2.50000000e-01,6.00000000e-01,0.00000000e+00
1.17117117e+01,5.80300589e+00,0.00000000e+00,3.00000000e+06,6.00000000e+02,1.50000000e-01,2.50000000e-01,6.00000000e-01,0.00000000e+00
1.18118118e+01,5.80300589e+00,0.00000000e+00,3.00000000e+06,6.00000000e+02,1.50000000e-01,2.50000000e-01,6.00000000e-01,0.00000000e+00
1.19119119e+01,5.80300589e+00,0.00000000e+00,3.00000000e+06,6.00000000e+02,1.50000000e-01,2.50000000e-01,6.00000000e-01,0.00000000e+00
1.20120120e+01,5.80300589e+00,0.00000000e+00,3.00000000e+06,6.00000000e+02,1.50000000e-01,2.50000000e-01,6.00000000e-01,0.00000000e+00
1.21121121e+01,5.80300589e+00,0.00000000e+00,3.00000000e+06,6.00000000e+02,1.50000000e-01,2.50000000e-01,6.00000000e-01,0.00000000e+00
1.22122122e+01,5.80300589e+00,0.00000000e+00,3.00000000e+06,6.00000000e+02,1.50000000e-01,2.50000000e-01,6.00000000e-01,0.00000000e+00
1.23123123e+01,5.80300589e+00,0.00000000e+00,3.00000000e+06,6.00000000e+02,1.50000000e-01,2.50000000e-01,6.00000000e-01,0.00000000e+00
1.24124124e+01,5.80300589e+00,0.00000000e+00,3.00000000e+06,6.00000000e+02,1.50000000e-01,2.50000000e-01,6.00000000e-01,0.00000000e+00
1.25125125e+01,5.80300589e+00,0.00000000e+00,3.00000000e+06,6.00000000e+02,1.50000000e-01,2.50000000e-01,6.00000000e-01,0.00000000e+00
1.26126126e+01,5.80300589e+00,0.00000000e+00,3.00000000e+06,6.00000000e+02,1.50000000e-01,2.50000000e-01,6.00000000e-01,0.00000000e+00
1.27127127e+01,5.80300589e+00,0.00000000e+00,3.00000000e+06,6.00000000e+02,1.50000000e-01,2.50000000e-01,6.00000000e-01,0.00000000e+00
1.28128128e+01,5.80300589e+00,0.00000000e+00,3.00000000e+06,6.00000000e+02,1.50000000e-01,2.50000000e-01,6.00000000e-01,0.00000000e+00
1.29129129e+01,5.80300589e+00,0.00000000e+00,3.00000000e+06,6.00000000e+02,1.50000000e-01,2.50000000e-01,6.00000000e-01,0.00000000e+00
1.30130130e+01,5.80300589e+00,0.00000000e+00,3.00000000e+06,6.00000000e+02,1.50000000e-01,2.50000000e-01,6.00000000e-01,0.00000000e+00
1.31131131e+01,5.80300589e+00,0.00000000e+00,3.00000000e+06,6.00000000e+02,1.50000000e-01,2.50000000e-01,6.00000000e-01,0.00000000e+00
1.32132132e+01,5.80300589e+00,0.00000000e+00,3.00000000e+06,6.00000000e+02,1.50000000e-01,2.50000000e-01,6.00000000e-01,0.00000000e+00
1.33133133e+01,5.80300589e+00,0.00000000e+00,3.00000000e+06,6.00000000e+02,1.50000000e-01,2.50000000e-01,6.00000000e-01,0.00000000e+00
1.34134134e+01,5.80300589e+00,4.41040997e-15,3.00000000e+06,6.00000000e+02,1.50000000e-01,2.50000000e-01,6.00000000e-01,0.00000000e+00
1.35135135e+01,5.80300589e+00,1.05793066e-13,3.00000000e+06,6.00000000e+02,1.50000000e-01,2.50000000e-01,6.00000000e-01,0.00000000e+00
1.36136136e+01,5.80300589e+00,-1.26102791e-11,3.00000000e+06,6.00000000e+02,1.50000000e-01,2.50000000e-01,6.00000000e-01,0.00000000e+00
1.37137137e+01,5.80300589e+00,-4.53858856e-10,3.00000000e+06,6.00000000e+02,1.50000000e-01,2.50000000e-01,6.00000000e-01,0.00000000e+00
1.38138138e+01,5.80300589e+00,-4.64384376e-09,3.00000000e+06,6.00000000e+02,1.50000000e-01,2.50000000e-01,6.00000000e-01,0.00000000e+00
1.39139139e+01,5.80300588e+00,3.07869012e-07,3.00000000e+06,6.00000000e+02,1.50000000e-01,2.50000000e-01,6.00000000e-01,0.00000000e+00
1.40140140e+01,5.80300582e+00,1.62077206e-05,2.99999996e+06,5.99999998e+02,1.50000000e-01,2.50000000e-01,6.00000000e-01,0.00000000e+00
1.41141141e+01,5.80300679e+00,2.65833653e-04,2.99999857e+06,5.99999746e+02,1.49999968e-01,2.49999947e-01,5.99999874e-01,8.94911706e-23
1.42142142e+01,5.80310420e+00,-3.50139727e-03,2.99998259e+06,5.99992019e+02,1.49998583e-01,2.49997639e-01,5.99994333e-01,5.45007382e-14
1.43143143e+01,5.80691684e+00,-5.40405062e-01,3.00128952e+06,5.99994720e+02,1.49964725e-01,2.49941181e-01,5.99858917e-01,3.87439009e-08
1.44144144e+01,5.88281620e+00,-2.49435061e+01,3.10370601e+06,6.14475562e+02,1.49448256e-01,2.48831010e-01,5.97952145e-01,3.55478009e-04
1.45145145e+01,6.29606449e+00,-2.67311807e+02,7.58160560e+06,1.43426672e+03,1.39308785e-01,1.65144103e-01,6.00003182e-01,9.55439299e-02
1.46146146e+01,6.52295457e+00,-4.30579553e+02,1.28511009e+07,2.47677490e+03,1.18588222e-01,3.09685786e-03,5.98470977e-01,2.77280180e-01
1.47147147e+01,6.54419126e+00,-4.41517060e+02,1.29986953e+07,2.49364155e+03,1.18483154e-01,2.05573910e-05,5.99901591e-01,2.81415061e-01
1.48148148e+01,6.54535018e+00,-4.42287878e+02,1.30097480e+07,2.49495320e+03,1.18498827e-01,5.86917264e-07,5.99993686e-01,2.81480752e-01
1.49149149e+01,6.54549690e+00,-4.42353724e+02,1.30104046e+07,2.49500693e+03,1.18499600e-01,5.86900447e-07,5.99997598e-01,2.81482587e-01
1.50150150e+01,6.54561844e+00,-4.42361044e+02,1.30109043e+07,2.49504647e+03,1.18500072e-01,5.86879597e-07,5.99999991e-01,2.81483710e-01
1.51151151e+01,6.54563393e+00,-4.42393182e+02,1.30106738e+07,2.49500988e+03,1.18499430e-01,5.86875134e-07,5.99996741e-01,2.81482185e-01
1.52152152e+01,6.54571087e+00,-4.42398273e+02,1.30111724e+07,2.49505992e+03,1.18500202e-01,5.86854144e-07,6.00000648e-01,2.81484018e-01
1.53153153e+01,6.54573405e+00,-4.42415877e+02,1.30109576e+07,2.49502313e+03,1.18499573e-01,5.86833889e-07,5.99997466e-01,2.81482525e-01
1.54154154e+01,6.54577474e+00,-4.42407457e+02,1.30113864e+07,2.49507197e+03,1.18500422e-01,5.86825385e-07,6.00001763e-01,2.81484541e-01
1.55155155e+01,6.54574144e+00,-4.42413573e+02,1.30110632e+07,2.49503386e+03,1.18499892e-01,5.86802127e-07,5.99999080e-01,2.81483283e-01
1.56156156e+01,6.54568402e+00,-4.42417353e+02,1.30110269e+07,2.49504164e+03,1.18500231e-01,5.86791231e-07,6.00000794e-01,2.81484087e-01
1.57157157e+01,6.54568375e+00,-4.42404547e+02,1.30110190e+07,2.49504032e+03,1.18500227e-01,5.86782794e-07,6.00000773e-01,2.81484077e-01
1.58158158e+01,6.54568963e+00,-4.42394225e+02,1.30110868e+07,2.49504841e+03,1.18500353e-01,5.86767995e-07,6.00001415e-01,2.81484378e-01
1.59159159e+01,6.54561207e+00,-4.42389447e+02,1.30107949e+07,2.49502641e+03,1.18500144e-01,5.86757807e-07,6.00000354e-01,2.81483881e-01
1.60160160e+01,6.54550911e+00,-4.42389701e+02,1.30105243e+07,2.49501379e+03,1.18500143e-01,5.86751384e-07,6.00000347e-01,2.81483877e-01
1.61161161e+01,6.54549257e+00,-4.42374711e+02,1.30104967e+07,2.49501487e+03,1.18500139e-01,5.86744554e-07,6.00000330e-01,2.81483869e-01
1.62162162e+01,6.54552905e+00,-4.42360487e+02,1.30106503e+07,2.49502837e+03,1.18500237e-01,5.86746594e-07,6.00000823e-01,2.81484101e-01
1.63163163e+01,6.54552196e+00,-4.42377812e+02,1.30103769e+07,2.49499243e+03,1.18499582e-01,5.86748429e-07,5.99997510e-01,2.81482546e-01
1.64164164e+01,6.54551854e+00,-4.42388437e+02,1.30104912e+07,2.49500973e+03,1.18499864e-01,5.86754175e-07,5.99998935e-01,2.81483215e-01
1.65165165e+01,6.54556092e+00,-4.42386511e+02,1.30106793e+07,2.49502668e+03,1.18500004e-01,5.86760830e-07,5.99999646e-01,2.81483548e-01
1.66166166e+01,6.54558377e+00,-4.42390809e+02,1.30107082e+07,2.49502575e+03,1.18499898e-01,5.86763852e-07,5.99999111e-01,2.81483297e-01
1.67167167e+01,6.54559357e+00,-4.42398513e+02,1.30106912e+07,2.49502117e+03,1.18499783e-01,5.86765168e-07,5.99998527e-01,2.81483023e-01
1.68168168e+01,6.54565181e+00,-4.42413265e+02,1.30108217e+07,2.49502537e+03,1.18499718e-01,5.86766261e-07,5.99998196e-01,2.81482868e-01
1.69169169e+01,6.54578478e+00,-4.42446195e+02,1.30111684e+07,2.49504169e+03,1.18499693e-01,5.86767651e-07,5.99998070e-01,2.81482809e-01
1.70170170e+01,6.54596571e+00,-4.42502216e+02,1.30116290e+07,2.49506234e+03,1.18499632e-01,5.86771582e-07,5.99997762e-01,2.81482664e-01
1.71171171e+01,6.54620771e+00,-4.42565203e+02,1.30124536e+07,2.49511898e+03,1.18500070e-01,5.86780203e-07,5.99999982e-01,2.81483706e-01
1.72172172e+01,6.54652486e+00,-4.42625077e+02,1.30132413e+07,2.49515272e+03,1.18499901e-01,5.86787524e-07,5.99999123e-01,2.81483303e-01
1.73173173e+01,6.54686878e+00,-4.42702375e+02,1.30139261e+07,2.49516507e+03,1.18499325e-01,5.86795178e-07,5.99996205e-01,2.81481934e-01
1.74174174e+01,6.54720188e+00,-4.42754078e+02,1.30149550e+07,2.49522752e+03,1.18499698e-01,5.86808525e-07,5.99998094e-01,2.81482820e-01
1.75175175e+01,6.54733535e+00,-4.42846801e+02,1.30146937e+07,2.49515904e+03,1.18498155e-01,5.86811299e-07,5.99990286e-01,2.81479157e-01
1.76176176e+01,6.54759944e+00,-4.42853214e+02,1.30163238e+07,2.49532323e+03,1.18500420e-01,5.86831213e-07,6.00001750e-01,2.81484535e-01
1.77177177e+01,6.54761690e+00,-4.42916428e+02,1.30156669e+07,2.49522960e+03,1.18498570e-01,5.86828034e-07,5.99992383e-01,2.81480141e-01
1.78178178e+01,6.54769677e+00,-4.42907223e+02,1.30167912e+07,2.49536840e+03,1.18500768e-01,5.86841341e-07,6.00003513e-01,2.81485362e-01
1.79179179e+01,6.54769223e+00,-4.42928058e+02,1.30162749e+07,2.49529891e+03,1.18499450e-01,5.86834402e-07,5.99996842e-01,2.81482233e-01
1.80180180e+01,6.54767958e+00,-4.42925964e+02,1.30166640e+07,2.49535636e+03,1.18500493e-01,5.86836728e-07,6.00002121e-01,2.81484709e-01
1.81181181e+01,6.54771266e+00,-4.42923501e+02,1.30165660e+07,2.49533529e+03,1.18500003e-01,5.86829154e-07,5.99999642e-01,2.81483546e-01
1.82182182e+01,6.54775213e+00,-4.42936107e+02,1.30167443e+07,2.49535134e+03,1.18500149e-01,5.86823178e-07,6.00000382e-01,2.81483893e-01
1.83183183e+01,6.54776848e+00,-4.42955515e+02,1.30167537e+07,2.49534970e+03,1.18500017e-01,5.86814542e-07,5.99999711e-01,2.81483579e-01
1.84184184e+01,6.54781945e+00,-4.42971507e+02,1.30169843e+07,2.49537065e+03,1.18500199e-01,5.86806126e-07,6.00000635e-01,2.81484012e-01
1.85185185e+01,6.54792781e+00,-4.42991274e+02,1.30172372e+07,2.49538066e+03,1.18500065e-01,5.86794849e-07,5.99999954e-01,2.81483692e-01
1.86186186e+01,6.54807205e+00,-4.43021441e+02,1.30175650e+07,2.49539194e+03,1.18499903e-01,5.86781500e-07,5.99999135e-01,2.81483309e-01
1.87187187e+01,6.54825164e+00,-4.43070909e+02,1.30179703e+07,2.49540503e+03,1.18499721e-01,5.86764982e-07,5.99998212e-01,2.81482875e-01
1.88188188e+01,6.54848791e+00,-4.43132360e+02,1.30187237e+07,2.49545277e+03,1.18500036e-01,5.86746677e-07,5.99999808e-01,2.81483624e-01
1.89189189e+01,6.54873348e+00,-4.43190132e+02,1.30193240e+07,2.49547692e+03,1.18499910e-01,5.86720652e-07,5.99999169e-01,2.81483325e-01
1.90190190e+01,6.54898661e+00,-4.43236121e+02,1.30200333e+07,2.49551449e+03,1.18500001e-01,5.86689365e-07,5.99999631e-01,2.81483541e-01
1.91191191e+01,6.54920998e+00,-4.43297471e+02,1.30204915e+07,2.49552413e+03,1.18499672e-01,5.86649527e-07,5.99997963e-01,2.81482759e-01
1.92192192e+01,6.54948675e+00,-4.43363712e+02,1.30211893e+07,2.49555376e+03,1.18499608e-01,5.86604734e-07,5.99997639e-01,2.81482607e-01
1.93193193e+01,6.54990584e+00,-4.43453450e+02,1.30222636e+07,2.49560160e+03,1.18499529e-01,5.86554145e-07,5.99997243e-01,2.81482421e-01
1.94194194e+01,6.55039444e+00,-4.43563060e+02,1.30235439e+07,2.49566181e+03,1.18499481e-01,5.86498814e-07,5.99996999e-01,2.81482307e-01
1.95195195e+01,6.55091164e+00,-4.43680095e+02,1.30246923e+07,2.49569712e+03,1.18498897e-01,5.86436829e-07,5.99994041e-01,2.81480919e-01
1.96196196e+01,6.55163332e+00,-4.43833587e+02,1.30263375e+07,2.49575286e+03,1.18498164e-01,5.86371055e-07,5.99990331e-01,2.81479179e-01
1.97197197e+01,6.55225983e+00,-4.44039610e+02,1.30273371e+07,2.49574207e+03,1.18496438e-01,5.86298410e-07,5.99981590e-01,2.81475078e-01
1.98198198e+01,6.55293315e+00,-4.44067111e+02,1.30305078e+07,2.49602121e+03,1.18499847e-01,5.86250439e-07,5.99998851e-01,2.81483176e-01
1.99199199e+01,6.55282347e+00,-4.44242599e+02,1.30285672e+07,2.49577914e+03,1.18495674e-01,5.86165612e-07,5.99977721e-01,2.81473263e-01
2.00200200e+01,6.55310187e+00,-4.44199471e+02,1.30317556e+07,2.49615623e+03,1.18501733e-01,5.86133580e-07,6.00008400e-01,2.81487656e-01
2.01201201e+01,6.55322288e+00,-4.44264490e+02,1.30304689e+07,2.49594812e+03,1.18497724e-01,5.86055389e-07,5.99988103e-01,2.81478134e-01
2.02202202e+01,6.55332909e+00,-4.44302440e+02,1.30315260e+07,2.49606897e+03,1.18499679e-01,5.86011496e-07,5.99998000e-01,2.81482777e-01
2.03203203e+01,6.55386878e+00,-4.44388776e+02,1.30323477e+07,2.49605448e+03,1.18498080e-01,5.85955523e-07,5.99989904e-01,2.81478979e-01
2.04204204e+01,6.55459027e+00,-4.44610518e+02,1.30337011e+07,2.49607092e+03,1.18496560e-01,5.85905620e-07,5.99982209e-01,2.81475369e-01
2.05205205e+01,6.55529576e+00,-4.44712537e+02,1.30371308e+07,2.49637871e+03,1.18500373e-01,5.85887573e-07,6.00001517e-01,2.81484427e-01
2.06206206e+01,6.55526769e+00,-4.44882732e+02,1.30358642e+07,2.49621109e+03,1.18497325e-01,5.85840780e-07,5.99986080e-01,2.81477185e-01
2.07207207e+01,6.55541791e+00,-4.44822184e+02,1.30388201e+07,2.49658509e+03,1.18503723e-01,5.85845501e-07,6.00018475e-01,2.81492383e-01
2.08208208e+01,6.55492029e+00,-4.44762052e+02,1.30371751e+07,2.49647624e+03,1.18502934e-01,5.85819055e-07,6.00014483e-01,2.81490510e-01
2.09209209e+01,6.55381855e+00,-4.44619655e+02,1.30340645e+07,2.49630597e+03,1.18502659e-01,5.85798907e-07,6.00013090e-01,2.81489856e-01
2.10210210e+01,6.55382791e+00,-4.44346328e+02,1.30349922e+07,2.49642639e+03,1.18505207e-01,5.85795687e-07,6.00025992e-01,2.81495910e-01
2.11211211e+01,6.55331599e+00,-4.44433823e+02,1.30304597e+07,2.49591849e+03,1.18497363e-01,5.85743156e-07,5.99986273e-01,2.81477276e-01
2.12212212e+01,6.55344600e+00,-4.44312957e+02,1.30327742e+07,2.49620837e+03,1.18502297e-01,5.85754983e-07,6.00011256e-01,2.81488996e-01
2.13213213e+01,6.55390179e+00,-4.44384601e+02,1.30311642e+07,2.49587551e+03,1.18495218e-01,5.85707946e-07,5.99975416e-01,2.81472182e-01
2.14214214e+01,6.55484258e+00,-4.44687874e+02,1.30334459e+07,2.49596749e+03,1.18494589e-01,5.85692846e-07,5.99972231e-01,2.81470688e-01
2.15215215e+01,6.55651804e+00,-4.45042150e+02,1.30401063e+07,2.49649283e+03,1.18499905e-01,5.85706849e-07,5.99999147e-01,2.81483315e-01
2.16216216e+01,6.55741584e+00,-4.45437519e+02,1.30409906e+07,2.49640440e+03,1.18495914e-01,5.85674191e-07,5.99978935e-01,2.81473833e-01
2.17217217e+01,6.55877631e+00,-4.45604223e+02,1.30464746e+07,2.49684245e+03,1.18500361e-01,5.85682069e-07,6.00001453e-01,2.81484397e-01
2.18218218e+01,6.55976823e+00,-4.45974686e+02,1.30463136e+07,2.49658424e+03,1.18493233e-01,5.85630967e-07,5.99965364e-01,2.81467467e-01
2.19219219e+01,6.56078217e+00,-4.46071203e+02,1.30523385e+07,2.49717929e+03,1.18501390e-01,5.85653103e-07,6.00006662e-01,2.81486841e-01
2.20220220e+01,6.56060280e+00,-4.46345416e+02,1.30496568e+07,2.49685499e+03,1.18495670e-01,5.85604000e-07,5.99977701e-01,2.81473254e-01
2.21221221e+01,6.56059421e+00,-4.46246537e+02,1.30538237e+07,2.49743546e+03,1.18506112e-01,5.85631848e-07,6.00030574e-01,2.81498059e-01
2.22222222e+01,6.56005975e+00,-4.46090750e+02,1.30512012e+07,2.49719731e+03,1.18503257e-01,5.85590736e-07,6.00016117e-01,2.81491277e-01
2.23223223e+01,6.55911770e+00,-4.46051964e+02,1.30475593e+07,2.49691745e+03,1.18500485e-01,5.85546307e-07,6.00002080e-01,2.81484692e-01
2.24224224e+01,6.55935693e+00,-4.45823136e+02,1.30500087e+07,2.49719970e+03,1.18505012e-01,5.85533565e-07,6.00025003e-01,2.81495446e-01
2.25225225e+01,6.55890142e+00,-4.45825739e+02,1.30464590e+07,2.49681341e+03,1.18499336e-01,5.85465408e-07,5.99996266e-01,2.81481964e-01
2.26226226e+01,6.55821782e+00,-4.45753611e+02,1.30458219e+07,2.49688719e+03,1.18502399e-01,5.85435024e-07,6.00011774e-01,2.81489239e-01
2.27227227e+01,6.55813825e+00,-4.45578384e+02,1.30454573e+07,2.49685495e+03,1.18502056e-01,5.85382348e-07,6.00010034e-01,2.81488423e-01
2.28228228e+01,6.55761224e+00,-4.45500169e+02,1.30430871e+07,2.49664860e+03,1.18499822e-01,5.85315164e-07,5.99998725e-01,2.81483118e-01
2.29229229e+01,6.55687337e+00,-4.45376109e+02,1.30416032e+07,2.49661572e+03,1.18501252e-01,5.85261395e-07,6.00005968e-01,2.81486516e-01
2.30230230e+01,6.55621595e+00,-4.45163113e+02,1.30402505e+07,2.49658318e+03,1.18502387e-01,5.85201998e-07,6.00011714e-01,2.81489212e-01
2.31231231e+01,6.55527317e+00,-4.44976556e+02,1.30367316e+07,2.49631619e+03,1.18500121e-01,5.85122004e-07,6.00000239e-01,2.81483828e-01
2.32232232e+01,6.55475103e+00,-4.44732593e+02,1.30366989e+07,2.49643244e+03,1.18503745e-01,5.85067378e-07,6.00018588e-01,2.81492437e-01
2.33233233e+01,6.55412620e+00,-4.44722366e+02,1.30326538e+07,2.49601982e+03,1.18497854e-01,5.84961837e-07,5.99988763e-01,2.81478445e-01
2.34234234e+01,6.55445864e+00,-4.44557682e+02,1.30345653e+07,2.49620134e+03,1.18500606e-01,5.84894535e-07,6.00002693e-01,2.81484980e-01
2.35235235e+01,6.55517507e+00,-4.44719650e+02,1.30328603e+07,2.49579026e+03,1.18491669e-01,5.84764521e-07,5.99957444e-01,2.81463752e-01
2.36236236e+01,6.55609614e+00,-4.45122290e+02,1.30356829e+07,2.49596297e+03,1.18492481e-01,5.84677080e-07,5.99961555e-01,2.81465681e-01
2.37237237e+01,6.55730565e+00,-4.45136029e+02,1.30422907e+07,2.49658825e+03,1.18500991e-01,5.84621787e-07,6.00004645e-01,2.81485896e-01
2.38238238e+01,6.55699427e+00,-4.45421273e+02,1.30378760e+07,2.49604887e+03,1.18492105e-01,5.84474965e-07,5.99959651e-01,2.81464787e-01
2.39239239e+01,6.55754547e+00,-4.45416458e+02,1.30425397e+07,2.49656580e+03,1.18499985e-01,5.84405661e-07,5.99999550e-01,2.81483506e-01
2.40240240e+01,6.55843003e+00,-4.45499821e+02,1.30431803e+07,2.49644088e+03,1.18495752e-01,5.84272317e-07,5.99978116e-01,2.81473451e-01
2.41241241e+01,6.55824665e+00,-4.45735162e+02,1.30425678e+07,2.49639716e+03,1.18495574e-01,5.84155924e-07,5.99977220e-01,2.81473030e-01
2.42242242e+01,6.55856054e+00,-4.45688331e+02,1.30464542e+07,2.49685934e+03,1.18503272e-01,5.84076664e-07,6.00016194e-01,2.81491315e-01
2.43243243e+01,6.55796211e+00,-4.45686045e+02,1.30453330e+07,2.49684325e+03,1.18504664e-01,5.83966126e-07,6.00023241e-01,2.81494621e-01
2.44244244e+01,6.55543915e+00,-4.45088882e+02,1.30417171e+07,2.49693500e+03,1.18513058e-01,5.83891358e-07,6.00065743e-01,2.81514561e-01
2.45245245e+01,6.55256515e+00,-4.44389369e+02,1.30300669e+07,2.49599566e+03,1.18503705e-01,5.83731722e-07,6.00018386e-01,2.81492343e-01
2.46246246e+01,6.55193625e+00,-4.43784797e+02,1.30296615e+07,2.49608358e+03,1.18507218e-01,5.83639093e-07,6.00036175e-01,2.81500689e-01
2.47247247e+01,6.55089961e+00,-4.43983448e+02,1.30202685e+07,2.49502677e+03,1.18490693e-01,5.83452282e-07,5.99952505e-01,2.81461436e-01
2.48248248e+01,6.55226195e+00,-4.43996560e+02,1.30265160e+07,2.49556937e+03,1.18497131e-01,5.83383690e-07,5.99985100e-01,2.81476728e-01
2.49249249e+01,6.55455284e+00,-4.44339568e+02,1.30316406e+07,2.49572806e+03,1.18494780e-01,5.83277445e-07,5.99973195e-01,2.81471143e-01
2.50250250e+01,6.55363040e+00,-4.44915899e+02,1.30311722e+07,2.49588596e+03,1.18499701e-01,5.83213109e-07,5.99998115e-01,2.81482834e-01
2.51251251e+01,6.55217993e+00,-4.44428056e+02,1.30376707e+07,2.49713387e+03,1.18525780e-01,5.83259341e-07,6.00130162e-01,2.81544782e-01
2.52252252e+01,6.54768840e+00,-4.43001229e+02,1.30252803e+07,2.49648226e+03,1.18525295e-01,5.83181616e-07,6.00127704e-01,2.81543630e-01
2.53253253e+01,6.54250498e+00,-4.42573879e+02,1.30011589e+07,2.49436640e+03,1.18499962e-01,5.82988543e-07,5.99999436e-01,2.81483454e-01
2.54254254e+01,6.54230630e+00,-4.41599632e+02,1.30128258e+07,2.49601562e+03,1.18531532e-01,5.83082068e-07,6.00159286e-01,2.81558446e-01
2.55255255e+01,6.53526614e+00,-4.41056322e+02,1.30007376e+07,2.49598753e+03,1.18550327e-01,5.83118769e-07,6.00254449e-01,2.81603091e-01
2.56256256e+01,6.50935468e+00,-4.35458128e+02,1.29635553e+07,2.49693615e+03,1.18636741e-01,5.83493031e-07,6.00691985e-01,2.81808356e-01
2.57257257e+01,6.48201186e+00,-4.26377971e+02,1.28670220e+07,2.48993468e+03,1.18582533e-01,5.83178952e-07,6.00417518e-01,2.81679593e-01
2.58258258e+01,6.47703077e+00,-4.21835390e+02,1.27705106e+07,2.47760241e+03,1.18369862e-01,5.82086806e-07,5.99340702e-01,2.81174416e-01
2.59259259e+01,6.51767393e+00,-4.24949958e+02,1.27389189e+07,2.46352651e+03,1.18011182e-01,5.80275698e-07,5.97524602e-01,2.80322412e-01
2.60260260e+01,6.67873441e+00,-4.64623235e+02,1.30381969e+07,2.46762753e+03,1.17675001e-01,5.78571697e-07,5.95822420e-01,2.79523851e-01
2.61261261e+01,6.81189561e+00,-5.03862333e+02,1.35961662e+07,2.51288987e+03,1.18145036e-01,5.80827260e-07,5.98202345e-01,2.80640368e-01
2.62262262e+01,6.84331913e+00,-5.17972681e+02,1.38651580e+07,2.54151042e+03,1.18578675e-01,5.82900964e-07,6.00397980e-01,2.81670427e-01
2.63263263e+01,6.80547245e+00,-5.17136511e+02,1.39255925e+07,2.55828773e+03,1.18972467e-01,5.84778926e-07,6.02391867e-01,2.82605839e-01
2.64264264e+01,6.66212358e+00,-4.83609458e+02,1.35763953e+07,2.54485097e+03,1.19110457e-01,5.85404197e-07,6.03090549e-01,2.82933618e-01
2.65265265e+01,6.56540050e+00,-4.42344631e+02,1.32669130e+07,2.52544897e+03,1.19017415e-01,5.84901871e-07,6.02619450e-01,2.82712607e-01
2.66266266e+01,6.48589663e+00,-4.41430114e+02,1.27117993e+07,2.46741144e+03,1.18150588e-01,5.80607771e-07,5.98230454e-01,2.80653555e-01
2.67267267e+01,6.56162034e+00,-4.35693228e+02,1.30095801e+07,2.49107169e+03,1.18387653e-01,5.81750435e-07,5.99430786e-01,2.81216678e-01
2.68268268e+01,6.75756536e+00,-4.71671061e+02,1.35943960e+07,2.52513564e+03,1.18501925e-01,5.82301545e-07,6.00009375e-01,2.81488118e-01
2.69269269e+01,6.95390202e+00,-5.47760370e+02,1.37610138e+07,2.50278263e+03,1.17608629e-01,5.77911173e-07,5.95486361e-01,2.79366193e-01
2.70270270e+01,7.11920410e+00,-5.62105031e+02,1.47107468e+07,2.58840777e+03,1.18743826e-01,5.83492099e-07,6.01234187e-01,2.82062725e-01
2.71271271e+01,7.03584154e+00,-5.80704713e+02,1.44025720e+07,2.56807717e+03,1.18564968e-01,5.82611311e-07,6.00328581e-01,2.81637870e-01
2.72272272e+01,6.89132738e+00,-5.50348070e+02,1.39799408e+07,2.54634649e+03,1.18501925e-01,5.82287717e-07,6.00009375e-01,2.81488118e-01
2.73273273e+01,6.76622222e+00,-4.89761069e+02,1.39563430e+07,2.57143898e+03,1.19313507e-01,5.86243519e-07,6.04118648e-01,2.83415940e-01
2.74274274e+01,6.59552647e+00,-4.88236165e+02,1.29986095e+07,2.48195066e+03,1.18112195e-01,5.80288251e-07,5.98036060e-01,2.80562358e-01
2.75275275e+01,6.65608287e+00,-4.56711830e+02,1.33230712e+07,2.51246880e+03,1.18501925e-01,5.82126393e-07,6.00009375e-01,2.81488118e-01
2.76276276e+01,6.60496944e+00,-4.70544729e+02,1.29468736e+07,2.47210281e+03,1.17941874e-01,5.79275496e-07,5.97173676e-01,2.80157780e-01
2.77277277e+01,6.58926446e+00,-4.52200977e+02,1.33468570e+07,2.53088907e+03,1.19044522e-01,5.84571855e-07,6.02756701e-01,2.82776997e-01
2.78278278e+01,6.59279681e+00,-4.46453595e+02,1.31003130e+07,2.49615898e+03,1.18407769e-01,5.81307110e-07,5.99532635e-01,2.81264460e-01
2.79279279e+01,6.55625340e+00,-4.52766537e+02,1.30270023e+07,2.49464817e+03,1.18473143e-01,5.81479846e-07,5.99863643e-01,2.81419749e-01
2.80280280e+01,6.55488451e+00,-4.48711598e+02,1.30392032e+07,2.49668762e+03,1.18511981e-01,5.81511094e-07,6.00060290e-01,2.81512005e-01
2.81281281e+01,6.55476789e+00,-4.49967006e+02,1.30256175e+07,2.49481668e+03,1.18479392e-01,5.81186328e-07,5.99895287e-01,2.81434596e-01
2.82282282e+01,6.55150588e+00,-4.44979947e+02,1.30760523e+07,2.50261557e+03,1.18626530e-01,5.81738543e-07,6.00640287e-01,2.81784105e-01
2.83283283e+01,6.55144891e+00,-4.38699175e+02,1.30655479e+07,2.50119368e+03,1.18599648e-01,5.81436442e-07,6.00504176e-01,2.81720250e-01
2.84284284e+01,6.53529211e+00,-4.36486075e+02,1.29643112e+07,2.49096570e+03,1.18456024e-01,5.80564111e-07,5.99776965e-01,2.81379086e-01
2.85285285e+01,6.51609719e+00,-4.36838447e+02,1.29487908e+07,2.49336939e+03,1.18548344e-01,5.80854409e-07,6.00244411e-01,2.81598384e-01
2.86286286e+01,6.49345039e+00,-4.36857918e+02,1.29098055e+07,2.49328886e+03,1.18607467e-01,5.80991900e-07,6.00543768e-01,2.81738825e-01
2.87287287e+01,6.44441891e+00,-4.27156005e+02,1.28254234e+07,2.49308991e+03,1.18738200e-01,5.81495427e-07,6.01205704e-01,2.82049365e-01
2.88288288e+01,6.38899627e+00,-4.08439564e+02,1.26512628e+07,2.48179197e+03,1.18679668e-01,5.81091167e-07,6.00909341e-01,2.81910330e-01
2.89289289e+01,6.35675016e+00,-3.93078862e+02,1.25358606e+07,2.47322773e+03,1.18602913e-01,5.80619553e-07,6.00520710e-01,2.81728007e-01
2.90290290e+01,6.33227372e+00,-3.80277091e+02,1.25048917e+07,2.47469989e+03,1.18696571e-01,5.81005731e-07,6.00994925e-01,2.81950481e-01
2.91291291e+01,6.27928622e+00,-3.73384951e+02,1.22927873e+07,2.45693743e+03,1.18518582e-01,5.80086417e-07,6.00093714e-01,2.81527687e-01
2.92292292e+01,6.22308770e+00,-3.68191280e+02,1.21487596e+07,2.44960643e+03,1.18541429e-01,5.80173305e-07,6.00209397e-01,2.81581958e-01
2.93293293e+01,6.19313458e+00,-3.54234736e+02,1.20800615e+07,2.44681609e+03,1.18576262e-01,5.80339914e-07,6.00385767e-01,2.81664700e-01
2.94294294e+01,6.16633764e+00,-3.42813582e+02,1.19795555e+07,2.43852922e+03,1.18502058e-01,5.79991465e-07,6.00010050e-01,2.81488437e-01
2.95295295e+01,6.12619194e+00,-3.36299195e+02,1.18562538e+07,2.43007391e+03,1.18461673e-01,5.79824386e-07,5.99805569e-01,2.81392507e-01
2.96296296e+01,6.09247858e+00,-3.25815227e+02,1.17817117e+07,2.42728271e+03,1.18504400e-01,5.80077336e-07,6.00021906e-01,2.81493999e-01
2.97297297e+01,6.08454351e+00,-3.12074257e+02,1.17840278e+07,2.42951870e+03,1.18573043e-01,5.80468424e-07,6.00369467e-01,2.81657054e-01
2.98298298e+01,6.05989434e+00,-3.05745371e+02,1.16721054e+07,2.41889230e+03,1.18442638e-01,5.79894239e-07,5.99709188e-01,2.81347290e-01
2.99299299e+01,6.03124958e+00,-3.03649175e+02,1.16523117e+07,2.42311688e+03,1.18596230e-01,5.80718112e-07,6.00486872e-01,2.81712133e-01
3.00300300e+01,6.00793194e+00,-3.03736970e+02,1.15677827e+07,2.41623163e+03,1.18529651e-01,5.80470268e-07,6.00149762e-01,2.81553981e-01
3.01301301e+01,5.98690945e+00,-3.07415955e+02,1.14987797e+07,2.41097841e+03,1.18493955e-01,5.80378860e-07,5.99969023e-01,2.81469189e-01
3.02302302e+01,5.97767679e+00,-3.03055015e+02,1.14990903e+07,2.41332580e+03,1.18564740e-01,5.80813513e-07,6.00327427e-01,2.81637330e-01
3.03303303e+01,5.99040041e+00,-2.96760369e+02,1.15508683e+07,2.41800368e+03,1.18615728e-01,5.81155555e-07,6.00585592e-01,2.81758446e-01
3.04304304e+01,5.98656151e+00,-2.94184268e+02,1.15131850e+07,2.41319660e+03,1.18540236e-01,5.80880984e-07,6.00203354e-01,2.81579123e-01
3.05305305e+01,5.97292110e+00,-2.94016382e+02,1.14567785e+07,2.40799701e+03,1.18484148e-01,5.80703676e-07,5.99919367e-01,2.81445893e-01
3.06306306e+01,5.96667440e+00,-2.90660913e+02,1.14649629e+07,2.41078638e+03,1.18555591e-01,5.81152975e-07,6.00281101e-01,2.81615596e-01
3.07307307e+01,5.95876519e+00,-2.88939650e+02,1.14129822e+07,2.40485060e+03,1.18466408e-01,5.80815567e-07,5.99829542e-01,2.81403752e-01
3.08308308e+01,5.94650054e+00,-2.90333265e+02,1.13751912e+07,2.40219093e+03,1.18448666e-01,5.80827820e-07,5.99739710e-01,2.81361609e-01
3.09309309e+01,5.94405562e+00,-2.86269649e+02,1.13898363e+07,2.40509116e+03,1.18506871e-01,5.81211156e-07,6.00034421e-01,2.81499869e-01
3.10310310e+01,5.95535257e+00,-2.81458676e+02,1.14289310e+07,2.40823947e+03,1.18532902e-01,5.81434353e-07,6.00166222e-01,2.81561702e-01
3.11311311e+01,5.95360180e+00,-2.80680083e+02,1.13934781e+07,2.40323026e+03,1.18446331e-01,5.81101230e-07,5.99727887e-01,2.81356061e-01
3.12312312e+01,5.94841531e+00,-2.80263182e+02,1.13897479e+07,2.40393859e+03,1.18475872e-01,5.81332426e-07,5.99877463e-01,2.81426233e-01
3.13313313e+01,5.94683972e+00,-2.79441741e+02,1.13857700e+07,2.40371167e+03,1.18477057e-01,5.81418051e-07,5.99883461e-01,2.81429047e-01
3.14314314e+01,5.94076235e+00,-2.79570235e+02,1.13675247e+07,2.40243683e+03,1.18471041e-01,5.81460611e-07,5.99853002e-01,2.81414757e-01
3.15315315e+01,5.93291992e+00,-2.80798708e+02,1.13534429e+07,2.40224067e+03,1.18490363e-01,5.81618808e-07,5.99950836e-01,2.81460655e-01
3.16316316e+01,5.92762772e+00,-2.81670958e+02,1.13413873e+07,2.40171048e+03,1.18496375e-01,5.81702139e-07,5.99981274e-01,2.81474935e-01
3.17317317e+01,5.92573849e+00,-2.82039946e+02,1.13378319e+07,2.40164115e+03,1.18500415e-01,5.81765691e-07,6.00001728e-01,2.81484531e-01
3.18318318e+01,5.92684939e+00,-2.81718723e+02,1.13499720e+07,2.40324067e+03,1.18526126e-01,5.81925199e-07,6.00131912e-01,2.81545605e-01
3.19319319e+01,5.92888770e+00,-2.81674394e+02,1.13509850e+07,2.40291906e+03,1.18511812e-01,5.81877627e-07,6.00059435e-01,2.81511603e-01
3.20320320e+01,5.93090070e+00,-2.81770685e+02,1.13623086e+07,2.40416700e+03,1.18528217e-01,5.81970462e-07,6.00142499e-01,2.81550572e-01
3.21321321e+01,5.92967399e+00,-2.83083101e+02,1.13489441e+07,2.40244088e+03,1.18498373e-01,5.81826214e-07,5.99991390e-01,2.81479681e-01
3.22322322e+01,5.92720685e+00,-2.84239136e+02,1.13496612e+07,2.40318690e+03,1.18518384e-01,5.81917470e-07,6.00092711e-01,2.81527214e-01
3.23323323e+01,5.92845856e+00,-2.84367009e+02,1.13577599e+07,2.40413124e+03,1.18531335e-01,5.81965766e-07,6.00158288e-01,2.81557979e-01
3.24324324e+01,5.93245580e+00,-2.83654103e+02,1.13711969e+07,2.40519666e+03,1.18539075e-01,5.81981447e-07,6.00197474e-01,2.81576363e-01
3.25325325e+01,5.93578604e+00,-2.83345856e+02,1.13734929e+07,2.40471789e+03,1.18520081e-01,5.81860460e-07,6.00101307e-01,2.81531247e-01
3.26326326e+01,5.93688996e+00,-2.83363014e+02,1.13777441e+07,2.40509131e+03,1.18523931e-01,5.81848117e-07,6.00120799e-01,2.81540391e-01
3.27327327e+01,5.93701696e+00,-2.82415857e+02,1.13842816e+07,2.40605413e+03,1.18542041e-01,5.81904487e-07,6.00212493e-01,2.81583409e-01
3.28328328e+01,5.93034933e+00,-2.82508646e+02,1.13415504e+07,2.40116528e+03,1.18470590e-01,5.81522460e-07,5.99850719e-01,2.81413686e-01
3.29329329e+01,5.92031132e+00,-2.82957278e+02,1.13343874e+07,2.40257603e+03,1.18526871e-01,5.81771301e-07,6.00135687e-01,2.81547376e-01
3.30330330e+01,5.91377079e+00,-2.83264210e+02,1.13026070e+07,2.39933986e+03,1.18484851e-01,5.81544258e-07,5.99922925e-01,2.81447561e-01
3.31331331e+01,5.91148309e+00,-2.82536661e+02,1.13025381e+07,2.39992624e+03,1.18501020e-01,5.81612187e-07,6.00004793e-01,2.81485969e-01
3.32332332e+01,5.91940618e+00,-2.79936421e+02,1.13451379e+07,2.40447846e+03,1.18563552e-01,5.81919720e-07,6.00321409e-01,2.81634506e-01
3.33333333e+01,5.92916817e+00,-2.78850274e+02,1.13386946e+07,2.40101554e+03,1.18471741e-01,5.81484330e-07,5.99856548e-01,2.81416421e-01
3.34334334e+01,5.93992144e+00,-2.81373886e+02,1.13581856e+07,2.40130626e+03,1.18446208e-01,5.81391087e-07,5.99727263e-01,2.81355768e-01
3.35335335e+01,5.94691773e+00,-2.83471948e+02,1.13949019e+07,2.40518549e+03,1.18497869e-01,5.81695488e-07,5.99988840e-01,2.81478484e-01
3.36336336e+01,5.94707007e+00,-2.85222893e+02,1.13890856e+07,2.40427822e+03,1.18479042e-01,5.81673874e-07,5.99893513e-01,2.81433763e-01
3.37337337e+01,5.94934784e+00,-2.84830981e+02,1.14142848e+07,2.40756738e+03,1.18533565e-01,5.82033216e-07,6.00169578e-01,2.81563276e-01
3.38338338e+01,5.95029425e+00,-2.84819259e+02,1.14073058e+07,2.40627021e+03,1.18506099e-01,5.82011064e-07,6.00030511e-01,2.81498033e-01
3.39339339e+01,5.94923290e+00,-2.86102458e+02,1.13914785e+07,2.40411591e+03,1.18468851e-01,5.81961491e-07,5.99841913e-01,2.81409555e-01
3.40340340e+01,5.95130806e+00,-2.88092065e+02,1.13858254e+07,2.40272894e+03,1.18437100e-01,5.81958779e-07,5.99681149e-01,2.81334134e-01
3.41341341e+01,5.96860361e+00,-2.91775530e+02,1.14356797e+07,2.40602098e+03,1.18448698e-01,5.82188147e-07,5.99739870e-01,2.81361682e-01
3.42342342e+01,5.98770041e+00,-2.96764902e+02,1.14773933e+07,2.40759712e+03,1.18424032e-01,5.82256852e-07,5.99614981e-01,2.81303091e-01
3.43343343e+01,5.99889544e+00,-2.95992124e+02,1.15800154e+07,2.42033480e+03,1.18632274e-01,5.83486103e-07,6.00669369e-01,2.81797746e-01
3.44344344e+01,5.97513441e+00,-2.94471384e+02,1.15335322e+07,2.41926008e+03,1.18678637e-01,5.83931000e-07,6.00904116e-01,2.81907875e-01
3.45345345e+01,5.88460260e+00,-2.75770338e+02,1.13745616e+07,2.41783203e+03,1.18913691e-01,5.85310156e-07,6.02094263e-01,2.82466220e-01
3.46346346e+01,5.79112026e+00,-2.39862601e+02,1.11546384e+07,2.40768881e+03,1.18996179e-01,5.85940920e-07,6.02511924e-01,2.82662161e-01
3.47347347e+01,5.70727299e+00,-2.32859255e+02,1.06908462e+07,2.35603101e+03,1.18261365e-01,5.82544418e-07,5.98791351e-01,2.80916693e-01
3.48348348e+01,5.68318401e+00,-2.09554897e+02,1.08725124e+07,2.39108508e+03,1.19010046e-01,5.86453158e-07,6.02582136e-01,2.82695099e-01
3.49349349e+01,5.65175025e+00,-1.96539306e+02,1.05851599e+07,2.35319871e+03,1.18384901e-01,5.83586420e-07,5.99416847e-01,2.81210137e-01
3.50350350e+01,5.59712913e+00,-1.97113504e+02,1.05116228e+07,2.35549470e+03,1.18594013e-01,5.84819813e-07,6.00475644e-01,2.81706861e-01
3.51351351e+01,5.57157700e+00,-1.83546761e+02,1.04370347e+07,2.35002965e+03,1.18567621e-01,5.84879582e-07,6.00342011e-01,2.81644168e-01
3.52352352e+01,5.56544670e+00,-1.72747336e+02,1.04238887e+07,2.34945059e+03,1.18577934e-01,5.85102712e-07,6.00394230e-01,2.81668666e-01
3.53353353e+01,5.54538778e+00,-1.72091762e+02,1.02979839e+07,2.33405379e+03,1.18344991e-01,5.84104073e-07,5.99214774e-01,2.81115336e-01
3.54354354e+01,5.54008564e+00,-1.63944432e+02,1.03679785e+07,2.34694244e+03,1.18608450e-01,5.85529602e-07,6.00548739e-01,2.81741151e-01
3.55355355e+01,5.52576825e+00,-1.57456801e+02,1.02473321e+07,2.33083489e+03,1.18344231e-01,5.84319953e-07,5.99210925e-01,2.81113530e-01
3.56356356e+01,5.47306666e+00,-1.49800149e+02,1.01897512e+07,2.33515001e+03,1.18592852e-01,5.85606964e-07,6.00469762e-01,2.81704100e-01
3.57357357e+01,5.39530232e+00,-1.36481114e+02,9.97278309e+06,2.31950749e+03,1.18534634e-01,5.85339613e-07,6.00174991e-01,2.81565811e-01
3.58358358e+01,5.34587463e+00,-1.25926506e+02,9.83488511e+06,2.30940335e+03,1.18492588e-01,5.85108934e-07,5.99962098e-01,2.81465935e-01
3.59359359e+01,5.32059558e+00,-1.11712993e+02,9.81450649e+06,2.31274074e+03,1.18637428e-01,5.85753063e-07,6.00695463e-01,2.81809985e-01
3.60360360e+01,5.29071403e+00,-1.00884002e+02,9.70519964e+06,2.30214358e+03,1.18521799e-01,5.85058436e-07,6.00110002e-01,2.81535323e-01
3.61361361e+01,5.26351505e+00,-9.02273424e+01,9.70298678e+06,2.30919381e+03,1.18743445e-01,5.85970015e-07,6.01232257e-01,2.82061817e-01
3.62362362e+01,5.23789073e+00,-8.26553168e+01,9.60076497e+06,2.29848227e+03,1.18617483e-01,5.85102508e-07,6.00594475e-01,2.81762609e-01
3.63363363e+01,5.20869435e+00,-8.04999003e+01,9.53316429e+06,2.29460228e+03,1.18642759e-01,5.84911644e-07,6.00722459e-01,2.81822651e-01
3.64364364e+01,5.18158366e+00,-7.26160091e+01,9.47565012e+06,2.29188881e+03,1.18684339e-01,5.84724815e-07,6.00932987e-01,2.81921419e-01
3.65365365e+01,5.16233539e+00,-6.11371006e+01,9.43569078e+06,2.29011741e+03,1.18716256e-01,5.84407302e-07,6.01094593e-01,2.81997235e-01
3.66366366e+01,5.13031163e+00,-5.18990573e+01,9.31306695e+06,2.27727845e+03,1.18569585e-01,5.83121754e-07,6.00351955e-01,2.81648835e-01
3.67367367e+01,5.09914065e+00,-4.27988459e+01,9.24289102e+06,2.27339260e+03,1.18597860e-01,5.82602518e-07,6.00495123e-01,2.81716001e-01
3.68368368e+01,5.08780344e+00,-2.57423546e+01,9.23005139e+06,2.27420318e+03,1.18654711e-01,5.82114322e-07,6.00782978e-01,2.81851046e-01
3.69369369e+01,5.07031141e+00,-1.25622641e+01,9.14263385e+06,2.26336071e+03,1.18501371e-01,5.80483550e-07,6.00006571e-01,2.81486804e-01
3.70370370e+01,5.00610619e+00,-9.27668297e+00,8.95023251e+06,2.24639964e+03,1.18382551e-01,5.78911995e-07,5.99404951e-01,2.81204562e-01
3.71371371e+01,4.92248159e+00,-1.65789000e+01,8.75040273e+06,2.23312209e+03,1.18405514e-01,5.77922388e-07,5.99521221e-01,2.81259110e-01
3.72372372e+01,4.86120081e+00,-4.61205856e+00,8.65080013e+06,2.23190273e+03,1.18598148e-01,5.77597508e-07,6.00496582e-01,2.81716692e-01
3.73373373e+01,4.89461639e+00,3.05683927e+01,8.87102311e+06,2.26319699e+03,1.19116835e-01,5.78750350e-07,6.03122847e-01,2.82948778e-01
3.74374374e+01,4.93899883e+00,5.60816427e+01,8.86360706e+06,2.24923477e+03,1.18679917e-01,5.75122286e-07,6.00910607e-01,2.81910930e-01
3.75375375e+01,4.91755222e+00,5.79107763e+01,8.73179955e+06,2.23093709e+03,1.18388060e-01,5.72053692e-07,5.99432852e-01,2.81217659e-01
3.76376376e+01,4.88030933e+00,5.32608819e+01,8.68389159e+06,2.23250729e+03,1.18553563e-01,5.71033024e-07,6.00270840e-01,2.81610794e-01
3.77377377e+01,4.82950465e+00,4.49141182e+01,8.49713499e+06,2.21187225e+03,1.18317869e-01,5.67897346e-07,5.99077457e-01,2.81050933e-01
3.78378378e+01,4.78043706e+00,4.04241492e+01,8.43125818e+06,2.21336342e+03,1.18525694e-01,5.66800287e-07,6.00129734e-01,2.81544600e-01
3.79379379e+01,4.72126055e+00,5.03698927e+01,8.33855340e+06,2.21263685e+03,1.18730707e-01,5.65609779e-07,6.01167776e-01,2.82031589e-01
3.80380380e+01,4.65853645e+00,7.05710939e+01,8.19558139e+06,2.20318753e+03,1.18773418e-01,5.63555967e-07,6.01384035e-01,2.82133048e-01
3.81381381e+01,4.62511271e+00,8.85469682e+01,8.08058862e+06,2.19045052e+03,1.18639055e-01,5.60573339e-07,6.00703718e-01,2.81813886e-01
3.82382382e+01,4.60772227e+00,9.99464363e+01,7.98837692e+06,2.17730227e+03,1.18438794e-01,5.57205722e-07,5.99689739e-01,2.81338192e-01
3.83383383e+01,4.60250002e+00,1.17410506e+02,8.03824606e+06,2.18855385e+03,1.18699997e-01,5.56009921e-07,6.01012286e-01,2.81958653e-01
3.84384384e+01,4.61484524e+00,1.38504341e+02,8.06569301e+06,2.19022668e+03,1.18695957e-01,5.53528233e-07,6.00991836e-01,2.81949062e-01
3.85385385e+01,4.61277527e+00,1.50737221e+02,8.04569821e+06,2.18690853e+03,1.18634572e-01,5.50769703e-07,6.00681027e-01,2.81803252e-01
3.86386386e+01,4.58472371e+00,1.54640235e+02,7.93032758e+06,2.17235159e+03,1.18437242e-01,5.47462537e-07,5.99681891e-01,2.81334521e-01
3.87387387e+01,4.55836750e+00,1.50291730e+02,7.88201243e+06,2.17041342e+03,1.18502021e-01,5.45476365e-07,6.00009884e-01,2.81488398e-01
3.88388388e+01,4.53576326e+00,1.47160266e+02,7.81688958e+06,2.16401956e+03,1.18457581e-01,5.43109977e-07,5.99784873e-01,2.81382839e-01
3.89389389e+01,4.49713944e+00,1.47488500e+02,7.76517842e+06,2.16498818e+03,1.18631493e-01,5.41890678e-07,6.00665443e-01,2.81795951e-01
3.90390390e+01,4.41151749e+00,1.68357269e+02,7.60377809e+06,2.15771553e+03,1.18819489e-01,5.40929841e-07,6.01617323e-01,2.82242518e-01
3.91391391e+01,4.34558925e+00,1.90268124e+02,7.40153003e+06,2.13574544e+03,1.18621602e-01,5.38456672e-07,6.00615362e-01,2.81772460e-01
3.92392392e+01,4.32190515e+00,2.12167980e+02,7.35162067e+06,2.13244980e+03,1.18650476e-01,5.37263662e-07,6.00761559e-01,2.81841048e-01
3.93393393e+01,4.32041680e+00,2.32409620e+02,7.38939884e+06,2.14089031e+03,1.18830927e-01,5.36997953e-07,6.01675239e-01,2.82269693e-01
3.94394394e+01,4.30734474e+00,2.40969546e+02,7.26846667e+06,2.11953397e+03,1.18422229e-01,5.34310354e-07,5.99605881e-01,2.81298876e-01
3.95395395e+01,4.28835553e+00,2.36576788e+02,7.25829807e+06,2.12311159e+03,1.18580051e-01,5.34415909e-07,6.00404982e-01,2.81673767e-01
3.96396396e+01,4.25586626e+00,2.30213439e+02,7.11240240e+06,2.10194161e+03,1.18262795e-01,5.32611037e-07,5.98798623e-01,2.80920161e-01
3.97397397e+01,4.23178492e+00,2.28907565e+02,7.16037619e+06,2.11969616e+03,1.18735088e-01,5.34583406e-07,6.01189980e-01,2.82042041e-01
3.98398398e+01,4.19310061e+00,2.51347622e+02,7.11683266e+06,2.12237013e+03,1.18951736e-01,5.35619375e-07,6.02286930e-01,2.82556664e-01
3.99399399e+01,4.17143441e+00,2.83525170e+02,7.02833418e+06,2.10991379e+03,1.18779834e-01,5.35124598e-07,6.01416538e-01,2.82148328e-01
4.00400400e+01,4.14825271e+00,3.08752530e+02,6.94569635e+06,2.09920454e+03,1.18641402e-01,5.35009220e-07,6.00715618e-01,2.81819498e-01
4.01401401e+01,4.10969295e+00,3.17026238e+02,6.82631052e+06,2.08511925e+03,1.18491230e-01,5.35090420e-07,5.99955253e-01,2.81462780e-01
4.02402402e+01,4.07569529e+00,3.16596652e+02,6.76260492e+06,2.08153811e+03,1.18568242e-01,5.36486713e-07,6.00345189e-01,2.81645713e-01
4.03403403e+01,4.04603925e+00,3.12506643e+02,6.66335875e+06,2.06873460e+03,1.18412832e-01,5.37171992e-07,5.99558298e-01,2.81276550e-01
4.04404404e+01,4.02751004e+00,3.08683465e+02,6.63294101e+06,2.06783463e+03,1.18466114e-01,5.39187173e-07,5.99828080e-01,2.81403113e-01
4.05405405e+01,4.01242827e+00,3.08859520e+02,6.62811992e+06,2.07153432e+03,1.18612753e-01,5.42058988e-07,6.00570556e-01,2.81751436e-01
4.06406406e+01,3.95883430e+00,3.28178898e+02,6.57392820e+06,2.07641720e+03,1.18955207e-01,5.46296565e-07,6.02304497e-01,2.82564893e-01
4.07407407e+01,3.91584487e+00,3.49927786e+02,6.39171701e+06,2.04841733e+03,1.18526118e-01,5.47408824e-07,6.00131895e-01,2.81545636e-01
4.08408408e+01,3.90731938e+00,3.58482228e+02,6.36896039e+06,2.04586152e+03,1.18509686e-01,5.50788735e-07,6.00048692e-01,2.81506598e-01
4.09409409e+01,3.90751052e+00,3.67594515e+02,6.38735319e+06,2.05000158e+03,1.18606100e-01,5.54998125e-07,6.00536862e-01,2.81735614e-01
4.10410410e+01,3.90950240e+00,3.76915781e+02,6.40568121e+06,2.05375293e+03,1.18668674e-01,5.59234129e-07,6.00853689e-01,2.81884246e-01
4.11411411e+01,3.88952087e+00,3.85386224e+02,6.34556537e+06,2.04641058e+03,1.18582852e-01,5.62786963e-07,6.00419146e-01,2.81680380e-01
4.12412412e+01,3.82621375e+00,4.05444284e+02,6.24616922e+06,2.04388711e+03,1.18803180e-01,5.67595558e-07,6.01534724e-01,2.82203737e-01
4.13413413e+01,3.77243584e+00,4.23233669e+02,6.06614156e+06,2.01858676e+03,1.18490548e-01,5.69450754e-07,5.99951780e-01,2.81461112e-01
4.14414414e+01,3.75124181e+00,4.33127641e+02,6.01847920e+06,2.01393985e+03,1.18496537e-01,5.72332904e-07,5.99982102e-01,2.81475334e-01
4.15415415e+01,3.75469099e+00,4.47326213e+02,6.05859549e+06,2.02237794e+03,1.18679550e-01,5.75550594e-07,6.00908746e-01,2.81910057e-01
4.16416416e+01,3.75626047e+00,4.56818146e+02,6.07057337e+06,2.02490375e+03,1.18716226e-01,5.77628926e-07,6.01094448e-01,2.81997175e-01
4.17417417e+01,3.72251494e+00,4.69449097e+02,5.94824882e+06,2.00637036e+03,1.18462809e-01,5.78020737e-07,5.99811324e-01,2.81395209e-01
4.18418418e+01,3.65483530e+00,4.80074457e+02,5.83900846e+06,2.00230407e+03,1.18681142e-01,5.80717509e-07,6.00916807e-01,2.81913832e-01
4.19419419e+01,3.60852068e+00,4.84017340e+02,5.65981259e+06,1.97333232e+03,1.18226023e-01,5.80486727e-07,5.98612402e-01,2.80832743e-01
4.20420420e+01,3.59923545e+00,4.73320173e+02,5.64135526e+06,1.97152706e+03,1.18252657e-01,5.83443691e-07,5.98747256e-01,2.80896005e-01
4.21421421e+01,3.58344244e+00,4.75595663e+02,5.69401685e+06,1.99031248e+03,1.18751063e-01,5.90022371e-07,6.01270828e-01,2.82079908e-01
4.22422422e+01,3.55251942e+00,5.00054831e+02,5.63696111e+06,1.98651797e+03,1.18810970e-01,5.96158220e-07,6.01574149e-01,2.82222201e-01
4.23423423e+01,3.54697182e+00,5.33037770e+02,5.63091747e+06,1.98650770e+03,1.18869828e-01,6.04299304e-07,6.01872159e-01,2.82362001e-01
4.24424424e+01,3.53547551e+00,5.56509980e+02,5.55034455e+06,1.97007502e+03,1.18530417e-01,6.12648188e-07,6.00153617e-01,2.81555753e-01
4.25425425e+01,3.51572086e+00,5.56762837e+02,5.48177865e+06,1.95947750e+03,1.18360638e-01,6.24137387e-07,5.99293973e-01,2.81152446e-01
4.26426426e+01,3.48835666e+00,5.47783145e+02,5.40781839e+06,1.94924702e+03,1.18297294e-01,6.38427805e-07,5.98973235e-01,2.81001959e-01
4.27427427e+01,3.43026513e+00,5.46504914e+02,5.31290470e+06,1.94420706e+03,1.18495621e-01,6.55990303e-07,5.99977408e-01,2.81473038e-01
4.28428428e+01,3.37430303e+00,5.57346466e+02,5.21936717e+06,1.93953948e+03,1.18624837e-01,6.74455564e-07,6.00631655e-01,2.81779951e-01
4.29429429e+01,3.34049098e+00,5.75115733e+02,5.15407893e+06,1.93381874e+03,1.18676707e-01,6.93230217e-07,6.00894277e-01,2.81903136e-01
4.30430430e+01,3.33189547e+00,6.03217587e+02,5.15850314e+06,1.93747214e+03,1.18860447e-01,7.12971270e-07,6.01824595e-01,2.82339564e-01
4.31431431e+01,3.35277134e+00,6.27597260e+02,5.18346976e+06,1.93673835e+03,1.18737031e-01,7.30567848e-07,6.01199689e-01,2.82046375e-01
4.32432432e+01,3.36242430e+00,6.26852044e+02,5.19472287e+06,1.93648081e+03,1.18668971e-01,7.47871211e-07,6.00855074e-01,2.81884683e-01
4.33433433e+01,3.33149232e+00,6.30962068e+02,5.10166842e+06,1.92204816e+03,1.18508543e-01,7.63191110e-07,6.00042769e-01,2.81503580e-01
4.34434434e+01,3.25867343e+00,6.36709050e+02,4.96243704e+06,1.90945259e+03,1.18627618e-01,7.78249778e-07,6.00645668e-01,2.81786408e-01
4.35435435e+01,3.19519213e+00,6.41917745e+02,4.80281260e+06,1.88797211e+03,1.18425060e-01,7.88661899e-07,5.99620052e-01,2.81305238e-01
4.36436436e+01,3.17570173e+00,6.40444687e+02,4.77478125e+06,1.88678173e+03,1.18531188e-01,7.98635722e-07,6.00157403e-01,2.81557320e-01
4.37437437e+01,3.16486094e+00,6.48576817e+02,4.79550405e+06,1.89649973e+03,1.18841294e-01,8.07555373e-07,6.01727555e-01,2.82293932e-01
4.38438438e+01,3.15984787e+00,6.71573499e+02,4.82345343e+06,1.90625866e+03,1.19110655e-01,8.13892770e-07,6.03091406e-01,2.82933763e-01
4.39439439e+01,3.16558973e+00,7.01101517e+02,4.83524987e+06,1.90732475e+03,1.19118764e-01,8.16312600e-07,6.03132462e-01,2.82953021e-01
4.40440440e+01,3.14542067e+00,7.22808977e+02,4.76654931e+06,1.89524845e+03,1.18932277e-01,8.15509948e-07,6.02188225e-01,2.82510042e-01
4.41441441e+01,3.10699473e+00,7.32373508e+02,4.66319719e+06,1.88031350e+03,1.18728103e-01,8.12987034e-07,6.01154433e-01,2.82025051e-01
4.42442442e+01,3.08482417e+00,7.24435776e+02,4.58470184e+06,1.86528088e+03,1.18515997e-01,8.09155756e-07,6.00080479e-01,2.81521220e-01
4.43443443e+01,3.04200788e+00,7.09913371e+02,4.53428326e+06,1.86667553e+03,1.18773623e-01,8.07570350e-07,6.01384919e-01,2.82133187e-01
4.44444444e+01,3.00188718e+00,7.24922212e+02,4.42239753e+06,1.84917679e+03,1.18501953e-01,8.01864488e-07,6.00009375e-01,2.81487870e-01
4.45445445e+01,2.98603053e+00,7.26668799e+02,4.38987193e+06,1.84532399e+03,1.18501952e-01,7.97795024e-07,6.00009375e-01,2.81487875e-01
4.46446446e+01,2.93176170e+00,7.61731432e+02,4.38703810e+06,1.86534565e+03,1.19322939e-01,7.99113977e-07,6.04166270e-01,2.83438042e-01
4.47447447e+01,2.91068935e+00,7.85567096e+02,4.34789086e+06,1.86192900e+03,1.19332896e-01,7.95021867e-07,6.04216688e-01,2.83461700e-01
4.48448448e+01,2.89696986e+00,8.03787408e+02,4.31953942e+06,1.85924140e+03,1.19288397e-01,7.90687534e-07,6.03991381e-01,2.83356004e-01
4.49449449e+01,2.89207535e+00,8.06845755e+02,4.31000279e+06,1.85940683e+03,1.19215863e-01,7.86283550e-07,6.03624121e-01,2.83183712e-01
4.50450450e+01,2.87931957e+00,8.08651368e+02,4.29535883e+06,1.86097449e+03,1.19236626e-01,7.82562481e-07,6.03729254e-01,2.83233038e-01
4.51451451e+01,2.83909662e+00,8.20664244e+02,4.16818950e+06,1.83742664e+03,1.18849618e-01,7.76246166e-07,6.01769723e-01,2.82313750e-01
4.52452452e+01,2.81595052e+00,8.19494591e+02,4.18760931e+06,1.85401372e+03,1.19307765e-01,7.75418481e-07,6.04089454e-01,2.83402031e-01
4.53453453e+01,2.80408578e+00,8.34743224e+02,4.06829890e+06,1.82111169e+03,1.18501948e-01,7.66285141e-07,6.00009375e-01,2.81487910e-01
4.54454454e+01,2.78973611e+00,8.42755203e+02,4.04299207e+06,1.81909253e+03,1.18501948e-01,7.62151445e-07,6.00009375e-01,2.81487915e-01
4.55455455e+01,2.76735774e+00,8.57717880e+02,4.01112745e+06,1.81934970e+03,1.18501947e-01,7.57649689e-07,6.00009375e-01,2.81487920e-01
4.56456456e+01,2.74176948e+00,8.70157416e+02,3.98328169e+06,1.82358121e+03,1.18501946e-01,7.52687671e-07,6.00009375e-01,2.81487926e-01
4.57457457e+01,2.69639615e+00,8.79655491e+02,3.91899079e+06,1.82433912e+03,1.18501946e-01,7.47138685e-07,6.00009375e-01,2.81487932e-01
4.58458458e+01,2.63789670e+00,9.01884930e+02,3.91589989e+06,1.85184623e+03,1.19236544e-01,7.45460641e-07,6.03728863e-01,2.83232897e-01
4.59459459e+01,2.61137574e+00,9.09867914e+02,3.88222226e+06,1.85708614e+03,1.19074697e-01,7.37423496e-07,6.02909390e-01,2.82848458e-01
4.60460460e+01,2.57713623e+00,9.17399795e+02,3.83735062e+06,1.86232799e+03,1.18926445e-01,7.28804571e-07,6.02158751e-01,2.82496312e-01
4.61461461e+01,2.53935248e+00,9.24352200e+02,3.79149836e+06,1.86925198e+03,1.18812062e-01,7.19801089e-07,6.01579601e-01,2.82224620e-01
4.62462462e+01,2.50110707e+00,9.29959856e+02,3.73861867e+06,1.87441354e+03,1.18618921e-01,7.09835789e-07,6.00601678e-01,2.81765847e-01
4.63463463e+01,2.47263246e+00,9.37637872e+02,3.71421594e+06,1.88583008e+03,1.18480129e-01,6.99839802e-07,5.99898940e-01,2.81436176e-01
4.64464464e+01,2.45375071e+00,9.43493461e+02,3.70290534e+06,1.89654097e+03,1.18356042e-01,6.89675620e-07,5.99270658e-01,2.81141435e-01
4.65465465e+01,2.43819081e+00,9.49934406e+02,3.70564804e+06,1.91128921e+03,1.18279793e-01,6.79660979e-07,5.98884596e-01,2.80960329e-01
4.66466466e+01,2.41863231e+00,9.50944070e+02,3.72995793e+06,1.93574934e+03,1.18501936e-01,6.71310844e-07,6.00009375e-01,2.81488017e-01
4.67467467e+01,2.37231420e+00,9.66513166e+02,3.67556114e+06,1.94476210e+03,1.18501935e-01,6.61689879e-07,6.00009375e-01,2.81488028e-01
4.68468468e+01,2.34042679e+00,9.72633627e+02,3.65811556e+06,1.96190241e+03,1.18501934e-01,6.52292728e-07,6.00009375e-01,2.81488039e-01
4.69469469e+01,2.31391570e+00,9.74907161e+02,3.65036311e+06,1.98017501e+03,1.18501933e-01,6.43289680e-07,6.00009375e-01,2.81488049e-01
4.70470470e+01,2.29110599e+00,9.73953666e+02,3.65068302e+06,2.00006444e+03,1.18501932e-01,6.34791169e-07,6.00009375e-01,2.81488059e-01
4.71471471e+01,2.26831101e+00,9.72515869e+02,3.64612315e+06,2.01764045e+03,1.18501931e-01,6.26886564e-07,6.00009375e-01,2.81488067e-01
4.72472472e+01,2.23844467e+00,9.78272729e+02,3.61966378e+06,2.02972365e+03,1.18501930e-01,6.19706663e-07,6.00009375e-01,2.81488076e-01
4.73473473e+01,2.20251068e+00,9.93619836e+02,3.57283566e+06,2.03615138e+03,1.18501929e-01,6.13315842e-07,6.00009375e-01,2.81488083e-01
4.74474474e+01,2.16057825e+00,1.01504027e+03,3.50947705e+06,2.03886023e+03,1.18501928e-01,6.07741257e-07,6.00009375e-01,2.81488089e-01
4.75475475e+01,2.13286051e+00,1.03091722e+03,3.46369855e+06,2.03841535e+03,1.18501928e-01,6.02935681e-07,6.00009375e-01,2.81488094e-01
4.76476476e+01,2.11040540e+00,1.04137647e+03,3.42912141e+06,2.03953903e+03,1.18501927e-01,5.98852837e-07,6.00009375e-01,2.81488099e-01
4.77477477e+01,2.09340408e+00,1.05073744e+03,3.40468585e+06,2.04145132e+03,1.18501927e-01,5.95414504e-07,6.00009375e-01,2.81488103e-01
4.78478478e+01,2.08821282e+00,1.06509198e+03,3.39526560e+06,2.04086391e+03,1.18501926e-01,5.92588366e-07,6.00009375e-01,2.81488106e-01
4.79479479e+01,2.09951847e+00,1.07531971e+03,3.32364819e+06,2.00308738e+03,1.17553594e-01,5.85617464e-07,5.95207696e-01,2.79235451e-01
4.80480480e+01,2.08570930e+00,1.08429855e+03,3.29190236e+06,1.99743112e+03,1.17533539e-01,5.83750798e-07,5.95106153e-01,2.79187815e-01
4.81481481e+01,2.06803447e+00,1.09488662e+03,3.26429412e+06,1.99666150e+03,1.17589223e-01,5.82636456e-07,5.95388100e-01,2.79320089e-01
4.82482482e+01,2.05037202e+00,1.10493003e+03,3.23747704e+06,1.99678033e+03,1.17620819e-01,5.81713071e-07,5.95548078e-01,2.79395142e-01
4.83483483e+01,2.03408072e+00,1.11367860e+03,3.21268095e+06,1.99687298e+03,1.17649322e-01,5.81029026e-07,5.95692400e-01,2.79462851e-01
4.84484484e+01,2.01977588e+00,1.12127001e+03,3.19159052e+06,1.99722685e+03,1.17683898e-01,5.80580901e-07,5.95867467e-01,2.79544982e-01
4.85485485e+01,2.00757856e+00,1.12809336e+03,3.17459643e+06,1.99784967e+03,1.17731757e-01,5.80362134e-07,5.96109792e-01,2.79658667e-01
4.86486486e+01,1.99726383e+00,1.13461119e+03,3.16107892e+06,1.99856337e+03,1.17793801e-01,5.80341435e-07,5.96423938e-01,2.79806045e-01
4.87487487e+01,1.98854841e+00,1.14128607e+03,3.15009269e+06,1.99920797e+03,1.17860871e-01,5.80443999e-07,5.96763533e-01,2.79965363e-01
4.88488488e+01,1.98049661e+00,1.14753731e+03,3.13825672e+06,1.99893899e+03,1.17911261e-01,5.80538667e-07,5.97018671e-01,2.80085059e-01
4.89489489e+01,1.97263407e+00,1.15223308e+03,3.12489661e+06,1.99765260e+03,1.17953170e-01,5.80646408e-07,5.97230868e-01,2.80184609e-01
4.90490490e+01,1.96416176e+00,1.15615247e+03,3.10912039e+06,1.99544806e+03,1.17994106e-01,5.80788932e-07,5.97438141e-01,2.80281849e-01
4.91491491e+01,1.95368278e+00,1.15962007e+03,3.08860121e+06,1.99226398e+03,1.18032434e-01,5.80946278e-07,5.97632205e-01,2.80372892e-01
4.92492492e+01,1.94360037e+00,1.16354967e+03,3.07290657e+06,1.99113155e+03,1.18108971e-01,5.81310279e-07,5.98019733e-01,2.80554697e-01
4.93493493e+01,1.93694083e+00,1.16783333e+03,3.06329902e+06,1.99074900e+03,1.18167211e-01,5.81596091e-07,5.98314624e-01,2.80693042e-01
4.94494494e+01,1.93471639e+00,1.17077715e+03,3.06425011e+06,1.99242865e+03,1.18240043e-01,5.81960771e-07,5.98683388e-01,2.80866044e-01
4.95495495e+01,1.93361769e+00,1.17459085e+03,3.06502941e+06,1.99328681e+03,1.18286368e-01,5.82198735e-07,5.98917949e-01,2.80976086e-01
4.96496496e+01,1.93126569e+00,1.17965633e+03,3.06062759e+06,1.99246128e+03,1.18309339e-01,5.82323246e-07,5.99034258e-01,2.81030651e-01
4.97497497e+01,1.92625346e+00,1.18521013e+03,3.05538223e+06,1.99300581e+03,1.18381547e-01,5.82690160e-07,5.99399865e-01,2.81202171e-01
4.98498498e+01,1.91391346e+00,1.19338635e+03,3.04144901e+06,1.99428593e+03,1.18525358e-01,5.83408721e-07,6.00128021e-01,2.81543778e-01
4.99499499e+01,1.87711503e+00,1.21568587e+03,2.99950500e+06,1.99811200e+03,1.18954077e-01,5.85528377e-07,6.02298749e-01,2.82562152e-01
5.00500501e+01,1.76986996e+00,1.28445239e+03,2.88147220e+06,5.64117685e+03,0.00000000e+00,2.30000000e-01,7.71102028e-01,0.00000000e+00
5.01501502e+01,1.62572433e+00,1.40858854e+03,2.53436834e+06,5.41385413e+03,0.00000000e+00,2.30000000e-01,7.68894305e-01,0.00000000e+00
5.02502503e+01,1.64216580e+00,1.39128230e+03,2.57622962e+06,5.44443606e+03,0.00000000e+00,2.30000000e-01,7.69561151e-01,0.00000000e+00
5.03503504e+01,1.61362656e+00,1.41653183e+03,2.51172512e+06,5.40392472e+03,0.00000000e+00,2.30000000e-01,7.69214965e-01,0.00000000e+00
5.04504505e+01,1.61231690e+00,1.41764388e+03,2.51284119e+06,5.40886649e+03,0.00000000e+00,2.30000000e-01,7.69547086e-01,0.00000000e+00
5.05505506e+01,1.59841579e+00,1.43205024e+03,2.48243146e+06,5.38951589e+03,0.00000000e+00,2.30000000e-01,7.69612763e-01,0.00000000e+00
5.06506507e+01,1.59311551e+00,1.44043816e+03,2.47091510e+06,5.38232022e+03,0.00000000e+00,2.30000000e-01,7.69620084e-01,0.00000000e+00
5.07507508e+01,1.58423500e+00,1.45327939e+03,2.45122156e+06,5.36946587e+03,0.00000000e+00,2.30000000e-01,7.69599634e-01,0.00000000e+00
5.08508509e+01,1.57589650e+00,1.46547287e+03,2.43339265e+06,5.35880740e+03,0.00000000e+00,2.30000000e-01,7.69564926e-01,0.00000000e+00
5.09509510e+01,1.56646396e+00,1.47738309e+03,2.41379695e+06,5.34762447e+03,0.00000000e+00,2.30000000e-01,7.69571789e-01,0.00000000e+00
5.10510511e+01,1.55631185e+00,1.48842852e+03,2.39143584e+06,5.33303305e+03,0.00000000e+00,2.30000000e-01,7.69501171e-01,0.00000000e+00
5.11511512e+01,1.54576246e+00,1.49845651e+03,2.36675346e+06,5.31470967e+03,0.00000000e+00,2.30000000e-01,7.69373499e-01,0.00000000e+00
5.12512513e+01,1.53457850e+00,1.50760277e+03,2.34047923e+06,5.29470539e+03,0.00000000e+00,2.30000000e-01,7.69246473e-01,0.00000000e+00
5.13513514e+01,1.52221343e+00,1.51587389e+03,2.31284289e+06,5.27509845e+03,0.00000000e+00,2.30000000e-01,7.69170777e-01,0.00000000e+00
5.14514515e+01,1.50900028e+00,1.52336383e+03,2.28342454e+06,5.25445681e+03,0.00000000e+00,2.30000000e-01,7.69013250e-01,0.00000000e+00
5.15515516e+01,1.49691161e+00,1.53206750e+03,2.25920142e+06,5.23968690e+03,0.00000000e+00,2.30000000e-01,7.69200830e-01,0.00000000e+00
5.16516517e+01,1.48630399e+00,1.54261711e+03,2.23941988e+06,5.22901456e+03,0.00000000e+00,2.30000000e-01,7.69546325e-01,0.00000000e+00
5.17517518e+01,1.47661017e+00,1.55419011e+03,2.22152060e+06,5.21966546e+03,0.00000000e+00,2.30000000e-01,7.69845464e-01,0.00000000e+00
5.18518519e+01,1.46829047e+00,1.56677891e+03,2.20518631e+06,5.20977818e+03,0.00000000e+00,2.30000000e-01,7.70007057e-01,0.00000000e+00
5.19519520e+01,1.46085591e+00,1.57996370e+03,2.18993295e+06,5.19964983e+03,0.00000000e+00,2.30000000e-01,7.70085937e-01,0.00000000e+00
5.20520521e+01,1.45260496e+00,1.59246690e+03,2.17303846e+06,5.18915532e+03,0.00000000e+00,2.30000000e-01,7.70027511e-01,0.00000000e+00
5.21521522e+01,1.44339474e+00,1.60383489e+03,2.15332362e+06,5.17604306e+03,0.00000000e+00,2.30000000e-01,7.69810765e-01,0.00000000e+00
5.22522523e+01,1.43372864e+00,1.61405374e+03,2.13133594e+06,5.15930790e+03,0.00000000e+00,2.30000000e-01,7.69513840e-01,0.00000000e+00
5.23523524e+01,1.42299399e+00,1.62287763e+03,2.10714744e+06,5.14070371e+03,0.00000000e+00,2.30000000e-01,7.69236196e-01,0.00000000e+00
5.24524525e+01,1.41053928e+00,1.63014078e+03,2.08115133e+06,5.12250963e+03,0.00000000e+00,2.30000000e-01,7.69161122e-01,0.00000000e+00
5.25525526e+01,1.39670724e+00,1.63604334e+03,2.05183500e+06,5.10104150e+03,0.00000000e+00,2.30000000e-01,7.69032634e-01,0.00000000e+00
5.26526527e+01,1.38273945e+00,1.64121939e+03,2.02176426e+06,5.07780878e+03,0.00000000e+00,2.30000000e-01,7.68888816e-01,0.00000000e+00
5.27527528e+01,1.37130424e+00,1.64961848e+03,2.00086875e+06,5.06498709e+03,0.00000000e+00,2.30000000e-01,7.69319231e-01,0.00000000e+00
5.28528529e+01,1.36180936e+00,1.66097112e+03,1.98598482e+06,5.05892742e+03,0.00000000e+00,2.30000000e-01,7.69978173e-01,0.00000000e+00
5.29529530e+01,1.35382499e+00,1.67409501e+03,1.97402580e+06,5.05502129e+03,0.00000000e+00,2.30000000e-01,7.70573614e-01,0.00000000e+00
5.30530531e+01,1.34818892e+00,1.68895390e+03,1.96383490e+06,5.04819025e+03,0.00000000e+00,2.30000000e-01,7.70912043e-01,0.00000000e+00
5.31531532e+01,1.34389313e+00,1.70456673e+03,1.95384106e+06,5.03809281e+03,0.00000000e+00,2.30000000e-01,7.71001209e-01,0.00000000e+00
5.32532533e+01,1.33838741e+00,1.71901862e+03,1.94207199e+06,5.02869644e+03,0.00000000e+00,2.30000000e-01,7.70933437e-01,0.00000000e+00
5.33533534e+01,1.33171465e+00,1.73273496e+03,1.92948435e+06,5.02083312e+03,0.00000000e+00,2.30000000e-01,7.70992168e-01,0.00000000e+00
5.34534535e+01,1.32409702e+00,1.74540043e+03,1.91433454e+06,5.01024955e+03,0.00000000e+00,2.30000000e-01,7.70957184e-01,0.00000000e+00
5.35535536e+01,1.31574606e+00,1.75681617e+03,1.89623902e+06,4.99538582e+03,0.00000000e+00,2.30000000e-01,7.70763085e-01,0.00000000e+00
5.36536537e+01,1.30684125e+00,1.76714451e+03,1.87613936e+06,4.97745432e+03,0.00000000e+00,2.30000000e-01,7.70501261e-01,0.00000000e+00
5.37537538e+01,1.29655204e+00,1.77598668e+03,1.85444783e+06,4.95985514e+03,0.00000000e+00,2.30000000e-01,7.70323814e-01,0.00000000e+00
5.38538539e+01,1.28470706e+00,1.78342983e+03,1.83155595e+06,4.94355412e+03,0.00000000e+00,2.30000000e-01,7.70371050e-01,0.00000000e+00
5.39539540e+01,1.27186528e+00,1.78984069e+03,1.80684640e+06,4.92563378e+03,0.00000000e+00,2.30000000e-01,7.70463277e-01,0.00000000e+00
5.40540541e+01,1.25890385e+00,1.79555387e+03,1.78087523e+06,4.90480951e+03,0.00000000e+00,2.30000000e-01,7.70465032e-01,0.00000000e+00
5.41541542e+01,1.24739837e+00,1.80294441e+03,1.75897018e+06,4.88808353e+03,0.00000000e+00,2.30000000e-01,7.70679650e-01,0.00000000e+00
5.42542543e+01,1.23730747e+00,1.81213152e+03,1.74051611e+06,4.87458136e+03,0.00000000e+00,2.30000000e-01,7.71011857e-01,0.00000000e+00
5.43543544e+01,1.22804124e+00,1.82226763e+03,1.72345174e+06,4.86169654e+03,0.00000000e+00,2.30000000e-01,7.71314695e-01,0.00000000e+00
5.44544545e+01,1.21907685e+00,1.83260102e+03,1.70623160e+06,4.84761281e+03,0.00000000e+00,2.30000000e-01,7.71495328e-01,0.00000000e+00
5.45545546e+01,1.21019905e+00,1.84282188e+03,1.68858655e+06,4.83227632e+03,0.00000000e+00,2.30000000e-01,7.71575498e-01,0.00000000e+00
5.46546547e+01,1.20129426e+00,1.85268426e+03,1.67064517e+06,4.81627567e+03,0.00000000e+00,2.30000000e-01,7.71595036e-01,0.00000000e+00
5.47547548e+01,1.19226487e+00,1.86186838e+03,1.65249572e+06,4.80004024e+03,0.00000000e+00,2.30000000e-01,7.71593330e-01,0.00000000e+00
5.48548549e+01,1.18298564e+00,1.87024028e+03,1.63410452e+06,4.78394002e+03,0.00000000e+00,2.30000000e-01,7.71575214e-01,0.00000000e+00
5.49549550e+01,1.17321925e+00,1.87798601e+03,1.61471937e+06,4.76721259e+03,0.00000000e+00,2.30000000e-01,7.71437942e-01,0.00000000e+00
5.50550551e+01,1.16307225e+00,1.88586160e+03,1.59482912e+06,4.75027234e+03,0.00000000e+00,2.30000000e-01,7.71293701e-01,0.00000000e+00
5.51551552e+01,1.15377930e+00,1.89548275e+03,1.57676568e+06,4.73437622e+03,0.00000000e+00,2.30000000e-01,7.71277340e-01,0.00000000e+00
5.52552553e+01,1.14564219e+00,1.90704280e+03,1.56269284e+06,4.72442099e+03,0.00000000e+00,2.30000000e-01,7.71488744e-01,0.00000000e+00
5.53553554e+01,1.13849994e+00,1.91980742e+03,1.55233619e+06,4.72115863e+03,0.00000000e+00,2.30000000e-01,7.71775834e-01,0.00000000e+00
5.54554555e+01,1.13298223e+00,1.93323711e+03,1.54383095e+06,4.71728001e+03,0.00000000e+00,2.30000000e-01,7.71956932e-01,0.00000000e+00
5.55555556e+01,1.12907827e+00,1.94711315e+03,1.53582696e+06,4.70854298e+03,0.00000000e+00,2.30000000e-01,7.72061613e-01,0.00000000e+00
5.56556557e+01,1.12533084e+00,1.96159051e+03,1.52743402e+06,4.69874757e+03,0.00000000e+00,2.30000000e-01,7.71990852e-01,0.00000000e+00
5.57557558e+01,1.12024418e+00,1.97536042e+03,1.51692660e+06,4.68881961e+03,0.00000000e+00,2.30000000e-01,7.71740360e-01,0.00000000e+00
5.58558559e+01,1.11468550e+00,1.98938865e+03,1.50621464e+06,4.67963159e+03,0.00000000e+00,2.30000000e-01,7.71593620e-01,0.00000000e+00
5.59559560e+01,1.10919654e+00,2.00271916e+03,1.49573708e+06,4.67030549e+03,0.00000000e+00,2.30000000e-01,7.71545710e-01,0.00000000e+00
5.60560561e+01,1.10360203e+00,2.01480857e+03,1.48460709e+06,4.65959929e+03,0.00000000e+00,2.30000000e-01,7.71431487e-01,0.00000000e+00
5.61561562e+01,1.09769897e+00,2.02575429e+03,1.47188743e+06,4.64568977e+03,0.00000000e+00,2.30000000e-01,7.71186615e-01,0.00000000e+00
5.62562563e+01,1.09116198e+00,2.03593279e+03,1.45700588e+06,4.62800976e+03,0.00000000e+00,2.30000000e-01,7.70820941e-01,0.00000000e+00
5.63563564e+01,1.08292706e+00,2.04518585e+03,1.43951469e+06,4.60900755e+03,0.00000000e+00,2.30000000e-01,7.70444202e-01,0.00000000e+00
5.64564565e+01,1.07264746e+00,2.05356671e+03,1.41965330e+06,4.58997834e+03,0.00000000e+00,2.30000000e-01,7.70232037e-01,0.00000000e+00
5.65565566e+01,1.06112359e+00,2.06082324e+03,1.39825591e+06,4.57036364e+03,0.00000000e+00,2.30000000e-01,7.70132012e-01,0.00000000e+00
5.66566567e+01,1.04954742e+00,2.06649299e+03,1.37582879e+06,4.54803650e+03,0.00000000e+00,2.30000000e-01,7.69837785e-01,0.00000000e+00
5.67567568e+01,1.03961457e+00,2.07336840e+03,1.35748039e+06,4.53087091e+03,0.00000000e+00,2.30000000e-01,7.69706155e-01,0.00000000e+00
5.68568569e+01,1.03174468e+00,2.08194460e+03,1.34380672e+06,4.51919764e+03,0.00000000e+00,2.30000000e-01,7.69759184e-01,0.00000000e+00
5.69569570e+01,1.02527317e+00,2.09185061e+03,1.33331795e+06,4.51126599e+03,0.00000000e+00,2.30000000e-01,7.69965957e-01,0.00000000e+00
5.70570571e+01,1.01921906e+00,2.10300016e+03,1.32356857e+06,4.50386966e+03,0.00000000e+00,2.30000000e-01,7.70183808e-01,0.00000000e+00
5.71571572e+01,1.01287494e+00,2.11500955e+03,1.31252554e+06,4.49399384e+03,0.00000000e+00,2.30000000e-01,7.70242799e-01,0.00000000e+00
5.72572573e+01,1.00602150e+00,2.12790511e+03,1.29989029e+06,4.48150854e+03,0.00000000e+00,2.30000000e-01,7.70143805e-01,0.00000000e+00
5.73573574e+01,9.98847088e-01,2.14103205e+03,1.28648511e+06,4.46795204e+03,0.00000000e+00,2.30000000e-01,7.69969433e-01,0.00000000e+00
5.74574575e+01,9.91806762e-01,2.15331735e+03,1.27357128e+06,4.45517196e+03,0.00000000e+00,2.30000000e-01,7.69822882e-01,0.00000000e+00
5.75575576e+01,9.85121683e-01,2.16408658e+03,1.26141181e+06,4.44300634e+03,0.00000000e+00,2.30000000e-01,7.69729771e-01,0.00000000e+00
5.76576577e+01,9.78681383e-01,2.17341253e+03,1.24968483e+06,4.43082237e+03,0.00000000e+00,2.30000000e-01,7.69695667e-01,0.00000000e+00
5.77577578e+01,9.72121136e-01,2.18187958e+03,1.23756816e+06,4.41775470e+03,0.00000000e+00,2.30000000e-01,7.69633763e-01,0.00000000e+00
5.78578579e+01,9.65204496e-01,2.18966460e+03,1.22485745e+06,4.40438180e+03,0.00000000e+00,2.30000000e-01,7.69486460e-01,0.00000000e+00
5.79579580e+01,9.57568092e-01,2.19749272e+03,1.21204165e+06,4.39324040e+03,0.00000000e+00,2.30000000e-01,7.69445453e-01,0.00000000e+00
5.80580581e+01,9.49380897e-01,2.20717812e+03,1.19818845e+06,4.38027940e+03,0.00000000e+00,2.30000000e-01,7.69489980e-01,0.00000000e+00
5.81581582e+01,9.41565942e-01,2.21845938e+03,1.18455509e+06,4.36607713e+03,0.00000000e+00,2.30000000e-01,7.69557693e-01,0.00000000e+00
5.82582583e+01,9.34374874e-01,2.22990406e+03,1.17182504e+06,4.35221254e+03,0.00000000e+00,2.30000000e-01,7.69598847e-01,0.00000000e+00
5.83583584e+01,9.27625431e-01,2.24156562e+03,1.15953740e+06,4.33819399e+03,0.00000000e+00,2.30000000e-01,7.69535403e-01,0.00000000e+00
5.84584585e+01,9.21390998e-01,2.25370407e+03,1.14834232e+06,4.32568921e+03,0.00000000e+00,2.30000000e-01,7.69465978e-01,0.00000000e+00
5.85585586e+01,9.15800880e-01,2.26659535e+03,1.13924746e+06,4.31718646e+03,0.00000000e+00,2.30000000e-01,7.69564600e-01,0.00000000e+00
5.86586587e+01,9.10665825e-01,2.27964607e+03,1.13119019e+06,4.31012817e+03,0.00000000e+00,2.30000000e-01,7.69721552e-01,0.00000000e+00
5.87587588e+01,9.05777903e-01,2.29315030e+03,1.12381214e+06,4.30397837e+03,0.00000000e+00,2.30000000e-01,7.69979865e-01,0.00000000e+00
5.88588589e+01,9.00958900e-01,2.30783705e+03,1.11588789e+06,4.29610967e+03,0.00000000e+00,2.30000000e-01,7.70065549e-01,0.00000000e+00
5.89589590e+01,8.96151207e-01,2.32314206e+03,1.10702942e+06,4.28555562e+03,0.00000000e+00,2.30000000e-01,7.69910121e-01,0.00000000e+00
5.90590591e+01,8.91809906e-01,2.33748212e+03,1.09877471e+06,4.27477651e+03,0.00000000e+00,2.30000000e-01,7.69803266e-01,0.00000000e+00
5.91591592e+01,8.87943771e-01,2.35039986e+03,1.09147829e+06,4.26491381e+03,0.00000000e+00,2.30000000e-01,7.69795278e-01,0.00000000e+00
5.92592593e+01,8.84185289e-01,2.36203401e+03,1.08471357e+06,4.25649627e+03,0.00000000e+00,2.30000000e-01,7.69795623e-01,0.00000000e+00
5.93593594e+01,8.80312723e-01,2.37263240e+03,1.07766073e+06,4.24762243e+03,0.00000000e+00,2.30000000e-01,7.69750101e-01,0.00000000e+00
5.94594595e+01,8.76146770e-01,2.38262058e+03,1.06949988e+06,4.23595908e+03,0.00000000e+00,2.30000000e-01,7.69644887e-01,0.00000000e+00
5.95595596e+01,8.70860141e-01,2.39196080e+03,1.05927449e+06,4.22173526e+03,0.00000000e+00,2.30000000e-01,7.69459300e-01,0.00000000e+00
5.96596597e+01,8.63663653e-01,2.40083283e+03,1.04609253e+06,4.20468209e+03,0.00000000e+00,2.30000000e-01,7.69287619e-01,0.00000000e+00
5.97597598e+01,8.54308475e-01,2.40916331e+03,1.02968310e+06,4.18435954e+03,0.00000000e+00,2.30000000e-01,7.69215166e-01,0.00000000e+00
5.98598599e+01,8.43072175e-01,2.41665829e+03,1.01051303e+06,4.16099739e+03,0.00000000e+00,2.30000000e-01,7.69259511e-01,0.00000000e+00
5.99599600e+01,8.31078239e-01,2.42231871e+03,9.90152826e+05,4.13580471e+03,0.00000000e+00,2.30000000e-01,7.69305505e-01,0.00000000e+00
6.00600601e+01,8.19663778e-01,2.42424619e+03,9.69823089e+05,4.10854745e+03,0.00000000e+00,2.30000000e-01,7.69010911e-01,0.00000000e+00
6.01601602e+01,8.10169919e-01,2.42705772e+03,9.54014413e+05,4.08871761e+03,0.00000000e+00,2.30000000e-01,7.69062828e-01,0.00000000e+00
6.02602603e+01,8.02543808e-01,2.43191547e+03,9.42125362e+05,4.07478496e+03,0.00000000e+00,2.30000000e-01,7.69383632e-01,0.00000000e+00
6.03603604e+01,7.95998485e-01,2.43871284e+03,9.32809220e+05,4.06539165e+03,0.00000000e+00,2.30000000e-01,7.69926816e-01,0.00000000e+00
6.04604605e+01,7.89671076e-01,2.44711324e+03,9.23777866e+05,4.05615709e+03,0.00000000e+00,2.30000000e-01,7.70437659e-01,0.00000000e+00
6.05605606e+01,7.82967146e-01,2.45666603e+03,9.13372538e+05,4.04371260e+03,0.00000000e+00,2.30000000e-01,7.70700784e-01,0.00000000e+00
6.06606607e+01,7.75653611e-01,2.46751839e+03,9.01351732e+05,4.02803125e+03,0.00000000e+00,2.30000000e-01,7.70722089e-01,0.00000000e+00
6.07607608e+01,7.67971546e-01,2.47895228e+03,8.88921235e+05,4.01213601e+03,0.00000000e+00,2.30000000e-01,7.70741913e-01,0.00000000e+00
6.08608609e+01,7.60625223e-01,2.48917568e+03,8.77062720e+05,3.99660857e+03,0.00000000e+00,2.30000000e-01,7.70799681e-01,0.00000000e+00
6.09609610e+01,7.53682685e-01,2.49756669e+03,8.64812883e+05,3.97831615e+03,0.00000000e+00,2.30000000e-01,7.70499790e-01,0.00000000e+00
6.10610611e+01,7.47422174e-01,2.50528404e+03,8.54252239e+05,3.96373336e+03,0.00000000e+00,2.30000000e-01,7.70234417e-01,0.00000000e+00
6.11611612e+01,7.42097748e-01,2.51413471e+03,8.45889693e+05,3.95290645e+03,0.00000000e+00,2.30000000e-01,7.70279982e-01,0.00000000e+00
6.12612613e+01,7.37382288e-01,2.52484461e+03,8.39235154e+05,3.94565890e+03,0.00000000e+00,2.30000000e-01,7.70582830e-01,0.00000000e+00
6.13613614e+01,7.32936866e-01,2.53753399e+03,8.33056868e+05,3.93908066e+03,0.00000000e+00,2.30000000e-01,7.70900183e-01,0.00000000e+00
6.14614615e+01,7.28603649e-01,2.55197027e+03,8.26716749e+05,3.93141868e+03,0.00000000e+00,2.30000000e-01,7.71130546e-01,0.00000000e+00
6.15615616e+01,7.24578910e-01,2.56654888e+03,8.20939288e+05,3.92509393e+03,0.00000000e+00,2.30000000e-01,7.71263116e-01,0.00000000e+00
6.16616617e+01,7.21066217e-01,2.58030158e+03,8.15387725e+05,3.91728047e+03,0.00000000e+00,2.30000000e-01,7.71328192e-01,0.00000000e+00
6.17617618e+01,7.17908779e-01,2.59352761e+03,8.10155579e+05,3.90861322e+03,0.00000000e+00,2.30000000e-01,7.71489714e-01,0.00000000e+00
6.18618619e+01,7.14625655e-01,2.60603517e+03,8.04956685e+05,3.90108614e+03,0.00000000e+00,2.30000000e-01,7.71561177e-01,0.00000000e+00
6.19619620e+01,7.11048023e-01,2.61864735e+03,7.98930217e+05,3.89123859e+03,0.00000000e+00,2.30000000e-01,7.71591838e-01,0.00000000e+00
6.20620621e+01,7.06884010e-01,2.63137355e+03,7.91329375e+05,3.87743594e+03,0.00000000e+00,2.30000000e-01,7.71462906e-01,0.00000000e+00
6.21621622e+01,7.01711879e-01,2.64379327e+03,7.81868004e+05,3.86040903e+03,0.00000000e+00,2.30000000e-01,7.71186959e-01,0.00000000e+00
6.22622623e+01,6.95416553e-01,2.65511484e+03,7.70837218e+05,3.84149607e+03,0.00000000e+00,2.30000000e-01,7.70909248e-01,0.00000000e+00
6.23623624e+01,6.88186880e-01,2.66434333e+03,7.58811891e+05,3.82188807e+03,0.00000000e+00,2.30000000e-01,7.70758187e-01,0.00000000e+00
6.24624625e+01,6.80290840e-01,2.67083929e+03,7.46234627e+05,3.80213930e+03,0.00000000e+00,2.30000000e-01,7.70764843e-01,0.00000000e+00
6.25625626e+01,6.71951044e-01,2.67460567e+03,7.33014753e+05,3.78117779e+03,0.00000000e+00,2.30000000e-01,7.70754175e-01,0.00000000e+00
6.26626627e+01,6.63385989e-01,2.67565108e+03,7.18260526e+05,3.75513356e+03,0.00000000e+00,2.30000000e-01,7.70177594e-01,0.00000000e+00
6.27627628e+01,6.55985672e-01,2.67786616e+03,7.06325990e+05,3.73538465e+03,0.00000000e+00,2.30000000e-01,7.69920790e-01,0.00000000e+00
6.28628629e+01,6.50435709e-01,2.68403005e+03,6.98416675e+05,3.72410896e+03,0.00000000e+00,2.30000000e-01,7.70172068e-01,0.00000000e+00
6.29629630e+01,6.46272851e-01,2.69357941e+03,6.93389789e+05,3.71889307e+03,0.00000000e+00,2.30000000e-01,7.70753850e-01,0.00000000e+00
6.30630631e+01,6.42878200e-01,2.70534291e+03,6.89726131e+05,3.71628078e+03,0.00000000e+00,2.30000000e-01,7.71406825e-01,0.00000000e+00
6.31631632e+01,6.39745415e-01,2.71832243e+03,6.86222354e+05,3.71351838e+03,0.00000000e+00,2.30000000e-01,7.71928046e-01,0.00000000e+00
6.32632633e+01,6.36560302e-01,2.73176440e+03,6.82043632e+05,3.70838951e+03,0.00000000e+00,2.30000000e-01,7.72186166e-01,0.00000000e+00
6.33633634e+01,6.33113594e-01,2.74580671e+03,6.77036303e+05,3.70097284e+03,0.00000000e+00,2.30000000e-01,7.72247041e-01,0.00000000e+00
6.34634635e+01,6.29178270e-01,2.76060490e+03,6.70972794e+05,3.69117184e+03,0.00000000e+00,2.30000000e-01,7.72140589e-01,0.00000000e+00
6.35635636e+01,6.24615941e-01,2.77601382e+03,6.63671741e+05,3.67869705e+03,0.00000000e+00,2.30000000e-01,7.71870084e-01,0.00000000e+00
6.36636637e+01,6.19484910e-01,2.79123615e+03,6.55379525e+05,3.66419790e+03,0.00000000e+00,2.30000000e-01,7.71504834e-01,0.00000000e+00
6.37637638e+01,6.13988998e-01,2.80492869e+03,6.46650106e+05,3.64903749e+03,0.00000000e+00,2.30000000e-01,7.71162662e-01,0.00000000e+00
6.38638639e+01,6.08281124e-01,2.81582408e+03,6.37833636e+05,3.63400905e+03,0.00000000e+00,2.30000000e-01,7.70908837e-01,0.00000000e+00
6.39639640e+01,6.02339172e-01,2.82329526e+03,6.28833912e+05,3.61877835e+03,0.00000000e+00,2.30000000e-01,7.70720330e-01,0.00000000e+00
6.40640641e+01,5.96048738e-01,2.82741617e+03,6.19401798e+05,3.60271100e+03,0.00000000e+00,2.30000000e-01,7.70560086e-01,0.00000000e+00
6.41641642e+01,5.89360399e-01,2.82858325e+03,6.08818404e+05,3.58293014e+03,0.00000000e+00,2.30000000e-01,7.70128751e-01,0.00000000e+00
6.42642643e+01,5.82616935e-01,2.82754516e+03,5.97677111e+05,3.56048621e+03,0.00000000e+00,2.30000000e-01,7.69470720e-01,0.00000000e+00
6.43643644e+01,5.77289648e-01,2.82993691e+03,5.90095199e+05,3.54755764e+03,0.00000000e+00,2.30000000e-01,7.69525797e-01,0.00000000e+00
6.44644645e+01,5.73329634e-01,2.83664470e+03,5.85599959e+05,3.54279286e+03,0.00000000e+00,2.30000000e-01,7.70089395e-01,0.00000000e+00
6.45645646e+01,5.70167625e-01,2.84648066e+03,5.82563291e+05,3.54135629e+03,0.00000000e+00,2.30000000e-01,7.70805557e-01,0.00000000e+00
6.46646647e+01,5.67326427e-01,2.85853856e+03,5.79948151e+05,3.54060537e+03,0.00000000e+00,2.30000000e-01,7.71494561e-01,0.00000000e+00
6.47647648e+01,5.64458121e-01,2.87179773e+03,5.76714170e+05,3.53708424e+03,0.00000000e+00,2.30000000e-01,7.71953576e-01,0.00000000e+00
6.48648649e+01,5.61395766e-01,2.88603008e+03,5.72614713e+05,3.53034931e+03,0.00000000e+00,2.30000000e-01,7.72160222e-01,0.00000000e+00
6.49649650e+01,5.58032873e-01,2.90120533e+03,5.67608279e+05,3.52069490e+03,0.00000000e+00,2.30000000e-01,7.72126276e-01,0.00000000e+00
6.50650651e+01,5.54238080e-01,2.91703663e+03,5.61716197e+05,3.50883014e+03,0.00000000e+00,2.30000000e-01,7.71896983e-01,0.00000000e+00
6.51651652e+01,5.49963695e-01,2.93310072e+03,5.55112775e+05,3.49568059e+03,0.00000000e+00,2.30000000e-01,7.71577060e-01,0.00000000e+00
6.52652653e+01,5.45327866e-01,2.94874279e+03,5.48113712e+05,3.48204618e+03,0.00000000e+00,2.30000000e-01,7.71270178e-01,0.00000000e+00
6.53653654e+01,5.40523696e-01,2.96312079e+03,5.41022105e+05,3.46839863e+03,0.00000000e+00,2.30000000e-01,7.71030165e-01,0.00000000e+00
6.54654655e+01,5.35665512e-01,2.97543565e+03,5.33959819e+05,3.45478555e+03,0.00000000e+00,2.30000000e-01,7.70856727e-01,0.00000000e+00
6.55655656e+01,5.30712629e-01,2.98517191e+03,5.26816911e+05,3.44086944e+03,0.00000000e+00,2.30000000e-01,7.70718604e-01,0.00000000e+00
6.56656657e+01,5.25503876e-01,2.99220536e+03,5.19348809e+05,3.42617556e+03,0.00000000e+00,2.30000000e-01,7.70587702e-01,0.00000000e+00
6.57657658e+01,5.19856757e-01,2.99677806e+03,5.11343820e+05,3.41042943e+03,0.00000000e+00,2.30000000e-01,7.70468305e-01,0.00000000e+00
6.58658659e+01,5.13675835e-01,2.99939596e+03,5.02614284e+05,3.39306186e+03,0.00000000e+00,2.30000000e-01,7.70319877e-01,0.00000000e+00
6.59659660e+01,5.07091204e-01,3.00054843e+03,4.92907060e+05,3.37222251e+03,0.00000000e+00,2.30000000e-01,7.69892241e-01,0.00000000e+00
6.60660661e+01,5.01164620e-01,3.00312616e+03,4.84692698e+05,3.35559603e+03,0.00000000e+00,2.30000000e-01,7.69788620e-01,0.00000000e+00
6.61661662e+01,4.96278836e-01,3.00842144e+03,4.78325763e+05,3.34360701e+03,0.00000000e+00,2.30000000e-01,7.69937088e-01,0.00000000e+00
6.62662663e+01,4.92215895e-01,3.01567120e+03,4.73282042e+05,3.33474260e+03,0.00000000e+00,2.30000000e-01,7.70203900e-01,0.00000000e+00
6.63663664e+01,4.88736957e-01,3.02406176e+03,4.69067401e+05,3.32759116e+03,0.00000000e+00,2.30000000e-01,7.70490367e-01,0.00000000e+00
6.64664665e+01,4.85620182e-01,3.03296962e+03,4.65275043e+05,3.32104677e+03,0.00000000e+00,2.30000000e-01,7.70731917e-01,0.00000000e+00
6.65665666e+01,4.82703372e-01,3.04201452e+03,4.61632878e+05,3.31441206e+03,0.00000000e+00,2.30000000e-01,7.70892773e-01,0.00000000e+00
6.66666667e+01,4.79906258e-01,3.05098139e+03,4.58030536e+05,3.30745663e+03,0.00000000e+00,2.30000000e-01,7.70968809e-01,0.00000000e+00
6.67667668e+01,4.77207680e-01,3.05977258e+03,4.54478118e+05,3.30031618e+03,0.00000000e+00,2.30000000e-01,7.70982560e-01,0.00000000e+00
6.68668669e+01,4.74606496e-01,3.06840163e+03,4.51029919e+05,3.29327762e+03,0.00000000e+00,2.30000000e-01,7.70967618e-01,0.00000000e+00
6.69669670e+01,4.72099561e-01,3.07695174e+03,4.47718354e+05,3.28652956e+03,0.00000000e+00,2.30000000e-01,7.70946191e-01,0.00000000e+00
6.70670671e+01,4.69684769e-01,3.08547632e+03,4.44539772e+05,3.28006464e+03,0.00000000e+00,2.30000000e-01,7.70919290e-01,0.00000000e+00
6.71671672e+01,4.67369153e-01,3.09393370e+03,4.41496234e+05,3.27385358e+03,0.00000000e+00,2.30000000e-01,7.70887864e-01,0.00000000e+00
6.72672673e+01,4.65155873e-01,3.10220883e+03,4.38598391e+05,3.26793299e+03,0.00000000e+00,2.30000000e-01,7.70860276e-01,0.00000000e+00
6.73673674e+01,4.63027129e-01,3.11016645e+03,4.35812633e+05,3.26222226e+03,0.00000000e+00,2.30000000e-01,7.70825464e-01,0.00000000e+00
6.74674675e+01,4.60960689e-01,3.11777125e+03,4.33110802e+05,3.25668645e+03,0.00000000e+00,2.30000000e-01,7.70779233e-01,0.00000000e+00
6.75675676e+01,4.58936634e-01,3.12507245e+03,4.30453361e+05,3.25115832e+03,0.00000000e+00,2.30000000e-01,7.70725694e-01,0.00000000e+00
6.76676677e+01,4.56931553e-01,3.13210541e+03,4.27791275e+05,3.24542862e+03,0.00000000e+00,2.30000000e-01,7.70666274e-01,0.00000000e+00
6.77677678e+01,4.54921870e-01,3.13882057e+03,4.25060951e+05,3.23924020e+03,0.00000000e+00,2.30000000e-01,7.70582411e-01,0.00000000e+00
6.78678679e+01,4.52864101e-01,3.14507541e+03,4.22184548e+05,3.23237234e+03,0.00000000e+00,2.30000000e-01,7.70452210e-01,0.00000000e+00
6.79679680e+01,4.50701761e-01,3.15068757e+03,4.19115642e+05,3.22482032e+03,0.00000000e+00,2.30000000e-01,7.70286718e-01,0.00000000e+00
6.80680681e+01,4.48385761e-01,3.15543754e+03,4.15847193e+05,3.21675485e+03,0.00000000e+00,2.30000000e-01,7.70118721e-01,0.00000000e+00
6.81681682e+01,4.45869467e-01,3.15916673e+03,4.12363912e+05,3.20829039e+03,0.00000000e+00,2.30000000e-01,7.69973897e-01,0.00000000e+00
6.82682683e+01,4.43103027e-01,3.16186212e+03,4.08621028e+05,3.19939125e+03,0.00000000e+00,2.30000000e-01,7.69860718e-01,0.00000000e+00
6.83683684e+01,4.40049123e-01,3.16364498e+03,4.04584497e+05,3.19002372e+03,0.00000000e+00,2.30000000e-01,7.69783620e-01,0.00000000e+00
6.84684685e+01,4.36710013e-01,3.16466079e+03,4.00090154e+05,3.17924936e+03,0.00000000e+00,2.30000000e-01,7.69618066e-01,0.00000000e+00
6.85685686e+01,4.33238995e-01,3.16500032e+03,3.95192160e+05,3.16679408e+03,0.00000000e+00,2.30000000e-01,7.69217581e-01,0.00000000e+00
6.86686687e+01,4.30319750e-01,3.16667902e+03,3.91277712e+05,3.15748244e+03,0.00000000e+00,2.30000000e-01,7.68976098e-01,0.00000000e+00
6.87687688e+01,4.28137819e-01,3.17041174e+03,3.88632080e+05,3.15212190e+03,0.00000000e+00,2.30000000e-01,7.68974228e-01,0.00000000e+00
6.88688689e+01,4.26598644e-01,3.17589753e+03,3.87084218e+05,3.15015285e+03,0.00000000e+00,2.30000000e-01,7.69202856e-01,0.00000000e+00
6.89689690e+01,4.25487666e-01,3.18225602e+03,3.86019661e+05,3.14873080e+03,0.00000000e+00,2.30000000e-01,7.69499121e-01,0.00000000e+00
6.90690691e+01,4.24586672e-01,3.18866778e+03,3.84997530e+05,3.14627776e+03,0.00000000e+00,2.30000000e-01,7.69739706e-01,0.00000000e+00
6.91691692e+01,4.23771688e-01,3.19503140e+03,3.84375381e+05,3.14666533e+03,0.00000000e+00,2.30000000e-01,7.69915349e-01,0.00000000e+00
6.92692693e+01,4.23083939e-01,3.20147626e+03,3.84234811e+05,3.15011396e+03,0.00000000e+00,2.30000000e-01,7.70073778e-01,0.00000000e+00
6.93693694e+01,4.22623984e-01,3.20807025e+03,3.84403860e+05,3.15450698e+03,0.00000000e+00,2.30000000e-01,7.70203972e-01,0.00000000e+00
6.94694695e+01,4.22445879e-01,3.21481725e+03,3.84702309e+05,3.15802604e+03,0.00000000e+00,2.30000000e-01,7.70284293e-01,0.00000000e+00
6.95695696e+01,4.22596657e-01,3.22235721e+03,3.85165389e+05,3.16021846e+03,0.00000000e+00,2.30000000e-01,7.70432149e-01,0.00000000e+00
6.96696697e+01,4.23332036e-01,3.23028144e+03,3.86103262e+05,3.16194864e+03,0.00000000e+00,2.30000000e-01,7.70574095e-01,0.00000000e+00
6.97697698e+01,4.24719285e-01,3.23770741e+03,3.87657081e+05,3.16434822e+03,0.00000000e+00,2.30000000e-01,7.70560550e-01,0.00000000e+00
6.98698699e+01,4.26558476e-01,3.24449587e+03,3.89894991e+05,3.16899819e+03,0.00000000e+00,2.30000000e-01,7.70528364e-01,0.00000000e+00
6.99699700e+01,4.28431102e-01,3.25140278e+03,3.92385285e+05,3.17515170e+03,0.00000000e+00,2.30000000e-01,7.70573464e-01,0.00000000e+00
7.00700701e+01,4.29942783e-01,3.25838603e+03,3.94344517e+05,3.17955552e+03,0.00000000e+00,2.30000000e-01,7.70643936e-01,0.00000000e+00
7.01701702e+01,4.31171132e-01,3.26514112e+03,3.95946335e+05,3.18311238e+03,0.00000000e+00,2.30000000e-01,7.70724396e-01,0.00000000e+00
7.02702703e+01,4.32203239e-01,3.27169461e+03,3.97401691e+05,3.18694848e+03,0.00000000e+00,2.30000000e-01,7.70795960e-01,0.00000000e+00
7.03703704e+01,4.33121178e-01,3.27804570e+03,3.98798758e+05,3.19126102e+03,0.00000000e+00,2.30000000e-01,7.70830431e-01,0.00000000e+00
7.04704705e+01,4.34001140e-01,3.28417489e+03,4.00190562e+05,3.19588235e+03,0.00000000e+00,2.30000000e-01,7.70837455e-01,0.00000000e+00
7.05705706e+01,4.34898534e-01,3.29014596e+03,4.01636040e+05,3.20075547e+03,0.00000000e+00,2.30000000e-01,7.70853235e-01,0.00000000e+00
7.06706707e+01,4.35851853e-01,3.29583519e+03,4.03213092e+05,3.20617675e+03,0.00000000e+00,2.30000000e-01,7.70889121e-01,0.00000000e+00
7.07707708e+01,4.36894773e-01,3.30115526e+03,4.04978059e+05,3.21232711e+03,0.00000000e+00,2.30000000e-01,7.70948704e-01,0.00000000e+00
7.08708709e+01,4.38050139e-01,3.30607114e+03,4.06964512e+05,3.21928082e+03,0.00000000e+00,2.30000000e-01,7.71035960e-01,0.00000000e+00
7.09709710e+01,4.39331073e-01,3.31059661e+03,4.09180376e+05,3.22698170e+03,0.00000000e+00,2.30000000e-01,7.71153558e-01,0.00000000e+00
7.10710711e+01,4.40742489e-01,3.31478624e+03,4.11608753e+05,3.23524643e+03,0.00000000e+00,2.30000000e-01,7.71301229e-01,0.00000000e+00
7.11711712e+01,4.42285117e-01,3.31872079e+03,4.14217828e+05,3.24381126e+03,0.00000000e+00,2.30000000e-01,7.71477212e-01,0.00000000e+00
7.12712713e+01,4.43961679e-01,3.32248533e+03,4.16977013e+05,3.25240600e+03,0.00000000e+00,2.30000000e-01,7.71681050e-01,0.00000000e+00
7.13713714e+01,4.45780397e-01,3.32615246e+03,4.19868267e+05,3.26081421e+03,0.00000000e+00,2.30000000e-01,7.71914442e-01,0.00000000e+00
7.14714715e+01,4.47750765e-01,3.32978503e+03,4.22882261e+05,3.26888346e+03,0.00000000e+00,2.30000000e-01,7.72178162e-01,0.00000000e+00
7.15715716e+01,4.49870791e-01,3.33346245e+03,4.25997526e+05,3.27648018e+03,0.00000000e+00,2.30000000e-01,7.72465226e-01,0.00000000e+00
7.16716717e+01,4.52110411e-01,3.33730921e+03,4.29133002e+05,3.28332268e+03,0.00000000e+00,2.30000000e-01,7.72739060e-01,0.00000000e+00
7.17717718e+01,4.54383657e-01,3.34153893e+03,4.32114300e+05,3.28890587e+03,0.00000000e+00,2.30000000e-01,7.72942406e-01,0.00000000e+00
7.18718719e+01,4.56608612e-01,3.34653134e+03,4.34854869e+05,3.29310534e+03,0.00000000e+00,2.30000000e-01,7.73099732e-01,0.00000000e+00
7.19719720e+01,4.58805522e-01,3.35209441e+03,4.37456903e+05,3.29651133e+03,0.00000000e+00,2.30000000e-01,7.73228646e-01,0.00000000e+00
7.20720721e+01,4.60986588e-01,3.35810029e+03,4.39988522e+05,3.29953758e+03,0.00000000e+00,2.30000000e-01,7.73336170e-01,0.00000000e+00
7.21721722e+01,4.63157358e-01,3.36446972e+03,4.42500771e+05,3.30250637e+03,0.00000000e+00,2.30000000e-01,7.73430033e-01,0.00000000e+00
7.22722723e+01,4.65323216e-01,3.37113621e+03,4.45032171e+05,3.30564418e+03,0.00000000e+00,2.30000000e-01,7.73517085e-01,0.00000000e+00
7.23723724e+01,4.67489226e-01,3.37805313e+03,4.47594993e+05,3.30899440e+03,0.00000000e+00,2.30000000e-01,7.73600142e-01,0.00000000e+00
7.24724725e+01,4.69666942e-01,3.38520051e+03,4.50188610e+05,3.31244018e+03,0.00000000e+00,2.30000000e-01,7.73687440e-01,0.00000000e+00
7.25725726e+01,4.71894735e-01,3.39250850e+03,4.52839689e+05,3.31585210e+03,0.00000000e+00,2.30000000e-01,7.73794616e-01,0.00000000e+00
7.26726727e+01,4.74238445e-01,3.39984149e+03,4.55602847e+05,3.31912621e+03,0.00000000e+00,2.30000000e-01,7.73933173e-01,0.00000000e+00
7.27727728e+01,4.76772947e-01,3.40702988e+03,4.58531971e+05,3.32215529e+03,0.00000000e+00,2.30000000e-01,7.74095286e-01,0.00000000e+00
7.28728729e+01,4.79565404e-01,3.41389918e+03,4.61672863e+05,3.32488643e+03,0.00000000e+00,2.30000000e-01,7.74256114e-01,0.00000000e+00
7.29729730e+01,4.82680128e-01,3.42024051e+03,4.65123948e+05,3.32760295e+03,0.00000000e+00,2.30000000e-01,7.74409094e-01,0.00000000e+00
7.30730731e+01,4.86168453e-01,3.42585529e+03,4.68950601e+05,3.33048760e+03,0.00000000e+00,2.30000000e-01,7.74532044e-01,0.00000000e+00
7.31731732e+01,4.90036788e-01,3.43060489e+03,4.73401425e+05,3.33472742e+03,0.00000000e+00,2.30000000e-01,7.74774833e-01,0.00000000e+00
7.32732733e+01,4.93909537e-01,3.43510731e+03,4.78096572e+05,3.34033130e+03,0.00000000e+00,2.30000000e-01,7.75085367e-01,0.00000000e+00
7.33733734e+01,4.97227278e-01,3.44057410e+03,4.82175527e+05,3.34545296e+03,0.00000000e+00,2.30000000e-01,7.75347591e-01,0.00000000e+00
7.34734735e+01,5.00107476e-01,3.44677161e+03,4.85698431e+05,3.34980046e+03,0.00000000e+00,2.30000000e-01,7.75548048e-01,0.00000000e+00
7.35735736e+01,5.02697423e-01,3.45356222e+03,4.88788936e+05,3.35323975e+03,0.00000000e+00,2.30000000e-01,7.75695815e-01,0.00000000e+00
7.36736737e+01,5.05157269e-01,3.46064716e+03,4.91644857e+05,3.35599312e+03,0.00000000e+00,2.30000000e-01,7.75816699e-01,0.00000000e+00
7.37737738e+01,5.07582513e-01,3.46776815e+03,4.94403344e+05,3.35833995e+03,0.00000000e+00,2.30000000e-01,7.75920790e-01,0.00000000e+00
7.38738739e+01,5.10014620e-01,3.47480062e+03,4.97153581e+05,3.36057521e+03,0.00000000e+00,2.30000000e-01,7.76020334e-01,0.00000000e+00
7.39739740e+01,5.12483222e-01,3.48168194e+03,4.99977404e+05,3.36299357e+03,0.00000000e+00,2.30000000e-01,7.76133680e-01,0.00000000e+00
7.40740741e+01,5.15076836e-01,3.48840184e+03,5.03263748e+05,3.36713199e+03,0.00000000e+00,2.30000000e-01,7.76401100e-01,0.00000000e+00
7.41741742e+01,5.18059932e-01,3.49626402e+03,5.08736482e+05,3.38007894e+03,0.00000000e+00,2.30000000e-01,7.77578250e-01,0.00000000e+00
7.42742743e+01,5.23205230e-01,3.50795031e+03,5.01929601e+05,3.32676220e+03,0.00000000e+00,2.27520743e-01,7.72479257e-01,0.00000000e+00
7.43743744e+01,5.30372862e-01,3.50863013e+03,5.10023945e+05,3.33466736e+03,0.00000000e+00,2.27381001e-01,7.72618999e-01,0.00000000e+00
7.44744745e+01,5.35640194e-01,3.51173095e+03,5.15628652e+05,3.33817422e+03,0.00000000e+00,2.27414563e-01,7.72585437e-01,0.00000000e+00
7.45745746e+01,5.40569718e-01,3.51916277e+03,5.20629148e+05,3.33962515e+03,0.00000000e+00,2.26980647e-01,7.73019353e-01,0.00000000e+00
7.46746747e+01,5.44047737e-01,3.52587263e+03,5.24507176e+05,3.34282158e+03,0.00000000e+00,2.26582088e-01,7.73417912e-01,0.00000000e+00
7.47747748e+01,5.44817279e-01,3.52685766e+03,5.25141987e+05,3.34223850e+03,0.00000000e+00,2.26811967e-01,7.73188033e-01,0.00000000e+00
7.48748749e+01,5.43635165e-01,3.52364425e+03,5.23137834e+05,3.33709111e+03,0.00000000e+00,2.27672495e-01,7.72327505e-01,0.00000000e+00
7.49749750e+01,5.41679748e-01,3.53480623e+03,5.35416540e+05,3.39766359e+03,0.00000000e+00,2.30000000e-01,7.78892743e-01,0.00000000e+00
7.50750751e+01,5.41625646e-01,3.53870594e+03,5.34012346e+05,3.39119794e+03,0.00000000e+00,2.30000000e-01,7.78283808e-01,0.00000000e+00
7.51751752e+01,5.42690723e-01,3.54241061e+03,5.34410716e+05,3.38800059e+03,0.00000000e+00,2.30000000e-01,7.78013943e-01,0.00000000e+00
7.52752753e+01,5.45022376e-01,3.54460496e+03,5.36336228e+05,3.38614387e+03,0.00000000e+00,2.30000000e-01,7.77874387e-01,0.00000000e+00
7.53753754e+01,5.47862320e-01,3.54612569e+03,5.38742109e+05,3.38368678e+03,0.00000000e+00,2.30000000e-01,7.77878765e-01,0.00000000e+00
7.54754755e+01,5.49870550e-01,3.54797814e+03,5.39798021e+05,3.37871162e+03,0.00000000e+00,2.30000000e-01,7.77654142e-01,0.00000000e+00
7.55755756e+01,5.51257199e-01,3.54953142e+03,5.40164875e+05,3.37358582e+03,0.00000000e+00,2.30000000e-01,7.77339953e-01,0.00000000e+00
7.56756757e+01,5.52305639e-01,3.55009534e+03,5.39933573e+05,3.36685716e+03,0.00000000e+00,2.30000000e-01,7.77015185e-01,0.00000000e+00
7.57757758e+01,5.53076362e-01,3.54950614e+03,5.39139089e+05,3.35829690e+03,0.00000000e+00,2.30000000e-01,7.76700909e-01,0.00000000e+00
7.58758759e+01,5.53590594e-01,3.54838608e+03,5.38314821e+05,3.35087322e+03,0.00000000e+00,2.30000000e-01,7.76459977e-01,0.00000000e+00
7.59759760e+01,5.53904624e-01,3.54735382e+03,5.37684394e+05,3.34556461e+03,0.00000000e+00,2.30000000e-01,7.76309998e-01,0.00000000e+00
7.60760761e+01,5.54082913e-01,3.54643247e+03,5.36846540e+05,3.33962490e+03,0.00000000e+00,2.30000000e-01,7.76208006e-01,0.00000000e+00
7.61761762e+01,5.54189607e-01,3.54561863e+03,5.35565148e+05,3.33120939e+03,0.00000000e+00,2.30000000e-01,7.76150131e-01,0.00000000e+00
7.62762763e+01,5.54202324e-01,3.54468636e+03,5.33881384e+05,3.32105983e+03,0.00000000e+00,2.30000000e-01,7.76032506e-01,0.00000000e+00
7.63763764e+01,5.53900221e-01,3.54301409e+03,5.31849462e+05,3.31135324e+03,0.00000000e+00,2.30000000e-01,7.75699349e-01,0.00000000e+00
7.64764765e+01,5.52906560e-01,3.54071770e+03,5.29456687e+05,3.30397239e+03,0.00000000e+00,2.30000000e-01,7.75228394e-01,0.00000000e+00
7.65765766e+01,5.51085332e-01,3.53781316e+03,5.26730916e+05,3.29956396e+03,0.00000000e+00,2.30000000e-01,7.74713859e-01,0.00000000e+00
7.66766767e+01,5.48757511e-01,3.53527003e+03,5.25159839e+05,3.30435405e+03,0.00000000e+00,2.30000000e-01,7.74513962e-01,0.00000000e+00
7.67767768e+01,5.46853261e-01,3.53473295e+03,5.25354223e+05,3.31647677e+03,0.00000000e+00,2.30000000e-01,7.74693755e-01,0.00000000e+00
7.68768769e+01,5.45047193e-01,3.53479442e+03,5.25801082e+05,3.33022445e+03,0.00000000e+00,2.30000000e-01,7.74714886e-01,0.00000000e+00
7.69769770e+01,5.43027959e-01,3.53501340e+03,5.25969462e+05,3.34467828e+03,0.00000000e+00,2.30000000e-01,7.74423042e-01,0.00000000e+00
7.70770771e+01,5.40421037e-01,3.53542059e+03,5.26091488e+05,3.36365197e+03,0.00000000e+00,2.30000000e-01,7.73825542e-01,0.00000000e+00
7.71771772e+01,5.36879580e-01,3.53619030e+03,5.26422460e+05,3.39086454e+03,0.00000000e+00,2.30000000e-01,7.72993090e-01,0.00000000e+00
7.72772773e+01,5.32161146e-01,3.53755053e+03,5.27077977e+05,3.42901715e+03,0.00000000e+00,2.30000000e-01,7.71905520e-01,0.00000000e+00
7.73773774e+01,5.25979748e-01,3.53960528e+03,5.27877380e+05,3.48004562e+03,0.00000000e+00,2.30000000e-01,7.70376211e-01,0.00000000e+00
7.74774775e+01,5.17829282e-01,3.54196712e+03,5.28266044e+05,3.54570349e+03,0.00000000e+00,2.30000000e-01,7.68106887e-01,0.00000000e+00
7.75775776e+01,5.06678804e-01,3.54284390e+03,5.25769643e+05,3.62131083e+03,0.00000000e+00,2.30000000e-01,7.64171147e-01,0.00000000e+00
7.76776777e+01,4.89938703e-01,3.53859869e+03,5.38718430e+05,3.81560194e+03,0.00000000e+00,2.32762835e-01,7.67237165e-01,0.00000000e+00
7.77777778e+01,4.65712257e-01,3.54311672e+03,5.35125964e+05,3.98789847e+03,0.00000000e+00,2.33889291e-01,7.66110709e-01,0.00000000e+00
7.78778779e+01,4.37440654e-01,3.54859732e+03,5.31494127e+05,4.21719799e+03,0.00000000e+00,2.34587842e-01,7.65412158e-01,0.00000000e+00
7.79779780e+01,4.06717233e-01,3.54992896e+03,5.30549748e+05,4.52808346e+03,0.00000000e+00,2.35237813e-01,7.64762187e-01,0.00000000e+00
7.80780781e+01,3.72968888e-01,3.54812459e+03,5.31215899e+05,4.94466466e+03,0.00000000e+00,2.36269516e-01,7.63730484e-01,0.00000000e+00
7.81781782e+01,3.36217122e-01,3.54660996e+03,5.31506845e+05,5.48968016e+03,0.00000000e+00,2.38415406e-01,7.61584594e-01,0.00000000e+00
7.82782783e+01,3.03714657e-01,3.54631682e+03,5.31180406e+05,6.07504830e+03,0.00000000e+00,2.40485585e-01,7.59514415e-01,0.00000000e+00
7.83783784e+01,2.77934048e-01,3.54596694e+03,5.30925096e+05,6.63693399e+03,0.00000000e+00,2.42324367e-01,7.57675633e-01,0.00000000e+00
7.84784785e+01,2.57896093e-01,3.54557323e+03,5.30703906e+05,7.15101117e+03,0.00000000e+00,2.43829031e-01,7.56170969e-01,0.00000000e+00
7.85785786e+01,2.42642174e-01,3.54506330e+03,5.30540722e+05,7.59930576e+03,0.00000000e+00,2.44932126e-01,7.55067874e-01,0.00000000e+00
7.86786787e+01,2.31229118e-01,3.54474765e+03,5.30321206e+05,7.97180703e+03,0.00000000e+00,2.45627858e-01,7.54372142e-01,0.00000000e+00
7.87787788e+01,2.22866135e-01,3.54449986e+03,5.30131325e+05,8.26831561e+03,0.00000000e+00,2.45938828e-01,7.54061172e-01,0.00000000e+00
7.88788789e+01,2.16868181e-01,3.54425859e+03,5.30026160e+05,8.49526835e+03,0.00000000e+00,2.45902536e-01,7.54097464e-01,0.00000000e+00
7.89789790e+01,2.12639274e-01,3.54414464e+03,5.29928855e+05,8.66227974e+03,0.00000000e+00,2.45588658e-01,7.54411342e-01,0.00000000e+00
7.90790791e+01,2.09725338e-01,3.54411300e+03,5.29878308e+05,8.78119094e+03,0.00000000e+00,2.45052189e-01,7.54947811e-01,0.00000000e+00
7.91791792e+01,2.07753863e-01,3.54412381e+03,5.29791352e+05,8.86226519e+03,0.00000000e+00,2.44349709e-01,7.55650291e-01,0.00000000e+00
7.92792793e+01,2.06433131e-01,3.54407206e+03,5.29649105e+05,8.91565444e+03,0.00000000e+00,2.43550301e-01,7.56449699e-01,0.00000000e+00
7.93793794e+01,2.05575026e-01,3.54379909e+03,5.29479093e+05,8.94901285e+03,0.00000000e+00,2.42694965e-01,7.57305035e-01,0.00000000e+00
7.94794795e+01,2.05036261e-01,3.54355174e+03,5.29340143e+05,8.96916186e+03,0.00000000e+00,2.41817143e-01,7.58182857e-01,0.00000000e+00
7.95795796e+01,2.04740522e-01,3.54344812e+03,5.29328130e+05,8.98087379e+03,0.00000000e+00,2.40915648e-01,7.59084352e-01,0.00000000e+00
7.96796797e+01,2.04593756e-01,3.54333417e+03,5.29364717e+05,8.98689688e+03,0.00000000e+00,2.40013989e-01,7.59986011e-01,0.00000000e+00
7.97797798e+01,2.04501063e-01,3.54334437e+03,5.29359729e+05,8.98988533e+03,0.00000000e+00,2.39147469e-01,7.60852531e-01,0.00000000e+00
7.98798799e+01,2.04443631e-01,3.54315343e+03,5.29322436e+05,8.99083453e+03,0.00000000e+00,2.38330779e-01,7.61669221e-01,0.00000000e+00
7.99799800e+01,2.04397229e-01,3.54301772e+03,5.29203708e+05,8.98997859e+03,0.00000000e+00,2.37568335e-01,7.62431665e-01,0.00000000e+00
8.00800801e+01,2.04380348e-01,3.54301397e+03,5.29146302e+05,8.98890725e+03,0.00000000e+00,2.36841515e-01,7.63158485e-01,0.00000000e+00
8.01801802e+01,2.04364693e-01,3.54346577e+03,5.29092277e+05,8.98788449e+03,0.00000000e+00,2.36153653e-01,7.63846347e-01,0.00000000e+00
8.02802803e+01,2.04447814e-01,3.54464752e+03,5.29381935e+05,8.98823997e+03,0.00000000e+00,2.35365710e-01,7.64634290e-01,0.00000000e+00
8.03803804e+01,2.05073239e-01,3.54955939e+03,5.31661681e+05,8.99763411e+03,0.00000000e+00,2.33821472e-01,7.66178528e-01,0.00000000e+00
8.04804805e+01,2.07205730e-01,3.55837529e+03,5.22829304e+05,8.83295112e+03,0.00000000e+00,2.30000000e-01,7.61186383e-01,0.00000000e+00
8.05805806e+01,2.08219849e-01,3.54596746e+03,5.28456544e+05,8.87411019e+03,0.00000000e+00,2.30000000e-01,7.62317379e-01,0.00000000e+00
8.06806807e+01,2.08114775e-01,3.54433916e+03,5.29430381e+05,8.88919436e+03,0.00000000e+00,2.30000000e-01,7.62941561e-01,0.00000000e+00
8.07807808e+01,2.07724572e-01,3.54429906e+03,5.29488976e+05,8.90101263e+03,0.00000000e+00,2.30000000e-01,7.63576992e-01,0.00000000e+00
8.08808809e+01,2.07237463e-01,3.54485169e+03,5.29387293e+05,8.91371502e+03,0.00000000e+00,2.30000000e-01,7.64281277e-01,0.00000000e+00
8.09809810e+01,2.06755901e-01,3.54492251e+03,5.29406654e+05,8.92840788e+03,0.00000000e+00,2.30000000e-01,7.64972925e-01,0.00000000e+00
8.10810811e+01,2.06261400e-01,3.54449673e+03,5.29472061e+05,8.94497567e+03,0.00000000e+00,2.30000000e-01,7.65614982e-01,0.00000000e+00
8.11811812e+01,2.05735691e-01,3.54383245e+03,5.29417710e+05,8.96184533e+03,0.00000000e+00,2.30000000e-01,7.66161652e-01,0.00000000e+00
8.12812813e+01,2.05196799e-01,3.54385122e+03,5.29148175e+05,8.97663766e+03,0.00000000e+00,2.30000000e-01,7.66610975e-01,0.00000000e+00
8.13813814e+01,2.04770601e-01,3.54354386e+03,5.29130835e+05,8.99116203e+03,0.00000000e+00,2.30000000e-01,7.67027000e-01,0.00000000e+00
8.14814815e+01,2.04416087e-01,3.54317651e+03,5.29260552e+05,9.00533067e+03,0.00000000e+00,2.30000000e-01,7.67417620e-01,0.00000000e+00
8.15815816e+01,2.04099329e-01,3.54286991e+03,5.29539277e+05,9.01988800e+03,0.00000000e+00,2.30000000e-01,7.67865344e-01,0.00000000e+00
8.16816817e+01,2.03752377e-01,3.54299970e+03,5.29433985e+05,9.03057377e+03,0.00000000e+00,2.30000000e-01,7.68174104e-01,0.00000000e+00
8.17817818e+01,2.03425517e-01,3.54351868e+03,5.29217722e+05,9.03914426e+03,0.00000000e+00,2.30000000e-01,7.68414888e-01,0.00000000e+00
8.18818819e+01,2.03189632e-01,3.54326323e+03,5.29229690e+05,9.04776565e+03,0.00000000e+00,2.30000000e-01,7.68637500e-01,0.00000000e+00
8.19819820e+01,2.02983281e-01,3.54293991e+03,5.29309214e+05,9.05621984e+03,0.00000000e+00,2.30000000e-01,7.68862921e-01,0.00000000e+00
8.20820821e+01,2.02791108e-01,3.54261692e+03,5.29332140e+05,9.06329883e+03,0.00000000e+00,2.30000000e-01,7.69065849e-01,0.00000000e+00
8.21821822e+01,2.02593079e-01,3.54273385e+03,5.29200509e+05,9.06853984e+03,0.00000000e+00,2.30000000e-01,7.69211606e-01,0.00000000e+00
8.22822823e+01,2.02451010e-01,3.54246541e+03,5.29234258e+05,9.07400906e+03,0.00000000e+00,2.30000000e-01,7.69369193e-01,0.00000000e+00
8.23823824e+01,2.02320530e-01,3.54221011e+03,5.29257863e+05,9.07879738e+03,0.00000000e+00,2.30000000e-01,7.69526223e-01,0.00000000e+00
8.24824825e+01,2.02175457e-01,3.54221178e+03,5.29145242e+05,9.08228680e+03,0.00000000e+00,2.30000000e-01,7.69642943e-01,0.00000000e+00
8.25825826e+01,2.02052769e-01,3.54194339e+03,5.29048570e+05,9.08513122e+03,0.00000000e+00,2.30000000e-01,7.69750907e-01,0.00000000e+00
8.26826827e+01,2.01914794e-01,3.54161255e+03,5.28558950e+05,9.08351414e+03,0.00000000e+00,2.30000000e-01,7.69687982e-01,0.00000000e+00
8.27827828e+01,2.01652271e-01,3.53877473e+03,5.25356501e+05,9.05205128e+03,0.00000000e+00,2.30000000e-01,7.68420152e-01,0.00000000e+00
8.28828829e+01,2.00241490e-01,3.51190808e+03,5.07058169e+05,8.86447776e+03,0.00000000e+00,2.30000000e-01,7.61182457e-01,0.00000000e+00
8.29829830e+01,1.93006241e-01,3.44963012e+03,4.96770474e+05,8.93570911e+03,0.00000000e+00,2.36381002e-01,7.63618998e-01,0.00000000e+00
8.30830831e+01,1.71870609e-01,3.23033475e+03,4.19832280e+05,8.49446721e+03,0.00000000e+00,2.49240149e-01,7.50759851e-01,0.00000000e+00
8.31831832e+01,1.14454222e-01,2.41273801e+03,2.20084437e+05,6.73101391e+03,0.00000000e+00,3.00317208e-01,6.99682792e-01,0.00000000e+00
8.32832833e+01,5.11306641e-02,7.36393876e+02,3.41634063e+04,2.33275859e+03,0.00000000e+00,2.80132049e-01,7.19867951e-01,0.00000000e+00
8.33833834e+01,3.58789680e-02,3.91869516e+01,3.72125301e+03,3.59945517e+02,0.00000000e+00,2.33562214e-01,7.66437786e-01,0.00000000e+00
8.34834835e+01,3.47133932e-02,3.25046741e-01,3.00306197e+03,3.00153289e+02,0.00000000e+00,2.30000000e-01,7.69805880e-01,0.00000000e+00
8.35835836e+01,3.46890083e-02,1.64374367e-03,3.00000255e+03,2.99999241e+02,0.00000000e+00,2.30000000e-01,7.69997013e-01,0.00000000e+00
8.36836837e+01,3.46887857e-02,-6.88251053e-08,2.99999992e+03,2.99999988e+02,0.00000000e+00,2.30000000e-01,7.69999975e-01,0.00000000e+00
8.37837838e+01,3.46887843e-02,-9.41101984e-08,3.00000000e+03,3.00000000e+02,0.00000000e+00,2.30000000e-01,7.70000000e-01,0.00000000e+00
8.38838839e+01,3.46887843e-02,-9.92273530e-10,3.00000000e+03,3.00000000e+02,0.00000000e+00,2.30000000e-01,7.70000000e-01,0.00000000e+00
8.39839840e+01,3.46887843e-02,-4.00748396e-12,3.00000000e+03,3.00000000e+02,0.00000000e+00,2.30000000e-01,7.70000000e-01,0.00000000e+00
8.40840841e+01,3.46887843e-02,1.92035185e-14,3.00000000e+03,3.00000000e+02,0.00000000e+00,2.30000000e-01,7.70000000e-01,0.00000000e+00
8.41841842e+01,3.46887843e-02,0.00000000e+00,3.00000000e+03,3.00000000e+02,0.00000000e+00,2.30000000e-01,7.70000000e-01,0.00000000e+00
8.42842843e+01,3.46887843e-02,0.00000000e+00,3.00000000e+03,3.00000000e+02,0.00000000e+00,2.30000000e-01,7.70000000e-01,0.00000000e+00
8.43843844e+01,3.46887843e-02,0.00000000e+00,3.00000000e+03,3.00000000e+02,0.00000000e+00,2.30000000e-01,7.70000000e-01,0.00000000e+00
8.44844845e+01,3.46887843e-02,0.00000000e+00,3.00000000e+03,3.00000000e+02,0.00000000e+00,2.30000000e-01,7.70000000e-01,0.00000000e+00
8.45845846e+01,3.46887843e-02,0.00000000e+00,3.00000000e+03,3.00000000e+02,0.00000000e+00,2.30000000e-01,7.70000000e-01,0.00000000e+00
8.46846847e+01,3.46887843e-02,0.00000000e+00,3.00000000e+03,3.00000000e+02,0.00000000e+00,2.30000000e-01,7.70000000e-01,0.00000000e+00
8.47847848e+01,3.46887843e-02,0.00000000e+00,3.00000000e+03,3.00000000e+02,0.00000000e+00,2.30000000e-01,7.70000000e-01,0.00000000e+00
8.48848849e+01,3.46887843e-02,0.00000000e+00,3.00000000e+03,3.00000000e+02,0.00000000e+00,2.30000000e-01,7.70000000e-01,0.00000000e+00
8.49849850e+01,3.46887843e-02,0.00000000e+00,3.00000000e+03,3.00000000e+02,0.00000000e+00,2.30000000e-01,7.70000000e-01,0.00000000e+00
8.50850851e+01,3.46887843e-02,0.00000000e+00,3.00000000e+03,3.00000000e+02,0.00000000e+00,2.30000000e-01,7.70000000e-01,0.00000000e+00
8.51851852e+01,3.46887843e-02,0.00000000e+00,3.00000000e+03,3.00000000e+02,0.00000000e+00,2.30000000e-01,7.70000000e-01,0.00000000e+00
8.52852853e+01,3.46887843e-02,0.00000000e+00,3.00000000e+03,3.00000000e+02,0.00000000e+00,2.30000000e-01,7.70000000e-01,0.00000000e+00
8.53853854e+01,3.46887843e-02,0.00000000e+00,3.00000000e+03,3.00000000e+02,0.00000000e+00,2.30000000e-01,7.70000000e-01,0.00000000e+00
8.54854855e+01,3.46887843e-02,0.00000000e+00,3.00000000e+03,3.00000000e+02,0.00000000e+00,2.30000000e-01,7.70000000e-01,0.00000000e+00
8.55855856e+01,3.46887843e-02,0.00000000e+00,3.00000000e+03,3.00000000e+02,0.00000000e+00,2.30000000e-01,7.70000000e-01,0.00000000e+00
8.56856857e+01,3.46887843e-02,0.00000000e+00,3.00000000e+03,3.00000000e+02,0.00000000e+00,2.30000000e-01,7.70000000e-01,0.00000000e+00
8.57857858e+01,3.46887843e-02,0.00000000e+00,3.00000000e+03,3.00000000e+02,0.00000000e+00,2.30000000e-01,7.70000000e-01,0.00000000e+00
8.58858859e+01,3.46887843e-02,0.00000000e+00,3.00000000e+03,3.00000000e+02,0.00000000e+00,2.30000000e-01,7.70000000e-01,0.00000000e+00
8.59859860e+01,3.46887843e-02,0.00000000e+00,3.00000000e+03,3.00000000e+02,0.00000000e+00,2.30000000e-01,7.70000000e-01,0.00000000e+00
8.60860861e+01,3.46887843e-02,0.00000000e+00,3.00000000e+03,3.00000000e+02,0.00000000e+00,2.30000000e-01,7.70000000e-01,0.00000000e+00
8.61861862e+01,3.46887843e-02,0.00000000e+00,3.00000000e+03,3.00000000e+02,0.00000000e+00,2.30000000e-01,7.70000000e-01,0.00000000e+00
8.62862863e+01,3.46887843e-02,0.00000000e+00,3.00000000e+03,3.00000000e+02,0.00000000e+00,2.30000000e-01,7.70000000e-01,0.00000000e+00
8.63863864e+01,3.46887843e-02,0.00000000e+00,3.00000000e+03,3.00000000e+02,0.00000000e+00,2.30000000e-01,7.70000000e-01,0.00000000e+00
8.64864865e+01,3.46887843e-02,0.00000000e+00,3.00000000e+03,3.00000000e+02,0.00000000e+00,2.30000000e-01,7.70000000e-01,0.00000000e+00
8.65865866e+01,3.46887843e-02,0.00000000e+00,3.00000000e+03,3.00000000e+02,0.00000000e+00,2.30000000e-01,7.70000000e-01,0.00000000e+00
8.66866867e+01,3.46887843e-02,0.00000000e+00,3.00000000e+03,3.00000000e+02,0.00000000e+00,2.30000000e-01,7.70000000e-01,0.00000000e+00
8.67867868e+01,3.46887843e-02,0.00000000e+00,3.00000000e+03,3.00000000e+02,0.00000000e+00,2.30000000e-01,7.70000000e-01,0.00000000e+00
8.68868869e+01,3.46887843e-02,0.00000000e+00,3.00000000e+03,3.00000000e+02,0.00000000e+00,2.30000000e-01,7.70000000e-01,0.00000000e+00
8.69869870e+01,3.46887843e-02,0.00000000e+00,3.00000000e+03,3.00000000e+02,0.00000000e+00,2.30000000e-01,7.70000000e-01,0.00000000e+00
8.70870871e+01,3.46887843e-02,0.00000000e+00,3.00000000e+03,3.00000000e+02,0.00000000e+00,2.30000000e-01,7.70000000e-01,0.00000000e+00
8.71871872e+01,3.46887843e-02,0.00000000e+00,3.00000000e+03,3.00000000e+02,0.00000000e+00,2.30000000e-01,7.70000000e-01,0.00000000e+00
8.72872873e+01,3.46887843e-02,0.00000000e+00,3.00000000e+03,3.00000000e+02,0.00000000e+00,2.30000000e-01,7.70000000e-01,0.00000000e+00
8.73873874e+01,3.46887843e-02,0.00000000e+00,3.00000000e+03,3.00000000e+02,0.00000000e+00,2.30000000e-01,7.70000000e-01,0.00000000e+00
8.74874875e+01,3.46887843e-02,0.00000000e+00,3.00000000e+03,3.00000000e+02,0.00000000e+00,2.30000000e-01,7.70000000e-01,0.00000000e+00
8.75875876e+01,3.46887843e-02,0.00000000e+00,3.00000000e+03,3.00000000e+02,0.00000000e+00,2.30000000e-01,7.70000000e-01,0.00000000e+00
8.76876877e+01,3.46887843e-02,0.00000000e+00,3.00000000e+03,3.00000000e+02,0.00000000e+00,2.30000000e-01,7.70000000e-01,0.00000000e+00
8.77877878e+01,3.46887843e-02,0.00000000e+00,3.00000000e+03,3.00000000e+02,0.00000000e+00,2.30000000e-01,7.70000000e-01,0.00000000e+00
8.78878879e+01,3.46887843e-02,0.00000000e+00,3.00000000e+03,3.00000000e+02,0.00000000e+00,2.30000000e-01,7.70000000e-01,0.00000000e+00
8.79879880e+01,3.46887843e-02,0.00000000e+00,3.00000000e+03,3.00000000e+02,0.00000000e+00,2.30000000e-01,7.70000000e-01,0.00000000e+00
8.80880881e+01,3.46887843e-02,0.00000000e+00,3.00000000e+03,3.00000000e+02,0.00000000e+00,2.30000000e-01,7.70000000e-01,0.00000000e+00
8.81881882e+01,3.46887843e-02,0.00000000e+00,3.00000000e+03,3.00000000e+02,0.00000000e+00,2.30000000e-01,7.70000000e-01,0.00000000e+00
8.82882883e+01,3.46887843e-02,0.00000000e+00,3.00000000e+03,3.00000000e+02,0.00000000e+00,2.30000000e-01,7.70000000e-01,0.00000000e+00
8.83883884e+01,3.46887843e-02,0.00000000e+00,3.00000000e+03,3.00000000e+02,0.00000000e+00,2.30000000e-01,7.70000000e-01,0.00000000e+00
8.84884885e+01,3.46887843e-02,0.00000000e+00,3.00000000e+03,3.00000000e+02,0.00000000e+00,2.30000000e-01,7.70000000e-01,0.00000000e+00
8.85885886e+01,3.46887843e-02,0.00000000e+00,3.00000000e+03,3.00000000e+02,0.00000000e+00,2.30000000e-01,7.70000000e-01,0.00000000e+00
8.86886887e+01,3.46887843e-02,0.00000000e+00,3.00000000e+03,3.00000000e+02,0.00000000e+00,2.30000000e-01,7.70000000e-01,0.00000000e+00
8.87887888e+01,3.46887843e-02,0.00000000e+00,3.00000000e+03,3.00000000e+02,0.00000000e+00,2.30000000e-01,7.70000000e-01,0.00000000e+00
8.88888889e+01,3.46887843e-02,0.00000000e+00,3.00000000e+03,3.00000000e+02,0.00000000e+00,2.30000000e-01,7.70000000e-01,0.00000000e+00
8.89889890e+01,3.46887843e-02,0.00000000e+00,3.00000000e+03,3.00000000e+02,0.00000000e+00,2.30000000e-01,7.70000000e-01,0.00000000e+00
8.90890891e+01,3.46887843e-02,0.00000000e+00,3.00000000e+03,3.00000000e+02,0.00000000e+00,2.30000000e-01,7.70000000e-01,0.00000000e+00
8.91891892e+01,3.46887843e-02,0.00000000e+00,3.00000000e+03,3.00000000e+02,0.00000000e+00,2.30000000e-01,7.70000000e-01,0.00000000e+00
8.92892893e+01,3.46887843e-02,0.00000000e+00,3.00000000e+03,3.00000000e+02,0.00000000e+00,2.30000000e-01,7.70000000e-01,0.00000000e+00
8.93893894e+01,3.46887843e-02,0.00000000e+00,3.00000000e+03,3.00000000e+02,0.00000000e+00,2.30000000e-01,7.70000000e-01,0.00000000e+00
8.94894895e+01,3.46887843e-02,0.00000000e+00,3.00000000e+03,3.00000000e+02,0.00000000e+00,2.30000000e-01,7.70000000e-01,0.00000000e+00
8.95895896e+01,3.46887843e-02,0.00000000e+00,3.00000000e+03,3.00000000e+02,0.00000000e+00,2.30000000e-01,7.70000000e-01,0.00000000e+00
8.96896897e+01,3.46887843e-02,0.00000000e+00,3.00000000e+03,3.00000000e+02,0.00000000e+00,2.30000000e-01,7.70000000e-01,0.00000000e+00
8.97897898e+01,3.46887843e-02,0.00000000e+00,3.00000000e+03,3.00000000e+02,0.00000000e+00,2.30000000e-01,7.70000000e-01,0.00000000e+00
8.98898899e+01,3.46887843e-02,0.00000000e+00,3.00000000e+03,3.00000000e+02,0.00000000e+00,2.30000000e-01,7.70000000e-01,0.00000000e+00
8.99899900e+01,3.46887843e-02,0.00000000e+00,3.00000000e+03,3.00000000e+02,0.00000000e+00,2.30000000e-01,7.70000000e-01,0.00000000e+00
9.00900901e+01,3.46887843e-02,0.00000000e+00,3.00000000e+03,3.00000000e+02,0.00000000e+00,2.30000000e-01,7.70000000e-01,0.00000000e+00
9.01901902e+01,3.46887843e-02,0.00000000e+00,3.00000000e+03,3.00000000e+02,0.00000000e+00,2.30000000e-01,7.70000000e-01,0.00000000e+00
9.02902903e+01,3.46887843e-02,0.00000000e+00,3.00000000e+03,3.00000000e+02,0.00000000e+00,2.30000000e-01,7.70000000e-01,0.00000000e+00
9.03903904e+01,3.46887843e-02,0.00000000e+00,3.00000000e+03,3.00000000e+02,0.00000000e+00,2.30000000e-01,7.70000000e-01,0.00000000e+00
9.04904905e+01,3.46887843e-02,0.00000000e+00,3.00000000e+03,3.00000000e+02,0.00000000e+00,2.30000000e-01,7.70000000e-01,0.00000000e+00
9.05905906e+01,3.46887843e-02,0.00000000e+00,3.00000000e+03,3.00000000e+02,0.00000000e+00,2.30000000e-01,7.70000000e-01,0.00000000e+00
9.06906907e+01,3.46887843e-02,0.00000000e+00,3.00000000e+03,3.00000000e+02,0.00000000e+00,2.30000000e-01,7.70000000e-01,0.00000000e+00
9.07907908e+01,3.46887843e-02,0.00000000e+00,3.00000000e+03,3.00000000e+02,0.00000000e+00,2.30000000e-01,7.70000000e-01,0.00000000e+00
9.08908909e+01,3.46887843e-02,0.00000000e+00,3.00000000e+03,3.00000000e+02,0.00000000e+00,2.30000000e-01,7.70000000e-01,0.00000000e+00
9.09909910e+01,3.46887843e-02,0.00000000e+00,3.00000000e+03,3.00000000e+02,0.00000000e+00,2.30000000e-01,7.70000000e-01,0.00000000e+00
9.10910911e+01,3.46887843e-02,0.00000000e+00,3.00000000e+03,3.00000000e+02,0.00000000e+00,2.30000000e-01,7.70000000e-01,0.00000000e+00
9.11911912e+01,3.46887843e-02,0.00000000e+00,3.00000000e+03,3.00000000e+02,0.00000000e+00,2.30000000e-01,7.70000000e-01,0.00000000e+00
9.12912913e+01,3.46887843e-02,0.00000000e+00,3.00000000e+03,3.00000000e+02,0.00000000e+00,2.30000000e-01,7.70000000e-01,0.00000000e+00
9.13913914e+01,3.46887843e-02,0.00000000e+00,3.00000000e+03,3.00000000e+02,0.00000000e+00,2.30000000e-01,7.70000000e-01,0.00000000e+00
9.14914915e+01,3.46887843e-02,0.00000000e+00,3.00000000e+03,3.00000000e+02,0.00000000e+00,2.30000000e-01,7.70000000e-01,0.00000000e+00
9.15915916e+01,3.46887843e-02,0.00000000e+00,3.00000000e+03,3.00000000e+02,0.00000000e+00,2.30000000e-01,7.70000000e-01,0.00000000e+00
9.16916917e+01,3.46887843e-02,0.00000000e+00,3.00000000e+03,3.00000000e+02,0.00000000e+00,2.30000000e-01,7.70000000e-01,0.00000000e+00
9.17917918e+01,3.46887843e-02,0.00000000e+00,3.00000000e+03,3.00000000e+02,0.00000000e+00,2.30000000e-01,7.70000000e-01,0.00000000e+00
9.18918919e+01,3.46887843e-02,0.00000000e+00,3.00000000e+03,3.00000000e+02,0.00000000e+00,2.30000000e-01,7.70000000e-01,0.00000000e+00
9.19919920e+01,3.46887843e-02,0.00000000e+00,3.00000000e+03,3.00000000e+02,0.00000000e+00,2.30000000e-01,7.70000000e-01,0.00000000e+00
9.20920921e+01,3.46887843e-02,0.00000000e+00,3.00000000e+03,3.00000000e+02,0.00000000e+00,2.30000000e-01,7.70000000e-01,0.00000000e+00
9.21921922e+01,3.46887843e-02,0.00000000e+00,3.00000000e+03,3.00000000e+02,0.00000000e+00,2.30000000e-01,7.70000000e-01,0.00000000e+00
9.22922923e+01,3.46887843e-02,0.00000000e+00,3.00000000e+03,3.00000000e+02,0.00000000e+00,2.30000000e-01,7.70000000e-01,0.00000000e+00
9.23923924e+01,3.46887843e-02,0.00000000e+00,3.00000000e+03,3.00000000e+02,0.00000000e+00,2.30000000e-01,7.70000000e-01,0.00000000e+00
9.24924925e+01,3.46887843e-02,0.00000000e+00,3.00000000e+03,3.00000000e+02,0.00000000e+00,2.30000000e-01,7.70000000e-01,0.00000000e+00
9.25925926e+01,3.46887843e-02,0.00000000e+00,3.00000000e+03,3.00000000e+02,0.00000000e+00,2.30000000e-01,7.70000000e-01,0.00000000e+00
9.26926927e+01,3.46887843e-02,0.00000000e+00,3.00000000e+03,3.00000000e+02,0.00000000e+00,2.30000000e-01,7.70000000e-01,0.00000000e+00
9.27927928e+01,3.46887843e-02,0.00000000e+00,3.00000000e+03,3.00000000e+02,0.00000000e+00,2.30000000e-01,7.70000000e-01,0.00000000e+00
9.28928929e+01,3.46887843e-02,0.00000000e+00,3.00000000e+03,3.00000000e+02,0.00000000e+00,2.30000000e-01,7.70000000e-01,0.00000000e+00
9.29929930e+01,3.46887843e-02,0.00000000e+00,3.00000000e+03,3.00000000e+02,0.00000000e+00,2.30000000e-01,7.70000000e-01,0.00000000e+00
9.30930931e+01,3.46887843e-02,0.00000000e+00,3.00000000e+03,3.00000000e+02,0.00000000e+00,2.30000000e-01,7.70000000e-01,0.00000000e+00
9.31931932e+01,3.46887843e-02,0.00000000e+00,3.00000000e+03,3.00000000e+02,0.00000000e+00,2.30000000e-01,7.70000000e-01,0.00000000e+00
9.32932933e+01,3.46887843e-02,0.00000000e+00,3.00000000e+03,3.00000000e+02,0.00000000e+00,2.30000000e-01,7.70000000e-01,0.00000000e+00
9.33933934e+01,3.46887843e-02,0.00000000e+00,3.00000000e+03,3.00000000e+02,0.00000000e+00,2.30000000e-01,7.70000000e-01,0.00000000e+00
9.34934935e+01,3.46887843e-02,0.00000000e+00,3.00000000e+03,3.00000000e+02,0.00000000e+00,2.30000000e-01,7.70000000e-01,0.00000000e+00
9.35935936e+01,3.46887843e-02,0.00000000e+00,3.00000000e+03,3.00000000e+02,0.00000000e+00,2.30000000e-01,7.70000000e-01,0.00000000e+00
9.36936937e+01,3.46887843e-02,0.00000000e+00,3.00000000e+03,3.00000000e+02,0.00000000e+00,2.30000000e-01,7.70000000e-01,0.00000000e+00
9.37937938e+01,3.46887843e-02,0.00000000e+00,3.00000000e+03,3.00000000e+02,0.00000000e+00,2.30000000e-01,7.70000000e-01,0.00000000e+00
9.38938939e+01,3.46887843e-02,0.00000000e+00,3.00000000e+03,3.00000000e+02,0.00000000e+00,2.30000000e-01,7.70000000e-01,0.00000000e+00
9.39939940e+01,3.46887843e-02,0.00000000e+00,3.00000000e+03,3.00000000e+02,0.00000000e+00,2.30000000e-01,7.70000000e-01,0.00000000e+00
9.40940941e+01,3.46887843e-02,0.00000000e+00,3.00000000e+03,3.00000000e+02,0.00000000e+00,2.30000000e-01,7.70000000e-01,0.00000000e+00
9.41941942e+01,3.46887843e-02,0.00000000e+00,3.00000000e+03,3.00000000e+02,0.00000000e+00,2.30000000e-01,7.70000000e-01,0.00000000e+00
9.42942943e+01,3.46887843e-02,0.00000000e+00,3.00000000e+03,3.00000000e+02,0.00000000e+00,2.30000000e-01,7.70000000e-01,0.00000000e+00
9.43943944e+01,3.46887843e-02,0.00000000e+00,3.00000000e+03,3.00000000e+02,0.00000000e+00,2.30000000e-01,7.70000000e-01,0.00000000e+00
9.44944945e+01,3.46887843e-02,0.00000000e+00,3.00000000e+03,3.00000000e+02,0.00000000e+00,2.30000000e-01,7.70000000e-01,0.00000000e+00
9.45945946e+01,3.46887843e-02,0.00000000e+00,3.00000000e+03,3.00000000e+02,0.00000000e+00,2.30000000e-01,7.70000000e-01,0.00000000e+00
9.46946947e+01,3.46887843e-02,0.00000000e+00,3.00000000e+03,3.00000000e+02,0.00000000e+00,2.30000000e-01,7.70000000e-01,0.00000000e+00
9.47947948e+01,3.46887843e-02,0.00000000e+00,3.00000000e+03,3.00000000e+02,0.00000000e+00,2.30000000e-01,7.70000000e-01,0.00000000e+00
9.48948949e+01,3.46887843e-02,0.00000000e+00,3.00000000e+03,3.00000000e+02,0.00000000e+00,2.30000000e-01,7.70000000e-01,0.00000000e+00
9.49949950e+01,3.46887843e-02,0.00000000e+00,3.00000000e+03,3.00000000e+02,0.00000000e+00,2.30000000e-01,7.70000000e-01,0.00000000e+00
9.50950951e+01,3.46887843e-02,0.00000000e+00,3.00000000e+03,3.00000000e+02,0.00000000e+00,2.30000000e-01,7.70000000e-01,0.00000000e+00
9.51951952e+01,3.46887843e-02,0.00000000e+00,3.00000000e+03,3.00000000e+02,0.00000000e+00,2.30000000e-01,7.70000000e-01,0.00000000e+00
9.52952953e+01,3.46887843e-02,0.00000000e+00,3.00000000e+03,3.00000000e+02,0.00000000e+00,2.30000000e-01,7.70000000e-01,0.00000000e+00
9.53953954e+01,3.46887843e-02,0.00000000e+00,3.00000000e+03,3.00000000e+02,0.00000000e+00,2.30000000e-01,7.70000000e-01,0.00000000e+00
9.54954955e+01,3.46887843e-02,0.00000000e+00,3.00000000e+03,3.00000000e+02,0.00000000e+00,2.30000000e-01,7.70000000e-01,0.00000000e+00
9.55955956e+01,3.46887843e-02,0.00000000e+00,3.00000000e+03,3.00000000e+02,0.00000000e+00,2.30000000e-01,7.70000000e-01,0.00000000e+00
9.56956957e+01,3.46887843e-02,0.00000000e+00,3.00000000e+03,3.00000000e+02,0.00000000e+00,2.30000000e-01,7.70000000e-01,0.00000000e+00
9.57957958e+01,3.46887843e-02,0.00000000e+00,3.00000000e+03,3.00000000e+02,0.00000000e+00,2.30000000e-01,7.70000000e-01,0.00000000e+00
9.58958959e+01,3.46887843e-02,0.00000000e+00,3.00000000e+03,3.00000000e+02,0.00000000e+00,2.30000000e-01,7.70000000e-01,0.00000000e+00
9.59959960e+01,3.46887843e-02,0.00000000e+00,3.00000000e+03,3.00000000e+02,0.00000000e+00,2.30000000e-01,7.70000000e-01,0.00000000e+00
9.60960961e+01,3.46887843e-02,0.00000000e+00,3.00000000e+03,3.00000000e+02,0.00000000e+00,2.30000000e-01,7.70000000e-01,0.00000000e+00
9.61961962e+01,3.46887843e-02,0.00000000e+00,3.00000000e+03,3.00000000e+02,0.00000000e+00,2.30000000e-01,7.70000000e-01,0.00000000e+00
9.62962963e+01,3.46887843e-02,0.00000000e+00,3.00000000e+03,3.00000000e+02,0.00000000e+00,2.30000000e-01,7.70000000e-01,0.00000000e+00
9.63963964e+01,3.46887843e-02,0.00000000e+00,3.00000000e+03,3.00000000e+02,0.00000000e+00,2.30000000e-01,7.70000000e-01,0.00000000e+00
9.64964965e+01,3.46887843e-02,0.00000000e+00,3.00000000e+03,3.00000000e+02,0.00000000e+00,2.30000000e-01,7.70000000e-01,0.00000000e+00
9.65965966e+01,3.46887843e-02,0.00000000e+00,3.00000000e+03,3.00000000e+02,0.00000000e+00,2.30000000e-01,7.70000000e-01,0.00000000e+00
9.66966967e+01,3.46887843e-02,0.00000000e+00,3.00000000e+03,3.00000000e+02,0.00000000e+00,2.30000000e-01,7.70000000e-01,0.00000000e+00
9.67967968e+01,3.46887843e-02,0.00000000e+00,3.00000000e+03,3.00000000e+02,0.00000000e+00,2.30000000e-01,7.70000000e-01,0.00000000e+00
9.68968969e+01,3.46887843e-02,0.00000000e+00,3.00000000e+03,3.00000000e+02,0.00000000e+00,2.30000000e-01,7.70000000e-01,0.00000000e+00
9.69969970e+01,3.46887843e-02,0.00000000e+00,3.00000000e+03,3.00000000e+02,0.00000000e+00,2.30000000e-01,7.70000000e-01,0.00000000e+00
9.70970971e+01,3.46887843e-02,0.00000000e+00,3.00000000e+03,3.00000000e+02,0.00000000e+00,2.30000000e-01,7.70000000e-01,0.00000000e+00
9.71971972e+01,3.46887843e-02,0.00000000e+00,3.00000000e+03,3.00000000e+02,0.00000000e+00,2.30000000e-01,7.70000000e-01,0.00000000e+00
9.72972973e+01,3.46887843e-02,0.00000000e+00,3.00000000e+03,3.00000000e+02,0.00000000e+00,2.30000000e-01,7.70000000e-01,0.00000000e+00
9.73973974e+01,3.46887843e-02,0.00000000e+00,3.00000000e+03,3.00000000e+02,0.00000000e+00,2.30000000e-01,7.70000000e-01,0.00000000e+00
9.74974975e+01,3.46887843e-02,0.00000000e+00,3.00000000e+03,3.00000000e+02,0.00000000e+00,2.30000000e-01,7.70000000e-01,0.00000000e+00
9.75975976e+01,3.46887843e-02,0.00000000e+00,3.00000000e+03,3.00000000e+02,0.00000000e+00,2.30000000e-01,7.70000000e-01,0.00000000e+00
9.76976977e+01,3.46887843e-02,0.00000000e+00,3.00000000e+03,3.00000000e+02,0.00000000e+00,2.30000000e-01,7.70000000e-01,0.00000000e+00
9.77977978e+01,3.46887843e-02,0.00000000e+00,3.00000000e+03,3.00000000e+02,0.00000000e+00,2.30000000e-01,7.70000000e-01,0.00000000e+00
9.78978979e+01,3.46887843e-02,0.00000000e+00,3.00000000e+03,3.00000000e+02,0.00000000e+00,2.30000000e-01,7.70000000e-01,0.00000000e+00
9.79979980e+01,3.46887843e-02,0.00000000e+00,3.00000000e+03,3.00000000e+02,0.00000000e+00,2.30000000e-01,7.70000000e-01,0.00000000e+00
9.80980981e+01,3.46887843e-02,0.00000000e+00,3.00000000e+03,3.00000000e+02,0.00000000e+00,2.30000000e-01,7.70000000e-01,0.00000000e+00
9.81981982e+01,3.46887843e-02,0.00000000e+00,3.00000000e+03,3.00000000e+02,0.00000000e+00,2.30000000e-01,7.70000000e-01,0.00000000e+00
9.82982983e+01,3.46887843e-02,0.00000000e+00,3.00000000e+03,3.00000000e+02,0.00000000e+00,2.30000000e-01,7.70000000e-01,0.00000000e+00
9.83983984e+01,3.46887843e-02,0.00000000e+00,3.00000000e+03,3.00000000e+02,0.00000000e+00,2.30000000e-01,7.70000000e-01,0.00000000e+00
9.84984985e+01,3.46887843e-02,0.00000000e+00,3.00000000e+03,3.00000000e+02,0.00000000e+00,2.30000000e-01,7.70000000e-01,0.00000000e+00
9.85985986e+01,3.46887843e-02,0.00000000e+00,3.00000000e+03,3.00000000e+02,0.00000000e+00,2.30000000e-01,7.70000000e-01,0.00000000e+00
9.86986987e+01,3.46887843e-02,0.00000000e+00,3.00000000e+03,3.00000000e+02,0.00000000e+00,2.30000000e-01,7.70000000e-01,0.00000000e+00
9.87987988e+01,3.46887843e-02,0.00000000e+00,3.00000000e+03,3.00000000e+02,0.00000000e+00,2.30000000e-01,7.70000000e-01,0.00000000e+00
9.88988989e+01,3.46887843e-02,0.00000000e+00,3.00000000e+03,3.00000000e+02,0.00000000e+00,2.30000000e-01,7.70000000e-01,0.00000000e+00
9.89989990e+01,3.46887843e-02,0.00000000e+00,3.00000000e+03,3.00000000e+02,0.00000000e+00,2.30000000e-01,7.70000000e-01,0.00000000e+00
9.90990991e+01,3.46887843e-02,0.00000000e+00,3.00000000e+03,3.00000000e+02,0.00000000e+00,2.30000000e-01,7.70000000e-01,0.00000000e+00
9.91991992e+01,3.46887843e-02,0.00000000e+00,3.00000000e+03,3.00000000e+02,0.00000000e+00,2.30000000e-01,7.70000000e-01,0.00000000e+00
9.92992993e+01,3.46887843e-02,0.00000000e+00,3.00000000e+03,3.00000000e+02,0.00000000e+00,2.30000000e-01,7.70000000e-01,0.00000000e+00
9.93993994e+01,3.46887843e-02,0.00000000e+00,3.00000000e+03,3.00000000e+02,0.00000000e+00,2.30000000e-01,7.70000000e-01,0.00000000e+00
9.94994995e+01,3.46887843e-02,0.00000000e+00,3.00000000e+03,3.00000000e+02,0.00000000e+00,2.30000000e-01,7.70000000e-01,0.00000000e+00
9.95995996e+01,3.46887843e-02,0.00000000e+00,3.00000000e+03,3.00000000e+02,0.00000000e+00,2.30000000e-01,7.70000000e-01,0.00000000e+00
9.96996997e+01,3.46887843e-02,0.00000000e+00,3.00000000e+03,3.00000000e+02,0.00000000e+00,2.30000000e-01,7.70000000e-01,0.00000000e+00
9.97997998e+01,3.46887843e-02,0.00000000e+00,3.00000000e+03,3.00000000e+02,0.00000000e+00,2.30000000e-01,7.70000000e-01,0.00000000e+00
9.98998999e+01,3.46887843e-02,0.00000000e+00,3.00000000e+03,3.00000000e+02,0.00000000e+00,2.30000000e-01,7.70000000e-01,0.00000000e+00
1.00000000e+02,3.46887843e-02,-0.00000000e+00,3.00000000e+03,3.00000000e+02,0.00000000e+00,2.30000000e-01,7.70000000e-01,0.00000000e+00
