# x(m), rho(kg/m3), u(m/s), p(Pa), T(K), Y_H2, Y_O2, Y_N2, Y_H2O
0.00000000e+00,5.80300589e+00,-0.00000000e+00,3.00000000e+06,6.00000000e+02,1.50000000e-01,2.50000000e-01,6.00000000e-01,0.00000000e+00
1.00100100e-01,5.80300589e+00,0.00000000e+00,3.00000000e+06,6.00000000e+02,1.50000000e-01,2.50000000e-01,6.00000000e-01,0.00000000e+00
2.00200200e-01,5.80300589e+00,0.00000000e+00,3.00000000e+06,6.00000000e+02,1.50000000e-01,2.50000000e-01,6.00000000e-01,0.00000000e+00
3.00300300e-01,5.80300589e+00,0.00000000e+00,3.00000000e+06,6.00000000e+02,1.50000000e-01,2.50000000e-01,6.00000000e-01,0.00000000e+00
4.00400400e-01,5.80300589e+00,0.00000000e+00,3.00000000e+06,6.00000000e+02,1.50000000e-01,2.50000000e-01,6.00000000e-01,0.00000000e+00
5.00500501e-01,5.80300589e+00,0.00000000e+00,3.00000000e+06,6.00000000e+02,1.50000000e-01,2.50000000e-01,6.00000000e-01,0.00000000e+00
6.00600601e-01,5.80300589e+00,0.00000000e+00,3.00000000e+06,6.00000000e+02,1.50000000e-01,2.50000000e-01,6.00000000e-01,0.00000000e+00
7.00700701e-01,5.80300589e+00,0.00000000e+00,3.00000000e+06,6.00000000e+02,1.50000000e-01,2.50000000e-01,6.00000000e-01,0.00000000e+00
8.00800801e-01,5.80300589e+00,0.00000000e+00,3.00000000e+06,6.00000000e+02,1.50000000e-01,2.50000000e-01,6.00000000e-01,0.00000000e+00
9.00900901e-01,5.80300589e+00,0.00000000e+00,3.00000000e+06,6.00000000e+02,1.50000000e-01,2.50000000e-01,6.00000000e-01,0.00000000e+00
1.00100100e+00,5.80300589e+00,0.00000000e+00,3.00000000e+06,6.00000000e+02,1.50000000e-01,2.50000000e-01,6.00000000e-01,0.00000000e+00
1.10110110e+00,5.80300589e+00,0.00000000e+00,3.00000000e+06,6.00000000e+02,1.50000000e-01,2.50000000e-01,6.00000000e-01,0.00000000e+00
1.20120120e+00,5.80300589e+00,0.00000000e+00,3.00000000e+06,6.00000000e+02,1.50000000e-01,2.50000000e-01,6.00000000e-01,0.00000000e+00
1.30130130e+00,5.80300589e+00,0.00000000e+00,3.00000000e+06,6.00000000e+02,1.50000000e-01,2.50000000e-01,6.00000000e-01,0.00000000e+00
1.40140140e+00,5.80300589e+00,0.00000000e+00,3.00000000e+06,6.00000000e+02,1.50000000e-01,2.50000000e-01,6.00000000e-01,0.00000000e+00
1.50150150e+00,5.80300589e+00,0.00000000e+00,3.00000000e+06,6.00000000e+02,1.50000000e-01,2.50000000e-01,6.00000000e-01,0.00000000e+00
1.60160160e+00,5.80300589e+00,0.00000000e+00,3.00000000e+06,6.00000000e+02,1.50000000e-01,2.50000000e-01,6.00000000e-01,0.00000000e+00
1.70170170e+00,5.80300589e+00,0.00000000e+00,3.00000000e+06,6.00000000e+02,1.50000000e-01,2.50000000e-01,6.00000000e-01,0.00000000e+00
1.80180180e+00,5.80300589e+00,0.00000000e+00,3.00000000e+06,6.00000000e+02,1.50000000e-01,2.50000000e-01,6.00000000e-01,0.00000000e+00
1.90190190e+00,5.80300589e+00,0.00000000e+00,3.00000000e+06,6.00000000e+02,1.50000000e-01,2.50000000e-01,6.00000000e-01,0.00000000e+00
2.00200200e+00,5.80300589e+00,0.00000000e+00,3.00000000e+06,6.00000000e+02,1.50000000e-01,2.50000000e-01,6.00000000e-01,0.00000000e+00
2.10210210e+00,5.80300589e+00,0.00000000e+00,3.00000000e+06,6.00000000e+02,1.50000000e-01,2.50000000e-01,6.00000000e-01,0.00000000e+00
2.20220220e+00,5.80300589e+00,0.00000000e+00,3.00000000e+06,6.00000000e+02,1.50000000e-01,2.50000000e-01,6.00000000e-01,0.00000000e+00
2.30230230e+00,5.80300589e+00,0.00000000e+00,3.00000000e+06,6.00000000e+02,1.50000000e-01,2.50000000e-01,6.00000000e-01,0.00000000e+00
2.40240240e+00,5.80300589e+00,0.00000000e+00,3.00000000e+06,6.00000000e+02,1.50000000e-01,2.50000000e-01,6.00000000e-01,0.00000000e+00
2.50250250e+00,5.80300589e+00,0.00000000e+00,3.00000000e+06,6.00000000e+02,1.50000000e-01,2.50000000e-01,6.00000000e-01,0.00000000e+00
2.60260260e+00,5.80300589e+00,0.00000000e+00,3.00000000e+06,6.00000000e+02,1.50000000e-01,2.50000000e-01,6.00000000e-01,0.00000000e+00
2.70270270e+00,5.80300589e+00,0.00000000e+00,3.00000000e+06,6.00000000e+02,1.50000000e-01,2.50000000e-01,6.00000000e-01,0.00000000e+00
2.80280280e+00,5.80300589e+00,0.00000000e+00,3.00000000e+06,6.00000000e+02,1.50000000e-01,2.50000000e-01,6.00000000e-01,0.00000000e+00
2.90290290e+00,5.80300589e+00,0.00000000e+00,3.00000000e+06,6.00000000e+02,1.50000000e-01,2.50000000e-01,6.00000000e-01,0.00000000e+00
3.00300300e+00,5.80300589e+00,0.00000000e+00,3.00000000e+06,6.00000000e+02,1.50000000e-01,2.50000000e-01,6.00000000e-01,0.00000000e+00
3.10310310e+00,5.80300589e+00,0.00000000e+00,3.00000000e+06,6.00000000e+02,1.50000000e-01,2.50000000e-01,6.00000000e-01,0.00000000e+00
3.20320320e+00,5.80300589e+00,0.00000000e+00,3.00000000e+06,6.00000000e+02,1.50000000e-01,2.50000000e-01,6.00000000e-01,0.00000000e+00
3.30330330e+00,5.80300589e+00,0.00000000e+00,3.00000000e+06,6.00000000e+02,1.50000000e-01,2.50000000e-01,6.00000000e-01,0.00000000e+00
3.40340340e+00,5.80300589e+00,0.00000000e+00,3.00000000e+06,6.00000000e+02,1.50000000e-01,2.50000000e-01,6.00000000e-01,0.00000000e+00
3.50350350e+00,5.80300589e+00,0.00000000e+00,3.00000000e+06,6.00000000e+02,1.50000000e-01,2.50000000e-01,6.00000000e-01,0.00000000e+00
3.60360360e+00,5.80300589e+00,0.00000000e+00,3.00000000e+06,6.00000000e+02,1.50000000e-01,2.50000000e-01,6.00000000e-01,0.00000000e+00
3.70370370e+00,5.80300589e+00,0.00000000e+00,3.00000000e+06,6.00000000e+02,1.50000000e-01,2.50000000e-01,6.00000000e-01,0.00000000e+00
3.80380380e+00,5.80300589e+00,0.00000000e+00,3.00000000e+06,6.00000000e+02,1.50000000e-01,2.50000000e-01,6.00000000e-01,0.00000000e+00
3.90390390e+00,5.80300589e+00,0.00000000e+00,3.00000000e+06,6.00000000e+02,1.50000000e-01,2.50000000e-01,6.00000000e-01,0.00000000e+00
4.00400400e+00,5.80300589e+00,0.00000000e+00,3.00000000e+06,6.00000000e+02,1.50000000e-01,2.50000000e-01,6.00000000e-01,0.00000000e+00
4.10410410e+00,5.80300589e+00,0.00000000e+00,3.00000000e+06,6.00000000e+02,1.50000000e-01,2.50000000e-01,6.00000000e-01,0.00000000e+00
4.20420420e+00,5.80300589e+00,0.00000000e+00,3.00000000e+06,6.00000000e+02,1.50000000e-01,2.50000000e-01,6.00000000e-01,0.00000000e+00
4.30430430e+00,5.80300589e+00,0.00000000e+00,3.00000000e+06,6.00000000e+02,1.50000000e-01,2.50000000e-01,6.00000000e-01,0.00000000e+00
4.40440440e+00,5.80300589e+00,0.00000000e+00,3.00000000e+06,6.00000000e+02,1.50000000e-01,2.50000000e-01,6.00000000e-01,0.00000000e+00
4.50450450e+00,5.80300589e+00,0.00000000e+00,3.00000000e+06,6.00000000e+02,1.50000000e-01,2.50000000e-01,6.00000000e-01,0.00000000e+00
4.60460460e+00,5.80300589e+00,0.00000000e+00,3.00000000e+06,6.00000000e+02,1.50000000e-01,2.50000000e-01,6.00000000e-01,0.00000000e+00
4.70470470e+00,5.80300589e+00,0.00000000e+00,3.00000000e+06,6.00000000e+02,1.50000000e-01,2.50000000e-01,6.00000000e-01,0.00000000e+00
4.80480480e+00,5.80300589e+00,0.00000000e+00,3.00000000e+06,6.00000000e+02,1.50000000e-01,2.50000000e-01,6.00000000e-01,0.00000000e+00
4.90490490e+00,5.80300589e+00,0.00000000e+00,3.00000000e+06,6.00000000e+02,1.50000000e-01,2.50000000e-01,6.00000000e-01,0.00000000e+00
5.00500501e+00,5.80300589e+00,0.00000000e+00,3.00000000e+06,6.00000000e+02,1.50000000e-01,2.50000000e-01,6.00000000e-01,0.00000000e+00
5.10510511e+00,5.80300589e+00,0.00000000e+00,3.00000000e+06,6.00000000e+02,1.50000000e-01,2.50000000e-01,6.00000000e-01,0.00000000e+00
5.20520521e+00,5.80300589e+00,0.00000000e+00,3.00000000e+06,6.00000000e+02,1.50000000e-01,2.50000000e-01,6.00000000e-01,0.00000000e+00
5.30530531e+00,5.80300589e+00,0.00000000e+00,3.00000000e+06,6.00000000e+02,1.50000000e-01,2.50000000e-01,6.00000000e-01,0.00000000e+00
5.40540541e+00,5.80300589e+00,0.00000000e+00,3.00000000e+06,6.00000000e+02,1.50000000e-01,2.50000000e-01,6.00000000e-01,0.00000000e+00
5.50550551e+00,5.80300589e+00,0.00000000e+00,3.00000000e+06,6.00000000e+02,1.50000000e-01,2.50000000e-01,6.00000000e-01,0.00000000e+00
5.60560561e+00,5.80300589e+00,0.00000000e+00,3.00000000e+06,6.00000000e+02,1.50000000e-01,2.50000000e-01,6.00000000e-01,0.00000000e+00
5.70570571e+00,5.80300589e+00,0.00000000e+00,3.00000000e+06,6.00000000e+02,1.50000000e-01,2.50000000e-01,6.00000000e-01,0.00000000e+00
5.80580581e+00,5.80300589e+00,0.00000000e+00,3.00000000e+06,6.00000000e+02,1.50000000e-01,2.50000000e-01,6.00000000e-01,0.00000000e+00
5.90590591e+00,5.80300589e+00,0.00000000e+00,3.00000000e+06,6.00000000e+02,1.50000000e-01,2.50000000e-01,6.00000000e-01,0.00000000e+00
6.00600601e+00,5.80300589e+00,0.00000000e+00,3.00000000e+06,6.00000000e+02,1.50000000e-01,2.50000000e-01,6.00000000e-01,0.00000000e+00
6.10610611e+00,5.80300589e+00,0.00000000e+00,3.00000000e+06,6.00000000e+02,1.50000000e-01,2.50000000e-01,6.00000000e-01,0.00000000e+00
6.20620621e+00,5.80300589e+00,0.00000000e+00,3.00000000e+06,6.00000000e+02,1.50000000e-01,2.50000000e-01,6.00000000e-01,0.00000000e+00
6.30630631e+00,5.80300589e+00,0.00000000e+00,3.00000000e+06,6.00000000e+02,1.50000000e-01,2.50000000e-01,6.00000000e-01,0.00000000e+00
6.40640641e+00,5.80300589e+00,0.00000000e+00,3.00000000e+06,6.00000000e+02,1.50000000e-01,2.50000000e-01,6.00000000e-01,0.00000000e+00
6.50650651e+00,5.80300589e+00,0.00000000e+00,3.00000000e+06,6.00000000e+02,1.50000000e-01,2.50000000e-01,6.00000000e-01,0.00000000e+00
6.60660661e+00,5.80300589e+00,0.00000000e+00,3.00000000e+06,6.00000000e+02,1.50000000e-01,2.50000000e-01,6.00000000e-01,0.00000000e+00
6.70670671e+00,5.80300589e+00,0.00000000e+00,3.00000000e+06,6.00000000e+02,1.50000000e-01,2.50000000e-01,6.00000000e-01,0.00000000e+00
6.80680681e+00,5.80300589e+00,0.00000000e+00,3.00000000e+06,6.00000000e+02,1.50000000e-01,2.50000000e-01,6.00000000e-01,0.00000000e+00
6.90690691e+00,5.80300589e+00,0.00000000e+00,3.00000000e+06,6.00000000e+02,1.50000000e-01,2.50000000e-01,6.00000000e-01,0.00000000e+00
7.00700701e+00,5.80300589e+00,0.00000000e+00,3.00000000e+06,6.00000000e+02,1.50000000e-01,2.50000000e-01,6.00000000e-01,0.00000000e+00
7.10710711e+00,5.80300589e+00,0.00000000e+00,3.00000000e+06,6.00000000e+02,1.50000000e-01,2.50000000e-01,6.00000000e-01,0.00000000e+00
7.20720721e+00,5.80300589e+00,0.00000000e+00,3.00000000e+06,6.00000000e+02,1.50000000e-01,2.50000000e-01,6.00000000e-01,0.00000000e+00
7.30730731e+00,5.80300589e+00,0.00000000e+00,3.00000000e+06,6.00000000e+02,1.50000000e-01,2.50000000e-01,6.00000000e-01,0.00000000e+00
7.40740741e+00,5.80300589e+00,0.00000000e+00,3.00000000e+06,6.00000000e+02,1.50000000e-01,2.50000000e-01,6.00000000e-01,0.00000000e+00
7.50750751e+00,5.80300589e+00,0.00000000e+00,3.00000000e+06,6.00000000e+02,1.50000000e-01,2.50000000e-01,6.00000000e-01,0.00000000e+00
7.60760761e+00,5.80300589e+00,0.00000000e+00,3.00000000e+06,6.00000000e+02,1.50000000e-01,2.50000000e-01,6.00000000e-01,0.00000000e+00
7.70770771e+00,5.80300589e+00,0.00000000e+00,3.00000000e+06,6.00000000e+02,1.50000000e-01,2.50000000e-01,6.00000000e-01,0.00000000e+00
7.80780781e+00,5.80300589e+00,0.00000000e+00,3.00000000e+06,6.00000000e+02,1.50000000e-01,2.50000000e-01,6.00000000e-01,0.00000000e+00
7.90790791e+00,5.80300589e+00,0.00000000e+00,3.00000000e+06,6.00000000e+02,1.50000000e-01,2.50000000e-01,6.00000000e-01,0.00000000e+00
8.00800801e+00,5.80300589e+00,0.00000000e+00,3.00000000e+06,6.00000000e+02,1.50000000e-01,2.50000000e-01,6.00000000e-01,0.00000000e+00
8.10810811e+00,5.80300589e+00,0.00000000e+00,3.00000000e+06,6.00000000e+02,1.50000000e-01,2.50000000e-01,6.00000000e-01,0.00000000e+00
8.20820821e+00,5.80300589e+00,0.00000000e+00,3.00000000e+06,6.00000000e+02,1.50000000e-01,2.50000000e-01,6.00000000e-01,0.00000000e+00
8.30830831e+00,5.80300589e+00,0.00000000e+00,3.00000000e+06,6.00000000e+02,1.50000000e-01,2.50000000e-01,6.00000000e-01,0.00000000e+00
8.40840841e+00,5.80300589e+00,0.00000000e+00,3.00000000e+06,6.00000000e+02,1.50000000e-01,2.50000000e-01,6.00000000e-01,0.00000000e+00
8.50850851e+00,5.80300589e+00,0.00000000e+00,3.00000000e+06,6.00000000e+02,1.50000000e-01,2.50000000e-01,6.00000000e-01,0.00000000e+00
8.60860861e+00,5.80300589e+00,0.00000000e+00,3.00000000e+06,6.00000000e+02,1.50000000e-01,2.50000000e-01,6.00000000e-01,0.00000000e+00
8.70870871e+00,5.80300589e+00,0.00000000e+00,3.00000000e+06,6.00000000e+02,1.50000000e-01,2.50000000e-01,6.00000000e-01,0.00000000e+00
8.80880881e+00,5.80300589e+00,0.00000000e+00,3.00000000e+06,6.00000000e+02,1.50000000e-01,2.50000000e-01,6.00000000e-01,0.00000000e+00
8.90890891e+00,5.80300589e+00,0.00000000e+00,3.00000000e+06,6.00000000e+02,1.50000000e-01,2.50000000e-01,6.00000000e-01,0.00000000e+00
9.00900901e+00,5.80300589e+00,0.00000000e+00,3.00000000e+06,6.00000000e+02,1.50000000e-01,2.50000000e-01,6.00000000e-01,0.00000000e+00
9.10910911e+00,5.80300589e+00,0.00000000e+00,3.00000000e+06,6.00000000e+02,1.50000000e-01,2.50000000e-01,6.00000000e-01,0.00000000e+00
9.20920921e+00,5.80300589e+00,0.00000000e+00,3.00000000e+06,6.00000000e+02,1.50000000e-01,2.50000000e-01,6.00000000e-01,0.00000000e+00
9.30930931e+00,5.80300589e+00,0.00000000e+00,3.00000000e+06,6.00000000e+02,1.50000000e-01,2.50000000e-01,6.00000000e-01,0.00000000e+00
9.40940941e+00,5.80300589e+00,0.00000000e+00,3.00000000e+06,6.00000000e+02,1.50000000e-01,2.50000000e-01,6.00000000e-01,0.00000000e+00
9.50950951e+00,5.80300589e+00,0.00000000e+00,3.00000000e+06,6.00000000e+02,1.50000000e-01,2.50000000e-01,6.00000000e-01,0.00000000e+00
9.60960961e+00,5.80300589e+00,0.00000000e+00,3.00000000e+06,6.00000000e+02,1.50000000e-01,2.50000000e-01,6.00000000e-01,0.00000000e+00
9.70970971e+00,5.80300589e+00,0.00000000e+00,3.00000000e+06,6.00000000e+02,1.50000000e-01,2.50000000e-01,6.00000000e-01,0.00000000e+00
9.80980981e+00,5.80300589e+00,0.00000000e+00,3.00000000e+06,6.00000000e+02,1.50000000e-01,2.50000000e-01,6.00000000e-01,0.00000000e+00
9.90990991e+00,5.80300589e+00,0.00000000e+00,3.00000000e+06,6.00000000e+02,1.50000000e-01,2.50000000e-01,6.00000000e-01,0.00000000e+00
1.00100100e+01,5.80300589e+00,0.00000000e+00,3.00000000e+06,6.00000000e+02,1.50000000e-01,2.50000000e-01,6.00000000e-01,0.00000000e+00
1.01101101e+01,5.80300589e+00,0.00000000e+00,3.00000000e+06,6.00000000e+02,1.50000000e-01,2.50000000e-01,6.00000000e-01,0.00000000e+00
1.02102102e+01,5.80300589e+00,0.00000000e+00,3.00000000e+06,6.00000000e+02,1.50000000e-01,2.50000000e-01,6.00000000e-01,0.00000000e+00
1.03103103e+01,5.80300589e+00,0.00000000e+00,3.00000000e+06,6.00000000e+02,1.50000000e-01,2.50000000e-01,6.00000000e-01,0.00000000e+00
1.04104104e+01,5.80300589e+00,0.00000000e+00,3.00000000e+06,6.00000000e+02,1.50000000e-01,2.50000000e-01,6.00000000e-01,0.00000000e+00
1.05105105e+01,5.80300589e+00,0.00000000e+00,3.00000000e+06,6.00000000e+02,1.50000000e-01,2.50000000e-01,6.00000000e-01,0.00000000e+00
1.06106106e+01,5.80300589e+00,0.00000000e+00,3.00000000e+06,6.00000000e+02,1.50000000e-01,2.50000000e-01,6.00000000e-01,0.00000000e+00
1.07107107e+01,5.80300589e+00,0.00000000e+00,3.00000000e+06,6.00000000e+02,1.50000000e-01,2.50000000e-01,6.00000000e-01,0.00000000e+00
1.08108108e+01,5.80300589e+00,0.00000000e+00,3.00000000e+06,6.00000000e+02,1.50000000e-01,2.50000000e-01,6.00000000e-01,0.00000000e+00
1.09109109e+01,5.80300589e+00,0.00000000e+00,3.00000000e+06,6.00000000e+02,1.50000000e-01,2.50000000e-01,6.00000000e-01,0.00000000e+00
1.10110110e+01,5.80300589e+00,0.00000000e+00,3.00000000e+06,6.00000000e+02,1.50000000e-01,2.50000000e-01,6.00000000e-01,0.00000000e+00
1.11111111e+01,5.80300589e+00,0.00000000e+00,3.00000000e+06,6.00000000e+02,1.50000000e-01,2.50000000e-01,6.00000000e-01,0.00000000e+00
1.12112112e+01,5.80300589e+00,0.00000000e+00,3.00000000e+06,6.00000000e+02,1.50000000e-01,2.50000000e-01,6.00000000e-01,0.00000000e+00
1.13113113e+01,5.80300589e+00,0.00000000e+00,3.00000000e+06,6.00000000e+02,1.50000000e-01,2.50000000e-01,6.00000000e-01,0.00000000e+00
1.14114114e+01,5.80300589e+00,0.00000000e+00,3.00000000e+06,6.00000000e+02,1.50000000e-01,2.50000000e-01,6.00000000e-01,0.00000000e+00
1.15115115e+01,5.80300589e+00,0.00000000e+00,3.00000000e+06,6.00000000e+02,1.50000000e-01,2.50000000e-01,6.00000000e-01,0.00000000e+00
1.16116116e+01,5.80300589e+00,0.00000000e+00,3.00000000e+06,6.00000000e+02,1.50000000e-01,2.50000000e-01,6.00000000e-01,0.00000000e+00
1.17117117e+01,5.80300589e+00,0.00000000e+00,3.00000000e+06,6.00000000e+02,1.50000000e-01,2.50000000e-01,6.00000000e-01,0.00000000e+00
1.18118118e+01,5.80300589e+00,0.00000000e+00,3.00000000e+06,6.00000000e+02,1.50000000e-01,2.50000000e-01,6.00000000e-01,0.00000000e+00
1.19119119e+01,5.80300589e+00,0.00000000e+00,3.00000000e+06,6.00000000e+02,1.50000000e-01,2.50000000e-01,6.00000000e-01,0.00000000e+00
1.20120120e+01,5.80300589e+00,0.00000000e+00,3.00000000e+06,6.00000000e+02,1.50000000e-01,2.50000000e-01,6.00000000e-01,0.00000000e+00
1.21121121e+01,5.80300589e+00,0.00000000e+00,3.00000000e+06,6.00000000e+02,1.50000000e-01,2.50000000e-01,6.00000000e-01,0.00000000e+00
1.22122122e+01,5.80300589e+00,0.00000000e+00,3.00000000e+06,6.00000000e+02,1.50000000e-01,2.50000000e-01,6.00000000e-01,0.00000000e+00
1.23123123e+01,5.80300589e+00,0.00000000e+00,3.00000000e+06,6.00000000e+02,1.50000000e-01,2.50000000e-01,6.00000000e-01,0.00000000e+00
1.24124124e+01,5.80300589e+00,0.00000000e+00,3.00000000e+06,6.00000000e+02,1.50000000e-01,2.50000000e-01,6.00000000e-01,0.00000000e+00
1.25125125e+01,5.80300589e+00,0.00000000e+00,3.00000000e+06,6.00000000e+02,1.50000000e-01,2.50000000e-01,6.00000000e-01,0.00000000e+00
1.26126126e+01,5.80300589e+00,0.00000000e+00,3.00000000e+06,6.00000000e+02,1.50000000e-01,2.50000000e-01,6.00000000e-01,0.00000000e+00
1.27127127e+01,5.80300589e+00,0.00000000e+00,3.00000000e+06,6.00000000e+02,1.50000000e-01,2.50000000e-01,6.00000000e-01,0.00000000e+00
1.28128128e+01,5.80300589e+00,0.00000000e+00,3.00000000e+06,6.00000000e+02,1.50000000e-01,2.50000000e-01,6.00000000e-01,0.00000000e+00
1.29129129e+01,5.80300589e+00,0.00000000e+00,3.00000000e+06,6.00000000e+02,1.50000000e-01,2.50000000e-01,6.00000000e-01,0.00000000e+00
1.30130130e+01,5.80300589e+00,0.00000000e+00,3.00000000e+06,6.00000000e+02,1.50000000e-01,2.50000000e-01,6.00000000e-01,0.00000000e+00
1.31131131e+01,5.80300589e+00,0.00000000e+00,3.00000000e+06,6.00000000e+02,1.50000000e-01,2.50000000e-01,6.00000000e-01,0.00000000e+00
1.32132132e+01,5.80300589e+00,0.00000000e+00,3.00000000e+06,6.00000000e+02,1.50000000e-01,2.50000000e-01,6.00000000e-01,0.00000000e+00
1.33133133e+01,5.80300589e+00,0.00000000e+00,3.00000000e+06,6.00000000e+02,1.50000000e-01,2.50000000e-01,6.00000000e-01,0.00000000e+00
1.34134134e+01,5.80300589e+00,0.00000000e+00,3.00000000e+06,6.00000000e+02,1.50000000e-01,2.50000000e-01,6.00000000e-01,0.00000000e+00
1.35135135e+01,5.80300589e+00,0.00000000e+00,3.00000000e+06,6.00000000e+02,1.50000000e-01,2.50000000e-01,6.00000000e-01,0.00000000e+00
1.36136136e+01,5.80300589e+00,0.00000000e+00,3.00000000e+06,6.00000000e+02,1.50000000e-01,2.50000000e-01,6.00000000e-01,0.00000000e+00
1.37137137e+01,5.80300589e+00,0.00000000e+00,3.00000000e+06,6.00000000e+02,1.50000000e-01,2.50000000e-01,6.00000000e-01,0.00000000e+00
1.38138138e+01,5.80300589e+00,0.00000000e+00,3.00000000e+06,6.00000000e+02,1.50000000e-01,2.50000000e-01,6.00000000e-01,0.00000000e+00
1.39139139e+01,5.80300589e+00,0.00000000e+00,3.00000000e+06,6.00000000e+02,1.50000000e-01,2.50000000e-01,6.00000000e-01,0.00000000e+00
1.40140140e+01,5.80300589e+00,0.00000000e+00,3.00000000e+06,6.00000000e+02,1.50000000e-01,2.50000000e-01,6.00000000e-01,0.00000000e+00
1.41141141e+01,5.80300589e+00,0.00000000e+00,3.00000000e+06,6.00000000e+02,1.50000000e-01,2.50000000e-01,6.00000000e-01,0.00000000e+00
1.42142142e+01,5.80300589e+00,0.00000000e+00,3.00000000e+06,6.00000000e+02,1.50000000e-01,2.50000000e-01,6.00000000e-01,0.00000000e+00
1.43143143e+01,5.80300589e+00,0.00000000e+00,3.00000000e+06,6.00000000e+02,1.50000000e-01,2.50000000e-01,6.00000000e-01,0.00000000e+00
1.44144144e+01,5.80300589e+00,0.00000000e+00,3.00000000e+06,6.00000000e+02,1.50000000e-01,2.50000000e-01,6.00000000e-01,0.00000000e+00
1.45145145e+01,5.80300589e+00,0.00000000e+00,3.00000000e+06,6.00000000e+02,1.50000000e-01,2.50000000e-01,6.00000000e-01,0.00000000e+00
1.46146146e+01,5.80300589e+00,0.00000000e+00,3.00000000e+06,6.00000000e+02,1.50000000e-01,2.50000000e-01,6.00000000e-01,0.00000000e+00
1.47147147e+01,5.80300589e+00,0.00000000e+00,3.00000000e+06,6.00000000e+02,1.50000000e-01,2.50000000e-01,6.00000000e-01,0.00000000e+00
1.48148148e+01,5.80300589e+00,0.00000000e+00,3.00000000e+06,6.00000000e+02,1.50000000e-01,2.50000000e-01,6.00000000e-01,0.00000000e+00
1.49149149e+01,5.80300589e+00,0.00000000e+00,3.00000000e+06,6.00000000e+02,1.50000000e-01,2.50000000e-01,6.00000000e-01,0.00000000e+00
1.50150150e+01,5.80300589e+00,0.00000000e+00,3.00000000e+06,6.00000000e+02,1.50000000e-01,2.50000000e-01,6.00000000e-01,0.00000000e+00
1.51151151e+01,5.80300589e+00,0.00000000e+00,3.00000000e+06,6.00000000e+02,1.50000000e-01,2.50000000e-01,6.00000000e-01,0.00000000e+00
1.52152152e+01,5.80300589e+00,0.00000000e+00,3.00000000e+06,6.00000000e+02,1.50000000e-01,2.50000000e-01,6.00000000e-01,0.00000000e+00
1.53153153e+01,5.80300589e+00,0.00000000e+00,3.00000000e+06,6.00000000e+02,1.50000000e-01,2.50000000e-01,6.00000000e-01,0.00000000e+00
1.54154154e+01,5.80300589e+00,0.00000000e+00,3.00000000e+06,6.00000000e+02,1.50000000e-01,2.50000000e-01,6.00000000e-01,0.00000000e+00
1.55155155e+01,5.80300589e+00,0.00000000e+00,3.00000000e+06,6.00000000e+02,1.50000000e-01,2.50000000e-01,6.00000000e-01,0.00000000e+00
1.56156156e+01,5.80300589e+00,0.00000000e+00,3.00000000e+06,6.00000000e+02,1.50000000e-01,2.50000000e-01,6.00000000e-01,0.00000000e+00
1.57157157e+01,5.80300589e+00,0.00000000e+00,3.00000000e+06,6.00000000e+02,1.50000000e-01,2.50000000e-01,6.00000000e-01,0.00000000e+00
1.58158158e+01,5.80300589e+00,0.00000000e+00,3.00000000e+06,6.00000000e+02,1.50000000e-01,2.50000000e-01,6.00000000e-01,0.00000000e+00
1.59159159e+01,5.80300589e+00,0.00000000e+00,3.00000000e+06,6.00000000e+02,1.50000000e-01,2.50000000e-01,6.00000000e-01,0.00000000e+00
1.60160160e+01,5.80300589e+00,0.00000000e+00,3.00000000e+06,6.00000000e+02,1.50000000e-01,2.50000000e-01,6.00000000e-01,0.00000000e+00
1.61161161e+01,5.80300589e+00,0.00000000e+00,3.00000000e+06,6.00000000e+02,1.50000000e-01,2.50000000e-01,6.00000000e-01,0.00000000e+00
1.62162162e+01,5.80300589e+00,0.00000000e+00,3.00000000e+06,6.00000000e+02,1.50000000e-01,2.50000000e-01,6.00000000e-01,0.00000000e+00
1.63163163e+01,5.80300589e+00,0.00000000e+00,3.00000000e+06,6.00000000e+02,1.50000000e-01,2.50000000e-01,6.00000000e-01,0.00000000e+00
1.64164164e+01,5.80300589e+00,0.00000000e+00,3.00000000e+06,6.00000000e+02,1.50000000e-01,2.50000000e-01,6.00000000e-01,0.00000000e+00
1.65165165e+01,5.80300589e+00,0.00000000e+00,3.00000000e+06,6.00000000e+02,1.50000000e-01,2.50000000e-01,6.00000000e-01,0.00000000e+00
1.66166166e+01,5.80300589e+00,0.00000000e+00,3.00000000e+06,6.00000000e+02,1.50000000e-01,2.50000000e-01,6.00000000e-01,0.00000000e+00
1.67167167e+01,5.80300589e+00,0.00000000e+00,3.00000000e+06,6.00000000e+02,1.50000000e-01,2.50000000e-01,6.00000000e-01,0.00000000e+00
1.68168168e+01,5.80300589e+00,0.00000000e+00,3.00000000e+06,6.00000000e+02,1.50000000e-01,2.50000000e-01,6.00000000e-01,0.00000000e+00
1.69169169e+01,5.80300589e+00,0.00000000e+00,3.00000000e+06,6.00000000e+02,1.50000000e-01,2.50000000e-01,6.00000000e-01,0.00000000e+00
1.70170170e+01,5.80300589e+00,0.00000000e+00,3.00000000e+06,6.00000000e+02,1.50000000e-01,2.50000000e-01,6.00000000e-01,0.00000000e+00
1.71171171e+01,5.80300589e+00,0.00000000e+00,3.00000000e+06,6.00000000e+02,1.50000000e-01,2.50000000e-01,6.00000000e-01,0.00000000e+00
1.72172172e+01,5.80300589e+00,0.00000000e+00,3.00000000e+06,6.00000000e+02,1.50000000e-01,2.50000000e-01,6.00000000e-01,0.00000000e+00
1.73173173e+01,5.80300589e+00,0.00000000e+00,3.00000000e+06,6.00000000e+02,1.50000000e-01,2.50000000e-01,6.00000000e-01,0.00000000e+00
1.74174174e+01,5.80300589e+00,0.00000000e+00,3.00000000e+06,6.00000000e+02,1.50000000e-01,2.50000000e-01,6.00000000e-01,0.00000000e+00
1.75175175e+01,5.80300589e+00,0.00000000e+00,3.00000000e+06,6.00000000e+02,1.50000000e-01,2.50000000e-01,6.00000000e-01,0.00000000e+00
1.76176176e+01,5.80300589e+00,0.00000000e+00,3.00000000e+06,6.00000000e+02,1.50000000e-01,2.50000000e-01,6.00000000e-01,0.00000000e+00
1.77177177e+01,5.80300589e+00,0.00000000e+00,3.00000000e+06,6.00000000e+02,1.50000000e-01,2.50000000e-01,6.00000000e-01,0.00000000e+00
1.78178178e+01,5.80300589e+00,0.00000000e+00,3.00000000e+06,6.00000000e+02,1.50000000e-01,2.50000000e-01,6.00000000e-01,0.00000000e+00
1.79179179e+01,5.80300589e+00,0.00000000e+00,3.00000000e+06,6.00000000e+02,1.50000000e-01,2.50000000e-01,6.00000000e-01,0.00000000e+00
1.80180180e+01,5.80300589e+00,0.00000000e+00,3.00000000e+06,6.00000000e+02,1.50000000e-01,2.50000000e-01,6.00000000e-01,0.00000000e+00
1.81181181e+01,5.80300589e+00,0.00000000e+00,3.00000000e+06,6.00000000e+02,1.50000000e-01,2.50000000e-01,6.00000000e-01,0.00000000e+00
1.82182182e+01,5.80300589e+00,0.00000000e+00,3.00000000e+06,6.00000000e+02,1.50000000e-01,2.50000000e-01,6.00000000e-01,0.00000000e+00
1.83183183e+01,5.80300589e+00,0.00000000e+00,3.00000000e+06,6.00000000e+02,1.50000000e-01,2.50000000e-01,6.00000000e-01,0.00000000e+00
1.84184184e+01,5.80300589e+00,0.00000000e+00,3.00000000e+06,6.00000000e+02,1.50000000e-01,2.50000000e-01,6.00000000e-01,0.00000000e+00
1.85185185e+01,5.80300589e+00,0.00000000e+00,3.00000000e+06,6.00000000e+02,1.50000000e-01,2.50000000e-01,6.00000000e-01,0.00000000e+00
1.86186186e+01,5.80300589e+00,0.00000000e+00,3.00000000e+06,6.00000000e+02,1.50000000e-01,2.50000000e-01,6.00000000e-01,0.00000000e+00
1.87187187e+01,5.80300589e+00,0.00000000e+00,3.00000000e+06,6.00000000e+02,1.50000000e-01,2.50000000e-01,6.00000000e-01,0.00000000e+00
1.88188188e+01,5.80300589e+00,0.00000000e+00,3.00000000e+06,6.00000000e+02,1.50000000e-01,2.50000000e-01,6.00000000e-01,0.00000000e+00
1.89189189e+01,5.80300589e+00,0.00000000e+00,3.00000000e+06,6.00000000e+02,1.50000000e-01,2.50000000e-01,6.00000000e-01,0.00000000e+00
1.90190190e+01,5.80300589e+00,0.00000000e+00,3.00000000e+06,6.00000000e+02,1.50000000e-01,2.50000000e-01,6.00000000e-01,0.00000000e+00
1.91191191e+01,5.80300589e+00,0.00000000e+00,3.00000000e+06,6.00000000e+02,1.50000000e-01,2.50000000e-01,6.00000000e-01,0.00000000e+00
1.92192192e+01,5.80300589e+00,0.00000000e+00,3.00000000e+06,6.00000000e+02,1.50000000e-01,2.50000000e-01,6.00000000e-01,0.00000000e+00
1.93193193e+01,5.80300589e+00,0.00000000e+00,3.00000000e+06,6.00000000e+02,1.50000000e-01,2.50000000e-01,6.00000000e-01,0.00000000e+00
1.94194194e+01,5.80300589e+00,0.00000000e+00,3.00000000e+06,6.00000000e+02,1.50000000e-01,2.50000000e-01,6.00000000e-01,0.00000000e+00
1.95195195e+01,5.80300589e+00,0.00000000e+00,3.00000000e+06,6.00000000e+02,1.50000000e-01,2.50000000e-01,6.00000000e-01,0.00000000e+00
1.96196196e+01,5.80300589e+00,0.00000000e+00,3.00000000e+06,6.00000000e+02,1.50000000e-01,2.50000000e-01,6.00000000e-01,0.00000000e+00
1.97197197e+01,5.80300589e+00,0.00000000e+00,3.00000000e+06,6.00000000e+02,1.50000000e-01,2.50000000e-01,6.00000000e-01,0.00000000e+00
1.98198198e+01,5.80300589e+00,0.00000000e+00,3.00000000e+06,6.00000000e+02,1.50000000e-01,2.50000000e-01,6.00000000e-01,0.00000000e+00
1.99199199e+01,5.80300589e+00,0.00000000e+00,3.00000000e+06,6.00000000e+02,1.50000000e-01,2.50000000e-01,6.00000000e-01,0.00000000e+00
2.00200200e+01,5.80300589e+00,0.00000000e+00,3.00000000e+06,6.00000000e+02,1.50000000e-01,2.50000000e-01,6.00000000e-01,0.00000000e+00
2.01201201e+01,5.80300589e+00,0.00000000e+00,3.00000000e+06,6.00000000e+02,1.50000000e-01,2.50000000e-01,6.00000000e-01,0.00000000e+00
2.02202202e+01,5.80300589e+00,0.00000000e+00,3.00000000e+06,6.00000000e+02,1.50000000e-01,2.50000000e-01,6.00000000e-01,0.00000000e+00
2.03203203e+01,5.80300589e+00,0.00000000e+00,3.00000000e+06,6.00000000e+02,1.50000000e-01,2.50000000e-01,6.00000000e-01,0.00000000e+00
2.04204204e+01,5.80300589e+00,0.00000000e+00,3.00000000e+06,6.00000000e+02,1.50000000e-01,2.50000000e-01,6.00000000e-01,0.00000000e+00
2.05205205e+01,5.80300589e+00,0.00000000e+00,3.00000000e+06,6.00000000e+02,1.50000000e-01,2.50000000e-01,6.00000000e-01,0.00000000e+00
2.06206206e+01,5.80300589e+00,0.00000000e+00,3.00000000e+06,6.00000000e+02,1.50000000e-01,2.50000000e-01,6.00000000e-01,0.00000000e+00
2.07207207e+01,5.80300589e+00,0.00000000e+00,3.00000000e+06,6.00000000e+02,1.50000000e-01,2.50000000e-01,6.00000000e-01,0.00000000e+00
2.08208208e+01,5.80300589e+00,0.00000000e+00,3.00000000e+06,6.00000000e+02,1.50000000e-01,2.50000000e-01,6.00000000e-01,0.00000000e+00
2.09209209e+01,5.80300589e+00,0.00000000e+00,3.00000000e+06,6.00000000e+02,1.50000000e-01,2.50000000e-01,6.00000000e-01,0.00000000e+00
2.10210210e+01,5.80300589e+00,0.00000000e+00,3.00000000e+06,6.00000000e+02,1.50000000e-01,2.50000000e-01,6.00000000e-01,0.00000000e+00
2.11211211e+01,5.80300589e+00,0.00000000e+00,3.00000000e+06,6.00000000e+02,1.50000000e-01,2.50000000e-01,6.00000000e-01,0.00000000e+00
2.12212212e+01,5.80300589e+00,0.00000000e+00,3.00000000e+06,6.00000000e+02,1.50000000e-01,2.50000000e-01,6.00000000e-01,0.00000000e+00
2.13213213e+01,5.80300589e+00,0.00000000e+00,3.00000000e+06,6.00000000e+02,1.50000000e-01,2.50000000e-01,6.00000000e-01,0.00000000e+00
2.14214214e+01,5.80300589e+00,0.00000000e+00,3.00000000e+06,6.00000000e+02,1.50000000e-01,2.50000000e-01,6.00000000e-01,0.00000000e+00
2.15215215e+01,5.80300589e+00,0.00000000e+00,3.00000000e+06,6.00000000e+02,1.50000000e-01,2.50000000e-01,6.00000000e-01,0.00000000e+00
2.16216216e+01,5.80300589e+00,0.00000000e+00,3.00000000e+06,6.00000000e+02,1.50000000e-01,2.50000000e-01,6.00000000e-01,0.00000000e+00
2.17217217e+01,5.80300589e+00,0.00000000e+00,3.00000000e+06,6.00000000e+02,1.50000000e-01,2.50000000e-01,6.00000000e-01,0.00000000e+00
2.18218218e+01,5.80300589e+00,0.00000000e+00,3.00000000e+06,6.00000000e+02,1.50000000e-01,2.50000000e-01,6.00000000e-01,0.00000000e+00
2.19219219e+01,5.80300589e+00,0.00000000e+00,3.00000000e+06,6.00000000e+02,1.50000000e-01,2.50000000e-01,6.00000000e-01,0.00000000e+00
2.20220220e+01,5.80300589e+00,0.00000000e+00,3.00000000e+06,6.00000000e+02,1.50000000e-01,2.50000000e-01,6.00000000e-01,0.00000000e+00
2.21221221e+01,5.80300589e+00,0.00000000e+00,3.00000000e+06,6.00000000e+02,1.50000000e-01,2.50000000e-01,6.00000000e-01,0.00000000e+00
2.22222222e+01,5.80300589e+00,0.00000000e+00,3.00000000e+06,6.00000000e+02,1.50000000e-01,2.50000000e-01,6.00000000e-01,0.00000000e+00
2.23223223e+01,5.80300589e+00,0.00000000e+00,3.00000000e+06,6.00000000e+02,1.50000000e-01,2.50000000e-01,6.00000000e-01,0.00000000e+00
2.24224224e+01,5.80300589e+00,0.00000000e+00,3.00000000e+06,6.00000000e+02,1.50000000e-01,2.50000000e-01,6.00000000e-01,0.00000000e+00
2.25225225e+01,5.80300589e+00,0.00000000e+00,3.00000000e+06,6.00000000e+02,1.50000000e-01,2.50000000e-01,6.00000000e-01,0.00000000e+00
2.26226226e+01,5.80300589e+00,0.00000000e+00,3.00000000e+06,6.00000000e+02,1.50000000e-01,2.50000000e-01,6.00000000e-01,0.00000000e+00
2.27227227e+01,5.80300589e+00,0.00000000e+00,3.00000000e+06,6.00000000e+02,1.50000000e-01,2.50000000e-01,6.00000000e-01,0.00000000e+00
2.28228228e+01,5.80300589e+00,0.00000000e+00,3.00000000e+06,6.00000000e+02,1.50000000e-01,2.50000000e-01,6.00000000e-01,0.00000000e+00
2.29229229e+01,5.80300589e+00,0.00000000e+00,3.00000000e+06,6.00000000e+02,1.50000000e-01,2.50000000e-01,6.00000000e-01,0.00000000e+00
2.30230230e+01,5.80300589e+00,0.00000000e+00,3.00000000e+06,6.00000000e+02,1.50000000e-01,2.50000000e-01,6.00000000e-01,0.00000000e+00
2.31231231e+01,5.80300589e+00,0.00000000e+00,3.00000000e+06,6.00000000e+02,1.50000000e-01,2.50000000e-01,6.00000000e-01,0.00000000e+00
2.32232232e+01,5.80300589e+00,0.00000000e+00,3.00000000e+06,6.00000000e+02,1.50000000e-01,2.50000000e-01,6.00000000e-01,0.00000000e+00
2.33233233e+01,5.80300589e+00,0.00000000e+00,3.00000000e+06,6.00000000e+02,1.50000000e-01,2.50000000e-01,6.00000000e-01,0.00000000e+00
2.34234234e+01,5.80300589e+00,0.00000000e+00,3.00000000e+06,6.00000000e+02,1.50000000e-01,2.50000000e-01,6.00000000e-01,0.00000000e+00
2.35235235e+01,5.80300589e+00,0.00000000e+00,3.00000000e+06,6.00000000e+02,1.50000000e-01,2.50000000e-01,6.00000000e-01,0.00000000e+00
2.36236236e+01,5.80300589e+00,0.00000000e+00,3.00000000e+06,6.00000000e+02,1.50000000e-01,2.50000000e-01,6.00000000e-01,0.00000000e+00
2.37237237e+01,5.80300589e+00,0.00000000e+00,3.00000000e+06,6.00000000e+02,1.50000000e-01,2.50000000e-01,6.00000000e-01,0.00000000e+00
2.38238238e+01,5.80300589e+00,0.00000000e+00,3.00000000e+06,6.00000000e+02,1.50000000e-01,2.50000000e-01,6.00000000e-01,0.00000000e+00
2.39239239e+01,5.80300589e+00,0.00000000e+00,3.00000000e+06,6.00000000e+02,1.50000000e-01,2.50000000e-01,6.00000000e-01,0.00000000e+00
2.40240240e+01,5.80300589e+00,0.00000000e+00,3.00000000e+06,6.00000000e+02,1.50000000e-01,2.50000000e-01,6.00000000e-01,0.00000000e+00
2.41241241e+01,5.80300589e+00,0.00000000e+00,3.00000000e+06,6.00000000e+02,1.50000000e-01,2.50000000e-01,6.00000000e-01,0.00000000e+00
2.42242242e+01,5.80300589e+00,0.00000000e+00,3.00000000e+06,6.00000000e+02,1.50000000e-01,2.50000000e-01,6.00000000e-01,0.00000000e+00
2.43243243e+01,5.80300589e+00,0.00000000e+00,3.00000000e+06,6.00000000e+02,1.50000000e-01,2.50000000e-01,6.00000000e-01,0.00000000e+00
2.44244244e+01,5.80300589e+00,0.00000000e+00,3.00000000e+06,6.00000000e+02,1.50000000e-01,2.50000000e-01,6.00000000e-01,0.00000000e+00
2.45245245e+01,5.80300589e+00,0.00000000e+00,3.00000000e+06,6.00000000e+02,1.50000000e-01,2.50000000e-01,6.00000000e-01,0.00000000e+00
2.46246246e+01,5.80300589e+00,0.00000000e+00,3.00000000e+06,6.00000000e+02,1.50000000e-01,2.50000000e-01,6.00000000e-01,0.00000000e+00
2.47247247e+01,5.80300589e+00,0.00000000e+00,3.00000000e+06,6.00000000e+02,1.50000000e-01,2.50000000e-01,6.00000000e-01,0.00000000e+00
2.48248248e+01,5.80300589e+00,0.00000000e+00,3.00000000e+06,6.00000000e+02,1.50000000e-01,2.50000000e-01,6.00000000e-01,0.00000000e+00
2.49249249e+01,5.80300589e+00,0.00000000e+00,3.00000000e+06,6.00000000e+02,1.50000000e-01,2.50000000e-01,6.00000000e-01,0.00000000e+00
2.50250250e+01,5.80300589e+00,0.00000000e+00,3.00000000e+06,6.00000000e+02,1.50000000e-01,2.50000000e-01,6.00000000e-01,0.00000000e+00
2.51251251e+01,5.80300589e+00,0.00000000e+00,3.00000000e+06,6.00000000e+02,1.50000000e-01,2.50000000e-01,6.00000000e-01,0.00000000e+00
2.52252252e+01,5.80300589e+00,0.00000000e+00,3.00000000e+06,6.00000000e+02,1.50000000e-01,2.50000000e-01,6.00000000e-01,0.00000000e+00
2.53253253e+01,5.80300589e+00,0.00000000e+00,3.00000000e+06,6.00000000e+02,1.50000000e-01,2.50000000e-01,6.00000000e-01,0.00000000e+00
2.54254254e+01,5.80300589e+00,0.00000000e+00,3.00000000e+06,6.00000000e+02,1.50000000e-01,2.50000000e-01,6.00000000e-01,0.00000000e+00
2.55255255e+01,5.80300589e+00,0.00000000e+00,3.00000000e+06,6.00000000e+02,1.50000000e-01,2.50000000e-01,6.00000000e-01,0.00000000e+00
2.56256256e+01,5.80300589e+00,0.00000000e+00,3.00000000e+06,6.00000000e+02,1.50000000e-01,2.50000000e-01,6.00000000e-01,0.00000000e+00
2.57257257e+01,5.80300589e+00,0.00000000e+00,3.00000000e+06,6.00000000e+02,1.50000000e-01,2.50000000e-01,6.00000000e-01,0.00000000e+00
2.58258258e+01,5.80300589e+00,0.00000000e+00,3.00000000e+06,6.00000000e+02,1.50000000e-01,2.50000000e-01,6.00000000e-01,0.00000000e+00
2.59259259e+01,5.80300589e+00,0.00000000e+00,3.00000000e+06,6.00000000e+02,1.50000000e-01,2.50000000e-01,6.00000000e-01,0.00000000e+00
2.60260260e+01,5.80300589e+00,0.00000000e+00,3.00000000e+06,6.00000000e+02,1.50000000e-01,2.50000000e-01,6.00000000e-01,0.00000000e+00
2.61261261e+01,5.80300589e+00,0.00000000e+00,3.00000000e+06,6.00000000e+02,1.50000000e-01,2.50000000e-01,6.00000000e-01,0.00000000e+00
2.62262262e+01,5.80300589e+00,0.00000000e+00,3.00000000e+06,6.00000000e+02,1.50000000e-01,2.50000000e-01,6.00000000e-01,0.00000000e+00
2.63263263e+01,5.80300589e+00,0.00000000e+00,3.00000000e+06,6.00000000e+02,1.50000000e-01,2.50000000e-01,6.00000000e-01,0.00000000e+00
2.64264264e+01,5.80300589e+00,0.00000000e+00,3.00000000e+06,6.00000000e+02,1.50000000e-01,2.50000000e-01,6.00000000e-01,0.00000000e+00
2.65265265e+01,5.80300589e+00,0.00000000e+00,3.00000000e+06,6.00000000e+02,1.50000000e-01,2.50000000e-01,6.00000000e-01,0.00000000e+00
2.66266266e+01,5.80300589e+00,0.00000000e+00,3.00000000e+06,6.00000000e+02,1.50000000e-01,2.50000000e-01,6.00000000e-01,0.00000000e+00
2.67267267e+01,5.80300589e+00,0.00000000e+00,3.00000000e+06,6.00000000e+02,1.50000000e-01,2.50000000e-01,6.00000000e-01,0.00000000e+00
2.68268268e+01,5.80300589e+00,0.00000000e+00,3.00000000e+06,6.00000000e+02,1.50000000e-01,2.50000000e-01,6.00000000e-01,0.00000000e+00
2.69269269e+01,5.80300589e+00,0.00000000e+00,3.00000000e+06,6.00000000e+02,1.50000000e-01,2.50000000e-01,6.00000000e-01,0.00000000e+00
2.70270270e+01,5.80300589e+00,0.00000000e+00,3.00000000e+06,6.00000000e+02,1.50000000e-01,2.50000000e-01,6.00000000e-01,0.00000000e+00
2.71271271e+01,5.80300589e+00,0.00000000e+00,3.00000000e+06,6.00000000e+02,1.50000000e-01,2.50000000e-01,6.00000000e-01,0.00000000e+00
2.72272272e+01,5.80300589e+00,2.08918550e-13,3.00000000e+06,6.00000000e+02,1.50000000e-01,2.50000000e-01,6.00000000e-01,0.00000000e+00
2.73273273e+01,5.80300589e+00,9.36965124e-13,3.00000000e+06,6.00000000e+02,1.50000000e-01,2.50000000e-01,6.00000000e-01,0.00000000e+00
2.74274274e+01,5.80300589e+00,2.80455317e-12,3.00000000e+06,6.00000000e+02,1.50000000e-01,2.50000000e-01,6.00000000e-01,0.00000000e+00
2.75275275e+01,5.80300589e+00,4.78606947e-12,3.00000000e+06,6.00000000e+02,1.50000000e-01,2.50000000e-01,6.00000000e-01,0.00000000e+00
2.76276276e+01,5.80300589e+00,7.94192667e-12,3.00000000e+06,6.00000000e+02,1.50000000e-01,2.50000000e-01,6.00000000e-01,0.00000000e+00
2.77277277e+01,5.80300589e+00,1.42853188e-11,3.00000000e+06,6.00000000e+02,1.50000000e-01,2.50000000e-01,6.00000000e-01,0.00000000e+00
2.78278278e+01,5.80300589e+00,2.75197544e-11,3.00000000e+06,6.00000000e+02,1.50000000e-01,2.50000000e-01,6.00000000e-01,0.00000000e+00
2.79279279e+01,5.80300589e+00,5.57834351e-11,3.00000000e+06,6.00000000e+02,1.50000000e-01,2.50000000e-01,6.00000000e-01,0.00000000e+00
2.80280280e+01,5.80300589e+00,1.15773790e-10,3.00000000e+06,6.00000000e+02,1.50000000e-01,2.50000000e-01,6.00000000e-01,0.00000000e+00
2.81281281e+01,5.80300589e+00,2.43503368e-10,3.00000000e+06,6.00000000e+02,1.50000000e-01,2.50000000e-01,6.00000000e-01,0.00000000e+00
2.82282282e+01,5.80300589e+00,5.08699199e-10,3.00000000e+06,6.00000000e+02,1.50000000e-01,2.50000000e-01,6.00000000e-01,0.00000000e+00
2.83283283e+01,5.80300589e+00,1.05813053e-09,3.00000000e+06,6.00000000e+02,1.50000000e-01,2.50000000e-01,6.00000000e-01,0.00000000e+00
2.84284284e+01,5.80300589e+00,2.18622520e-09,3.00000000e+06,6.00000000e+02,1.50000000e-01,2.50000000e-01,6.00000000e-01,0.00000000e+00
2.85285285e+01,5.80300589e+00,4.48280102e-09,3.00000000e+06,6.00000000e+02,1.50000000e-01,2.50000000e-01,6.00000000e-01,0.00000000e+00
2.86286286e+01,5.80300589e+00,9.12219749e-09,3.00000000e+06,6.00000000e+02,1.50000000e-01,2.50000000e-01,6.00000000e-01,0.00000000e+00
2.87287287e+01,5.80300589e+00,1.84158586e-08,3.00000000e+06,6.00000000e+02,1.50000000e-01,2.50000000e-01,6.00000000e-01,0.00000000e+00
2.88288288e+01,5.80300589e+00,3.68836028e-08,3.00000000e+06,6.00000000e+02,1.50000000e-01,2.50000000e-01,6.00000000e-01,0.00000000e+00
2.89289289e+01,5.80300589e+00,7.32808988e-08,3.00000000e+06,6.00000000e+02,1.50000000e-01,2.50000000e-01,6.00000000e-01,0.00000000e+00
2.90290290e+01,5.80300589e+00,1.44420355e-07,3.00000000e+06,6.00000000e+02,1.50000000e-01,2.50000000e-01,6.00000000e-01,0.00000000e+00
2.91291291e+01,5.80300588e+00,2.82294371e-07,3.00000000e+06,6.00000000e+02,1.50000000e-01,2.50000000e-01,6.00000000e-01,0.00000000e+00
2.92292292e+01,5.80300588e+00,5.47219447e-07,3.00000000e+06,6.00000000e+02,1.50000000e-01,2.50000000e-01,6.00000000e-01,0.00000000e+00
2.93293293e+01,5.80300588e+00,1.05184971e-06,2.99999999e+06,6.00000000e+02,1.50000000e-01,2.50000000e-01,6.00000000e-01,0.00000000e+00
2.94294294e+01,5.80300587e+00,2.00457889e-06,2.99999999e+06,5.99999999e+02,1.50000000e-01,2.50000000e-01,6.00000000e-01,0.00000000e+00
2.95295295e+01,5.80300586e+00,3.78715748e-06,2.99999998e+06,5.99999999e+02,1.50000000e-01,2.50000000e-01,6.00000000e-01,0.00000000e+00
2.96296296e+01,5.80300584e+00,7.09192402e-06,2.99999996e+06,5.99999998e+02,1.50000000e-01,2.50000000e-01,6.00000000e-01,0.00000000e+00
2.97297297e+01,5.80300580e+00,1.31617183e-05,2.99999994e+06,5.99999996e+02,1.50000000e-01,2.50000000e-01,6.00000000e-01,0.00000000e+00
2.98298298e+01,5.80300572e+00,2.42043506e-05,2.99999988e+06,5.99999993e+02,1.50000000e-01,2.50000000e-01,6.00000000e-01,0.00000000e+00
2.99299299e+01,5.80300559e+00,4.40999326e-05,2.99999978e+06,5.99999988e+02,1.50000000e-01,2.50000000e-01,6.00000000e-01,0.00000000e+00
3.00300300e+01,5.80300534e+00,7.95928481e-05,2.99999961e+06,5.99999978e+02,1.50000000e-01,2.50000000e-01,6.00000000e-01,0.00000000e+00
3.01301301e+01,5.80300492e+00,1.42274197e-04,2.99999930e+06,5.99999960e+02,1.50000000e-01,2.50000000e-01,6.00000000e-01,0.00000000e+00
3.02302302e+01,5.80300417e+00,2.51834152e-04,2.99999876e+06,5.99999929e+02,1.50000000e-01,2.50000000e-01,6.00000000e-01,0.00000000e+00
3.03303303e+01,5.80300288e+00,4.41322041e-04,2.99999782e+06,5.99999876e+02,1.50000000e-01,2.50000000e-01,6.00000000e-01,0.00000000e+00
3.04304304e+01,5.80300066e+00,7.65527126e-04,2.99999622e+06,5.99999784e+02,1.50000000e-01,2.50000000e-01,6.00000000e-01,0.00000000e+00
3.05305305e+01,5.80299692e+00,1.31412264e-03,2.99999351e+06,5.99999629e+02,1.50000000e-01,2.50000000e-01,6.00000000e-01,0.00000000e+00
3.06306306e+01,5.80299066e+00,2.23193937e-03,2.99998898e+06,5.99999370e+02,1.50000000e-01,2.50000000e-01,6.00000000e-01,0.00000000e+00
3.07307307e+01,5.80298031e+00,3.74968567e-03,2.99998149e+06,5.99998942e+02,1.50000000e-01,2.50000000e-01,6.00000000e-01,0.00000000e+00
3.08308308e+01,5.80296339e+00,6.22961987e-03,2.99996925e+06,5.99998243e+02,1.50000000e-01,2.50000000e-01,6.00000000e-01,0.00000000e+00
3.09309309e+01,5.80293609e+00,1.02320720e-02,2.99994949e+06,5.99997113e+02,1.50000000e-01,2.50000000e-01,6.00000000e-01,0.00000000e+00
3.10310310e+01,5.80289259e+00,1.66101867e-02,2.99991800e+06,5.99995314e+02,1.50000000e-01,2.50000000e-01,6.00000000e-01,0.00000000e+00
3.11311311e+01,5.80282416e+00,2.66415677e-02,2.99986848e+06,5.99992484e+02,1.50000000e-01,2.50000000e-01,6.00000000e-01,0.00000000e+00
3.12312312e+01,5.80271800e+00,4.22062131e-02,2.99979164e+06,5.99988093e+02,1.50000000e-01,2.50000000e-01,6.00000000e-01,0.00000000e+00
3.13313313e+01,5.80255557e+00,6.60195810e-02,2.99967409e+06,5.99981376e+02,1.50000000e-01,2.50000000e-01,6.00000000e-01,0.00000000e+00
3.14314314e+01,5.80231066e+00,1.01926911e-01,2.99949684e+06,5.99971246e+02,1.50000000e-01,2.50000000e-01,6.00000000e-01,0.00000000e+00
3.15315315e+01,5.80194692e+00,1.55258995e-01,2.99923359e+06,5.99956202e+02,1.50000000e-01,2.50000000e-01,6.00000000e-01,0.00000000e+00
3.16316316e+01,5.80141509e+00,2.33239383e-01,2.99884871e+06,5.99934205e+02,1.50000000e-01,2.50000000e-01,6.00000000e-01,0.00000000e+00
3.17317317e+01,5.80065009e+00,3.45417938e-01,2.99829513e+06,5.99902563e+02,1.50000000e-01,2.50000000e-01,6.00000000e-01,0.00000000e+00
3.18318318e+01,5.79956819e+00,5.04086070e-01,2.99751227e+06,5.99857809e+02,1.50000000e-01,2.50000000e-01,6.00000000e-01,0.00000000e+00
3.19319319e+01,5.79806478e+00,7.24606995e-01,2.99642452e+06,5.99795613e+02,1.50000000e-01,2.50000000e-01,6.00000000e-01,0.00000000e+00
3.20320320e+01,5.79601339e+00,1.02557442e+00,2.99494049e+06,5.99710736e+02,1.50000000e-01,2.50000000e-01,6.00000000e-01,0.00000000e+00
3.21321321e+01,5.79326655e+00,1.42870187e+00,2.99295371e+06,5.99597061e+02,1.50000000e-01,2.50000000e-01,6.00000000e-01,0.00000000e+00
3.22322322e+01,5.78965912e+00,1.95835084e+00,2.99034508e+06,5.99447731e+02,1.50000000e-01,2.50000000e-01,6.00000000e-01,0.00000000e+00
3.23323323e+01,5.78501462e+00,2.64063649e+00,2.98698754e+06,5.99255400e+02,1.50000000e-01,2.50000000e-01,6.00000000e-01,0.00000000e+00
3.24324324e+01,5.77915449e+00,3.50210766e+00,2.98275281e+06,5.99012612e+02,1.50000000e-01,2.50000000e-01,6.00000000e-01,0.00000000e+00
3.25325325e+01,5.77190967e+00,4.56807875e+00,2.97751993e+06,5.98712269e+02,1.50000000e-01,2.50000000e-01,6.00000000e-01,0.00000000e+00
3.26326326e+01,5.76313347e+00,5.86077889e+00,2.97118455e+06,5.98348155e+02,1.50000000e-01,2.50000000e-01,6.00000000e-01,0.00000000e+00
3.27327327e+01,5.75271396e+00,7.39755588e+00,2.96366798e+06,5.97915448e+02,1.50000000e-01,2.50000000e-01,6.00000000e-01,0.00000000e+00
3.28328328e+01,5.74058394e+00,9.18940299e+00,2.95492438e+06,5.97411126e+02,1.50000000e-01,2.50000000e-01,6.00000000e-01,0.00000000e+00
3.29329329e+01,5.72672701e+00,1.12400490e+01,2.94494506e+06,5.96834230e+02,1.50000000e-01,2.50000000e-01,6.00000000e-01,0.00000000e+00
3.30330330e+01,5.71117848e+00,1.35457656e+01,2.93375897e+06,5.96185907e+02,1.50000000e-01,2.50000000e-01,6.00000000e-01,0.00000000e+00
3.31331331e+01,5.69402106e+00,1.60959185e+01,2.92142946e+06,5.95469254e+02,1.50000000e-01,2.50000000e-01,6.00000000e-01,0.00000000e+00
3.32332332e+01,5.67537624e+00,1.88741603e+01,2.90804779e+06,5.94688977e+02,1.50000000e-01,2.50000000e-01,6.00000000e-01,0.00000000e+00
3.33333333e+01,5.65539267e+00,2.18600541e+01,2.89372461e+06,5.93850928e+02,1.50000000e-01,2.50000000e-01,6.00000000e-01,0.00000000e+00
3.34334334e+01,5.63423350e+00,2.50308759e+01,2.87858065e+06,5.92961596e+02,1.50000000e-01,2.50000000e-01,6.00000000e-01,0.00000000e+00
3.35335335e+01,5.61206431e+00,2.83633530e+01,2.86273795e+06,5.92027613e+02,1.50000000e-01,2.50000000e-01,6.00000000e-01,0.00000000e+00
3.36336336e+01,5.58904295e+00,3.18351589e+01,2.84631251e+06,5.91055334e+02,1.50000000e-01,2.50000000e-01,6.00000000e-01,0.00000000e+00
3.37337337e+01,5.56531173e+00,3.54260770e+01,2.82940866e+06,5.90050510e+02,1.50000000e-01,2.50000000e-01,6.00000000e-01,0.00000000e+00
3.38338338e+01,5.54099198e+00,3.91188356e+01,2.81211529e+06,5.89018056e+02,1.50000000e-01,2.50000000e-01,6.00000000e-01,0.00000000e+00
3.39339339e+01,5.51618045e+00,4.28997026e+01,2.79450331e+06,5.87961881e+02,1.50000000e-01,2.50000000e-01,6.00000000e-01,0.00000000e+00
3.40340340e+01,5.49094650e+00,4.67590032e+01,2.77662360e+06,5.86884723e+02,1.50000000e-01,2.50000000e-01,6.00000000e-01,0.00000000e+00
3.41341341e+01,5.46533204e+00,5.06919842e+01,2.75850354e+06,5.85787366e+02,1.50000000e-01,2.50000000e-01,6.00000000e-01,0.00000000e+00
3.42342342e+01,5.43942939e+00,5.46857003e+01,2.74020951e+06,5.84673529e+02,1.50000000e-01,2.50000000e-01,6.00000000e-01,0.00000000e+00
3.43343343e+01,5.41352216e+00,5.87019900e+01,2.72194487e+06,5.83555829e+02,1.50000000e-01,2.50000000e-01,6.00000000e-01,0.00000000e+00
3.44344344e+01,5.38754372e+00,6.27189589e+01,2.70368163e+06,5.82435380e+02,1.50000000e-01,2.50000000e-01,6.00000000e-01,0.00000000e+00
3.45345345e+01,5.36173808e+00,6.67647039e+01,2.68556860e+06,5.81317854e+02,1.50000000e-01,2.50000000e-01,6.00000000e-01,0.00000000e+00
3.46346346e+01,5.33581827e+00,7.07979090e+01,2.66740755e+06,5.80191488e+02,1.50000000e-01,2.50000000e-01,6.00000000e-01,0.00000000e+00
3.47347347e+01,5.31008893e+00,7.48604704e+01,2.64942082e+06,5.79071454e+02,1.50000000e-01,2.50000000e-01,6.00000000e-01,0.00000000e+00
3.48348348e+01,5.28428585e+00,7.89070716e+01,2.63141148e+06,5.77943615e+02,1.50000000e-01,2.50000000e-01,6.00000000e-01,0.00000000e+00
3.49349349e+01,5.25870220e+00,8.29829727e+01,2.61359600e+06,5.76823422e+02,1.50000000e-01,2.50000000e-01,6.00000000e-01,0.00000000e+00
3.50350350e+01,5.23302146e+00,8.70388624e+01,2.59574178e+06,5.75694366e+02,1.50000000e-01,2.50000000e-01,6.00000000e-01,0.00000000e+00
3.51351351e+01,5.20757121e+00,9.11240452e+01,2.57808842e+06,5.74573507e+02,1.50000000e-01,2.50000000e-01,6.00000000e-01,0.00000000e+00
3.52352352e+01,5.18204380e+00,9.51876063e+01,2.56040958e+06,5.73444472e+02,1.50000000e-01,2.50000000e-01,6.00000000e-01,0.00000000e+00
3.53353353e+01,5.15675937e+00,9.92804735e+01,2.54294021e+06,5.72324438e+02,1.50000000e-01,2.50000000e-01,6.00000000e-01,0.00000000e+00
3.54354354e+01,5.13138741e+00,1.03350168e+02,2.52543778e+06,5.71195628e+02,1.50000000e-01,2.50000000e-01,6.00000000e-01,0.00000000e+00
3.55355355e+01,5.10626034e+00,1.07448648e+02,2.50814538e+06,5.70076002e+02,1.50000000e-01,2.50000000e-01,6.00000000e-01,0.00000000e+00
3.56356356e+01,5.08105735e+00,1.11523078e+02,2.49082759e+06,5.68948003e+02,1.50000000e-01,2.50000000e-01,6.00000000e-01,0.00000000e+00
3.57357357e+01,5.05610565e+00,1.15626526e+02,2.47372379e+06,5.67829658e+02,1.50000000e-01,2.50000000e-01,6.00000000e-01,0.00000000e+00
3.58358358e+01,5.03107340e+00,1.19705372e+02,2.45659104e+06,5.66702615e+02,1.50000000e-01,2.50000000e-01,6.00000000e-01,0.00000000e+00
3.59359359e+01,5.00629085e+00,1.23812587e+02,2.43967045e+06,5.65585276e+02,1.50000000e-01,2.50000000e-01,6.00000000e-01,0.00000000e+00
3.60360360e+01,4.98143497e+00,1.27894676e+02,2.42272547e+06,5.64459449e+02,1.50000000e-01,2.50000000e-01,6.00000000e-01,0.00000000e+00
3.61361361e+01,4.95683178e+00,1.32005390e+02,2.40599407e+06,5.63343617e+02,1.50000000e-01,2.50000000e-01,6.00000000e-01,0.00000000e+00
3.62362362e+01,4.93215384e+00,1.36090880e+02,2.38923698e+06,5.62219133e+02,1.50000000e-01,2.50000000e-01,6.00000000e-01,0.00000000e+00
3.63363363e+01,4.90772579e+00,1.40204363e+02,2.37269081e+06,5.61104647e+02,1.50000000e-01,2.50000000e-01,6.00000000e-01,0.00000000e+00
3.64364364e+01,4.88322757e+00,1.44292302e+02,2.35612175e+06,5.59981619e+02,1.50000000e-01,2.50000000e-01,6.00000000e-01,0.00000000e+00
3.65365365e+01,4.85898006e+00,1.48408428e+02,2.33976348e+06,5.58868777e+02,1.50000000e-01,2.50000000e-01,6.00000000e-01,0.00000000e+00
3.66366366e+01,4.83466285e+00,1.52499120e+02,2.32338231e+06,5.57747319e+02,1.50000000e-01,2.50000000e-01,6.00000000e-01,0.00000000e+00
3.67367367e+01,4.81059334e+00,1.56617441e+02,2.30720905e+06,5.56636023e+02,1.50000000e-01,2.50000000e-01,6.00000000e-01,0.00000000e+00
3.68368368e+01,4.78645724e+00,1.60710147e+02,2.29101473e+06,5.55516169e+02,1.50000000e-01,2.50000000e-01,6.00000000e-01,0.00000000e+00
3.69369369e+01,4.76256830e+00,1.64830585e+02,2.27502721e+06,5.54406590e+02,1.50000000e-01,2.50000000e-01,6.00000000e-01,0.00000000e+00
3.70370370e+01,4.73861418e+00,1.68925605e+02,2.25901929e+06,5.53288440e+02,1.50000000e-01,2.50000000e-01,6.00000000e-01,0.00000000e+00
3.71371371e+01,4.71490417e+00,1.73047885e+02,2.24321533e+06,5.52180544e+02,1.50000000e-01,2.50000000e-01,6.00000000e-01,0.00000000e+00
3.72372372e+01,4.69113133e+00,1.77144665e+02,2.22739228e+06,5.51064107e+02,1.50000000e-01,2.50000000e-01,6.00000000e-01,0.00000000e+00
3.73373373e+01,4.66760128e+00,1.81268723e+02,2.21177145e+06,5.49957975e+02,1.50000000e-01,2.50000000e-01,6.00000000e-01,0.00000000e+00
3.74374374e+01,4.64401028e+00,1.85367511e+02,2.19613256e+06,5.48843323e+02,1.50000000e-01,2.50000000e-01,6.00000000e-01,0.00000000e+00
3.75375375e+01,4.62065914e+00,1.89493179e+02,2.18069314e+06,5.47738959e+02,1.50000000e-01,2.50000000e-01,6.00000000e-01,0.00000000e+00
3.76376376e+01,4.59724893e+00,1.93593572e+02,2.16523668e+06,5.46626097e+02,1.50000000e-01,2.50000000e-01,6.00000000e-01,0.00000000e+00
3.77377377e+01,4.57407668e+00,1.97720788e+02,2.14997756e+06,5.45523536e+02,1.50000000e-01,2.50000000e-01,6.00000000e-01,0.00000000e+00
3.78378378e+01,4.55084749e+00,2.01822958e+02,2.13470259e+06,5.44412519e+02,1.50000000e-01,2.50000000e-01,6.00000000e-01,0.00000000e+00
3.79379379e+01,4.52785350e+00,2.05951623e+02,2.11962230e+06,5.43311777e+02,1.50000000e-01,2.50000000e-01,6.00000000e-01,0.00000000e+00
3.80380380e+01,4.50480424e+00,2.10055296e+02,2.10452707e+06,5.42202607e+02,1.50000000e-01,2.50000000e-01,6.00000000e-01,0.00000000e+00
3.81381381e+01,4.48198789e+00,2.14185346e+02,2.08962414e+06,5.41103700e+02,1.50000000e-01,2.50000000e-01,6.00000000e-01,0.00000000e+00
3.82382382e+01,4.45911842e+00,2.18290628e+02,2.07470751e+06,5.39996418e+02,1.50000000e-01,2.50000000e-01,6.00000000e-01,0.00000000e+00
3.83383383e+01,4.43647927e+00,2.22422006e+02,2.05998057e+06,5.38899368e+02,1.50000000e-01,2.50000000e-01,6.00000000e-01,0.00000000e+00
3.84384384e+01,4.41378856e+00,2.26528716e+02,2.04524082e+06,5.37793977e+02,1.50000000e-01,2.50000000e-01,6.00000000e-01,0.00000000e+00
3.85385385e+01,4.39132567e+00,2.30661365e+02,2.03068823e+06,5.36698785e+02,1.50000000e-01,2.50000000e-01,6.00000000e-01,0.00000000e+00
3.86386386e+01,4.36881332e+00,2.34769557e+02,2.01612406e+06,5.35595317e+02,1.50000000e-01,2.50000000e-01,6.00000000e-01,0.00000000e+00
3.87387387e+01,4.34652629e+00,2.38903442e+02,2.00174450e+06,5.34502008e+02,1.50000000e-01,2.50000000e-01,6.00000000e-01,0.00000000e+00
3.88388388e+01,4.32419134e+00,2.43013009e+02,1.98735425e+06,5.33400467e+02,1.50000000e-01,2.50000000e-01,6.00000000e-01,0.00000000e+00
3.89389389e+01,4.30207910e+00,2.47148080e+02,1.97314600e+06,5.32309034e+02,1.50000000e-01,2.50000000e-01,6.00000000e-01,0.00000000e+00
3.90390390e+01,4.27992094e+00,2.51259033e+02,1.95892823e+06,5.31209441e+02,1.50000000e-01,2.50000000e-01,6.00000000e-01,0.00000000e+00
3.91391391e+01,4.25798300e+00,2.55395268e+02,1.94488995e+06,5.30119912e+02,1.50000000e-01,2.50000000e-01,6.00000000e-01,0.00000000e+00
3.92392392e+01,4.23600070e+00,2.59507549e+02,1.93084306e+06,5.29022276e+02,1.50000000e-01,2.50000000e-01,6.00000000e-01,0.00000000e+00
3.93393393e+01,4.21423600e+00,2.63644906e+02,1.91697303e+06,5.27934638e+02,1.50000000e-01,2.50000000e-01,6.00000000e-01,0.00000000e+00
3.94394394e+01,4.19242883e+00,2.67758501e+02,1.90309552e+06,5.26838972e+02,1.50000000e-01,2.50000000e-01,6.00000000e-01,0.00000000e+00
3.95395395e+01,4.17083683e+00,2.71896965e+02,1.88939237e+06,5.25753248e+02,1.50000000e-01,2.50000000e-01,6.00000000e-01,0.00000000e+00
3.96396396e+01,4.14920392e+00,2.76011847e+02,1.87568267e+06,5.24659564e+02,1.50000000e-01,2.50000000e-01,6.00000000e-01,0.00000000e+00
3.97397397e+01,4.12778356e+00,2.80151380e+02,1.86214473e+06,5.23575750e+02,1.50000000e-01,2.50000000e-01,6.00000000e-01,0.00000000e+00
3.98398398e+01,4.10632407e+00,2.84267512e+02,1.84860132e+06,5.22484059e+02,1.50000000e-01,2.50000000e-01,6.00000000e-01,0.00000000e+00
3.99399399e+01,4.08507476e+00,2.88408096e+02,1.83522720e+06,5.21402170e+02,1.50000000e-01,2.50000000e-01,6.00000000e-01,0.00000000e+00
4.00400400e+01,4.06378791e+00,2.92525463e+02,1.82184856e+06,5.20312485e+02,1.50000000e-01,2.50000000e-01,6.00000000e-01,0.00000000e+00
4.01401401e+01,4.04270873e+00,2.96667059e+02,1.80863667e+06,5.19232520e+02,1.50000000e-01,2.50000000e-01,6.00000000e-01,0.00000000e+00
4.02402402e+01,4.02159368e+00,3.00785610e+02,1.79542128e+06,5.18144851e+02,1.50000000e-01,2.50000000e-01,6.00000000e-01,0.00000000e+00
4.03403403e+01,4.00068393e+00,3.04928191e+02,1.78237020e+06,5.17066828e+02,1.50000000e-01,2.50000000e-01,6.00000000e-01,0.00000000e+00
4.04404404e+01,3.97973989e+00,3.09047911e+02,1.76931660e+06,5.15981192e+02,1.50000000e-01,2.50000000e-01,6.00000000e-01,0.00000000e+00
4.05405405e+01,3.95899870e+00,3.13191440e+02,1.75642478e+06,5.14905112e+02,1.50000000e-01,2.50000000e-01,6.00000000e-01,0.00000000e+00
4.06406406e+01,3.93822480e+00,3.17312283e+02,1.74353144e+06,5.13821517e+02,1.50000000e-01,2.50000000e-01,6.00000000e-01,0.00000000e+00
4.07407407e+01,3.91765138e+00,3.21456738e+02,1.73079741e+06,5.12747387e+02,1.50000000e-01,2.50000000e-01,6.00000000e-01,0.00000000e+00
4.08408408e+01,3.89704681e+00,3.25578712e+02,1.71806283e+06,5.11665843e+02,1.50000000e-01,2.50000000e-01,6.00000000e-01,0.00000000e+00
4.09409409e+01,3.87664018e+00,3.29724083e+02,1.70548500e+06,5.10593661e+02,1.50000000e-01,2.50000000e-01,6.00000000e-01,0.00000000e+00
4.10410410e+01,3.85620390e+00,3.33847183e+02,1.69290758e+06,5.09514170e+02,1.50000000e-01,2.50000000e-01,6.00000000e-01,0.00000000e+00
4.11411411e+01,3.83596300e+00,3.37993484e+02,1.68048436e+06,5.08443934e+02,1.50000000e-01,2.50000000e-01,6.00000000e-01,0.00000000e+00
4.12412412e+01,3.81569393e+00,3.42117759e+02,1.66806246e+06,5.07366495e+02,1.50000000e-01,2.50000000e-01,6.00000000e-01,0.00000000e+00
4.13413413e+01,3.79561758e+00,3.46265035e+02,1.65579215e+06,5.06298191e+02,1.50000000e-01,2.50000000e-01,6.00000000e-01,0.00000000e+00
4.14414414e+01,3.77551447e+00,3.50390532e+02,1.64352405e+06,5.05222789e+02,1.50000000e-01,2.50000000e-01,6.00000000e-01,0.00000000e+00
4.15415415e+01,3.75560141e+00,3.54538840e+02,1.63140493e+06,5.04156398e+02,1.50000000e-01,2.50000000e-01,6.00000000e-01,0.00000000e+00
4.16416416e+01,3.73566300e+00,3.58665655e+02,1.61928892e+06,5.03083021e+02,1.50000000e-01,2.50000000e-01,6.00000000e-01,0.00000000e+00
4.17417417e+01,3.71591168e+00,3.62815101e+02,1.60731912e+06,5.02018513e+02,1.50000000e-01,2.50000000e-01,6.00000000e-01,0.00000000e+00
4.18418418e+01,3.69613632e+00,3.66943379e+02,1.59535325e+06,5.00947123e+02,1.50000000e-01,2.50000000e-01,6.00000000e-01,0.00000000e+00
4.19419419e+01,3.67654534e+00,3.71094087e+02,1.58353100e+06,4.99884478e+02,1.50000000e-01,2.50000000e-01,6.00000000e-01,0.00000000e+00
4.20420420e+01,3.65693222e+00,3.75223929e+02,1.57171394e+06,4.98815109e+02,1.50000000e-01,2.50000000e-01,6.00000000e-01,0.00000000e+00
4.21421421e+01,3.63749773e+00,3.79375984e+02,1.56003598e+06,4.97754151e+02,1.50000000e-01,2.50000000e-01,6.00000000e-01,0.00000000e+00
4.22422422e+01,3.61805171e+00,3.83508012e+02,1.54836868e+06,4.96686797e+02,1.50000000e-01,2.50000000e-01,6.00000000e-01,0.00000000e+00
4.23423423e+01,3.59877182e+00,3.87660468e+02,1.53683253e+06,4.95627323e+02,1.50000000e-01,2.50000000e-01,6.00000000e-01,0.00000000e+00
4.24424424e+01,3.57948107e+00,3.91792367e+02,1.52531082e+06,4.94562620e+02,1.50000000e-01,2.50000000e-01,6.00000000e-01,0.00000000e+00
4.25425425e+01,3.56037848e+00,3.95946496e+02,1.51392892e+06,4.93505872e+02,1.50000000e-01,2.50000000e-01,6.00000000e-01,0.00000000e+00
4.26426426e+01,3.54125661e+00,4.00079747e+02,1.50255495e+06,4.92443004e+02,1.50000000e-01,2.50000000e-01,6.00000000e-01,0.00000000e+00
4.27427427e+01,3.52228578e+00,4.04230263e+02,1.49130062e+06,4.91386948e+02,1.50000000e-01,2.50000000e-01,6.00000000e-01,0.00000000e+00
4.28428428e+01,3.50333767e+00,4.08368393e+02,1.48008009e+06,4.90327471e+02,1.50000000e-01,2.50000000e-01,6.00000000e-01,0.00000000e+00
4.29429429e+01,3.48454370e+00,4.12523275e+02,1.46897701e+06,4.89273946e+02,1.50000000e-01,2.50000000e-01,6.00000000e-01,0.00000000e+00
4.30430430e+01,3.46572837e+00,4.16655988e+02,1.45788328e+06,4.88215138e+02,1.50000000e-01,2.50000000e-01,6.00000000e-01,0.00000000e+00
4.31431431e+01,3.44708161e+00,4.20809749e+02,1.44691580e+06,4.87163453e+02,1.50000000e-01,2.50000000e-01,6.00000000e-01,0.00000000e+00
4.32432432e+01,3.42846138e+00,4.24952047e+02,1.43598364e+06,4.86108523e+02,1.50000000e-01,2.50000000e-01,6.00000000e-01,0.00000000e+00
4.33433433e+01,3.40996479e+00,4.29105913e+02,1.42515054e+06,4.85058204e+02,1.50000000e-01,2.50000000e-01,6.00000000e-01,0.00000000e+00
4.34434434e+01,3.39146332e+00,4.33241086e+02,1.41433751e+06,4.84003990e+02,1.50000000e-01,2.50000000e-01,6.00000000e-01,0.00000000e+00
4.35435435e+01,3.37313687e+00,4.37398180e+02,1.40365022e+06,4.82956417e+02,1.50000000e-01,2.50000000e-01,6.00000000e-01,0.00000000e+00
4.36436436e+01,3.35483097e+00,4.41542834e+02,1.39299530e+06,4.81905646e+02,1.50000000e-01,2.50000000e-01,6.00000000e-01,0.00000000e+00
4.37437437e+01,3.33663353e+00,4.45696073e+02,1.38242959e+06,4.80858744e+02,1.50000000e-01,2.50000000e-01,6.00000000e-01,0.00000000e+00
4.38438438e+01,3.31844661e+00,4.49834125e+02,1.37189232e+06,4.79808785e+02,1.50000000e-01,2.50000000e-01,6.00000000e-01,0.00000000e+00
4.39439439e+01,3.30043147e+00,4.53993986e+02,1.36147777e+06,4.78765494e+02,1.50000000e-01,2.50000000e-01,6.00000000e-01,0.00000000e+00
4.40440440e+01,3.28243439e+00,4.58140880e+02,1.35109419e+06,4.77719071e+02,1.50000000e-01,2.50000000e-01,6.00000000e-01,0.00000000e+00
4.41441441e+01,3.26453791e+00,4.62294597e+02,1.34079361e+06,4.76675928e+02,1.50000000e-01,2.50000000e-01,6.00000000e-01,0.00000000e+00
4.42442442e+01,3.24666115e+00,4.66435222e+02,1.33052600e+06,4.75630184e+02,1.50000000e-01,2.50000000e-01,6.00000000e-01,0.00000000e+00
4.43443443e+01,3.22895066e+00,4.70597048e+02,1.32037652e+06,4.74590883e+02,1.50000000e-01,2.50000000e-01,6.00000000e-01,0.00000000e+00
4.44444444e+01,3.21126044e+00,4.74746335e+02,1.31025923e+06,4.73548760e+02,1.50000000e-01,2.50000000e-01,6.00000000e-01,0.00000000e+00
4.45445445e+01,3.19366512e+00,4.78901253e+02,1.30022015e+06,4.72509477e+02,1.50000000e-01,2.50000000e-01,6.00000000e-01,0.00000000e+00
4.46446446e+01,3.17609192e+00,4.83043792e+02,1.29021517e+06,4.71467854e+02,1.50000000e-01,2.50000000e-01,6.00000000e-01,0.00000000e+00
4.47447447e+01,3.15867938e+00,4.87206967e+02,1.28032387e+06,4.70432484e+02,1.50000000e-01,2.50000000e-01,6.00000000e-01,0.00000000e+00
4.48448448e+01,3.14129438e+00,4.91359362e+02,1.27046887e+06,4.69394935e+02,1.50000000e-01,2.50000000e-01,6.00000000e-01,0.00000000e+00
4.49449449e+01,3.12400057e+00,4.95516540e+02,1.26068831e+06,4.68359816e+02,1.50000000e-01,2.50000000e-01,6.00000000e-01,0.00000000e+00
4.50450450e+01,3.10672465e+00,4.99660402e+02,1.25093898e+06,4.67322153e+02,1.50000000e-01,2.50000000e-01,6.00000000e-01,0.00000000e+00
4.51451451e+01,3.08960232e+00,5.03823845e+02,1.24129787e+06,4.66290358e+02,1.50000000e-01,2.50000000e-01,6.00000000e-01,0.00000000e+00
4.52452452e+01,3.07251908e+00,5.07979317e+02,1.23169941e+06,4.65257252e+02,1.50000000e-01,2.50000000e-01,6.00000000e-01,0.00000000e+00
4.53453453e+01,3.05552758e+00,5.12139918e+02,1.22217428e+06,4.64226512e+02,1.50000000e-01,2.50000000e-01,6.00000000e-01,0.00000000e+00
4.54454454e+01,3.03854553e+00,5.16285320e+02,1.21267546e+06,4.63192850e+02,1.50000000e-01,2.50000000e-01,6.00000000e-01,0.00000000e+00
4.55455455e+01,3.02170551e+00,5.20448134e+02,1.20327717e+06,4.62164461e+02,1.50000000e-01,2.50000000e-01,6.00000000e-01,0.00000000e+00
4.56456456e+01,3.00491718e+00,5.24606293e+02,1.19392833e+06,4.61135712e+02,1.50000000e-01,2.50000000e-01,6.00000000e-01,0.00000000e+00
4.57457457e+01,2.98822831e+00,5.28771742e+02,1.18465576e+06,4.60109713e+02,1.50000000e-01,2.50000000e-01,6.00000000e-01,0.00000000e+00
4.58458458e+01,2.97154054e+00,5.32920007e+02,1.17540441e+06,4.59080308e+02,1.50000000e-01,2.50000000e-01,6.00000000e-01,0.00000000e+00
4.59459459e+01,2.95497585e+00,5.37081504e+02,1.16624178e+06,4.58055041e+02,1.50000000e-01,2.50000000e-01,6.00000000e-01,0.00000000e+00
4.60460460e+01,2.93847019e+00,5.41240436e+02,1.15713216e+06,4.57029970e+02,1.50000000e-01,2.50000000e-01,6.00000000e-01,0.00000000e+00
4.61461461e+01,2.92208004e+00,5.45411138e+02,1.14810653e+06,4.56008655e+02,1.50000000e-01,2.50000000e-01,6.00000000e-01,0.00000000e+00
4.62462462e+01,2.90569134e+00,5.49564886e+02,1.13910196e+06,4.54984005e+02,1.50000000e-01,2.50000000e-01,6.00000000e-01,0.00000000e+00
4.63463463e+01,2.88940166e+00,5.53726411e+02,1.13017195e+06,4.53962117e+02,1.50000000e-01,2.50000000e-01,6.00000000e-01,0.00000000e+00
4.64464464e+01,2.87316502e+00,5.57884188e+02,1.12129107e+06,4.52940132e+02,1.50000000e-01,2.50000000e-01,6.00000000e-01,0.00000000e+00
4.65465465e+01,2.85705991e+00,5.62058451e+02,1.11250194e+06,4.51922993e+02,1.50000000e-01,2.50000000e-01,6.00000000e-01,0.00000000e+00
4.66466466e+01,2.84097138e+00,5.66219822e+02,1.10374165e+06,4.50903473e+02,1.50000000e-01,2.50000000e-01,6.00000000e-01,0.00000000e+00
4.67467467e+01,2.82496407e+00,5.70384914e+02,1.09504517e+06,4.49885622e+02,1.50000000e-01,2.50000000e-01,6.00000000e-01,0.00000000e+00
4.68468468e+01,2.80898891e+00,5.74541152e+02,1.08638579e+06,4.48866358e+02,1.50000000e-01,2.50000000e-01,6.00000000e-01,0.00000000e+00
4.69469469e+01,2.79314818e+00,5.78715325e+02,1.07781862e+06,4.47852201e+02,1.50000000e-01,2.50000000e-01,6.00000000e-01,0.00000000e+00
4.70470470e+01,2.77734981e+00,5.82883654e+02,1.06929377e+06,4.46837342e+02,1.50000000e-01,2.50000000e-01,6.00000000e-01,0.00000000e+00
4.71471471e+01,2.76163538e+00,5.87057073e+02,1.06083338e+06,4.45824413e+02,1.50000000e-01,2.50000000e-01,6.00000000e-01,0.00000000e+00
4.72472472e+01,2.74592992e+00,5.91215920e+02,1.05239714e+06,4.44808643e+02,1.50000000e-01,2.50000000e-01,6.00000000e-01,0.00000000e+00
4.73473473e+01,2.73033812e+00,5.95387999e+02,1.04404097e+06,4.43796748e+02,1.50000000e-01,2.50000000e-01,6.00000000e-01,0.00000000e+00
4.74474474e+01,2.71480355e+00,5.99558675e+02,1.03573460e+06,4.42785185e+02,1.50000000e-01,2.50000000e-01,6.00000000e-01,0.00000000e+00
4.75475475e+01,2.69937592e+00,6.03741232e+02,1.02750399e+06,4.41777052e+02,1.50000000e-01,2.50000000e-01,6.00000000e-01,0.00000000e+00
4.76476476e+01,2.68395540e+00,6.07909246e+02,1.01929626e+06,4.40766058e+02,1.50000000e-01,2.50000000e-01,6.00000000e-01,0.00000000e+00
4.77477477e+01,2.66861875e+00,6.12083071e+02,1.01115137e+06,4.39756886e+02,1.50000000e-01,2.50000000e-01,6.00000000e-01,0.00000000e+00
4.78478478e+01,2.65332503e+00,6.16252352e+02,1.00304840e+06,4.38747285e+02,1.50000000e-01,2.50000000e-01,6.00000000e-01,0.00000000e+00
4.79479479e+01,2.63815644e+00,6.20439104e+02,9.95029427e+05,4.37742170e+02,1.50000000e-01,2.50000000e-01,6.00000000e-01,0.00000000e+00
4.80480480e+01,2.62301877e+00,6.24618788e+02,9.87046214e+05,4.36736104e+02,1.50000000e-01,2.50000000e-01,6.00000000e-01,0.00000000e+00
4.81481481e+01,2.60795828e+00,6.28803027e+02,9.79120737e+05,4.35731158e+02,1.50000000e-01,2.50000000e-01,6.00000000e-01,0.00000000e+00
4.82482482e+01,2.59290864e+00,6.32975087e+02,9.71220644e+05,4.34724079e+02,1.50000000e-01,2.50000000e-01,6.00000000e-01,0.00000000e+00
4.83483483e+01,2.57797040e+00,6.37161439e+02,9.63395427e+05,4.33720210e+02,1.50000000e-01,2.50000000e-01,6.00000000e-01,0.00000000e+00
4.84484484e+01,2.56307961e+00,6.41346885e+02,9.55615370e+05,4.32717080e+02,1.50000000e-01,2.50000000e-01,6.00000000e-01,0.00000000e+00
4.85485485e+01,2.54829220e+00,6.45544629e+02,9.47904487e+05,4.31716215e+02,1.50000000e-01,2.50000000e-01,6.00000000e-01,0.00000000e+00
4.86486486e+01,2.53350753e+00,6.49730150e+02,9.40216307e+05,4.30713601e+02,1.50000000e-01,2.50000000e-01,6.00000000e-01,0.00000000e+00
4.87487487e+01,2.51880607e+00,6.53922412e+02,9.32585341e+05,4.29711385e+02,1.50000000e-01,2.50000000e-01,6.00000000e-01,0.00000000e+00
4.88488488e+01,2.50413068e+00,6.58109866e+02,9.24989182e+05,4.28709069e+02,1.50000000e-01,2.50000000e-01,6.00000000e-01,0.00000000e+00
4.89489489e+01,2.48957467e+00,6.62315490e+02,9.17468729e+05,4.27709720e+02,1.50000000e-01,2.50000000e-01,6.00000000e-01,0.00000000e+00
4.90490490e+01,2.47504204e+00,6.66517216e+02,9.09981993e+05,4.26710398e+02,1.50000000e-01,2.50000000e-01,6.00000000e-01,0.00000000e+00
4.91491491e+01,2.46059497e+00,6.70728469e+02,9.02552569e+05,4.25711499e+02,1.50000000e-01,2.50000000e-01,6.00000000e-01,0.00000000e+00
4.92492492e+01,2.44614162e+00,6.74928664e+02,8.95141414e+05,4.24710561e+02,1.50000000e-01,2.50000000e-01,6.00000000e-01,0.00000000e+00
4.93493493e+01,2.43178396e+00,6.79143055e+02,8.87792659e+05,4.23710832e+02,1.50000000e-01,2.50000000e-01,6.00000000e-01,0.00000000e+00
4.94494494e+01,2.41744610e+00,6.83357017e+02,8.80475320e+05,4.22710848e+02,1.50000000e-01,2.50000000e-01,6.00000000e-01,0.00000000e+00
4.95495495e+01,2.40321588e+00,6.87590522e+02,8.73225526e+05,4.21712665e+02,1.50000000e-01,2.50000000e-01,6.00000000e-01,0.00000000e+00
4.96496496e+01,2.38897038e+00,6.91819927e+02,8.65990446e+05,4.20712429e+02,1.50000000e-01,2.50000000e-01,6.00000000e-01,0.00000000e+00
4.97497497e+01,2.37480596e+00,6.96064456e+02,8.58809858e+05,4.19712494e+02,1.50000000e-01,2.50000000e-01,6.00000000e-01,0.00000000e+00
4.98498498e+01,2.36059206e+00,7.00314978e+02,8.51623845e+05,4.18706668e+02,1.50000000e-01,2.50000000e-01,6.00000000e-01,0.00000000e+00
4.99499499e+01,2.34647806e+00,7.04585670e+02,8.44501545e+05,4.17702388e+02,1.50000000e-01,2.50000000e-01,6.00000000e-01,0.00000000e+00
5.00500501e+01,2.33217842e+00,7.08908991e+02,8.37313199e+05,1.24541620e+03,0.00000000e+00,2.29986774e-01,7.70013226e-01,0.00000000e+00
5.01501502e+01,2.31821743e+00,7.13159630e+02,8.30304938e+05,1.24242949e+03,0.00000000e+00,2.29985948e-01,7.70014052e-01,0.00000000e+00
5.02502503e+01,2.30442042e+00,7.17384017e+02,8.23398957e+05,1.23947247e+03,0.00000000e+00,2.29985776e-01,7.70014224e-01,0.00000000e+00
5.03503504e+01,2.29072174e+00,7.21598713e+02,8.16552964e+05,1.23651760e+03,0.00000000e+00,2.29985653e-01,7.70014347e-01,0.00000000e+00
5.04504505e+01,2.27709743e+00,7.25809048e+02,8.09762867e+05,1.23357205e+03,0.00000000e+00,2.29985572e-01,7.70014428e-01,0.00000000e+00
5.05505506e+01,2.26354377e+00,7.30016948e+02,8.03025850e+05,1.23063395e+03,0.00000000e+00,2.29985314e-01,7.70014686e-01,0.00000000e+00
5.06506507e+01,2.25006174e+00,7.34222518e+02,7.96336074e+05,1.22769421e+03,0.00000000e+00,2.29985100e-01,7.70014900e-01,0.00000000e+00
5.07507508e+01,2.23664969e+00,7.38427474e+02,7.89702972e+05,1.22476859e+03,0.00000000e+00,2.29984842e-01,7.70015158e-01,0.00000000e+00
5.08508509e+01,2.22331810e+00,7.42628422e+02,7.83117477e+05,1.22183775e+03,0.00000000e+00,2.29984643e-01,7.70015357e-01,0.00000000e+00
5.09509510e+01,2.21004570e+00,7.46831724e+02,7.76584163e+05,1.21892081e+03,0.00000000e+00,2.29984496e-01,7.70015504e-01,0.00000000e+00
5.10510511e+01,2.19684031e+00,7.51033937e+02,7.70092124e+05,1.21599671e+03,0.00000000e+00,2.29984353e-01,7.70015647e-01,0.00000000e+00
5.11511512e+01,2.18369118e+00,7.55237387e+02,7.63648927e+05,1.21308360e+03,0.00000000e+00,2.29984276e-01,7.70015724e-01,0.00000000e+00
5.12512513e+01,2.17060898e+00,7.59438855e+02,7.57251516e+05,1.21017102e+03,0.00000000e+00,2.29984070e-01,7.70015930e-01,0.00000000e+00
5.13513514e+01,2.15759666e+00,7.63637043e+02,7.50903318e+05,1.20726315e+03,0.00000000e+00,2.29983906e-01,7.70016094e-01,0.00000000e+00
5.14514515e+01,2.14465529e+00,7.67832590e+02,7.44608948e+05,1.20436720e+03,0.00000000e+00,2.29983623e-01,7.70016377e-01,0.00000000e+00
5.15515516e+01,2.13176999e+00,7.72030714e+02,7.38350427e+05,1.20146284e+03,0.00000000e+00,2.29983438e-01,7.70016562e-01,0.00000000e+00
5.16516517e+01,2.11893896e+00,7.76232556e+02,7.32140648e+05,1.19857225e+03,0.00000000e+00,2.29983239e-01,7.70016761e-01,0.00000000e+00
5.17517518e+01,2.10618770e+00,7.80428544e+02,7.25976401e+05,1.19567615e+03,0.00000000e+00,2.29983028e-01,7.70016972e-01,0.00000000e+00
5.18518519e+01,2.09349186e+00,7.84626350e+02,7.19860840e+05,1.19279387e+03,0.00000000e+00,2.29982859e-01,7.70017141e-01,0.00000000e+00
5.19519520e+01,2.08085078e+00,7.88825812e+02,7.13781174e+05,1.18990494e+03,0.00000000e+00,2.29982689e-01,7.70017311e-01,0.00000000e+00
5.20520521e+01,2.06824598e+00,7.93033859e+02,7.07735762e+05,1.18701733e+03,0.00000000e+00,2.29982569e-01,7.70017431e-01,0.00000000e+00
5.21521522e+01,2.05574096e+00,7.97227579e+02,7.01754113e+05,1.18414441e+03,0.00000000e+00,2.29982227e-01,7.70017773e-01,0.00000000e+00
5.22522523e+01,2.04329412e+00,8.01421756e+02,6.95811469e+05,1.18126892e+03,0.00000000e+00,2.29982041e-01,7.70017959e-01,0.00000000e+00
5.23523524e+01,2.03087821e+00,8.05627995e+02,6.89902541e+05,1.17839783e+03,0.00000000e+00,2.29981844e-01,7.70018156e-01,0.00000000e+00
5.24524525e+01,2.01855140e+00,8.09823828e+02,6.84044137e+05,1.17552635e+03,0.00000000e+00,2.29981600e-01,7.70018400e-01,0.00000000e+00
5.25525526e+01,2.00628705e+00,8.14018837e+02,6.78237073e+05,1.17267184e+03,0.00000000e+00,2.29981381e-01,7.70018619e-01,0.00000000e+00
5.26526527e+01,1.99406817e+00,8.18219186e+02,6.72457962e+05,1.16980420e+03,0.00000000e+00,2.29981262e-01,7.70018738e-01,0.00000000e+00
5.27527528e+01,1.98190069e+00,8.22422799e+02,6.66722841e+05,1.16694792e+03,0.00000000e+00,2.29981147e-01,7.70018853e-01,0.00000000e+00
5.28528529e+01,1.96983123e+00,8.26611545e+02,6.61045263e+05,1.16409972e+03,0.00000000e+00,2.29980752e-01,7.70019248e-01,0.00000000e+00
5.29529530e+01,1.95783272e+00,8.30794461e+02,6.55416070e+05,1.16126007e+03,0.00000000e+00,2.29980454e-01,7.70019546e-01,0.00000000e+00
5.30530531e+01,1.94585227e+00,8.34993398e+02,6.49810071e+05,1.15841602e+03,0.00000000e+00,2.29980264e-01,7.70019736e-01,0.00000000e+00
5.31531532e+01,1.93391327e+00,8.39199499e+02,6.44232557e+05,1.15556306e+03,0.00000000e+00,2.29980111e-01,7.70019889e-01,0.00000000e+00
5.32532533e+01,1.92205259e+00,8.43398230e+02,6.38712046e+05,1.15273052e+03,0.00000000e+00,2.29979735e-01,7.70020265e-01,0.00000000e+00
5.33533534e+01,1.91025946e+00,8.47592395e+02,6.33229349e+05,1.14989084e+03,0.00000000e+00,2.29979460e-01,7.70020540e-01,0.00000000e+00
5.34534535e+01,1.89848087e+00,8.51803930e+02,6.27773047e+05,1.14705535e+03,0.00000000e+00,2.29979465e-01,7.70020535e-01,0.00000000e+00
5.35535536e+01,1.88675116e+00,8.56020126e+02,6.22346395e+05,1.14420934e+03,0.00000000e+00,2.29979437e-01,7.70020563e-01,0.00000000e+00
5.36536537e+01,1.87512251e+00,8.60219810e+02,6.16984175e+05,1.14138536e+03,0.00000000e+00,2.29979175e-01,7.70020825e-01,0.00000000e+00
5.37537538e+01,1.86361477e+00,8.64393566e+02,6.11690020e+05,1.13857892e+03,0.00000000e+00,2.29978604e-01,7.70021396e-01,0.00000000e+00
5.38538539e+01,1.85217239e+00,8.68561960e+02,6.06439673e+05,1.13577960e+03,0.00000000e+00,2.29978161e-01,7.70021839e-01,0.00000000e+00
5.39539540e+01,1.84073162e+00,8.72752340e+02,6.01207074e+05,1.13297796e+03,0.00000000e+00,2.29977940e-01,7.70022060e-01,0.00000000e+00
5.40540541e+01,1.82928099e+00,8.76971391e+02,5.95975827e+05,1.13014998e+03,0.00000000e+00,2.29978053e-01,7.70021947e-01,0.00000000e+00
5.41541542e+01,1.81789240e+00,8.81189930e+02,5.90784256e+05,1.12732359e+03,0.00000000e+00,2.29978055e-01,7.70021945e-01,0.00000000e+00
5.42542543e+01,1.80662646e+00,8.85381049e+02,5.85666168e+05,1.12452627e+03,0.00000000e+00,2.29977652e-01,7.70022348e-01,0.00000000e+00
5.43543544e+01,1.79547013e+00,8.89548118e+02,5.80610417e+05,1.12174577e+03,0.00000000e+00,2.29977048e-01,7.70022952e-01,0.00000000e+00
5.44544545e+01,1.78434989e+00,8.93722594e+02,5.75586627e+05,1.11897002e+03,0.00000000e+00,2.29976578e-01,7.70023422e-01,0.00000000e+00
5.45545546e+01,1.77322714e+00,8.97921584e+02,5.70569565e+05,1.11617426e+03,0.00000000e+00,2.29976510e-01,7.70023490e-01,0.00000000e+00
5.46546547e+01,1.76212399e+00,9.02136870e+02,5.65572301e+05,1.11336980e+03,0.00000000e+00,2.29976487e-01,7.70023513e-01,0.00000000e+00
5.47547548e+01,1.75109404e+00,9.06344237e+02,5.60620560e+05,1.11057351e+03,0.00000000e+00,2.29976309e-01,7.70023691e-01,0.00000000e+00
5.48548549e+01,1.74015201e+00,9.10537229e+02,5.55725031e+05,1.10779782e+03,0.00000000e+00,2.29975845e-01,7.70024155e-01,0.00000000e+00
5.49549550e+01,1.72927947e+00,9.14723097e+02,5.50870111e+05,1.10502406e+03,0.00000000e+00,2.29975372e-01,7.70024628e-01,0.00000000e+00
5.50550551e+01,1.71843752e+00,9.18919488e+02,5.46043726e+05,1.10225320e+03,0.00000000e+00,2.29975123e-01,7.70024877e-01,0.00000000e+00
5.51551552e+01,1.70761947e+00,9.23130024e+02,5.41235973e+05,1.09946966e+03,0.00000000e+00,2.29975096e-01,7.70024904e-01,0.00000000e+00
5.52552553e+01,1.69684421e+00,9.27346680e+02,5.36458811e+05,1.09668553e+03,0.00000000e+00,2.29975237e-01,7.70024763e-01,0.00000000e+00
5.53553554e+01,1.68615168e+00,9.31552207e+02,5.31732032e+05,1.09391576e+03,0.00000000e+00,2.29975144e-01,7.70024856e-01,0.00000000e+00
5.54554555e+01,1.67557320e+00,9.35731291e+02,5.27065946e+05,1.09116198e+03,0.00000000e+00,2.29974751e-01,7.70025249e-01,0.00000000e+00
5.55555556e+01,1.66510052e+00,9.39886906e+02,5.22463480e+05,1.08843656e+03,0.00000000e+00,2.29974072e-01,7.70025928e-01,0.00000000e+00
5.56556557e+01,1.65470323e+00,9.44031436e+02,5.17903455e+05,1.08571613e+03,0.00000000e+00,2.29973322e-01,7.70026678e-01,0.00000000e+00
5.57557558e+01,1.64433186e+00,9.48187238e+02,5.13368072e+05,1.08299622e+03,0.00000000e+00,2.29972696e-01,7.70027304e-01,0.00000000e+00
5.58558559e+01,1.63395907e+00,9.52366854e+02,5.08842395e+05,1.08026339e+03,0.00000000e+00,2.29972375e-01,7.70027625e-01,0.00000000e+00
5.59559560e+01,1.62356356e+00,9.56580567e+02,5.04313759e+05,1.07750450e+03,0.00000000e+00,2.29972896e-01,7.70027104e-01,0.00000000e+00
5.60560561e+01,1.61320090e+00,9.60806379e+02,4.99809672e+05,1.07474091e+03,0.00000000e+00,2.29973041e-01,7.70026959e-01,0.00000000e+00
5.61561562e+01,1.60294857e+00,9.65004417e+02,4.95366372e+05,1.07199928e+03,0.00000000e+00,2.29972694e-01,7.70027306e-01,0.00000000e+00
5.62562563e+01,1.59280569e+00,9.69174676e+02,4.90986784e+05,1.06928758e+03,0.00000000e+00,2.29971947e-01,7.70028053e-01,0.00000000e+00
5.63563564e+01,1.58273686e+00,9.73333123e+02,4.86649307e+05,1.06658351e+03,0.00000000e+00,2.29971142e-01,7.70028858e-01,0.00000000e+00
5.64564565e+01,1.57269383e+00,9.77502720e+02,4.82335062e+05,1.06387864e+03,0.00000000e+00,2.29970555e-01,7.70029445e-01,0.00000000e+00
5.65565566e+01,1.56265187e+00,9.81695639e+02,4.78030903e+05,1.06116072e+03,0.00000000e+00,2.29970332e-01,7.70029668e-01,0.00000000e+00
5.66566567e+01,1.55260437e+00,9.85916198e+02,4.73731613e+05,1.05842235e+03,0.00000000e+00,2.29970541e-01,7.70029459e-01,0.00000000e+00
5.67567568e+01,1.54258902e+00,9.90147734e+02,4.69455619e+05,1.05567870e+03,0.00000000e+00,2.29970724e-01,7.70029276e-01,0.00000000e+00
5.68568569e+01,1.53265344e+00,9.94366876e+02,4.65225967e+05,1.05294923e+03,0.00000000e+00,2.29970675e-01,7.70029325e-01,0.00000000e+00
5.69569570e+01,1.52282456e+00,9.98559814e+02,4.61053272e+05,1.05024025e+03,0.00000000e+00,2.29970251e-01,7.70029749e-01,0.00000000e+00
5.70570571e+01,1.51310295e+00,1.00272465e+03,4.56939440e+05,1.04755673e+03,0.00000000e+00,2.29969501e-01,7.70030499e-01,0.00000000e+00
5.71571572e+01,1.50346234e+00,1.00687329e+03,4.52872538e+05,1.04489046e+03,0.00000000e+00,2.29968619e-01,7.70031381e-01,0.00000000e+00
5.72572573e+01,1.49386259e+00,1.01102578e+03,4.48831923e+05,1.04222234e+03,0.00000000e+00,2.29967908e-01,7.70032092e-01,0.00000000e+00
5.73573574e+01,1.48427757e+00,1.01519566e+03,4.44807335e+05,1.03954688e+03,0.00000000e+00,2.29967407e-01,7.70032593e-01,0.00000000e+00
5.74574575e+01,1.47470688e+00,1.01938241e+03,4.40797574e+05,1.03686146e+03,0.00000000e+00,2.29967006e-01,7.70032994e-01,0.00000000e+00
5.75575576e+01,1.46515461e+00,1.02358331e+03,4.36805598e+05,1.03417007e+03,0.00000000e+00,2.29966737e-01,7.70033263e-01,0.00000000e+00
5.76576577e+01,1.45562210e+00,1.02779817e+03,4.32832058e+05,1.03147335e+03,0.00000000e+00,2.29966785e-01,7.70033215e-01,0.00000000e+00
5.77577578e+01,1.44611050e+00,1.03203081e+03,4.28874380e+05,1.02876428e+03,0.00000000e+00,2.29967161e-01,7.70032839e-01,0.00000000e+00
5.78578579e+01,1.43666386e+00,1.03626009e+03,4.24951504e+05,1.02605693e+03,0.00000000e+00,2.29967233e-01,7.70032767e-01,0.00000000e+00
5.79579580e+01,1.42734808e+00,1.04044563e+03,4.21097834e+05,1.02338802e+03,0.00000000e+00,2.29966506e-01,7.70033494e-01,0.00000000e+00
5.80580581e+01,1.41815433e+00,1.04458944e+03,4.17309781e+05,1.02075667e+03,0.00000000e+00,2.29965438e-01,7.70034562e-01,0.00000000e+00
5.81581582e+01,1.40901895e+00,1.04872877e+03,4.13554892e+05,1.01813049e+03,0.00000000e+00,2.29964702e-01,7.70035298e-01,0.00000000e+00
5.82582583e+01,1.39991029e+00,1.05288313e+03,4.09817535e+05,1.01549414e+03,0.00000000e+00,2.29964228e-01,7.70035772e-01,0.00000000e+00
5.83583584e+01,1.39084814e+00,1.05703865e+03,4.06108071e+05,1.01285892e+03,0.00000000e+00,2.29963568e-01,7.70036432e-01,0.00000000e+00
5.84584585e+01,1.38184322e+00,1.06118570e+03,4.02434210e+05,1.01023665e+03,0.00000000e+00,2.29962670e-01,7.70037330e-01,0.00000000e+00
5.85585586e+01,1.37287173e+00,1.06533712e+03,3.98784500e+05,1.00761648e+03,0.00000000e+00,2.29961820e-01,7.70038180e-01,0.00000000e+00
5.86586587e+01,1.36390502e+00,1.06951030e+03,3.95144589e+05,1.00498329e+03,0.00000000e+00,2.29961386e-01,7.70038614e-01,0.00000000e+00
5.87587588e+01,1.35492499e+00,1.07371726e+03,3.91505467e+05,1.00232725e+03,0.00000000e+00,2.29961915e-01,7.70038085e-01,0.00000000e+00
5.88588589e+01,1.34596632e+00,1.07794470e+03,3.87880245e+05,9.99655686e+02,0.00000000e+00,2.29962154e-01,7.70037846e-01,0.00000000e+00
5.89589590e+01,1.33710763e+00,1.08214200e+03,3.84306809e+05,9.97008012e+02,0.00000000e+00,2.29961522e-01,7.70038478e-01,0.00000000e+00
5.90590591e+01,1.32836726e+00,1.08629428e+03,3.80798049e+05,9.94405269e+02,0.00000000e+00,2.29960201e-01,7.70039799e-01,0.00000000e+00
5.91591592e+01,1.31969770e+00,1.09042896e+03,3.77329552e+05,9.91820674e+02,0.00000000e+00,2.29958958e-01,7.70041042e-01,0.00000000e+00
5.92592593e+01,1.31103509e+00,1.09458800e+03,3.73869548e+05,9.89219240e+02,0.00000000e+00,2.29958665e-01,7.70041335e-01,0.00000000e+00
5.93593594e+01,1.30236688e+00,1.09878529e+03,3.70409368e+05,9.86587010e+02,0.00000000e+00,2.29958602e-01,7.70041398e-01,0.00000000e+00
5.94594595e+01,1.29377285e+00,1.10296350e+03,3.66989405e+05,9.83970828e+02,0.00000000e+00,2.29957804e-01,7.70042196e-01,0.00000000e+00
5.95595596e+01,1.28525900e+00,1.10711479e+03,3.63617592e+05,9.81388347e+02,0.00000000e+00,2.29956628e-01,7.70043372e-01,0.00000000e+00
5.96596597e+01,1.27677728e+00,1.11127151e+03,3.60266698e+05,9.78803680e+02,0.00000000e+00,2.29955830e-01,7.70044170e-01,0.00000000e+00
5.97597598e+01,1.26829580e+00,1.11545808e+03,3.56920569e+05,9.76197363e+02,0.00000000e+00,2.29955611e-01,7.70044389e-01,0.00000000e+00
5.98598599e+01,1.25983370e+00,1.11966322e+03,3.53588227e+05,9.73578956e+02,0.00000000e+00,2.29955523e-01,7.70044477e-01,0.00000000e+00
5.99599600e+01,1.25143048e+00,1.12386033e+03,3.50288775e+05,9.70970569e+02,0.00000000e+00,2.29954991e-01,7.70045009e-01,0.00000000e+00
6.00600601e+01,1.24310402e+00,1.12803548e+03,3.47029755e+05,9.68379902e+02,0.00000000e+00,2.29954098e-01,7.70045902e-01,0.00000000e+00
6.01601602e+01,1.23483988e+00,1.13219813e+03,3.43808605e+05,9.65811926e+02,0.00000000e+00,2.29953100e-01,7.70046900e-01,0.00000000e+00
6.02602603e+01,1.22661724e+00,1.13636250e+03,3.40609975e+05,9.63240473e+02,0.00000000e+00,2.29952302e-01,7.70047698e-01,0.00000000e+00
6.03603604e+01,1.21842188e+00,1.14053892e+03,3.37428196e+05,9.60660827e+02,0.00000000e+00,2.29951906e-01,7.70048094e-01,0.00000000e+00
6.04604605e+01,1.21026009e+00,1.14472484e+03,3.34267442e+05,9.58079948e+02,0.00000000e+00,2.29951613e-01,7.70048387e-01,0.00000000e+00
6.05605606e+01,1.20215376e+00,1.14890537e+03,3.31133565e+05,9.55497483e+02,0.00000000e+00,2.29951191e-01,7.70048809e-01,0.00000000e+00
6.06606607e+01,1.19411910e+00,1.15306928e+03,3.28038794e+05,9.52936324e+02,0.00000000e+00,2.29950447e-01,7.70049553e-01,0.00000000e+00
6.07607608e+01,1.18616389e+00,1.15721013e+03,3.24985040e+05,9.50396713e+02,0.00000000e+00,2.29949242e-01,7.70050758e-01,0.00000000e+00
6.08608609e+01,1.17827874e+00,1.16133177e+03,3.21967185e+05,9.47872112e+02,0.00000000e+00,2.29947833e-01,7.70052167e-01,0.00000000e+00
6.09609610e+01,1.17044004e+00,1.16544925e+03,3.18978842e+05,9.45363436e+02,0.00000000e+00,2.29946385e-01,7.70053615e-01,0.00000000e+00
6.10610611e+01,1.16262579e+00,1.16957632e+03,3.16005521e+05,9.42845939e+02,0.00000000e+00,2.29945001e-01,7.70054999e-01,0.00000000e+00
6.11611612e+01,1.15481691e+00,1.17372575e+03,3.13040129e+05,9.40313809e+02,0.00000000e+00,2.29943504e-01,7.70056496e-01,0.00000000e+00
6.12612613e+01,1.14699899e+00,1.17790492e+03,3.10078564e+05,9.37766246e+02,0.00000000e+00,2.29942712e-01,7.70057288e-01,0.00000000e+00
6.13613614e+01,1.13914599e+00,1.18213721e+03,3.07106440e+05,9.35180423e+02,0.00000000e+00,2.29942316e-01,7.70057684e-01,0.00000000e+00
6.14614615e+01,1.13132650e+00,1.18637724e+03,3.04155064e+05,9.32594902e+02,0.00000000e+00,2.29943696e-01,7.70056304e-01,0.00000000e+00
6.15615616e+01,1.12363991e+00,1.19056274e+03,3.01261209e+05,9.30040706e+02,0.00000000e+00,2.29942833e-01,7.70057167e-01,0.00000000e+00
6.16616617e+01,1.11605641e+00,1.19470116e+03,2.98423455e+05,9.27539922e+02,0.00000000e+00,2.29941121e-01,7.70058879e-01,0.00000000e+00
6.17617618e+01,1.10852876e+00,1.19882690e+03,2.95617239e+05,9.25057000e+02,0.00000000e+00,2.29939321e-01,7.70060679e-01,0.00000000e+00
6.18618619e+01,1.10101925e+00,1.20296831e+03,2.92820800e+05,9.22555750e+02,0.00000000e+00,2.29937636e-01,7.70062364e-01,0.00000000e+00
6.19619620e+01,1.09350275e+00,1.20714171e+03,2.90027526e+05,9.20036155e+02,0.00000000e+00,2.29936727e-01,7.70063273e-01,0.00000000e+00
6.20620621e+01,1.08596290e+00,1.21136866e+03,2.87226739e+05,9.17477516e+02,0.00000000e+00,2.29936597e-01,7.70063403e-01,0.00000000e+00
6.21621622e+01,1.07848937e+00,1.21557599e+03,2.84458690e+05,9.14932221e+02,0.00000000e+00,2.29937214e-01,7.70062786e-01,0.00000000e+00
6.22622623e+01,1.07113916e+00,1.21973115e+03,2.81746054e+05,9.12425582e+02,0.00000000e+00,2.29935868e-01,7.70064132e-01,0.00000000e+00
6.23623624e+01,1.06386775e+00,1.22385071e+03,2.79080515e+05,9.09970419e+02,0.00000000e+00,2.29933961e-01,7.70066039e-01,0.00000000e+00
6.24624625e+01,1.05663029e+00,1.22797203e+03,2.76431368e+05,9.07506137e+02,0.00000000e+00,2.29932178e-01,7.70067822e-01,0.00000000e+00
6.25625626e+01,1.04939266e+00,1.23212338e+03,2.73786513e+05,9.05022323e+02,0.00000000e+00,2.29931469e-01,7.70068531e-01,0.00000000e+00
6.26626627e+01,1.04214084e+00,1.23632254e+03,2.71136899e+05,9.02500496e+02,0.00000000e+00,2.29931014e-01,7.70068986e-01,0.00000000e+00
6.27627628e+01,1.03494083e+00,1.24051189e+03,2.68515394e+05,8.99992434e+02,0.00000000e+00,2.29930173e-01,7.70069827e-01,0.00000000e+00
6.28628629e+01,1.02781831e+00,1.24466902e+03,2.65931232e+05,8.97507655e+02,0.00000000e+00,2.29929735e-01,7.70070265e-01,0.00000000e+00
6.29629630e+01,1.02076520e+00,1.24881042e+03,2.63381534e+05,8.95044406e+02,0.00000000e+00,2.29928814e-01,7.70071186e-01,0.00000000e+00
6.30630631e+01,1.01377607e+00,1.25293620e+03,2.60861076e+05,8.92590538e+02,0.00000000e+00,2.29927351e-01,7.70072649e-01,0.00000000e+00
6.31631632e+01,1.00684378e+00,1.25704561e+03,2.58369138e+05,8.90150593e+02,0.00000000e+00,2.29925686e-01,7.70074314e-01,0.00000000e+00
6.32632633e+01,9.99954506e-01,1.26114889e+03,2.55904438e+05,8.87733107e+02,0.00000000e+00,2.29923881e-01,7.70076119e-01,0.00000000e+00
6.33633634e+01,9.93091759e-01,1.26525780e+03,2.53453381e+05,8.85306096e+02,0.00000000e+00,2.29922123e-01,7.70077877e-01,0.00000000e+00
6.34634635e+01,9.86235843e-01,1.26938895e+03,2.51009387e+05,8.82864020e+02,0.00000000e+00,2.29920224e-01,7.70079776e-01,0.00000000e+00
6.35635636e+01,9.79371241e-01,1.27355257e+03,2.48567987e+05,8.80404677e+02,0.00000000e+00,2.29917628e-01,7.70082372e-01,0.00000000e+00
6.36636637e+01,9.72473562e-01,1.27777681e+03,2.46116158e+05,8.77903700e+02,0.00000000e+00,2.29918774e-01,7.70081226e-01,0.00000000e+00
6.37637638e+01,9.65654366e-01,1.28197660e+03,2.43695718e+05,8.75408595e+02,0.00000000e+00,2.29919842e-01,7.70080158e-01,0.00000000e+00
6.38638639e+01,9.58972587e-01,1.28609872e+03,2.41340149e+05,8.72987268e+02,0.00000000e+00,2.29918225e-01,7.70081775e-01,0.00000000e+00
6.39639640e+01,9.52344933e-01,1.29020017e+03,2.39015187e+05,8.70593978e+02,0.00000000e+00,2.29916619e-01,7.70083381e-01,0.00000000e+00
6.40640641e+01,9.45732873e-01,1.29432486e+03,2.36694838e+05,8.68169819e+02,0.00000000e+00,2.29915646e-01,7.70084354e-01,0.00000000e+00
6.41641642e+01,9.39143243e-01,1.29846740e+03,2.34388136e+05,8.65741260e+02,0.00000000e+00,2.29914687e-01,7.70085313e-01,0.00000000e+00
6.42642643e+01,9.32601062e-01,1.30259996e+03,2.32102044e+05,8.63311071e+02,0.00000000e+00,2.29913280e-01,7.70086720e-01,0.00000000e+00
6.43643644e+01,9.26110010e-01,1.30671770e+03,2.29845403e+05,8.60909281e+02,0.00000000e+00,2.29911415e-01,7.70088585e-01,0.00000000e+00
6.44644645e+01,9.19665580e-01,1.31082060e+03,2.27615544e+05,8.58531063e+02,0.00000000e+00,2.29909320e-01,7.70090680e-01,0.00000000e+00
6.45645646e+01,9.13241004e-01,1.31493409e+03,2.25395253e+05,8.56137072e+02,0.00000000e+00,2.29907709e-01,7.70092291e-01,0.00000000e+00
6.46646647e+01,9.06810421e-01,1.31908725e+03,2.23176744e+05,8.53721684e+02,0.00000000e+00,2.29906567e-01,7.70093433e-01,0.00000000e+00
6.47647648e+01,9.00392421e-01,1.32326775e+03,2.20962220e+05,8.51275210e+02,0.00000000e+00,2.29905070e-01,7.70094930e-01,0.00000000e+00
6.48648649e+01,8.94030803e-01,1.32742191e+03,2.18778309e+05,8.48859008e+02,0.00000000e+00,2.29904874e-01,7.70095126e-01,0.00000000e+00
6.49649650e+01,8.87740038e-01,1.33155553e+03,2.16626666e+05,8.46466569e+02,0.00000000e+00,2.29903408e-01,7.70096592e-01,0.00000000e+00
6.50650651e+01,8.81503281e-01,1.33567169e+03,2.14498505e+05,8.44080621e+02,0.00000000e+00,2.29901464e-01,7.70098536e-01,0.00000000e+00
6.51651652e+01,8.75308808e-01,1.33977871e+03,2.12394564e+05,8.41715978e+02,0.00000000e+00,2.29899312e-01,7.70100688e-01,0.00000000e+00
6.52652653e+01,8.69149234e-01,1.34388175e+03,2.10311300e+05,8.39366433e+02,0.00000000e+00,2.29896946e-01,7.70103054e-01,0.00000000e+00
6.53653654e+01,8.63010246e-01,1.34799245e+03,2.08238223e+05,8.37004325e+02,0.00000000e+00,2.29894495e-01,7.70105505e-01,0.00000000e+00
6.54654655e+01,8.56874025e-01,1.35212959e+03,2.06170765e+05,8.34628364e+02,0.00000000e+00,2.29891451e-01,7.70108549e-01,0.00000000e+00
6.55655656e+01,8.50717844e-01,1.35631157e+03,2.04100739e+05,8.32227455e+02,0.00000000e+00,2.29890882e-01,7.70109118e-01,0.00000000e+00
6.56656657e+01,8.44554802e-01,1.36054627e+03,2.02026155e+05,8.29779606e+02,0.00000000e+00,2.29890727e-01,7.70109273e-01,0.00000000e+00
6.57657658e+01,8.38480919e-01,1.36470863e+03,1.99998204e+05,8.27400513e+02,0.00000000e+00,2.29888583e-01,7.70111417e-01,0.00000000e+00
6.58658659e+01,8.32437876e-01,1.36887630e+03,1.97989352e+05,8.25035524e+02,0.00000000e+00,2.29884494e-01,7.70115506e-01,0.00000000e+00
6.59659660e+01,8.26411180e-01,1.37306795e+03,1.95984893e+05,8.22638644e+02,0.00000000e+00,2.29885360e-01,7.70114640e-01,0.00000000e+00
6.60660661e+01,8.20467916e-01,1.37722893e+03,1.94010055e+05,8.20248272e+02,0.00000000e+00,2.29885210e-01,7.70114790e-01,0.00000000e+00
6.61661662e+01,8.14610136e-01,1.38134332e+03,1.92079180e+05,8.17924156e+02,0.00000000e+00,2.29882756e-01,7.70117244e-01,0.00000000e+00
6.62662663e+01,8.08793364e-01,1.38543998e+03,1.90167542e+05,8.15607502e+02,0.00000000e+00,2.29880018e-01,7.70119982e-01,0.00000000e+00
6.63663664e+01,8.02981294e-01,1.38956667e+03,1.88259569e+05,8.13268240e+02,0.00000000e+00,2.29876112e-01,7.70123888e-01,0.00000000e+00
6.64664665e+01,7.97155942e-01,1.39374748e+03,1.86346901e+05,8.10888357e+02,0.00000000e+00,2.29876036e-01,7.70123964e-01,0.00000000e+00
6.65665666e+01,7.91392981e-01,1.39790871e+03,1.84458793e+05,8.08517325e+02,0.00000000e+00,2.29875794e-01,7.70124206e-01,0.00000000e+00
6.66666667e+01,7.85722000e-01,1.40201124e+03,1.82611957e+05,8.06199129e+02,0.00000000e+00,2.29873346e-01,7.70126654e-01,0.00000000e+00
6.67667668e+01,7.80088635e-01,1.40610199e+03,1.80786772e+05,8.03904745e+02,0.00000000e+00,2.29870932e-01,7.70129068e-01,0.00000000e+00
6.68668669e+01,7.74474130e-01,1.41020898e+03,1.78971217e+05,8.01600611e+02,0.00000000e+00,2.29868615e-01,7.70131385e-01,0.00000000e+00
6.69669670e+01,7.68879656e-01,1.41432758e+03,1.77162443e+05,7.99272536e+02,0.00000000e+00,2.29865691e-01,7.70134309e-01,0.00000000e+00
6.70670671e+01,7.63302784e-01,1.41846449e+03,1.75366587e+05,7.96950448e+02,0.00000000e+00,2.29860595e-01,7.70139405e-01,0.00000000e+00
6.71671672e+01,7.57752810e-01,1.42259869e+03,1.73582737e+05,7.94621601e+02,0.00000000e+00,2.29861923e-01,7.70138077e-01,0.00000000e+00
6.72672673e+01,7.52284833e-01,1.42670775e+03,1.71827399e+05,7.92303318e+02,0.00000000e+00,2.29861467e-01,7.70138533e-01,0.00000000e+00
6.73673674e+01,7.46901990e-01,1.43075687e+03,1.70112335e+05,7.90047860e+02,0.00000000e+00,2.29858711e-01,7.70141289e-01,0.00000000e+00
6.74674675e+01,7.41545522e-01,1.43480989e+03,1.68411327e+05,7.87797379e+02,0.00000000e+00,2.29855810e-01,7.70144190e-01,0.00000000e+00
6.75675676e+01,7.36209006e-01,1.43887294e+03,1.66719859e+05,7.85537812e+02,0.00000000e+00,2.29852846e-01,7.70147154e-01,0.00000000e+00
6.76676677e+01,7.30888205e-01,1.44294483e+03,1.65037019e+05,7.83269361e+02,0.00000000e+00,2.29849915e-01,7.70150085e-01,0.00000000e+00
6.77677678e+01,7.25565168e-01,1.44704996e+03,1.63357070e+05,7.80983902e+02,0.00000000e+00,2.29847239e-01,7.70152761e-01,0.00000000e+00
6.78678679e+01,7.20234301e-01,1.45120657e+03,1.61674031e+05,7.78658442e+02,0.00000000e+00,2.29846459e-01,7.70153541e-01,0.00000000e+00
6.79679680e+01,7.14958097e-01,1.45533393e+03,1.60016424e+05,7.76362130e+02,0.00000000e+00,2.29843623e-01,7.70156377e-01,0.00000000e+00
6.80680681e+01,7.09730550e-01,1.45942256e+03,1.58386420e+05,7.74113452e+02,0.00000000e+00,2.29840031e-01,7.70159969e-01,0.00000000e+00
6.81681682e+01,7.04513055e-01,1.46354378e+03,1.56758964e+05,7.71832795e+02,0.00000000e+00,2.29834932e-01,7.70165068e-01,0.00000000e+00
6.82682683e+01,6.99316667e-01,1.46767319e+03,1.55142012e+05,7.69547372e+02,0.00000000e+00,2.29833713e-01,7.70166287e-01,0.00000000e+00
6.83683684e+01,6.94184066e-01,1.47177257e+03,1.53552722e+05,7.67295343e+02,0.00000000e+00,2.29831256e-01,7.70168744e-01,0.00000000e+00
6.84684685e+01,6.89103961e-01,1.47585583e+03,1.51983326e+05,7.65051470e+02,0.00000000e+00,2.29827173e-01,7.70172827e-01,0.00000000e+00
6.85685686e+01,6.84063228e-01,1.47992286e+03,1.50430508e+05,7.62814698e+02,0.00000000e+00,2.29825749e-01,7.70174251e-01,0.00000000e+00
6.86686687e+01,6.79075604e-01,1.48397973e+03,1.48899052e+05,7.60594330e+02,0.00000000e+00,2.29824034e-01,7.70175966e-01,0.00000000e+00
6.87687688e+01,6.74141926e-01,1.48802362e+03,1.47386108e+05,7.58375496e+02,0.00000000e+00,2.29820430e-01,7.70179570e-01,0.00000000e+00
6.88688689e+01,6.69248192e-01,1.49204897e+03,1.45891706e+05,7.56174898e+02,0.00000000e+00,2.29816493e-01,7.70183507e-01,0.00000000e+00
6.89689690e+01,6.64383315e-01,1.49606586e+03,1.44410231e+05,7.53976602e+02,0.00000000e+00,2.29812220e-01,7.70187780e-01,0.00000000e+00
6.90690691e+01,6.59541405e-01,1.50008499e+03,1.42943398e+05,7.51797034e+02,0.00000000e+00,2.29811318e-01,7.70188682e-01,0.00000000e+00
6.91691692e+01,6.54751457e-01,1.50410579e+03,1.41490929e+05,7.49601671e+02,0.00000000e+00,2.29808604e-01,7.70191396e-01,0.00000000e+00
6.92692693e+01,6.50014472e-01,1.50809591e+03,1.40063219e+05,7.47445031e+02,0.00000000e+00,2.29804293e-01,7.70195707e-01,0.00000000e+00
6.93693694e+01,6.45304125e-01,1.51207814e+03,1.38647374e+05,7.45289716e+02,0.00000000e+00,2.29799644e-01,7.70200356e-01,0.00000000e+00
6.94694695e+01,6.40605918e-01,1.51608142e+03,1.37235015e+05,7.43107569e+02,0.00000000e+00,2.29795626e-01,7.70204374e-01,0.00000000e+00
6.95695696e+01,6.35930372e-01,1.52007841e+03,1.35836409e+05,7.40941771e+02,0.00000000e+00,2.29791228e-01,7.70208772e-01,0.00000000e+00
6.96696697e+01,6.31276368e-01,1.52408476e+03,1.34450446e+05,7.38787897e+02,0.00000000e+00,2.29784099e-01,7.70215901e-01,0.00000000e+00
6.97697698e+01,6.26652254e-01,1.52809741e+03,1.33074082e+05,7.36620607e+02,0.00000000e+00,2.29782927e-01,7.70217073e-01,0.00000000e+00
6.98698699e+01,6.22113060e-01,1.53207729e+03,1.31725988e+05,7.34478081e+02,0.00000000e+00,2.29777610e-01,7.70222390e-01,0.00000000e+00
6.99699700e+01,6.17631541e-01,1.53601589e+03,1.30399060e+05,7.32354543e+02,0.00000000e+00,2.29772033e-01,7.70227967e-01,0.00000000e+00
7.00700701e+01,6.13191469e-01,1.53992281e+03,1.29089381e+05,7.30248271e+02,0.00000000e+00,2.29767316e-01,7.70232684e-01,0.00000000e+00
7.01701702e+01,6.08791286e-01,1.54380542e+03,1.27796504e+05,7.28159400e+02,0.00000000e+00,2.29763629e-01,7.70236371e-01,0.00000000e+00
7.02702703e+01,6.04436224e-01,1.54769065e+03,1.26519071e+05,7.26074577e+02,0.00000000e+00,2.29760105e-01,7.70239895e-01,0.00000000e+00
7.03703704e+01,6.00150203e-01,1.55154171e+03,1.25266533e+05,7.24019918e+02,0.00000000e+00,2.29754589e-01,7.70245411e-01,0.00000000e+00
7.04704705e+01,5.95916495e-01,1.55538459e+03,1.24033394e+05,7.21984940e+02,0.00000000e+00,2.29745713e-01,7.70254287e-01,0.00000000e+00
7.05705706e+01,5.91730355e-01,1.55919141e+03,1.22820145e+05,7.19979584e+02,0.00000000e+00,2.29736843e-01,7.70263157e-01,0.00000000e+00
7.06706707e+01,5.87587107e-01,1.56295476e+03,1.21618568e+05,7.17962312e+02,0.00000000e+00,2.29729576e-01,7.70270424e-01,0.00000000e+00
7.07707708e+01,5.83494307e-01,1.56669198e+03,1.20429680e+05,7.15929805e+02,0.00000000e+00,2.29720877e-01,7.70279123e-01,0.00000000e+00
7.08708709e+01,5.79473368e-01,1.57039432e+03,1.19269269e+05,7.13950341e+02,0.00000000e+00,2.29709983e-01,7.70290017e-01,0.00000000e+00
7.09709710e+01,5.75547214e-01,1.57405113e+03,1.18147689e+05,7.12059574e+02,0.00000000e+00,2.29694263e-01,7.70305737e-01,0.00000000e+00
7.10710711e+01,5.71723242e-01,1.57764294e+03,1.17060499e+05,7.10224161e+02,0.00000000e+00,2.29673928e-01,7.70326072e-01,0.00000000e+00
7.11711712e+01,5.68011939e-01,1.58109954e+03,1.16003014e+05,7.08405832e+02,0.00000000e+00,2.29663116e-01,7.70336884e-01,0.00000000e+00
7.12712713e+01,5.64479798e-01,1.58437316e+03,1.14989810e+05,7.06612570e+02,0.00000000e+00,2.29664650e-01,7.70335350e-01,0.00000000e+00
7.13713714e+01,5.61211094e-01,1.58747726e+03,1.14045310e+05,7.04889786e+02,0.00000000e+00,2.29658035e-01,7.70341965e-01,0.00000000e+00
7.14714715e+01,5.58218184e-01,1.59040804e+03,1.13183598e+05,7.03312270e+02,0.00000000e+00,2.29633669e-01,7.70366331e-01,0.00000000e+00
7.15715716e+01,5.55472066e-01,1.59310777e+03,1.12410030e+05,7.01955730e+02,0.00000000e+00,2.29601423e-01,7.70398577e-01,0.00000000e+00
7.16716717e+01,5.52964406e-01,1.59548093e+03,1.11721271e+05,7.00816794e+02,0.00000000e+00,2.29582170e-01,7.70417830e-01,0.00000000e+00
7.17717718e+01,5.50742826e-01,1.59747879e+03,1.11118572e+05,6.99848675e+02,0.00000000e+00,2.29591691e-01,7.70408309e-01,0.00000000e+00
7.18718719e+01,5.48916136e-01,1.59913218e+03,1.10613071e+05,6.98985559e+02,0.00000000e+00,2.29617012e-01,7.70382988e-01,0.00000000e+00
7.19719720e+01,5.47551746e-01,1.60047915e+03,1.10214158e+05,6.98201443e+02,0.00000000e+00,2.29630877e-01,7.70369123e-01,0.00000000e+00
7.20720721e+01,5.46590717e-01,1.60153955e+03,1.09919662e+05,6.97559327e+02,0.00000000e+00,2.29621783e-01,7.70378217e-01,0.00000000e+00
7.21721722e+01,5.45900073e-01,1.60231859e+03,1.09713069e+05,6.97127405e+02,0.00000000e+00,2.29602529e-01,7.70397471e-01,0.00000000e+00
7.22722723e+01,5.45380607e-01,1.60282150e+03,1.09571858e+05,6.96892538e+02,0.00000000e+00,2.29594195e-01,7.70405805e-01,0.00000000e+00
7.23723724e+01,5.45013840e-01,1.60309588e+03,1.09482153e+05,6.96791158e+02,0.00000000e+00,2.29600506e-01,7.70399494e-01,0.00000000e+00
7.24724725e+01,5.44807974e-01,1.60322478e+03,1.09436631e+05,6.96765290e+02,0.00000000e+00,2.29607969e-01,7.70392031e-01,0.00000000e+00
7.25725726e+01,5.44731294e-01,1.60327177e+03,1.09422409e+05,6.96772826e+02,0.00000000e+00,2.29608143e-01,7.70391857e-01,0.00000000e+00
7.26726727e+01,5.44722460e-01,1.60327572e+03,1.09422039e+05,6.96781296e+02,0.00000000e+00,2.29602850e-01,7.70397150e-01,0.00000000e+00
7.27727728e+01,5.44742210e-01,1.60325737e+03,1.09428209e+05,6.96794664e+02,0.00000000e+00,2.29595537e-01,7.70404463e-01,0.00000000e+00
7.28728729e+01,5.44809335e-01,1.60319734e+03,1.09447290e+05,6.96829489e+02,0.00000000e+00,2.29586435e-01,7.70413565e-01,0.00000000e+00
7.29729730e+01,5.44947097e-01,1.60307373e+03,1.09485267e+05,6.96894100e+02,0.00000000e+00,2.29575658e-01,7.70424342e-01,0.00000000e+00
7.30730731e+01,5.45173298e-01,1.60286731e+03,1.09547212e+05,6.96997964e+02,0.00000000e+00,2.29563216e-01,7.70436784e-01,0.00000000e+00
7.31731732e+01,5.45499338e-01,1.60256361e+03,1.09636825e+05,6.97149942e+02,0.00000000e+00,2.29549148e-01,7.70450852e-01,0.00000000e+00
7.32732733e+01,5.45929694e-01,1.60215462e+03,1.09756085e+05,6.97356741e+02,0.00000000e+00,2.29533691e-01,7.70466309e-01,0.00000000e+00
7.33733734e+01,5.46462084e-01,1.60163993e+03,1.09905088e+05,6.97621713e+02,0.00000000e+00,2.29517752e-01,7.70482248e-01,0.00000000e+00
7.34734735e+01,5.47088603e-01,1.60102704e+03,1.10081928e+05,6.97942744e+02,0.00000000e+00,2.29503664e-01,7.70496336e-01,0.00000000e+00
7.35735736e+01,5.47802612e-01,1.60033089e+03,1.10282613e+05,6.98301827e+02,0.00000000e+00,2.29481921e-01,7.70518079e-01,0.00000000e+00
7.36736737e+01,5.48533278e-01,1.59959112e+03,1.10494837e+05,6.98711346e+02,0.00000000e+00,2.29456111e-01,7.70543889e-01,0.00000000e+00
7.37737738e+01,5.49138863e-01,1.59896005e+03,1.10678781e+05,6.99100739e+02,0.00000000e+00,2.29434294e-01,7.70565706e-01,0.00000000e+00
7.38738739e+01,5.49659897e-01,1.59842991e+03,1.10837985e+05,6.99440918e+02,0.00000000e+00,2.29414387e-01,7.70585613e-01,0.00000000e+00
7.39739740e+01,5.50130696e-01,1.59797264e+03,1.10976948e+05,6.99716628e+02,0.00000000e+00,2.29393332e-01,7.70606668e-01,0.00000000e+00
7.40740741e+01,5.50561900e-01,1.59756546e+03,1.11097547e+05,6.99926273e+02,0.00000000e+00,2.29369710e-01,7.70630290e-01,0.00000000e+00
7.41741742e+01,5.50949932e-01,1.59719692e+03,1.11201703e+05,7.00086702e+02,0.00000000e+00,2.29343564e-01,7.70656436e-01,0.00000000e+00
7.42742743e+01,5.51290281e-01,1.59686721e+03,1.11292760e+05,7.00224830e+02,0.00000000e+00,2.29314952e-01,7.70685048e-01,0.00000000e+00
7.43743744e+01,5.51582291e-01,1.59658167e+03,1.11374386e+05,7.00364578e+02,0.00000000e+00,2.29283271e-01,7.70716729e-01,0.00000000e+00
7.44744745e+01,5.51826028e-01,1.59634168e+03,1.11448272e+05,7.00516523e+02,0.00000000e+00,2.29248406e-01,7.70751594e-01,0.00000000e+00
7.45745746e+01,5.52020692e-01,1.59614073e+03,1.11513411e+05,7.00675503e+02,0.00000000e+00,2.29211872e-01,7.70788128e-01,0.00000000e+00
7.46746747e+01,5.52169257e-01,1.59596867e+03,1.11568161e+05,7.00827633e+02,0.00000000e+00,2.29175503e-01,7.70824497e-01,0.00000000e+00
7.47747748e+01,5.52281013e-01,1.59581737e+03,1.11612476e+05,7.00960936e+02,0.00000000e+00,2.29140000e-01,7.70860000e-01,0.00000000e+00
7.48748749e+01,5.52369097e-01,1.59568617e+03,1.11648091e+05,7.01069587e+02,0.00000000e+00,2.29104262e-01,7.70895738e-01,0.00000000e+00
7.49749750e+01,5.52445729e-01,1.59557662e+03,1.11677934e+05,7.01156289e+02,0.00000000e+00,2.29066272e-01,7.70933728e-01,0.00000000e+00
7.50750751e+01,5.52517129e-01,1.59548364e+03,1.11704619e+05,7.01229496e+02,0.00000000e+00,2.29025159e-01,7.70974841e-01,0.00000000e+00
7.51751752e+01,5.52585917e-01,1.59540351e+03,1.11728875e+05,7.01290431e+02,0.00000000e+00,2.28980415e-01,7.71019585e-01,0.00000000e+00
7.52752753e+01,5.52652970e-01,1.59534088e+03,1.11750221e+05,7.01334758e+02,0.00000000e+00,2.28929804e-01,7.71070196e-01,0.00000000e+00
7.53753754e+01,5.52708464e-01,1.59528914e+03,1.11768582e+05,7.01374753e+02,0.00000000e+00,2.28876276e-01,7.71123724e-01,0.00000000e+00
7.54754755e+01,5.52744003e-01,1.59523617e+03,1.11784303e+05,7.01423411e+02,0.00000000e+00,2.28821885e-01,7.71178115e-01,0.00000000e+00
7.55755756e+01,5.52766792e-01,1.59518462e+03,1.11798298e+05,7.01477277e+02,0.00000000e+00,2.28766001e-01,7.71233999e-01,0.00000000e+00
7.56756757e+01,5.52784545e-01,1.59513547e+03,1.11811711e+05,7.01533663e+02,0.00000000e+00,2.28707673e-01,7.71292327e-01,0.00000000e+00
7.57757758e+01,5.52801040e-01,1.59508816e+03,1.11824994e+05,7.01590569e+02,0.00000000e+00,2.28646531e-01,7.71353469e-01,0.00000000e+00
7.58758759e+01,5.52817322e-01,1.59504167e+03,1.11838361e+05,7.01648013e+02,0.00000000e+00,2.28582600e-01,7.71417400e-01,0.00000000e+00
7.59759760e+01,5.52833970e-01,1.59499617e+03,1.11851986e+05,7.01706356e+02,0.00000000e+00,2.28515871e-01,7.71484129e-01,0.00000000e+00
7.60760761e+01,5.52852477e-01,1.59495163e+03,1.11866037e+05,7.01764757e+02,0.00000000e+00,2.28446296e-01,7.71553704e-01,0.00000000e+00
7.61761762e+01,5.52874757e-01,1.59490718e+03,1.11880712e+05,7.01822015e+02,0.00000000e+00,2.28373917e-01,7.71626083e-01,0.00000000e+00
7.62762763e+01,5.52901947e-01,1.59486177e+03,1.11896026e+05,7.01876811e+02,0.00000000e+00,2.28298844e-01,7.71701156e-01,0.00000000e+00
7.63763764e+01,5.52933858e-01,1.59481496e+03,1.11911699e+05,7.01927616e+02,0.00000000e+00,2.28221187e-01,7.71778813e-01,0.00000000e+00
7.64764765e+01,5.52969363e-01,1.59476733e+03,1.11927175e+05,7.01972400e+02,0.00000000e+00,2.28141061e-01,7.71858939e-01,0.00000000e+00
7.65765766e+01,5.53007242e-01,1.59472055e+03,1.11941780e+05,7.02008490e+02,0.00000000e+00,2.28058644e-01,7.71941356e-01,0.00000000e+00
7.66766767e+01,5.53046900e-01,1.59467678e+03,1.11954907e+05,7.02032869e+02,0.00000000e+00,2.27974195e-01,7.72025805e-01,0.00000000e+00
7.67767768e+01,5.53088765e-01,1.59463790e+03,1.11966207e+05,7.02042821e+02,0.00000000e+00,2.27887998e-01,7.72112002e-01,0.00000000e+00
7.68768769e+01,5.53134342e-01,1.59460475e+03,1.11975686e+05,7.02036510e+02,0.00000000e+00,2.27800316e-01,7.72199684e-01,0.00000000e+00
7.69769770e+01,5.53185934e-01,1.59457708e+03,1.11983676e+05,7.02013129e+02,0.00000000e+00,2.27711429e-01,7.72288571e-01,0.00000000e+00
7.70770771e+01,5.53246024e-01,1.59455407e+03,1.11990692e+05,7.01972680e+02,0.00000000e+00,2.27620528e-01,7.72379472e-01,0.00000000e+00
7.71771772e+01,5.53308583e-01,1.59453597e+03,1.11996725e+05,7.01922807e+02,0.00000000e+00,2.27528118e-01,7.72471882e-01,0.00000000e+00
7.72772773e+01,5.53348440e-01,1.59451667e+03,1.12001669e+05,7.01895139e+02,0.00000000e+00,2.27438207e-01,7.72561793e-01,0.00000000e+00
7.73773774e+01,5.53367180e-01,1.59449795e+03,1.12006162e+05,7.01891766e+02,0.00000000e+00,2.27351920e-01,7.72648080e-01,0.00000000e+00
7.74774775e+01,5.53374332e-01,1.59448327e+03,1.12011323e+05,7.01907601e+02,0.00000000e+00,2.27269343e-01,7.72730657e-01,0.00000000e+00
7.75775776e+01,5.53377935e-01,1.59447255e+03,1.12016823e+05,7.01930397e+02,0.00000000e+00,2.27190467e-01,7.72809533e-01,0.00000000e+00
7.76776777e+01,5.53380959e-01,1.59446307e+03,1.12022764e+05,7.01957092e+02,0.00000000e+00,2.27115991e-01,7.72884009e-01,0.00000000e+00
7.77777778e+01,5.53383879e-01,1.59445286e+03,1.12028118e+05,7.01980730e+02,0.00000000e+00,2.27047008e-01,7.72952992e-01,0.00000000e+00
7.78778779e+01,5.53385321e-01,1.59444014e+03,1.12032677e+05,7.02001876e+02,0.00000000e+00,2.26984900e-01,7.73015100e-01,0.00000000e+00
7.79779780e+01,5.53380205e-01,1.59441994e+03,1.12039509e+05,7.02046360e+02,0.00000000e+00,2.26931380e-01,7.73068620e-01,0.00000000e+00
7.80780781e+01,5.53358062e-01,1.59439551e+03,1.12047707e+05,7.02121846e+02,0.00000000e+00,2.26887163e-01,7.73112837e-01,0.00000000e+00
7.81781782e+01,5.53312004e-01,1.59437094e+03,1.12055919e+05,7.02228619e+02,0.00000000e+00,2.26852335e-01,7.73147665e-01,0.00000000e+00
7.82782783e+01,5.53239564e-01,1.59434615e+03,1.12064078e+05,7.02369465e+02,0.00000000e+00,2.26827443e-01,7.73172557e-01,0.00000000e+00
7.83783784e+01,5.53138230e-01,1.59432053e+03,1.12072317e+05,7.02548535e+02,0.00000000e+00,2.26813619e-01,7.73186381e-01,0.00000000e+00
7.84784785e+01,5.53002827e-01,1.59429489e+03,1.12080375e+05,7.02770952e+02,0.00000000e+00,2.26812167e-01,7.73187833e-01,0.00000000e+00
7.85785786e+01,5.52825700e-01,1.59427113e+03,1.12087719e+05,7.03043268e+02,0.00000000e+00,2.26824192e-01,7.73175808e-01,0.00000000e+00
7.86786787e+01,5.52598083e-01,1.59425091e+03,1.12093905e+05,7.03374044e+02,0.00000000e+00,2.26850476e-01,7.73149524e-01,0.00000000e+00
7.87787788e+01,5.52311114e-01,1.59423499e+03,1.12098793e+05,7.03773889e+02,0.00000000e+00,2.26891537e-01,7.73108463e-01,0.00000000e+00
7.88788789e+01,5.51956088e-01,1.59422330e+03,1.12102504e+05,7.04254957e+02,0.00000000e+00,2.26947733e-01,7.73052267e-01,0.00000000e+00
7.89789790e+01,5.51524229e-01,1.59421539e+03,1.12105283e+05,7.04830350e+02,0.00000000e+00,2.27019332e-01,7.72980668e-01,0.00000000e+00
7.90790791e+01,5.51006314e-01,1.59421076e+03,1.12107374e+05,7.05513895e+02,0.00000000e+00,2.27106552e-01,7.72893448e-01,0.00000000e+00
7.91791792e+01,5.50392216e-01,1.59420898e+03,1.12108978e+05,7.06320504e+02,0.00000000e+00,2.27209581e-01,7.72790419e-01,0.00000000e+00
7.92792793e+01,5.49670316e-01,1.59420956e+03,1.12110265e+05,7.07267045e+02,0.00000000e+00,2.27328585e-01,7.72671415e-01,0.00000000e+00
7.93793794e+01,5.48826774e-01,1.59421190e+03,1.12111385e+05,7.08373454e+02,0.00000000e+00,2.27463691e-01,7.72536309e-01,0.00000000e+00
7.94794795e+01,5.47844816e-01,1.59421526e+03,1.12112472e+05,7.09663787e+02,0.00000000e+00,2.27614940e-01,7.72385060e-01,0.00000000e+00
7.95795796e+01,5.46704239e-01,1.59421882e+03,1.12113633e+05,7.11166955e+02,0.00000000e+00,2.27782224e-01,7.72217776e-01,0.00000000e+00
7.96796797e+01,5.45381285e-01,1.59422184e+03,1.12114935e+05,7.12917066e+02,0.00000000e+00,2.27965231e-01,7.72034769e-01,0.00000000e+00
7.97797798e+01,5.43848853e-01,1.59422368e+03,1.12116411e+05,7.14953471e+02,0.00000000e+00,2.28163425e-01,7.71836575e-01,0.00000000e+00
7.98798799e+01,5.42076893e-01,1.59422391e+03,1.12118075e+05,7.17320735e+02,0.00000000e+00,2.28376076e-01,7.71623924e-01,0.00000000e+00
7.99799800e+01,5.40032717e-01,1.59422226e+03,1.12119935e+05,7.20068833e+02,0.00000000e+00,2.28602328e-01,7.71397672e-01,0.00000000e+00
8.00800801e+01,5.37681023e-01,1.59421869e+03,1.12122013e+05,7.23253811e+02,0.00000000e+00,2.28841304e-01,7.71158696e-01,0.00000000e+00
8.01801802e+01,5.34983518e-01,1.59421332e+03,1.12124338e+05,7.26939076e+02,0.00000000e+00,2.29092205e-01,7.70907795e-01,0.00000000e+00
8.02802803e+01,5.31898147e-01,1.59420644e+03,1.12126941e+05,7.31197373e+02,0.00000000e+00,2.29354410e-01,7.70645590e-01,0.00000000e+00
8.03803804e+01,5.28378022e-01,1.59419847e+03,1.12129834e+05,7.36113480e+02,0.00000000e+00,2.29627554e-01,7.70372446e-01,0.00000000e+00
8.04804805e+01,5.24370161e-01,1.59418991e+03,1.12132993e+05,7.41787656e+02,0.00000000e+00,2.29911613e-01,7.70088387e-01,0.00000000e+00
8.05805806e+01,5.19814109e-01,1.59418135e+03,1.12136353e+05,7.48340018e+02,0.00000000e+00,2.30206978e-01,7.69793022e-01,0.00000000e+00
8.06806807e+01,5.14640494e-01,1.59417334e+03,1.12139806e+05,7.55916078e+02,0.00000000e+00,2.30514541e-01,7.69485459e-01,0.00000000e+00
8.07807808e+01,5.08769538e-01,1.59416638e+03,1.12143227e+05,7.64693811e+02,0.00000000e+00,2.30835770e-01,7.69164230e-01,0.00000000e+00
8.08808809e+01,5.02109587e-01,1.59416083e+03,1.12146491e+05,7.74892714e+02,0.00000000e+00,2.31172770e-01,7.68827230e-01,0.00000000e+00
8.09809810e+01,4.94555791e-01,1.59415687e+03,1.12149509e+05,7.86785389e+02,0.00000000e+00,2.31528298e-01,7.68471702e-01,0.00000000e+00
8.10810811e+01,4.85989187e-01,1.59415445e+03,1.12152232e+05,8.00712377e+02,0.00000000e+00,2.31905724e-01,7.68094276e-01,0.00000000e+00
8.11811812e+01,4.76276488e-01,1.59415335e+03,1.12154665e+05,8.17101272e+02,0.00000000e+00,2.32308922e-01,7.67691078e-01,0.00000000e+00
8.12812813e+01,4.65270962e-01,1.59415321e+03,1.12156843e+05,8.36491725e+02,0.00000000e+00,2.32742076e-01,7.67257924e-01,0.00000000e+00
8.13813814e+01,4.52814806e-01,1.59415360e+03,1.12158817e+05,8.59568832e+02,0.00000000e+00,2.33209405e-01,7.66790595e-01,0.00000000e+00
8.14814815e+01,4.38743334e-01,1.59415418e+03,1.12160623e+05,8.87208914e+02,0.00000000e+00,2.33714778e-01,7.66285222e-01,0.00000000e+00
8.15815816e+01,4.22891250e-01,1.59415466e+03,1.12162272e+05,9.20544018e+02,0.00000000e+00,2.34261237e-01,7.65738763e-01,0.00000000e+00
8.16816817e+01,4.05101098e-01,1.59415493e+03,1.12163750e+05,9.61055336e+02,0.00000000e+00,2.34850398e-01,7.65149602e-01,0.00000000e+00
8.17817818e+01,3.85233816e-01,1.59415494e+03,1.12165035e+05,1.01071235e+03,0.00000000e+00,2.35481749e-01,7.64518251e-01,0.00000000e+00
8.18818819e+01,3.63181120e-01,1.59415475e+03,1.12166116e+05,1.07218626e+03,0.00000000e+00,2.36151743e-01,7.63848257e-01,0.00000000e+00
8.19819820e+01,3.38879304e-01,1.59415458e+03,1.12167036e+05,1.14918799e+03,0.00000000e+00,2.36852545e-01,7.63147455e-01,0.00000000e+00
8.20820821e+01,3.12324159e-01,1.59415544e+03,1.12168061e+05,1.24708169e+03,0.00000000e+00,2.37935823e-01,7.62064177e-01,0.00000000e+00
8.21821822e+01,2.84964255e-01,1.59415454e+03,1.12168610e+05,1.36710547e+03,0.00000000e+00,2.39546427e-01,7.60453573e-01,0.00000000e+00
8.22822823e+01,2.61398812e-01,1.59414707e+03,1.12167739e+05,1.49063791e+03,0.00000000e+00,2.41101829e-01,7.58898171e-01,0.00000000e+00
8.23823824e+01,2.41912135e-01,1.59413810e+03,1.12166574e+05,1.61099351e+03,0.00000000e+00,2.42539393e-01,7.57460607e-01,0.00000000e+00
8.24824825e+01,2.26093462e-01,1.59413824e+03,1.12167176e+05,1.72399329e+03,0.00000000e+00,2.43790511e-01,7.56209489e-01,0.00000000e+00
8.25825826e+01,2.13484861e-01,1.59415528e+03,1.12170852e+05,1.82611166e+03,0.00000000e+00,2.44805090e-01,7.55194910e-01,0.00000000e+00
8.26826827e+01,2.03613266e-01,1.59417495e+03,1.12174862e+05,1.91489848e+03,0.00000000e+00,2.45555747e-01,7.54444253e-01,0.00000000e+00
8.27827828e+01,1.96022312e-01,1.59417475e+03,1.12175303e+05,1.98918388e+03,0.00000000e+00,2.46037899e-01,7.53962101e-01,0.00000000e+00
8.28828829e+01,1.90295959e-01,1.59415322e+03,1.12172030e+05,2.04904106e+03,0.00000000e+00,2.46261154e-01,7.53738846e-01,0.00000000e+00
8.29829830e+01,1.86067662e-01,1.59412705e+03,1.12168029e+05,2.09552568e+03,0.00000000e+00,2.46245920e-01,7.53754080e-01,0.00000000e+00
8.30830831e+01,1.83021162e-01,1.59411446e+03,1.12166433e+05,2.13031529e+03,0.00000000e+00,2.46021672e-01,7.53978328e-01,0.00000000e+00
8.31831832e+01,1.80889012e-01,1.59412861e+03,1.12169436e+05,2.15537231e+03,0.00000000e+00,2.45621485e-01,7.54378515e-01,0.00000000e+00
8.32832833e+01,1.79447741e-01,1.59416350e+03,1.12175889e+05,2.17265733e+03,0.00000000e+00,2.45079615e-01,7.54920385e-01,0.00000000e+00
8.33833834e+01,1.78512340e-01,1.59418966e+03,1.12180877e+05,2.18395773e+03,0.00000000e+00,2.44433138e-01,7.55566862e-01,0.00000000e+00
8.34834835e+01,1.77936977e-01,1.59418699e+03,1.12180922e+05,2.19081841e+03,0.00000000e+00,2.43715218e-01,7.56284782e-01,0.00000000e+00
8.35835836e+01,1.77613185e-01,1.59416758e+03,1.12178105e+05,2.19454091e+03,0.00000000e+00,2.42948038e-01,7.57051962e-01,0.00000000e+00
8.36836837e+01,1.77458759e-01,1.59415263e+03,1.12176031e+05,2.19618412e+03,0.00000000e+00,2.42147270e-01,7.57852730e-01,0.00000000e+00
8.37837838e+01,1.77407149e-01,1.59414649e+03,1.12175423e+05,2.19657984e+03,0.00000000e+00,2.41327533e-01,7.58672467e-01,0.00000000e+00
8.38838839e+01,1.77403109e-01,1.59414472e+03,1.12175483e+05,2.19640007e+03,0.00000000e+00,2.40508637e-01,7.59491363e-01,0.00000000e+00
8.39839840e+01,1.77419950e-01,1.59414391e+03,1.12175799e+05,2.19597095e+03,0.00000000e+00,2.39704284e-01,7.60295716e-01,0.00000000e+00
8.40840841e+01,1.77472793e-01,1.59414433e+03,1.12176322e+05,2.19510646e+03,0.00000000e+00,2.38920576e-01,7.61079424e-01,0.00000000e+00
8.41841842e+01,1.77575917e-01,1.59414626e+03,1.12177040e+05,2.19363274e+03,0.00000000e+00,2.38164328e-01,7.61835672e-01,0.00000000e+00
8.42842843e+01,1.77737254e-01,1.59414893e+03,1.12177953e+05,2.19145632e+03,0.00000000e+00,2.37442556e-01,7.62557444e-01,0.00000000e+00
8.43843844e+01,1.77957287e-01,1.59415206e+03,1.12178925e+05,2.18857436e+03,0.00000000e+00,2.36761531e-01,7.63238469e-01,0.00000000e+00
8.44844845e+01,1.78229019e-01,1.59415607e+03,1.12179865e+05,2.18507550e+03,0.00000000e+00,2.36118169e-01,7.63881831e-01,0.00000000e+00
8.45845846e+01,1.78523229e-01,1.59416066e+03,1.12180894e+05,2.18132494e+03,0.00000000e+00,2.35512612e-01,7.64487388e-01,0.00000000e+00
8.46846847e+01,1.78763561e-01,1.59416183e+03,1.12181411e+05,2.17824797e+03,0.00000000e+00,2.34960223e-01,7.65039777e-01,0.00000000e+00
8.47847848e+01,1.78953326e-01,1.59415622e+03,1.12180793e+05,2.17578477e+03,0.00000000e+00,2.34453905e-01,7.65546095e-01,0.00000000e+00
8.48848849e+01,1.79105752e-01,1.59414388e+03,1.12178910e+05,2.17376756e+03,0.00000000e+00,2.33991257e-01,7.66008743e-01,0.00000000e+00
8.49849850e+01,1.79232110e-01,1.59413045e+03,1.12176947e+05,2.17207924e+03,0.00000000e+00,2.33568573e-01,7.66431427e-01,0.00000000e+00
8.50850851e+01,1.79340890e-01,1.59412385e+03,1.12176282e+05,2.17064106e+03,0.00000000e+00,2.33181356e-01,7.66818644e-01,0.00000000e+00
8.51851852e+01,1.79436177e-01,1.59412934e+03,1.12177508e+05,2.16941352e+03,0.00000000e+00,2.32827249e-01,7.67172751e-01,0.00000000e+00
8.52852853e+01,1.79520392e-01,1.59414717e+03,1.12180446e+05,2.16836282e+03,0.00000000e+00,2.32504372e-01,7.67495628e-01,0.00000000e+00
8.53853854e+01,1.79594904e-01,1.59416960e+03,1.12184001e+05,2.16745013e+03,0.00000000e+00,2.32210400e-01,7.67789600e-01,0.00000000e+00
8.54854855e+01,1.79658899e-01,1.59418419e+03,1.12186392e+05,2.16665033e+03,0.00000000e+00,2.31944410e-01,7.68055590e-01,0.00000000e+00
8.55855856e+01,1.79711738e-01,1.59418522e+03,1.12186718e+05,2.16595335e+03,0.00000000e+00,2.31706005e-01,7.68293995e-01,0.00000000e+00
8.56856857e+01,1.79755389e-01,1.59417503e+03,1.12185299e+05,2.16534087e+03,0.00000000e+00,2.31493120e-01,7.68506880e-01,0.00000000e+00
8.57857858e+01,1.79792497e-01,1.59416022e+03,1.12182941e+05,2.16479574e+03,0.00000000e+00,2.31303286e-01,7.68696714e-01,0.00000000e+00
8.58858859e+01,1.79825447e-01,1.59414777e+03,1.12180520e+05,2.16430544e+03,0.00000000e+00,2.31134185e-01,7.68865815e-01,0.00000000e+00
8.59859860e+01,1.79856157e-01,1.59413926e+03,1.12178517e+05,2.16385538e+03,0.00000000e+00,2.30983307e-01,7.69016693e-01,0.00000000e+00
8.60860861e+01,1.79884798e-01,1.59413418e+03,1.12177328e+05,2.16345080e+03,0.00000000e+00,2.30849509e-01,7.69150491e-01,0.00000000e+00
8.61861862e+01,1.79911726e-01,1.59413331e+03,1.12177089e+05,2.16308975e+03,0.00000000e+00,2.30731882e-01,7.69268118e-01,0.00000000e+00
8.62862863e+01,1.79938048e-01,1.59413684e+03,1.12177705e+05,2.16275628e+03,0.00000000e+00,2.30627628e-01,7.69372372e-01,0.00000000e+00
8.63863864e+01,1.79962523e-01,1.59414515e+03,1.12179205e+05,2.16246565e+03,0.00000000e+00,2.30536015e-01,7.69463985e-01,0.00000000e+00
8.64864865e+01,1.79984512e-01,1.59415244e+03,1.12180073e+05,2.16219622e+03,0.00000000e+00,2.30456803e-01,7.69543197e-01,0.00000000e+00
8.65865866e+01,1.80005068e-01,1.59415505e+03,1.12180251e+05,2.16193353e+03,0.00000000e+00,2.30387509e-01,7.69612491e-01,0.00000000e+00
8.66866867e+01,1.80023238e-01,1.59415345e+03,1.12179827e+05,2.16169047e+03,0.00000000e+00,2.30327355e-01,7.69672645e-01,0.00000000e+00
8.67867868e+01,1.80038860e-01,1.59415094e+03,1.12179190e+05,2.16147632e+03,0.00000000e+00,2.30275757e-01,7.69724243e-01,0.00000000e+00
8.68868869e+01,1.80052983e-01,1.59414997e+03,1.12178657e+05,2.16128417e+03,0.00000000e+00,2.30231196e-01,7.69768804e-01,0.00000000e+00
8.69869870e+01,1.80065939e-01,1.59415069e+03,1.12178537e+05,2.16111576e+03,0.00000000e+00,2.30192973e-01,7.69807027e-01,0.00000000e+00
8.70870871e+01,1.80078012e-01,1.59415322e+03,1.12178801e+05,2.16096705e+03,0.00000000e+00,2.30160836e-01,7.69839164e-01,0.00000000e+00
8.71871872e+01,1.80089957e-01,1.59415682e+03,1.12179205e+05,2.16082399e+03,0.00000000e+00,2.30133722e-01,7.69866278e-01,0.00000000e+00
8.72872873e+01,1.80102065e-01,1.59416127e+03,1.12179662e+05,2.16068100e+03,0.00000000e+00,2.30110234e-01,7.69889766e-01,0.00000000e+00
8.73873874e+01,1.80113558e-01,1.59416439e+03,1.12179834e+05,2.16054080e+03,0.00000000e+00,2.30089811e-01,7.69910189e-01,0.00000000e+00
8.74874875e+01,1.80123261e-01,1.59416260e+03,1.12179768e+05,2.16041841e+03,0.00000000e+00,2.30072741e-01,7.69927259e-01,0.00000000e+00
8.75875876e+01,1.80131067e-01,1.59415856e+03,1.12179572e+05,2.16031709e+03,0.00000000e+00,2.30058655e-01,7.69941345e-01,0.00000000e+00
8.76876877e+01,1.80137398e-01,1.59415281e+03,1.12178988e+05,2.16022667e+03,0.00000000e+00,2.30046872e-01,7.69953128e-01,0.00000000e+00
8.77877878e+01,1.80142064e-01,1.59414794e+03,1.12178024e+05,2.16014948e+03,0.00000000e+00,2.30037280e-01,7.69962720e-01,0.00000000e+00
8.78878879e+01,1.80145750e-01,1.59414491e+03,1.12177163e+05,2.16008655e+03,0.00000000e+00,2.30029485e-01,7.69970515e-01,0.00000000e+00
8.79879880e+01,1.80149144e-01,1.59414203e+03,1.12176547e+05,2.16003225e+03,0.00000000e+00,2.30023134e-01,7.69976866e-01,0.00000000e+00
8.80880881e+01,1.80152389e-01,1.59413881e+03,1.12176254e+05,2.15998628e+03,0.00000000e+00,2.30018030e-01,7.69981970e-01,0.00000000e+00
8.81881882e+01,1.80155399e-01,1.59413686e+03,1.12176181e+05,2.15994761e+03,0.00000000e+00,2.30013835e-01,7.69986165e-01,0.00000000e+00
8.82882883e+01,1.80157975e-01,1.59413775e+03,1.12176400e+05,2.15991997e+03,0.00000000e+00,2.30010307e-01,7.69989693e-01,0.00000000e+00
8.83883884e+01,1.80159980e-01,1.59414068e+03,1.12176977e+05,2.15990626e+03,0.00000000e+00,2.30007461e-01,7.69992539e-01,0.00000000e+00
8.84884885e+01,1.80161194e-01,1.59414173e+03,1.12177208e+05,2.15989561e+03,0.00000000e+00,2.30005511e-01,7.69994489e-01,0.00000000e+00
8.85885886e+01,1.80161690e-01,1.59414057e+03,1.12177166e+05,2.15988852e+03,0.00000000e+00,2.30004300e-01,7.69995700e-01,0.00000000e+00
8.86886887e+01,1.80161770e-01,1.59413939e+03,1.12176974e+05,2.15988368e+03,0.00000000e+00,2.30003623e-01,7.69996377e-01,0.00000000e+00
8.87887888e+01,1.80161351e-01,1.59413517e+03,1.12176358e+05,2.15987687e+03,0.00000000e+00,2.30003743e-01,7.69996257e-01,0.00000000e+00
8.88888889e+01,1.80159059e-01,1.59412122e+03,1.12174480e+05,2.15986862e+03,0.00000000e+00,2.30005297e-01,7.69994703e-01,0.00000000e+00
8.89889890e+01,1.80151113e-01,1.59407964e+03,1.12168309e+05,2.15984648e+03,0.00000000e+00,2.30010372e-01,7.69989628e-01,0.00000000e+00
8.90890891e+01,1.80125897e-01,1.59395284e+03,1.12147649e+05,2.15975537e+03,0.00000000e+00,2.30026299e-01,7.69973701e-01,0.00000000e+00
8.91891892e+01,1.80044982e-01,1.59355120e+03,1.12078628e+05,2.15941166e+03,0.00000000e+00,2.30082185e-01,7.69917815e-01,0.00000000e+00
8.92892893e+01,1.79786408e-01,1.59221563e+03,1.11854245e+05,2.15823758e+03,0.00000000e+00,2.30261315e-01,7.69738685e-01,0.00000000e+00
8.93893894e+01,1.78934296e-01,1.58780641e+03,1.11113174e+05,2.15431983e+03,0.00000000e+00,2.30882224e-01,7.69117776e-01,0.00000000e+00
8.94894895e+01,1.76154127e-01,1.57305697e+03,1.08687672e+05,2.14109259e+03,0.00000000e+00,2.32852736e-01,7.67147264e-01,0.00000000e+00
8.95895896e+01,1.67101700e-01,1.52335291e+03,1.00829767e+05,2.09562740e+03,0.00000000e+00,2.39279279e-01,7.60720721e-01,0.00000000e+00
8.96896897e+01,1.39279511e-01,1.34758689e+03,7.69067147e+04,1.92341826e+03,0.00000000e+00,2.62389916e-01,7.37610084e-01,0.00000000e+00
8.97897898e+01,7.65096717e-02,7.64812129e+02,2.79851590e+04,1.28098122e+03,0.00000000e+00,3.04023636e-01,6.95976364e-01,0.00000000e+00
8.98898899e+01,4.03985063e-02,1.24289432e+02,5.13809612e+03,4.42235891e+02,0.00000000e+00,2.48436534e-01,7.51563466e-01,0.00000000e+00
8.99899900e+01,3.49866434e-02,4.52650003e+00,3.05609959e+03,3.03035777e+02,0.00000000e+00,2.30711044e-01,7.69288956e-01,0.00000000e+00
9.00900901e+01,3.46976553e-02,1.03465508e-01,3.00124894e+03,3.00049037e+02,0.00000000e+00,2.30022736e-01,7.69977264e-01,0.00000000e+00
9.01901902e+01,3.46890017e-02,2.30455210e-03,3.00002782e+03,3.00000926e+02,0.00000000e+00,2.30000631e-01,7.69999369e-01,0.00000000e+00
9.02902903e+01,3.46887893e-02,5.11107846e-05,3.00000062e+03,3.00000019e+02,0.00000000e+00,2.30000015e-01,7.69999985e-01,0.00000000e+00
9.03903904e+01,3.46887844e-02,1.13280102e-06,3.00000001e+03,3.00000000e+02,0.00000000e+00,2.30000000e-01,7.70000000e-01,0.00000000e+00
9.04904905e+01,3.46887843e-02,2.51216575e-08,3.00000000e+03,3.00000000e+02,0.00000000e+00,2.30000000e-01,7.70000000e-01,0.00000000e+00
9.05905906e+01,3.46887843e-02,5.57292624e-10,3.00000000e+03,3.00000000e+02,0.00000000e+00,2.30000000e-01,7.70000000e-01,0.00000000e+00
9.06906907e+01,3.46887843e-02,1.23609294e-11,3.00000000e+03,3.00000000e+02,0.00000000e+00,2.30000000e-01,7.70000000e-01,0.00000000e+00
9.07907908e+01,3.46887843e-02,2.67355598e-13,3.00000000e+03,3.00000000e+02,0.00000000e+00,2.30000000e-01,7.70000000e-01,0.00000000e+00
9.08908909e+01,3.46887843e-02,3.61990490e-15,3.00000000e+03,3.00000000e+02,0.00000000e+00,2.30000000e-01,7.70000000e-01,0.00000000e+00
9.09909910e+01,3.46887843e-02,0.00000000e+00,3.00000000e+03,3.00000000e+02,0.00000000e+00,2.30000000e-01,7.70000000e-01,0.00000000e+00
9.10910911e+01,3.46887843e-02,0.00000000e+00,3.00000000e+03,3.00000000e+02,0.00000000e+00,2.30000000e-01,7.70000000e-01,0.00000000e+00
9.11911912e+01,3.46887843e-02,0.00000000e+00,3.00000000e+03,3.00000000e+02,0.00000000e+00,2.30000000e-01,7.70000000e-01,0.00000000e+00
9.12912913e+01,3.46887843e-02,0.00000000e+00,3.00000000e+03,3.00000000e+02,0.00000000e+00,2.30000000e-01,7.70000000e-01,0.00000000e+00
9.13913914e+01,3.46887843e-02,0.00000000e+00,3.00000000e+03,3.00000000e+02,0.00000000e+00,2.30000000e-01,7.70000000e-01,0.00000000e+00
9.14914915e+01,3.46887843e-02,0.00000000e+00,3.00000000e+03,3.00000000e+02,0.00000000e+00,2.30000000e-01,7.70000000e-01,0.00000000e+00
9.15915916e+01,3.46887843e-02,0.00000000e+00,3.00000000e+03,3.00000000e+02,0.00000000e+00,2.30000000e-01,7.70000000e-01,0.00000000e+00
9.16916917e+01,3.46887843e-02,0.00000000e+00,3.00000000e+03,3.00000000e+02,0.00000000e+00,2.30000000e-01,7.70000000e-01,0.00000000e+00
9.17917918e+01,3.46887843e-02,0.00000000e+00,3.00000000e+03,3.00000000e+02,0.00000000e+00,2.30000000e-01,7.70000000e-01,0.00000000e+00
9.18918919e+01,3.46887843e-02,0.00000000e+00,3.00000000e+03,3.00000000e+02,0.00000000e+00,2.30000000e-01,7.70000000e-01,0.00000000e+00
9.19919920e+01,3.46887843e-02,0.00000000e+00,3.00000000e+03,3.00000000e+02,0.00000000e+00,2.30000000e-01,7.70000000e-01,0.00000000e+00
9.20920921e+01,3.46887843e-02,0.00000000e+00,3.00000000e+03,3.00000000e+02,0.00000000e+00,2.30000000e-01,7.70000000e-01,0.00000000e+00
9.21921922e+01,3.46887843e-02,0.00000000e+00,3.00000000e+03,3.00000000e+02,0.00000000e+00,2.30000000e-01,7.70000000e-01,0.00000000e+00
9.22922923e+01,3.46887843e-02,0.00000000e+00,3.00000000e+03,3.00000000e+02,0.00000000e+00,2.30000000e-01,7.70000000e-01,0.00000000e+00
9.23923924e+01,3.46887843e-02,0.00000000e+00,3.00000000e+03,3.00000000e+02,0.00000000e+00,2.30000000e-01,7.70000000e-01,0.00000000e+00
9.24924925e+01,3.46887843e-02,0.00000000e+00,3.00000000e+03,3.00000000e+02,0.00000000e+00,2.30000000e-01,7.70000000e-01,0.00000000e+00
9.25925926e+01,3.46887843e-02,0.00000000e+00,3.00000000e+03,3.00000000e+02,0.00000000e+00,2.30000000e-01,7.70000000e-01,0.00000000e+00
9.26926927e+01,3.46887843e-02,0.00000000e+00,3.00000000e+03,3.00000000e+02,0.00000000e+00,2.30000000e-01,7.70000000e-01,0.00000000e+00
9.27927928e+01,3.46887843e-02,0.00000000e+00,3.00000000e+03,3.00000000e+02,0.00000000e+00,2.30000000e-01,7.70000000e-01,0.00000000e+00
9.28928929e+01,3.46887843e-02,0.00000000e+00,3.00000000e+03,3.00000000e+02,0.00000000e+00,2.30000000e-01,7.70000000e-01,0.00000000e+00
9.29929930e+01,3.46887843e-02,0.00000000e+00,3.00000000e+03,3.00000000e+02,0.00000000e+00,2.30000000e-01,7.70000000e-01,0.00000000e+00
9.30930931e+01,3.46887843e-02,0.00000000e+00,3.00000000e+03,3.00000000e+02,0.00000000e+00,2.30000000e-01,7.70000000e-01,0.00000000e+00
9.31931932e+01,3.46887843e-02,0.00000000e+00,3.00000000e+03,3.00000000e+02,0.00000000e+00,2.30000000e-01,7.70000000e-01,0.00000000e+00
9.32932933e+01,3.46887843e-02,0.00000000e+00,3.00000000e+03,3.00000000e+02,0.00000000e+00,2.30000000e-01,7.70000000e-01,0.00000000e+00
9.33933934e+01,3.46887843e-02,0.00000000e+00,3.00000000e+03,3.00000000e+02,0.00000000e+00,2.30000000e-01,7.70000000e-01,0.00000000e+00
9.34934935e+01,3.46887843e-02,0.00000000e+00,3.00000000e+03,3.00000000e+02,0.00000000e+00,2.30000000e-01,7.70000000e-01,0.00000000e+00
9.35935936e+01,3.46887843e-02,0.00000000e+00,3.00000000e+03,3.00000000e+02,0.00000000e+00,2.30000000e-01,7.70000000e-01,0.00000000e+00
9.36936937e+01,3.46887843e-02,0.00000000e+00,3.00000000e+03,3.00000000e+02,0.00000000e+00,2.30000000e-01,7.70000000e-01,0.00000000e+00
9.37937938e+01,3.46887843e-02,0.00000000e+00,3.00000000e+03,3.00000000e+02,0.00000000e+00,2.30000000e-01,7.70000000e-01,0.00000000e+00
9.38938939e+01,3.46887843e-02,0.00000000e+00,3.00000000e+03,3.00000000e+02,0.00000000e+00,2.30000000e-01,7.70000000e-01,0.00000000e+00
9.39939940e+01,3.46887843e-02,0.00000000e+00,3.00000000e+03,3.00000000e+02,0.00000000e+00,2.30000000e-01,7.70000000e-01,0.00000000e+00
9.40940941e+01,3.46887843e-02,0.00000000e+00,3.00000000e+03,3.00000000e+02,0.00000000e+00,2.30000000e-01,7.70000000e-01,0.00000000e+00
9.41941942e+01,3.46887843e-02,0.00000000e+00,3.00000000e+03,3.00000000e+02,0.00000000e+00,2.30000000e-01,7.70000000e-01,0.00000000e+00
9.42942943e+01,3.46887843e-02,0.00000000e+00,3.00000000e+03,3.00000000e+02,0.00000000e+00,2.30000000e-01,7.70000000e-01,0.00000000e+00
9.43943944e+01,3.46887843e-02,0.00000000e+00,3.00000000e+03,3.00000000e+02,0.00000000e+00,2.30000000e-01,7.70000000e-01,0.00000000e+00
9.44944945e+01,3.46887843e-02,0.00000000e+00,3.00000000e+03,3.00000000e+02,0.00000000e+00,2.30000000e-01,7.70000000e-01,0.00000000e+00
9.45945946e+01,3.46887843e-02,0.00000000e+00,3.00000000e+03,3.00000000e+02,0.00000000e+00,2.30000000e-01,7.70000000e-01,0.00000000e+00
9.46946947e+01,3.46887843e-02,0.00000000e+00,3.00000000e+03,3.00000000e+02,0.00000000e+00,2.30000000e-01,7.70000000e-01,0.00000000e+00
9.47947948e+01,3.46887843e-02,0.00000000e+00,3.00000000e+03,3.00000000e+02,0.00000000e+00,2.30000000e-01,7.70000000e-01,0.00000000e+00
9.48948949e+01,3.46887843e-02,0.00000000e+00,3.00000000e+03,3.00000000e+02,0.00000000e+00,2.30000000e-01,7.70000000e-01,0.00000000e+00
9.49949950e+01,3.46887843e-02,0.00000000e+00,3.00000000e+03,3.00000000e+02,0.00000000e+00,2.30000000e-01,7.70000000e-01,0.00000000e+00
9.50950951e+01,3.46887843e-02,0.00000000e+00,3.00000000e+03,3.00000000e+02,0.00000000e+00,2.30000000e-01,7.70000000e-01,0.00000000e+00
9.51951952e+01,3.46887843e-02,0.00000000e+00,3.00000000e+03,3.00000000e+02,0.00000000e+00,2.30000000e-01,7.70000000e-01,0.00000000e+00
9.52952953e+01,3.46887843e-02,0.00000000e+00,3.00000000e+03,3.00000000e+02,0.00000000e+00,2.30000000e-01,7.70000000e-01,0.00000000e+00
9.53953954e+01,3.46887843e-02,0.00000000e+00,3.00000000e+03,3.00000000e+02,0.00000000e+00,2.30000000e-01,7.70000000e-01,0.00000000e+00
9.54954955e+01,3.46887843e-02,0.00000000e+00,3.00000000e+03,3.00000000e+02,0.00000000e+00,2.30000000e-01,7.70000000e-01,0.00000000e+00
9.55955956e+01,3.46887843e-02,0.00000000e+00,3.00000000e+03,3.00000000e+02,0.00000000e+00,2.30000000e-01,7.70000000e-01,0.00000000e+00
9.56956957e+01,3.46887843e-02,0.00000000e+00,3.00000000e+03,3.00000000e+02,0.00000000e+00,2.30000000e-01,7.70000000e-01,0.00000000e+00
9.57957958e+01,3.46887843e-02,0.00000000e+00,3.00000000e+03,3.00000000e+02,0.00000000e+00,2.30000000e-01,7.70000000e-01,0.00000000e+00
9.58958959e+01,3.46887843e-02,0.00000000e+00,3.00000000e+03,3.00000000e+02,0.00000000e+00,2.30000000e-01,7.70000000e-01,0.00000000e+00
9.59959960e+01,3.46887843e-02,0.00000000e+00,3.00000000e+03,3.00000000e+02,0.00000000e+00,2.30000000e-01,7.70000000e-01,0.00000000e+00
9.60960961e+01,3.46887843e-02,0.00000000e+00,3.00000000e+03,3.00000000e+02,0.00000000e+00,2.30000000e-01,7.70000000e-01,0.00000000e+00
9.61961962e+01,3.46887843e-02,0.00000000e+00,3.00000000e+03,3.00000000e+02,0.00000000e+00,2.30000000e-01,7.70000000e-01,0.00000000e+00
9.62962963e+01,3.46887843e-02,0.00000000e+00,3.00000000e+03,3.00000000e+02,0.00000000e+00,2.30000000e-01,7.70000000e-01,0.00000000e+00
9.63963964e+01,3.46887843e-02,0.00000000e+00,3.00000000e+03,3.00000000e+02,0.00000000e+00,2.30000000e-01,7.70000000e-01,0.00000000e+00
9.64964965e+01,3.46887843e-02,0.00000000e+00,3.00000000e+03,3.00000000e+02,0.00000000e+00,2.30000000e-01,7.70000000e-01,0.00000000e+00
9.65965966e+01,3.46887843e-02,0.00000000e+00,3.00000000e+03,3.00000000e+02,0.00000000e+00,2.30000000e-01,7.70000000e-01,0.00000000e+00
9.66966967e+01,3.46887843e-02,0.00000000e+00,3.00000000e+03,3.00000000e+02,0.00000000e+00,2.30000000e-01,7.70000000e-01,0.00000000e+00
9.67967968e+01,3.46887843e-02,0.00000000e+00,3.00000000e+03,3.00000000e+02,0.00000000e+00,2.30000000e-01,7.70000000e-01,0.00000000e+00
9.68968969e+01,3.46887843e-02,0.00000000e+00,3.00000000e+03,3.00000000e+02,0.00000000e+00,2.30000000e-01,7.70000000e-01,0.00000000e+00
9.69969970e+01,3.46887843e-02,0.00000000e+00,3.00000000e+03,3.00000000e+02,0.00000000e+00,2.30000000e-01,7.70000000e-01,0.00000000e+00
9.70970971e+01,3.46887843e-02,0.00000000e+00,3.00000000e+03,3.00000000e+02,0.00000000e+00,2.30000000e-01,7.70000000e-01,0.00000000e+00
9.71971972e+01,3.46887843e-02,0.00000000e+00,3.00000000e+03,3.00000000e+02,0.00000000e+00,2.30000000e-01,7.70000000e-01,0.00000000e+00
9.72972973e+01,3.46887843e-02,0.00000000e+00,3.00000000e+03,3.00000000e+02,0.00000000e+00,2.30000000e-01,7.70000000e-01,0.00000000e+00
9.73973974e+01,3.46887843e-02,0.00000000e+00,3.00000000e+03,3.00000000e+02,0.00000000e+00,2.30000000e-01,7.70000000e-01,0.00000000e+00
9.74974975e+01,3.46887843e-02,0.00000000e+00,3.00000000e+03,3.00000000e+02,0.00000000e+00,2.30000000e-01,7.70000000e-01,0.00000000e+00
9.75975976e+01,3.46887843e-02,0.00000000e+00,3.00000000e+03,3.00000000e+02,0.00000000e+00,2.30000000e-01,7.70000000e-01,0.00000000e+00
9.76976977e+01,3.46887843e-02,0.00000000e+00,3.00000000e+03,3.00000000e+02,0.00000000e+00,2.30000000e-01,7.70000000e-01,0.00000000e+00
9.77977978e+01,3.46887843e-02,0.00000000e+00,3.00000000e+03,3.00000000e+02,0.00000000e+00,2.30000000e-01,7.70000000e-01,0.00000000e+00
9.78978979e+01,3.46887843e-02,0.00000000e+00,3.00000000e+03,3.00000000e+02,0.00000000e+00,2.30000000e-01,7.70000000e-01,0.00000000e+00
9.79979980e+01,3.46887843e-02,0.00000000e+00,3.00000000e+03,3.00000000e+02,0.00000000e+00,2.30000000e-01,7.70000000e-01,0.00000000e+00
9.80980981e+01,3.46887843e-02,0.00000000e+00,3.00000000e+03,3.00000000e+02,0.00000000e+00,2.30000000e-01,7.70000000e-01,0.00000000e+00
9.81981982e+01,3.46887843e-02,0.00000000e+00,3.00000000e+03,3.00000000e+02,0.00000000e+00,2.30000000e-01,7.70000000e-01,0.00000000e+00
9.82982983e+01,3.46887843e-02,0.00000000e+00,3.00000000e+03,3.00000000e+02,0.00000000e+00,2.30000000e-01,7.70000000e-01,0.00000000e+00
9.83983984e+01,3.46887843e-02,0.00000000e+00,3.00000000e+03,3.00000000e+02,0.00000000e+00,2.30000000e-01,7.70000000e-01,0.00000000e+00
9.84984985e+01,3.46887843e-02,0.00000000e+00,3.00000000e+03,3.00000000e+02,0.00000000e+00,2.30000000e-01,7.70000000e-01,0.00000000e+00
9.85985986e+01,3.46887843e-02,0.00000000e+00,3.00000000e+03,3.00000000e+02,0.00000000e+00,2.30000000e-01,7.70000000e-01,0.00000000e+00
9.86986987e+01,3.46887843e-02,0.00000000e+00,3.00000000e+03,3.00000000e+02,0.00000000e+00,2.30000000e-01,7.70000000e-01,0.00000000e+00
9.87987988e+01,3.46887843e-02,0.00000000e+00,3.00000000e+03,3.00000000e+02,0.00000000e+00,2.30000000e-01,7.70000000e-01,0.00000000e+00
9.88988989e+01,3.46887843e-02,0.00000000e+00,3.00000000e+03,3.00000000e+02,0.00000000e+00,2.30000000e-01,7.70000000e-01,0.00000000e+00
9.89989990e+01,3.46887843e-02,0.00000000e+00,3.00000000e+03,3.00000000e+02,0.00000000e+00,2.30000000e-01,7.70000000e-01,0.00000000e+00
9.90990991e+01,3.46887843e-02,0.00000000e+00,3.00000000e+03,3.00000000e+02,0.00000000e+00,2.30000000e-01,7.70000000e-01,0.00000000e+00
9.91991992e+01,3.46887843e-02,0.00000000e+00,3.00000000e+03,3.00000000e+02,0.00000000e+00,2.30000000e-01,7.70000000e-01,0.00000000e+00
9.92992993e+01,3.46887843e-02,0.00000000e+00,3.00000000e+03,3.00000000e+02,0.00000000e+00,2.30000000e-01,7.70000000e-01,0.00000000e+00
9.93993994e+01,3.46887843e-02,0.00000000e+00,3.00000000e+03,3.00000000e+02,0.00000000e+00,2.30000000e-01,7.70000000e-01,0.00000000e+00
9.94994995e+01,3.46887843e-02,0.00000000e+00,3.00000000e+03,3.00000000e+02,0.00000000e+00,2.30000000e-01,7.70000000e-01,0.00000000e+00
9.95995996e+01,3.46887843e-02,0.00000000e+00,3.00000000e+03,3.00000000e+02,0.00000000e+00,2.30000000e-01,7.70000000e-01,0.00000000e+00
9.96996997e+01,3.46887843e-02,0.00000000e+00,3.00000000e+03,3.00000000e+02,0.00000000e+00,2.30000000e-01,7.70000000e-01,0.00000000e+00
9.97997998e+01,3.46887843e-02,0.00000000e+00,3.00000000e+03,3.00000000e+02,0.00000000e+00,2.30000000e-01,7.70000000e-01,0.00000000e+00
9.98998999e+01,3.46887843e-02,0.00000000e+00,3.00000000e+03,3.00000000e+02,0.00000000e+00,2.30000000e-01,7.70000000e-01,0.00000000e+00
1.00000000e+02,3.46887843e-02,-0.00000000e+00,3.00000000e+03,3.00000000e+02,0.00000000e+00,2.30000000e-01,7.70000000e-01,0.00000000e+00
