# x(m), rho(kg/m3), u(m/s), p(Pa), T(K), Y_H2, Y_O2, Y_N2, Y_H2O
0.00000000e+00,5.80300589e+00,-0.00000000e+00,3.00000000e+06,6.00000000e+02,1.50000000e-01,2.50000000e-01,6.00000000e-01,0.00000000e+00
1.00100100e-01,5.80300589e+00,0.00000000e+00,3.00000000e+06,6.00000000e+02,1.50000000e-01,2.50000000e-01,6.00000000e-01,0.00000000e+00
2.00200200e-01,5.80300589e+00,0.00000000e+00,3.00000000e+06,6.00000000e+02,1.50000000e-01,2.50000000e-01,6.00000000e-01,0.00000000e+00
3.00300300e-01,5.80300589e+00,0.00000000e+00,3.00000000e+06,6.00000000e+02,1.50000000e-01,2.50000000e-01,6.00000000e-01,0.00000000e+00
4.00400400e-01,5.80300589e+00,0.00000000e+00,3.00000000e+06,6.00000000e+02,1.50000000e-01,2.50000000e-01,6.00000000e-01,0.00000000e+00
5.00500501e-01,5.80300589e+00,0.00000000e+00,3.00000000e+06,6.00000000e+02,1.50000000e-01,2.50000000e-01,6.00000000e-01,0.00000000e+00
6.00600601e-01,5.80300589e+00,0.00000000e+00,3.00000000e+06,6.00000000e+02,1.50000000e-01,2.50000000e-01,6.00000000e-01,0.00000000e+00
7.00700701e-01,5.80300589e+00,0.00000000e+00,3.00000000e+06,6.00000000e+02,1.50000000e-01,2.50000000e-01,6.00000000e-01,0.00000000e+00
8.00800801e-01,5.80300589e+00,0.00000000e+00,3.00000000e+06,6.00000000e+02,1.50000000e-01,2.50000000e-01,6.00000000e-01,0.00000000e+00
9.00900901e-01,5.80300589e+00,0.00000000e+00,3.00000000e+06,6.00000000e+02,1.50000000e-01,2.50000000e-01,6.00000000e-01,0.00000000e+00
1.00100100e+00,5.80300589e+00,0.00000000e+00,3.00000000e+06,6.00000000e+02,1.50000000e-01,2.50000000e-01,6.00000000e-01,0.00000000e+00
1.10110110e+00,5.80300589e+00,0.00000000e+00,3.00000000e+06,6.00000000e+02,1.50000000e-01,2.50000000e-01,6.00000000e-01,0.00000000e+00
1.20120120e+00,5.80300589e+00,0.00000000e+00,3.00000000e+06,6.00000000e+02,1.50000000e-01,2.50000000e-01,6.00000000e-01,0.00000000e+00
1.30130130e+00,5.80300589e+00,0.00000000e+00,3.00000000e+06,6.00000000e+02,1.50000000e-01,2.50000000e-01,6.00000000e-01,0.00000000e+00
1.40140140e+00,5.80300589e+00,0.00000000e+00,3.00000000e+06,6.00000000e+02,1.50000000e-01,2.50000000e-01,6.00000000e-01,0.00000000e+00
1.50150150e+00,5.80300589e+00,0.00000000e+00,3.00000000e+06,6.00000000e+02,1.50000000e-01,2.50000000e-01,6.00000000e-01,0.00000000e+00
1.60160160e+00,5.80300589e+00,0.00000000e+00,3.00000000e+06,6.00000000e+02,1.50000000e-01,2.50000000e-01,6.00000000e-01,0.00000000e+00
1.70170170e+00,5.80300589e+00,0.00000000e+00,3.00000000e+06,6.00000000e+02,1.50000000e-01,2.50000000e-01,6.00000000e-01,0.00000000e+00
1.80180180e+00,5.80300589e+00,0.00000000e+00,3.00000000e+06,6.00000000e+02,1.50000000e-01,2.50000000e-01,6.00000000e-01,0.00000000e+00
1.90190190e+00,5.80300589e+00,0.00000000e+00,3.00000000e+06,6.00000000e+02,1.50000000e-01,2.50000000e-01,6.00000000e-01,0.00000000e+00
2.00200200e+00,5.80300589e+00,0.00000000e+00,3.00000000e+06,6.00000000e+02,1.50000000e-01,2.50000000e-01,6.00000000e-01,0.00000000e+00
2.10210210e+00,5.80300589e+00,0.00000000e+00,3.00000000e+06,6.00000000e+02,1.50000000e-01,2.50000000e-01,6.00000000e-01,0.00000000e+00
2.20220220e+00,5.80300589e+00,0.00000000e+00,3.00000000e+06,6.00000000e+02,1.50000000e-01,2.50000000e-01,6.00000000e-01,0.00000000e+00
2.30230230e+00,5.80300589e+00,0.00000000e+00,3.00000000e+06,6.00000000e+02,1.50000000e-01,2.50000000e-01,6.00000000e-01,0.00000000e+00
2.40240240e+00,5.80300589e+00,0.00000000e+00,3.00000000e+06,6.00000000e+02,1.50000000e-01,2.50000000e-01,6.00000000e-01,0.00000000e+00
2.50250250e+00,5.80300589e+00,0.00000000e+00,3.00000000e+06,6.00000000e+02,1.50000000e-01,2.50000000e-01,6.00000000e-01,0.00000000e+00
2.60260260e+00,5.80300589e+00,0.00000000e+00,3.00000000e+06,6.00000000e+02,1.50000000e-01,2.50000000e-01,6.00000000e-01,0.00000000e+00
2.70270270e+00,5.80300589e+00,0.00000000e+00,3.00000000e+06,6.00000000e+02,1.50000000e-01,2.50000000e-01,6.00000000e-01,0.00000000e+00
2.80280280e+00,5.80300589e+00,0.00000000e+00,3.00000000e+06,6.00000000e+02,1.50000000e-01,2.50000000e-01,6.00000000e-01,0.00000000e+00
2.90290290e+00,5.80300589e+00,0.00000000e+00,3.00000000e+06,6.00000000e+02,1.50000000e-01,2.50000000e-01,6.00000000e-01,0.00000000e+00
3.00300300e+00,5.80300589e+00,0.00000000e+00,3.00000000e+06,6.00000000e+02,1.50000000e-01,2.50000000e-01,6.00000000e-01,0.00000000e+00
3.10310310e+00,5.80300589e+00,0.00000000e+00,3.00000000e+06,6.00000000e+02,1.50000000e-01,2.50000000e-01,6.00000000e-01,0.00000000e+00
3.20320320e+00,5.80300589e+00,0.00000000e+00,3.00000000e+06,6.00000000e+02,1.50000000e-01,2.50000000e-01,6.00000000e-01,0.00000000e+00
3.30330330e+00,5.80300589e+00,0.00000000e+00,3.00000000e+06,6.00000000e+02,1.50000000e-01,2.50000000e-01,6.00000000e-01,0.00000000e+00
3.40340340e+00,5.80300589e+00,0.00000000e+00,3.00000000e+06,6.00000000e+02,1.50000000e-01,2.50000000e-01,6.00000000e-01,0.00000000e+00
3.50350350e+00,5.80300589e+00,0.00000000e+00,3.00000000e+06,6.00000000e+02,1.50000000e-01,2.50000000e-01,6.00000000e-01,0.00000000e+00
3.60360360e+00,5.80300589e+00,0.00000000e+00,3.00000000e+06,6.00000000e+02,1.50000000e-01,2.50000000e-01,6.00000000e-01,0.00000000e+00
3.70370370e+00,5.80300589e+00,0.00000000e+00,3.00000000e+06,6.00000000e+02,1.50000000e-01,2.50000000e-01,6.00000000e-01,0.00000000e+00
3.80380380e+00,5.80300589e+00,0.00000000e+00,3.00000000e+06,6.00000000e+02,1.50000000e-01,2.50000000e-01,6.00000000e-01,0.00000000e+00
3.90390390e+00,5.80300589e+00,0.00000000e+00,3.00000000e+06,6.00000000e+02,1.50000000e-01,2.50000000e-01,6.00000000e-01,0.00000000e+00
4.00400400e+00,5.80300589e+00,0.00000000e+00,3.00000000e+06,6.00000000e+02,1.50000000e-01,2.50000000e-01,6.00000000e-01,0.00000000e+00
4.10410410e+00,5.80300589e+00,0.00000000e+00,3.00000000e+06,6.00000000e+02,1.50000000e-01,2.50000000e-01,6.00000000e-01,0.00000000e+00
4.20420420e+00,5.80300589e+00,0.00000000e+00,3.00000000e+06,6.00000000e+02,1.50000000e-01,2.50000000e-01,6.00000000e-01,0.00000000e+00
4.30430430e+00,5.80300589e+00,0.00000000e+00,3.00000000e+06,6.00000000e+02,1.50000000e-01,2.50000000e-01,6.00000000e-01,0.00000000e+00
4.40440440e+00,5.80300589e+00,0.00000000e+00,3.00000000e+06,6.00000000e+02,1.50000000e-01,2.50000000e-01,6.00000000e-01,0.00000000e+00
4.50450450e+00,5.80300589e+00,0.00000000e+00,3.00000000e+06,6.00000000e+02,1.50000000e-01,2.50000000e-01,6.00000000e-01,0.00000000e+00
4.60460460e+00,5.80300589e+00,0.00000000e+00,3.00000000e+06,6.00000000e+02,1.50000000e-01,2.50000000e-01,6.00000000e-01,0.00000000e+00
4.70470470e+00,5.80300589e+00,0.00000000e+00,3.00000000e+06,6.00000000e+02,1.50000000e-01,2.50000000e-01,6.00000000e-01,0.00000000e+00
4.80480480e+00,5.80300589e+00,0.00000000e+00,3.00000000e+06,6.00000000e+02,1.50000000e-01,2.50000000e-01,6.00000000e-01,0.00000000e+00
4.90490490e+00,5.80300589e+00,0.00000000e+00,3.00000000e+06,6.00000000e+02,1.50000000e-01,2.50000000e-01,6.00000000e-01,0.00000000e+00
5.00500501e+00,5.80300589e+00,0.00000000e+00,3.00000000e+06,6.00000000e+02,1.50000000e-01,2.50000000e-01,6.00000000e-01,0.00000000e+00
5.10510511e+00,5.80300589e+00,0.00000000e+00,3.00000000e+06,6.00000000e+02,1.50000000e-01,2.50000000e-01,6.00000000e-01,0.00000000e+00
5.20520521e+00,5.80300589e+00,0.00000000e+00,3.00000000e+06,6.00000000e+02,1.50000000e-01,2.50000000e-01,6.00000000e-01,0.00000000e+00
5.30530531e+00,5.80300589e+00,0.00000000e+00,3.00000000e+06,6.00000000e+02,1.50000000e-01,2.50000000e-01,6.00000000e-01,0.00000000e+00
5.40540541e+00,5.80300589e+00,0.00000000e+00,3.00000000e+06,6.00000000e+02,1.50000000e-01,2.50000000e-01,6.00000000e-01,0.00000000e+00
5.50550551e+00,5.80300589e+00,0.00000000e+00,3.00000000e+06,6.00000000e+02,1.50000000e-01,2.50000000e-01,6.00000000e-01,0.00000000e+00
5.60560561e+00,5.80300589e+00,0.00000000e+00,3.00000000e+06,6.00000000e+02,1.50000000e-01,2.50000000e-01,6.00000000e-01,0.00000000e+00
5.70570571e+00,5.80300589e+00,0.00000000e+00,3.00000000e+06,6.00000000e+02,1.50000000e-01,2.50000000e-01,6.00000000e-01,0.00000000e+00
5.80580581e+00,5.80300589e+00,0.00000000e+00,3.00000000e+06,6.00000000e+02,1.50000000e-01,2.50000000e-01,6.00000000e-01,0.00000000e+00
5.90590591e+00,5.80300589e+00,0.00000000e+00,3.00000000e+06,6.00000000e+02,1.50000000e-01,2.50000000e-01,6.00000000e-01,0.00000000e+00
6.00600601e+00,5.80300589e+00,0.00000000e+00,3.00000000e+06,6.00000000e+02,1.50000000e-01,2.50000000e-01,6.00000000e-01,0.00000000e+00
6.10610611e+00,5.80300589e+00,0.00000000e+00,3.00000000e+06,6.00000000e+02,1.50000000e-01,2.50000000e-01,6.00000000e-01,0.00000000e+00
6.20620621e+00,5.80300589e+00,0.00000000e+00,3.00000000e+06,6.00000000e+02,1.50000000e-01,2.50000000e-01,6.00000000e-01,0.00000000e+00
6.30630631e+00,5.80300589e+00,0.00000000e+00,3.00000000e+06,6.00000000e+02,1.50000000e-01,2.50000000e-01,6.00000000e-01,0.00000000e+00
6.40640641e+00,5.80300589e+00,0.00000000e+00,3.00000000e+06,6.00000000e+02,1.50000000e-01,2.50000000e-01,6.00000000e-01,0.00000000e+00
6.50650651e+00,5.80300589e+00,0.00000000e+00,3.00000000e+06,6.00000000e+02,1.50000000e-01,2.50000000e-01,6.00000000e-01,0.00000000e+00
6.60660661e+00,5.80300589e+00,0.00000000e+00,3.00000000e+06,6.00000000e+02,1.50000000e-01,2.50000000e-01,6.00000000e-01,0.00000000e+00
6.70670671e+00,5.80300589e+00,0.00000000e+00,3.00000000e+06,6.00000000e+02,1.50000000e-01,2.50000000e-01,6.00000000e-01,0.00000000e+00
6.80680681e+00,5.80300589e+00,0.00000000e+00,3.00000000e+06,6.00000000e+02,1.50000000e-01,2.50000000e-01,6.00000000e-01,0.00000000e+00
6.90690691e+00,5.80300589e+00,0.00000000e+00,3.00000000e+06,6.00000000e+02,1.50000000e-01,2.50000000e-01,6.00000000e-01,0.00000000e+00
7.00700701e+00,5.80300589e+00,0.00000000e+00,3.00000000e+06,6.00000000e+02,1.50000000e-01,2.50000000e-01,6.00000000e-01,0.00000000e+00
7.10710711e+00,5.80300589e+00,0.00000000e+00,3.00000000e+06,6.00000000e+02,1.50000000e-01,2.50000000e-01,6.00000000e-01,0.00000000e+00
7.20720721e+00,5.80300589e+00,0.00000000e+00,3.00000000e+06,6.00000000e+02,1.50000000e-01,2.50000000e-01,6.00000000e-01,0.00000000e+00
7.30730731e+00,5.80300589e+00,0.00000000e+00,3.00000000e+06,6.00000000e+02,1.50000000e-01,2.50000000e-01,6.00000000e-01,0.00000000e+00
7.40740741e+00,5.80300589e+00,0.00000000e+00,3.00000000e+06,6.00000000e+02,1.50000000e-01,2.50000000e-01,6.00000000e-01,0.00000000e+00
7.50750751e+00,5.80300589e+00,0.00000000e+00,3.00000000e+06,6.00000000e+02,1.50000000e-01,2.50000000e-01,6.00000000e-01,0.00000000e+00
7.60760761e+00,5.80300589e+00,0.00000000e+00,3.00000000e+06,6.00000000e+02,1.50000000e-01,2.50000000e-01,6.00000000e-01,0.00000000e+00
7.70770771e+00,5.80300589e+00,0.00000000e+00,3.00000000e+06,6.00000000e+02,1.50000000e-01,2.50000000e-01,6.00000000e-01,0.00000000e+00
7.80780781e+00,5.80300589e+00,0.00000000e+00,3.00000000e+06,6.00000000e+02,1.50000000e-01,2.50000000e-01,6.00000000e-01,0.00000000e+00
7.90790791e+00,5.80300589e+00,0.00000000e+00,3.00000000e+06,6.00000000e+02,1.50000000e-01,2.50000000e-01,6.00000000e-01,0.00000000e+00
8.00800801e+00,5.80300589e+00,0.00000000e+00,3.00000000e+06,6.00000000e+02,1.50000000e-01,2.50000000e-01,6.00000000e-01,0.00000000e+00
8.10810811e+00,5.80300589e+00,0.00000000e+00,3.00000000e+06,6.00000000e+02,1.50000000e-01,2.50000000e-01,6.00000000e-01,0.00000000e+00
8.20820821e+00,5.80300589e+00,0.00000000e+00,3.00000000e+06,6.00000000e+02,1.50000000e-01,2.50000000e-01,6.00000000e-01,0.00000000e+00
8.30830831e+00,5.80300589e+00,0.00000000e+00,3.00000000e+06,6.00000000e+02,1.50000000e-01,2.50000000e-01,6.00000000e-01,0.00000000e+00
8.40840841e+00,5.80300589e+00,0.00000000e+00,3.00000000e+06,6.00000000e+02,1.50000000e-01,2.50000000e-01,6.00000000e-01,0.00000000e+00
8.50850851e+00,5.80300589e+00,0.00000000e+00,3.00000000e+06,6.00000000e+02,1.50000000e-01,2.50000000e-01,6.00000000e-01,0.00000000e+00
8.60860861e+00,5.80300589e+00,0.00000000e+00,3.00000000e+06,6.00000000e+02,1.50000000e-01,2.50000000e-01,6.00000000e-01,0.00000000e+00
8.70870871e+00,5.80300589e+00,0.00000000e+00,3.00000000e+06,6.00000000e+02,1.50000000e-01,2.50000000e-01,6.00000000e-01,0.00000000e+00
8.80880881e+00,5.80300589e+00,0.00000000e+00,3.00000000e+06,6.00000000e+02,1.50000000e-01,2.50000000e-01,6.00000000e-01,0.00000000e+00
8.90890891e+00,5.80300589e+00,0.00000000e+00,3.00000000e+06,6.00000000e+02,1.50000000e-01,2.50000000e-01,6.00000000e-01,0.00000000e+00
9.00900901e+00,5.80300589e+00,0.00000000e+00,3.00000000e+06,6.00000000e+02,1.50000000e-01,2.50000000e-01,6.00000000e-01,0.00000000e+00
9.10910911e+00,5.80300589e+00,0.00000000e+00,3.00000000e+06,6.00000000e+02,1.50000000e-01,2.50000000e-01,6.00000000e-01,0.00000000e+00
9.20920921e+00,5.80300589e+00,0.00000000e+00,3.00000000e+06,6.00000000e+02,1.50000000e-01,2.50000000e-01,6.00000000e-01,0.00000000e+00
9.30930931e+00,5.80300589e+00,0.00000000e+00,3.00000000e+06,6.00000000e+02,1.50000000e-01,2.50000000e-01,6.00000000e-01,0.00000000e+00
9.40940941e+00,5.80300589e+00,0.00000000e+00,3.00000000e+06,6.00000000e+02,1.50000000e-01,2.50000000e-01,6.00000000e-01,0.00000000e+00
9.50950951e+00,5.80300589e+00,0.00000000e+00,3.00000000e+06,6.00000000e+02,1.50000000e-01,2.50000000e-01,6.00000000e-01,0.00000000e+00
9.60960961e+00,5.80300589e+00,0.00000000e+00,3.00000000e+06,6.00000000e+02,1.50000000e-01,2.50000000e-01,6.00000000e-01,0.00000000e+00
9.70970971e+00,5.80300589e+00,0.00000000e+00,3.00000000e+06,6.00000000e+02,1.50000000e-01,2.50000000e-01,6.00000000e-01,0.00000000e+00
9.80980981e+00,5.80300589e+00,0.00000000e+00,3.00000000e+06,6.00000000e+02,1.50000000e-01,2.50000000e-01,6.00000000e-01,0.00000000e+00
9.90990991e+00,5.80300589e+00,0.00000000e+00,3.00000000e+06,6.00000000e+02,1.50000000e-01,2.50000000e-01,6.00000000e-01,0.00000000e+00
1.00100100e+01,5.80300589e+00,0.00000000e+00,3.00000000e+06,6.00000000e+02,1.50000000e-01,2.50000000e-01,6.00000000e-01,0.00000000e+00
1.01101101e+01,5.80300589e+00,0.00000000e+00,3.00000000e+06,6.00000000e+02,1.50000000e-01,2.50000000e-01,6.00000000e-01,0.00000000e+00
1.02102102e+01,5.80300589e+00,0.00000000e+00,3.00000000e+06,6.00000000e+02,1.50000000e-01,2.50000000e-01,6.00000000e-01,0.00000000e+00
1.03103103e+01,5.80300589e+00,0.00000000e+00,3.00000000e+06,6.00000000e+02,1.50000000e-01,2.50000000e-01,6.00000000e-01,0.00000000e+00
1.04104104e+01,5.80300589e+00,0.00000000e+00,3.00000000e+06,6.00000000e+02,1.50000000e-01,2.50000000e-01,6.00000000e-01,0.00000000e+00
1.05105105e+01,5.80300589e+00,0.00000000e+00,3.00000000e+06,6.00000000e+02,1.50000000e-01,2.50000000e-01,6.00000000e-01,0.00000000e+00
1.06106106e+01,5.80300589e+00,0.00000000e+00,3.00000000e+06,6.00000000e+02,1.50000000e-01,2.50000000e-01,6.00000000e-01,0.00000000e+00
1.07107107e+01,5.80300589e+00,0.00000000e+00,3.00000000e+06,6.00000000e+02,1.50000000e-01,2.50000000e-01,6.00000000e-01,0.00000000e+00
1.08108108e+01,5.80300589e+00,0.00000000e+00,3.00000000e+06,6.00000000e+02,1.50000000e-01,2.50000000e-01,6.00000000e-01,0.00000000e+00
1.09109109e+01,5.80300589e+00,0.00000000e+00,3.00000000e+06,6.00000000e+02,1.50000000e-01,2.50000000e-01,6.00000000e-01,0.00000000e+00
1.10110110e+01,5.80300589e+00,0.00000000e+00,3.00000000e+06,6.00000000e+02,1.50000000e-01,2.50000000e-01,6.00000000e-01,0.00000000e+00
1.11111111e+01,5.80300589e+00,0.00000000e+00,3.00000000e+06,6.00000000e+02,1.50000000e-01,2.50000000e-01,6.00000000e-01,0.00000000e+00
1.12112112e+01,5.80300589e+00,0.00000000e+00,3.00000000e+06,6.00000000e+02,1.50000000e-01,2.50000000e-01,6.00000000e-01,0.00000000e+00
1.13113113e+01,5.80300589e+00,0.00000000e+00,3.00000000e+06,6.00000000e+02,1.50000000e-01,2.50000000e-01,6.00000000e-01,0.00000000e+00
1.14114114e+01,5.80300589e+00,0.00000000e+00,3.00000000e+06,6.00000000e+02,1.50000000e-01,2.50000000e-01,6.00000000e-01,0.00000000e+00
1.15115115e+01,5.80300589e+00,0.00000000e+00,3.00000000e+06,6.00000000e+02,1.50000000e-01,2.50000000e-01,6.00000000e-01,0.00000000e+00
1.16116116e+01,5.80300589e+00,0.00000000e+00,3.00000000e+06,6.00000000e+02,1.50000000e-01,2.50000000e-01,6.00000000e-01,0.00000000e+00
1.17117117e+01,5.80300589e+00,0.00000000e+00,3.00000000e+06,6.00000000e+02,1.50000000e-01,2.50000000e-01,6.00000000e-01,0.00000000e+00
1.18118118e+01,5.80300589e+00,0.00000000e+00,3.00000000e+06,6.00000000e+02,1.50000000e-01,2.50000000e-01,6.00000000e-01,0.00000000e+00
1.19119119e+01,5.80300589e+00,0.00000000e+00,3.00000000e+06,6.00000000e+02,1.50000000e-01,2.50000000e-01,6.00000000e-01,0.00000000e+00
1.20120120e+01,5.80300589e+00,0.00000000e+00,3.00000000e+06,6.00000000e+02,1.50000000e-01,2.50000000e-01,6.00000000e-01,0.00000000e+00
1.21121121e+01,5.80300589e+00,0.00000000e+00,3.00000000e+06,6.00000000e+02,1.50000000e-01,2.50000000e-01,6.00000000e-01,0.00000000e+00
1.22122122e+01,5.80300589e+00,0.00000000e+00,3.00000000e+06,6.00000000e+02,1.50000000e-01,2.50000000e-01,6.00000000e-01,0.00000000e+00
1.23123123e+01,5.80300589e+00,0.00000000e+00,3.00000000e+06,6.00000000e+02,1.50000000e-01,2.50000000e-01,6.00000000e-01,0.00000000e+00
1.24124124e+01,5.80300589e+00,0.00000000e+00,3.00000000e+06,6.00000000e+02,1.50000000e-01,2.50000000e-01,6.00000000e-01,0.00000000e+00
1.25125125e+01,5.80300589e+00,0.00000000e+00,3.00000000e+06,6.00000000e+02,1.50000000e-01,2.50000000e-01,6.00000000e-01,0.00000000e+00
1.26126126e+01,5.80300589e+00,0.00000000e+00,3.00000000e+06,6.00000000e+02,1.50000000e-01,2.50000000e-01,6.00000000e-01,0.00000000e+00
1.27127127e+01,5.80300589e+00,0.00000000e+00,3.00000000e+06,6.00000000e+02,1.50000000e-01,2.50000000e-01,6.00000000e-01,0.00000000e+00
1.28128128e+01,5.80300589e+00,0.00000000e+00,3.00000000e+06,6.00000000e+02,1.50000000e-01,2.50000000e-01,6.00000000e-01,0.00000000e+00
1.29129129e+01,5.80300589e+00,0.00000000e+00,3.00000000e+06,6.00000000e+02,1.50000000e-01,2.50000000e-01,6.00000000e-01,0.00000000e+00
1.30130130e+01,5.80300589e+00,0.00000000e+00,3.00000000e+06,6.00000000e+02,1.50000000e-01,2.50000000e-01,6.00000000e-01,0.00000000e+00
1.31131131e+01,5.80300589e+00,0.00000000e+00,3.00000000e+06,6.00000000e+02,1.50000000e-01,2.50000000e-01,6.00000000e-01,0.00000000e+00
1.32132132e+01,5.80300589e+00,0.00000000e+00,3.00000000e+06,6.00000000e+02,1.50000000e-01,2.50000000e-01,6.00000000e-01,0.00000000e+00
1.33133133e+01,5.80300589e+00,0.00000000e+00,3.00000000e+06,6.00000000e+02,1.50000000e-01,2.50000000e-01,6.00000000e-01,0.00000000e+00
1.34134134e+01,5.80300589e+00,0.00000000e+00,3.00000000e+06,6.00000000e+02,1.50000000e-01,2.50000000e-01,6.00000000e-01,0.00000000e+00
1.35135135e+01,5.80300589e+00,0.00000000e+00,3.00000000e+06,6.00000000e+02,1.50000000e-01,2.50000000e-01,6.00000000e-01,0.00000000e+00
1.36136136e+01,5.80300589e+00,0.00000000e+00,3.00000000e+06,6.00000000e+02,1.50000000e-01,2.50000000e-01,6.00000000e-01,0.00000000e+00
1.37137137e+01,5.80300589e+00,0.00000000e+00,3.00000000e+06,6.00000000e+02,1.50000000e-01,2.50000000e-01,6.00000000e-01,0.00000000e+00
1.38138138e+01,5.80300589e+00,0.00000000e+00,3.00000000e+06,6.00000000e+02,1.50000000e-01,2.50000000e-01,6.00000000e-01,0.00000000e+00
1.39139139e+01,5.80300589e+00,0.00000000e+00,3.00000000e+06,6.00000000e+02,1.50000000e-01,2.50000000e-01,6.00000000e-01,0.00000000e+00
1.40140140e+01,5.80300589e+00,0.00000000e+00,3.00000000e+06,6.00000000e+02,1.50000000e-01,2.50000000e-01,6.00000000e-01,0.00000000e+00
1.41141141e+01,5.80300589e+00,0.00000000e+00,3.00000000e+06,6.00000000e+02,1.50000000e-01,2.50000000e-01,6.00000000e-01,0.00000000e+00
1.42142142e+01,5.80300589e+00,0.00000000e+00,3.00000000e+06,6.00000000e+02,1.50000000e-01,2.50000000e-01,6.00000000e-01,0.00000000e+00
1.43143143e+01,5.80300589e+00,0.00000000e+00,3.00000000e+06,6.00000000e+02,1.50000000e-01,2.50000000e-01,6.00000000e-01,0.00000000e+00
1.44144144e+01,5.80300589e+00,0.00000000e+00,3.00000000e+06,6.00000000e+02,1.50000000e-01,2.50000000e-01,6.00000000e-01,0.00000000e+00
1.45145145e+01,5.80300589e+00,0.00000000e+00,3.00000000e+06,6.00000000e+02,1.50000000e-01,2.50000000e-01,6.00000000e-01,0.00000000e+00
1.46146146e+01,5.80300589e+00,0.00000000e+00,3.00000000e+06,6.00000000e+02,1.50000000e-01,2.50000000e-01,6.00000000e-01,0.00000000e+00
1.47147147e+01,5.80300589e+00,0.00000000e+00,3.00000000e+06,6.00000000e+02,1.50000000e-01,2.50000000e-01,6.00000000e-01,0.00000000e+00
1.48148148e+01,5.80300589e+00,0.00000000e+00,3.00000000e+06,6.00000000e+02,1.50000000e-01,2.50000000e-01,6.00000000e-01,0.00000000e+00
1.49149149e+01,5.80300589e+00,0.00000000e+00,3.00000000e+06,6.00000000e+02,1.50000000e-01,2.50000000e-01,6.00000000e-01,0.00000000e+00
1.50150150e+01,5.80300589e+00,0.00000000e+00,3.00000000e+06,6.00000000e+02,1.50000000e-01,2.50000000e-01,6.00000000e-01,0.00000000e+00
1.51151151e+01,5.80300589e+00,0.00000000e+00,3.00000000e+06,6.00000000e+02,1.50000000e-01,2.50000000e-01,6.00000000e-01,0.00000000e+00
1.52152152e+01,5.80300589e+00,0.00000000e+00,3.00000000e+06,6.00000000e+02,1.50000000e-01,2.50000000e-01,6.00000000e-01,0.00000000e+00
1.53153153e+01,5.80300589e+00,0.00000000e+00,3.00000000e+06,6.00000000e+02,1.50000000e-01,2.50000000e-01,6.00000000e-01,0.00000000e+00
1.54154154e+01,5.80300589e+00,0.00000000e+00,3.00000000e+06,6.00000000e+02,1.50000000e-01,2.50000000e-01,6.00000000e-01,0.00000000e+00
1.55155155e+01,5.80300589e+00,0.00000000e+00,3.00000000e+06,6.00000000e+02,1.50000000e-01,2.50000000e-01,6.00000000e-01,0.00000000e+00
1.56156156e+01,5.80300589e+00,0.00000000e+00,3.00000000e+06,6.00000000e+02,1.50000000e-01,2.50000000e-01,6.00000000e-01,0.00000000e+00
1.57157157e+01,5.80300589e+00,0.00000000e+00,3.00000000e+06,6.00000000e+02,1.50000000e-01,2.50000000e-01,6.00000000e-01,0.00000000e+00
1.58158158e+01,5.80300589e+00,0.00000000e+00,3.00000000e+06,6.00000000e+02,1.50000000e-01,2.50000000e-01,6.00000000e-01,0.00000000e+00
1.59159159e+01,5.80300589e+00,0.00000000e+00,3.00000000e+06,6.00000000e+02,1.50000000e-01,2.50000000e-01,6.00000000e-01,0.00000000e+00
1.60160160e+01,5.80300589e+00,0.00000000e+00,3.00000000e+06,6.00000000e+02,1.50000000e-01,2.50000000e-01,6.00000000e-01,0.00000000e+00
1.61161161e+01,5.80300589e+00,0.00000000e+00,3.00000000e+06,6.00000000e+02,1.50000000e-01,2.50000000e-01,6.00000000e-01,0.00000000e+00
1.62162162e+01,5.80300589e+00,0.00000000e+00,3.00000000e+06,6.00000000e+02,1.50000000e-01,2.50000000e-01,6.00000000e-01,0.00000000e+00
1.63163163e+01,5.80300589e+00,0.00000000e+00,3.00000000e+06,6.00000000e+02,1.50000000e-01,2.50000000e-01,6.00000000e-01,0.00000000e+00
1.64164164e+01,5.80300589e+00,0.00000000e+00,3.00000000e+06,6.00000000e+02,1.50000000e-01,2.50000000e-01,6.00000000e-01,0.00000000e+00
1.65165165e+01,5.80300589e+00,0.00000000e+00,3.00000000e+06,6.00000000e+02,1.50000000e-01,2.50000000e-01,6.00000000e-01,0.00000000e+00
1.66166166e+01,5.80300589e+00,0.00000000e+00,3.00000000e+06,6.00000000e+02,1.50000000e-01,2.50000000e-01,6.00000000e-01,0.00000000e+00
1.67167167e+01,5.80300589e+00,0.00000000e+00,3.00000000e+06,6.00000000e+02,1.50000000e-01,2.50000000e-01,6.00000000e-01,0.00000000e+00
1.68168168e+01,5.80300589e+00,0.00000000e+00,3.00000000e+06,6.00000000e+02,1.50000000e-01,2.50000000e-01,6.00000000e-01,0.00000000e+00
1.69169169e+01,5.80300589e+00,0.00000000e+00,3.00000000e+06,6.00000000e+02,1.50000000e-01,2.50000000e-01,6.00000000e-01,0.00000000e+00
1.70170170e+01,5.80300589e+00,0.00000000e+00,3.00000000e+06,6.00000000e+02,1.50000000e-01,2.50000000e-01,6.00000000e-01,0.00000000e+00
1.71171171e+01,5.80300589e+00,0.00000000e+00,3.00000000e+06,6.00000000e+02,1.50000000e-01,2.50000000e-01,6.00000000e-01,0.00000000e+00
1.72172172e+01,5.80300589e+00,0.00000000e+00,3.00000000e+06,6.00000000e+02,1.50000000e-01,2.50000000e-01,6.00000000e-01,0.00000000e+00
1.73173173e+01,5.80300589e+00,0.00000000e+00,3.00000000e+06,6.00000000e+02,1.50000000e-01,2.50000000e-01,6.00000000e-01,0.00000000e+00
1.74174174e+01,5.80300589e+00,0.00000000e+00,3.00000000e+06,6.00000000e+02,1.50000000e-01,2.50000000e-01,6.00000000e-01,0.00000000e+00
1.75175175e+01,5.80300589e+00,0.00000000e+00,3.00000000e+06,6.00000000e+02,1.50000000e-01,2.50000000e-01,6.00000000e-01,0.00000000e+00
1.76176176e+01,5.80300589e+00,0.00000000e+00,3.00000000e+06,6.00000000e+02,1.50000000e-01,2.50000000e-01,6.00000000e-01,0.00000000e+00
1.77177177e+01,5.80300589e+00,0.00000000e+00,3.00000000e+06,6.00000000e+02,1.50000000e-01,2.50000000e-01,6.00000000e-01,0.00000000e+00
1.78178178e+01,5.80300589e+00,0.00000000e+00,3.00000000e+06,6.00000000e+02,1.50000000e-01,2.50000000e-01,6.00000000e-01,0.00000000e+00
1.79179179e+01,5.80300589e+00,0.00000000e+00,3.00000000e+06,6.00000000e+02,1.50000000e-01,2.50000000e-01,6.00000000e-01,0.00000000e+00
1.80180180e+01,5.80300589e+00,0.00000000e+00,3.00000000e+06,6.00000000e+02,1.50000000e-01,2.50000000e-01,6.00000000e-01,0.00000000e+00
1.81181181e+01,5.80300589e+00,0.00000000e+00,3.00000000e+06,6.00000000e+02,1.50000000e-01,2.50000000e-01,6.00000000e-01,0.00000000e+00
1.82182182e+01,5.80300589e+00,0.00000000e+00,3.00000000e+06,6.00000000e+02,1.50000000e-01,2.50000000e-01,6.00000000e-01,0.00000000e+00
1.83183183e+01,5.80300589e+00,0.00000000e+00,3.00000000e+06,6.00000000e+02,1.50000000e-01,2.50000000e-01,6.00000000e-01,0.00000000e+00
1.84184184e+01,5.80300589e+00,0.00000000e+00,3.00000000e+06,6.00000000e+02,1.50000000e-01,2.50000000e-01,6.00000000e-01,0.00000000e+00
1.85185185e+01,5.80300589e+00,0.00000000e+00,3.00000000e+06,6.00000000e+02,1.50000000e-01,2.50000000e-01,6.00000000e-01,0.00000000e+00
1.86186186e+01,5.80300589e+00,0.00000000e+00,3.00000000e+06,6.00000000e+02,1.50000000e-01,2.50000000e-01,6.00000000e-01,0.00000000e+00
1.87187187e+01,5.80300589e+00,0.00000000e+00,3.00000000e+06,6.00000000e+02,1.50000000e-01,2.50000000e-01,6.00000000e-01,0.00000000e+00
1.88188188e+01,5.80300589e+00,0.00000000e+00,3.00000000e+06,6.00000000e+02,1.50000000e-01,2.50000000e-01,6.00000000e-01,0.00000000e+00
1.89189189e+01,5.80300589e+00,0.00000000e+00,3.00000000e+06,6.00000000e+02,1.50000000e-01,2.50000000e-01,6.00000000e-01,0.00000000e+00
1.90190190e+01,5.80300589e+00,0.00000000e+00,3.00000000e+06,6.00000000e+02,1.50000000e-01,2.50000000e-01,6.00000000e-01,0.00000000e+00
1.91191191e+01,5.80300589e+00,0.00000000e+00,3.00000000e+06,6.00000000e+02,1.50000000e-01,2.50000000e-01,6.00000000e-01,0.00000000e+00
1.92192192e+01,5.80300589e+00,0.00000000e+00,3.00000000e+06,6.00000000e+02,1.50000000e-01,2.50000000e-01,6.00000000e-01,0.00000000e+00
1.93193193e+01,5.80300589e+00,0.00000000e+00,3.00000000e+06,6.00000000e+02,1.50000000e-01,2.50000000e-01,6.00000000e-01,0.00000000e+00
1.94194194e+01,5.80300589e+00,0.00000000e+00,3.00000000e+06,6.00000000e+02,1.50000000e-01,2.50000000e-01,6.00000000e-01,0.00000000e+00
1.95195195e+01,5.80300589e+00,0.00000000e+00,3.00000000e+06,6.00000000e+02,1.50000000e-01,2.50000000e-01,6.00000000e-01,0.00000000e+00
1.96196196e+01,5.80300589e+00,0.00000000e+00,3.00000000e+06,6.00000000e+02,1.50000000e-01,2.50000000e-01,6.00000000e-01,0.00000000e+00
1.97197197e+01,5.80300589e+00,0.00000000e+00,3.00000000e+06,6.00000000e+02,1.50000000e-01,2.50000000e-01,6.00000000e-01,0.00000000e+00
1.98198198e+01,5.80300589e+00,0.00000000e+00,3.00000000e+06,6.00000000e+02,1.50000000e-01,2.50000000e-01,6.00000000e-01,0.00000000e+00
1.99199199e+01,5.80300589e+00,0.00000000e+00,3.00000000e+06,6.00000000e+02,1.50000000e-01,2.50000000e-01,6.00000000e-01,0.00000000e+00
2.00200200e+01,5.80300589e+00,0.00000000e+00,3.00000000e+06,6.00000000e+02,1.50000000e-01,2.50000000e-01,6.00000000e-01,0.00000000e+00
2.01201201e+01,5.80300589e+00,0.00000000e+00,3.00000000e+06,6.00000000e+02,1.50000000e-01,2.50000000e-01,6.00000000e-01,0.00000000e+00
2.02202202e+01,5.80300589e+00,0.00000000e+00,3.00000000e+06,6.00000000e+02,1.50000000e-01,2.50000000e-01,6.00000000e-01,0.00000000e+00
2.03203203e+01,5.80300589e+00,0.00000000e+00,3.00000000e+06,6.00000000e+02,1.50000000e-01,2.50000000e-01,6.00000000e-01,0.00000000e+00
2.04204204e+01,5.80300589e+00,0.00000000e+00,3.00000000e+06,6.00000000e+02,1.50000000e-01,2.50000000e-01,6.00000000e-01,0.00000000e+00
2.05205205e+01,5.80300589e+00,0.00000000e+00,3.00000000e+06,6.00000000e+02,1.50000000e-01,2.50000000e-01,6.00000000e-01,0.00000000e+00
2.06206206e+01,5.80300589e+00,0.00000000e+00,3.00000000e+06,6.00000000e+02,1.50000000e-01,2.50000000e-01,6.00000000e-01,0.00000000e+00
2.07207207e+01,5.80300589e+00,0.00000000e+00,3.00000000e+06,6.00000000e+02,1.50000000e-01,2.50000000e-01,6.00000000e-01,0.00000000e+00
2.08208208e+01,5.80300589e+00,0.00000000e+00,3.00000000e+06,6.00000000e+02,1.50000000e-01,2.50000000e-01,6.00000000e-01,0.00000000e+00
2.09209209e+01,5.80300589e+00,0.00000000e+00,3.00000000e+06,6.00000000e+02,1.50000000e-01,2.50000000e-01,6.00000000e-01,0.00000000e+00
2.10210210e+01,5.80300589e+00,0.00000000e+00,3.00000000e+06,6.00000000e+02,1.50000000e-01,2.50000000e-01,6.00000000e-01,0.00000000e+00
2.11211211e+01,5.80300589e+00,0.00000000e+00,3.00000000e+06,6.00000000e+02,1.50000000e-01,2.50000000e-01,6.00000000e-01,0.00000000e+00
2.12212212e+01,5.80300589e+00,0.00000000e+00,3.00000000e+06,6.00000000e+02,1.50000000e-01,2.50000000e-01,6.00000000e-01,0.00000000e+00
2.13213213e+01,5.80300589e+00,0.00000000e+00,3.00000000e+06,6.00000000e+02,1.50000000e-01,2.50000000e-01,6.00000000e-01,0.00000000e+00
2.14214214e+01,5.80300589e+00,0.00000000e+00,3.00000000e+06,6.00000000e+02,1.50000000e-01,2.50000000e-01,6.00000000e-01,0.00000000e+00
2.15215215e+01,5.80300589e+00,0.00000000e+00,3.00000000e+06,6.00000000e+02,1.50000000e-01,2.50000000e-01,6.00000000e-01,0.00000000e+00
2.16216216e+01,5.80300589e+00,0.00000000e+00,3.00000000e+06,6.00000000e+02,1.50000000e-01,2.50000000e-01,6.00000000e-01,0.00000000e+00
2.17217217e+01,5.80300589e+00,0.00000000e+00,3.00000000e+06,6.00000000e+02,1.50000000e-01,2.50000000e-01,6.00000000e-01,0.00000000e+00
2.18218218e+01,5.80300589e+00,0.00000000e+00,3.00000000e+06,6.00000000e+02,1.50000000e-01,2.50000000e-01,6.00000000e-01,0.00000000e+00
2.19219219e+01,5.80300589e+00,0.00000000e+00,3.00000000e+06,6.00000000e+02,1.50000000e-01,2.50000000e-01,6.00000000e-01,0.00000000e+00
2.20220220e+01,5.80300589e+00,0.00000000e+00,3.00000000e+06,6.00000000e+02,1.50000000e-01,2.50000000e-01,6.00000000e-01,0.00000000e+00
2.21221221e+01,5.80300589e+00,0.00000000e+00,3.00000000e+06,6.00000000e+02,1.50000000e-01,2.50000000e-01,6.00000000e-01,0.00000000e+00
2.22222222e+01,5.80300589e+00,0.00000000e+00,3.00000000e+06,6.00000000e+02,1.50000000e-01,2.50000000e-01,6.00000000e-01,0.00000000e+00
2.23223223e+01,5.80300589e+00,0.00000000e+00,3.00000000e+06,6.00000000e+02,1.50000000e-01,2.50000000e-01,6.00000000e-01,0.00000000e+00
2.24224224e+01,5.80300589e+00,0.00000000e+00,3.00000000e+06,6.00000000e+02,1.50000000e-01,2.50000000e-01,6.00000000e-01,0.00000000e+00
2.25225225e+01,5.80300589e+00,0.00000000e+00,3.00000000e+06,6.00000000e+02,1.50000000e-01,2.50000000e-01,6.00000000e-01,0.00000000e+00
2.26226226e+01,5.80300589e+00,0.00000000e+00,3.00000000e+06,6.00000000e+02,1.50000000e-01,2.50000000e-01,6.00000000e-01,0.00000000e+00
2.27227227e+01,5.80300589e+00,0.00000000e+00,3.00000000e+06,6.00000000e+02,1.50000000e-01,2.50000000e-01,6.00000000e-01,0.00000000e+00
2.28228228e+01,5.80300589e+00,0.00000000e+00,3.00000000e+06,6.00000000e+02,1.50000000e-01,2.50000000e-01,6.00000000e-01,0.00000000e+00
2.29229229e+01,5.80300589e+00,0.00000000e+00,3.00000000e+06,6.00000000e+02,1.50000000e-01,2.50000000e-01,6.00000000e-01,0.00000000e+00
2.30230230e+01,5.80300589e+00,0.00000000e+00,3.00000000e+06,6.00000000e+02,1.50000000e-01,2.50000000e-01,6.00000000e-01,0.00000000e+00
2.31231231e+01,5.80300589e+00,0.00000000e+00,3.00000000e+06,6.00000000e+02,1.50000000e-01,2.50000000e-01,6.00000000e-01,0.00000000e+00
2.32232232e+01,5.80300589e+00,0.00000000e+00,3.00000000e+06,6.00000000e+02,1.50000000e-01,2.50000000e-01,6.00000000e-01,0.00000000e+00
2.33233233e+01,5.80300589e+00,0.00000000e+00,3.00000000e+06,6.00000000e+02,1.50000000e-01,2.50000000e-01,6.00000000e-01,0.00000000e+00
2.34234234e+01,5.80300589e+00,0.00000000e+00,3.00000000e+06,6.00000000e+02,1.50000000e-01,2.50000000e-01,6.00000000e-01,0.00000000e+00
2.35235235e+01,5.80300589e+00,0.00000000e+00,3.00000000e+06,6.00000000e+02,1.50000000e-01,2.50000000e-01,6.00000000e-01,0.00000000e+00
2.36236236e+01,5.80300589e+00,0.00000000e+00,3.00000000e+06,6.00000000e+02,1.50000000e-01,2.50000000e-01,6.00000000e-01,0.00000000e+00
2.37237237e+01,5.80300589e+00,0.00000000e+00,3.00000000e+06,6.00000000e+02,1.50000000e-01,2.50000000e-01,6.00000000e-01,0.00000000e+00
2.38238238e+01,5.80300589e+00,0.00000000e+00,3.00000000e+06,6.00000000e+02,1.50000000e-01,2.50000000e-01,6.00000000e-01,0.00000000e+00
2.39239239e+01,5.80300589e+00,0.00000000e+00,3.00000000e+06,6.00000000e+02,1.50000000e-01,2.50000000e-01,6.00000000e-01,0.00000000e+00
2.40240240e+01,5.80300589e+00,0.00000000e+00,3.00000000e+06,6.00000000e+02,1.50000000e-01,2.50000000e-01,6.00000000e-01,0.00000000e+00
2.41241241e+01,5.80300589e+00,0.00000000e+00,3.00000000e+06,6.00000000e+02,1.50000000e-01,2.50000000e-01,6.00000000e-01,0.00000000e+00
2.42242242e+01,5.80300589e+00,0.00000000e+00,3.00000000e+06,6.00000000e+02,1.50000000e-01,2.50000000e-01,6.00000000e-01,0.00000000e+00
2.43243243e+01,5.80300589e+00,0.00000000e+00,3.00000000e+06,6.00000000e+02,1.50000000e-01,2.50000000e-01,6.00000000e-01,0.00000000e+00
2.44244244e+01,5.80300589e+00,0.00000000e+00,3.00000000e+06,6.00000000e+02,1.50000000e-01,2.50000000e-01,6.00000000e-01,0.00000000e+00
2.45245245e+01,5.80300589e+00,0.00000000e+00,3.00000000e+06,6.00000000e+02,1.50000000e-01,2.50000000e-01,6.00000000e-01,0.00000000e+00
2.46246246e+01,5.80300589e+00,0.00000000e+00,3.00000000e+06,6.00000000e+02,1.50000000e-01,2.50000000e-01,6.00000000e-01,0.00000000e+00
2.47247247e+01,5.80300589e+00,0.00000000e+00,3.00000000e+06,6.00000000e+02,1.50000000e-01,2.50000000e-01,6.00000000e-01,0.00000000e+00
2.48248248e+01,5.80300589e+00,0.00000000e+00,3.00000000e+06,6.00000000e+02,1.50000000e-01,2.50000000e-01,6.00000000e-01,0.00000000e+00
2.49249249e+01,5.80300589e+00,0.00000000e+00,3.00000000e+06,6.00000000e+02,1.50000000e-01,2.50000000e-01,6.00000000e-01,0.00000000e+00
2.50250250e+01,5.80300589e+00,0.00000000e+00,3.00000000e+06,6.00000000e+02,1.50000000e-01,2.50000000e-01,6.00000000e-01,0.00000000e+00
2.51251251e+01,5.80300589e+00,5.38188963e-14,3.00000000e+06,6.00000000e+02,1.50000000e-01,2.50000000e-01,6.00000000e-01,0.00000000e+00
2.52252252e+01,5.80300589e+00,4.02058605e-13,3.00000000e+06,6.00000000e+02,1.50000000e-01,2.50000000e-01,6.00000000e-01,0.00000000e+00
2.53253253e+01,5.80300589e+00,1.01305963e-12,3.00000000e+06,6.00000000e+02,1.50000000e-01,2.50000000e-01,6.00000000e-01,0.00000000e+00
2.54254254e+01,5.80300589e+00,-4.82154404e-12,3.00000000e+06,6.00000000e+02,1.50000000e-01,2.50000000e-01,6.00000000e-01,0.00000000e+00
2.55255255e+01,5.80300589e+00,-1.46988713e-11,3.00000000e+06,6.00000000e+02,1.50000000e-01,2.50000000e-01,6.00000000e-01,0.00000000e+00
2.56256256e+01,5.80300589e+00,-1.97261531e-11,3.00000000e+06,6.00000000e+02,1.50000000e-01,2.50000000e-01,6.00000000e-01,0.00000000e+00
2.57257257e+01,5.80300589e+00,2.09324670e-11,3.00000000e+06,6.00000000e+02,1.50000000e-01,2.50000000e-01,6.00000000e-01,0.00000000e+00
2.58258258e+01,5.80300589e+00,2.02529880e-10,3.00000000e+06,6.00000000e+02,1.50000000e-01,2.50000000e-01,6.00000000e-01,0.00000000e+00
2.59259259e+01,5.80300589e+00,3.54839884e-10,3.00000000e+06,6.00000000e+02,1.50000000e-01,2.50000000e-01,6.00000000e-01,0.00000000e+00
2.60260260e+01,5.80300589e+00,3.15184205e-10,3.00000000e+06,6.00000000e+02,1.50000000e-01,2.50000000e-01,6.00000000e-01,0.00000000e+00
2.61261261e+01,5.80300589e+00,-1.17776751e-09,3.00000000e+06,6.00000000e+02,1.50000000e-01,2.50000000e-01,6.00000000e-01,0.00000000e+00
2.62262262e+01,5.80300589e+00,-3.66359257e-09,3.00000000e+06,6.00000000e+02,1.50000000e-01,2.50000000e-01,6.00000000e-01,0.00000000e+00
2.63263263e+01,5.80300589e+00,-5.29309522e-09,3.00000000e+06,6.00000000e+02,1.50000000e-01,2.50000000e-01,6.00000000e-01,0.00000000e+00
2.64264264e+01,5.80300589e+00,1.23147346e-10,3.00000000e+06,6.00000000e+02,1.50000000e-01,2.50000000e-01,6.00000000e-01,0.00000000e+00
2.65265265e+01,5.80300589e+00,2.97690205e-08,3.00000000e+06,6.00000000e+02,1.50000000e-01,2.50000000e-01,6.00000000e-01,0.00000000e+00
2.66266266e+01,5.80300589e+00,5.53568583e-08,3.00000000e+06,6.00000000e+02,1.50000000e-01,2.50000000e-01,6.00000000e-01,0.00000000e+00
2.67267267e+01,5.80300589e+00,5.55593173e-08,3.00000000e+06,6.00000000e+02,1.50000000e-01,2.50000000e-01,6.00000000e-01,0.00000000e+00
2.68268268e+01,5.80300589e+00,-1.25712858e-07,3.00000000e+06,6.00000000e+02,1.50000000e-01,2.50000000e-01,6.00000000e-01,0.00000000e+00
2.69269269e+01,5.80300589e+00,-4.61803365e-07,3.00000000e+06,6.00000000e+02,1.50000000e-01,2.50000000e-01,6.00000000e-01,0.00000000e+00
2.70270270e+01,5.80300589e+00,-6.85434470e-07,3.00000000e+06,6.00000000e+02,1.50000000e-01,2.50000000e-01,6.00000000e-01,0.00000000e+00
2.71271271e+01,5.80300588e+00,-2.25491813e-07,3.00000000e+06,6.00000001e+02,1.50000000e-01,2.50000000e-01,6.00000000e-01,0.00000000e+00
2.72272272e+01,5.80300586e+00,2.88883429e-06,2.99999999e+06,6.00000001e+02,1.50000000e-01,2.50000000e-01,6.00000001e-01,0.00000000e+00
2.73273273e+01,5.80300585e+00,5.74193712e-06,2.99999997e+06,5.99999998e+02,1.50000000e-01,2.50000000e-01,6.00000000e-01,0.00000000e+00
2.74274274e+01,5.80300587e+00,6.45589200e-06,2.99999996e+06,5.99999996e+02,1.50000000e-01,2.49999999e-01,5.99999999e-01,0.00000000e+00
2.75275275e+01,5.80300598e+00,-7.14783212e-06,2.99999998e+06,5.99999992e+02,1.49999999e-01,2.49999998e-01,5.99999995e-01,0.00000000e+00
2.76276276e+01,5.80300618e+00,-3.83554579e-05,3.00000016e+06,6.00000004e+02,1.49999999e-01,2.49999999e-01,5.99999997e-01,0.00000000e+00
2.77277277e+01,5.80300621e+00,-5.87381767e-05,3.00000030e+06,6.00000023e+02,1.50000001e-01,2.50000002e-01,6.00000004e-01,0.00000000e+00
2.78278278e+01,5.80300587e+00,-3.88095062e-05,3.00000031e+06,6.00000046e+02,1.50000005e-01,2.50000008e-01,6.00000019e-01,0.00000000e+00
2.79279279e+01,5.80300441e+00,1.66757284e-04,2.99999974e+06,6.00000054e+02,1.50000012e-01,2.50000019e-01,6.00000046e-01,0.00000000e+00
2.80280280e+01,5.80300314e+00,3.80950324e-04,2.99999811e+06,5.99999900e+02,1.50000001e-01,2.50000002e-01,6.00000005e-01,0.00000000e+00
2.81281281e+01,5.80300381e+00,4.81452359e-04,2.99999747e+06,5.99999767e+02,1.49999985e-01,2.49999976e-01,5.99999941e-01,0.00000000e+00
2.82282282e+01,5.80300898e+00,-9.86305755e-05,2.99999808e+06,5.99999533e+02,1.49999941e-01,2.49999901e-01,5.99999762e-01,0.00000000e+00
2.83283283e+01,5.80302113e+00,-1.86642325e-03,3.00000687e+06,6.00000036e+02,1.49999941e-01,2.49999901e-01,5.99999762e-01,0.00000000e+00
2.84284284e+01,5.80302502e+00,-3.12649686e-03,3.00001494e+06,6.00000946e+02,1.50000016e-01,2.50000026e-01,6.00000062e-01,0.00000000e+00
2.85285285e+01,5.80301470e+00,-2.79759935e-03,3.00001882e+06,6.00002142e+02,1.50000178e-01,2.50000296e-01,6.00000711e-01,0.00000000e+00
2.86286286e+01,5.80295949e+00,4.31299771e-03,2.99999737e+06,6.00002502e+02,1.50000442e-01,2.50000737e-01,6.00001768e-01,0.00000000e+00
2.87287287e+01,5.80289644e+00,1.49785890e-02,2.99994009e+06,5.99998231e+02,1.50000276e-01,2.50000460e-01,6.00001103e-01,0.00000000e+00
2.88288288e+01,5.80289568e+00,1.96300261e-02,2.99988831e+06,5.99990881e+02,1.49999544e-01,2.49999240e-01,5.99998176e-01,0.00000000e+00
2.89289289e+01,5.80301487e+00,9.95736434e-03,2.99991677e+06,5.99987552e+02,1.49998718e-01,2.49997863e-01,5.99994872e-01,0.00000000e+00
2.90290290e+01,5.80338938e+00,-4.64193458e-02,3.00007967e+06,5.99987591e+02,1.49997173e-01,2.49995289e-01,5.99988693e-01,0.00000000e+00
2.91291291e+01,5.80363483e+00,-8.45856020e-02,3.00049974e+06,6.00032371e+02,1.50000636e-01,2.50001060e-01,6.00002544e-01,0.00000000e+00
2.92292292e+01,5.80346536e+00,-1.01152318e-01,3.00045788e+06,6.00036905e+02,1.50001790e-01,2.50002984e-01,6.00007161e-01,0.00000000e+00
2.93293293e+01,5.80250956e+00,1.84114119e-02,3.00036056e+06,6.00082300e+02,1.50010283e-01,2.50017139e-01,6.00041134e-01,0.00000000e+00
2.94294294e+01,5.80101557e+00,2.52316714e-01,2.99896703e+06,5.99975902e+02,1.50005823e-01,2.50009706e-01,6.00023294e-01,0.00000000e+00
2.95295295e+01,5.80065796e+00,3.71664490e-01,2.99818017e+06,5.99885643e+02,1.49998276e-01,2.49997126e-01,5.99993103e-01,0.00000000e+00
2.96296296e+01,5.80173693e+00,3.19607366e-01,2.99808889e+06,5.99805655e+02,1.49985813e-01,2.49976356e-01,5.99943254e-01,0.00000000e+00
2.97297297e+01,5.80569162e+00,-3.34105353e-01,2.99935481e+06,5.99741256e+02,1.49963035e-01,2.49938392e-01,5.99852140e-01,0.00000000e+00
2.98298298e+01,5.80969003e+00,-7.11977401e-01,3.00580571e+06,6.00414287e+02,1.50013793e-01,2.50022988e-01,6.00055170e-01,0.00000000e+00
2.99299299e+01,5.80910030e+00,-1.17966066e+00,3.00282758e+06,6.00025854e+02,1.49977401e-01,2.49962335e-01,5.99909605e-01,0.00000000e+00
3.00300300e+01,5.80489575e+00,-6.08399303e-01,3.00721873e+06,6.00913268e+02,1.50083540e-01,2.50139234e-01,6.00334161e-01,0.00000000e+00
3.01301301e+01,5.79630363e+00,7.18471923e-01,2.99543213e+06,5.99763015e+02,1.50004035e-01,2.50006725e-01,6.00016140e-01,0.00000000e+00
3.02302302e+01,5.79349850e+00,1.60031379e+00,2.99690638e+06,6.00148031e+02,1.50054200e-01,2.50090334e-01,6.00216802e-01,0.00000000e+00
3.03303303e+01,5.79382588e+00,1.42023207e+00,2.98782359e+06,5.98827840e+02,1.49920767e-01,2.49867945e-01,5.99683067e-01,0.00000000e+00
3.04304304e+01,5.79663148e+00,6.94418522e-01,2.99669856e+06,5.99923747e+02,1.50018763e-01,2.50031272e-01,6.00075052e-01,0.00000000e+00
3.05305305e+01,5.79917006e+00,7.49284358e-01,2.99652284e+06,5.99741094e+02,1.49989966e-01,2.49983276e-01,5.99959863e-01,0.00000000e+00
3.06306306e+01,5.79363552e+00,1.19549056e+00,2.99874716e+06,6.00402747e+02,1.50079120e-01,2.50131867e-01,6.00316480e-01,0.00000000e+00
3.07307307e+01,5.77384811e+00,3.98296010e+00,2.97971584e+06,5.98907051e+02,1.50011424e-01,2.50019040e-01,6.00045697e-01,0.00000000e+00
3.08308308e+01,5.76097656e+00,6.81012940e+00,2.96962907e+06,5.98258812e+02,1.50000000e-01,2.50000000e-01,6.00000000e-01,0.00000000e+00
3.09309309e+01,5.74871541e+00,7.39012475e+00,2.95426867e+06,5.96808933e+02,1.49905694e-01,2.49842824e-01,5.99622777e-01,0.00000000e+00
3.10310310e+01,5.74340718e+00,8.43743382e+00,2.95793810e+06,5.97669891e+02,1.50014197e-01,2.50023662e-01,6.00056789e-01,0.00000000e+00
3.11311311e+01,5.74059551e+00,9.55113739e+00,2.94933107e+06,5.96602341e+02,1.49918729e-01,2.49864548e-01,5.99674914e-01,0.00000000e+00
3.12312312e+01,5.73165321e+00,1.12061393e+01,2.94849963e+06,5.97041030e+02,1.50000000e-01,2.50000000e-01,6.00000000e-01,0.00000000e+00
3.13313313e+01,5.71181081e+00,1.40451635e+01,2.92859064e+06,5.95396083e+02,1.49917782e-01,2.49862970e-01,5.99671129e-01,0.00000000e+00
3.14314314e+01,5.69042275e+00,1.66700559e+01,2.91914441e+06,5.95362236e+02,1.50004411e-01,2.50007352e-01,6.00017644e-01,0.00000000e+00
3.15315315e+01,5.67641739e+00,1.92706906e+01,2.90424825e+06,5.94068420e+02,1.49932994e-01,2.49888324e-01,5.99731976e-01,0.00000000e+00
3.16316316e+01,5.65968238e+00,2.11640772e+01,2.89680591e+06,5.94032690e+02,1.50000000e-01,2.50000000e-01,6.00000000e-01,0.00000000e+00
3.17317317e+01,5.63824860e+00,2.39425521e+01,2.87859805e+06,5.92711895e+02,1.49957237e-01,2.49928728e-01,5.99828946e-01,0.00000000e+00
3.18318318e+01,5.61829117e+00,2.72652874e+01,2.86771770e+06,5.92370075e+02,1.50007616e-01,2.50012693e-01,6.00030463e-01,0.00000000e+00
3.19319319e+01,5.59770986e+00,3.10658974e+01,2.84937744e+06,5.90959806e+02,1.49953263e-01,2.49922104e-01,5.99813050e-01,0.00000000e+00
3.20320320e+01,5.57666859e+00,3.41161738e+01,2.83747407e+06,5.90527426e+02,1.50000000e-01,2.50000000e-01,6.00000000e-01,0.00000000e+00
3.21321321e+01,5.55530775e+00,3.68781588e+01,2.82228972e+06,5.89625799e+02,1.50000000e-01,2.50000000e-01,6.00000000e-01,0.00000000e+00
3.22322322e+01,5.53514183e+00,3.98369834e+01,2.80798566e+06,5.88774699e+02,1.50000000e-01,2.50000000e-01,6.00000000e-01,0.00000000e+00
3.23323323e+01,5.51431192e+00,4.31820583e+01,2.79357028e+06,5.87942784e+02,1.50005601e-01,2.50009334e-01,6.00022402e-01,0.00000000e+00
3.24324324e+01,5.49199785e+00,4.69289023e+01,2.77678729e+06,5.86843197e+02,1.49990739e-01,2.49984565e-01,5.99962957e-01,0.00000000e+00
3.25325325e+01,5.46912564e+00,4.99893125e+01,2.75855251e+06,5.85551452e+02,1.49959008e-01,2.49931680e-01,5.99836031e-01,0.00000000e+00
3.26326326e+01,5.44664989e+00,5.28348982e+01,2.74532275e+06,5.84987998e+02,1.50000000e-01,2.50000000e-01,6.00000000e-01,0.00000000e+00
3.27327327e+01,5.42544955e+00,5.62559519e+01,2.73039138e+06,5.84079792e+02,1.50000000e-01,2.50000000e-01,6.00000000e-01,0.00000000e+00
3.28328328e+01,5.40624572e+00,5.96703673e+01,2.71686747e+06,5.83251252e+02,1.50000000e-01,2.50000000e-01,6.00000000e-01,0.00000000e+00
3.29329329e+01,5.38423944e+00,6.33786190e+01,2.70326099e+06,5.82586368e+02,1.50029810e-01,2.50049684e-01,6.00119241e-01,0.00000000e+00
3.30330330e+01,5.36006484e+00,6.73485456e+01,2.68676992e+06,5.81611240e+02,1.50038222e-01,2.50063704e-01,6.00152889e-01,0.00000000e+00
3.31331331e+01,5.33429708e+00,7.09734776e+01,2.66669774e+06,5.80180846e+02,1.50005600e-01,2.50009334e-01,6.00022401e-01,0.00000000e+00
3.32332332e+01,5.31298416e+00,7.48697219e+01,2.65322993e+06,5.79479939e+02,1.50027968e-01,2.50046613e-01,6.00111871e-01,0.00000000e+00
3.33333333e+01,5.29177913e+00,7.77656776e+01,2.63176616e+06,5.77507670e+02,1.49920872e-01,2.49868119e-01,5.99683486e-01,0.00000000e+00
3.34334334e+01,5.26408714e+00,8.13476583e+01,2.62200710e+06,5.77794908e+02,1.50076036e-01,2.50126726e-01,6.00304143e-01,0.00000000e+00
3.35335335e+01,5.23832573e+00,8.60713165e+01,2.60063915e+06,5.76125800e+02,1.50018403e-01,2.50030671e-01,6.00073611e-01,0.00000000e+00
3.36336336e+01,5.21637636e+00,8.99178753e+01,2.58582239e+06,5.75222454e+02,1.50026580e-01,2.50044300e-01,6.00106319e-01,0.00000000e+00
3.37337337e+01,5.19358464e+00,9.38052780e+01,2.56831073e+06,5.73940571e+02,1.49998768e-01,2.49997947e-01,5.99995073e-01,0.00000000e+00
3.38338338e+01,5.16976898e+00,9.71589099e+01,2.55119610e+06,5.72784274e+02,1.49987783e-01,2.49979639e-01,5.99951133e-01,0.00000000e+00
3.39339339e+01,5.14588183e+00,1.00556965e+02,2.53508230e+06,5.71786001e+02,1.49993694e-01,2.49989491e-01,5.99974777e-01,0.00000000e+00
3.40340340e+01,5.12254176e+00,1.04284204e+02,2.51909591e+06,5.70764955e+02,1.49994786e-01,2.49991310e-01,5.99979143e-01,0.00000000e+00
3.41341341e+01,5.10097762e+00,1.08409602e+02,2.50492492e+06,5.69910314e+02,1.50006143e-01,2.50010239e-01,6.00024573e-01,0.00000000e+00
3.42342342e+01,5.07906033e+00,1.12522461e+02,2.48902681e+06,5.68791318e+02,1.49991798e-01,2.49986329e-01,5.99967190e-01,0.00000000e+00
3.43343343e+01,5.05522669e+00,1.16341111e+02,2.47322490e+06,5.67810147e+02,1.50000978e-01,2.50001631e-01,6.00003913e-01,0.00000000e+00
3.44344344e+01,5.03087219e+00,1.19775675e+02,2.45561496e+06,5.66558989e+02,1.49984410e-01,2.49974016e-01,5.99937639e-01,0.00000000e+00
3.45345345e+01,5.00732431e+00,1.23285936e+02,2.44073809e+06,5.65696501e+02,1.50005172e-01,2.50008620e-01,6.00020687e-01,0.00000000e+00
3.46346346e+01,4.98395258e+00,1.27241044e+02,2.42502946e+06,5.64676752e+02,1.50009055e-01,2.50015092e-01,6.00036220e-01,0.00000000e+00
3.47347347e+01,4.96185348e+00,1.31271227e+02,2.40971541e+06,5.63626161e+02,1.50004726e-01,2.50007877e-01,6.00018905e-01,0.00000000e+00
3.48348348e+01,4.93916546e+00,1.35120638e+02,2.39424265e+06,5.62582825e+02,1.50003843e-01,2.50006404e-01,6.00015370e-01,0.00000000e+00
3.49349349e+01,4.91559444e+00,1.38773062e+02,2.37786335e+06,5.61440689e+02,1.49996536e-01,2.49994227e-01,5.99986144e-01,0.00000000e+00
3.50350350e+01,4.89223314e+00,1.42396628e+02,2.36280283e+06,5.60498294e+02,1.50010034e-01,2.50016723e-01,6.00040135e-01,0.00000000e+00
3.51351351e+01,4.87014884e+00,1.45987828e+02,2.34613609e+06,5.59186780e+02,1.49978269e-01,2.49963782e-01,5.99913077e-01,0.00000000e+00
3.52352352e+01,4.84874487e+00,1.49527511e+02,2.33303485e+06,5.58429516e+02,1.50002257e-01,2.50003762e-01,6.00009028e-01,0.00000000e+00
3.53353353e+01,4.82707316e+00,1.53495107e+02,2.31821101e+06,5.57390882e+02,1.49997317e-01,2.49995528e-01,5.99989266e-01,0.00000000e+00
3.54354354e+01,4.80788830e+00,1.57689999e+02,2.30598164e+06,5.56617532e+02,1.50009534e-01,2.50015890e-01,6.00038135e-01,0.00000000e+00
3.55355355e+01,4.78776044e+00,1.61701327e+02,2.29152666e+06,5.55520166e+02,1.49991600e-01,2.49986000e-01,5.99966401e-01,0.00000000e+00
3.56356356e+01,4.76434170e+00,1.65496533e+02,2.27635040e+06,5.54516980e+02,1.50001509e-01,2.50002515e-01,6.00006037e-01,0.00000000e+00
3.57357357e+01,4.73968989e+00,1.69122752e+02,2.25974404e+06,5.53340378e+02,1.49999988e-01,2.49999981e-01,5.99999954e-01,0.00000000e+00
3.58358358e+01,4.71629674e+00,1.72559895e+02,2.24406320e+06,5.52231609e+02,1.49998517e-01,2.49997529e-01,5.99994070e-01,0.00000000e+00
3.59359359e+01,4.69388254e+00,1.76066086e+02,2.22944807e+06,5.51234684e+02,1.50004011e-01,2.50006685e-01,6.00016044e-01,0.00000000e+00
3.60360360e+01,4.67209173e+00,1.79782124e+02,2.21521585e+06,5.50254310e+02,1.50008373e-01,2.50013955e-01,6.00033493e-01,0.00000000e+00
3.61361361e+01,4.65123326e+00,1.83639514e+02,2.20154212e+06,5.49297936e+02,1.50011715e-01,2.50019526e-01,6.00046862e-01,0.00000000e+00
3.62362362e+01,4.63015168e+00,1.87487762e+02,2.18749729e+06,5.48283729e+02,1.50010346e-01,2.50017243e-01,6.00041384e-01,0.00000000e+00
3.63363363e+01,4.60859229e+00,1.91244123e+02,2.17319259e+06,5.47250089e+02,1.50009358e-01,2.50015596e-01,6.00037430e-01,0.00000000e+00
3.64364364e+01,4.58737996e+00,1.94965772e+02,2.15901275e+06,5.46206569e+02,1.50005727e-01,2.50009545e-01,6.00022908e-01,0.00000000e+00
3.65365365e+01,4.56690551e+00,1.98791511e+02,2.14579280e+06,5.45276213e+02,1.50011125e-01,2.50018542e-01,6.00044502e-01,0.00000000e+00
3.66366366e+01,4.54754120e+00,2.02825507e+02,2.13346656e+06,5.44421835e+02,1.50019574e-01,2.50032623e-01,6.00078295e-01,0.00000000e+00
3.67367367e+01,4.52795656e+00,2.06795727e+02,2.12035364e+06,5.43434513e+02,1.50014451e-01,2.50024086e-01,6.00057805e-01,0.00000000e+00
3.68368368e+01,4.50686846e+00,2.10537900e+02,2.10615163e+06,5.42348989e+02,1.50006536e-01,2.50010893e-01,6.00026143e-01,0.00000000e+00
3.69369369e+01,4.48496473e+00,2.14116602e+02,2.09204586e+06,5.41331669e+02,1.50010963e-01,2.50018271e-01,6.00043851e-01,0.00000000e+00
3.70370370e+01,4.46314917e+00,2.17776667e+02,2.07779199e+06,5.40274186e+02,1.50010173e-01,2.50016956e-01,6.00040693e-01,0.00000000e+00
3.71371371e+01,4.44214951e+00,2.21561134e+02,2.06416788e+06,5.39265624e+02,1.50011092e-01,2.50018487e-01,6.00044368e-01,0.00000000e+00
3.72372372e+01,4.42196940e+00,2.25348584e+02,2.05099554e+06,5.38274523e+02,1.50009728e-01,2.50016213e-01,6.00038912e-01,0.00000000e+00
3.73373373e+01,4.40148232e+00,2.28968190e+02,2.03730533e+06,5.37202003e+02,1.50000878e-01,2.50001464e-01,6.00003513e-01,0.00000000e+00
3.74374374e+01,4.38075051e+00,2.32466848e+02,2.02366964e+06,5.36148313e+02,1.49996256e-01,2.49993760e-01,5.99985024e-01,0.00000000e+00
3.75375375e+01,4.36008110e+00,2.36001956e+02,2.01026112e+06,5.35126160e+02,1.49994726e-01,2.49991210e-01,5.99978903e-01,0.00000000e+00
3.76376376e+01,4.33958356e+00,2.39662056e+02,1.99711559e+06,5.34134108e+02,1.49995800e-01,2.49993001e-01,5.99983202e-01,0.00000000e+00
3.77377377e+01,4.31954790e+00,2.43499681e+02,1.98428177e+06,5.33158029e+02,1.49997271e-01,2.49995452e-01,5.99989085e-01,0.00000000e+00
3.78378378e+01,4.29996070e+00,2.47376880e+02,1.97167738e+06,5.32184875e+02,1.49997184e-01,2.49995307e-01,5.99988737e-01,0.00000000e+00
3.79379379e+01,4.27995892e+00,2.51142580e+02,1.95860234e+06,5.31145970e+02,1.49991637e-01,2.49986061e-01,5.99966547e-01,0.00000000e+00
3.80380380e+01,4.25984632e+00,2.54792555e+02,1.94565154e+06,5.30131338e+02,1.49989867e-01,2.49983111e-01,5.99959466e-01,0.00000000e+00
3.81381381e+01,4.23999825e+00,2.58484049e+02,1.93298698e+06,5.29146037e+02,1.49989884e-01,2.49983140e-01,5.99959536e-01,0.00000000e+00
3.82382382e+01,4.22054918e+00,2.62330580e+02,1.92084494e+06,5.28225830e+02,1.49995411e-01,2.49992352e-01,5.99981646e-01,0.00000000e+00
3.83383383e+01,4.20159466e+00,2.66268477e+02,1.90880509e+06,5.27280413e+02,1.49996132e-01,2.49993553e-01,5.99984528e-01,0.00000000e+00
3.84384384e+01,4.18206464e+00,2.70130082e+02,1.89625820e+06,5.26271937e+02,1.49992928e-01,2.49988213e-01,5.99971712e-01,0.00000000e+00
3.85385385e+01,4.16187503e+00,2.73844230e+02,1.88337167e+06,5.25237406e+02,1.49991143e-01,2.49985239e-01,5.99964573e-01,0.00000000e+00
3.86386386e+01,4.14180021e+00,2.77511863e+02,1.87071224e+06,5.24230751e+02,1.49992525e-01,2.49987541e-01,5.99970098e-01,0.00000000e+00
3.87387387e+01,4.12208566e+00,2.81275836e+02,1.85843208e+06,5.23266067e+02,1.49996586e-01,2.49994309e-01,5.99986342e-01,0.00000000e+00
3.88388388e+01,4.10303572e+00,2.85165253e+02,1.84665004e+06,5.22342909e+02,1.50002281e-01,2.50003802e-01,6.00009124e-01,0.00000000e+00
3.89389389e+01,4.08386475e+00,2.89012501e+02,1.83447978e+06,5.21344159e+02,1.50000026e-01,2.50000043e-01,6.00000102e-01,0.00000000e+00
3.90390390e+01,4.06389272e+00,2.92720143e+02,1.82182418e+06,5.20301158e+02,1.49997390e-01,2.49995650e-01,5.99989559e-01,0.00000000e+00
3.91391391e+01,4.04371620e+00,2.96330888e+02,1.80917120e+06,5.19265546e+02,1.49997408e-01,2.49995680e-01,5.99989633e-01,0.00000000e+00
3.92392392e+01,4.02392337e+00,2.99970495e+02,1.79673854e+06,5.18238946e+02,1.49995905e-01,2.49993175e-01,5.99983619e-01,0.00000000e+00
3.93393393e+01,4.00473307e+00,3.03704076e+02,1.78479888e+06,5.17260017e+02,1.49996479e-01,2.49994132e-01,5.99985918e-01,0.00000000e+00
3.94394394e+01,3.98637655e+00,3.07624075e+02,1.77363106e+06,5.16367972e+02,1.50002997e-01,2.50004995e-01,6.00011988e-01,0.00000000e+00
3.95395395e+01,3.96830853e+00,3.11549584e+02,1.76227432e+06,5.15407156e+02,1.50000223e-01,2.50000372e-01,6.00000893e-01,0.00000000e+00
3.96396396e+01,3.94925730e+00,3.15317788e+02,1.75022040e+06,5.14370828e+02,1.49994470e-01,2.49990783e-01,5.99977880e-01,0.00000000e+00
3.97397397e+01,3.92956222e+00,3.18930812e+02,1.73795999e+06,5.13330844e+02,1.49993525e-01,2.49989208e-01,5.99974098e-01,0.00000000e+00
3.98398398e+01,3.91008812e+00,3.22538803e+02,1.72587608e+06,5.12302996e+02,1.49992807e-01,2.49988012e-01,5.99971230e-01,0.00000000e+00
3.99399399e+01,3.89115489e+00,3.26210761e+02,1.71417922e+06,5.11308154e+02,1.49992400e-01,2.49987334e-01,5.99969602e-01,0.00000000e+00
4.00400400e+01,3.87292907e+00,3.30025502e+02,1.70303805e+06,5.10368819e+02,1.49994364e-01,2.49990607e-01,5.99977457e-01,0.00000000e+00
4.01401401e+01,3.85566704e+00,3.34065981e+02,1.69276904e+06,5.09532062e+02,1.50003341e-01,2.50005569e-01,6.00013365e-01,0.00000000e+00
4.02402402e+01,3.83876383e+00,3.38111809e+02,1.68235297e+06,5.08629573e+02,1.50002461e-01,2.50004102e-01,6.00009844e-01,0.00000000e+00
4.03403403e+01,3.82062000e+00,3.41930678e+02,1.67101895e+06,5.07623187e+02,1.49996230e-01,2.49993716e-01,5.99984920e-01,0.00000000e+00
4.04404404e+01,3.80138583e+00,3.45516020e+02,1.65921811e+06,5.06590169e+02,1.49995779e-01,2.49992965e-01,5.99983115e-01,0.00000000e+00
4.05405405e+01,3.78205747e+00,3.49035515e+02,1.64749933e+06,5.05573130e+02,1.49998668e-01,2.49997781e-01,5.99994673e-01,0.00000000e+00
4.06406406e+01,3.76307616e+00,3.52622858e+02,1.63601441e+06,5.04574410e+02,1.50000657e-01,2.50001095e-01,6.00002627e-01,0.00000000e+00
4.07407407e+01,3.74464443e+00,3.56307820e+02,1.62487960e+06,5.03600413e+02,1.50002600e-01,2.50004334e-01,6.00010402e-01,0.00000000e+00
4.08408408e+01,3.72683734e+00,3.60121096e+02,1.61418041e+06,5.02664021e+02,1.50005816e-01,2.50009694e-01,6.00023266e-01,0.00000000e+00
4.09409409e+01,3.70972925e+00,3.64066430e+02,1.60402385e+06,5.01783410e+02,1.50012198e-01,2.50020331e-01,6.00048794e-01,0.00000000e+00
4.10410410e+01,3.69267113e+00,3.67992282e+02,1.59367342e+06,5.00849539e+02,1.50011891e-01,2.50019819e-01,6.00047566e-01,0.00000000e+00
4.11411411e+01,3.67493606e+00,3.71792898e+02,1.58286415e+06,4.99861546e+02,1.50009372e-01,2.50015620e-01,6.00037489e-01,0.00000000e+00
4.12412412e+01,3.65678500e+00,3.75493747e+02,1.57191685e+06,4.98866278e+02,1.50010017e-01,2.50016695e-01,6.00040068e-01,0.00000000e+00
4.13413413e+01,3.63872413e+00,3.79211334e+02,1.56108896e+06,4.97884126e+02,1.50011484e-01,2.50019139e-01,6.00045935e-01,0.00000000e+00
4.14414414e+01,3.62099659e+00,3.83016769e+02,1.55061079e+06,4.96947483e+02,1.50016302e-01,2.50027170e-01,6.00065208e-01,0.00000000e+00
4.15415415e+01,3.60368660e+00,3.86869072e+02,1.54035033e+06,4.96018629e+02,1.50019864e-01,2.50033107e-01,6.00079457e-01,0.00000000e+00
4.16416416e+01,3.58602716e+00,3.90632105e+02,1.52972880e+06,4.95030484e+02,1.50017938e-01,2.50029896e-01,6.00071751e-01,0.00000000e+00
4.17417417e+01,3.56780937e+00,3.94260476e+02,1.51877425e+06,4.94002021e+02,1.50015842e-01,2.50026404e-01,6.00063369e-01,0.00000000e+00
4.18418418e+01,3.54942432e+00,3.97817809e+02,1.50780164e+06,4.92972643e+02,1.50016054e-01,2.50026757e-01,6.00064216e-01,0.00000000e+00
4.19419419e+01,3.53121005e+00,4.01410433e+02,1.49698678e+06,4.91960049e+02,1.50016436e-01,2.50027394e-01,6.00065745e-01,0.00000000e+00
4.20420420e+01,3.51336876e+00,4.05068654e+02,1.48642664e+06,4.90968731e+02,1.50016896e-01,2.50028160e-01,6.00067585e-01,0.00000000e+00
4.21421421e+01,3.49602328e+00,4.08814100e+02,1.47617699e+06,4.90001237e+02,1.50017251e-01,2.50028752e-01,6.00069005e-01,0.00000000e+00
4.22422422e+01,3.47921466e+00,4.12665849e+02,1.46629479e+06,4.89067938e+02,1.50018611e-01,2.50031018e-01,6.00074444e-01,0.00000000e+00
4.23423423e+01,3.46295896e+00,4.16606690e+02,1.45679626e+06,4.88171714e+02,1.50021370e-01,2.50035617e-01,6.00085481e-01,0.00000000e+00
4.24424424e+01,3.44669902e+00,4.20513001e+02,1.44715485e+06,4.87236340e+02,1.50018990e-01,2.50031651e-01,6.00075961e-01,0.00000000e+00
4.25425425e+01,3.43011410e+00,4.24322156e+02,1.43729659e+06,4.86269920e+02,1.50015001e-01,2.50025001e-01,6.00060003e-01,0.00000000e+00
4.26426426e+01,3.41349802e+00,4.28087127e+02,1.42749939e+06,4.85311892e+02,1.50013246e-01,2.50022076e-01,6.00052983e-01,0.00000000e+00
4.27427427e+01,3.39706240e+00,4.31893522e+02,1.41793912e+06,4.84389891e+02,1.50014506e-01,2.50024177e-01,6.00058024e-01,0.00000000e+00
4.28428428e+01,3.38080976e+00,4.35712751e+02,1.40847420e+06,4.83468415e+02,1.50014874e-01,2.50024791e-01,6.00059497e-01,0.00000000e+00
4.29429429e+01,3.36437670e+00,4.39473467e+02,1.39883625e+06,4.82513907e+02,1.50012239e-01,2.50020398e-01,6.00048956e-01,0.00000000e+00
4.30430430e+01,3.34762567e+00,4.43149797e+02,1.38897569e+06,4.81522982e+02,1.50008200e-01,2.50013667e-01,6.00032801e-01,0.00000000e+00
4.31431431e+01,3.33073565e+00,4.46773685e+02,1.37907837e+06,4.80525189e+02,1.50005398e-01,2.50008997e-01,6.00021594e-01,0.00000000e+00
4.32432432e+01,3.31393828e+00,4.50426650e+02,1.36930763e+06,4.79544816e+02,1.50003598e-01,2.50005997e-01,6.00014394e-01,0.00000000e+00
4.33433433e+01,3.29739452e+00,4.54140174e+02,1.35972997e+06,4.78583629e+02,1.50002392e-01,2.50003987e-01,6.00009570e-01,0.00000000e+00
4.34434434e+01,3.28123589e+00,4.57938198e+02,1.35039643e+06,4.77642299e+02,1.50001400e-01,2.50002334e-01,6.00005602e-01,0.00000000e+00
4.35435435e+01,3.26551223e+00,4.61840565e+02,1.34135778e+06,4.76729429e+02,1.50001507e-01,2.50002512e-01,6.00006028e-01,0.00000000e+00
4.36436436e+01,3.25023804e+00,4.65828248e+02,1.33262965e+06,4.75848050e+02,1.50003114e-01,2.50005189e-01,6.00012454e-01,0.00000000e+00
4.37437437e+01,3.23487764e+00,4.69785260e+02,1.32376687e+06,4.74935300e+02,1.50000762e-01,2.50001271e-01,6.00003049e-01,0.00000000e+00
4.38438438e+01,3.21906373e+00,4.73631389e+02,1.31464558e+06,4.73990516e+02,1.49997398e-01,2.49995663e-01,5.99989590e-01,0.00000000e+00
4.39439439e+01,3.20286914e+00,4.77370017e+02,1.30530058e+06,4.73011065e+02,1.49994143e-01,2.49990239e-01,5.99976573e-01,0.00000000e+00
4.40440440e+01,3.18654805e+00,4.81052453e+02,1.29591927e+06,4.72023681e+02,1.49991951e-01,2.49986585e-01,5.99967805e-01,0.00000000e+00
4.41441441e+01,3.17030508e+00,4.84753778e+02,1.28665100e+06,4.71052702e+02,1.49990748e-01,2.49984580e-01,5.99962991e-01,0.00000000e+00
4.42442442e+01,3.15419663e+00,4.88479558e+02,1.27748822e+06,4.70089936e+02,1.49989706e-01,2.49982843e-01,5.99958823e-01,0.00000000e+00
4.43443443e+01,3.13821952e+00,4.92224845e+02,1.26841965e+06,4.69132356e+02,1.49988693e-01,2.49981154e-01,5.99954770e-01,0.00000000e+00
4.44444444e+01,3.12236907e+00,4.95989513e+02,1.25944823e+06,4.68181428e+02,1.49987880e-01,2.49979800e-01,5.99951521e-01,0.00000000e+00
4.45445445e+01,3.10666524e+00,4.99778579e+02,1.25058685e+06,4.67238903e+02,1.49987363e-01,2.49978938e-01,5.99949452e-01,0.00000000e+00
4.46446446e+01,3.09114303e+00,5.03601638e+02,1.24185448e+06,4.66306772e+02,1.49987184e-01,2.49978640e-01,5.99948736e-01,0.00000000e+00
4.47447447e+01,3.07584733e+00,5.07476715e+02,1.23332080e+06,4.65399478e+02,1.49989084e-01,2.49981807e-01,5.99956337e-01,0.00000000e+00
4.48448448e+01,3.06074954e+00,5.11379635e+02,1.22490876e+06,4.64499131e+02,1.49991036e-01,2.49985061e-01,5.99964145e-01,0.00000000e+00
4.49449449e+01,3.04548421e+00,5.15232510e+02,1.21638941e+06,4.63579902e+02,1.49991257e-01,2.49985428e-01,5.99965028e-01,0.00000000e+00
4.50450450e+01,3.02989212e+00,5.18989495e+02,1.20766866e+06,4.62627955e+02,1.49990248e-01,2.49983747e-01,5.99960992e-01,0.00000000e+00
4.51451451e+01,3.01395869e+00,5.22634505e+02,1.19869584e+06,4.61627467e+02,1.49987245e-01,2.49978741e-01,5.99948979e-01,0.00000000e+00
4.52452452e+01,2.99790071e+00,5.26206592e+02,1.18967842e+06,4.60615462e+02,1.49985091e-01,2.49975152e-01,5.99940365e-01,0.00000000e+00
4.53453453e+01,2.98195019e+00,5.29807363e+02,1.18082894e+06,4.59634910e+02,1.49985012e-01,2.49975019e-01,5.99940046e-01,0.00000000e+00
4.54454454e+01,2.96631318e+00,5.33486404e+02,1.17222787e+06,4.58687840e+02,1.49986468e-01,2.49977447e-01,5.99945874e-01,0.00000000e+00
4.55455455e+01,2.95117588e+00,5.37274722e+02,1.16391393e+06,4.57765887e+02,1.49988034e-01,2.49980056e-01,5.99952134e-01,0.00000000e+00
4.56456456e+01,2.93657197e+00,5.41175666e+02,1.15589037e+06,4.56866796e+02,1.49989434e-01,2.49982391e-01,5.99957737e-01,0.00000000e+00
4.57457457e+01,2.92241107e+00,5.45150061e+02,1.14812946e+06,4.55991934e+02,1.49991505e-01,2.49985841e-01,5.99966019e-01,0.00000000e+00
4.58458458e+01,2.90820212e+00,5.49089465e+02,1.14030927e+06,4.55100683e+02,1.49990877e-01,2.49984795e-01,5.99963509e-01,0.00000000e+00
4.59459459e+01,2.89371995e+00,5.52936092e+02,1.13236087e+06,4.54193204e+02,1.49989891e-01,2.49983152e-01,5.99959566e-01,0.00000000e+00
4.60460460e+01,2.87900272e+00,5.56686060e+02,1.12424652e+06,4.53250366e+02,1.49987677e-01,2.49979462e-01,5.99950708e-01,0.00000000e+00
4.61461461e+01,2.86418442e+00,5.60366533e+02,1.11607270e+06,4.52289719e+02,1.49985425e-01,2.49975709e-01,5.99941702e-01,0.00000000e+00
4.62462462e+01,2.84943553e+00,5.64058667e+02,1.10802550e+06,4.51353398e+02,1.49985222e-01,2.49975370e-01,5.99940888e-01,0.00000000e+00
4.63463463e+01,2.83487216e+00,5.67802218e+02,1.10015051e+06,4.50443790e+02,1.49986540e-01,2.49977567e-01,5.99946161e-01,0.00000000e+00
4.64464464e+01,2.82061557e+00,5.71616116e+02,1.09245631e+06,4.49549842e+02,1.49988028e-01,2.49980047e-01,5.99952113e-01,0.00000000e+00
4.65465465e+01,2.80668465e+00,5.75502193e+02,1.08494458e+06,4.48669937e+02,1.49989629e-01,2.49982715e-01,5.99958516e-01,0.00000000e+00
4.66466466e+01,2.79299893e+00,5.79433965e+02,1.07757217e+06,4.47799589e+02,1.49991335e-01,2.49985558e-01,5.99965339e-01,0.00000000e+00
4.67467467e+01,2.77923402e+00,5.83342988e+02,1.07015794e+06,4.46919781e+02,1.49991776e-01,2.49986293e-01,5.99967103e-01,0.00000000e+00
4.68468468e+01,2.76528066e+00,5.87200832e+02,1.06267400e+06,4.46031454e+02,1.49992525e-01,2.49987542e-01,5.99970100e-01,0.00000000e+00
4.69469469e+01,2.75111123e+00,5.90995045e+02,1.05508207e+06,4.45123679e+02,1.49993231e-01,2.49988719e-01,5.99972925e-01,0.00000000e+00
4.70470470e+01,2.73669931e+00,5.94715954e+02,1.04735928e+06,4.44191620e+02,1.49993524e-01,2.49989206e-01,5.99974095e-01,0.00000000e+00
4.71471471e+01,2.72204352e+00,5.98361166e+02,1.03948881e+06,4.43229774e+02,1.49992690e-01,2.49987817e-01,5.99970761e-01,0.00000000e+00
4.72472472e+01,2.70720455e+00,6.01938088e+02,1.03148980e+06,4.42236844e+02,1.49990312e-01,2.49983854e-01,5.99961249e-01,0.00000000e+00
4.73473473e+01,2.69234271e+00,6.05497297e+02,1.02353333e+06,4.41250379e+02,1.49989488e-01,2.49982479e-01,5.99957950e-01,0.00000000e+00
4.74474474e+01,2.67758470e+00,6.09106158e+02,1.01573422e+06,4.40297221e+02,1.49990996e-01,2.49984993e-01,5.99963983e-01,0.00000000e+00
4.75475475e+01,2.66311364e+00,6.12804992e+02,1.00814390e+06,4.39372972e+02,1.49993954e-01,2.49989924e-01,5.99975818e-01,0.00000000e+00
4.76476476e+01,2.64908609e+00,6.16621540e+02,1.00078471e+06,4.38467704e+02,1.49996542e-01,2.49994237e-01,5.99986169e-01,0.00000000e+00
4.77477477e+01,2.63553039e+00,6.20551174e+02,9.93634823e+05,4.37571547e+02,1.49997482e-01,2.49995803e-01,5.99989926e-01,0.00000000e+00
4.78478478e+01,2.62234611e+00,6.24565898e+02,9.86689829e+05,4.36693951e+02,1.49998781e-01,2.49997968e-01,5.99995123e-01,0.00000000e+00
4.79479479e+01,2.60925582e+00,6.28600806e+02,9.79786229e+05,4.35813815e+02,1.49998855e-01,2.49998091e-01,5.99995419e-01,0.00000000e+00
4.80480480e+01,2.59596318e+00,6.32588086e+02,9.72828719e+05,4.34933746e+02,1.49999225e-01,2.49998708e-01,5.99996900e-01,0.00000000e+00
4.81481481e+01,2.58247839e+00,6.36515020e+02,9.65797365e+05,4.34041903e+02,1.50000231e-01,2.50000385e-01,6.00000924e-01,0.00000000e+00
4.82482482e+01,2.56879137e+00,6.40362780e+02,9.58666494e+05,4.33129933e+02,1.50001217e-01,2.50002029e-01,6.00004869e-01,0.00000000e+00
4.83483483e+01,2.55488729e+00,6.44124858e+02,9.51431344e+05,4.32197781e+02,1.50002135e-01,2.50003559e-01,6.00008541e-01,0.00000000e+00
4.84484484e+01,2.54079047e+00,6.47794784e+02,9.44031346e+05,4.31223148e+02,1.49999483e-01,2.49999139e-01,5.99997934e-01,0.00000000e+00
4.85485485e+01,2.52669848e+00,6.51386982e+02,9.36601422e+05,4.30225506e+02,1.49995940e-01,2.49993234e-01,5.99983761e-01,0.00000000e+00
4.86486486e+01,2.51266381e+00,6.54971212e+02,9.29308952e+05,4.29261847e+02,1.49995321e-01,2.49992202e-01,5.99981285e-01,0.00000000e+00
4.87487487e+01,2.49885004e+00,6.58621546e+02,9.22253646e+05,4.28348877e+02,1.49998467e-01,2.49997444e-01,5.99993867e-01,0.00000000e+00
4.88488488e+01,2.48542217e+00,6.62378121e+02,9.15435611e+05,4.27467182e+02,1.50002716e-01,2.50004526e-01,6.00010862e-01,0.00000000e+00
4.89489489e+01,2.47248469e+00,6.66260474e+02,9.08808172e+05,4.26587678e+02,1.50004598e-01,2.50007664e-01,6.00018394e-01,0.00000000e+00
4.90490490e+01,2.45990786e+00,6.70232767e+02,9.02330894e+05,4.25710336e+02,1.50005457e-01,2.50009095e-01,6.00021828e-01,0.00000000e+00
4.91491491e+01,2.44727357e+00,6.74197817e+02,8.95814140e+05,4.24821427e+02,1.50004140e-01,2.50006900e-01,6.00016559e-01,0.00000000e+00
4.92492492e+01,2.43439172e+00,6.78121224e+02,8.89226760e+05,4.23930086e+02,1.50003740e-01,2.50006234e-01,6.00014961e-01,0.00000000e+00
4.93493493e+01,2.42120539e+00,6.82036117e+02,8.82487794e+05,4.23010265e+02,1.50003169e-01,2.50005282e-01,6.00012677e-01,0.00000000e+00
4.94494494e+01,2.40761459e+00,6.85982340e+02,8.75535725e+05,4.22050561e+02,1.50001875e-01,2.50003125e-01,6.00007501e-01,0.00000000e+00
4.95495495e+01,2.39357982e+00,6.90007538e+02,8.68372511e+05,4.21055714e+02,1.50000550e-01,2.50000917e-01,6.00002201e-01,0.00000000e+00
4.96496496e+01,2.37902842e+00,6.94214310e+02,8.61039348e+05,4.20046369e+02,1.50003157e-01,2.50005262e-01,6.00012628e-01,0.00000000e+00
4.97497497e+01,2.36348645e+00,6.98804925e+02,8.53235727e+05,4.18958976e+02,1.50009472e-01,2.50015787e-01,6.00037888e-01,0.00000000e+00
4.98498498e+01,2.34796083e+00,7.03599748e+02,8.45385768e+05,4.17859511e+02,1.50005802e-01,2.50009671e-01,6.00023209e-01,0.00000000e+00
4.99499499e+01,2.33713658e+00,7.07207386e+02,8.39890760e+05,9.93622293e+01,8.68726319e-01,1.31273681e-01,0.00000000e+00,0.00000000e+00
5.00500501e+01,2.33266864e+00,7.08918188e+02,8.37567076e+05,1.24553337e+03,0.00000000e+00,2.30000000e-01,7.70000576e-01,0.00000000e+00
5.01501502e+01,2.32089258e+00,7.12635603e+02,8.31668301e+05,1.24303664e+03,0.00000000e+00,2.30000000e-01,7.70000579e-01,0.00000000e+00
5.02502503e+01,2.30823955e+00,7.16531795e+02,8.25334899e+05,1.24033292e+03,0.00000000e+00,2.30000000e-01,7.70000316e-01,0.00000000e+00
5.03503504e+01,2.29541512e+00,7.20442056e+02,8.18915099e+05,1.23756117e+03,0.00000000e+00,2.30000000e-01,7.70000101e-01,0.00000000e+00
5.04504505e+01,2.28265464e+00,7.24269122e+02,8.12525327e+05,1.23476886e+03,0.00000000e+00,2.30000000e-01,7.70000241e-01,0.00000000e+00
5.05505506e+01,2.26994784e+00,7.28046069e+02,8.06200032e+05,1.23201561e+03,0.00000000e+00,2.30000000e-01,7.69999557e-01,0.00000000e+00
5.06506507e+01,2.25753634e+00,7.31855196e+02,8.00030610e+05,1.22930897e+03,0.00000000e+00,2.30000000e-01,7.69999742e-01,0.00000000e+00
5.07507508e+01,2.24536645e+00,7.35695310e+02,7.93984030e+05,1.22663014e+03,0.00000000e+00,2.30000000e-01,7.69999969e-01,0.00000000e+00
5.08508509e+01,2.23331540e+00,7.39546661e+02,7.88011562e+05,1.22397224e+03,0.00000000e+00,2.30000000e-01,7.70000091e-01,0.00000000e+00
5.09509510e+01,2.22132699e+00,7.43400421e+02,7.82087896e+05,1.22132732e+03,0.00000000e+00,2.30000000e-01,7.70000172e-01,0.00000000e+00
5.10510511e+01,2.20933413e+00,7.47241457e+02,7.76187512e+05,1.21869285e+03,0.00000000e+00,2.30000000e-01,7.70000150e-01,0.00000000e+00
5.11511512e+01,2.19728050e+00,7.51055216e+02,7.70288058e+05,1.21606475e+03,0.00000000e+00,2.30000000e-01,7.70000097e-01,0.00000000e+00
5.12512513e+01,2.18514235e+00,7.54827639e+02,7.64366877e+05,1.21342012e+03,0.00000000e+00,2.30000000e-01,7.70000035e-01,0.00000000e+00
5.13513514e+01,2.17292110e+00,7.58549357e+02,7.58410609e+05,1.21073572e+03,0.00000000e+00,2.30000000e-01,7.70000378e-01,0.00000000e+00
5.14514515e+01,2.16065978e+00,7.62227764e+02,7.52429293e+05,1.20800442e+03,0.00000000e+00,2.30000000e-01,7.69999695e-01,0.00000000e+00
5.15515516e+01,2.14864090e+00,7.65961855e+02,7.46575945e+05,1.20531172e+03,0.00000000e+00,2.30000000e-01,7.69999680e-01,0.00000000e+00
5.16516517e+01,2.13692026e+00,7.69775514e+02,7.40880314e+05,1.20267675e+03,0.00000000e+00,2.30000000e-01,7.69999784e-01,0.00000000e+00
5.17517518e+01,2.12538854e+00,7.73636585e+02,7.35293457e+05,1.20008358e+03,0.00000000e+00,2.30000000e-01,7.69999897e-01,0.00000000e+00
5.18518519e+01,2.11397429e+00,7.77521672e+02,7.29778673e+05,1.19751385e+03,0.00000000e+00,2.30000000e-01,7.70000005e-01,0.00000000e+00
5.19519520e+01,2.10264480e+00,7.81417196e+02,7.24313879e+05,1.19495055e+03,0.00000000e+00,2.30000000e-01,7.70000086e-01,0.00000000e+00
5.20520521e+01,2.09137638e+00,7.85313283e+02,7.18883158e+05,1.19238126e+03,0.00000000e+00,2.30000000e-01,7.70000107e-01,0.00000000e+00
5.21521522e+01,2.08013108e+00,7.89200032e+02,7.13472758e+05,1.18980486e+03,0.00000000e+00,2.30000000e-01,7.70000075e-01,0.00000000e+00
5.22522523e+01,2.06888334e+00,7.93070017e+02,7.08072795e+05,1.18721932e+03,0.00000000e+00,2.30000000e-01,7.70000072e-01,0.00000000e+00
5.23523524e+01,2.05761392e+00,7.96914369e+02,7.02670779e+05,1.18461454e+03,0.00000000e+00,2.30000000e-01,7.70000058e-01,0.00000000e+00
5.24524525e+01,2.04630134e+00,8.00727856e+02,6.97260527e+05,1.18199208e+03,0.00000000e+00,2.30000000e-01,7.70000007e-01,0.00000000e+00
5.25525526e+01,2.03493756e+00,8.04510892e+02,6.91843938e+05,1.17935937e+03,0.00000000e+00,2.30000000e-01,7.69999935e-01,0.00000000e+00
5.26526527e+01,2.02354082e+00,8.08269478e+02,6.86430809e+05,1.17672201e+03,0.00000000e+00,2.30000000e-01,7.70000005e-01,0.00000000e+00
5.27527528e+01,2.01215733e+00,8.12015731e+02,6.81040920e+05,1.17408744e+03,0.00000000e+00,2.30000000e-01,7.69999803e-01,0.00000000e+00
5.28528529e+01,2.00090210e+00,8.15782646e+02,6.75717075e+05,1.17146194e+03,0.00000000e+00,2.30000000e-01,7.69999888e-01,0.00000000e+00
5.29529530e+01,1.98978835e+00,8.19573264e+02,6.70461185e+05,1.16884213e+03,0.00000000e+00,2.30000000e-01,7.69999949e-01,0.00000000e+00
5.30530531e+01,1.97877640e+00,8.23377953e+02,6.65260639e+05,1.16622995e+03,0.00000000e+00,2.30000000e-01,7.69999994e-01,0.00000000e+00
5.31531532e+01,1.96784686e+00,8.27192402e+02,6.60108009e+05,1.16362429e+03,0.00000000e+00,2.30000000e-01,7.70000015e-01,0.00000000e+00
5.32532533e+01,1.95699133e+00,8.31015102e+02,6.55000346e+05,1.16102533e+03,0.00000000e+00,2.30000000e-01,7.70000032e-01,0.00000000e+00
5.33533534e+01,1.94619845e+00,8.34843675e+02,6.49933337e+05,1.15843255e+03,0.00000000e+00,2.30000000e-01,7.70000042e-01,0.00000000e+00
5.34534535e+01,1.93545440e+00,8.38674639e+02,6.44902014e+05,1.15584567e+03,0.00000000e+00,2.30000000e-01,7.70000043e-01,0.00000000e+00
5.35535536e+01,1.92474449e+00,8.42504667e+02,6.39901307e+05,1.15326465e+03,0.00000000e+00,2.30000000e-01,7.70000031e-01,0.00000000e+00
5.36536537e+01,1.91405557e+00,8.46332299e+02,6.34928406e+05,1.15069252e+03,0.00000000e+00,2.30000000e-01,7.70000011e-01,0.00000000e+00
5.37537538e+01,1.90338309e+00,8.50156676e+02,6.29980544e+05,1.14812723e+03,0.00000000e+00,2.30000000e-01,7.69999988e-01,0.00000000e+00
5.38538539e+01,1.89273021e+00,8.53978534e+02,6.25059533e+05,1.14557034e+03,0.00000000e+00,2.30000000e-01,7.69999972e-01,0.00000000e+00
5.39539540e+01,1.88211148e+00,8.57797194e+02,6.20167317e+05,1.14301683e+03,0.00000000e+00,2.30000000e-01,7.69999967e-01,0.00000000e+00
5.40540541e+01,1.87154103e+00,8.61613093e+02,6.15307977e+05,1.14046585e+03,0.00000000e+00,2.30000000e-01,7.69999972e-01,0.00000000e+00
5.41541542e+01,1.86103164e+00,8.65426283e+02,6.10484271e+05,1.13791496e+03,0.00000000e+00,2.30000000e-01,7.69999984e-01,0.00000000e+00
5.42542543e+01,1.85058972e+00,8.69237034e+02,6.05696618e+05,1.13536129e+03,0.00000000e+00,2.30000000e-01,7.70000000e-01,0.00000000e+00
5.43543544e+01,1.84021604e+00,8.73044734e+02,6.00945442e+05,1.13280539e+03,0.00000000e+00,2.30000000e-01,7.70000013e-01,0.00000000e+00
5.44544545e+01,1.82989801e+00,8.76852164e+02,5.96225925e+05,1.13024618e+03,0.00000000e+00,2.30000000e-01,7.70000009e-01,0.00000000e+00
5.45545546e+01,1.81962434e+00,8.80662419e+02,5.91540465e+05,1.12769539e+03,0.00000000e+00,2.30000000e-01,7.69999990e-01,0.00000000e+00
5.46546547e+01,1.80939183e+00,8.84478862e+02,5.86887320e+05,1.12515199e+03,0.00000000e+00,2.30000000e-01,7.69999973e-01,0.00000000e+00
5.47547548e+01,1.79920881e+00,8.88303123e+02,5.82269494e+05,1.12261685e+03,0.00000000e+00,2.30000000e-01,7.69999977e-01,0.00000000e+00
5.48548549e+01,1.78909368e+00,8.92131083e+02,5.77690328e+05,1.12008530e+03,0.00000000e+00,2.30000000e-01,7.69999991e-01,0.00000000e+00
5.49549550e+01,1.77904475e+00,8.95965359e+02,5.73154437e+05,1.11756777e+03,0.00000000e+00,2.30000000e-01,7.69999997e-01,0.00000000e+00
5.50550551e+01,1.76906656e+00,8.99804094e+02,5.68665767e+05,1.11506962e+03,0.00000000e+00,2.30000000e-01,7.70000015e-01,0.00000000e+00
5.51551552e+01,1.75915046e+00,9.03648330e+02,5.64212114e+05,1.11257291e+03,0.00000000e+00,2.30000000e-01,7.70000046e-01,0.00000000e+00
5.52552553e+01,1.74927842e+00,9.07497268e+02,5.59781635e+05,1.11006590e+03,0.00000000e+00,2.30000000e-01,7.70000061e-01,0.00000000e+00
5.53553554e+01,1.73942697e+00,9.11349503e+02,5.55369166e+05,1.10755328e+03,0.00000000e+00,2.30000000e-01,7.70000043e-01,0.00000000e+00
5.54554555e+01,1.72958501e+00,9.15201037e+02,5.50975460e+05,1.10504361e+03,0.00000000e+00,2.30000000e-01,7.70000015e-01,0.00000000e+00
5.55555556e+01,1.71976184e+00,9.19043242e+02,5.46602928e+05,1.10253586e+03,0.00000000e+00,2.30000000e-01,7.70000003e-01,0.00000000e+00
5.56556557e+01,1.70996896e+00,9.22868760e+02,5.42252406e+05,1.10002445e+03,0.00000000e+00,2.30000000e-01,7.70000008e-01,0.00000000e+00
5.57557558e+01,1.70020746e+00,9.26674712e+02,5.37922426e+05,1.09750576e+03,0.00000000e+00,2.30000000e-01,7.70000012e-01,0.00000000e+00
5.58558559e+01,1.69046586e+00,9.30464124e+02,5.33610216e+05,1.09498157e+03,0.00000000e+00,2.30000000e-01,7.70000005e-01,0.00000000e+00
5.59559560e+01,1.68073689e+00,9.34239362e+02,5.29314561e+05,1.09245409e+03,0.00000000e+00,2.30000000e-01,7.69999985e-01,0.00000000e+00
5.60560561e+01,1.67101703e+00,9.38005159e+02,5.25034351e+05,1.08992329e+03,0.00000000e+00,2.30000000e-01,7.69999977e-01,0.00000000e+00
5.61561562e+01,1.66132392e+00,9.41756318e+02,5.20772579e+05,1.08738387e+03,0.00000000e+00,2.30000000e-01,7.69999964e-01,0.00000000e+00
5.62562563e+01,1.65165723e+00,9.45500181e+02,5.16534716e+05,1.08484750e+03,0.00000000e+00,2.30000000e-01,7.69999956e-01,0.00000000e+00
5.63563564e+01,1.64203597e+00,9.49235292e+02,5.12327925e+05,1.08231693e+03,0.00000000e+00,2.30000000e-01,7.69999977e-01,0.00000000e+00
5.64564565e+01,1.63246956e+00,9.52961054e+02,5.08154408e+05,1.07979097e+03,0.00000000e+00,2.30000000e-01,7.69999989e-01,0.00000000e+00
5.65565566e+01,1.62295309e+00,9.56682801e+02,5.04013384e+05,1.07727150e+03,0.00000000e+00,2.30000000e-01,7.70000028e-01,0.00000000e+00
5.66566567e+01,1.61349162e+00,9.60412226e+02,4.99906284e+05,1.07475866e+03,0.00000000e+00,2.30000000e-01,7.70000022e-01,0.00000000e+00
5.67567568e+01,1.60409820e+00,9.64167250e+02,4.95839320e+05,1.07225747e+03,0.00000000e+00,2.30000000e-01,7.70000022e-01,0.00000000e+00
5.68568569e+01,1.59477012e+00,9.67957229e+02,4.91809779e+05,1.06976447e+03,0.00000000e+00,2.30000000e-01,7.69999958e-01,0.00000000e+00
5.69569570e+01,1.58552670e+00,9.71775982e+02,4.87820921e+05,1.06727412e+03,0.00000000e+00,2.30000000e-01,7.69999918e-01,0.00000000e+00
5.70570571e+01,1.57637714e+00,9.75609015e+02,4.83877549e+05,1.06479116e+03,0.00000000e+00,2.30000000e-01,7.69999965e-01,0.00000000e+00
5.71571572e+01,1.56730776e+00,9.79446004e+02,4.79975167e+05,1.06231562e+03,0.00000000e+00,2.30000000e-01,7.69999998e-01,0.00000000e+00
5.72572573e+01,1.55830763e+00,9.83284896e+02,4.76117209e+05,1.05986308e+03,0.00000000e+00,2.30000000e-01,7.69999998e-01,0.00000000e+00
5.73573574e+01,1.54937723e+00,9.87124457e+02,4.72304454e+05,1.05743564e+03,0.00000000e+00,2.30000000e-01,7.70000014e-01,0.00000000e+00
5.74574575e+01,1.54050805e+00,9.90966420e+02,4.68523041e+05,1.05500870e+03,0.00000000e+00,2.30000000e-01,7.70000050e-01,0.00000000e+00
5.75575576e+01,1.53168239e+00,9.94811192e+02,4.64760999e+05,1.05256762e+03,0.00000000e+00,2.30000000e-01,7.70000070e-01,0.00000000e+00
5.76576577e+01,1.52287657e+00,9.98658526e+02,4.61013861e+05,1.05011856e+03,0.00000000e+00,2.30000000e-01,7.70000053e-01,0.00000000e+00
5.77577578e+01,1.51407284e+00,1.00250810e+03,4.57280965e+05,1.04767220e+03,0.00000000e+00,2.30000000e-01,7.70000029e-01,0.00000000e+00
5.78578579e+01,1.50526334e+00,1.00635860e+03,4.53559969e+05,1.04522867e+03,0.00000000e+00,2.30000000e-01,7.69999996e-01,0.00000000e+00
5.79579580e+01,1.49646274e+00,1.01020087e+03,4.49854623e+05,1.04278641e+03,0.00000000e+00,2.30000000e-01,7.69999996e-01,0.00000000e+00
5.80580581e+01,1.48768687e+00,1.01402470e+03,4.46168702e+05,1.04034325e+03,0.00000000e+00,2.30000000e-01,7.69999999e-01,0.00000000e+00
5.81581582e+01,1.47894127e+00,1.01782607e+03,4.42504256e+05,1.03790022e+03,0.00000000e+00,2.30000000e-01,7.70000000e-01,0.00000000e+00
5.82582583e+01,1.47022788e+00,1.02160297e+03,4.38863249e+05,1.03546075e+03,0.00000000e+00,2.30000000e-01,7.69999994e-01,0.00000000e+00
5.83583584e+01,1.46154791e+00,1.02535505e+03,4.35246516e+05,1.03302621e+03,0.00000000e+00,2.30000000e-01,7.69999970e-01,0.00000000e+00
5.84584585e+01,1.45289958e+00,1.02908896e+03,4.31654692e+05,1.03059962e+03,0.00000000e+00,2.30000000e-01,7.69999932e-01,0.00000000e+00
5.85585586e+01,1.44428390e+00,1.03281796e+03,4.28085059e+05,1.02817401e+03,0.00000000e+00,2.30000000e-01,7.69999913e-01,0.00000000e+00
5.86586587e+01,1.43571252e+00,1.03655228e+03,4.24542506e+05,1.02575297e+03,0.00000000e+00,2.30000000e-01,7.69999978e-01,0.00000000e+00
5.87587588e+01,1.42716804e+00,1.04031113e+03,4.21018742e+05,1.02332912e+03,0.00000000e+00,2.30000000e-01,7.70000146e-01,0.00000000e+00
5.88588589e+01,1.41864018e+00,1.04410290e+03,4.17510675e+05,1.02090282e+03,0.00000000e+00,2.30000000e-01,7.70000015e-01,0.00000000e+00
5.89589590e+01,1.41018482e+00,1.04791941e+03,4.14032228e+05,1.01846765e+03,0.00000000e+00,2.30000000e-01,7.69999894e-01,0.00000000e+00
5.90590591e+01,1.40182879e+00,1.05174545e+03,4.10591117e+05,1.01602334e+03,0.00000000e+00,2.30000000e-01,7.69999938e-01,0.00000000e+00
5.91591592e+01,1.39356282e+00,1.05556400e+03,4.07189928e+05,1.01358355e+03,0.00000000e+00,2.30000000e-01,7.70000002e-01,0.00000000e+00
5.92592593e+01,1.38536620e+00,1.05937492e+03,4.03827467e+05,1.01116107e+03,0.00000000e+00,2.30000000e-01,7.70000010e-01,0.00000000e+00
5.93593594e+01,1.37722936e+00,1.06318267e+03,4.00504158e+05,1.00876461e+03,0.00000000e+00,2.30000000e-01,7.70000004e-01,0.00000000e+00
5.94594595e+01,1.36914810e+00,1.06698899e+03,3.97214711e+05,1.00638457e+03,0.00000000e+00,2.30000000e-01,7.70000017e-01,0.00000000e+00
5.95595596e+01,1.36111757e+00,1.07079374e+03,3.93950513e+05,1.00400319e+03,0.00000000e+00,2.30000000e-01,7.70000042e-01,0.00000000e+00
5.96596597e+01,1.35312821e+00,1.07459508e+03,3.90706481e+05,1.00161477e+03,0.00000000e+00,2.30000000e-01,7.70000060e-01,0.00000000e+00
5.97597598e+01,1.34516772e+00,1.07838916e+03,3.87480757e+05,9.99223774e+02,0.00000000e+00,2.30000000e-01,7.70000054e-01,0.00000000e+00
5.98598599e+01,1.33722094e+00,1.08217558e+03,3.84272979e+05,9.96840664e+02,0.00000000e+00,2.30000000e-01,7.70000028e-01,0.00000000e+00
5.99599600e+01,1.32927508e+00,1.08595808e+03,3.81080770e+05,9.94468991e+02,0.00000000e+00,2.30000000e-01,7.70000010e-01,0.00000000e+00
6.00600601e+01,1.32133349e+00,1.08973153e+03,3.77903476e+05,9.92104712e+02,0.00000000e+00,2.30000000e-01,7.70000028e-01,0.00000000e+00
6.01601602e+01,1.31337501e+00,1.09350707e+03,3.74731358e+05,9.89738245e+02,0.00000000e+00,2.30000000e-01,7.70000033e-01,0.00000000e+00
6.02602603e+01,1.30537499e+00,1.09729819e+03,3.71553430e+05,9.87358710e+02,0.00000000e+00,2.30000000e-01,7.70000240e-01,0.00000000e+00
6.03603604e+01,1.29734460e+00,1.10110681e+03,3.68375255e+05,9.84972937e+02,0.00000000e+00,2.30000000e-01,7.69999737e-01,0.00000000e+00
6.04604605e+01,1.28943818e+00,1.10491722e+03,3.65239714e+05,9.82577140e+02,0.00000000e+00,2.30000000e-01,7.69999756e-01,0.00000000e+00
6.05605606e+01,1.28168137e+00,1.10871016e+03,3.62158376e+05,9.80183885e+02,0.00000000e+00,2.30000000e-01,7.69999964e-01,0.00000000e+00
6.06606607e+01,1.27400293e+00,1.11248998e+03,3.59127380e+05,9.77838585e+02,0.00000000e+00,2.30000000e-01,7.70000003e-01,0.00000000e+00
6.07607608e+01,1.26637198e+00,1.11627318e+03,3.56131886e+05,9.75525538e+02,0.00000000e+00,2.30000000e-01,7.70000010e-01,0.00000000e+00
6.08608609e+01,1.25877438e+00,1.12007224e+03,3.53156810e+05,9.73214964e+02,0.00000000e+00,2.30000000e-01,7.69999987e-01,0.00000000e+00
6.09609610e+01,1.25122247e+00,1.12387937e+03,3.50205188e+05,9.70905846e+02,0.00000000e+00,2.30000000e-01,7.70000010e-01,0.00000000e+00
6.10610611e+01,1.24372117e+00,1.12768509e+03,3.47273332e+05,9.68584394e+02,0.00000000e+00,2.30000000e-01,7.70000043e-01,0.00000000e+00
6.11611612e+01,1.23625599e+00,1.13149300e+03,3.44355373e+05,9.66245554e+02,0.00000000e+00,2.30000000e-01,7.70000062e-01,0.00000000e+00
6.12612613e+01,1.22882155e+00,1.13529391e+03,3.41452312e+05,9.63896260e+02,0.00000000e+00,2.30000000e-01,7.70000055e-01,0.00000000e+00
6.13613614e+01,1.22139718e+00,1.13909412e+03,3.38562389e+05,9.61547761e+02,0.00000000e+00,2.30000000e-01,7.70000040e-01,0.00000000e+00
6.14614615e+01,1.21396989e+00,1.14289677e+03,3.35682512e+05,9.59201528e+02,0.00000000e+00,2.30000000e-01,7.70000041e-01,0.00000000e+00
6.15615616e+01,1.20652473e+00,1.14670694e+03,3.32806484e+05,9.56851730e+02,0.00000000e+00,2.30000000e-01,7.69999964e-01,0.00000000e+00
6.16616617e+01,1.19906882e+00,1.15052559e+03,3.29936347e+05,9.54497975e+02,0.00000000e+00,2.30000000e-01,7.70000271e-01,0.00000000e+00
6.17617618e+01,1.19165945e+00,1.15430963e+03,3.27096581e+05,9.52166820e+02,0.00000000e+00,2.30000000e-01,7.69999733e-01,0.00000000e+00
6.18618619e+01,1.18437877e+00,1.15808446e+03,3.24300561e+05,9.49830815e+02,0.00000000e+00,2.30000000e-01,7.69999802e-01,0.00000000e+00
6.19619620e+01,1.17721062e+00,1.16184886e+03,3.21545624e+05,9.47496308e+02,0.00000000e+00,2.30000000e-01,7.69999968e-01,0.00000000e+00
6.20620621e+01,1.17010162e+00,1.16560884e+03,3.18828966e+05,9.45199033e+02,0.00000000e+00,2.30000000e-01,7.69999999e-01,0.00000000e+00
6.21621622e+01,1.16303273e+00,1.16937475e+03,3.16143567e+05,9.42934421e+02,0.00000000e+00,2.30000000e-01,7.70000009e-01,0.00000000e+00
6.22622623e+01,1.15599157e+00,1.17315671e+03,3.13472943e+05,9.40663877e+02,0.00000000e+00,2.30000000e-01,7.70000016e-01,0.00000000e+00
6.23623624e+01,1.14896485e+00,1.17696510e+03,3.10803147e+05,9.38356234e+02,0.00000000e+00,2.30000000e-01,7.70000005e-01,0.00000000e+00
6.24624625e+01,1.14197296e+00,1.18077805e+03,3.08154894e+05,9.36057067e+02,0.00000000e+00,2.30000000e-01,7.70000006e-01,0.00000000e+00
6.25625626e+01,1.13502862e+00,1.18458073e+03,3.05534230e+05,9.33774744e+02,0.00000000e+00,2.30000000e-01,7.70000040e-01,0.00000000e+00
6.26626627e+01,1.12812478e+00,1.18837130e+03,3.02930659e+05,9.31483455e+02,0.00000000e+00,2.30000000e-01,7.70000060e-01,0.00000000e+00
6.27627628e+01,1.12123945e+00,1.19215913e+03,3.00339351e+05,9.29186573e+02,0.00000000e+00,2.30000000e-01,7.70000047e-01,0.00000000e+00
6.28628629e+01,1.11435519e+00,1.19595226e+03,2.97757110e+05,9.26888623e+02,0.00000000e+00,2.30000000e-01,7.70000069e-01,0.00000000e+00
6.29629630e+01,1.10745276e+00,1.19975651e+03,2.95176710e+05,9.24583081e+02,0.00000000e+00,2.30000000e-01,7.70000034e-01,0.00000000e+00
6.30630631e+01,1.10050287e+00,1.20359593e+03,2.92587421e+05,9.22260542e+02,0.00000000e+00,2.30000000e-01,7.69999826e-01,0.00000000e+00
6.31631632e+01,1.09358298e+00,1.20742440e+03,2.90012166e+05,9.19927436e+02,0.00000000e+00,2.30000000e-01,7.69999966e-01,0.00000000e+00
6.32632633e+01,1.08674927e+00,1.21118697e+03,2.87468946e+05,9.17594153e+02,0.00000000e+00,2.30000000e-01,7.70000051e-01,0.00000000e+00
6.33633634e+01,1.07996425e+00,1.21491217e+03,2.84956001e+05,9.15287440e+02,0.00000000e+00,2.30000000e-01,7.70000014e-01,0.00000000e+00
6.34634635e+01,1.07318006e+00,1.21864929e+03,2.82453305e+05,9.12984000e+02,0.00000000e+00,2.30000000e-01,7.69999954e-01,0.00000000e+00
6.35635636e+01,1.06639846e+00,1.22240954e+03,2.79956936e+05,9.10669628e+02,0.00000000e+00,2.30000000e-01,7.69999894e-01,0.00000000e+00
6.36636637e+01,1.05966071e+00,1.22616881e+03,2.77485143e+05,9.08368201e+02,0.00000000e+00,2.30000000e-01,7.70000142e-01,0.00000000e+00
6.37637638e+01,1.05295162e+00,1.22994199e+03,2.75026653e+05,9.06056850e+02,0.00000000e+00,2.30000000e-01,7.70000001e-01,0.00000000e+00
6.38638639e+01,1.04630819e+00,1.23371657e+03,2.72594648e+05,9.03746954e+02,0.00000000e+00,2.30000000e-01,7.69999856e-01,0.00000000e+00
6.39639640e+01,1.03976661e+00,1.23745187e+03,2.70213803e+05,9.01489623e+02,0.00000000e+00,2.30000000e-01,7.70000021e-01,0.00000000e+00
6.40640641e+01,1.03329182e+00,1.24115023e+03,2.67857417e+05,8.99227807e+02,0.00000000e+00,2.30000000e-01,7.70000080e-01,0.00000000e+00
6.41641642e+01,1.02683643e+00,1.24484988e+03,2.65509108e+05,8.96947883e+02,0.00000000e+00,2.30000000e-01,7.70000058e-01,0.00000000e+00
6.42642643e+01,1.02038153e+00,1.24856058e+03,2.63166251e+05,8.94657224e+02,0.00000000e+00,2.30000000e-01,7.70000022e-01,0.00000000e+00
6.43643644e+01,1.01392470e+00,1.25228036e+03,2.60829588e+05,8.92360287e+02,0.00000000e+00,2.30000000e-01,7.70000000e-01,0.00000000e+00
6.44644645e+01,1.00747478e+00,1.25599823e+03,2.58505536e+05,8.90070877e+02,0.00000000e+00,2.30000000e-01,7.70000345e-01,0.00000000e+00
6.45645646e+01,1.00104435e+00,1.25971365e+03,2.56208000e+05,8.87827383e+02,0.00000000e+00,2.30000000e-01,7.69999799e-01,0.00000000e+00
6.46646647e+01,9.94703795e-01,1.26345566e+03,2.53944634e+05,8.85593454e+02,0.00000000e+00,2.30000000e-01,7.69999884e-01,0.00000000e+00
6.47647648e+01,9.88450464e-01,1.26721105e+03,2.51711550e+05,8.83359137e+02,0.00000000e+00,2.30000000e-01,7.70000020e-01,0.00000000e+00
6.48648649e+01,9.82262781e-01,1.27097905e+03,2.49507027e+05,8.81138651e+02,0.00000000e+00,2.30000000e-01,7.69999823e-01,0.00000000e+00
6.49649650e+01,9.76148663e-01,1.27475335e+03,2.47337640e+05,8.78948319e+02,0.00000000e+00,2.30000000e-01,7.69999975e-01,0.00000000e+00
6.50650651e+01,9.70068505e-01,1.27854574e+03,2.45192225e+05,8.76785403e+02,0.00000000e+00,2.30000000e-01,7.70000131e-01,0.00000000e+00
6.51651652e+01,9.63992121e-01,1.28238951e+03,2.43050358e+05,8.74604879e+02,0.00000000e+00,2.30000000e-01,7.69999922e-01,0.00000000e+00
6.52652653e+01,9.57963784e-01,1.28625677e+03,2.40919996e+05,8.72394415e+02,0.00000000e+00,2.30000000e-01,7.69999912e-01,0.00000000e+00
6.53653654e+01,9.51997095e-01,1.29011241e+03,2.38811899e+05,8.70180653e+02,0.00000000e+00,2.30000000e-01,7.69999992e-01,0.00000000e+00
6.54654655e+01,9.46081450e-01,1.29394910e+03,2.36733986e+05,8.68002869e+02,0.00000000e+00,2.30000000e-01,7.70000005e-01,0.00000000e+00
6.55655656e+01,9.40210352e-01,1.29777160e+03,2.34685720e+05,8.65866038e+02,0.00000000e+00,2.30000000e-01,7.70000024e-01,0.00000000e+00
6.56656657e+01,9.34377733e-01,1.30158262e+03,2.32656627e+05,8.63737951e+02,0.00000000e+00,2.30000000e-01,7.70000055e-01,0.00000000e+00
6.57657658e+01,9.28571497e-01,1.30538651e+03,2.30639753e+05,8.61604325e+02,0.00000000e+00,2.30000000e-01,7.70000057e-01,0.00000000e+00
6.58658659e+01,9.22777374e-01,1.30919022e+03,2.28633264e+05,8.59471623e+02,0.00000000e+00,2.30000000e-01,7.70000038e-01,0.00000000e+00
6.59659660e+01,9.16985453e-01,1.31299905e+03,2.26634499e+05,8.57339111e+02,0.00000000e+00,2.30000000e-01,7.70000042e-01,0.00000000e+00
6.60660661e+01,9.11187754e-01,1.31681541e+03,2.24639997e+05,8.55201146e+02,0.00000000e+00,2.30000000e-01,7.70000037e-01,0.00000000e+00
6.61661662e+01,9.05366225e-01,1.32065712e+03,2.22642369e+05,8.53046426e+02,0.00000000e+00,2.30000000e-01,7.69999862e-01,0.00000000e+00
6.62662663e+01,8.99560031e-01,1.32449759e+03,2.20654626e+05,8.50887190e+02,0.00000000e+00,2.30000000e-01,7.69999960e-01,0.00000000e+00
6.63663664e+01,8.93820304e-01,1.32827007e+03,2.18693973e+05,8.48741924e+02,0.00000000e+00,2.30000000e-01,7.70000051e-01,0.00000000e+00
6.64664665e+01,8.88118658e-01,1.33200392e+03,2.16750383e+05,8.46599352e+02,0.00000000e+00,2.30000000e-01,7.70000064e-01,0.00000000e+00
6.65665666e+01,8.82425935e-01,1.33572788e+03,2.14813917e+05,8.44448571e+02,0.00000000e+00,2.30000000e-01,7.70000058e-01,0.00000000e+00
6.66666667e+01,8.76729047e-01,1.33944888e+03,2.12880599e+05,8.42286320e+02,0.00000000e+00,2.30000000e-01,7.70000048e-01,0.00000000e+00
6.67667668e+01,8.71017984e-01,1.34317143e+03,2.10947574e+05,8.40110647e+02,0.00000000e+00,2.30000000e-01,7.70000011e-01,0.00000000e+00
6.68668669e+01,8.65284741e-01,1.34690503e+03,2.09012375e+05,8.37918959e+02,0.00000000e+00,2.30000000e-01,7.70000042e-01,0.00000000e+00
6.69669670e+01,8.59528430e-01,1.35066592e+03,2.07072654e+05,8.35702408e+02,0.00000000e+00,2.30000000e-01,7.69999845e-01,0.00000000e+00
6.70670671e+01,8.53829446e-01,1.35440504e+03,2.05155159e+05,8.33490176e+02,0.00000000e+00,2.30000000e-01,7.69999795e-01,0.00000000e+00
6.71671672e+01,8.48201928e-01,1.35812998e+03,2.03265895e+05,8.31293372e+02,0.00000000e+00,2.30000000e-01,7.70000053e-01,0.00000000e+00
6.72672673e+01,8.42595565e-01,1.36187374e+03,2.01390567e+05,8.29104080e+02,0.00000000e+00,2.30000000e-01,7.69999964e-01,0.00000000e+00
6.73673674e+01,8.37016246e-01,1.36563885e+03,1.99525437e+05,8.26900880e+02,0.00000000e+00,2.30000000e-01,7.70000019e-01,0.00000000e+00
6.74674675e+01,8.31477234e-01,1.36939564e+03,1.97676814e+05,8.24696986e+02,0.00000000e+00,2.30000000e-01,7.70000094e-01,0.00000000e+00
6.75675676e+01,8.25981774e-01,1.37314081e+03,1.95850389e+05,8.22513475e+02,0.00000000e+00,2.30000000e-01,7.70000074e-01,0.00000000e+00
6.76676677e+01,8.20541760e-01,1.37687455e+03,1.94046455e+05,8.20340469e+02,0.00000000e+00,2.30000000e-01,7.69999926e-01,0.00000000e+00
6.77677678e+01,8.15171445e-01,1.38058937e+03,1.92264639e+05,8.18162565e+02,0.00000000e+00,2.30000000e-01,7.69999851e-01,0.00000000e+00
6.78678679e+01,8.09862867e-01,1.38428175e+03,1.90508235e+05,8.16002231e+02,0.00000000e+00,2.30000000e-01,7.70000001e-01,0.00000000e+00
6.79679680e+01,8.04583259e-01,1.38797274e+03,1.88773226e+05,8.13876443e+02,0.00000000e+00,2.30000000e-01,7.70000016e-01,0.00000000e+00
6.80680681e+01,7.99315958e-01,1.39168720e+03,1.87047493e+05,8.11750356e+02,0.00000000e+00,2.30000000e-01,7.70000003e-01,0.00000000e+00
6.81681682e+01,7.94052948e-01,1.39543888e+03,1.85321021e+05,8.09588351e+02,0.00000000e+00,2.30000000e-01,7.70000115e-01,0.00000000e+00
6.82682683e+01,7.88800353e-01,1.39921693e+03,1.83600830e+05,8.07414635e+02,0.00000000e+00,2.30000000e-01,7.70000015e-01,0.00000000e+00
6.83683684e+01,7.83583987e-01,1.40300478e+03,1.81895753e+05,8.05241495e+02,0.00000000e+00,2.30000000e-01,7.69999867e-01,0.00000000e+00
6.84684685e+01,7.78413967e-01,1.40679491e+03,1.80203472e+05,8.03048164e+02,0.00000000e+00,2.30000000e-01,7.70000047e-01,0.00000000e+00
6.85685686e+01,7.73284676e-01,1.41056715e+03,1.78529607e+05,8.00865953e+02,0.00000000e+00,2.30000000e-01,7.70000212e-01,0.00000000e+00
6.86686687e+01,7.68212459e-01,1.41429830e+03,1.76887514e+05,7.98739207e+02,0.00000000e+00,2.30000000e-01,7.69999799e-01,0.00000000e+00
6.87687688e+01,7.63220375e-01,1.41799218e+03,1.75276380e+05,7.96640820e+02,0.00000000e+00,2.30000000e-01,7.69999919e-01,0.00000000e+00
6.88688689e+01,7.58276348e-01,1.42166345e+03,1.73684733e+05,7.94553619e+02,0.00000000e+00,2.30000000e-01,7.70000014e-01,0.00000000e+00
6.89689690e+01,7.53352352e-01,1.42534191e+03,1.72106307e+05,7.92478907e+02,0.00000000e+00,2.30000000e-01,7.70000014e-01,0.00000000e+00
6.90690691e+01,7.48441310e-01,1.42904027e+03,1.70537063e+05,7.90405732e+02,0.00000000e+00,2.30000000e-01,7.70000061e-01,0.00000000e+00
6.91691692e+01,7.43548729e-01,1.43275389e+03,1.68976064e+05,7.88324185e+02,0.00000000e+00,2.30000000e-01,7.69999961e-01,0.00000000e+00
6.92692693e+01,7.38690706e-01,1.43646927e+03,1.67430707e+05,7.86251666e+02,0.00000000e+00,2.30000000e-01,7.69999950e-01,0.00000000e+00
6.93693694e+01,7.33858106e-01,1.44019552e+03,1.65902741e+05,7.84206695e+02,0.00000000e+00,2.30000000e-01,7.69999999e-01,0.00000000e+00
6.94694695e+01,7.29041999e-01,1.44393895e+03,1.64386297e+05,7.82171765e+02,0.00000000e+00,2.30000000e-01,7.70000025e-01,0.00000000e+00
6.95695696e+01,7.24234440e-01,1.44770985e+03,1.62872679e+05,7.80114104e+02,0.00000000e+00,2.30000000e-01,7.70000038e-01,0.00000000e+00
6.96696697e+01,7.19420922e-01,1.45152961e+03,1.61355425e+05,7.78017690e+02,0.00000000e+00,2.30000000e-01,7.70000261e-01,0.00000000e+00
6.97697698e+01,7.14614584e-01,1.45537517e+03,1.59840547e+05,7.75897379e+02,0.00000000e+00,2.30000000e-01,7.69999724e-01,0.00000000e+00
6.98698699e+01,7.09870397e-01,1.45920591e+03,1.58352807e+05,7.73812474e+02,0.00000000e+00,2.30000000e-01,7.70000120e-01,0.00000000e+00
6.99699700e+01,7.05168190e-01,1.46301368e+03,1.56879865e+05,7.71726779e+02,0.00000000e+00,2.30000000e-01,7.70000006e-01,0.00000000e+00
7.00700701e+01,7.00515654e-01,1.46680591e+03,1.55424848e+05,7.69647331e+02,0.00000000e+00,2.30000000e-01,7.69999822e-01,0.00000000e+00
7.01701702e+01,6.95929255e-01,1.47055015e+03,1.54004214e+05,7.67638205e+02,0.00000000e+00,2.30000000e-01,7.70000020e-01,0.00000000e+00
7.02702703e+01,6.91379269e-01,1.47426236e+03,1.52600902e+05,7.65649166e+02,0.00000000e+00,2.30000000e-01,7.70000034e-01,0.00000000e+00
7.03703704e+01,6.86838343e-01,1.47799259e+03,1.51202017e+05,7.63646086e+02,0.00000000e+00,2.30000000e-01,7.70000007e-01,0.00000000e+00
7.04704705e+01,6.82319608e-01,1.48171088e+03,1.49813879e+05,7.61646169e+02,0.00000000e+00,2.30000000e-01,7.70000032e-01,0.00000000e+00
7.05705706e+01,6.77816873e-01,1.48542298e+03,1.48434137e+05,7.59644679e+02,0.00000000e+00,2.30000000e-01,7.69999995e-01,0.00000000e+00
7.06706707e+01,6.73317470e-01,1.48915731e+03,1.47055966e+05,7.57620768e+02,0.00000000e+00,2.30000000e-01,7.69999946e-01,0.00000000e+00
7.07707708e+01,6.68842770e-01,1.49288155e+03,1.45689255e+05,7.55601100e+02,0.00000000e+00,2.30000000e-01,7.69999963e-01,0.00000000e+00
7.08708709e+01,6.64419891e-01,1.49654317e+03,1.44345938e+05,7.53617529e+02,0.00000000e+00,2.30000000e-01,7.70000065e-01,0.00000000e+00
7.09709710e+01,6.60030678e-01,1.50016352e+03,1.43016518e+05,7.51642137e+02,0.00000000e+00,2.30000000e-01,7.70000086e-01,0.00000000e+00
7.10710711e+01,6.55650492e-01,1.50377866e+03,1.41692714e+05,7.49659716e+02,0.00000000e+00,2.30000000e-01,7.70000076e-01,0.00000000e+00
7.11711712e+01,6.51267650e-01,1.50739867e+03,1.40371509e+05,7.47667534e+02,0.00000000e+00,2.30000000e-01,7.70000042e-01,0.00000000e+00
7.12712713e+01,6.46873620e-01,1.51103347e+03,1.39050199e+05,7.45660767e+02,0.00000000e+00,2.30000000e-01,7.69999915e-01,0.00000000e+00
7.13713714e+01,6.42486513e-01,1.51465912e+03,1.37735663e+05,7.43654814e+02,0.00000000e+00,2.30000000e-01,7.70000168e-01,0.00000000e+00
7.14714715e+01,6.38111450e-01,1.51826631e+03,1.36430356e+05,7.41657750e+02,0.00000000e+00,2.30000000e-01,7.70000037e-01,0.00000000e+00
7.15715716e+01,6.33768012e-01,1.52187892e+03,1.35138987e+05,7.39672450e+02,0.00000000e+00,2.30000000e-01,7.69999960e-01,0.00000000e+00
7.16716717e+01,6.29485025e-01,1.52548469e+03,1.33867308e+05,7.37697283e+02,0.00000000e+00,2.30000000e-01,7.70000051e-01,0.00000000e+00
7.17717718e+01,6.25260347e-01,1.52907763e+03,1.32618867e+05,7.35755727e+02,0.00000000e+00,2.30000000e-01,7.69999676e-01,0.00000000e+00
7.18718719e+01,6.21096889e-01,1.53266253e+03,1.31388500e+05,7.33815816e+02,0.00000000e+00,2.30000000e-01,7.70000030e-01,0.00000000e+00
7.19719720e+01,6.16963125e-01,1.53624441e+03,1.30171656e+05,7.31890525e+02,0.00000000e+00,2.30000000e-01,7.70000395e-01,0.00000000e+00
7.20720721e+01,6.12855817e-01,1.53983350e+03,1.28965957e+05,7.29971473e+02,0.00000000e+00,2.30000000e-01,7.69999923e-01,0.00000000e+00
7.21721722e+01,6.08826849e-01,1.54338684e+03,1.27785394e+05,7.28075758e+02,0.00000000e+00,2.30000000e-01,7.69999841e-01,0.00000000e+00
7.22722723e+01,6.04868730e-01,1.54690664e+03,1.26626510e+05,7.26194083e+02,0.00000000e+00,2.30000000e-01,7.69999726e-01,0.00000000e+00
7.23723724e+01,6.00958433e-01,1.55041701e+03,1.25483486e+05,7.24321256e+02,0.00000000e+00,2.30000000e-01,7.69999983e-01,0.00000000e+00
7.24724725e+01,5.97079007e-01,1.55389801e+03,1.24355032e+05,7.22470978e+02,0.00000000e+00,2.30000000e-01,7.70000529e-01,0.00000000e+00
7.25725726e+01,5.93203422e-01,1.55739164e+03,1.23229618e+05,7.20610293e+02,0.00000000e+00,2.30000000e-01,7.70000164e-01,0.00000000e+00
7.26726727e+01,5.89370527e-01,1.56090434e+03,1.22120205e+05,7.18767495e+02,0.00000000e+00,2.30000000e-01,7.69999468e-01,0.00000000e+00
7.27727728e+01,5.85622972e-01,1.56439541e+03,1.21030283e+05,7.16910721e+02,0.00000000e+00,2.30000000e-01,7.69999885e-01,0.00000000e+00
7.28728729e+01,5.81924638e-01,1.56784145e+03,1.19953670e+05,7.15049160e+02,0.00000000e+00,2.30000000e-01,7.69999944e-01,0.00000000e+00
7.29729730e+01,5.78259219e-01,1.57125522e+03,1.18898304e+05,7.13250105e+02,0.00000000e+00,2.30000000e-01,7.70000740e-01,0.00000000e+00
7.30730731e+01,5.74624104e-01,1.57462169e+03,1.17869795e+05,7.11552921e+02,0.00000000e+00,2.30000000e-01,7.70001262e-01,0.00000000e+00
7.31731732e+01,5.71080426e-01,1.57792232e+03,1.16866347e+05,7.09874347e+02,0.00000000e+00,2.30000000e-01,7.69999536e-01,0.00000000e+00
7.32732733e+01,5.67733300e-01,1.58115892e+03,1.15891965e+05,7.08106341e+02,0.00000000e+00,2.30000000e-01,7.69999004e-01,0.00000000e+00
7.33733734e+01,5.64570975e-01,1.58427432e+03,1.14966296e+05,7.06384345e+02,0.00000000e+00,2.30000000e-01,7.70000015e-01,0.00000000e+00
7.34734735e+01,5.61534149e-01,1.58720608e+03,1.14093097e+05,7.04809773e+02,0.00000000e+00,2.30000000e-01,7.70000807e-01,0.00000000e+00
7.35735736e+01,5.58621062e-01,1.58994296e+03,1.13270693e+05,7.03378149e+02,0.00000000e+00,2.30000000e-01,7.70001030e-01,0.00000000e+00
7.36736737e+01,5.55894998e-01,1.59247111e+03,1.12514544e+05,7.02109033e+02,0.00000000e+00,2.30000000e-01,7.70000934e-01,0.00000000e+00
7.37737738e+01,5.53448811e-01,1.59474623e+03,1.11843344e+05,7.01005787e+02,0.00000000e+00,2.30000000e-01,7.70000365e-01,0.00000000e+00
7.38738739e+01,5.51363922e-01,1.59673742e+03,1.11262732e+05,7.00004318e+02,0.00000000e+00,2.30000000e-01,7.69999407e-01,0.00000000e+00
7.39739740e+01,5.49673932e-01,1.59843115e+03,1.10770548e+05,6.99050769e+02,0.00000000e+00,2.30000000e-01,7.69998942e-01,0.00000000e+00
7.40740741e+01,5.48339015e-01,1.59981563e+03,1.10363021e+05,6.98174166e+02,0.00000000e+00,2.30000000e-01,7.69999409e-01,0.00000000e+00
7.41741742e+01,5.47274585e-01,1.60089802e+03,1.10037526e+05,6.97468466e+02,0.00000000e+00,2.30000000e-01,7.70000091e-01,0.00000000e+00
7.42742743e+01,5.46419792e-01,1.60171368e+03,1.09793746e+05,6.97011858e+02,0.00000000e+00,2.30000000e-01,7.70000207e-01,0.00000000e+00
7.43743744e+01,5.45765215e-01,1.60230320e+03,1.09628208e+05,6.96795843e+02,0.00000000e+00,2.30000000e-01,7.69999983e-01,0.00000000e+00
7.44744745e+01,5.45317287e-01,1.60269322e+03,1.09527121e+05,6.96725376e+02,0.00000000e+00,2.30000000e-01,7.69999682e-01,0.00000000e+00
7.45745746e+01,5.45063492e-01,1.60291856e+03,1.09473744e+05,6.96710449e+02,0.00000000e+00,2.30000000e-01,7.69999180e-01,0.00000000e+00
7.46746747e+01,5.44963416e-01,1.60303326e+03,1.09455385e+05,6.96721403e+02,0.00000000e+00,2.30000000e-01,7.69999359e-01,0.00000000e+00
7.47747748e+01,5.44945728e-01,1.60306923e+03,1.09452344e+05,6.96724304e+02,0.00000000e+00,2.30000000e-01,7.69999851e-01,0.00000000e+00
7.48748749e+01,5.44952012e-01,1.60306894e+03,1.09455029e+05,6.96733385e+02,0.00000000e+00,2.30000000e-01,7.69999821e-01,0.00000000e+00
7.49749750e+01,5.44986041e-01,1.60304425e+03,1.09464915e+05,6.96752802e+02,0.00000000e+00,2.30000000e-01,7.69999824e-01,0.00000000e+00
7.50750751e+01,5.45068694e-01,1.60297278e+03,1.09487742e+05,6.96792406e+02,0.00000000e+00,2.30000000e-01,7.69999849e-01,0.00000000e+00
7.51751752e+01,5.45218110e-01,1.60283491e+03,1.09529207e+05,6.96865248e+02,0.00000000e+00,2.30000000e-01,7.69999872e-01,0.00000000e+00
7.52752753e+01,5.45449434e-01,1.60261458e+03,1.09594294e+05,6.96983622e+02,0.00000000e+00,2.30000000e-01,7.69999902e-01,0.00000000e+00
7.53753754e+01,5.45774413e-01,1.60229945e+03,1.09686947e+05,6.97157472e+02,0.00000000e+00,2.30000000e-01,7.69999937e-01,0.00000000e+00
7.54754755e+01,5.46200631e-01,1.60188174e+03,1.09809725e+05,6.97393180e+02,0.00000000e+00,2.30000000e-01,7.69999977e-01,0.00000000e+00
7.55755756e+01,5.46730797e-01,1.60135936e+03,1.09963483e+05,6.97692438e+02,0.00000000e+00,2.30000000e-01,7.70000026e-01,0.00000000e+00
7.56756757e+01,5.47361844e-01,1.60073655e+03,1.10147192e+05,6.98052282e+02,0.00000000e+00,2.30000000e-01,7.70000091e-01,0.00000000e+00
7.57757758e+01,5.48083832e-01,1.60002366e+03,1.10357783e+05,6.98465859e+02,0.00000000e+00,2.30000000e-01,7.69999718e-01,0.00000000e+00
7.58758759e+01,5.48827482e-01,1.59928461e+03,1.10577077e+05,6.98904955e+02,0.00000000e+00,2.30000000e-01,7.70000486e-01,0.00000000e+00
7.59759760e+01,5.49456902e-01,1.59866796e+03,1.10759905e+05,6.99258759e+02,0.00000000e+00,2.30000000e-01,7.70000241e-01,0.00000000e+00
7.60760761e+01,5.50003336e-01,1.59816218e+03,1.10912809e+05,6.99528699e+02,0.00000000e+00,2.30000000e-01,7.69999829e-01,0.00000000e+00
7.61761762e+01,5.50496746e-01,1.59773746e+03,1.11045314e+05,6.99736765e+02,0.00000000e+00,2.30000000e-01,7.69999707e-01,0.00000000e+00
7.62762763e+01,5.50934192e-01,1.59736811e+03,1.11161070e+05,6.99909846e+02,0.00000000e+00,2.30000000e-01,7.69999935e-01,0.00000000e+00
7.63763764e+01,5.51297058e-01,1.59704231e+03,1.11260020e+05,7.00071618e+02,0.00000000e+00,2.30000000e-01,7.70000153e-01,0.00000000e+00
7.64764765e+01,5.51580801e-01,1.59675542e+03,1.11343398e+05,7.00235783e+02,0.00000000e+00,2.30000000e-01,7.70000249e-01,0.00000000e+00
7.65765766e+01,5.51798322e-01,1.59650136e+03,1.11412687e+05,7.00395322e+02,0.00000000e+00,2.30000000e-01,7.70000257e-01,0.00000000e+00
7.66766767e+01,5.51970482e-01,1.59627351e+03,1.11470837e+05,7.00542379e+02,0.00000000e+00,2.30000000e-01,7.70000170e-01,0.00000000e+00
7.67767768e+01,5.52117496e-01,1.59607012e+03,1.11521171e+05,7.00672185e+02,0.00000000e+00,2.30000000e-01,7.70000035e-01,0.00000000e+00
7.68768769e+01,5.52252807e-01,1.59589144e+03,1.11566130e+05,7.00782941e+02,0.00000000e+00,2.30000000e-01,7.69999993e-01,0.00000000e+00
7.69769770e+01,5.52382017e-01,1.59573173e+03,1.11607725e+05,7.00880241e+02,0.00000000e+00,2.30000000e-01,7.69999973e-01,0.00000000e+00
7.70770771e+01,5.52505697e-01,1.59559433e+03,1.11644151e+05,7.00952145e+02,0.00000000e+00,2.30000000e-01,7.69999839e-01,0.00000000e+00
7.71771772e+01,5.52624620e-01,1.59547364e+03,1.11673125e+05,7.00983053e+02,0.00000000e+00,2.30000000e-01,7.70000006e-01,0.00000000e+00
7.72772773e+01,5.52725184e-01,1.59536587e+03,1.11698805e+05,7.01016574e+02,0.00000000e+00,2.30000000e-01,7.70000155e-01,0.00000000e+00
7.73773774e+01,5.52800247e-01,1.59528847e+03,1.11722430e+05,7.01069719e+02,0.00000000e+00,2.30000000e-01,7.70000034e-01,0.00000000e+00
7.74774775e+01,5.52864272e-01,1.59523482e+03,1.11744263e+05,7.01125603e+02,0.00000000e+00,2.30000000e-01,7.69999919e-01,0.00000000e+00
7.75775776e+01,5.52927613e-01,1.59518622e+03,1.11766795e+05,7.01186645e+02,0.00000000e+00,2.30000000e-01,7.69999916e-01,0.00000000e+00
7.76776777e+01,5.52984878e-01,1.59514242e+03,1.11790219e+05,7.01260904e+02,0.00000000e+00,2.30000000e-01,7.70000010e-01,0.00000000e+00
7.77777778e+01,5.53027965e-01,1.59510385e+03,1.11810717e+05,7.01334833e+02,0.00000000e+00,2.30000000e-01,7.70000020e-01,0.00000000e+00
7.78778779e+01,5.53058084e-01,1.59506881e+03,1.11827253e+05,7.01400341e+02,0.00000000e+00,2.30000000e-01,7.70000047e-01,0.00000000e+00
7.79779780e+01,5.53078894e-01,1.59503079e+03,1.11839994e+05,7.01453831e+02,0.00000000e+00,2.30000000e-01,7.70000084e-01,0.00000000e+00
7.80780781e+01,5.53093802e-01,1.59498929e+03,1.11849203e+05,7.01492717e+02,0.00000000e+00,2.30000000e-01,7.70000034e-01,0.00000000e+00
7.81781782e+01,5.53105128e-01,1.59495027e+03,1.11856755e+05,7.01525706e+02,0.00000000e+00,2.30000000e-01,7.70000047e-01,0.00000000e+00
7.82782783e+01,5.53111622e-01,1.59491311e+03,1.11864379e+05,7.01565328e+02,0.00000000e+00,2.30000000e-01,7.69999991e-01,0.00000000e+00
7.83783784e+01,5.53117337e-01,1.59487963e+03,1.11871286e+05,7.01601459e+02,0.00000000e+00,2.30000000e-01,7.69999900e-01,0.00000000e+00
7.84784785e+01,5.53131715e-01,1.59484462e+03,1.11878932e+05,7.01631105e+02,0.00000000e+00,2.30000000e-01,7.69999997e-01,0.00000000e+00
7.85785786e+01,5.53153290e-01,1.59479636e+03,1.11890307e+05,7.01675063e+02,0.00000000e+00,2.30000000e-01,7.70000011e-01,0.00000000e+00
7.86786787e+01,5.53178753e-01,1.59474161e+03,1.11904041e+05,7.01728900e+02,0.00000000e+00,2.30000000e-01,7.69999996e-01,0.00000000e+00
7.87787788e+01,5.53206944e-01,1.59468443e+03,1.11919358e+05,7.01789171e+02,0.00000000e+00,2.30000000e-01,7.70000013e-01,0.00000000e+00
7.88788789e+01,5.53235699e-01,1.59462826e+03,1.11935210e+05,7.01852094e+02,0.00000000e+00,2.30000000e-01,7.70000004e-01,0.00000000e+00
7.89789790e+01,5.53259854e-01,1.59458708e+03,1.11948972e+05,7.01907746e+02,0.00000000e+00,2.30000000e-01,7.69999993e-01,0.00000000e+00
7.90790791e+01,5.53279877e-01,1.59456012e+03,1.11961361e+05,7.01960048e+02,0.00000000e+00,2.30000000e-01,7.69999952e-01,0.00000000e+00
7.91791792e+01,5.53295596e-01,1.59454584e+03,1.11973847e+05,7.02018358e+02,0.00000000e+00,2.30000000e-01,7.69999997e-01,0.00000000e+00
7.92792793e+01,5.53305941e-01,1.59453457e+03,1.11983849e+05,7.02067896e+02,0.00000000e+00,2.30000000e-01,7.70000056e-01,0.00000000e+00
7.93793794e+01,5.53311750e-01,1.59452116e+03,1.11990027e+05,7.02099273e+02,0.00000000e+00,2.30000000e-01,7.70000029e-01,0.00000000e+00
7.94794795e+01,5.53315119e-01,1.59450797e+03,1.11993839e+05,7.02118885e+02,0.00000000e+00,2.30000000e-01,7.70000044e-01,0.00000000e+00
7.95795796e+01,5.53315316e-01,1.59449382e+03,1.11998111e+05,7.02145453e+02,0.00000000e+00,2.30000000e-01,7.69999992e-01,0.00000000e+00
7.96796797e+01,5.53314889e-01,1.59448181e+03,1.12001462e+05,7.02167063e+02,0.00000000e+00,2.30000000e-01,7.69999916e-01,0.00000000e+00
7.97797798e+01,5.53321069e-01,1.59447003e+03,1.12004469e+05,7.02178020e+02,0.00000000e+00,2.30000000e-01,7.69999990e-01,0.00000000e+00
7.98798799e+01,5.53333172e-01,1.59445005e+03,1.12009436e+05,7.02193781e+02,0.00000000e+00,2.30000000e-01,7.70000010e-01,0.00000000e+00
7.99799800e+01,5.53348578e-01,1.59442704e+03,1.12014944e+05,7.02208776e+02,0.00000000e+00,2.30000000e-01,7.69999991e-01,0.00000000e+00
8.00800801e+01,5.53366749e-01,1.59440425e+03,1.12020405e+05,7.02220041e+02,0.00000000e+00,2.30000000e-01,7.69999862e-01,0.00000000e+00
8.01801802e+01,5.53390144e-01,1.59438104e+03,1.12025412e+05,7.02221571e+02,0.00000000e+00,2.30000000e-01,7.70000099e-01,0.00000000e+00
8.02802803e+01,5.53407485e-01,1.59435242e+03,1.12028653e+05,7.02219907e+02,0.00000000e+00,2.30000000e-01,7.70000068e-01,0.00000000e+00
8.03803804e+01,5.53417259e-01,1.59432702e+03,1.12032140e+05,7.02229396e+02,0.00000000e+00,2.30000000e-01,7.70000014e-01,0.00000000e+00
8.04804805e+01,5.53424995e-01,1.59430410e+03,1.12034857e+05,7.02236617e+02,0.00000000e+00,2.30000000e-01,7.70000008e-01,0.00000000e+00
8.05805806e+01,5.53431702e-01,1.59428178e+03,1.12036793e+05,7.02240237e+02,0.00000000e+00,2.30000000e-01,7.70000010e-01,0.00000000e+00
8.06806807e+01,5.53436771e-01,1.59425971e+03,1.12038233e+05,7.02242836e+02,0.00000000e+00,2.30000000e-01,7.70000009e-01,0.00000000e+00
8.07807808e+01,5.53439448e-01,1.59423810e+03,1.12039536e+05,7.02247592e+02,0.00000000e+00,2.30000000e-01,7.70000025e-01,0.00000000e+00
8.08808809e+01,5.53438824e-01,1.59421465e+03,1.12041523e+05,7.02260797e+02,0.00000000e+00,2.30000000e-01,7.70000084e-01,0.00000000e+00
8.09809810e+01,5.53429193e-01,1.59418788e+03,1.12044043e+05,7.02288816e+02,0.00000000e+00,2.30000000e-01,7.70000081e-01,0.00000000e+00
8.10810811e+01,5.53402237e-01,1.59416349e+03,1.12045623e+05,7.02332954e+02,0.00000000e+00,2.30000000e-01,7.70000043e-01,0.00000000e+00
8.11811812e+01,5.53353611e-01,1.59414393e+03,1.12045772e+05,7.02395626e+02,0.00000000e+00,2.30000000e-01,7.70000012e-01,0.00000000e+00
8.12812813e+01,5.53282307e-01,1.59412912e+03,1.12044787e+05,7.02479982e+02,0.00000000e+00,2.30000000e-01,7.70000001e-01,0.00000000e+00
8.13813814e+01,5.53188395e-01,1.59411864e+03,1.12043187e+05,7.02589207e+02,0.00000000e+00,2.30000000e-01,7.70000002e-01,0.00000000e+00
8.14814815e+01,5.53071652e-01,1.59411272e+03,1.12041479e+05,7.02726789e+02,0.00000000e+00,2.30000000e-01,7.70000012e-01,0.00000000e+00
8.15815816e+01,5.52930999e-01,1.59411197e+03,1.12040243e+05,7.02897775e+02,0.00000000e+00,2.30000000e-01,7.70000036e-01,0.00000000e+00
8.16816817e+01,5.52763723e-01,1.59411675e+03,1.12040193e+05,7.03110139e+02,0.00000000e+00,2.30000000e-01,7.70000076e-01,0.00000000e+00
8.17817818e+01,5.52564328e-01,1.59412698e+03,1.12042027e+05,7.03375342e+02,0.00000000e+00,2.30000000e-01,7.70000123e-01,0.00000000e+00
8.18818819e+01,5.52323923e-01,1.59414204e+03,1.12046164e+05,7.03707447e+02,0.00000000e+00,2.30000000e-01,7.70000157e-01,0.00000000e+00
8.19819820e+01,5.52031081e-01,1.59416076e+03,1.12052558e+05,7.04120927e+02,0.00000000e+00,2.30000000e-01,7.70000163e-01,0.00000000e+00
8.20820821e+01,5.51673929e-01,1.59418143e+03,1.12060738e+05,7.04628224e+02,0.00000000e+00,2.30000000e-01,7.70000144e-01,0.00000000e+00
8.21821822e+01,5.51242052e-01,1.59420198e+03,1.12070013e+05,7.05238657e+02,0.00000000e+00,2.30000000e-01,7.70000122e-01,0.00000000e+00
8.22822823e+01,5.50726759e-01,1.59422036e+03,1.12079730e+05,7.05959720e+02,0.00000000e+00,2.30000000e-01,7.70000122e-01,0.00000000e+00
8.23823824e+01,5.50119340e-01,1.59423503e+03,1.12089435e+05,7.06800381e+02,0.00000000e+00,2.30000000e-01,7.70000157e-01,0.00000000e+00
8.24824825e+01,5.49408348e-01,1.59424515e+03,1.12098887e+05,7.07774690e+02,0.00000000e+00,2.30000000e-01,7.70000220e-01,0.00000000e+00
8.25825826e+01,5.48577505e-01,1.59425045e+03,1.12107947e+05,7.08903885e+02,0.00000000e+00,2.30000000e-01,7.70000288e-01,0.00000000e+00
8.26826827e+01,5.47605284e-01,1.59425094e+03,1.12116445e+05,7.10216270e+02,0.00000000e+00,2.30000000e-01,7.70000341e-01,0.00000000e+00
8.27827828e+01,5.46466060e-01,1.59424666e+03,1.12124113e+05,7.11745516e+02,0.00000000e+00,2.30000000e-01,7.70000371e-01,0.00000000e+00
8.28828829e+01,5.45131879e-01,1.59423763e+03,1.12130607e+05,7.13528791e+02,0.00000000e+00,2.30000000e-01,7.70000384e-01,0.00000000e+00
8.29829830e+01,5.43573725e-01,1.59422398e+03,1.12135593e+05,7.15605931e+02,0.00000000e+00,2.30000000e-01,7.70000396e-01,0.00000000e+00
8.30830831e+01,5.41761702e-01,1.59420604e+03,1.12138827e+05,7.18020095e+02,0.00000000e+00,2.30000000e-01,7.70000420e-01,0.00000000e+00
8.31831832e+01,5.39664197e-01,1.59418447e+03,1.12140205e+05,7.20819642e+02,0.00000000e+00,2.30000000e-01,7.70000463e-01,0.00000000e+00
8.32832833e+01,5.37246541e-01,1.59416016e+03,1.12139779e+05,7.24060595e+02,0.00000000e+00,2.30000000e-01,7.70000524e-01,0.00000000e+00
8.33833834e+01,5.34469731e-01,1.59413416e+03,1.12137742e+05,7.27809138e+02,0.00000000e+00,2.30000000e-01,7.70000598e-01,0.00000000e+00
8.34834835e+01,5.31289521e-01,1.59410760e+03,1.12134410e+05,7.32143868e+02,0.00000000e+00,2.30000000e-01,7.70000681e-01,0.00000000e+00
8.35835836e+01,5.27655893e-01,1.59408162e+03,1.12130194e+05,7.37157888e+02,0.00000000e+00,2.30000000e-01,7.70000770e-01,0.00000000e+00
8.36836837e+01,5.23512717e-01,1.59405733e+03,1.12125560e+05,7.42961111e+02,0.00000000e+00,2.30000000e-01,7.70000867e-01,0.00000000e+00
8.37837838e+01,5.18797330e-01,1.59403577e+03,1.12120987e+05,7.49683279e+02,0.00000000e+00,2.30000000e-01,7.70000976e-01,0.00000000e+00
8.38838839e+01,5.13439883e-01,1.59401791e+03,1.12116922e+05,7.57478228e+02,0.00000000e+00,2.30000000e-01,7.70001103e-01,0.00000000e+00
8.39839840e+01,5.07362411e-01,1.59400453e+03,1.12113745e+05,7.66529889e+02,0.00000000e+00,2.30000000e-01,7.70001250e-01,0.00000000e+00
8.40840841e+01,5.00477710e-01,1.59399621e+03,1.12111746e+05,7.77060477e+02,0.00000000e+00,2.30000000e-01,7.70001419e-01,0.00000000e+00
8.41841842e+01,4.92688221e-01,1.59399325e+03,1.12111120e+05,7.89341383e+02,0.00000000e+00,2.30000000e-01,7.70001609e-01,0.00000000e+00
8.42842843e+01,4.83885137e-01,1.59399564e+03,1.12111974e+05,8.03707436e+02,0.00000000e+00,2.30000000e-01,7.70001814e-01,0.00000000e+00
8.43843844e+01,4.73948056e-01,1.59400306e+03,1.12114328e+05,8.20575507e+02,0.00000000e+00,2.30000000e-01,7.70002020e-01,0.00000000e+00
8.44844845e+01,4.62745539e-01,1.59401496e+03,1.12118122e+05,8.40468934e+02,0.00000000e+00,2.30000000e-01,7.70002211e-01,0.00000000e+00
8.45845846e+01,4.50136958e-01,1.59403059e+03,1.12123214e+05,8.64050034e+02,0.00000000e+00,2.30000000e-01,7.70002360e-01,0.00000000e+00
8.46846847e+01,4.35976013e-01,1.59404918e+03,1.12129388e+05,8.92164319e+02,0.00000000e+00,2.30000000e-01,7.70002433e-01,0.00000000e+00
8.47847848e+01,4.20116222e-01,1.59406994e+03,1.12136371e+05,9.25902077e+02,0.00000000e+00,2.30000000e-01,7.70002388e-01,0.00000000e+00
8.48848849e+01,4.02418481e-01,1.59409216e+03,1.12143852e+05,9.66686514e+02,0.00000000e+00,2.30000000e-01,7.70002178e-01,0.00000000e+00
8.49849850e+01,3.82760579e-01,1.59411509e+03,1.12151487e+05,1.01640345e+03,0.00000000e+00,2.30000000e-01,7.70001750e-01,0.00000000e+00
8.50850851e+01,3.61048247e-01,1.59413736e+03,1.12158797e+05,1.07759782e+03,0.00000000e+00,2.30000000e-01,7.70001070e-01,0.00000000e+00
8.51851852e+01,3.37226455e-01,1.59415381e+03,1.12164687e+05,1.15378092e+03,0.00000000e+00,2.30000000e-01,7.70000538e-01,0.00000000e+00
8.52852853e+01,3.11294199e-01,1.59419923e+03,1.12185430e+05,1.25006969e+03,0.00000000e+00,2.30000000e-01,7.70045367e-01,0.00000000e+00
8.53853854e+01,2.84859139e-01,1.59422844e+03,1.12178648e+05,1.36606909e+03,0.00000000e+00,2.30000000e-01,7.69992086e-01,0.00000000e+00
8.54854855e+01,2.62112764e-01,1.59424667e+03,1.12188238e+05,1.48474790e+03,0.00000000e+00,2.30000000e-01,7.69989977e-01,0.00000000e+00
8.55855856e+01,2.43172888e-01,1.59427277e+03,1.12194506e+05,1.60048313e+03,0.00000000e+00,2.30000000e-01,7.69987520e-01,0.00000000e+00
8.56856857e+01,2.27674827e-01,1.59429401e+03,1.12199262e+05,1.70950369e+03,0.00000000e+00,2.30000000e-01,7.69986632e-01,0.00000000e+00
8.57857858e+01,2.15201784e-01,1.59430248e+03,1.12201659e+05,1.80862507e+03,0.00000000e+00,2.30000000e-01,7.69986456e-01,0.00000000e+00
8.58858859e+01,2.05330522e-01,1.59430970e+03,1.12203932e+05,1.89561304e+03,0.00000000e+00,2.30000000e-01,7.69986484e-01,0.00000000e+00
8.59859860e+01,1.97654297e-01,1.59433778e+03,1.12209990e+05,1.96933715e+03,0.00000000e+00,2.30000000e-01,7.69987189e-01,0.00000000e+00
8.60860861e+01,1.91789508e-01,1.59437770e+03,1.12217829e+05,2.02969609e+03,0.00000000e+00,2.30000000e-01,7.69989002e-01,0.00000000e+00
8.61861862e+01,1.87387733e-01,1.59439104e+03,1.12220557e+05,2.07742055e+03,0.00000000e+00,2.30000000e-01,7.69990874e-01,0.00000000e+00
8.62862863e+01,1.84152665e-01,1.59438065e+03,1.12218724e+05,2.11387912e+03,0.00000000e+00,2.30000000e-01,7.69991611e-01,0.00000000e+00
8.63863864e+01,1.81839593e-01,1.59439593e+03,1.12221249e+05,2.14081508e+03,0.00000000e+00,2.30000000e-01,7.69992333e-01,0.00000000e+00
8.64864865e+01,1.80234309e-01,1.59443726e+03,1.12228311e+05,2.16001374e+03,0.00000000e+00,2.30000000e-01,7.69994468e-01,0.00000000e+00
8.65865866e+01,1.79148996e-01,1.59444152e+03,1.12228708e+05,2.17310249e+03,0.00000000e+00,2.30000000e-01,7.69996541e-01,0.00000000e+00
8.66866867e+01,1.78442583e-01,1.59439967e+03,1.12221080e+05,2.18155666e+03,0.00000000e+00,2.30000000e-01,7.69996704e-01,0.00000000e+00
8.67867868e+01,1.78019276e-01,1.59438336e+03,1.12218156e+05,2.18668772e+03,0.00000000e+00,2.30000000e-01,7.69996446e-01,0.00000000e+00
8.68868869e+01,1.77796738e-01,1.59440981e+03,1.12222869e+05,2.18951366e+03,0.00000000e+00,2.30000000e-01,7.69997758e-01,0.00000000e+00
8.69869870e+01,1.77695106e-01,1.59440672e+03,1.12222441e+05,2.19075458e+03,0.00000000e+00,2.30000000e-01,7.69999095e-01,0.00000000e+00
8.70870871e+01,1.77658533e-01,1.59435496e+03,1.12213560e+05,2.19103296e+03,0.00000000e+00,2.30000000e-01,7.69998745e-01,0.00000000e+00
8.71871872e+01,1.77655905e-01,1.59432503e+03,1.12208575e+05,2.19096699e+03,0.00000000e+00,2.30000000e-01,7.69999201e-01,0.00000000e+00
8.72872873e+01,1.77671449e-01,1.59431000e+03,1.12206556e+05,2.19073570e+03,0.00000000e+00,2.30000000e-01,7.69999290e-01,0.00000000e+00
8.73873874e+01,1.77719206e-01,1.59428998e+03,1.12202921e+05,2.19007561e+03,0.00000000e+00,2.30000000e-01,7.69999484e-01,0.00000000e+00
8.74874875e+01,1.77812010e-01,1.59426672e+03,1.12198662e+05,2.18884891e+03,0.00000000e+00,2.30000000e-01,7.69999735e-01,0.00000000e+00
8.75875876e+01,1.77956717e-01,1.59424138e+03,1.12194271e+05,2.18698286e+03,0.00000000e+00,2.30000000e-01,7.69999990e-01,0.00000000e+00
8.76876877e+01,1.78153827e-01,1.59421523e+03,1.12189883e+05,2.18447718e+03,0.00000000e+00,2.30000000e-01,7.70000241e-01,0.00000000e+00
8.77877878e+01,1.78397808e-01,1.59418823e+03,1.12184987e+05,2.18139694e+03,0.00000000e+00,2.30000000e-01,7.69999126e-01,0.00000000e+00
8.78878879e+01,1.78662629e-01,1.59416291e+03,1.12180711e+05,2.17807619e+03,0.00000000e+00,2.30000000e-01,7.70001074e-01,0.00000000e+00
8.79879880e+01,1.78879233e-01,1.59414130e+03,1.12176245e+05,2.17535351e+03,0.00000000e+00,2.30000000e-01,7.70000477e-01,0.00000000e+00
8.80880881e+01,1.79053025e-01,1.59412208e+03,1.12172733e+05,2.17317453e+03,0.00000000e+00,2.30000000e-01,7.70000250e-01,0.00000000e+00
8.81881882e+01,1.79196349e-01,1.59410667e+03,1.12170316e+05,2.17138981e+03,0.00000000e+00,2.30000000e-01,7.70000159e-01,0.00000000e+00
8.82882883e+01,1.79315616e-01,1.59409549e+03,1.12169582e+05,2.16993137e+03,0.00000000e+00,2.30000000e-01,7.70000158e-01,0.00000000e+00
8.83883884e+01,1.79414513e-01,1.59409157e+03,1.12169735e+05,2.16873814e+03,0.00000000e+00,2.30000000e-01,7.70000188e-01,0.00000000e+00
8.84884885e+01,1.79496922e-01,1.59409521e+03,1.12170143e+05,2.16775049e+03,0.00000000e+00,2.30000000e-01,7.70000126e-01,0.00000000e+00
8.85885886e+01,1.79567897e-01,1.59410301e+03,1.12170782e+05,2.16690609e+03,0.00000000e+00,2.30000000e-01,7.70000092e-01,0.00000000e+00
8.86886887e+01,1.79630559e-01,1.59411530e+03,1.12172368e+05,2.16618083e+03,0.00000000e+00,2.30000000e-01,7.70000090e-01,0.00000000e+00
8.87887888e+01,1.79686793e-01,1.59413603e+03,1.12175621e+05,2.16556582e+03,0.00000000e+00,2.30000000e-01,7.70000039e-01,0.00000000e+00
8.88888889e+01,1.79738857e-01,1.59416551e+03,1.12180207e+05,2.16502709e+03,0.00000000e+00,2.30000000e-01,7.70000010e-01,0.00000000e+00
8.89889890e+01,1.79788007e-01,1.59420164e+03,1.12186118e+05,2.16454926e+03,0.00000000e+00,2.30000000e-01,7.70000019e-01,0.00000000e+00
8.90890891e+01,1.79834346e-01,1.59424582e+03,1.12193467e+05,2.16413336e+03,0.00000000e+00,2.30000000e-01,7.69999979e-01,0.00000000e+00
8.91891892e+01,1.79878504e-01,1.59429718e+03,1.12202062e+05,2.16376786e+03,0.00000000e+00,2.30000000e-01,7.69999968e-01,0.00000000e+00
8.92892893e+01,1.79920799e-01,1.59434903e+03,1.12210968e+05,2.16343088e+03,0.00000000e+00,2.30000000e-01,7.69999987e-01,0.00000000e+00
8.93893894e+01,1.79960496e-01,1.59440005e+03,1.12220088e+05,2.16312941e+03,0.00000000e+00,2.30000000e-01,7.70000000e-01,0.00000000e+00
8.94894895e+01,1.79997052e-01,1.59445218e+03,1.12229309e+05,2.16286780e+03,0.00000000e+00,2.30000000e-01,7.70000001e-01,0.00000000e+00
8.95895896e+01,1.80030749e-01,1.59450303e+03,1.12237906e+05,2.16262859e+03,0.00000000e+00,2.30000000e-01,7.70000019e-01,0.00000000e+00
8.96896897e+01,1.80061975e-01,1.59454894e+03,1.12245477e+05,2.16239939e+03,0.00000000e+00,2.30000000e-01,7.70000024e-01,0.00000000e+00
8.97897898e+01,1.80091109e-01,1.59459033e+03,1.12252460e+05,2.16218414e+03,0.00000000e+00,2.30000000e-01,7.69999998e-01,0.00000000e+00
8.98898899e+01,1.80118356e-01,1.59463077e+03,1.12259486e+05,2.16199238e+03,0.00000000e+00,2.30000000e-01,7.69999988e-01,0.00000000e+00
8.99899900e+01,1.80143509e-01,1.59467218e+03,1.12266741e+05,2.16183026e+03,0.00000000e+00,2.30000000e-01,7.69999969e-01,0.00000000e+00
9.00900901e+01,1.80166446e-01,1.59471343e+03,1.12274026e+05,2.16169541e+03,0.00000000e+00,2.30000000e-01,7.69999925e-01,0.00000000e+00
9.01901902e+01,1.80186914e-01,1.59475062e+03,1.12280613e+05,2.16157662e+03,0.00000000e+00,2.30000000e-01,7.69999946e-01,0.00000000e+00
9.02902903e+01,1.80203798e-01,1.59477740e+03,1.12285187e+05,2.16146191e+03,0.00000000e+00,2.30000000e-01,7.70000042e-01,0.00000000e+00
9.03903904e+01,1.80216026e-01,1.59479003e+03,1.12286928e+05,2.16134864e+03,0.00000000e+00,2.30000000e-01,7.70000099e-01,0.00000000e+00
9.04904905e+01,1.80224149e-01,1.59479129e+03,1.12286377e+05,2.16124069e+03,0.00000000e+00,2.30000000e-01,7.70000068e-01,0.00000000e+00
9.05905906e+01,1.80229975e-01,1.59478666e+03,1.12284741e+05,2.16113947e+03,0.00000000e+00,2.30000000e-01,7.70000009e-01,0.00000000e+00
9.06906907e+01,1.80234919e-01,1.59477956e+03,1.12282919e+05,2.16104517e+03,0.00000000e+00,2.30000000e-01,7.69999987e-01,0.00000000e+00
9.07907908e+01,1.80239325e-01,1.59476994e+03,1.12281014e+05,2.16095566e+03,0.00000000e+00,2.30000000e-01,7.69999994e-01,0.00000000e+00
9.08908909e+01,1.80242948e-01,1.59475715e+03,1.12278847e+05,2.16087046e+03,0.00000000e+00,2.30000000e-01,7.70000023e-01,0.00000000e+00
9.09909910e+01,1.80245618e-01,1.59474105e+03,1.12276198e+05,2.16078745e+03,0.00000000e+00,2.30000000e-01,7.70000035e-01,0.00000000e+00
9.10910911e+01,1.80247631e-01,1.59472248e+03,1.12272782e+05,2.16069757e+03,0.00000000e+00,2.30000000e-01,7.70000030e-01,0.00000000e+00
9.11911912e+01,1.80248944e-01,1.59470265e+03,1.12269003e+05,2.16060914e+03,0.00000000e+00,2.30000000e-01,7.70000014e-01,0.00000000e+00
9.12912913e+01,1.80249226e-01,1.59468128e+03,1.12265399e+05,2.16053640e+03,0.00000000e+00,2.30000000e-01,7.70000016e-01,0.00000000e+00
9.13913914e+01,1.80248322e-01,1.59465628e+03,1.12261664e+05,2.16047541e+03,0.00000000e+00,2.30000000e-01,7.69999995e-01,0.00000000e+00
9.14914915e+01,1.80246053e-01,1.59462958e+03,1.12257488e+05,2.16042226e+03,0.00000000e+00,2.30000000e-01,7.69999984e-01,0.00000000e+00
9.15915916e+01,1.80242734e-01,1.59460194e+03,1.12252972e+05,2.16037512e+03,0.00000000e+00,2.30000000e-01,7.69999988e-01,0.00000000e+00
9.16916917e+01,1.80238540e-01,1.59457452e+03,1.12248109e+05,2.16033178e+03,0.00000000e+00,2.30000000e-01,7.69999991e-01,0.00000000e+00
9.17917918e+01,1.80233510e-01,1.59454909e+03,1.12242815e+05,2.16029019e+03,0.00000000e+00,2.30000000e-01,7.69999990e-01,0.00000000e+00
9.18918919e+01,1.80227865e-01,1.59452597e+03,1.12237113e+05,2.16024806e+03,0.00000000e+00,2.30000000e-01,7.70000011e-01,0.00000000e+00
9.19919920e+01,1.80222005e-01,1.59450269e+03,1.12231622e+05,2.16021265e+03,0.00000000e+00,2.30000000e-01,7.69999999e-01,0.00000000e+00
9.20920921e+01,1.80216750e-01,1.59447705e+03,1.12227173e+05,2.16018997e+03,0.00000000e+00,2.30000000e-01,7.70000015e-01,0.00000000e+00
9.21921922e+01,1.80212192e-01,1.59445010e+03,1.12223521e+05,2.16017434e+03,0.00000000e+00,2.30000000e-01,7.70000002e-01,0.00000000e+00
9.22922923e+01,1.80208209e-01,1.59442609e+03,1.12220691e+05,2.16016768e+03,0.00000000e+00,2.30000000e-01,7.69999963e-01,0.00000000e+00
9.23923924e+01,1.80204609e-01,1.59440784e+03,1.12218466e+05,2.16016793e+03,0.00000000e+00,2.30000000e-01,7.69999997e-01,0.00000000e+00
9.24924925e+01,1.80200728e-01,1.59439309e+03,1.12216053e+05,2.16016798e+03,0.00000000e+00,2.30000000e-01,7.70000009e-01,0.00000000e+00
9.25925926e+01,1.80196076e-01,1.59438339e+03,1.12213103e+05,2.16016694e+03,0.00000000e+00,2.30000000e-01,7.70000012e-01,0.00000000e+00
9.26926927e+01,1.80190605e-01,1.59437679e+03,1.12209632e+05,2.16016568e+03,0.00000000e+00,2.30000000e-01,7.70000029e-01,0.00000000e+00
9.27927928e+01,1.80184566e-01,1.59436520e+03,1.12205934e+05,2.16016669e+03,0.00000000e+00,2.30000000e-01,7.70000124e-01,0.00000000e+00
9.28928929e+01,1.80176883e-01,1.59433338e+03,1.12201160e+05,2.16016614e+03,0.00000000e+00,2.30000000e-01,7.70000457e-01,0.00000000e+00
9.29929930e+01,1.80160568e-01,1.59425076e+03,1.12189381e+05,2.16013270e+03,0.00000000e+00,2.30000000e-01,7.70001474e-01,0.00000000e+00
9.30930931e+01,1.80113453e-01,1.59401528e+03,1.12151843e+05,2.15996745e+03,0.00000000e+00,2.30000000e-01,7.70004777e-01,0.00000000e+00
9.31931932e+01,1.79964737e-01,1.59328692e+03,1.12028765e+05,2.15935661e+03,0.00000000e+00,2.30000000e-01,7.70015299e-01,0.00000000e+00
9.32932933e+01,1.79496918e-01,1.59089291e+03,1.11636669e+05,2.15732992e+03,0.00000000e+00,2.30000000e-01,7.70050074e-01,0.00000000e+00
9.33933934e+01,1.77981263e-01,1.58309823e+03,1.10362067e+05,2.15061920e+03,0.00000000e+00,2.30000000e-01,7.70159039e-01,0.00000000e+00
9.34934935e+01,1.73122024e-01,1.55738151e+03,1.06249662e+05,2.12786789e+03,0.00000000e+00,2.30000000e-01,7.70491405e-01,0.00000000e+00
9.35935936e+01,1.57799993e-01,1.46974952e+03,9.28055509e+04,2.04003201e+03,0.00000000e+00,2.29657539e-01,7.70342461e-01,0.00000000e+00
9.36936937e+01,1.13474588e-01,1.14696766e+03,5.57412260e+04,1.70278804e+03,0.00000000e+00,2.30000000e-01,7.70685517e-01,0.00000000e+00
9.37937938e+01,5.31640619e-02,3.98126739e+02,1.24221605e+04,8.10700748e+02,0.00000000e+00,2.31660932e-01,7.68339068e-01,0.00000000e+00
9.38938939e+01,3.63405740e-02,3.13528791e+01,3.43931233e+03,3.28313514e+02,0.00000000e+00,2.30356352e-01,7.69643648e-01,0.00000000e+00
9.39939940e+01,3.47507531e-02,7.84607837e-01,3.00923329e+03,3.00404534e+02,0.00000000e+00,2.30000000e-01,7.69942375e-01,0.00000000e+00
9.40940941e+01,3.46903681e-02,1.65886387e-02,3.00019115e+03,3.00006016e+02,0.00000000e+00,2.30000000e-01,7.69998064e-01,0.00000000e+00
9.41941942e+01,3.46888199e-02,3.42476804e-04,3.00000396e+03,3.00000103e+02,0.00000000e+00,2.30000000e-01,7.69999951e-01,0.00000000e+00
9.42942943e+01,3.46887851e-02,7.04095946e-06,3.00000008e+03,3.00000002e+02,0.00000000e+00,2.30000000e-01,7.69999999e-01,0.00000000e+00
9.43943944e+01,3.46887843e-02,1.44458889e-07,3.00000000e+03,3.00000000e+02,0.00000000e+00,2.30000000e-01,7.70000000e-01,0.00000000e+00
9.44944945e+01,3.46887843e-02,2.96158996e-09,3.00000000e+03,3.00000000e+02,0.00000000e+00,2.30000000e-01,7.70000000e-01,0.00000000e+00
9.45945946e+01,3.46887843e-02,6.06995339e-11,3.00000000e+03,3.00000000e+02,0.00000000e+00,2.30000000e-01,7.70000000e-01,0.00000000e+00
9.46946947e+01,3.46887843e-02,1.23918821e-12,3.00000000e+03,3.00000000e+02,0.00000000e+00,2.30000000e-01,7.70000000e-01,0.00000000e+00
9.47947948e+01,3.46887843e-02,2.68939005e-14,3.00000000e+03,3.00000000e+02,0.00000000e+00,2.30000000e-01,7.70000000e-01,0.00000000e+00
9.48948949e+01,3.46887843e-02,0.00000000e+00,3.00000000e+03,3.00000000e+02,0.00000000e+00,2.30000000e-01,7.70000000e-01,0.00000000e+00
9.49949950e+01,3.46887843e-02,0.00000000e+00,3.00000000e+03,3.00000000e+02,0.00000000e+00,2.30000000e-01,7.70000000e-01,0.00000000e+00
9.50950951e+01,3.46887843e-02,0.00000000e+00,3.00000000e+03,3.00000000e+02,0.00000000e+00,2.30000000e-01,7.70000000e-01,0.00000000e+00
9.51951952e+01,3.46887843e-02,0.00000000e+00,3.00000000e+03,3.00000000e+02,0.00000000e+00,2.30000000e-01,7.70000000e-01,0.00000000e+00
9.52952953e+01,3.46887843e-02,0.00000000e+00,3.00000000e+03,3.00000000e+02,0.00000000e+00,2.30000000e-01,7.70000000e-01,0.00000000e+00
9.53953954e+01,3.46887843e-02,0.00000000e+00,3.00000000e+03,3.00000000e+02,0.00000000e+00,2.30000000e-01,7.70000000e-01,0.00000000e+00
9.54954955e+01,3.46887843e-02,0.00000000e+00,3.00000000e+03,3.00000000e+02,0.00000000e+00,2.30000000e-01,7.70000000e-01,0.00000000e+00
9.55955956e+01,3.46887843e-02,0.00000000e+00,3.00000000e+03,3.00000000e+02,0.00000000e+00,2.30000000e-01,7.70000000e-01,0.00000000e+00
9.56956957e+01,3.46887843e-02,0.00000000e+00,3.00000000e+03,3.00000000e+02,0.00000000e+00,2.30000000e-01,7.70000000e-01,0.00000000e+00
9.57957958e+01,3.46887843e-02,0.00000000e+00,3.00000000e+03,3.00000000e+02,0.00000000e+00,2.30000000e-01,7.70000000e-01,0.00000000e+00
9.58958959e+01,3.46887843e-02,0.00000000e+00,3.00000000e+03,3.00000000e+02,0.00000000e+00,2.30000000e-01,7.70000000e-01,0.00000000e+00
9.59959960e+01,3.46887843e-02,0.00000000e+00,3.00000000e+03,3.00000000e+02,0.00000000e+00,2.30000000e-01,7.70000000e-01,0.00000000e+00
9.60960961e+01,3.46887843e-02,0.00000000e+00,3.00000000e+03,3.00000000e+02,0.00000000e+00,2.30000000e-01,7.70000000e-01,0.00000000e+00
9.61961962e+01,3.46887843e-02,0.00000000e+00,3.00000000e+03,3.00000000e+02,0.00000000e+00,2.30000000e-01,7.70000000e-01,0.00000000e+00
9.62962963e+01,3.46887843e-02,0.00000000e+00,3.00000000e+03,3.00000000e+02,0.00000000e+00,2.30000000e-01,7.70000000e-01,0.00000000e+00
9.63963964e+01,3.46887843e-02,0.00000000e+00,3.00000000e+03,3.00000000e+02,0.00000000e+00,2.30000000e-01,7.70000000e-01,0.00000000e+00
9.64964965e+01,3.46887843e-02,0.00000000e+00,3.00000000e+03,3.00000000e+02,0.00000000e+00,2.30000000e-01,7.70000000e-01,0.00000000e+00
9.65965966e+01,3.46887843e-02,0.00000000e+00,3.00000000e+03,3.00000000e+02,0.00000000e+00,2.30000000e-01,7.70000000e-01,0.00000000e+00
9.66966967e+01,3.46887843e-02,0.00000000e+00,3.00000000e+03,3.00000000e+02,0.00000000e+00,2.30000000e-01,7.70000000e-01,0.00000000e+00
9.67967968e+01,3.46887843e-02,0.00000000e+00,3.00000000e+03,3.00000000e+02,0.00000000e+00,2.30000000e-01,7.70000000e-01,0.00000000e+00
9.68968969e+01,3.46887843e-02,0.00000000e+00,3.00000000e+03,3.00000000e+02,0.00000000e+00,2.30000000e-01,7.70000000e-01,0.00000000e+00
9.69969970e+01,3.46887843e-02,0.00000000e+00,3.00000000e+03,3.00000000e+02,0.00000000e+00,2.30000000e-01,7.70000000e-01,0.00000000e+00
9.70970971e+01,3.46887843e-02,0.00000000e+00,3.00000000e+03,3.00000000e+02,0.00000000e+00,2.30000000e-01,7.70000000e-01,0.00000000e+00
9.71971972e+01,3.46887843e-02,0.00000000e+00,3.00000000e+03,3.00000000e+02,0.00000000e+00,2.30000000e-01,7.70000000e-01,0.00000000e+00
9.72972973e+01,3.46887843e-02,0.00000000e+00,3.00000000e+03,3.00000000e+02,0.00000000e+00,2.30000000e-01,7.70000000e-01,0.00000000e+00
9.73973974e+01,3.46887843e-02,0.00000000e+00,3.00000000e+03,3.00000000e+02,0.00000000e+00,2.30000000e-01,7.70000000e-01,0.00000000e+00
9.74974975e+01,3.46887843e-02,0.00000000e+00,3.00000000e+03,3.00000000e+02,0.00000000e+00,2.30000000e-01,7.70000000e-01,0.00000000e+00
9.75975976e+01,3.46887843e-02,0.00000000e+00,3.00000000e+03,3.00000000e+02,0.00000000e+00,2.30000000e-01,7.70000000e-01,0.00000000e+00
9.76976977e+01,3.46887843e-02,0.00000000e+00,3.00000000e+03,3.00000000e+02,0.00000000e+00,2.30000000e-01,7.70000000e-01,0.00000000e+00
9.77977978e+01,3.46887843e-02,0.00000000e+00,3.00000000e+03,3.00000000e+02,0.00000000e+00,2.30000000e-01,7.70000000e-01,0.00000000e+00
9.78978979e+01,3.46887843e-02,0.00000000e+00,3.00000000e+03,3.00000000e+02,0.00000000e+00,2.30000000e-01,7.70000000e-01,0.00000000e+00
9.79979980e+01,3.46887843e-02,0.00000000e+00,3.00000000e+03,3.00000000e+02,0.00000000e+00,2.30000000e-01,7.70000000e-01,0.00000000e+00
9.80980981e+01,3.46887843e-02,0.00000000e+00,3.00000000e+03,3.00000000e+02,0.00000000e+00,2.30000000e-01,7.70000000e-01,0.00000000e+00
9.81981982e+01,3.46887843e-02,0.00000000e+00,3.00000000e+03,3.00000000e+02,0.00000000e+00,2.30000000e-01,7.70000000e-01,0.00000000e+00
9.82982983e+01,3.46887843e-02,0.00000000e+00,3.00000000e+03,3.00000000e+02,0.00000000e+00,2.30000000e-01,7.70000000e-01,0.00000000e+00
9.83983984e+01,3.46887843e-02,0.00000000e+00,3.00000000e+03,3.00000000e+02,0.00000000e+00,2.30000000e-01,7.70000000e-01,0.00000000e+00
9.84984985e+01,3.46887843e-02,0.00000000e+00,3.00000000e+03,3.00000000e+02,0.00000000e+00,2.30000000e-01,7.70000000e-01,0.00000000e+00
9.85985986e+01,3.46887843e-02,0.00000000e+00,3.00000000e+03,3.00000000e+02,0.00000000e+00,2.30000000e-01,7.70000000e-01,0.00000000e+00
9.86986987e+01,3.46887843e-02,0.00000000e+00,3.00000000e+03,3.00000000e+02,0.00000000e+00,2.30000000e-01,7.70000000e-01,0.00000000e+00
9.87987988e+01,3.46887843e-02,0.00000000e+00,3.00000000e+03,3.00000000e+02,0.00000000e+00,2.30000000e-01,7.70000000e-01,0.00000000e+00
9.88988989e+01,3.46887843e-02,0.00000000e+00,3.00000000e+03,3.00000000e+02,0.00000000e+00,2.30000000e-01,7.70000000e-01,0.00000000e+00
9.89989990e+01,3.46887843e-02,0.00000000e+00,3.00000000e+03,3.00000000e+02,0.00000000e+00,2.30000000e-01,7.70000000e-01,0.00000000e+00
9.90990991e+01,3.46887843e-02,0.00000000e+00,3.00000000e+03,3.00000000e+02,0.00000000e+00,2.30000000e-01,7.70000000e-01,0.00000000e+00
9.91991992e+01,3.46887843e-02,0.00000000e+00,3.00000000e+03,3.00000000e+02,0.00000000e+00,2.30000000e-01,7.70000000e-01,0.00000000e+00
9.92992993e+01,3.46887843e-02,0.00000000e+00,3.00000000e+03,3.00000000e+02,0.00000000e+00,2.30000000e-01,7.70000000e-01,0.00000000e+00
9.93993994e+01,3.46887843e-02,0.00000000e+00,3.00000000e+03,3.00000000e+02,0.00000000e+00,2.30000000e-01,7.70000000e-01,0.00000000e+00
9.94994995e+01,3.46887843e-02,0.00000000e+00,3.00000000e+03,3.00000000e+02,0.00000000e+00,2.30000000e-01,7.70000000e-01,0.00000000e+00
9.95995996e+01,3.46887843e-02,0.00000000e+00,3.00000000e+03,3.00000000e+02,0.00000000e+00,2.30000000e-01,7.70000000e-01,0.00000000e+00
9.96996997e+01,3.46887843e-02,0.00000000e+00,3.00000000e+03,3.00000000e+02,0.00000000e+00,2.30000000e-01,7.70000000e-01,0.00000000e+00
9.97997998e+01,3.46887843e-02,0.00000000e+00,3.00000000e+03,3.00000000e+02,0.00000000e+00,2.30000000e-01,7.70000000e-01,0.00000000e+00
9.98998999e+01,3.46887843e-02,0.00000000e+00,3.00000000e+03,3.00000000e+02,0.00000000e+00,2.30000000e-01,7.70000000e-01,0.00000000e+00
1.00000000e+02,3.46887843e-02,-0.00000000e+00,3.00000000e+03,3.00000000e+02,0.00000000e+00,2.30000000e-01,7.70000000e-01,0.00000000e+00
