# x(m), rho(kg/m3), u(m/s), p(Pa), T(K), Y_H2, Y_O2, Y_N2, Y_H2O
0.00000000e+00,4.04847951e+00,-8.67392419e-02,8.54453933e+06,2.64918177e+03,1.18501925e-01,5.83339813e-07,6.00009375e-01,2.81488116e-01
1.00100100e-01,4.04847951e+00,8.67392419e-02,8.54453933e+06,2.64918177e+03,1.18501925e-01,5.83339813e-07,6.00009375e-01,2.81488116e-01
2.00200200e-01,4.04816259e+00,3.65752194e-01,8.54359626e+06,2.64909675e+03,1.18501925e-01,5.83339813e-07,6.00009375e-01,2.81488116e-01
3.00300300e-01,4.04786982e+00,4.75505187e-01,8.54270438e+06,2.64900854e+03,1.18502070e-01,5.83340528e-07,6.00010110e-01,2.81488461e-01
4.00400400e-01,4.04786484e+00,4.99829689e-01,8.54210839e+06,2.64886985e+03,1.18500153e-01,5.83331088e-07,6.00000401e-01,2.81483906e-01
5.00500501e-01,4.04821115e+00,3.27817963e-01,8.54277212e+06,2.64887357e+03,1.18499056e-01,5.83325689e-07,5.99994848e-01,2.81481301e-01
6.00600601e-01,4.04827786e+00,9.12636096e-02,8.54297874e+06,2.64888680e+03,1.18499377e-01,5.83327271e-07,5.99996475e-01,2.81482065e-01
7.00700701e-01,4.04839387e+00,6.33258268e-02,8.54428679e+06,2.64912668e+03,1.18503394e-01,5.83347043e-07,6.00016812e-01,2.81491605e-01
8.00800801e-01,4.04858300e+00,2.06323263e-01,8.54425486e+06,2.64903495e+03,1.18501518e-01,5.83337810e-07,6.00007315e-01,2.81487150e-01
9.00900901e-01,4.04897327e+00,3.35460625e-01,8.54540692e+06,2.64912766e+03,1.18501925e-01,5.83339813e-07,6.00009375e-01,2.81488116e-01
1.00100100e+00,4.04957782e+00,4.83434611e-01,8.54708643e+06,2.64925277e+03,1.18501925e-01,5.83339813e-07,6.00009375e-01,2.81488116e-01
1.10110110e+00,4.05004493e+00,4.22655752e-01,8.54679780e+06,2.64899249e+03,1.18495898e-01,5.83310144e-07,5.99978859e-01,2.81473800e-01
1.20120120e+00,4.05047227e+00,3.76064644e-01,8.54886952e+06,2.64927912e+03,1.18499294e-01,5.83326862e-07,5.99996054e-01,2.81481867e-01
1.30130130e+00,4.05100686e+00,4.45571507e-01,8.54964007e+06,2.64923255e+03,1.18496419e-01,5.83312709e-07,5.99981497e-01,2.81475038e-01
1.40140140e+00,4.05123377e+00,7.20104885e-01,8.55173175e+06,2.64960915e+03,1.18501925e-01,5.83339813e-07,6.00009375e-01,2.81488116e-01
1.50150150e+00,4.05137503e+00,1.04022726e+00,8.55089488e+06,2.64936331e+03,1.18497192e-01,5.83316514e-07,5.99985410e-01,2.81476874e-01
1.60160160e+00,4.05140648e+00,1.34525151e+00,8.55290692e+06,2.64980158e+03,1.18504551e-01,5.83352738e-07,6.00022670e-01,2.81494353e-01
1.70170170e+00,4.05102097e+00,1.50042622e+00,8.54862548e+06,2.64899601e+03,1.18492524e-01,5.83293536e-07,5.99961776e-01,2.81465786e-01
1.80180180e+00,4.05019957e+00,1.44950058e+00,8.54894550e+06,2.64940146e+03,1.18502854e-01,5.83344386e-07,6.00014079e-01,2.81490323e-01
1.90190190e+00,4.04962045e+00,1.37258593e+00,8.54563838e+06,2.64889580e+03,1.18496568e-01,5.83313440e-07,5.99982249e-01,2.81475391e-01
2.00200200e+00,4.04933260e+00,1.13413694e+00,8.54587260e+06,2.64906727e+03,1.18500568e-01,5.83333134e-07,6.00002505e-01,2.81484894e-01
2.10210210e+00,4.04924673e+00,1.04121190e+00,8.54599343e+06,2.64913057e+03,1.18501925e-01,5.83339813e-07,6.00009375e-01,2.81488116e-01
2.20220220e+00,4.04968393e+00,8.59327357e-01,8.54728180e+06,2.64924391e+03,1.18501925e-01,5.83339813e-07,6.00009375e-01,2.81488116e-01
2.30230230e+00,4.05026043e+00,7.30014073e-01,8.54855211e+06,2.64929710e+03,1.18500288e-01,5.83331754e-07,6.00001086e-01,2.81484228e-01
2.40240240e+00,4.05075320e+00,6.18081132e-01,8.55035771e+06,2.64950410e+03,1.18501640e-01,5.83338409e-07,6.00007931e-01,2.81487439e-01
2.50250250e+00,4.05111615e+00,4.60210874e-01,8.55150407e+06,2.64961554e+03,1.18501925e-01,5.83339813e-07,6.00009375e-01,2.81488116e-01
2.60260260e+00,4.05144887e+00,2.30548847e-01,8.55248721e+06,2.64970253e+03,1.18501925e-01,5.83339813e-07,6.00009375e-01,2.81488116e-01
2.70270270e+00,4.05175255e+00,8.19442370e-03,8.55340604e+06,2.64978675e+03,1.18502007e-01,5.83340216e-07,6.00009790e-01,2.81488311e-01
2.80280280e+00,4.05221527e+00,-1.44717909e-01,8.55427334e+06,2.64979465e+03,1.18500137e-01,5.83331009e-07,6.00000320e-01,2.81483868e-01
2.90290290e+00,4.05291248e+00,-1.26480352e-01,8.55624524e+06,2.64995599e+03,1.18499848e-01,5.83329588e-07,5.99998858e-01,2.81483182e-01
3.00300300e+00,4.05329762e+00,4.85848630e-02,8.55731000e+06,2.65004119e+03,1.18499523e-01,5.83327989e-07,5.99997214e-01,2.81482411e-01
3.10310310e+00,4.05330288e+00,3.50198567e-01,8.55854189e+06,2.65031715e+03,1.18504088e-01,5.83350460e-07,6.00020327e-01,2.81493254e-01
3.20320320e+00,4.05298846e+00,8.93335412e-01,8.55791185e+06,2.65030471e+03,1.18505113e-01,5.83355505e-07,6.00025515e-01,2.81495688e-01
3.30330330e+00,4.05284942e+00,1.28813505e+00,8.55581822e+06,2.64989401e+03,1.18498549e-01,5.83323195e-07,5.99992283e-01,2.81480098e-01
3.40340340e+00,4.05274204e+00,1.46352542e+00,8.55642813e+06,2.65007763e+03,1.18501925e-01,5.83339813e-07,6.00009375e-01,2.81488116e-01
3.50350350e+00,4.05273482e+00,1.51235632e+00,8.55492282e+06,2.64974524e+03,1.18496151e-01,5.83311389e-07,5.99980140e-01,2.81474401e-01
3.60360360e+00,4.05287291e+00,1.47594373e+00,8.55688438e+06,2.65013336e+03,1.18501925e-01,5.83339813e-07,6.00009375e-01,2.81488116e-01
3.70370370e+00,4.05313494e+00,1.58156436e+00,8.55774647e+06,2.65022901e+03,1.18501925e-01,5.83339813e-07,6.00009375e-01,2.81488116e-01
3.80380380e+00,4.05332460e+00,1.69094892e+00,8.55838624e+06,2.65030312e+03,1.18501925e-01,5.83339813e-07,6.00009375e-01,2.81488116e-01
3.90390390e+00,4.05314664e+00,1.86271176e+00,8.55870334e+06,2.65045232e+03,1.18504848e-01,5.83354200e-07,6.00024173e-01,2.81495059e-01
4.00400400e+00,4.05311600e+00,2.07681985e+00,8.55824831e+06,2.65037149e+03,1.18503057e-01,5.83345386e-07,6.00015108e-01,2.81490806e-01
4.10410410e+00,4.05300363e+00,1.99878327e+00,8.55643288e+06,2.65001971e+03,1.18496932e-01,5.83315235e-07,5.99984095e-01,2.81476256e-01
4.20420420e+00,4.05275552e+00,1.86525863e+00,8.55710701e+06,2.65027908e+03,1.18501925e-01,5.83339814e-07,6.00009375e-01,2.81488116e-01
4.30430430e+00,4.05261752e+00,1.89964220e+00,8.55703962e+06,2.65032664e+03,1.18502900e-01,5.83344616e-07,6.00014313e-01,2.81490433e-01
4.40440440e+00,4.05228443e+00,2.10432335e+00,8.55650957e+06,2.65035408e+03,1.18504073e-01,5.83350392e-07,6.00020250e-01,2.81493218e-01
4.50450450e+00,4.05173484e+00,2.61936587e+00,8.55456941e+06,2.65014788e+03,1.18502492e-01,5.83342614e-07,6.00012248e-01,2.81489464e-01
4.60460460e+00,4.05133466e+00,3.15837384e+00,8.55000016e+06,2.64927168e+03,1.18490071e-01,5.83281459e-07,5.99949357e-01,2.81459960e-01
4.70470470e+00,4.05273984e+00,3.83407023e+00,8.55752442e+06,2.65034075e+03,1.18505406e-01,5.83356957e-07,6.00027000e-01,2.81496385e-01
4.80480480e+00,4.05455364e+00,3.99455433e+00,8.55395887e+06,2.64871813e+03,1.18475573e-01,5.83210474e-07,5.99875949e-01,2.81425521e-01
4.90490490e+00,4.05620499e+00,4.40396887e+00,8.56584139e+06,2.65061884e+03,1.18506810e-01,5.83366473e-07,6.00034110e-01,2.81499721e-01
5.00500501e+00,4.05835865e+00,5.07876657e+00,8.56286857e+06,2.64898590e+03,1.18475803e-01,5.83222961e-07,5.99877114e-01,2.81426067e-01
5.10510511e+00,4.06170013e+00,5.91020105e+00,8.58011487e+06,2.65137286e+03,1.18509972e-01,5.83420855e-07,6.00050118e-01,2.81507230e-01
5.20520521e+00,4.06431861e+00,6.05229873e+00,8.57204900e+06,2.64833021e+03,1.18458225e-01,5.83247938e-07,5.99788109e-01,2.81384312e-01
5.30530531e+00,4.06652367e+00,5.90440779e+00,8.58581919e+06,2.65026696e+03,1.18497522e-01,5.83639614e-07,5.99987079e-01,2.81477656e-01
5.40540541e+00,4.06896334e+00,6.10084079e+00,8.58134927e+06,2.64789999e+03,1.18470625e-01,5.83934011e-07,5.99850893e-01,2.81413765e-01
5.50550551e+00,4.07149349e+00,6.14396417e+00,8.59113501e+06,2.64857241e+03,1.18501925e-01,5.84912716e-07,6.00009375e-01,2.81488115e-01
5.60560561e+00,4.07466743e+00,6.36929947e+00,8.58506462e+06,2.64524331e+03,1.18474868e-01,5.86242049e-07,5.99872374e-01,2.81423840e-01
5.70570571e+00,4.07870647e+00,6.21275329e+00,8.59209265e+06,2.64418324e+03,1.18501926e-01,5.88760037e-07,6.00009375e-01,2.81488110e-01
5.80580581e+00,4.08345071e+00,6.55438336e+00,8.59104847e+06,2.64079021e+03,1.18501926e-01,5.92377845e-07,6.00009375e-01,2.81488106e-01
5.90590591e+00,4.09034762e+00,6.77115703e+00,8.59145989e+06,2.63646370e+03,1.18501927e-01,5.97495975e-07,6.00009375e-01,2.81488101e-01
6.00600601e+00,4.09920758e+00,7.11151821e+00,8.59098617e+06,2.63062023e+03,1.18501928e-01,6.04347381e-07,6.00009375e-01,2.81488093e-01
6.10610611e+00,4.11123128e+00,7.47529822e+00,8.59222017e+06,2.62330347e+03,1.18501929e-01,6.13020975e-07,6.00009375e-01,2.81488083e-01
6.20620621e+00,4.12679239e+00,8.17355625e+00,8.59406160e+06,2.61397173e+03,1.18501930e-01,6.23498316e-07,6.00009375e-01,2.81488071e-01
6.30630631e+00,4.14756837e+00,8.86156620e+00,8.59947759e+06,2.60251690e+03,1.18501932e-01,6.35607019e-07,6.00009375e-01,2.81488058e-01
6.40640641e+00,4.17322097e+00,9.51097131e+00,8.60585876e+06,2.58843864e+03,1.18501933e-01,6.49096785e-07,6.00009375e-01,2.81488042e-01
6.50650651e+00,4.20367073e+00,9.82853712e+00,8.61119085e+06,2.57128113e+03,1.18501935e-01,6.63608992e-07,6.00009375e-01,2.81488026e-01
6.60660661e+00,4.23987263e+00,9.93332749e+00,8.61557320e+06,2.55062377e+03,1.18501937e-01,6.78749752e-07,6.00009375e-01,2.81488009e-01
6.70670671e+00,4.28288809e+00,9.97589195e+00,8.61932312e+06,2.52610541e+03,1.18501939e-01,6.94071826e-07,6.00009375e-01,2.81487992e-01
6.80680681e+00,4.33330584e+00,1.00250197e+01,8.62250421e+06,2.49763577e+03,1.18501941e-01,7.09117796e-07,6.00009375e-01,2.81487975e-01
6.90690691e+00,4.39208505e+00,1.03892054e+01,8.62673207e+06,2.46541821e+03,1.18501943e-01,7.23398103e-07,6.00009375e-01,2.81487959e-01
7.00700701e+00,4.46079549e+00,1.06274230e+01,8.62180605e+06,2.42677556e+03,1.18466847e-01,7.36247906e-07,5.99831665e-01,2.81404573e-01
7.10710711e+00,4.53348207e+00,1.08019777e+01,8.63031504e+06,2.38951507e+03,1.18501946e-01,7.47841610e-07,6.00009375e-01,2.81487931e-01
7.20720721e+00,4.60176860e+00,1.17741108e+01,8.62776957e+06,2.35336227e+03,1.18501947e-01,7.57061902e-07,6.00009375e-01,2.81487921e-01
7.30730731e+00,4.66312332e+00,1.24318845e+01,8.63031166e+06,2.32308234e+03,1.18501948e-01,7.63770834e-07,6.00009375e-01,2.81487913e-01
7.40740741e+00,4.71555633e+00,1.32605956e+01,8.63351352e+06,2.29810390e+03,1.18501948e-01,7.67750739e-07,6.00009375e-01,2.81487909e-01
7.50750751e+00,4.75984494e+00,1.39832956e+01,8.63589029e+06,2.27734766e+03,1.18501948e-01,7.68823492e-07,6.00009375e-01,2.81487908e-01
7.60760761e+00,4.79576637e+00,1.44766153e+01,8.63591200e+06,2.26029547e+03,1.18501948e-01,7.66948438e-07,6.00009375e-01,2.81487910e-01
7.70770771e+00,4.82469289e+00,1.49720842e+01,8.63496795e+06,2.24649823e+03,1.18501948e-01,7.62236367e-07,6.00009375e-01,2.81487915e-01
7.80780781e+00,4.84780863e+00,1.52580211e+01,8.63385324e+06,2.23549767e+03,1.18501947e-01,7.54941093e-07,6.00009375e-01,2.81487923e-01
7.90790791e+00,4.86559472e+00,1.52673478e+01,8.63312191e+06,2.22713719e+03,1.18501946e-01,7.45444138e-07,6.00009375e-01,2.81487934e-01
8.00800801e+00,4.87977178e+00,1.50493558e+01,8.63386238e+06,2.22085723e+03,1.18501944e-01,7.34219214e-07,6.00009375e-01,2.81487947e-01
8.10810811e+00,4.89334676e+00,1.42309810e+01,8.63920769e+06,2.21606734e+03,1.18501943e-01,7.21795775e-07,6.00009375e-01,2.81487961e-01
8.20820821e+00,4.90587979e+00,1.29421476e+01,8.64854098e+06,2.21279396e+03,1.18501941e-01,7.08694923e-07,6.00009375e-01,2.81487975e-01
8.30830831e+00,4.91429349e+00,1.22546863e+01,8.65395924e+06,2.21038940e+03,1.18501939e-01,6.95412972e-07,6.00009375e-01,2.81487990e-01
8.40840841e+00,4.91925477e+00,1.21667471e+01,8.65544987e+06,2.20854049e+03,1.18501938e-01,6.82396382e-07,6.00009375e-01,2.81488005e-01
8.50850851e+00,4.92021343e+00,1.27499554e+01,8.65176792e+06,2.20717088e+03,1.18501936e-01,6.69987052e-07,6.00009375e-01,2.81488019e-01
8.60860861e+00,4.91776375e+00,1.43397341e+01,8.64133387e+06,2.20560716e+03,1.18501935e-01,6.58453089e-07,6.00009375e-01,2.81488032e-01
8.70870871e+00,4.91557392e+00,1.51475902e+01,8.63261952e+06,2.20436451e+03,1.18501933e-01,6.47988849e-07,6.00009375e-01,2.81488044e-01
8.80880881e+00,4.91776660e+00,1.58848796e+01,8.63578434e+06,2.20418944e+03,1.18501932e-01,6.38698123e-07,6.00009375e-01,2.81488054e-01
8.90890891e+00,4.92108793e+00,1.50766006e+01,8.63376577e+06,2.20276914e+03,1.18470610e-01,6.30463075e-07,5.99850787e-01,2.81413663e-01
9.00900901e+00,4.92294604e+00,1.36776647e+01,8.64541119e+06,2.20434442e+03,1.18500885e-01,6.23767549e-07,6.00004085e-01,2.81485589e-01
9.10910911e+00,4.92196831e+00,1.26476460e+01,8.64259459e+06,2.20404458e+03,1.18501929e-01,6.18089454e-07,6.00009375e-01,2.81488077e-01
9.20920921e+00,4.92207681e+00,1.29528697e+01,8.65533835e+06,2.20633789e+03,1.18550696e-01,6.13817605e-07,6.00256295e-01,2.81603922e-01
9.30930931e+00,4.92171668e+00,1.36202484e+01,8.64585175e+06,2.20468213e+03,1.18518366e-01,6.10200420e-07,6.00092605e-01,2.81527133e-01
9.40940941e+00,4.92069185e+00,1.41494420e+01,8.64591804e+06,2.20499125e+03,1.18527340e-01,6.07814015e-07,6.00138042e-01,2.81548452e-01
9.50950951e+00,4.91912087e+00,1.45572834e+01,8.63753124e+06,2.20390531e+03,1.18508545e-01,6.06229713e-07,6.00042882e-01,2.81503810e-01
9.60960961e+00,4.91605629e+00,1.57467729e+01,8.64173222e+06,2.20557112e+03,1.18550490e-01,6.05828780e-07,6.00255261e-01,2.81603446e-01
9.70970971e+00,4.91341879e+00,1.60481758e+01,8.62295026e+06,2.20286126e+03,1.18501928e-01,6.05762332e-07,6.00009375e-01,2.81488091e-01
9.80980981e+00,4.91718420e+00,1.56221844e+01,8.62847889e+06,2.20286540e+03,1.18486880e-01,6.06584911e-07,5.99933184e-01,2.81452346e-01
9.90990991e+00,4.92908769e+00,1.19425343e+01,8.64872494e+06,2.20334236e+03,1.18452442e-01,6.07947913e-07,5.99758814e-01,2.81370540e-01
1.00100100e+01,4.93221719e+00,8.66448938e+00,8.67654409e+06,2.20764375e+03,1.18526663e-01,6.10426060e-07,6.00134614e-01,2.81546840e-01
1.01101101e+01,4.93687459e+00,8.86439198e+00,8.68981109e+06,2.20884083e+03,1.18531637e-01,6.13019416e-07,6.00159798e-01,2.81558652e-01
1.02102102e+01,4.93707484e+00,9.19353044e+00,8.70607868e+06,2.21181432e+03,1.18589074e-01,6.16267716e-07,6.00450614e-01,2.81695082e-01
1.03103103e+01,4.93382311e+00,9.74634970e+00,8.67551725e+06,2.20712458e+03,1.18501930e-01,6.19053792e-07,6.00009375e-01,2.81488076e-01
1.04104104e+01,4.92684391e+00,1.07531523e+01,8.68593085e+06,2.21103188e+03,1.18602278e-01,6.23008644e-07,6.00517464e-01,2.81726437e-01
1.05105105e+01,4.91658832e+00,1.31965846e+01,8.63983259e+06,2.20541257e+03,1.18520127e-01,6.26121923e-07,6.00101509e-01,2.81531292e-01
1.06106106e+01,4.91333743e+00,1.60168080e+01,8.64438739e+06,2.20719477e+03,1.18565256e-01,6.29931048e-07,6.00330007e-01,2.81638485e-01
1.07107107e+01,4.91300744e+00,1.80357717e+01,8.63232156e+06,2.20510545e+03,1.18519906e-01,6.33223791e-07,6.00100384e-01,2.81530756e-01
1.08108108e+01,4.91182502e+00,1.80536998e+01,8.62970214e+06,2.20499410e+03,1.18518449e-01,6.36651097e-07,6.00093006e-01,2.81527291e-01
1.09109109e+01,4.91283892e+00,1.60895636e+01,8.61012866e+06,2.20111532e+03,1.18433562e-01,6.39480546e-07,5.99663199e-01,2.81325648e-01
1.10110110e+01,4.91334439e+00,1.45208119e+01,8.63577572e+06,2.20575786e+03,1.18524133e-01,6.43068170e-07,6.00121784e-01,2.81540785e-01
1.11111111e+01,4.91449341e+00,1.26479611e+01,8.61073360e+06,2.20085138e+03,1.18416210e-01,6.45362874e-07,5.99575334e-01,2.81284420e-01
1.12112112e+01,4.91661950e+00,1.35148424e+01,8.66341894e+06,2.21003997e+03,1.18594095e-01,6.48978155e-07,6.00476016e-01,2.81706963e-01
1.13113113e+01,4.91616738e+00,1.43592734e+01,8.62612790e+06,2.20328783e+03,1.18456385e-01,6.50622857e-07,5.99778750e-01,2.81379845e-01
1.14114114e+01,4.90913691e+00,1.42616959e+01,8.63110805e+06,2.20619046e+03,1.18538352e-01,6.53221595e-07,6.00193770e-01,2.81574545e-01
1.15115115e+01,4.90390227e+00,1.37054406e+01,8.59292594e+06,2.20058500e+03,1.18440871e-01,6.54587798e-07,5.99700193e-01,2.81342986e-01
1.16116116e+01,4.90510459e+00,1.33840808e+01,8.62361787e+06,2.20595378e+03,1.18545563e-01,6.56842665e-07,6.00230279e-01,2.81591669e-01
1.17117117e+01,4.91222249e+00,1.40971783e+01,8.62456596e+06,2.20416491e+03,1.18482883e-01,6.57968188e-07,5.99912912e-01,2.81442778e-01
1.18118118e+01,4.92244967e+00,1.19741966e+01,8.64388345e+06,2.20490888e+03,1.18461561e-01,6.59145810e-07,5.99804954e-01,2.81392129e-01
1.19119119e+01,4.92378900e+00,9.73016437e+00,8.65938031e+06,2.20740935e+03,1.18507267e-01,6.60550864e-07,6.00036374e-01,2.81500696e-01
1.20120120e+01,4.92412727e+00,8.72278686e+00,8.65190505e+06,2.20594283e+03,1.18475542e-01,6.61408957e-07,5.99875739e-01,2.81425334e-01
1.21121121e+01,4.92263938e+00,1.10555332e+01,8.67815386e+06,2.21120769e+03,1.18587870e-01,6.62988543e-07,6.00444489e-01,2.81692156e-01
1.22122122e+01,4.92575744e+00,1.36753493e+01,8.65973255e+06,2.20694338e+03,1.18489740e-01,6.63339844e-07,5.99947629e-01,2.81459059e-01
1.23123123e+01,4.92421912e+00,1.56940240e+01,8.67974423e+06,2.21106615e+03,1.18579142e-01,6.64716842e-07,6.00400295e-01,2.81671421e-01
1.24124124e+01,4.92121146e+00,1.71741255e+01,8.63987808e+06,2.20454281e+03,1.18456128e-01,6.64901736e-07,5.99777440e-01,2.81379214e-01
1.25125125e+01,4.91810925e+00,1.70061378e+01,8.65886231e+06,2.20891644e+03,1.18556087e-01,6.66352236e-07,6.00283558e-01,2.81616653e-01
1.26126126e+01,4.91783302e+00,1.71191042e+01,8.63363287e+06,2.20432927e+03,1.18463297e-01,6.66744475e-07,5.99813735e-01,2.81396240e-01
1.27127127e+01,4.91780256e+00,1.58004614e+01,8.65115233e+06,2.20757737e+03,1.18529764e-01,6.68060779e-07,6.00150278e-01,2.81554124e-01
1.28128128e+01,4.91414338e+00,1.58444286e+01,8.63560697e+06,2.20572041e+03,1.18504561e-01,6.68885693e-07,6.00022666e-01,2.81494256e-01
1.29129129e+01,4.90813354e+00,1.70894028e+01,8.63607853e+06,2.20748178e+03,1.18561468e-01,6.70189602e-07,6.00310802e-01,2.81629430e-01
1.30130130e+01,4.90688907e+00,1.91329792e+01,8.62285183e+06,2.20538225e+03,1.18522634e-01,6.70955461e-07,6.00114173e-01,2.81537183e-01
1.31131131e+01,4.90746648e+00,1.87850056e+01,8.61545775e+06,2.20385460e+03,1.18489144e-01,6.71740077e-07,5.99944602e-01,2.81457629e-01
1.32132132e+01,4.91521879e+00,1.48338774e+01,8.61641032e+06,2.20187849e+03,1.18421526e-01,6.72304815e-07,5.99602235e-01,2.81297010e-01
1.33133133e+01,4.92048646e+00,1.15186112e+01,8.66012389e+06,2.20850690e+03,1.18538053e-01,6.73876907e-07,6.00192241e-01,2.81573804e-01
1.34134134e+01,4.92222023e+00,1.05503592e+01,8.64968442e+06,2.20610536e+03,1.18482295e-01,6.74419861e-07,5.99909923e-01,2.81441357e-01
1.35135135e+01,4.92285600e+00,1.08991619e+01,8.67675728e+06,2.21093530e+03,1.18578177e-01,6.75764452e-07,6.00395401e-01,2.81669113e-01
1.36136136e+01,4.92482875e+00,1.17784129e+01,8.66433606e+06,2.20810151e+03,1.18512895e-01,6.76123318e-07,6.00064859e-01,2.81514042e-01
1.37137137e+01,4.92661485e+00,1.06114141e+01,8.67693536e+06,2.20993701e+03,1.18543662e-01,6.76958955e-07,6.00220644e-01,2.81587126e-01
1.38138138e+01,4.91863199e+00,9.59605894e+00,8.63764511e+06,2.20490417e+03,1.18468201e-01,6.77114322e-07,5.99838559e-01,2.81407874e-01
1.39139139e+01,4.90998347e+00,8.89213869e+00,8.63899994e+06,2.20756654e+03,1.18552338e-01,6.78111607e-07,6.00264570e-01,2.81607732e-01
1.40140140e+01,4.90244315e+00,1.08309561e+01,8.62326869e+06,2.20675807e+03,1.18561890e-01,6.78616915e-07,6.00312936e-01,2.81630422e-01
1.41141141e+01,4.90038813e+00,1.26698195e+01,8.60638915e+06,2.20420365e+03,1.18516623e-01,6.78747802e-07,6.00083735e-01,2.81522894e-01
1.42142142e+01,4.90170443e+00,1.40543637e+01,8.62027069e+06,2.20641329e+03,1.18557055e-01,6.79314867e-07,6.00288455e-01,2.81618936e-01
1.43143143e+01,4.90269375e+00,1.34779149e+01,8.60144496e+06,2.20264776e+03,1.18476464e-01,6.79139915e-07,5.99880397e-01,2.81427500e-01
1.44144144e+01,4.90201088e+00,1.19425165e+01,8.60824102e+06,2.20409895e+03,1.18508512e-01,6.79566531e-07,6.00042665e-01,2.81503626e-01
1.45145145e+01,4.90258683e+00,1.15030043e+01,8.61259140e+06,2.20474651e+03,1.18519653e-01,6.79833647e-07,6.00099076e-01,2.81530090e-01
1.46146146e+01,4.90240986e+00,1.37769171e+01,8.62736704e+06,2.20753561e+03,1.18577264e-01,6.80330684e-07,6.00390777e-01,2.81666938e-01
1.47147147e+01,4.90445273e+00,1.61935362e+01,8.62231140e+06,2.20602941e+03,1.18539295e-01,6.80244571e-07,6.00198527e-01,2.81576746e-01
1.48148148e+01,4.90378146e+00,1.68909956e+01,8.61526740e+06,2.20490954e+03,1.18518832e-01,6.80224903e-07,6.00094920e-01,2.81528140e-01
1.49149149e+01,4.90494463e+00,1.49864927e+01,8.60627915e+06,2.20291771e+03,1.18474131e-01,6.80032164e-07,5.99868582e-01,2.81421956e-01
1.50150150e+01,4.90458777e+00,1.13278506e+01,8.60626033e+06,2.20301449e+03,1.18477287e-01,6.80079751e-07,5.99884566e-01,2.81429454e-01
1.51151151e+01,4.90533183e+00,9.39551566e+00,8.62535951e+06,2.20634643e+03,1.18542914e-01,6.80450851e-07,6.00216849e-01,2.81585342e-01
1.52152152e+01,4.91205000e+00,9.25674846e+00,8.64049087e+06,2.20727587e+03,1.18538522e-01,6.80384372e-07,6.00194614e-01,2.81574910e-01
1.53153153e+01,4.91903140e+00,1.05265757e+01,8.66228627e+06,2.20936411e+03,1.18556707e-01,6.80411707e-07,6.00286692e-01,2.81618108e-01
1.54154154e+01,4.92569725e+00,1.16646876e+01,8.67203088e+06,2.20931135e+03,1.18532287e-01,6.80159676e-07,6.00163044e-01,2.81560100e-01
1.55155155e+01,4.92801654e+00,1.01240007e+01,8.67482691e+06,2.20918480e+03,1.18521490e-01,6.79953340e-07,6.00108375e-01,2.81534453e-01
1.56156156e+01,4.91631153e+00,9.16952981e+00,8.63823254e+06,2.20567992e+03,1.18490489e-01,6.79602829e-07,5.99951411e-01,2.81460815e-01
1.57157157e+01,4.90154147e+00,1.04785831e+01,8.63354662e+06,2.20892838e+03,1.18608390e-01,6.80084318e-07,6.00548375e-01,2.81740874e-01
1.58158158e+01,4.89460319e+00,1.26673534e+01,8.58945004e+06,2.20268473e+03,1.18504820e-01,6.79281629e-07,6.00023971e-01,2.81494856e-01
1.59159159e+01,4.89841383e+00,1.34021245e+01,8.60492374e+06,2.20449569e+03,1.18528500e-01,6.79203237e-07,6.00143868e-01,2.81551105e-01
1.60160160e+01,4.90303349e+00,1.33983188e+01,8.60319181e+06,2.20288760e+03,1.18479413e-01,6.78711767e-07,5.99895328e-01,2.81434505e-01
1.61161161e+01,4.90782388e+00,1.28078701e+01,8.61844428e+06,2.20437921e+03,1.18493380e-01,6.78595624e-07,5.99966048e-01,2.81467683e-01
1.62162162e+01,4.91003049e+00,1.18715695e+01,8.61864071e+06,2.20379689e+03,1.18474125e-01,6.78312983e-07,5.99868553e-01,2.81421944e-01
1.63163163e+01,4.91267284e+00,1.05258189e+01,8.62280683e+06,2.20383016e+03,1.18465851e-01,6.78125971e-07,5.99826661e-01,2.81402291e-01
1.64164164e+01,4.91678367e+00,9.17277931e+00,8.63568368e+06,2.20506914e+03,1.18476960e-01,6.78089686e-07,5.99882907e-01,2.81428678e-01
1.65165165e+01,4.92138514e+00,8.80063381e+00,8.64422890e+06,2.20537834e+03,1.18466698e-01,6.77975683e-07,5.99830952e-01,2.81404304e-01
1.66166166e+01,4.92230198e+00,9.96418400e+00,8.65709795e+06,2.20751480e+03,1.18506164e-01,6.78193096e-07,6.00030777e-01,2.81498050e-01
1.67167167e+01,4.91865152e+00,1.33161828e+01,8.64887479e+06,2.20701761e+03,1.18508157e-01,6.78242212e-07,6.00040869e-01,2.81502785e-01
1.68168168e+01,4.92143285e+00,1.59000989e+01,8.64193322e+06,2.20496571e+03,1.18456252e-01,6.78025233e-07,5.99778060e-01,2.81379490e-01
1.69169169e+01,4.92754168e+00,1.59583768e+01,8.66357804e+06,2.20727021e+03,1.18481889e-01,6.78287963e-07,5.99907864e-01,2.81440387e-01
1.70170170e+01,4.93338369e+00,1.70179767e+01,8.68226591e+06,2.20909545e+03,1.18498866e-01,6.78528289e-07,5.99993825e-01,2.81480714e-01
1.71171171e+01,4.93658532e+00,1.92200717e+01,8.69308623e+06,2.21019960e+03,1.18510364e-01,6.78753482e-07,6.00052042e-01,2.81508026e-01
1.72172172e+01,4.94250386e+00,2.18858260e+01,8.70048176e+06,2.20991903e+03,1.18484191e-01,6.78766529e-07,5.99919523e-01,2.81445856e-01
1.73173173e+01,4.95321730e+00,2.33769261e+01,8.72607952e+06,2.21165531e+03,1.18482669e-01,6.78911083e-07,5.99911817e-01,2.81442240e-01
1.74174174e+01,4.96454429e+00,2.62167590e+01,8.75984742e+06,2.21471720e+03,1.18505733e-01,6.79173352e-07,6.00028592e-01,2.81497024e-01
1.75175175e+01,4.97159735e+00,3.11935029e+01,8.77793337e+06,2.21609061e+03,1.18508447e-01,6.79282471e-07,6.00042334e-01,2.81503471e-01
1.76176176e+01,4.97779175e+00,3.75915995e+01,8.78950257e+06,2.21650824e+03,1.18494641e-01,6.79247623e-07,5.99972433e-01,2.81470678e-01
1.77177177e+01,4.98899719e+00,4.32324972e+01,8.81023853e+06,2.21721443e+03,1.18469675e-01,6.79088389e-07,5.99846025e-01,2.81411374e-01
1.78178178e+01,5.00335526e+00,4.76972716e+01,8.85035897e+06,2.22057601e+03,1.18488005e-01,6.79107626e-07,5.99938833e-01,2.81454915e-01
1.79179179e+01,5.02106683e+00,5.23346827e+01,8.89755826e+06,2.22428012e+03,1.18502045e-01,6.79025199e-07,6.00009919e-01,2.81488264e-01
1.80180180e+01,5.04167765e+00,5.66038655e+01,8.94577931e+06,2.22735142e+03,1.18493588e-01,6.78731752e-07,5.99967099e-01,2.81468175e-01
1.81181181e+01,5.06198612e+00,6.01024258e+01,8.99178098e+06,2.23008228e+03,1.18479815e-01,6.78323376e-07,5.99897367e-01,2.81435462e-01
1.82182182e+01,5.08288979e+00,6.35140029e+01,9.04847275e+06,2.23454243e+03,1.18499487e-01,6.78022553e-07,5.99996968e-01,2.81482189e-01
1.83183183e+01,5.10616665e+00,6.71976882e+01,9.09920437e+06,2.23725796e+03,1.18476675e-01,6.77398221e-07,5.99881468e-01,2.81428004e-01
1.84184184e+01,5.12994808e+00,7.14390018e+01,9.14811161e+06,2.23948671e+03,1.18443295e-01,6.76639867e-07,5.99712454e-01,2.81348714e-01
1.85185185e+01,5.14563279e+00,7.73523765e+01,9.19639763e+06,2.24378274e+03,1.18478251e-01,6.76207528e-07,5.99889446e-01,2.81431748e-01
1.86186186e+01,5.15148610e+00,8.55843571e+01,9.21693386e+06,2.24582057e+03,1.18500278e-01,6.75649555e-07,6.00000975e-01,2.81484072e-01
1.87187187e+01,5.15995779e+00,9.42915620e+01,9.22542525e+06,2.24501861e+03,1.18457015e-01,6.74683572e-07,5.99781923e-01,2.81381307e-01
1.88188188e+01,5.17548150e+00,1.00030934e+02,9.27173813e+06,2.24897424e+03,1.18485826e-01,6.74107805e-07,5.99927803e-01,2.81449746e-01
1.89189189e+01,5.19481065e+00,1.05495138e+02,9.32657453e+06,2.25337550e+03,1.18511190e-01,6.73506133e-07,6.00056230e-01,2.81509996e-01
1.90190190e+01,5.21877167e+00,1.10740835e+02,9.38665405e+06,2.25742462e+03,1.18514024e-01,6.72785264e-07,6.00070577e-01,2.81516728e-01
1.91191191e+01,5.24690986e+00,1.14904024e+02,9.45348226e+06,2.26150187e+03,1.18503654e-01,6.72012397e-07,6.00018074e-01,2.81492098e-01
1.92192192e+01,5.27555673e+00,1.18615257e+02,9.51203201e+06,2.26397029e+03,1.18460829e-01,6.71090963e-07,5.99801236e-01,2.81390371e-01
1.93193193e+01,5.29844263e+00,1.23359454e+02,9.57258223e+06,2.26829914e+03,1.18473447e-01,6.70529685e-07,5.99865128e-01,2.81420346e-01
1.94194194e+01,5.30943986e+00,1.30852011e+02,9.61238737e+06,2.27222334e+03,1.18514646e-01,6.70184012e-07,6.00073732e-01,2.81518211e-01
1.95195195e+01,5.31671017e+00,1.40306812e+02,9.61763634e+06,2.27120155e+03,1.18470487e-01,6.69415581e-07,5.99850141e-01,2.81413316e-01
1.96196196e+01,5.33515336e+00,1.47090854e+02,9.66217394e+06,2.27392899e+03,1.18465401e-01,6.68929805e-07,5.99824388e-01,2.81401235e-01
1.97197197e+01,5.35854928e+00,1.51601841e+02,9.73241675e+06,2.27970971e+03,1.18504380e-01,6.68751551e-07,6.00021749e-01,2.81493826e-01
1.98198198e+01,5.38175019e+00,1.57270016e+02,9.79375649e+06,2.28399151e+03,1.18514575e-01,6.68465156e-07,6.00073372e-01,2.81518044e-01
1.99199199e+01,5.40686544e+00,1.62666617e+02,9.85196011e+06,2.28721838e+03,1.18497704e-01,6.68074672e-07,5.99987946e-01,2.81477968e-01
2.00200200e+01,5.43429868e+00,1.66491344e+02,9.91661070e+06,2.29088565e+03,1.18483215e-01,6.67738513e-07,5.99914588e-01,2.81443553e-01
2.01201201e+01,5.46064803e+00,1.69721109e+02,9.97098439e+06,2.29306941e+03,1.18445109e-01,6.67301424e-07,5.99721646e-01,2.81353037e-01
2.02202202e+01,5.47761421e+00,1.75067913e+02,1.00306221e+07,2.29856283e+03,1.18500595e-01,6.67414556e-07,6.00002589e-01,2.81484838e-01
2.03203203e+01,5.48264673e+00,1.83964353e+02,1.00504912e+07,2.30055986e+03,1.18523364e-01,6.67357462e-07,6.00117873e-01,2.81538923e-01
2.04204204e+01,5.48646255e+00,1.94196215e+02,1.00508406e+07,2.29961188e+03,1.18493876e-01,6.67012367e-07,5.99968566e-01,2.81468877e-01
2.05205205e+01,5.50307119e+00,2.01466333e+02,1.01002988e+07,2.30346572e+03,1.18518957e-01,6.66973853e-07,6.00095560e-01,2.81528455e-01
2.06206206e+01,5.52768446e+00,2.06604191e+02,1.01750652e+07,2.30939896e+03,1.18559258e-01,6.67014812e-07,6.00299616e-01,2.81624186e-01
2.07207207e+01,5.55757813e+00,2.10748897e+02,1.02423975e+07,2.31269789e+03,1.18532551e-01,6.66669699e-07,6.00164387e-01,2.81560745e-01
2.08208208e+01,5.58731056e+00,2.12735574e+02,1.03103553e+07,2.31611551e+03,1.18508933e-01,6.66332495e-07,6.00044804e-01,2.81504644e-01
2.09209209e+01,5.61389896e+00,2.13909770e+02,1.03744897e+07,2.31970678e+03,1.18497597e-01,6.66057045e-07,5.99987408e-01,2.81477718e-01
2.10210210e+01,5.63428005e+00,2.17265592e+02,1.04326980e+07,2.32393020e+03,1.18515624e-01,6.65943875e-07,6.00078686e-01,2.81520540e-01
2.11211211e+01,5.64748279e+00,2.23586719e+02,1.04567087e+07,2.32445669e+03,1.18483839e-01,6.65554919e-07,5.99917747e-01,2.81445038e-01
2.12212212e+01,5.65132242e+00,2.33034063e+02,1.04959660e+07,2.32980632e+03,1.18574962e-01,6.65868528e-07,6.00379129e-01,2.81661490e-01
2.13213213e+01,5.65502477e+00,2.45780858e+02,1.04880536e+07,2.32758537e+03,1.18520984e-01,6.65388467e-07,6.00105823e-01,2.81533272e-01
2.14214214e+01,5.67610591e+00,2.53607932e+02,1.05457396e+07,2.33146355e+03,1.18532762e-01,6.65307136e-07,6.00165460e-01,2.81561250e-01
2.15215215e+01,5.70730519e+00,2.57642823e+02,1.06290411e+07,2.33684638e+03,1.18542289e-01,6.65249809e-07,6.00213697e-01,2.81583880e-01
2.16216216e+01,5.73432999e+00,2.58087272e+02,1.06792496e+07,2.33796085e+03,1.18484435e-01,6.64857188e-07,5.99920768e-01,2.81446455e-01
2.17217217e+01,5.75930470e+00,2.58165717e+02,1.07684441e+07,2.34573841e+03,1.18561532e-01,6.65269160e-07,6.00311132e-01,2.81629591e-01
2.18218218e+01,5.78187217e+00,2.61451865e+02,1.08115878e+07,2.34681929e+03,1.18517321e-01,6.65049611e-07,6.00087279e-01,2.81524572e-01
2.19219219e+01,5.80517969e+00,2.67608710e+02,1.08763167e+07,2.35114605e+03,1.18529664e-01,6.65195583e-07,6.00149772e-01,2.81553890e-01
2.20220220e+01,5.82309883e+00,2.77445322e+02,1.09356274e+07,2.35604671e+03,1.18562167e-01,6.65498758e-07,6.00314345e-01,2.81631098e-01
2.21221221e+01,5.82829420e+00,2.85540933e+02,1.09294709e+07,2.35381709e+03,1.18501935e-01,6.65319146e-07,6.00009375e-01,2.81488024e-01
2.22222222e+01,5.82821373e+00,2.91721963e+02,1.09248146e+07,2.35302195e+03,1.18493113e-01,6.65456235e-07,5.99964702e-01,2.81467066e-01
2.23223223e+01,5.83209390e+00,2.95540869e+02,1.09396945e+07,2.35430140e+03,1.18511121e-01,6.65761480e-07,6.00055886e-01,2.81509844e-01
2.24224224e+01,5.84409000e+00,2.98765140e+02,1.09815637e+07,2.35783720e+03,1.18542466e-01,6.66147772e-07,6.00214592e-01,2.81584299e-01
2.25225225e+01,5.87397371e+00,3.00593766e+02,1.10734946e+07,2.36471677e+03,1.18580710e-01,6.66567066e-07,6.00408235e-01,2.81675144e-01
2.26226226e+01,5.90686432e+00,3.01089152e+02,1.11103842e+07,2.36225502e+03,1.18436560e-01,6.65943985e-07,5.99678359e-01,2.81332730e-01
2.27227227e+01,5.92868229e+00,2.99447770e+02,1.11875622e+07,2.36867304e+03,1.18498445e-01,6.66450594e-07,5.99991700e-01,2.81479731e-01
2.28228228e+01,5.93293672e+00,2.97607265e+02,1.11937621e+07,2.36857717e+03,1.18483888e-01,6.66488189e-07,5.99917997e-01,2.81445154e-01
2.29229229e+01,5.92488050e+00,2.97000775e+02,1.11759204e+07,2.36784970e+03,1.18492279e-01,6.66606396e-07,5.99960483e-01,2.81465085e-01
2.30230230e+01,5.90705495e+00,3.00622110e+02,1.11498598e+07,2.36825218e+03,1.18552559e-01,6.66961209e-07,6.00265698e-01,2.81608274e-01
2.31231231e+01,5.89230499e+00,3.06042090e+02,1.11020720e+07,2.36457547e+03,1.18523952e-01,6.66756175e-07,6.00120849e-01,2.81540319e-01
2.32232232e+01,5.88637340e+00,3.09195069e+02,1.10903537e+07,2.36425243e+03,1.18534351e-01,6.66708493e-07,6.00173504e-01,2.81565022e-01
2.33233233e+01,5.88572097e+00,3.09342347e+02,1.10426208e+07,2.35702164e+03,1.18399373e-01,6.65780705e-07,5.99490069e-01,2.81244396e-01
2.34234234e+01,5.89624238e+00,3.04644500e+02,1.10832829e+07,2.36067676e+03,1.18439631e-01,6.65776846e-07,5.99693912e-01,2.81340027e-01
2.35235235e+01,5.89882214e+00,3.00689230e+02,1.10941350e+07,2.36170307e+03,1.18452254e-01,6.65558360e-07,5.99757826e-01,2.81370012e-01
2.36236236e+01,5.90397583e+00,2.96789086e+02,1.10837005e+07,2.35877308e+03,1.18384415e-01,6.64834286e-07,5.99414333e-01,2.81208866e-01
2.37237237e+01,5.91097774e+00,2.96290070e+02,1.11437063e+07,2.36629720e+03,1.18506324e-01,6.65127788e-07,6.00031595e-01,2.81498449e-01
2.38238238e+01,5.91087287e+00,3.01636084e+02,1.11430596e+07,2.36628948e+03,1.18501935e-01,6.64673375e-07,6.00009375e-01,2.81488025e-01
2.39239239e+01,5.91016960e+00,3.06415560e+02,1.11510023e+07,2.36761810e+03,1.18533959e-01,6.64394927e-07,6.00171520e-01,2.81564094e-01
2.40240240e+01,5.89968696e+00,3.11603110e+02,1.11393458e+07,2.36844272e+03,1.18579144e-01,6.64173819e-07,6.00400305e-01,2.81671427e-01
2.41241241e+01,5.88606363e+00,3.11679009e+02,1.10593362e+07,2.35950141e+03,1.18447077e-01,6.62958472e-07,5.99731612e-01,2.81357717e-01
2.42242242e+01,5.88194427e+00,3.08049785e+02,1.10611542e+07,2.36077509e+03,1.18485556e-01,6.62709283e-07,5.99926442e-01,2.81449120e-01
2.43243243e+01,5.88991653e+00,3.04616983e+02,1.10627199e+07,2.35905818e+03,1.18428058e-01,6.61948266e-07,5.99635313e-01,2.81312540e-01
2.44244244e+01,5.90744266e+00,3.00332541e+02,1.11540680e+07,2.36878862e+03,1.18562663e-01,6.62296259e-07,6.00316858e-01,2.81632280e-01
2.45245245e+01,5.91386078e+00,2.99443091e+02,1.11531112e+07,2.36703763e+03,1.18511434e-01,6.61651957e-07,6.00057471e-01,2.81510592e-01
2.46246246e+01,5.91937409e+00,2.99059043e+02,1.11644874e+07,2.36740574e+03,1.18503393e-01,6.61304832e-07,6.00016758e-01,2.81491492e-01
2.47247247e+01,5.92050994e+00,2.99437031e+02,1.11867872e+07,2.37053910e+03,1.18560390e-01,6.61382008e-07,6.00305352e-01,2.81626883e-01
2.48248248e+01,5.90662291e+00,3.04243045e+02,1.11601518e+07,2.36988829e+03,1.18588742e-01,6.61363279e-07,6.00448903e-01,2.81694229e-01
2.49249249e+01,5.89530252e+00,3.08393863e+02,1.10973042e+07,2.36301663e+03,1.18490927e-01,6.60704621e-07,5.99953637e-01,2.81461880e-01
2.50250250e+01,5.89346358e+00,3.09010535e+02,1.10896161e+07,2.36228544e+03,1.18482447e-01,6.60603700e-07,5.99910703e-01,2.81441738e-01
2.51251251e+01,5.89750021e+00,3.07683980e+02,1.10813852e+07,2.36001353e+03,1.18427367e-01,6.60296361e-07,5.99631819e-01,2.81310903e-01
2.52252252e+01,5.90687383e+00,3.03907728e+02,1.11187189e+07,2.36344764e+03,1.18465407e-01,6.60554182e-07,5.99824423e-01,2.81401261e-01
2.53253253e+01,5.91477577e+00,3.01408904e+02,1.11382449e+07,2.36449603e+03,1.18462357e-01,6.60620629e-07,5.99808979e-01,2.81394016e-01
2.54254254e+01,5.91843215e+00,2.99280766e+02,1.11502366e+07,2.36543762e+03,1.18469455e-01,6.60772767e-07,5.99844919e-01,2.81410876e-01
2.55255255e+01,5.92079031e+00,2.99104924e+02,1.11685278e+07,2.36767162e+03,1.18504615e-01,6.61101532e-07,6.00022944e-01,2.81494395e-01
2.56256256e+01,5.91557902e+00,2.99771756e+02,1.11660904e+07,2.36859801e+03,1.18536746e-01,6.61425271e-07,6.00185633e-01,2.81570718e-01
2.57257257e+01,5.89447976e+00,3.05261634e+02,1.11251111e+07,2.36754374e+03,1.18577243e-01,6.61799313e-07,6.00390680e-01,2.81666914e-01
2.58258258e+01,5.88157915e+00,3.08364482e+02,1.10424969e+07,2.35797481e+03,1.18433526e-01,6.61141228e-07,5.99663001e-01,2.81325531e-01
2.59259259e+01,5.88548389e+00,3.09082194e+02,1.10810724e+07,2.36293753e+03,1.18518967e-01,6.61752298e-07,6.00095612e-01,2.81528486e-01
2.60260260e+01,5.89705887e+00,3.09752698e+02,1.11005155e+07,2.36309164e+03,1.18486154e-01,6.61688372e-07,5.99929471e-01,2.81450542e-01
2.61261261e+01,5.90980305e+00,3.08135193e+02,1.11086830e+07,2.36119268e+03,1.18412791e-01,6.61378818e-07,5.99558013e-01,2.81276276e-01
2.62262262e+01,5.91624423e+00,3.05823079e+02,1.11464740e+07,2.36540081e+03,1.18475119e-01,6.61804629e-07,5.99873600e-01,2.81424330e-01
2.63263263e+01,5.92522207e+00,3.03456506e+02,1.11529555e+07,2.36418034e+03,1.18425497e-01,6.61579906e-07,5.99622349e-01,2.81306459e-01
2.64264264e+01,5.93256688e+00,3.00050828e+02,1.11966052e+07,2.36909487e+03,1.18495471e-01,6.61996680e-07,5.99976646e-01,2.81472673e-01
2.65265265e+01,5.92177563e+00,2.98931080e+02,1.11518495e+07,2.36492202e+03,1.18445512e-01,6.61716100e-07,5.99723688e-01,2.81354001e-01
2.66266266e+01,5.90329231e+00,3.00932234e+02,1.11547043e+07,2.36989605e+03,1.18597343e-01,6.62535577e-07,6.00492451e-01,2.81714658e-01
2.67267267e+01,5.88025186e+00,3.05254012e+02,1.10461137e+07,2.35886475e+03,1.18454352e-01,6.61681479e-07,5.99768450e-01,2.81375000e-01
2.68268268e+01,5.88016903e+00,3.07043331e+02,1.10477610e+07,2.35915723e+03,1.18458999e-01,6.61626751e-07,5.99791976e-01,2.81386037e-01
2.69269269e+01,5.89256363e+00,3.04507923e+02,1.10773582e+07,2.36065856e+03,1.18451134e-01,6.61477514e-07,5.99752157e-01,2.81367357e-01
2.70270270e+01,5.90551527e+00,3.02120826e+02,1.11228454e+07,2.36446495e+03,1.18485636e-01,6.61540725e-07,5.99926847e-01,2.81449311e-01
2.71271271e+01,5.91363449e+00,3.00704075e+02,1.11195498e+07,2.36193033e+03,1.18414838e-01,6.60993104e-07,5.99568376e-01,2.81281138e-01
2.72272272e+01,5.92043162e+00,3.00128403e+02,1.11570134e+07,2.36598614e+03,1.18473950e-01,6.61149239e-07,5.99867679e-01,2.81421553e-01
2.73273273e+01,5.91994588e+00,3.00774085e+02,1.11682623e+07,2.36782480e+03,1.18511033e-01,6.61162815e-07,6.00055441e-01,2.81509640e-01
2.74274274e+01,5.90761970e+00,3.04555155e+02,1.11442050e+07,2.36718355e+03,1.18534592e-01,6.61084890e-07,6.00174727e-01,2.81565602e-01
2.75275275e+01,5.89587989e+00,3.08358279e+02,1.11077611e+07,2.36448346e+03,1.18517396e-01,6.60768401e-07,6.00087661e-01,2.81524757e-01
2.76276276e+01,5.89477777e+00,3.10305508e+02,1.11003016e+07,2.36359491e+03,1.18504482e-01,6.60470036e-07,6.00022271e-01,2.81494079e-01
2.77277277e+01,5.90353630e+00,3.08177499e+02,1.11218777e+07,2.36472648e+03,1.18501935e-01,6.60230101e-07,6.00009375e-01,2.81488030e-01
2.78278278e+01,5.91559418e+00,3.04122374e+02,1.11521763e+07,2.36638784e+03,1.18499306e-01,6.59997469e-07,5.99996066e-01,2.81481786e-01
2.79279279e+01,5.91389850e+00,3.02102123e+02,1.11401881e+07,2.36497245e+03,1.18476729e-01,6.59669752e-07,5.99881749e-01,2.81428156e-01
2.80280280e+01,5.91596171e+00,3.01357061e+02,1.11414774e+07,2.36465329e+03,1.18465103e-01,6.59428074e-07,5.99822884e-01,2.81400540e-01
2.81281281e+01,5.92110351e+00,3.00223240e+02,1.11619874e+07,2.36654075e+03,1.18485545e-01,6.59397731e-07,5.99926388e-01,2.81449098e-01
2.82282282e+01,5.91684646e+00,3.00404503e+02,1.11796999e+07,2.37032532e+03,1.18569331e-01,6.59759526e-07,6.00350623e-01,2.81648124e-01
2.83283283e+01,5.89576916e+00,3.06476118e+02,1.11217021e+07,2.36664721e+03,1.18559878e-01,6.59647862e-07,6.00302760e-01,2.81625669e-01
2.84284284e+01,5.89056902e+00,3.10344564e+02,1.10703352e+07,2.36002043e+03,1.18448139e-01,6.59015986e-07,5.99736990e-01,2.81360244e-01
2.85285285e+01,5.89965197e+00,3.07746356e+02,1.10736979e+07,2.35828753e+03,1.18388633e-01,6.58724451e-07,5.99435695e-01,2.81218895e-01
2.86286286e+01,5.91183422e+00,3.04397557e+02,1.11335438e+07,2.36450637e+03,1.18470758e-01,6.59270033e-07,5.99851520e-01,2.81413975e-01
2.87287287e+01,5.91214580e+00,3.03264179e+02,1.11339799e+07,2.36450250e+03,1.18469348e-01,6.59397372e-07,5.99844381e-01,2.81410625e-01
2.88288288e+01,5.91429230e+00,3.02945610e+02,1.11246825e+07,2.36254057e+03,1.18425723e-01,6.59331368e-07,5.99623496e-01,2.81306999e-01
2.89289289e+01,5.92401151e+00,3.00339349e+02,1.11535301e+07,2.36458356e+03,1.18435600e-01,6.59598745e-07,5.99673505e-01,2.81330460e-01
2.90290290e+01,5.92602392e+00,2.98476111e+02,1.11730957e+07,2.36710297e+03,1.18476836e-01,6.60069499e-07,5.99882292e-01,2.81428410e-01
2.91291291e+01,5.91528019e+00,3.01125391e+02,1.11811316e+07,2.37101171e+03,1.18581577e-01,6.60914936e-07,6.00412624e-01,2.81677210e-01
2.92292292e+01,5.89554746e+00,3.07026684e+02,1.10983545e+07,2.36317759e+03,1.18489147e-01,6.60673203e-07,5.99944629e-01,2.81457654e-01
2.93293293e+01,5.89380215e+00,3.09600149e+02,1.10839852e+07,2.36139429e+03,1.18460171e-01,6.60788266e-07,5.99797913e-01,2.81388824e-01
2.94294294e+01,5.89897102e+00,3.08402937e+02,1.10843920e+07,2.36017495e+03,1.18421865e-01,6.60847933e-07,5.99603960e-01,2.81297832e-01
2.95295295e+01,5.90671788e+00,3.06121474e+02,1.11202149e+07,2.36378546e+03,1.18467542e-01,6.61366935e-07,5.99835231e-01,2.81406331e-01
2.96296296e+01,5.90826868e+00,3.05114555e+02,1.11257836e+07,2.36426335e+03,1.18471805e-01,6.61639925e-07,5.99856819e-01,2.81416458e-01
2.97297297e+01,5.91177024e+00,3.04378535e+02,1.11268384e+07,2.36354737e+03,1.18448728e-01,6.61740351e-07,5.99739975e-01,2.81361641e-01
2.98298298e+01,5.91925215e+00,3.02382865e+02,1.11541279e+07,2.36588111e+03,1.18472170e-01,6.62077293e-07,5.99858667e-01,2.81417325e-01
2.99299299e+01,5.91853298e+00,3.01073441e+02,1.11684394e+07,2.36824978e+03,1.18519933e-01,6.62524568e-07,6.00100504e-01,2.81530780e-01
3.00300300e+01,5.91180073e+00,3.02655215e+02,1.11581860e+07,2.36834618e+03,1.18541142e-01,6.62795887e-07,6.00207893e-01,2.81581160e-01
3.01301301e+01,5.89648716e+00,3.07026771e+02,1.11279015e+07,2.36751776e+03,1.18567907e-01,6.63069923e-07,6.00343408e-01,2.81644735e-01
3.02302302e+01,5.89085935e+00,3.09917334e+02,1.10727356e+07,2.36041470e+03,1.18448195e-01,6.62496385e-07,5.99737274e-01,2.81360374e-01
3.03303303e+01,5.89716630e+00,3.08295859e+02,1.10979998e+07,2.36272821e+03,1.18475363e-01,6.62716962e-07,5.99874835e-01,2.81424909e-01
3.04304304e+01,5.90494747e+00,3.08003188e+02,1.11348436e+07,2.36648765e+03,1.18523460e-01,6.63028687e-07,6.00118363e-01,2.81539157e-01
3.05305305e+01,5.91272338e+00,3.09148053e+02,1.11447719e+07,2.36613455e+03,1.18490810e-01,6.62864173e-07,5.99953044e-01,2.81461600e-01
3.06306306e+01,5.92695487e+00,3.07938538e+02,1.11719128e+07,2.36680747e+03,1.18460474e-01,6.62689757e-07,5.99799445e-01,2.81389541e-01
3.07307307e+01,5.93929955e+00,3.07534622e+02,1.12124643e+07,2.36997335e+03,1.18484860e-01,6.62800435e-07,5.99922921e-01,2.81447468e-01
3.08308308e+01,5.93989783e+00,3.08097464e+02,1.12375959e+07,2.37367101e+03,1.18553503e-01,6.63139484e-07,6.00270479e-01,2.81610521e-01
3.09309309e+01,5.92611349e+00,3.12933623e+02,1.11965217e+07,2.37079052e+03,1.18538782e-01,6.62995053e-07,6.00195942e-01,2.81575553e-01
3.10310310e+01,5.92597382e+00,3.16752762e+02,1.11654172e+07,2.36602945e+03,1.18450136e-01,6.62422239e-07,5.99747100e-01,2.81364983e-01
3.11311311e+01,5.93534024e+00,3.15121585e+02,1.11972675e+07,2.36856697e+03,1.18473507e-01,6.62462683e-07,5.99865436e-01,2.81420500e-01
3.12312312e+01,5.94259675e+00,3.15631150e+02,1.12285332e+07,2.37154733e+03,1.18510124e-01,6.62565413e-07,6.00050837e-01,2.81507479e-01
3.13313313e+01,5.94520209e+00,3.17487457e+02,1.12296018e+07,2.37105310e+03,1.18494157e-01,6.62363994e-07,5.99969992e-01,2.81469551e-01
3.14314314e+01,5.95843520e+00,3.17589163e+02,1.12591849e+07,2.37228696e+03,1.18480803e-01,6.62168579e-07,5.99902378e-01,2.81437831e-01
3.15315315e+01,5.97954841e+00,3.16253031e+02,1.13284959e+07,2.37762015e+03,1.18522792e-01,6.62274754e-07,6.00114980e-01,2.81537571e-01
3.16316316e+01,5.99529999e+00,3.18955150e+02,1.13667299e+07,2.37952041e+03,1.18515641e-01,6.62099559e-07,6.00078773e-01,2.81520585e-01
3.17317317e+01,6.00563701e+00,3.25094309e+02,1.13978069e+07,2.38169740e+03,1.18526678e-01,6.62020307e-07,6.00134656e-01,2.81546802e-01
3.18318318e+01,6.01061528e+00,3.33650228e+02,1.14080235e+07,2.38201433e+03,1.18518893e-01,6.61831128e-07,6.00095238e-01,2.81528310e-01
3.19319319e+01,6.02393999e+00,3.41622378e+02,1.14333637e+07,2.38257304e+03,1.18491620e-01,6.61529175e-07,5.99957149e-01,2.81463527e-01
3.20320320e+01,6.04381750e+00,3.46215779e+02,1.15013964e+07,2.38800032e+03,1.18534652e-01,6.61615936e-07,6.00175031e-01,2.81565744e-01
3.21321321e+01,6.06570668e+00,3.51387724e+02,1.15611255e+07,2.39164193e+03,1.18539484e-01,6.61485827e-07,6.00199497e-01,2.81577222e-01
3.22322322e+01,6.09079485e+00,3.55959590e+02,1.16277178e+07,2.39551596e+03,1.18539181e-01,6.61323739e-07,6.00197964e-01,2.81576504e-01
3.23323323e+01,6.11746766e+00,3.59535546e+02,1.17049145e+07,2.40055904e+03,1.18556305e-01,6.61255599e-07,6.00284666e-01,2.81617179e-01
3.24324324e+01,6.14464182e+00,3.63480389e+02,1.17761385e+07,2.40453683e+03,1.18553772e-01,6.61074605e-07,6.00271844e-01,2.81611164e-01
3.25325325e+01,6.17265025e+00,3.67712896e+02,1.18361662e+07,2.40660189e+03,1.18515625e-01,6.60691903e-07,6.00078693e-01,2.81520549e-01
3.26326326e+01,6.19646765e+00,3.72910926e+02,1.18915121e+07,2.40895380e+03,1.18496331e-01,6.60411212e-07,5.99981000e-01,2.81474718e-01
3.27327327e+01,6.20658720e+00,3.80757026e+02,1.19427967e+07,2.41402860e+03,1.18563564e-01,6.60609527e-07,6.00321422e-01,2.81634423e-01
3.28328328e+01,6.20709824e+00,3.91250212e+02,1.19313530e+07,2.41222502e+03,1.18528759e-01,6.60236305e-07,6.00145195e-01,2.81551749e-01
3.29329329e+01,6.22207110e+00,3.98813694e+02,1.19700680e+07,2.41427334e+03,1.18526563e-01,6.60041930e-07,6.00134075e-01,2.81546532e-01
3.30330330e+01,6.24267823e+00,4.02810831e+02,1.20363055e+07,2.41901421e+03,1.18556212e-01,6.60021223e-07,6.00284194e-01,2.81616959e-01
3.31331331e+01,6.26535897e+00,4.07172189e+02,1.20960873e+07,2.42224399e+03,1.18555456e-01,6.59827194e-07,6.00280371e-01,2.81615166e-01
3.32332332e+01,6.29274147e+00,4.10451130e+02,1.21689927e+07,2.42623369e+03,1.18555742e-01,6.59634627e-07,6.00281816e-01,2.81615844e-01
3.33333333e+01,6.32264338e+00,4.12761132e+02,1.22486918e+07,2.43056259e+03,1.18556314e-01,6.59438851e-07,6.00284715e-01,2.81617204e-01
3.34334334e+01,6.35208480e+00,4.16069901e+02,1.23214850e+07,2.43395241e+03,1.18542795e-01,6.59159550e-07,6.00216262e-01,2.81585090e-01
3.35335335e+01,6.37621147e+00,4.21318883e+02,1.23777434e+07,2.43624093e+03,1.18522010e-01,6.58834557e-07,6.00111022e-01,2.81535718e-01
3.36336336e+01,6.38927921e+00,4.29212836e+02,1.24288068e+07,2.44041068e+03,1.18564626e-01,6.58856557e-07,6.00326798e-01,2.81636948e-01
3.37337337e+01,6.39313890e+00,4.39596048e+02,1.24271674e+07,2.43923892e+03,1.18534329e-01,6.58468113e-07,6.00173400e-01,2.81564983e-01
3.38338338e+01,6.41018883e+00,4.47872229e+02,1.24704078e+07,2.44132169e+03,1.18529186e-01,6.58214467e-07,6.00147358e-01,2.81552766e-01
3.39339339e+01,6.43348639e+00,4.52529995e+02,1.25469989e+07,2.44670281e+03,1.18563969e-01,6.58176776e-07,6.00323475e-01,2.81635389e-01
3.40340340e+01,6.45961860e+00,4.57653798e+02,1.26155725e+07,2.45020183e+03,1.18560141e-01,6.57918843e-07,6.00304090e-01,2.81626295e-01
3.41341341e+01,6.49272300e+00,4.61268369e+02,1.27053230e+07,2.45502848e+03,1.18561253e-01,6.57682520e-07,6.00309723e-01,2.81628938e-01
3.42342342e+01,6.53101909e+00,4.63361607e+02,1.27951808e+07,2.45861235e+03,1.18526618e-01,6.57242046e-07,6.00134357e-01,2.81546667e-01
3.43343343e+01,6.56755025e+00,4.66531713e+02,1.28815037e+07,2.46210720e+03,1.18494087e-01,6.56807666e-07,5.99969642e-01,2.81469394e-01
3.44344344e+01,6.58569728e+00,4.73138368e+02,1.29609829e+07,2.46907983e+03,1.18560909e-01,6.56918761e-07,6.00307983e-01,2.81628123e-01
3.45345345e+01,6.58222257e+00,4.84633249e+02,1.29547014e+07,2.46917106e+03,1.18561625e-01,6.56659404e-07,6.00311606e-01,2.81629823e-01
3.46346346e+01,6.59151686e+00,4.96291329e+02,1.29471150e+07,2.46588021e+03,1.18483027e-01,6.55958461e-07,5.99913641e-01,2.81443122e-01
3.47347347e+01,6.61895685e+00,4.99161034e+02,1.30488277e+07,2.47345235e+03,1.18554728e-01,6.56086930e-07,6.00276686e-01,2.81613441e-01
3.48348348e+01,6.64936042e+00,5.03338525e+02,1.31436631e+07,2.47930634e+03,1.18589663e-01,6.56008848e-07,6.00453570e-01,2.81696425e-01
3.49349349e+01,6.67975344e+00,5.08221838e+02,1.32136320e+07,2.48177139e+03,1.18560625e-01,6.55574820e-07,6.00306542e-01,2.81627448e-01
3.50350350e+01,6.71749779e+00,5.10389173e+02,1.33243800e+07,2.48806007e+03,1.18582088e-01,6.55418615e-07,6.00415217e-01,2.81678432e-01
3.51351351e+01,6.75787863e+00,5.13258157e+02,1.34216980e+07,2.49188962e+03,1.18551964e-01,6.54976337e-07,6.00262691e-01,2.81606877e-01
3.52352352e+01,6.79367174e+00,5.17397950e+02,1.35022239e+07,2.49455195e+03,1.18508274e-01,6.54459143e-07,6.00041478e-01,2.81503097e-01
3.53353353e+01,6.81416263e+00,5.24244840e+02,1.35764519e+07,2.50005795e+03,1.18539801e-01,6.54358355e-07,6.00201105e-01,2.81577985e-01
3.54354354e+01,6.81318893e+00,5.35426537e+02,1.35637602e+07,2.49887603e+03,1.18501934e-01,6.53876705e-07,6.00009375e-01,2.81488037e-01
3.55355355e+01,6.80769477e+00,5.49737729e+02,1.35536796e+07,2.49855253e+03,1.18524773e-01,6.53733929e-07,6.00125014e-01,2.81542288e-01
3.56356356e+01,6.82916153e+00,5.58256003e+02,1.36144286e+07,2.50154489e+03,1.18539805e-01,6.53552482e-07,6.00201129e-01,2.81577997e-01
3.57357357e+01,6.85716715e+00,5.62192118e+02,1.36927391e+07,2.50564959e+03,1.18540223e-01,6.53294085e-07,6.00203245e-01,2.81578990e-01
3.58358358e+01,6.88863812e+00,5.65104036e+02,1.37803598e+07,2.51004710e+03,1.18545697e-01,6.53067700e-07,6.00230959e-01,2.81591992e-01
3.59359359e+01,6.92584751e+00,5.66756474e+02,1.38841354e+07,2.51519293e+03,1.18553694e-01,6.52859643e-07,6.00271452e-01,2.81610989e-01
3.60360360e+01,6.96975849e+00,5.68055874e+02,1.39941388e+07,2.51958710e+03,1.18533075e-01,6.52498635e-07,6.00167050e-01,2.81562010e-01
3.61361361e+01,7.00774728e+00,5.71636380e+02,1.40889920e+07,2.52336949e+03,1.18511671e-01,6.52138129e-07,6.00058677e-01,2.81511169e-01
3.62362362e+01,7.02805697e+00,5.78465446e+02,1.41668889e+07,2.52910534e+03,1.18553062e-01,6.52128424e-07,6.00268251e-01,2.81609488e-01
3.63363363e+01,7.02754166e+00,5.89454988e+02,1.41883087e+07,2.53228297e+03,1.18592014e-01,6.52111003e-07,6.00465478e-01,2.81702016e-01
3.64364364e+01,7.02493545e+00,6.02612452e+02,1.41413480e+07,2.52667359e+03,1.18505855e-01,6.51412277e-07,6.00029229e-01,2.81497354e-01
3.65365365e+01,7.04512593e+00,6.09682434e+02,1.42128967e+07,2.53128278e+03,1.18547842e-01,6.51424443e-07,6.00241823e-01,2.81597090e-01
3.66366366e+01,7.08291956e+00,6.14543506e+02,1.43259360e+07,2.53749700e+03,1.18562033e-01,6.51289184e-07,6.00313677e-01,2.81630800e-01
3.67367367e+01,7.13144093e+00,6.17147879e+02,1.44649040e+07,2.54456018e+03,1.18567597e-01,6.51111367e-07,6.00341847e-01,2.81644016e-01
3.68368368e+01,7.18747453e+00,6.19210743e+02,1.45990156e+07,2.54915484e+03,1.18519965e-01,6.50646161e-07,6.00100674e-01,2.81530873e-01
3.69369369e+01,7.23774254e+00,6.22574925e+02,1.47184823e+07,2.55313391e+03,1.18475018e-01,6.50200460e-07,5.99873095e-01,2.81424106e-01
3.70370370e+01,7.26314295e+00,6.29128061e+02,1.48418747e+07,2.56320289e+03,1.18582789e-01,6.50597509e-07,6.00418772e-01,2.81680105e-01
3.71371371e+01,7.25815319e+00,6.40557765e+02,1.47971091e+07,2.55897349e+03,1.18501933e-01,6.49964993e-07,6.00009375e-01,2.81488041e-01
3.72372372e+01,7.25080601e+00,6.51851554e+02,1.47769715e+07,2.55795005e+03,1.18507972e-01,6.49815367e-07,6.00039949e-01,2.81502385e-01
3.73373373e+01,7.26109400e+00,6.60171447e+02,1.48170465e+07,2.56044446e+03,1.18545399e-01,6.49844563e-07,6.00229454e-01,2.81591290e-01
3.74374374e+01,7.27809734e+00,6.66543840e+02,1.48468725e+07,2.56054352e+03,1.18501933e-01,6.49437985e-07,6.00009375e-01,2.81488042e-01
3.75375375e+01,7.29327346e+00,6.72136284e+02,1.49272989e+07,2.56723709e+03,1.18585948e-01,6.49741341e-07,6.00434764e-01,2.81687609e-01
3.76376376e+01,7.30748660e+00,6.79386836e+02,1.49294959e+07,2.56432947e+03,1.18506936e-01,6.49168485e-07,6.00034703e-01,2.81499925e-01
3.77377377e+01,7.32276938e+00,6.86759475e+02,1.50045012e+07,2.57038086e+03,1.18573927e-01,6.49421750e-07,6.00373902e-01,2.81659056e-01
3.78378378e+01,7.32220695e+00,6.99701496e+02,1.49775014e+07,2.56751157e+03,1.18501933e-01,6.48953372e-07,6.00009375e-01,2.81488043e-01
3.79379379e+01,7.32539504e+00,7.10732287e+02,1.50236490e+07,2.57231764e+03,1.18593329e-01,6.49435766e-07,6.00472137e-01,2.81705143e-01
3.80380380e+01,7.32830500e+00,7.22650812e+02,1.50235083e+07,2.57158640e+03,1.18578836e-01,6.49412317e-07,6.00398754e-01,2.81670716e-01
3.81381381e+01,7.33095928e+00,7.32909533e+02,1.50491851e+07,2.57429350e+03,1.18613629e-01,6.49750662e-07,6.00574921e-01,2.81753362e-01
3.82382382e+01,7.31584530e+00,7.46077471e+02,1.49783597e+07,2.56842014e+03,1.18569818e-01,6.49764031e-07,6.00353093e-01,2.81649294e-01
3.83383383e+01,7.29346541e+00,7.60015975e+02,1.48982406e+07,2.56334354e+03,1.18531757e-01,6.49920174e-07,6.00160378e-01,2.81558883e-01
3.84384384e+01,7.27270567e+00,7.69503371e+02,1.48459564e+07,2.56152152e+03,1.18537193e-01,6.50422754e-07,6.00187902e-01,2.81571795e-01
3.85385385e+01,7.26088287e+00,7.76862727e+02,1.48093735e+07,2.55950606e+03,1.18530897e-01,6.50954810e-07,6.00156025e-01,2.81556840e-01
3.86386386e+01,7.25622218e+00,7.80911983e+02,1.47996774e+07,2.55934957e+03,1.18536622e-01,6.51622600e-07,6.00185010e-01,2.81570437e-01
3.87387387e+01,7.24618282e+00,7.83197984e+02,1.47648739e+07,2.55734364e+03,1.18514597e-01,6.52173874e-07,6.00073494e-01,2.81518120e-01
3.88388388e+01,7.21937061e+00,7.88027831e+02,1.47102114e+07,2.55640131e+03,1.18558043e-01,6.53080698e-07,6.00293472e-01,2.81621319e-01
3.89389389e+01,7.17870835e+00,7.96398468e+02,1.45617439e+07,2.54650393e+03,1.18484955e-01,6.53296695e-07,5.99923406e-01,2.81447706e-01
3.90390390e+01,7.15292744e+00,8.01789730e+02,1.44960085e+07,2.54371458e+03,1.18505011e-01,6.53941027e-07,6.00024955e-01,2.81495346e-01
3.91391391e+01,7.12796879e+00,8.08742253e+02,1.44311040e+07,2.54097163e+03,1.18515303e-01,6.54419113e-07,6.00077065e-01,2.81519792e-01
3.92392392e+01,7.10656785e+00,8.17540987e+02,1.43808792e+07,2.53933569e+03,1.18534806e-01,6.54820116e-07,6.00175815e-01,2.81566120e-01
3.93393393e+01,7.08697394e+00,8.28469619e+02,1.43262936e+07,2.53671345e+03,1.18533765e-01,6.54979068e-07,6.00170542e-01,2.81563646e-01
3.94394394e+01,7.06986007e+00,8.40193368e+02,1.42709933e+07,2.53340696e+03,1.18516524e-01,6.54934594e-07,6.00083248e-01,2.81522692e-01
3.95395395e+01,7.05036434e+00,8.49677357e+02,1.42178706e+07,2.53098402e+03,1.18515205e-01,6.54892341e-07,6.00076571e-01,2.81519560e-01
3.96396396e+01,7.02553472e+00,8.57012228e+02,1.41492031e+07,2.52768894e+03,1.18513943e-01,6.54802186e-07,6.00070179e-01,2.81516561e-01
3.97397397e+01,6.99208729e+00,8.63518057e+02,1.40649400e+07,2.52419705e+03,1.18535454e-01,6.54831538e-07,6.00179097e-01,2.81567659e-01
3.98398398e+01,6.95494982e+00,8.70491005e+02,1.39401929e+07,2.51615992e+03,1.18488723e-01,6.54517619e-07,5.99942485e-01,2.81456655e-01
3.99399399e+01,6.92530730e+00,8.75047700e+02,1.38647077e+07,2.51286366e+03,1.18506786e-01,6.54626505e-07,6.00033944e-01,2.81499562e-01
4.00400400e+01,6.89309251e+00,8.81334920e+02,1.37860925e+07,2.50975202e+03,1.18532310e-01,6.54859328e-07,6.00163176e-01,2.81560190e-01
4.01401401e+01,6.85577322e+00,8.90231300e+02,1.36761092e+07,2.50359918e+03,1.18517313e-01,6.54952458e-07,6.00087242e-01,2.81524566e-01
4.02402402e+01,6.81861366e+00,8.98761109e+02,1.35734938e+07,2.49837438e+03,1.18516421e-01,6.55192554e-07,6.00082725e-01,2.81522447e-01
4.03403403e+01,6.78098474e+00,9.04091569e+02,1.34619843e+07,2.49208273e+03,1.18493448e-01,6.55351359e-07,5.99966405e-01,2.81467877e-01
4.04404404e+01,6.74641950e+00,9.07710017e+02,1.33567971e+07,2.48579151e+03,1.18469011e-01,6.55505061e-07,5.99842677e-01,2.81409831e-01
4.05405405e+01,6.71165059e+00,9.11021816e+02,1.32617197e+07,2.48089382e+03,1.18468478e-01,6.55751219e-07,5.99839977e-01,2.81408563e-01
4.06406406e+01,6.67692721e+00,9.15797940e+02,1.31769611e+07,2.47738389e+03,1.18491117e-01,6.56040991e-07,5.99954603e-01,2.81462339e-01
4.07407407e+01,6.64199567e+00,9.22273286e+02,1.30885206e+07,2.47347446e+03,1.18501820e-01,6.56133933e-07,6.00008799e-01,2.81487764e-01
4.08408408e+01,6.61244814e+00,9.30361707e+02,1.30122600e+07,2.46990196e+03,1.18508968e-01,6.56026796e-07,6.00044989e-01,2.81504743e-01
4.09409409e+01,6.58960057e+00,9.39814225e+02,1.29447418e+07,2.46585166e+03,1.18497130e-01,6.55576715e-07,5.99985051e-01,2.81476624e-01
4.10410410e+01,6.57420567e+00,9.49723577e+02,1.29053624e+07,2.46385951e+03,1.18509034e-01,6.54949154e-07,6.00045322e-01,2.81504900e-01
4.11411411e+01,6.56016609e+00,9.59224216e+02,1.28750808e+07,2.46287737e+03,1.18531237e-01,6.53979627e-07,6.00157745e-01,2.81557643e-01
4.12412412e+01,6.53715290e+00,9.68754476e+02,1.28074223e+07,2.45887977e+03,1.18515805e-01,6.52292922e-07,6.00079607e-01,2.81520987e-01
4.13413413e+01,6.50087723e+00,9.78399661e+02,1.27042184e+07,2.45287871e+03,1.18506014e-01,6.50002954e-07,6.00030038e-01,2.81497735e-01
4.14414414e+01,6.45677601e+00,9.86997653e+02,1.25825887e+07,2.44594809e+03,1.18507960e-01,6.47014130e-07,6.00039890e-01,2.81502360e-01
4.15415415e+01,6.41527431e+00,9.92789341e+02,1.24711024e+07,2.43988493e+03,1.18511568e-01,6.43149134e-07,6.00058161e-01,2.81510937e-01
4.16416416e+01,6.38010674e+00,9.97637518e+02,1.23724011e+07,2.43438855e+03,1.18488615e-01,6.38177685e-07,5.99941946e-01,2.81456421e-01
4.17417417e+01,6.35442377e+00,1.00128156e+03,1.23143751e+07,2.43258440e+03,1.18497383e-01,6.32419979e-07,5.99986347e-01,2.81477258e-01
4.18418418e+01,6.32840984e+00,1.00662053e+03,1.22756462e+07,2.43387980e+03,1.18547147e-01,6.26073956e-07,6.00238322e-01,2.81595477e-01
4.19419419e+01,6.29774310e+00,1.01562648e+03,1.22027258e+07,2.43132069e+03,1.18541422e-01,6.19003397e-07,6.00209339e-01,2.81581887e-01
4.20420420e+01,6.27248627e+00,1.02524684e+03,1.21503272e+07,2.43061820e+03,1.18541924e-01,6.12167888e-07,6.00211883e-01,2.81583089e-01
4.21421421e+01,6.24828678e+00,1.03422660e+03,1.21100867e+07,2.43160749e+03,1.18558661e-01,6.06516853e-07,6.00296633e-01,2.81622855e-01
4.22422422e+01,6.21681920e+00,1.04264590e+03,1.20437647e+07,2.43088479e+03,1.18541416e-01,6.02924563e-07,6.00209316e-01,2.81581895e-01
4.23423423e+01,6.17550578e+00,1.05184472e+03,1.19551066e+07,2.42939166e+03,1.18528789e-01,6.02840086e-07,6.00145382e-01,2.81551901e-01
4.24424424e+01,6.13241490e+00,1.05903379e+03,1.18607239e+07,2.42764311e+03,1.18504621e-01,6.07339995e-07,6.00023012e-01,2.81494487e-01
4.25425425e+01,6.09295555e+00,1.06428346e+03,1.17849335e+07,2.42785109e+03,1.18499781e-01,6.17449779e-07,5.99998495e-01,2.81482974e-01
4.26426426e+01,6.04750879e+00,1.06983695e+03,1.16911293e+07,2.42702416e+03,1.18480350e-01,6.33363578e-07,5.99900101e-01,2.81436795e-01
4.27427427e+01,5.99707647e+00,1.07644319e+03,1.15869592e+07,2.42576014e+03,1.18473854e-01,6.54916578e-07,5.99867196e-01,2.81421334e-01
4.28428428e+01,5.94878205e+00,1.08452767e+03,1.15003761e+07,2.42670513e+03,1.18497029e-01,6.81232737e-07,5.99984525e-01,2.81476348e-01
4.29429429e+01,5.90052231e+00,1.09421848e+03,1.14148368e+07,2.42782344e+03,1.18523003e-01,7.10642791e-07,6.00116017e-01,2.81538003e-01
4.30430430e+01,5.85597407e+00,1.10471335e+03,1.13271573e+07,2.42760029e+03,1.18518217e-01,7.41033922e-07,6.00091766e-01,2.81526592e-01
4.31431431e+01,5.82195605e+00,1.11491627e+03,1.12810588e+07,2.43134530e+03,1.18542700e-01,7.70773300e-07,6.00215711e-01,2.81584706e-01
4.32432432e+01,5.79889562e+00,1.12277419e+03,1.12516862e+07,2.43468745e+03,1.18541284e-01,7.97651179e-07,6.00208525e-01,2.81581305e-01
4.33433433e+01,5.77590436e+00,1.12718648e+03,1.12218048e+07,2.43808637e+03,1.18531605e-01,8.20149908e-07,6.00159500e-01,2.81558280e-01
4.34434434e+01,5.73596625e+00,1.13460716e+03,1.11378452e+07,2.43756136e+03,1.18489419e-01,8.36770205e-07,5.99945892e-01,2.81458049e-01
4.35435435e+01,5.68791074e+00,1.14195200e+03,1.10422538e+07,2.43749953e+03,1.18467971e-01,8.47127506e-07,5.99837287e-01,2.81407086e-01
4.36436436e+01,5.64063660e+00,1.14729801e+03,1.09503424e+07,2.43767382e+03,1.18458036e-01,8.50977916e-07,5.99786980e-01,2.81383480e-01
4.37437437e+01,5.59501025e+00,1.15223004e+03,1.08680041e+07,2.43888224e+03,1.18467334e-01,8.48686902e-07,5.99834064e-01,2.81405572e-01
4.38438438e+01,5.54694650e+00,1.16136917e+03,1.07871073e+07,2.44074969e+03,1.18513634e-01,8.41112636e-07,6.00068498e-01,2.81515563e-01
4.39439439e+01,5.49676163e+00,1.17233722e+03,1.06968439e+07,2.44174686e+03,1.18546477e-01,8.28913508e-07,6.00234798e-01,2.81593595e-01
4.40440440e+01,5.45629078e+00,1.18176120e+03,1.06197926e+07,2.44246612e+03,1.18530607e-01,8.12969392e-07,6.00154453e-01,2.81555920e-01
4.41441441e+01,5.43133123e+00,1.18777009e+03,1.05960728e+07,2.44801793e+03,1.18539904e-01,7.94835798e-07,6.00201541e-01,2.81578031e-01
4.42442442e+01,5.41204631e+00,1.19291330e+03,1.05852212e+07,2.45388478e+03,1.18556340e-01,7.75262155e-07,6.00284773e-01,2.81617101e-01
4.43443443e+01,5.37271875e+00,1.20494209e+03,1.05077745e+07,2.45411231e+03,1.18539397e-01,7.54789569e-07,6.00198999e-01,2.81576884e-01
4.44444444e+01,5.33951332e+00,1.21378396e+03,1.04470546e+07,2.45556052e+03,1.18517383e-01,7.34128100e-07,6.00087545e-01,2.81524619e-01
4.45445445e+01,5.31173055e+00,1.21967037e+03,1.03994377e+07,2.45735142e+03,1.18507831e-01,7.13736150e-07,6.00039195e-01,2.81501959e-01
4.46446446e+01,5.27100209e+00,1.22916106e+03,1.03136563e+07,2.45628898e+03,1.18489673e-01,6.93934721e-07,5.99947266e-01,2.81458854e-01
4.47447447e+01,5.22451246e+00,1.23930082e+03,1.02230862e+07,2.45602191e+03,1.18507136e-01,6.75522153e-07,6.00035700e-01,2.81500363e-01
4.48448448e+01,5.18176991e+00,1.24733946e+03,1.01376711e+07,2.45561559e+03,1.18505954e-01,6.58784679e-07,6.00029728e-01,2.81497580e-01
4.49449449e+01,5.15135937e+00,1.25186157e+03,1.00998499e+07,2.46099385e+03,1.18501274e-01,6.44279196e-07,6.00006039e-01,2.81486483e-01
4.50450450e+01,5.13070249e+00,1.25382681e+03,1.00807804e+07,2.46654442e+03,1.18486495e-01,6.32040544e-07,5.99931216e-01,2.81451394e-01
4.51451451e+01,5.08930833e+00,1.26520491e+03,9.99568702e+06,2.46615646e+03,1.18460545e-01,6.21649053e-07,5.99799833e-01,2.81389768e-01
4.52452452e+01,5.04726296e+00,1.27643557e+03,9.92233481e+06,2.46817452e+03,1.18473862e-01,6.12568280e-07,5.99867266e-01,2.81421415e-01
4.53453453e+01,5.00214788e+00,1.28791647e+03,9.84489733e+06,2.47065210e+03,1.18490500e-01,6.04231466e-07,5.99951514e-01,2.81460948e-01
4.54454454e+01,4.95317501e+00,1.30146101e+03,9.74323642e+06,2.47009800e+03,1.18452940e-01,5.97175710e-07,5.99761341e-01,2.81371738e-01
4.55455455e+01,4.92542964e+00,1.30812044e+03,9.68915946e+06,2.47029037e+03,1.18449829e-01,5.93828595e-07,5.99745591e-01,2.81364353e-01
4.56456456e+01,4.90249468e+00,1.31198341e+03,9.65211495e+06,2.47293611e+03,1.18422144e-01,5.96203174e-07,5.99605410e-01,2.81298585e-01
4.57457457e+01,4.89060817e+00,1.30976152e+03,9.65786528e+06,2.48025240e+03,1.18430308e-01,6.06122103e-07,5.99646742e-01,2.81317965e-01
4.58458458e+01,4.84180340e+00,1.31990356e+03,9.58064379e+06,2.48371973e+03,1.18501930e-01,6.23722854e-07,6.00009375e-01,2.81488071e-01
4.59459459e+01,4.78719259e+00,1.33434841e+03,9.44318348e+06,2.47768630e+03,1.18421807e-01,6.47092635e-07,5.99603675e-01,2.81297714e-01
4.60460460e+01,4.73982882e+00,1.34537186e+03,9.35316971e+06,2.47885392e+03,1.18409272e-01,6.76478546e-07,5.99540184e-01,2.81267895e-01
4.61461461e+01,4.71312665e+00,1.34826015e+03,9.34107014e+06,2.48772606e+03,1.18501941e-01,7.11679328e-07,6.00009375e-01,2.81487972e-01
4.62462462e+01,4.67819618e+00,1.35418924e+03,9.28110017e+06,2.49021048e+03,1.18501946e-01,7.49712230e-07,6.00009375e-01,2.81487929e-01
4.63463463e+01,4.64243300e+00,1.35968701e+03,9.21921862e+06,2.49266256e+03,1.18501951e-01,7.86568482e-07,6.00009375e-01,2.81487888e-01
4.64464464e+01,4.60074173e+00,1.36706132e+03,9.11313466e+06,2.48838466e+03,1.18403066e-01,8.16087970e-07,5.99508675e-01,2.81252956e-01
4.65465465e+01,4.55127418e+00,1.37447373e+03,9.01890069e+06,2.48906986e+03,1.18419728e-01,8.36734486e-07,5.99593023e-01,2.81292504e-01
4.66466466e+01,4.49749961e+00,1.38116576e+03,8.91102464e+06,2.48885279e+03,1.18412579e-01,8.48511013e-07,5.99556822e-01,2.81275507e-01
4.67467467e+01,4.45773691e+00,1.38077057e+03,8.84427641e+06,2.49180317e+03,1.18433532e-01,8.50760978e-07,5.99662911e-01,2.81325275e-01
4.68468468e+01,4.42380341e+00,1.37547890e+03,8.77464767e+06,2.49165608e+03,1.18409436e-01,8.42167702e-07,5.99540909e-01,2.81268048e-01
4.69469469e+01,4.35254368e+00,1.38009952e+03,8.63640645e+06,2.49060554e+03,1.18501956e-01,8.29292738e-07,6.00009375e-01,2.81487840e-01
4.70470470e+01,4.27961792e+00,1.38470134e+03,8.45092281e+06,2.48015614e+03,1.18429705e-01,8.17239129e-07,5.99643553e-01,2.81316231e-01
4.71471471e+01,4.22500211e+00,1.37911977e+03,8.35393938e+06,2.48187217e+03,1.18501952e-01,7.95844506e-07,6.00009375e-01,2.81487877e-01
4.72472472e+01,4.17957571e+00,1.36951054e+03,8.25457177e+06,2.48027127e+03,1.18441442e-01,7.73404033e-07,5.99703010e-01,2.81344174e-01
4.73473473e+01,4.11831116e+00,1.36492640e+03,8.11817731e+06,2.47614417e+03,1.18414248e-01,7.65915369e-07,5.99565325e-01,2.81279589e-01
4.74474474e+01,4.03979559e+00,1.36649500e+03,7.95030745e+06,2.47030512e+03,1.18498935e-01,7.63021150e-07,5.99994123e-01,2.81480759e-01
4.75475475e+01,3.96406033e+00,1.36659898e+03,7.77924818e+06,2.46327221e+03,1.18501939e-01,6.93985505e-07,6.00009375e-01,2.81487992e-01
4.76476476e+01,3.92716667e+00,1.35240055e+03,7.68749442e+06,2.45896741e+03,1.18411315e-01,7.16827436e-07,5.99550506e-01,2.81272692e-01
4.77477477e+01,3.87995494e+00,1.34307444e+03,7.59271082e+06,2.45691115e+03,1.18473737e-01,3.41408465e-06,5.99864845e-01,2.81417124e-01
4.78478478e+01,3.81613300e+00,1.33859162e+03,7.42349661e+06,2.44167341e+03,1.18513037e-01,8.87799968e-05,6.00009372e-01,2.81388811e-01
4.79479479e+01,3.70421277e+00,1.34466734e+03,7.14511883e+06,2.41752323e+03,1.19087759e-01,4.65032893e-03,6.00009201e-01,2.76252712e-01
4.80480480e+01,3.62318760e+00,1.22391791e+03,4.90619907e+06,1.64296389e+03,1.31843234e-01,1.05890210e-01,6.00005404e-01,1.62261152e-01
4.81481481e+01,3.10491202e+00,7.71264104e+02,1.49692741e+06,5.62163931e+02,1.48052542e-01,2.34543079e-01,6.00000580e-01,1.74037991e-02
4.82482482e+01,2.75499253e+00,6.14643016e+02,1.06374788e+06,4.48235979e+02,1.49898564e-01,2.49194902e-01,6.00000030e-01,9.06503844e-04
4.83483483e+01,2.69509236e+00,6.07383824e+02,1.02535244e+06,4.41558170e+02,1.49994800e-01,2.49958731e-01,6.00000002e-01,4.64672703e-05
4.84484484e+01,2.67011085e+00,6.12400269e+02,1.01148255e+06,4.39715716e+02,1.49979144e-01,2.49963523e-01,5.99917672e-01,2.44763612e-06
4.85485485e+01,2.64826228e+00,6.18563969e+02,1.00027493e+06,4.38386604e+02,1.49994506e-01,2.49990752e-01,5.99978080e-01,1.28820078e-07
4.86486486e+01,2.62656133e+00,6.24655641e+02,9.88700401e+05,4.36909179e+02,1.49989293e-01,2.49982151e-01,5.99957177e-01,6.70133539e-09
4.87487487e+01,2.60431461e+00,6.30621466e+02,9.76985429e+05,4.35425657e+02,1.49987439e-01,2.49979064e-01,5.99949755e-01,3.47102771e-10
4.88488488e+01,2.58179357e+00,6.36487731e+02,9.65079802e+05,4.33884643e+02,1.49982883e-01,2.49971472e-01,5.99931533e-01,1.80215714e-11
4.89489489e+01,2.55927457e+00,6.42303800e+02,9.53218973e+05,4.32332466e+02,1.49979608e-01,2.49966013e-01,5.99918430e-01,9.43622289e-13
4.90490490e+01,2.53711461e+00,6.48160003e+02,9.41725642e+05,4.30847441e+02,1.49980589e-01,2.49967649e-01,5.99922358e-01,5.00080656e-14
4.91491491e+01,2.51569407e+00,6.54085931e+02,9.30734925e+05,4.29432174e+02,1.49985015e-01,2.49975025e-01,5.99940061e-01,2.68304308e-15
4.92492492e+01,2.49511228e+00,6.60145815e+02,9.20187375e+05,4.28055409e+02,1.49989360e-01,2.49982267e-01,5.99957442e-01,1.45471626e-16
4.93493493e+01,2.47513295e+00,6.66378015e+02,9.09944320e+05,4.26694772e+02,1.49993774e-01,2.49989623e-01,5.99975094e-01,7.95334572e-18
4.94494494e+01,2.45507156e+00,6.72742134e+02,8.99606653e+05,4.25290796e+02,1.49995001e-01,2.49991668e-01,5.99980004e-01,4.37855526e-19
4.95495495e+01,2.43409938e+00,6.79212769e+02,8.88955169e+05,4.23864473e+02,1.49999152e-01,2.49998586e-01,5.99996607e-01,2.42531887e-20
4.96496496e+01,2.41194041e+00,6.85870769e+02,8.77799096e+05,4.22372569e+02,1.50005477e-01,2.50009128e-01,6.00021908e-01,1.35188529e-21
4.97497497e+01,2.38771333e+00,6.92953969e+02,8.65522885e+05,4.20689792e+02,1.50006011e-01,2.50010019e-01,6.00024046e-01,7.59017530e-23
4.98498498e+01,2.36168565e+00,7.00544955e+02,8.52230871e+05,4.18793329e+02,1.50006363e-01,2.50010605e-01,6.00025451e-01,4.29760776e-24
4.99499499e+01,2.34092614e+00,7.06509400e+02,8.41493189e+05,1.00188946e+02,8.61268621e-01,1.38731379e-01,0.00000000e+00,1.49557351e-26
5.00500501e+01,2.33237780e+00,7.08736598e+02,8.37293688e+05,1.24528372e+03,0.00000000e+00,2.30000000e-01,7.69999299e-01,0.00000000e+00
5.01501502e+01,2.31288733e+00,7.14534788e+02,8.27557312e+05,1.24117443e+03,0.00000000e+00,2.30000000e-01,7.69999696e-01,0.00000000e+00
5.02502503e+01,2.29278483e+00,7.20746613e+02,8.17510472e+05,1.23685606e+03,0.00000000e+00,2.30000000e-01,7.69999873e-01,0.00000000e+00
5.03503504e+01,2.27307501e+00,7.26981539e+02,8.07736965e+05,1.23266542e+03,0.00000000e+00,2.30000000e-01,7.70000128e-01,0.00000000e+00
5.04504505e+01,2.25386658e+00,7.33131451e+02,7.98174771e+05,1.22845360e+03,0.00000000e+00,2.30000000e-01,7.70000253e-01,0.00000000e+00
5.05505506e+01,2.23486214e+00,7.39221203e+02,7.88710332e+05,1.22420961e+03,0.00000000e+00,2.30000000e-01,7.70000192e-01,0.00000000e+00
5.06506507e+01,2.21586790e+00,7.45260123e+02,7.79306932e+05,1.21998282e+03,0.00000000e+00,2.30000000e-01,7.70000084e-01,0.00000000e+00
5.07507508e+01,2.19681532e+00,7.51246694e+02,7.69938379e+05,1.21577019e+03,0.00000000e+00,2.30000000e-01,7.70000021e-01,0.00000000e+00
5.08508509e+01,2.17768442e+00,7.57180773e+02,7.60590741e+05,1.21156066e+03,0.00000000e+00,2.30000000e-01,7.70000020e-01,0.00000000e+00
5.09509510e+01,2.15846953e+00,7.63058523e+02,7.51258923e+05,1.20734889e+03,0.00000000e+00,2.30000000e-01,7.70000030e-01,0.00000000e+00
5.10510511e+01,2.13916878e+00,7.68872082e+02,7.41940485e+05,1.20313061e+03,0.00000000e+00,2.30000000e-01,7.70000717e-01,0.00000000e+00
5.11511512e+01,2.11990944e+00,7.74646240e+02,7.32676625e+05,1.19890382e+03,0.00000000e+00,2.30000000e-01,7.69999469e-01,0.00000000e+00
5.12512513e+01,2.10128875e+00,7.80553563e+02,7.23709076e+05,1.19472398e+03,0.00000000e+00,2.30000000e-01,7.69999513e-01,0.00000000e+00
5.13513514e+01,2.08327618e+00,7.86601134e+02,7.15033285e+05,1.19060761e+03,0.00000000e+00,2.30000000e-01,7.69999639e-01,0.00000000e+00
5.14514515e+01,2.06566339e+00,7.92736033e+02,7.06569720e+05,1.18654607e+03,0.00000000e+00,2.30000000e-01,7.69999872e-01,0.00000000e+00
5.15515516e+01,2.04830466e+00,7.98914866e+02,6.98252794e+05,1.18251645e+03,0.00000000e+00,2.30000000e-01,7.70000043e-01,0.00000000e+00
5.16516517e+01,2.03113351e+00,8.05115324e+02,6.90045629e+05,1.17849660e+03,0.00000000e+00,2.30000000e-01,7.70000187e-01,0.00000000e+00
5.17517518e+01,2.01408701e+00,8.11313272e+02,6.81918930e+05,1.17447425e+03,0.00000000e+00,2.30000000e-01,7.70000223e-01,0.00000000e+00
5.18518519e+01,1.99707351e+00,8.17485343e+02,6.73844989e+05,1.17045563e+03,0.00000000e+00,2.30000000e-01,7.70000173e-01,0.00000000e+00
5.19519520e+01,1.98002446e+00,8.23612570e+02,6.65795684e+05,1.16643204e+03,0.00000000e+00,2.30000000e-01,7.70000134e-01,0.00000000e+00
5.20520521e+01,1.96290316e+00,8.29673579e+02,6.57743348e+05,1.16237602e+03,0.00000000e+00,2.30000000e-01,7.70000069e-01,0.00000000e+00
5.21521522e+01,1.94568623e+00,8.35657699e+02,6.49674440e+05,1.15827607e+03,0.00000000e+00,2.30000000e-01,7.69999942e-01,0.00000000e+00
5.22522523e+01,1.92838466e+00,8.41572318e+02,6.41595586e+05,1.15413541e+03,0.00000000e+00,2.30000000e-01,7.70000033e-01,0.00000000e+00
5.23523524e+01,1.91106334e+00,8.47449983e+02,6.33545080e+05,1.14998383e+03,0.00000000e+00,2.30000000e-01,7.69999528e-01,0.00000000e+00
5.24524525e+01,1.89400122e+00,8.53383032e+02,6.25660404e+05,1.14590242e+03,0.00000000e+00,2.30000000e-01,7.69999688e-01,0.00000000e+00
5.25525526e+01,1.87725655e+00,8.59383626e+02,6.17932836e+05,1.14184394e+03,0.00000000e+00,2.30000000e-01,7.69999937e-01,0.00000000e+00
5.26526527e+01,1.86069912e+00,8.65424401e+02,6.10315098e+05,1.13780290e+03,0.00000000e+00,2.30000000e-01,7.70000015e-01,0.00000000e+00
5.27527528e+01,1.84432891e+00,8.71482423e+02,6.02827988e+05,1.13381988e+03,0.00000000e+00,2.30000000e-01,7.70000106e-01,0.00000000e+00
5.28528529e+01,1.82817131e+00,8.77516884e+02,5.95446027e+05,1.12983366e+03,0.00000000e+00,2.30000000e-01,7.70000184e-01,0.00000000e+00
5.29529530e+01,1.81209542e+00,8.83540082e+02,5.88118479e+05,1.12582991e+03,0.00000000e+00,2.30000000e-01,7.70000137e-01,0.00000000e+00
5.30530531e+01,1.79604593e+00,8.89540651e+02,5.80837721e+05,1.12182838e+03,0.00000000e+00,2.30000000e-01,7.70000069e-01,0.00000000e+00
5.31531532e+01,1.77997731e+00,8.95521552e+02,5.73583619e+05,1.11781866e+03,0.00000000e+00,2.30000000e-01,7.69999995e-01,0.00000000e+00
5.32532533e+01,1.76387838e+00,9.01488716e+02,5.66348002e+05,1.11379134e+03,0.00000000e+00,2.30000000e-01,7.69999956e-01,0.00000000e+00
5.33533534e+01,1.74788241e+00,9.07383901e+02,5.59165038e+05,1.10972877e+03,0.00000000e+00,2.30000000e-01,7.70000070e-01,0.00000000e+00
5.34534535e+01,1.73197140e+00,9.13266447e+02,5.52066119e+05,1.10570593e+03,0.00000000e+00,2.30000000e-01,7.69999603e-01,0.00000000e+00
5.35535536e+01,1.71633069e+00,9.19185723e+02,5.45102993e+05,1.10170856e+03,0.00000000e+00,2.30000000e-01,7.69999902e-01,0.00000000e+00
5.36536537e+01,1.70086018e+00,9.25168102e+02,5.38235911e+05,1.09772400e+03,0.00000000e+00,2.30000000e-01,7.69999952e-01,0.00000000e+00
5.37537538e+01,1.68550659e+00,9.31214999e+02,5.31439257e+05,1.09373539e+03,0.00000000e+00,2.30000000e-01,7.69999981e-01,0.00000000e+00
5.38538539e+01,1.67036510e+00,9.37260018e+02,5.24753736e+05,1.08976586e+03,0.00000000e+00,2.30000000e-01,7.70000028e-01,0.00000000e+00
5.39539540e+01,1.65546247e+00,9.43272934e+02,5.18214272e+05,1.08587307e+03,0.00000000e+00,2.30000000e-01,7.70000107e-01,0.00000000e+00
5.40540541e+01,1.64075850e+00,9.49245618e+02,5.11776796e+05,1.08199423e+03,0.00000000e+00,2.30000000e-01,7.70000139e-01,0.00000000e+00
5.41541542e+01,1.62607460e+00,9.55242373e+02,5.05366517e+05,1.07809011e+03,0.00000000e+00,2.30000000e-01,7.70000037e-01,0.00000000e+00
5.42542543e+01,1.61138044e+00,9.61270826e+02,4.98977446e+05,1.07416728e+03,0.00000000e+00,2.30000000e-01,7.69999980e-01,0.00000000e+00
5.43543544e+01,1.59681199e+00,9.67254551e+02,4.92656695e+05,1.07023636e+03,0.00000000e+00,2.30000000e-01,7.69999963e-01,0.00000000e+00
5.44544545e+01,1.58234663e+00,9.73213953e+02,4.86405002e+05,1.06631497e+03,0.00000000e+00,2.30000000e-01,7.69999954e-01,0.00000000e+00
5.45545546e+01,1.56799360e+00,9.79153289e+02,4.80218190e+05,1.06238866e+03,0.00000000e+00,2.30000000e-01,7.69999947e-01,0.00000000e+00
5.46546547e+01,1.55365277e+00,9.85148306e+02,4.74055218e+05,1.05843474e+03,0.00000000e+00,2.30000000e-01,7.69999912e-01,0.00000000e+00
5.47547548e+01,1.53937465e+00,9.91193984e+02,4.67938213e+05,1.05446774e+03,0.00000000e+00,2.30000000e-01,7.69999917e-01,0.00000000e+00
5.48548549e+01,1.52530063e+00,9.97221466e+02,4.61938546e+05,1.05055266e+03,0.00000000e+00,2.30000000e-01,7.70000013e-01,0.00000000e+00
5.49549550e+01,1.51144999e+00,1.00321011e+03,4.56066956e+05,1.04670395e+03,0.00000000e+00,2.30000000e-01,7.70000092e-01,0.00000000e+00
5.50550551e+01,1.49771399e+00,1.00920543e+03,4.50264147e+05,1.04286362e+03,0.00000000e+00,2.30000000e-01,7.70000099e-01,0.00000000e+00
5.51551552e+01,1.48403475e+00,1.01521920e+03,4.44519308e+05,1.03904803e+03,0.00000000e+00,2.30000000e-01,7.70000032e-01,0.00000000e+00
5.52552553e+01,1.47037557e+00,1.02126749e+03,4.38816488e+05,1.03524646e+03,0.00000000e+00,2.30000000e-01,7.69999965e-01,0.00000000e+00
5.53553554e+01,1.45679912e+00,1.02731595e+03,4.33171744e+05,1.03145323e+03,0.00000000e+00,2.30000000e-01,7.69999974e-01,0.00000000e+00
5.54554555e+01,1.44336049e+00,1.03333119e+03,4.27597251e+05,1.02765934e+03,0.00000000e+00,2.30000000e-01,7.70000001e-01,0.00000000e+00
5.55555556e+01,1.43006334e+00,1.03930739e+03,4.22109523e+05,1.02390333e+03,0.00000000e+00,2.30000000e-01,7.70000001e-01,0.00000000e+00
5.56556557e+01,1.41688979e+00,1.04525436e+03,4.16706339e+05,1.02019480e+03,0.00000000e+00,2.30000000e-01,7.70000024e-01,0.00000000e+00
5.57557558e+01,1.40379166e+00,1.05119956e+03,4.11342940e+05,1.01646038e+03,0.00000000e+00,2.30000000e-01,7.70000031e-01,0.00000000e+00
5.58558559e+01,1.39070955e+00,1.05717888e+03,4.05998603e+05,1.01269153e+03,0.00000000e+00,2.30000000e-01,7.70000008e-01,0.00000000e+00
5.59559560e+01,1.37764287e+00,1.06319158e+03,4.00673019e+05,1.00888707e+03,0.00000000e+00,2.30000000e-01,7.69999944e-01,0.00000000e+00
5.60560561e+01,1.36464778e+00,1.06920863e+03,3.95409726e+05,1.00511531e+03,0.00000000e+00,2.30000000e-01,7.69999926e-01,0.00000000e+00
5.61561562e+01,1.35181219e+00,1.07517911e+03,3.90230611e+05,1.00136882e+03,0.00000000e+00,2.30000000e-01,7.69999977e-01,0.00000000e+00
5.62562563e+01,1.33912097e+00,1.08111816e+03,3.85117117e+05,9.97612981e+02,0.00000000e+00,2.30000000e-01,7.70000002e-01,0.00000000e+00
5.63563564e+01,1.32659593e+00,1.08700440e+03,3.80105478e+05,9.93927118e+02,0.00000000e+00,2.30000000e-01,7.70000018e-01,0.00000000e+00
5.64564565e+01,1.31419526e+00,1.09286411e+03,3.75175195e+05,9.90292033e+02,0.00000000e+00,2.30000000e-01,7.70000038e-01,0.00000000e+00
5.65565566e+01,1.30184440e+00,1.09874772e+03,3.70270349e+05,9.86617749e+02,0.00000000e+00,2.30000000e-01,7.70000029e-01,0.00000000e+00
5.66566567e+01,1.28949886e+00,1.10468577e+03,3.65376966e+05,9.82899893e+02,0.00000000e+00,2.30000000e-01,7.69999989e-01,0.00000000e+00
5.67567568e+01,1.27716163e+00,1.11068028e+03,3.60492545e+05,9.79128107e+02,0.00000000e+00,2.30000000e-01,7.69999973e-01,0.00000000e+00
5.68568569e+01,1.26488915e+00,1.11669018e+03,3.55646631e+05,9.75338405e+02,0.00000000e+00,2.30000000e-01,7.69999971e-01,0.00000000e+00
5.69569570e+01,1.25273919e+00,1.12267135e+03,3.50878332e+05,9.71594126e+02,0.00000000e+00,2.30000000e-01,7.70000193e-01,0.00000000e+00
5.70570571e+01,1.24076438e+00,1.12859228e+03,3.46202345e+05,9.67898649e+02,0.00000000e+00,2.30000000e-01,7.69999739e-01,0.00000000e+00
5.71571572e+01,1.22900785e+00,1.13449906e+03,3.41608834e+05,9.64192058e+02,0.00000000e+00,2.30000000e-01,7.69999923e-01,0.00000000e+00
5.72572573e+01,1.21739583e+00,1.14040656e+03,3.37081759e+05,9.60489235e+02,0.00000000e+00,2.30000000e-01,7.70000048e-01,0.00000000e+00
5.73573574e+01,1.20588784e+00,1.14632603e+03,3.32622918e+05,9.56828987e+02,0.00000000e+00,2.30000000e-01,7.70000027e-01,0.00000000e+00
5.74574575e+01,1.19448143e+00,1.15227039e+03,3.28231514e+05,9.53213006e+02,0.00000000e+00,2.30000000e-01,7.69999984e-01,0.00000000e+00
5.75575576e+01,1.18316502e+00,1.15826153e+03,3.23889209e+05,9.49599017e+02,0.00000000e+00,2.30000000e-01,7.69999958e-01,0.00000000e+00
5.76576577e+01,1.17194223e+00,1.16429236e+03,3.19583689e+05,9.45948497e+02,0.00000000e+00,2.30000000e-01,7.69999981e-01,0.00000000e+00
5.77577578e+01,1.16082169e+00,1.17034270e+03,3.15318651e+05,9.42265328e+02,0.00000000e+00,2.30000000e-01,7.70000030e-01,0.00000000e+00
5.78578579e+01,1.14982195e+00,1.17637926e+03,3.11106827e+05,9.38572901e+02,0.00000000e+00,2.30000000e-01,7.70000040e-01,0.00000000e+00
5.79579580e+01,1.13893249e+00,1.18240013e+03,3.06971536e+05,9.34951734e+02,0.00000000e+00,2.30000000e-01,7.70000030e-01,0.00000000e+00
5.80580581e+01,1.12817601e+00,1.18837130e+03,3.02913173e+05,9.31387352e+02,0.00000000e+00,2.30000000e-01,7.70000101e-01,0.00000000e+00
5.81581582e+01,1.11752059e+00,1.19429654e+03,2.98898522e+05,9.27806182e+02,0.00000000e+00,2.30000000e-01,7.70000119e-01,0.00000000e+00
5.82582583e+01,1.10690088e+00,1.20021170e+03,2.94913830e+05,9.24220169e+02,0.00000000e+00,2.30000000e-01,7.70000100e-01,0.00000000e+00
5.83583584e+01,1.09627471e+00,1.20613563e+03,2.90948082e+05,9.20629955e+02,0.00000000e+00,2.30000000e-01,7.70000178e-01,0.00000000e+00
5.84584585e+01,1.08557830e+00,1.21209297e+03,2.86977733e+05,9.17014271e+02,0.00000000e+00,2.30000000e-01,7.70000075e-01,0.00000000e+00
5.85585586e+01,1.07473109e+00,1.21815515e+03,2.82974049e+05,9.13347502e+02,0.00000000e+00,2.30000000e-01,7.69999626e-01,0.00000000e+00
5.86586587e+01,1.06398216e+00,1.22414079e+03,2.79016013e+05,9.09669994e+02,0.00000000e+00,2.30000000e-01,7.69999981e-01,0.00000000e+00
5.87587588e+01,1.05338545e+00,1.22998771e+03,2.75143674e+05,9.06068787e+02,0.00000000e+00,2.30000000e-01,7.70000284e-01,0.00000000e+00
5.88588589e+01,1.04281800e+00,1.23582997e+03,2.71307639e+05,9.02490156e+02,0.00000000e+00,2.30000000e-01,7.70000248e-01,0.00000000e+00
5.89589590e+01,1.03238076e+00,1.24169431e+03,2.67525654e+05,8.98907365e+02,0.00000000e+00,2.30000000e-01,7.69999269e-01,0.00000000e+00
5.90590591e+01,1.02226809e+00,1.24751527e+03,2.63863700e+05,8.95372977e+02,0.00000000e+00,2.30000000e-01,7.69999871e-01,0.00000000e+00
5.91591592e+01,1.01230760e+00,1.25330215e+03,2.60281522e+05,8.91907638e+02,0.00000000e+00,2.30000000e-01,7.70000087e-01,0.00000000e+00
5.92592593e+01,1.00236096e+00,1.25917758e+03,2.56720243e+05,8.88433677e+02,0.00000000e+00,2.30000000e-01,7.70000087e-01,0.00000000e+00
5.93593594e+01,9.92466712e-01,1.26511772e+03,2.53189197e+05,8.84949275e+02,0.00000000e+00,2.30000000e-01,7.69999831e-01,0.00000000e+00
5.94594595e+01,9.82718294e-01,1.27103764e+03,2.49710232e+05,8.81447359e+02,0.00000000e+00,2.30000000e-01,7.69999993e-01,0.00000000e+00
5.95595596e+01,9.73095318e-01,1.27691415e+03,2.46314894e+05,8.78060294e+02,0.00000000e+00,2.30000000e-01,7.70000072e-01,0.00000000e+00
5.96596597e+01,9.63562816e-01,1.28276878e+03,2.42975189e+05,8.74723794e+02,0.00000000e+00,2.30000000e-01,7.70000084e-01,0.00000000e+00
5.97597598e+01,9.54031209e-01,1.28869779e+03,2.39642042e+05,8.71343631e+02,0.00000000e+00,2.30000000e-01,7.70000107e-01,0.00000000e+00
5.98598599e+01,9.44495782e-01,1.29472098e+03,2.36303160e+05,8.67877839e+02,0.00000000e+00,2.30000000e-01,7.69999972e-01,0.00000000e+00
5.99599600e+01,9.35114938e-01,1.30069051e+03,2.33029001e+05,8.64438631e+02,0.00000000e+00,2.30000000e-01,7.69999758e-01,0.00000000e+00
6.00600601e+01,9.25915761e-01,1.30659089e+03,2.29847499e+05,8.61107498e+02,0.00000000e+00,2.30000000e-01,7.70000035e-01,0.00000000e+00
6.01601602e+01,9.16822782e-01,1.31244921e+03,2.26707304e+05,8.57766632e+02,0.00000000e+00,2.30000000e-01,7.70000110e-01,0.00000000e+00
6.02602603e+01,9.07759181e-01,1.31834427e+03,2.23578179e+05,8.54373642e+02,0.00000000e+00,2.30000000e-01,7.70000004e-01,0.00000000e+00
6.03603604e+01,8.98703337e-01,1.32430685e+03,2.20451665e+05,8.50914928e+02,0.00000000e+00,2.30000000e-01,7.69999926e-01,0.00000000e+00
6.04604605e+01,8.89740744e-01,1.33023086e+03,2.17381214e+05,8.47515377e+02,0.00000000e+00,2.30000000e-01,7.70000054e-01,0.00000000e+00
6.05605606e+01,8.80898526e-01,1.33605848e+03,2.14361564e+05,8.44131388e+02,0.00000000e+00,2.30000000e-01,7.70000145e-01,0.00000000e+00
6.06606607e+01,8.72083756e-01,1.34188858e+03,2.11365027e+05,8.40744300e+02,0.00000000e+00,2.30000000e-01,7.70000179e-01,0.00000000e+00
6.07607608e+01,8.63239538e-01,1.34776216e+03,2.08376867e+05,8.37350464e+02,0.00000000e+00,2.30000000e-01,7.69999990e-01,0.00000000e+00
6.08608609e+01,8.54337336e-01,1.35372788e+03,2.05381720e+05,8.33914150e+02,0.00000000e+00,2.30000000e-01,7.70000307e-01,0.00000000e+00
6.09609610e+01,8.45532788e-01,1.35964341e+03,2.02424294e+05,8.30465406e+02,0.00000000e+00,2.30000000e-01,7.69999360e-01,0.00000000e+00
6.10610611e+01,8.36950694e-01,1.36551497e+03,1.99551412e+05,8.27073436e+02,0.00000000e+00,2.30000000e-01,7.69999864e-01,0.00000000e+00
6.11611612e+01,8.28482422e-01,1.37135945e+03,1.96740157e+05,8.23756312e+02,0.00000000e+00,2.30000000e-01,7.70000087e-01,0.00000000e+00
6.12612613e+01,8.20016024e-01,1.37730353e+03,1.93924549e+05,8.20350417e+02,0.00000000e+00,2.30000000e-01,7.70000289e-01,0.00000000e+00
6.13613614e+01,8.11556308e-01,1.38336324e+03,1.91108323e+05,8.16864784e+02,0.00000000e+00,2.30000000e-01,7.69999667e-01,0.00000000e+00
6.14614615e+01,8.03298846e-01,1.38930452e+03,1.88372626e+05,8.13447856e+02,0.00000000e+00,2.30000000e-01,7.70000022e-01,0.00000000e+00
6.15615616e+01,7.95122576e-01,1.39524037e+03,1.85683325e+05,8.10080038e+02,0.00000000e+00,2.30000000e-01,7.69999929e-01,0.00000000e+00
6.16616617e+01,7.87063506e-01,1.40111118e+03,1.83064564e+05,8.06832808e+02,0.00000000e+00,2.30000000e-01,7.70000091e-01,0.00000000e+00
6.17617618e+01,7.79088966e-01,1.40692702e+03,1.80479718e+05,8.03582379e+02,0.00000000e+00,2.30000000e-01,7.70000055e-01,0.00000000e+00
6.18618619e+01,7.71107392e-01,1.41283948e+03,1.77889265e+05,8.00246938e+02,0.00000000e+00,2.30000000e-01,7.69999852e-01,0.00000000e+00
6.19619620e+01,7.63216687e-01,1.41870969e+03,1.75346431e+05,7.96962944e+02,0.00000000e+00,2.30000000e-01,7.70000057e-01,0.00000000e+00
6.20620621e+01,7.55464010e-01,1.42442809e+03,1.72864995e+05,7.93747351e+02,0.00000000e+00,2.30000000e-01,7.70000155e-01,0.00000000e+00
6.21621622e+01,7.47726674e-01,1.43017962e+03,1.70396013e+05,7.90506864e+02,0.00000000e+00,2.30000000e-01,7.69999979e-01,0.00000000e+00
6.22622623e+01,7.40001929e-01,1.43597507e+03,1.67933896e+05,7.87217291e+02,0.00000000e+00,2.30000000e-01,7.69999924e-01,0.00000000e+00
6.23623624e+01,7.32350055e-01,1.44171529e+03,1.65516612e+05,7.83992585e+02,0.00000000e+00,2.30000000e-01,7.69999989e-01,0.00000000e+00
6.24624625e+01,7.24737692e-01,1.44748380e+03,1.63132006e+05,7.80813124e+02,0.00000000e+00,2.30000000e-01,7.70000677e-01,0.00000000e+00
6.25625626e+01,7.17176154e-01,1.45328488e+03,1.60760407e+05,7.77575358e+02,0.00000000e+00,2.30000000e-01,7.69999655e-01,0.00000000e+00
6.26626627e+01,7.09780364e-01,1.45908021e+03,1.58444350e+05,7.74358483e+02,0.00000000e+00,2.30000000e-01,7.69999543e-01,0.00000000e+00
6.27627628e+01,7.02535471e-01,1.46480983e+03,1.56199385e+05,7.71258805e+02,0.00000000e+00,2.30000000e-01,7.70000017e-01,0.00000000e+00
6.28628629e+01,6.95333088e-01,1.47056547e+03,1.53974787e+05,7.68149503e+02,0.00000000e+00,2.30000000e-01,7.70000097e-01,0.00000000e+00
6.29629630e+01,6.88134021e-01,1.47642233e+03,1.51745905e+05,7.64949794e+02,0.00000000e+00,2.30000000e-01,7.70000217e-01,0.00000000e+00
6.30630631e+01,6.80988398e-01,1.48230292e+03,1.49541041e+05,7.61745435e+02,0.00000000e+00,2.30000000e-01,7.69999793e-01,0.00000000e+00
6.31631632e+01,6.73956094e-01,1.48814905e+03,1.47373029e+05,7.58534847e+02,0.00000000e+00,2.30000000e-01,7.69999883e-01,0.00000000e+00
6.32632633e+01,6.67023567e-01,1.49393208e+03,1.45252030e+05,7.55388067e+02,0.00000000e+00,2.30000000e-01,7.69999987e-01,0.00000000e+00
6.33633634e+01,6.60166514e-01,1.49966990e+03,1.43168053e+05,7.52283238e+02,0.00000000e+00,2.30000000e-01,7.70000718e-01,0.00000000e+00
6.34634635e+01,6.53392594e-01,1.50532012e+03,1.41128127e+05,7.49253211e+02,0.00000000e+00,2.30000000e-01,7.69999638e-01,0.00000000e+00
6.35635636e+01,6.46782684e-01,1.51087821e+03,1.39143136e+05,7.46264269e+02,0.00000000e+00,2.30000000e-01,7.69999633e-01,0.00000000e+00
6.36636637e+01,6.40299426e-01,1.51635254e+03,1.37207207e+05,7.43332086e+02,0.00000000e+00,2.30000000e-01,7.70000027e-01,0.00000000e+00
6.37637638e+01,6.33862727e-01,1.52182045e+03,1.35287695e+05,7.40375662e+02,0.00000000e+00,2.30000000e-01,7.70000064e-01,0.00000000e+00
6.38638639e+01,6.27441581e-01,1.52733867e+03,1.33373227e+05,7.37368048e+02,0.00000000e+00,2.30000000e-01,7.70000284e-01,0.00000000e+00
6.39639640e+01,6.21032817e-01,1.53290032e+03,1.31472318e+05,7.34359252e+02,0.00000000e+00,2.30000000e-01,7.70000624e-01,0.00000000e+00
6.40640641e+01,6.14682173e-01,1.53848378e+03,1.29610459e+05,7.31439778e+02,0.00000000e+00,2.30000000e-01,7.69999855e-01,0.00000000e+00
6.41641642e+01,6.08508060e-01,1.54400731e+03,1.27789596e+05,7.28481003e+02,0.00000000e+00,2.30000000e-01,7.70000026e-01,0.00000000e+00
6.42642643e+01,6.02531749e-01,1.54937013e+03,1.26036319e+05,7.25612613e+02,0.00000000e+00,2.30000000e-01,7.70000074e-01,0.00000000e+00
6.43643644e+01,5.96712693e-01,1.55467139e+03,1.24337367e+05,7.22812209e+02,0.00000000e+00,2.30000000e-01,7.69999976e-01,0.00000000e+00
6.44644645e+01,5.91056971e-01,1.55991260e+03,1.22680054e+05,7.20002326e+02,0.00000000e+00,2.30000000e-01,7.69999546e-01,0.00000000e+00
6.45645646e+01,5.85589079e-01,1.56501817e+03,1.21089399e+05,7.17302711e+02,0.00000000e+00,2.30000000e-01,7.69999466e-01,0.00000000e+00
6.46646647e+01,5.80248432e-01,1.57002511e+03,1.19559184e+05,7.14755587e+02,0.00000000e+00,2.30000000e-01,7.70001093e-01,0.00000000e+00
6.47647648e+01,5.74989381e-01,1.57487322e+03,1.18077339e+05,7.12352038e+02,0.00000000e+00,2.30000000e-01,7.70002551e-01,0.00000000e+00
6.48648649e+01,5.69954253e-01,1.57941970e+03,1.16674933e+05,7.10112247e+02,0.00000000e+00,2.30000000e-01,7.69999193e-01,0.00000000e+00
6.49649650e+01,5.65370233e-01,1.58374906e+03,1.15354997e+05,7.07771315e+02,0.00000000e+00,2.30000000e-01,7.69999100e-01,0.00000000e+00
6.50650651e+01,5.61189114e-01,1.58779612e+03,1.14127625e+05,7.05456411e+02,0.00000000e+00,2.30000000e-01,7.70000982e-01,0.00000000e+00
6.51651652e+01,5.57364704e-01,1.59142369e+03,1.13007105e+05,7.03323790e+02,0.00000000e+00,2.30000000e-01,7.70000127e-01,0.00000000e+00
6.52652653e+01,5.53989053e-01,1.59460154e+03,1.12030017e+05,7.01492066e+02,0.00000000e+00,2.30000000e-01,7.69998962e-01,0.00000000e+00
6.53653654e+01,5.51076224e-01,1.59732394e+03,1.11219652e+05,7.00097526e+02,0.00000000e+00,2.30000000e-01,7.70000883e-01,0.00000000e+00
6.54654655e+01,5.48557758e-01,1.59949768e+03,1.10563372e+05,6.99160534e+02,0.00000000e+00,2.30000000e-01,7.70002432e-01,0.00000000e+00
6.55655656e+01,5.46510081e-01,1.60109082e+03,1.10049487e+05,6.98519969e+02,0.00000000e+00,2.30000000e-01,7.70000222e-01,0.00000000e+00
6.56656657e+01,5.45107876e-01,1.60222387e+03,1.09683376e+05,6.97988991e+02,0.00000000e+00,2.30000000e-01,7.69997447e-01,0.00000000e+00
6.57657658e+01,5.44340307e-01,1.60301795e+03,1.09451101e+05,6.97492849e+02,0.00000000e+00,2.30000000e-01,7.69997676e-01,0.00000000e+00
6.58658659e+01,5.43970851e-01,1.60351279e+03,1.09312847e+05,6.97083678e+02,0.00000000e+00,2.30000000e-01,7.69999427e-01,0.00000000e+00
6.59659660e+01,5.43768845e-01,1.60375841e+03,1.09237387e+05,6.96860639e+02,0.00000000e+00,2.30000000e-01,7.70000287e-01,0.00000000e+00
6.60660661e+01,5.43646343e-01,1.60384269e+03,1.09208728e+05,6.96835070e+02,0.00000000e+00,2.30000000e-01,7.69999909e-01,0.00000000e+00
6.61661662e+01,5.43600758e-01,1.60384538e+03,1.09207501e+05,6.96885979e+02,0.00000000e+00,2.30000000e-01,7.69999485e-01,0.00000000e+00
6.62662663e+01,5.43610402e-01,1.60382408e+03,1.09214064e+05,6.96915372e+02,0.00000000e+00,2.30000000e-01,7.69999657e-01,0.00000000e+00
6.63663664e+01,5.43672150e-01,1.60374733e+03,1.09237594e+05,6.96986276e+02,0.00000000e+00,2.30000000e-01,7.69999758e-01,0.00000000e+00
6.64664665e+01,5.43817925e-01,1.60358534e+03,1.09287409e+05,6.97117158e+02,0.00000000e+00,2.30000000e-01,7.69999822e-01,0.00000000e+00
6.65665666e+01,5.44070173e-01,1.60331929e+03,1.09369638e+05,6.97318193e+02,0.00000000e+00,2.30000000e-01,7.69999873e-01,0.00000000e+00
6.66666667e+01,5.44443485e-01,1.60294028e+03,1.09487399e+05,6.97590308e+02,0.00000000e+00,2.30000000e-01,7.69999944e-01,0.00000000e+00
6.67667668e+01,5.44942942e-01,1.60244942e+03,1.09640676e+05,6.97926555e+02,0.00000000e+00,2.30000000e-01,7.70000065e-01,0.00000000e+00
6.68668669e+01,5.45558549e-01,1.60186097e+03,1.09825386e+05,6.98313301e+02,0.00000000e+00,2.30000000e-01,7.70000311e-01,0.00000000e+00
6.69669670e+01,5.46252620e-01,1.60120765e+03,1.10031190e+05,6.98732918e+02,0.00000000e+00,2.30000000e-01,7.70000345e-01,0.00000000e+00
6.70670671e+01,5.46948302e-01,1.60059306e+03,1.10231039e+05,6.99111807e+02,0.00000000e+00,2.30000000e-01,7.70000149e-01,0.00000000e+00
6.71671672e+01,5.47611884e-01,1.60005099e+03,1.10408500e+05,6.99388997e+02,0.00000000e+00,2.30000000e-01,7.69999844e-01,0.00000000e+00
6.72672673e+01,5.48265136e-01,1.59951180e+03,1.10578844e+05,6.99633727e+02,0.00000000e+00,2.30000000e-01,7.69999459e-01,0.00000000e+00
6.73673674e+01,5.48893894e-01,1.59897946e+03,1.10743656e+05,6.99873598e+02,0.00000000e+00,2.30000000e-01,7.69999834e-01,0.00000000e+00
6.74674675e+01,5.49442329e-01,1.59847411e+03,1.10893883e+05,7.00123030e+02,0.00000000e+00,2.30000000e-01,7.70000437e-01,0.00000000e+00
6.75675676e+01,5.49885981e-01,1.59801602e+03,1.11022592e+05,7.00370094e+02,0.00000000e+00,2.30000000e-01,7.70000447e-01,0.00000000e+00
6.76676677e+01,5.50257649e-01,1.59762023e+03,1.11133193e+05,7.00594534e+02,0.00000000e+00,2.30000000e-01,7.70000087e-01,0.00000000e+00
6.77677678e+01,5.50599231e-01,1.59728580e+03,1.11232542e+05,7.00785903e+02,0.00000000e+00,2.30000000e-01,7.69999969e-01,0.00000000e+00
6.78678679e+01,5.50928197e-01,1.59699579e+03,1.11324855e+05,7.00948854e+02,0.00000000e+00,2.30000000e-01,7.69999751e-01,0.00000000e+00
6.79679680e+01,5.51253287e-01,1.59674609e+03,1.11404475e+05,7.01036451e+02,0.00000000e+00,2.30000000e-01,7.69999830e-01,0.00000000e+00
6.80680681e+01,5.51556186e-01,1.59652403e+03,1.11467760e+05,7.01049232e+02,0.00000000e+00,2.30000000e-01,7.70000171e-01,0.00000000e+00
6.81681682e+01,5.51809399e-01,1.59632620e+03,1.11528252e+05,7.01107845e+02,0.00000000e+00,2.30000000e-01,7.70000125e-01,0.00000000e+00
6.82682683e+01,5.52020380e-01,1.59617431e+03,1.11589330e+05,7.01223870e+02,0.00000000e+00,2.30000000e-01,7.69999885e-01,0.00000000e+00
6.83683684e+01,5.52198644e-01,1.59607584e+03,1.11652647e+05,7.01395414e+02,0.00000000e+00,2.30000000e-01,7.69999658e-01,0.00000000e+00
6.84684685e+01,5.52338316e-01,1.59602337e+03,1.11722311e+05,7.01655282e+02,0.00000000e+00,2.30000000e-01,7.70000045e-01,0.00000000e+00
6.85685686e+01,5.52424873e-01,1.59596849e+03,1.11777864e+05,7.01893903e+02,0.00000000e+00,2.30000000e-01,7.70000427e-01,0.00000000e+00
6.86686687e+01,5.52464006e-01,1.59589801e+03,1.11814985e+05,7.02077424e+02,0.00000000e+00,2.30000000e-01,7.70000211e-01,0.00000000e+00
6.87687688e+01,5.52480483e-01,1.59583367e+03,1.11836380e+05,7.02190773e+02,0.00000000e+00,2.30000000e-01,7.70000278e-01,0.00000000e+00
6.88688689e+01,5.52471450e-01,1.59575656e+03,1.11860737e+05,7.02355026e+02,0.00000000e+00,2.30000000e-01,7.70000498e-01,0.00000000e+00
6.89689690e+01,5.52392232e-01,1.59566477e+03,1.11887630e+05,7.02624810e+02,0.00000000e+00,2.30000000e-01,7.70000251e-01,0.00000000e+00
6.90690691e+01,5.52205077e-01,1.59559574e+03,1.11904188e+05,7.02967219e+02,0.00000000e+00,2.30000000e-01,7.69999892e-01,0.00000000e+00
6.91691692e+01,5.51918301e-01,1.59554979e+03,1.11909188e+05,7.03364020e+02,0.00000000e+00,2.30000000e-01,7.69999735e-01,0.00000000e+00
6.92692693e+01,5.51563281e-01,1.59550568e+03,1.11908318e+05,7.03811234e+02,0.00000000e+00,2.30000000e-01,7.69999795e-01,0.00000000e+00
6.93693694e+01,5.51165405e-01,1.59544571e+03,1.11906939e+05,7.04310518e+02,0.00000000e+00,2.30000000e-01,7.69999935e-01,0.00000000e+00
6.94694695e+01,5.50732305e-01,1.59536655e+03,1.11907253e+05,7.04866296e+02,0.00000000e+00,2.30000000e-01,7.70000045e-01,0.00000000e+00
6.95695696e+01,5.50257578e-01,1.59527569e+03,1.11909547e+05,7.05488816e+02,0.00000000e+00,2.30000000e-01,7.70000115e-01,0.00000000e+00
6.96696697e+01,5.49727292e-01,1.59518378e+03,1.11914230e+05,7.06198847e+02,0.00000000e+00,2.30000000e-01,7.70000200e-01,0.00000000e+00
6.97697698e+01,5.49120614e-01,1.59509989e+03,1.11922433e+05,7.07030794e+02,0.00000000e+00,2.30000000e-01,7.70000329e-01,0.00000000e+00
6.98698699e+01,5.48406190e-01,1.59503042e+03,1.11935188e+05,7.08032444e+02,0.00000000e+00,2.30000000e-01,7.70000461e-01,0.00000000e+00
6.99699700e+01,5.47541685e-01,1.59497906e+03,1.11952526e+05,7.09260150e+02,0.00000000e+00,2.30000000e-01,7.70000512e-01,0.00000000e+00
7.00700701e+01,5.46480583e-01,1.59494664e+03,1.11973405e+05,7.10769907e+02,0.00000000e+00,2.30000000e-01,7.70000445e-01,0.00000000e+00
7.01701702e+01,5.45182721e-01,1.59493155e+03,1.11996331e+05,7.12607941e+02,0.00000000e+00,2.30000000e-01,7.70000300e-01,0.00000000e+00
7.02702703e+01,5.43621125e-01,1.59493103e+03,1.12019991e+05,7.14806037e+02,0.00000000e+00,2.30000000e-01,7.70000169e-01,0.00000000e+00
7.03703704e+01,5.41780858e-01,1.59494245e+03,1.12043480e+05,7.17384446e+02,0.00000000e+00,2.30000000e-01,7.70000124e-01,0.00000000e+00
7.04704705e+01,5.39651589e-01,1.59496350e+03,1.12066142e+05,7.20360616e+02,0.00000000e+00,2.30000000e-01,7.70000175e-01,0.00000000e+00
7.05705706e+01,5.37219100e-01,1.59499146e+03,1.12087341e+05,7.23759161e+02,0.00000000e+00,2.30000000e-01,7.70000287e-01,0.00000000e+00
7.06706707e+01,5.34459886e-01,1.59502253e+03,1.12106405e+05,7.27619298e+02,0.00000000e+00,2.30000000e-01,7.70000412e-01,0.00000000e+00
7.07707708e+01,5.31339746e-01,1.59505191e+03,1.12122756e+05,7.31998694e+02,0.00000000e+00,2.30000000e-01,7.70000524e-01,0.00000000e+00
7.08708709e+01,5.27814710e-01,1.59507473e+03,1.12136082e+05,7.36974887e+02,0.00000000e+00,2.30000000e-01,7.70000621e-01,0.00000000e+00
7.09709710e+01,5.23832151e-01,1.59508718e+03,1.12146415e+05,7.42646267e+02,0.00000000e+00,2.30000000e-01,7.70000721e-01,0.00000000e+00
7.10710711e+01,5.19330607e-01,1.59508721e+03,1.12154070e+05,7.49134541e+02,0.00000000e+00,2.30000000e-01,7.70000848e-01,0.00000000e+00
7.11711712e+01,5.14237759e-01,1.59507465e+03,1.12159512e+05,7.56590300e+02,0.00000000e+00,2.30000000e-01,7.70001026e-01,0.00000000e+00
7.12712713e+01,5.08466617e-01,1.59505084e+03,1.12163234e+05,7.65202866e+02,0.00000000e+00,2.30000000e-01,7.70001272e-01,0.00000000e+00
7.13713714e+01,5.01910493e-01,1.59501802e+03,1.12165693e+05,7.75214946e+02,0.00000000e+00,2.30000000e-01,7.70001591e-01,0.00000000e+00
7.14714715e+01,4.94437804e-01,1.59497884e+03,1.12167284e+05,7.86942020e+02,0.00000000e+00,2.30000000e-01,7.70001971e-01,0.00000000e+00
7.15715716e+01,4.85888029e-01,1.59493588e+03,1.12168332e+05,8.00796336e+02,0.00000000e+00,2.30000000e-01,7.70002387e-01,0.00000000e+00
7.16716717e+01,4.76070156e-01,1.59489145e+03,1.12169088e+05,8.17316114e+02,0.00000000e+00,2.30000000e-01,7.70002799e-01,0.00000000e+00
7.17717718e+01,4.64764526e-01,1.59484746e+03,1.12169728e+05,8.37202200e+02,0.00000000e+00,2.30000000e-01,7.70003163e-01,0.00000000e+00
7.18718719e+01,4.51728491e-01,1.59480539e+03,1.12170355e+05,8.61366861e+02,0.00000000e+00,2.30000000e-01,7.70003429e-01,0.00000000e+00
7.19719720e+01,4.36705874e-01,1.59476638e+03,1.12171000e+05,8.91002766e+02,0.00000000e+00,2.30000000e-01,7.70003544e-01,0.00000000e+00
7.20720721e+01,4.19440066e-01,1.59473126e+03,1.12171626e+05,9.27685227e+02,0.00000000e+00,2.30000000e-01,7.70003446e-01,0.00000000e+00
7.21721722e+01,3.99690556e-01,1.59470048e+03,1.12172155e+05,9.73528987e+02,0.00000000e+00,2.30000000e-01,7.70003063e-01,0.00000000e+00
7.22722723e+01,3.77252519e-01,1.59467370e+03,1.12172442e+05,1.03143549e+03,0.00000000e+00,2.30000000e-01,7.70002318e-01,0.00000000e+00
7.23723724e+01,3.51978437e-01,1.59464815e+03,1.12171959e+05,1.10549517e+03,0.00000000e+00,2.30000000e-01,7.70001071e-01,0.00000000e+00
7.24724725e+01,3.23800764e-01,1.59462295e+03,1.12186213e+05,1.20179522e+03,0.00000000e+00,2.30000000e-01,7.70045238e-01,0.00000000e+00
7.25725726e+01,2.93061538e-01,1.59464662e+03,1.12169107e+05,1.32771087e+03,0.00000000e+00,2.30000000e-01,7.70000011e-01,0.00000000e+00
7.26726727e+01,2.64864185e-01,1.59462117e+03,1.12174957e+05,1.46915562e+03,0.00000000e+00,2.30000000e-01,7.69986474e-01,0.00000000e+00
7.27727728e+01,2.42003375e-01,1.59459959e+03,1.12175432e+05,1.60795059e+03,0.00000000e+00,2.30000000e-01,7.69983693e-01,0.00000000e+00
7.28728729e+01,2.23910510e-01,1.59457108e+03,1.12172582e+05,1.73783862e+03,0.00000000e+00,2.30000000e-01,7.69981823e-01,0.00000000e+00
7.29729730e+01,2.09933121e-01,1.59455027e+03,1.12170879e+05,1.85351672e+03,0.00000000e+00,2.30000000e-01,7.69981515e-01,0.00000000e+00
7.30730731e+01,1.99397511e-01,1.59454172e+03,1.12171202e+05,1.95145529e+03,0.00000000e+00,2.30000000e-01,7.69982364e-01,0.00000000e+00
7.31731732e+01,1.91658988e-01,1.59455043e+03,1.12174151e+05,2.03029873e+03,0.00000000e+00,2.30000000e-01,7.69983754e-01,0.00000000e+00
7.32732733e+01,1.86132908e-01,1.59457568e+03,1.12179673e+05,2.09067399e+03,0.00000000e+00,2.30000000e-01,7.69986066e-01,0.00000000e+00
7.33733734e+01,1.82304721e-01,1.59457946e+03,1.12181324e+05,2.13460016e+03,0.00000000e+00,2.30000000e-01,7.69989239e-01,0.00000000e+00
7.34734735e+01,1.79743460e-01,1.59452893e+03,1.12173382e+05,2.16485870e+03,0.00000000e+00,2.30000000e-01,7.69991596e-01,0.00000000e+00
7.35735736e+01,1.78113692e-01,1.59447240e+03,1.12164391e+05,2.18449028e+03,0.00000000e+00,2.30000000e-01,7.69992531e-01,0.00000000e+00
7.36736737e+01,1.77155351e-01,1.59447940e+03,1.12166416e+05,2.19634436e+03,0.00000000e+00,2.30000000e-01,7.69993779e-01,0.00000000e+00
7.37737738e+01,1.76651000e-01,1.59451742e+03,1.12173665e+05,2.20275234e+03,0.00000000e+00,2.30000000e-01,7.69996017e-01,0.00000000e+00
7.38738739e+01,1.76424533e-01,1.59450413e+03,1.12171961e+05,2.20554341e+03,0.00000000e+00,2.30000000e-01,7.69997322e-01,0.00000000e+00
7.39739740e+01,1.76354436e-01,1.59445299e+03,1.12163964e+05,2.20626215e+03,0.00000000e+00,2.30000000e-01,7.69997598e-01,0.00000000e+00
7.40740741e+01,1.76355079e-01,1.59443528e+03,1.12161481e+05,2.20620311e+03,0.00000000e+00,2.30000000e-01,7.69998553e-01,0.00000000e+00
7.41741742e+01,1.76398356e-01,1.59441794e+03,1.12159161e+05,2.20561545e+03,0.00000000e+00,2.30000000e-01,7.69998892e-01,0.00000000e+00
7.42742743e+01,1.76516017e-01,1.59439540e+03,1.12155923e+05,2.20408073e+03,0.00000000e+00,2.30000000e-01,7.69999278e-01,0.00000000e+00
7.43743744e+01,1.76729865e-01,1.59436841e+03,1.12152760e+05,2.20135050e+03,0.00000000e+00,2.30000000e-01,7.69999786e-01,0.00000000e+00
7.44744745e+01,1.77046960e-01,1.59433714e+03,1.12150083e+05,2.19735407e+03,0.00000000e+00,2.30000000e-01,7.70000364e-01,0.00000000e+00
7.45745746e+01,1.77457436e-01,1.59430327e+03,1.12146748e+05,2.19221001e+03,0.00000000e+00,2.30000000e-01,7.69998670e-01,0.00000000e+00
7.46746747e+01,1.77903797e-01,1.59427419e+03,1.12143803e+05,2.18664547e+03,0.00000000e+00,2.30000000e-01,7.70001714e-01,0.00000000e+00
7.47747748e+01,1.78251601e-01,1.59425190e+03,1.12140284e+05,2.18231231e+03,0.00000000e+00,2.30000000e-01,7.70000874e-01,0.00000000e+00
7.48748749e+01,1.78514521e-01,1.59424714e+03,1.12139046e+05,2.17907504e+03,0.00000000e+00,2.30000000e-01,7.70000455e-01,0.00000000e+00
7.49749750e+01,1.78719814e-01,1.59425706e+03,1.12142530e+05,2.17663983e+03,0.00000000e+00,2.30000000e-01,7.70000347e-01,0.00000000e+00
7.50750751e+01,1.78881963e-01,1.59427696e+03,1.12149232e+05,2.17479679e+03,0.00000000e+00,2.30000000e-01,7.70000338e-01,0.00000000e+00
7.51751752e+01,1.79012062e-01,1.59430045e+03,1.12155808e+05,2.17334393e+03,0.00000000e+00,2.30000000e-01,7.70000215e-01,0.00000000e+00
7.52752753e+01,1.79121249e-01,1.59431813e+03,1.12160939e+05,2.17211872e+03,0.00000000e+00,2.30000000e-01,7.70000112e-01,0.00000000e+00
7.53753754e+01,1.79216987e-01,1.59432156e+03,1.12163932e+05,2.17101618e+03,0.00000000e+00,2.30000000e-01,7.70000162e-01,0.00000000e+00
7.54754755e+01,1.79302443e-01,1.59431213e+03,1.12164123e+05,2.16998531e+03,0.00000000e+00,2.30000000e-01,7.70000101e-01,0.00000000e+00
7.55755756e+01,1.79381807e-01,1.59429524e+03,1.12162307e+05,2.16899030e+03,0.00000000e+00,2.30000000e-01,7.70000021e-01,0.00000000e+00
7.56756757e+01,1.79458269e-01,1.59427013e+03,1.12159688e+05,2.16801582e+03,0.00000000e+00,2.30000000e-01,7.69999894e-01,0.00000000e+00
7.57757758e+01,1.79532016e-01,1.59424234e+03,1.12158068e+05,2.16709392e+03,0.00000000e+00,2.30000000e-01,7.69999907e-01,0.00000000e+00
7.58758759e+01,1.79600616e-01,1.59420665e+03,1.12157219e+05,2.16624945e+03,0.00000000e+00,2.30000000e-01,7.70000057e-01,0.00000000e+00
7.59759760e+01,1.79660151e-01,1.59417195e+03,1.12156073e+05,2.16550958e+03,0.00000000e+00,2.30000000e-01,7.70000009e-01,0.00000000e+00
7.60760761e+01,1.79711249e-01,1.59414711e+03,1.12154740e+05,2.16486801e+03,0.00000000e+00,2.30000000e-01,7.70000061e-01,0.00000000e+00
7.61761762e+01,1.79754032e-01,1.59413336e+03,1.12152866e+05,2.16431651e+03,0.00000000e+00,2.30000000e-01,7.70000097e-01,0.00000000e+00
7.62762763e+01,1.79789388e-01,1.59413856e+03,1.12151948e+05,2.16387326e+03,0.00000000e+00,2.30000000e-01,7.70000063e-01,0.00000000e+00
7.63763764e+01,1.79821338e-01,1.59415311e+03,1.12152517e+05,2.16349987e+03,0.00000000e+00,2.30000000e-01,7.70000013e-01,0.00000000e+00
7.64764765e+01,1.79852970e-01,1.59416652e+03,1.12155079e+05,2.16316882e+03,0.00000000e+00,2.30000000e-01,7.69999990e-01,0.00000000e+00
7.65765766e+01,1.79885371e-01,1.59417557e+03,1.12160425e+05,2.16288227e+03,0.00000000e+00,2.30000000e-01,7.70000003e-01,0.00000000e+00
7.66766767e+01,1.79918238e-01,1.59418211e+03,1.12168000e+05,2.16263325e+03,0.00000000e+00,2.30000000e-01,7.69999980e-01,0.00000000e+00
7.67767768e+01,1.79949226e-01,1.59421154e+03,1.12175828e+05,2.16241274e+03,0.00000000e+00,2.30000000e-01,7.69999531e-01,0.00000000e+00
7.68768769e+01,1.79979625e-01,1.59426791e+03,1.12185632e+05,2.16223554e+03,0.00000000e+00,2.30000000e-01,7.69999942e-01,0.00000000e+00
7.69769770e+01,1.80001731e-01,1.59429874e+03,1.12189978e+05,2.16205298e+03,0.00000000e+00,2.30000000e-01,7.70000290e-01,0.00000000e+00
7.70770771e+01,1.80012186e-01,1.59428343e+03,1.12187582e+05,2.16188120e+03,0.00000000e+00,2.30000000e-01,7.70000305e-01,0.00000000e+00
7.71771772e+01,1.80015533e-01,1.59424763e+03,1.12179529e+05,2.16168437e+03,0.00000000e+00,2.30000000e-01,7.70000961e-01,0.00000000e+00
7.72772773e+01,1.80006189e-01,1.59408848e+03,1.12151923e+05,2.16125883e+03,0.00000000e+00,2.30000000e-01,7.70003552e-01,0.00000000e+00
7.73773774e+01,1.79920669e-01,1.59349593e+03,1.12054663e+05,2.16039431e+03,0.00000000e+00,2.30000000e-01,7.70011034e-01,0.00000000e+00
7.74774775e+01,1.79562714e-01,1.59149425e+03,1.11727972e+05,2.15833563e+03,0.00000000e+00,2.30000000e-01,7.70035461e-01,0.00000000e+00
7.75775776e+01,1.78305947e-01,1.58488833e+03,1.10643809e+05,2.15228241e+03,0.00000000e+00,2.30000000e-01,7.70114330e-01,0.00000000e+00
7.76776777e+01,1.74145578e-01,1.56290444e+03,1.07103430e+05,2.13265982e+03,0.00000000e+00,2.30000000e-01,7.70354392e-01,0.00000000e+00
7.77777778e+01,1.60865235e-01,1.48810151e+03,9.57436742e+04,2.06264570e+03,0.00000000e+00,2.30000000e-01,7.70922679e-01,0.00000000e+00
7.78778779e+01,1.21492462e-01,1.21364386e+03,6.20596930e+04,1.77184610e+03,0.00000000e+00,2.29580271e-01,7.70419729e-01,0.00000000e+00
7.79779780e+01,5.81259724e-02,4.86017607e+02,1.54290515e+04,9.20968890e+02,0.00000000e+00,2.31559885e-01,7.68440115e-01,0.00000000e+00
7.80780781e+01,3.70520555e-02,4.67236920e+01,3.68409484e+03,3.44929990e+02,0.00000000e+00,2.30419779e-01,7.69580221e-01,0.00000000e+00
7.81781782e+01,3.47867584e-02,1.30942107e+00,3.01539261e+03,3.00713675e+02,0.00000000e+00,2.30000000e-01,7.69923527e-01,0.00000000e+00
7.82782783e+01,3.46914221e-02,2.82703216e-02,3.00032873e+03,3.00010895e+02,0.00000000e+00,2.30000000e-01,7.69997295e-01,0.00000000e+00
7.83783784e+01,3.46888454e-02,5.97112497e-04,3.00000697e+03,3.00000190e+02,0.00000000e+00,2.30000000e-01,7.69999928e-01,0.00000000e+00
7.84784785e+01,3.46887857e-02,1.25736215e-05,3.00000015e+03,3.00000004e+02,0.00000000e+00,2.30000000e-01,7.69999998e-01,0.00000000e+00
7.85785786e+01,3.46887844e-02,2.64435859e-07,3.00000000e+03,3.00000000e+02,0.00000000e+00,2.30000000e-01,7.70000000e-01,0.00000000e+00
7.86786787e+01,3.46887843e-02,5.55674175e-09,3.00000000e+03,3.00000000e+02,0.00000000e+00,2.30000000e-01,7.70000000e-01,0.00000000e+00
7.87787788e+01,3.46887843e-02,1.16683930e-10,3.00000000e+03,3.00000000e+02,0.00000000e+00,2.30000000e-01,7.70000000e-01,0.00000000e+00
7.88788789e+01,3.46887843e-02,2.44362609e-12,3.00000000e+03,3.00000000e+02,0.00000000e+00,2.30000000e-01,7.70000000e-01,0.00000000e+00
7.89789790e+01,3.46887843e-02,5.27446943e-14,3.00000000e+03,3.00000000e+02,0.00000000e+00,2.30000000e-01,7.70000000e-01,0.00000000e+00
7.90790791e+01,3.46887843e-02,0.00000000e+00,3.00000000e+03,3.00000000e+02,0.00000000e+00,2.30000000e-01,7.70000000e-01,0.00000000e+00
7.91791792e+01,3.46887843e-02,0.00000000e+00,3.00000000e+03,3.00000000e+02,0.00000000e+00,2.30000000e-01,7.70000000e-01,0.00000000e+00
7.92792793e+01,3.46887843e-02,0.00000000e+00,3.00000000e+03,3.00000000e+02,0.00000000e+00,2.30000000e-01,7.70000000e-01,0.00000000e+00
7.93793794e+01,3.46887843e-02,0.00000000e+00,3.00000000e+03,3.00000000e+02,0.00000000e+00,2.30000000e-01,7.70000000e-01,0.00000000e+00
7.94794795e+01,3.46887843e-02,0.00000000e+00,3.00000000e+03,3.00000000e+02,0.00000000e+00,2.30000000e-01,7.70000000e-01,0.00000000e+00
7.95795796e+01,3.46887843e-02,0.00000000e+00,3.00000000e+03,3.00000000e+02,0.00000000e+00,2.30000000e-01,7.70000000e-01,0.00000000e+00
7.96796797e+01,3.46887843e-02,0.00000000e+00,3.00000000e+03,3.00000000e+02,0.00000000e+00,2.30000000e-01,7.70000000e-01,0.00000000e+00
7.97797798e+01,3.46887843e-02,0.00000000e+00,3.00000000e+03,3.00000000e+02,0.00000000e+00,2.30000000e-01,7.70000000e-01,0.00000000e+00
7.98798799e+01,3.46887843e-02,0.00000000e+00,3.00000000e+03,3.00000000e+02,0.00000000e+00,2.30000000e-01,7.70000000e-01,0.00000000e+00
7.99799800e+01,3.46887843e-02,0.00000000e+00,3.00000000e+03,3.00000000e+02,0.00000000e+00,2.30000000e-01,7.70000000e-01,0.00000000e+00
8.00800801e+01,3.46887843e-02,0.00000000e+00,3.00000000e+03,3.00000000e+02,0.00000000e+00,2.30000000e-01,7.70000000e-01,0.00000000e+00
8.01801802e+01,3.46887843e-02,0.00000000e+00,3.00000000e+03,3.00000000e+02,0.00000000e+00,2.30000000e-01,7.70000000e-01,0.00000000e+00
8.02802803e+01,3.46887843e-02,0.00000000e+00,3.00000000e+03,3.00000000e+02,0.00000000e+00,2.30000000e-01,7.70000000e-01,0.00000000e+00
8.03803804e+01,3.46887843e-02,0.00000000e+00,3.00000000e+03,3.00000000e+02,0.00000000e+00,2.30000000e-01,7.70000000e-01,0.00000000e+00
8.04804805e+01,3.46887843e-02,0.00000000e+00,3.00000000e+03,3.00000000e+02,0.00000000e+00,2.30000000e-01,7.70000000e-01,0.00000000e+00
8.05805806e+01,3.46887843e-02,0.00000000e+00,3.00000000e+03,3.00000000e+02,0.00000000e+00,2.30000000e-01,7.70000000e-01,0.00000000e+00
8.06806807e+01,3.46887843e-02,0.00000000e+00,3.00000000e+03,3.00000000e+02,0.00000000e+00,2.30000000e-01,7.70000000e-01,0.00000000e+00
8.07807808e+01,3.46887843e-02,0.00000000e+00,3.00000000e+03,3.00000000e+02,0.00000000e+00,2.30000000e-01,7.70000000e-01,0.00000000e+00
8.08808809e+01,3.46887843e-02,0.00000000e+00,3.00000000e+03,3.00000000e+02,0.00000000e+00,2.30000000e-01,7.70000000e-01,0.00000000e+00
8.09809810e+01,3.46887843e-02,0.00000000e+00,3.00000000e+03,3.00000000e+02,0.00000000e+00,2.30000000e-01,7.70000000e-01,0.00000000e+00
8.10810811e+01,3.46887843e-02,0.00000000e+00,3.00000000e+03,3.00000000e+02,0.00000000e+00,2.30000000e-01,7.70000000e-01,0.00000000e+00
8.11811812e+01,3.46887843e-02,0.00000000e+00,3.00000000e+03,3.00000000e+02,0.00000000e+00,2.30000000e-01,7.70000000e-01,0.00000000e+00
8.12812813e+01,3.46887843e-02,0.00000000e+00,3.00000000e+03,3.00000000e+02,0.00000000e+00,2.30000000e-01,7.70000000e-01,0.00000000e+00
8.13813814e+01,3.46887843e-02,0.00000000e+00,3.00000000e+03,3.00000000e+02,0.00000000e+00,2.30000000e-01,7.70000000e-01,0.00000000e+00
8.14814815e+01,3.46887843e-02,0.00000000e+00,3.00000000e+03,3.00000000e+02,0.00000000e+00,2.30000000e-01,7.70000000e-01,0.00000000e+00
8.15815816e+01,3.46887843e-02,0.00000000e+00,3.00000000e+03,3.00000000e+02,0.00000000e+00,2.30000000e-01,7.70000000e-01,0.00000000e+00
8.16816817e+01,3.46887843e-02,0.00000000e+00,3.00000000e+03,3.00000000e+02,0.00000000e+00,2.30000000e-01,7.70000000e-01,0.00000000e+00
8.17817818e+01,3.46887843e-02,0.00000000e+00,3.00000000e+03,3.00000000e+02,0.00000000e+00,2.30000000e-01,7.70000000e-01,0.00000000e+00
8.18818819e+01,3.46887843e-02,0.00000000e+00,3.00000000e+03,3.00000000e+02,0.00000000e+00,2.30000000e-01,7.70000000e-01,0.00000000e+00
8.19819820e+01,3.46887843e-02,0.00000000e+00,3.00000000e+03,3.00000000e+02,0.00000000e+00,2.30000000e-01,7.70000000e-01,0.00000000e+00
8.20820821e+01,3.46887843e-02,0.00000000e+00,3.00000000e+03,3.00000000e+02,0.00000000e+00,2.30000000e-01,7.70000000e-01,0.00000000e+00
8.21821822e+01,3.46887843e-02,0.00000000e+00,3.00000000e+03,3.00000000e+02,0.00000000e+00,2.30000000e-01,7.70000000e-01,0.00000000e+00
8.22822823e+01,3.46887843e-02,0.00000000e+00,3.00000000e+03,3.00000000e+02,0.00000000e+00,2.30000000e-01,7.70000000e-01,0.00000000e+00
8.23823824e+01,3.46887843e-02,0.00000000e+00,3.00000000e+03,3.00000000e+02,0.00000000e+00,2.30000000e-01,7.70000000e-01,0.00000000e+00
8.24824825e+01,3.46887843e-02,0.00000000e+00,3.00000000e+03,3.00000000e+02,0.00000000e+00,2.30000000e-01,7.70000000e-01,0.00000000e+00
8.25825826e+01,3.46887843e-02,0.00000000e+00,3.00000000e+03,3.00000000e+02,0.00000000e+00,2.30000000e-01,7.70000000e-01,0.00000000e+00
8.26826827e+01,3.46887843e-02,0.00000000e+00,3.00000000e+03,3.00000000e+02,0.00000000e+00,2.30000000e-01,7.70000000e-01,0.00000000e+00
8.27827828e+01,3.46887843e-02,0.00000000e+00,3.00000000e+03,3.00000000e+02,0.00000000e+00,2.30000000e-01,7.70000000e-01,0.00000000e+00
8.28828829e+01,3.46887843e-02,0.00000000e+00,3.00000000e+03,3.00000000e+02,0.00000000e+00,2.30000000e-01,7.70000000e-01,0.00000000e+00
8.29829830e+01,3.46887843e-02,0.00000000e+00,3.00000000e+03,3.00000000e+02,0.00000000e+00,2.30000000e-01,7.70000000e-01,0.00000000e+00
8.30830831e+01,3.46887843e-02,0.00000000e+00,3.00000000e+03,3.00000000e+02,0.00000000e+00,2.30000000e-01,7.70000000e-01,0.00000000e+00
8.31831832e+01,3.46887843e-02,0.00000000e+00,3.00000000e+03,3.00000000e+02,0.00000000e+00,2.30000000e-01,7.70000000e-01,0.00000000e+00
8.32832833e+01,3.46887843e-02,0.00000000e+00,3.00000000e+03,3.00000000e+02,0.00000000e+00,2.30000000e-01,7.70000000e-01,0.00000000e+00
8.33833834e+01,3.46887843e-02,0.00000000e+00,3.00000000e+03,3.00000000e+02,0.00000000e+00,2.30000000e-01,7.70000000e-01,0.00000000e+00
8.34834835e+01,3.46887843e-02,0.00000000e+00,3.00000000e+03,3.00000000e+02,0.00000000e+00,2.30000000e-01,7.70000000e-01,0.00000000e+00
8.35835836e+01,3.46887843e-02,0.00000000e+00,3.00000000e+03,3.00000000e+02,0.00000000e+00,2.30000000e-01,7.70000000e-01,0.00000000e+00
8.36836837e+01,3.46887843e-02,0.00000000e+00,3.00000000e+03,3.00000000e+02,0.00000000e+00,2.30000000e-01,7.70000000e-01,0.00000000e+00
8.37837838e+01,3.46887843e-02,0.00000000e+00,3.00000000e+03,3.00000000e+02,0.00000000e+00,2.30000000e-01,7.70000000e-01,0.00000000e+00
8.38838839e+01,3.46887843e-02,0.00000000e+00,3.00000000e+03,3.00000000e+02,0.00000000e+00,2.30000000e-01,7.70000000e-01,0.00000000e+00
8.39839840e+01,3.46887843e-02,0.00000000e+00,3.00000000e+03,3.00000000e+02,0.00000000e+00,2.30000000e-01,7.70000000e-01,0.00000000e+00
8.40840841e+01,3.46887843e-02,0.00000000e+00,3.00000000e+03,3.00000000e+02,0.00000000e+00,2.30000000e-01,7.70000000e-01,0.00000000e+00
8.41841842e+01,3.46887843e-02,0.00000000e+00,3.00000000e+03,3.00000000e+02,0.00000000e+00,2.30000000e-01,7.70000000e-01,0.00000000e+00
8.42842843e+01,3.46887843e-02,0.00000000e+00,3.00000000e+03,3.00000000e+02,0.00000000e+00,2.30000000e-01,7.70000000e-01,0.00000000e+00
8.43843844e+01,3.46887843e-02,0.00000000e+00,3.00000000e+03,3.00000000e+02,0.00000000e+00,2.30000000e-01,7.70000000e-01,0.00000000e+00
8.44844845e+01,3.46887843e-02,0.00000000e+00,3.00000000e+03,3.00000000e+02,0.00000000e+00,2.30000000e-01,7.70000000e-01,0.00000000e+00
8.45845846e+01,3.46887843e-02,0.00000000e+00,3.00000000e+03,3.00000000e+02,0.00000000e+00,2.30000000e-01,7.70000000e-01,0.00000000e+00
8.46846847e+01,3.46887843e-02,0.00000000e+00,3.00000000e+03,3.00000000e+02,0.00000000e+00,2.30000000e-01,7.70000000e-01,0.00000000e+00
8.47847848e+01,3.46887843e-02,0.00000000e+00,3.00000000e+03,3.00000000e+02,0.00000000e+00,2.30000000e-01,7.70000000e-01,0.00000000e+00
8.48848849e+01,3.46887843e-02,0.00000000e+00,3.00000000e+03,3.00000000e+02,0.00000000e+00,2.30000000e-01,7.70000000e-01,0.00000000e+00
8.49849850e+01,3.46887843e-02,0.00000000e+00,3.00000000e+03,3.00000000e+02,0.00000000e+00,2.30000000e-01,7.70000000e-01,0.00000000e+00
8.50850851e+01,3.46887843e-02,0.00000000e+00,3.00000000e+03,3.00000000e+02,0.00000000e+00,2.30000000e-01,7.70000000e-01,0.00000000e+00
8.51851852e+01,3.46887843e-02,0.00000000e+00,3.00000000e+03,3.00000000e+02,0.00000000e+00,2.30000000e-01,7.70000000e-01,0.00000000e+00
8.52852853e+01,3.46887843e-02,0.00000000e+00,3.00000000e+03,3.00000000e+02,0.00000000e+00,2.30000000e-01,7.70000000e-01,0.00000000e+00
8.53853854e+01,3.46887843e-02,0.00000000e+00,3.00000000e+03,3.00000000e+02,0.00000000e+00,2.30000000e-01,7.70000000e-01,0.00000000e+00
8.54854855e+01,3.46887843e-02,0.00000000e+00,3.00000000e+03,3.00000000e+02,0.00000000e+00,2.30000000e-01,7.70000000e-01,0.00000000e+00
8.55855856e+01,3.46887843e-02,0.00000000e+00,3.00000000e+03,3.00000000e+02,0.00000000e+00,2.30000000e-01,7.70000000e-01,0.00000000e+00
8.56856857e+01,3.46887843e-02,0.00000000e+00,3.00000000e+03,3.00000000e+02,0.00000000e+00,2.30000000e-01,7.70000000e-01,0.00000000e+00
8.57857858e+01,3.46887843e-02,0.00000000e+00,3.00000000e+03,3.00000000e+02,0.00000000e+00,2.30000000e-01,7.70000000e-01,0.00000000e+00
8.58858859e+01,3.46887843e-02,0.00000000e+00,3.00000000e+03,3.00000000e+02,0.00000000e+00,2.30000000e-01,7.70000000e-01,0.00000000e+00
8.59859860e+01,3.46887843e-02,0.00000000e+00,3.00000000e+03,3.00000000e+02,0.00000000e+00,2.30000000e-01,7.70000000e-01,0.00000000e+00
8.60860861e+01,3.46887843e-02,0.00000000e+00,3.00000000e+03,3.00000000e+02,0.00000000e+00,2.30000000e-01,7.70000000e-01,0.00000000e+00
8.61861862e+01,3.46887843e-02,0.00000000e+00,3.00000000e+03,3.00000000e+02,0.00000000e+00,2.30000000e-01,7.70000000e-01,0.00000000e+00
8.62862863e+01,3.46887843e-02,0.00000000e+00,3.00000000e+03,3.00000000e+02,0.00000000e+00,2.30000000e-01,7.70000000e-01,0.00000000e+00
8.63863864e+01,3.46887843e-02,0.00000000e+00,3.00000000e+03,3.00000000e+02,0.00000000e+00,2.30000000e-01,7.70000000e-01,0.00000000e+00
8.64864865e+01,3.46887843e-02,0.00000000e+00,3.00000000e+03,3.00000000e+02,0.00000000e+00,2.30000000e-01,7.70000000e-01,0.00000000e+00
8.65865866e+01,3.46887843e-02,0.00000000e+00,3.00000000e+03,3.00000000e+02,0.00000000e+00,2.30000000e-01,7.70000000e-01,0.00000000e+00
8.66866867e+01,3.46887843e-02,0.00000000e+00,3.00000000e+03,3.00000000e+02,0.00000000e+00,2.30000000e-01,7.70000000e-01,0.00000000e+00
8.67867868e+01,3.46887843e-02,0.00000000e+00,3.00000000e+03,3.00000000e+02,0.00000000e+00,2.30000000e-01,7.70000000e-01,0.00000000e+00
8.68868869e+01,3.46887843e-02,0.00000000e+00,3.00000000e+03,3.00000000e+02,0.00000000e+00,2.30000000e-01,7.70000000e-01,0.00000000e+00
8.69869870e+01,3.46887843e-02,0.00000000e+00,3.00000000e+03,3.00000000e+02,0.00000000e+00,2.30000000e-01,7.70000000e-01,0.00000000e+00
8.70870871e+01,3.46887843e-02,0.00000000e+00,3.00000000e+03,3.00000000e+02,0.00000000e+00,2.30000000e-01,7.70000000e-01,0.00000000e+00
8.71871872e+01,3.46887843e-02,0.00000000e+00,3.00000000e+03,3.00000000e+02,0.00000000e+00,2.30000000e-01,7.70000000e-01,0.00000000e+00
8.72872873e+01,3.46887843e-02,0.00000000e+00,3.00000000e+03,3.00000000e+02,0.00000000e+00,2.30000000e-01,7.70000000e-01,0.00000000e+00
8.73873874e+01,3.46887843e-02,0.00000000e+00,3.00000000e+03,3.00000000e+02,0.00000000e+00,2.30000000e-01,7.70000000e-01,0.00000000e+00
8.74874875e+01,3.46887843e-02,0.00000000e+00,3.00000000e+03,3.00000000e+02,0.00000000e+00,2.30000000e-01,7.70000000e-01,0.00000000e+00
8.75875876e+01,3.46887843e-02,0.00000000e+00,3.00000000e+03,3.00000000e+02,0.00000000e+00,2.30000000e-01,7.70000000e-01,0.00000000e+00
8.76876877e+01,3.46887843e-02,0.00000000e+00,3.00000000e+03,3.00000000e+02,0.00000000e+00,2.30000000e-01,7.70000000e-01,0.00000000e+00
8.77877878e+01,3.46887843e-02,0.00000000e+00,3.00000000e+03,3.00000000e+02,0.00000000e+00,2.30000000e-01,7.70000000e-01,0.00000000e+00
8.78878879e+01,3.46887843e-02,0.00000000e+00,3.00000000e+03,3.00000000e+02,0.00000000e+00,2.30000000e-01,7.70000000e-01,0.00000000e+00
8.79879880e+01,3.46887843e-02,0.00000000e+00,3.00000000e+03,3.00000000e+02,0.00000000e+00,2.30000000e-01,7.70000000e-01,0.00000000e+00
8.80880881e+01,3.46887843e-02,0.00000000e+00,3.00000000e+03,3.00000000e+02,0.00000000e+00,2.30000000e-01,7.70000000e-01,0.00000000e+00
8.81881882e+01,3.46887843e-02,0.00000000e+00,3.00000000e+03,3.00000000e+02,0.00000000e+00,2.30000000e-01,7.70000000e-01,0.00000000e+00
8.82882883e+01,3.46887843e-02,0.00000000e+00,3.00000000e+03,3.00000000e+02,0.00000000e+00,2.30000000e-01,7.70000000e-01,0.00000000e+00
8.83883884e+01,3.46887843e-02,0.00000000e+00,3.00000000e+03,3.00000000e+02,0.00000000e+00,2.30000000e-01,7.70000000e-01,0.00000000e+00
8.84884885e+01,3.46887843e-02,0.00000000e+00,3.00000000e+03,3.00000000e+02,0.00000000e+00,2.30000000e-01,7.70000000e-01,0.00000000e+00
8.85885886e+01,3.46887843e-02,0.00000000e+00,3.00000000e+03,3.00000000e+02,0.00000000e+00,2.30000000e-01,7.70000000e-01,0.00000000e+00
8.86886887e+01,3.46887843e-02,0.00000000e+00,3.00000000e+03,3.00000000e+02,0.00000000e+00,2.30000000e-01,7.70000000e-01,0.00000000e+00
8.87887888e+01,3.46887843e-02,0.00000000e+00,3.00000000e+03,3.00000000e+02,0.00000000e+00,2.30000000e-01,7.70000000e-01,0.00000000e+00
8.88888889e+01,3.46887843e-02,0.00000000e+00,3.00000000e+03,3.00000000e+02,0.00000000e+00,2.30000000e-01,7.70000000e-01,0.00000000e+00
8.89889890e+01,3.46887843e-02,0.00000000e+00,3.00000000e+03,3.00000000e+02,0.00000000e+00,2.30000000e-01,7.70000000e-01,0.00000000e+00
8.90890891e+01,3.46887843e-02,0.00000000e+00,3.00000000e+03,3.00000000e+02,0.00000000e+00,2.30000000e-01,7.70000000e-01,0.00000000e+00
8.91891892e+01,3.46887843e-02,0.00000000e+00,3.00000000e+03,3.00000000e+02,0.00000000e+00,2.30000000e-01,7.70000000e-01,0.00000000e+00
8.92892893e+01,3.46887843e-02,0.00000000e+00,3.00000000e+03,3.00000000e+02,0.00000000e+00,2.30000000e-01,7.70000000e-01,0.00000000e+00
8.93893894e+01,3.46887843e-02,0.00000000e+00,3.00000000e+03,3.00000000e+02,0.00000000e+00,2.30000000e-01,7.70000000e-01,0.00000000e+00
8.94894895e+01,3.46887843e-02,0.00000000e+00,3.00000000e+03,3.00000000e+02,0.00000000e+00,2.30000000e-01,7.70000000e-01,0.00000000e+00
8.95895896e+01,3.46887843e-02,0.00000000e+00,3.00000000e+03,3.00000000e+02,0.00000000e+00,2.30000000e-01,7.70000000e-01,0.00000000e+00
8.96896897e+01,3.46887843e-02,0.00000000e+00,3.00000000e+03,3.00000000e+02,0.00000000e+00,2.30000000e-01,7.70000000e-01,0.00000000e+00
8.97897898e+01,3.46887843e-02,0.00000000e+00,3.00000000e+03,3.00000000e+02,0.00000000e+00,2.30000000e-01,7.70000000e-01,0.00000000e+00
8.98898899e+01,3.46887843e-02,0.00000000e+00,3.00000000e+03,3.00000000e+02,0.00000000e+00,2.30000000e-01,7.70000000e-01,0.00000000e+00
8.99899900e+01,3.46887843e-02,0.00000000e+00,3.00000000e+03,3.00000000e+02,0.00000000e+00,2.30000000e-01,7.70000000e-01,0.00000000e+00
9.00900901e+01,3.46887843e-02,0.00000000e+00,3.00000000e+03,3.00000000e+02,0.00000000e+00,2.30000000e-01,7.70000000e-01,0.00000000e+00
9.01901902e+01,3.46887843e-02,0.00000000e+00,3.00000000e+03,3.00000000e+02,0.00000000e+00,2.30000000e-01,7.70000000e-01,0.00000000e+00
9.02902903e+01,3.46887843e-02,0.00000000e+00,3.00000000e+03,3.00000000e+02,0.00000000e+00,2.30000000e-01,7.70000000e-01,0.00000000e+00
9.03903904e+01,3.46887843e-02,0.00000000e+00,3.00000000e+03,3.00000000e+02,0.00000000e+00,2.30000000e-01,7.70000000e-01,0.00000000e+00
9.04904905e+01,3.46887843e-02,0.00000000e+00,3.00000000e+03,3.00000000e+02,0.00000000e+00,2.30000000e-01,7.70000000e-01,0.00000000e+00
9.05905906e+01,3.46887843e-02,0.00000000e+00,3.00000000e+03,3.00000000e+02,0.00000000e+00,2.30000000e-01,7.70000000e-01,0.00000000e+00
9.06906907e+01,3.46887843e-02,0.00000000e+00,3.00000000e+03,3.00000000e+02,0.00000000e+00,2.30000000e-01,7.70000000e-01,0.00000000e+00
9.07907908e+01,3.46887843e-02,0.00000000e+00,3.00000000e+03,3.00000000e+02,0.00000000e+00,2.30000000e-01,7.70000000e-01,0.00000000e+00
9.08908909e+01,3.46887843e-02,0.00000000e+00,3.00000000e+03,3.00000000e+02,0.00000000e+00,2.30000000e-01,7.70000000e-01,0.00000000e+00
9.09909910e+01,3.46887843e-02,0.00000000e+00,3.00000000e+03,3.00000000e+02,0.00000000e+00,2.30000000e-01,7.70000000e-01,0.00000000e+00
9.10910911e+01,3.46887843e-02,0.00000000e+00,3.00000000e+03,3.00000000e+02,0.00000000e+00,2.30000000e-01,7.70000000e-01,0.00000000e+00
9.11911912e+01,3.46887843e-02,0.00000000e+00,3.00000000e+03,3.00000000e+02,0.00000000e+00,2.30000000e-01,7.70000000e-01,0.00000000e+00
9.12912913e+01,3.46887843e-02,0.00000000e+00,3.00000000e+03,3.00000000e+02,0.00000000e+00,2.30000000e-01,7.70000000e-01,0.00000000e+00
9.13913914e+01,3.46887843e-02,0.00000000e+00,3.00000000e+03,3.00000000e+02,0.00000000e+00,2.30000000e-01,7.70000000e-01,0.00000000e+00
9.14914915e+01,3.46887843e-02,0.00000000e+00,3.00000000e+03,3.00000000e+02,0.00000000e+00,2.30000000e-01,7.70000000e-01,0.00000000e+00
9.15915916e+01,3.46887843e-02,0.00000000e+00,3.00000000e+03,3.00000000e+02,0.00000000e+00,2.30000000e-01,7.70000000e-01,0.00000000e+00
9.16916917e+01,3.46887843e-02,0.00000000e+00,3.00000000e+03,3.00000000e+02,0.00000000e+00,2.30000000e-01,7.70000000e-01,0.00000000e+00
9.17917918e+01,3.46887843e-02,0.00000000e+00,3.00000000e+03,3.00000000e+02,0.00000000e+00,2.30000000e-01,7.70000000e-01,0.00000000e+00
9.18918919e+01,3.46887843e-02,0.00000000e+00,3.00000000e+03,3.00000000e+02,0.00000000e+00,2.30000000e-01,7.70000000e-01,0.00000000e+00
9.19919920e+01,3.46887843e-02,0.00000000e+00,3.00000000e+03,3.00000000e+02,0.00000000e+00,2.30000000e-01,7.70000000e-01,0.00000000e+00
9.20920921e+01,3.46887843e-02,0.00000000e+00,3.00000000e+03,3.00000000e+02,0.00000000e+00,2.30000000e-01,7.70000000e-01,0.00000000e+00
9.21921922e+01,3.46887843e-02,0.00000000e+00,3.00000000e+03,3.00000000e+02,0.00000000e+00,2.30000000e-01,7.70000000e-01,0.00000000e+00
9.22922923e+01,3.46887843e-02,0.00000000e+00,3.00000000e+03,3.00000000e+02,0.00000000e+00,2.30000000e-01,7.70000000e-01,0.00000000e+00
9.23923924e+01,3.46887843e-02,0.00000000e+00,3.00000000e+03,3.00000000e+02,0.00000000e+00,2.30000000e-01,7.70000000e-01,0.00000000e+00
9.24924925e+01,3.46887843e-02,0.00000000e+00,3.00000000e+03,3.00000000e+02,0.00000000e+00,2.30000000e-01,7.70000000e-01,0.00000000e+00
9.25925926e+01,3.46887843e-02,0.00000000e+00,3.00000000e+03,3.00000000e+02,0.00000000e+00,2.30000000e-01,7.70000000e-01,0.00000000e+00
9.26926927e+01,3.46887843e-02,0.00000000e+00,3.00000000e+03,3.00000000e+02,0.00000000e+00,2.30000000e-01,7.70000000e-01,0.00000000e+00
9.27927928e+01,3.46887843e-02,0.00000000e+00,3.00000000e+03,3.00000000e+02,0.00000000e+00,2.30000000e-01,7.70000000e-01,0.00000000e+00
9.28928929e+01,3.46887843e-02,0.00000000e+00,3.00000000e+03,3.00000000e+02,0.00000000e+00,2.30000000e-01,7.70000000e-01,0.00000000e+00
9.29929930e+01,3.46887843e-02,0.00000000e+00,3.00000000e+03,3.00000000e+02,0.00000000e+00,2.30000000e-01,7.70000000e-01,0.00000000e+00
9.30930931e+01,3.46887843e-02,0.00000000e+00,3.00000000e+03,3.00000000e+02,0.00000000e+00,2.30000000e-01,7.70000000e-01,0.00000000e+00
9.31931932e+01,3.46887843e-02,0.00000000e+00,3.00000000e+03,3.00000000e+02,0.00000000e+00,2.30000000e-01,7.70000000e-01,0.00000000e+00
9.32932933e+01,3.46887843e-02,0.00000000e+00,3.00000000e+03,3.00000000e+02,0.00000000e+00,2.30000000e-01,7.70000000e-01,0.00000000e+00
9.33933934e+01,3.46887843e-02,0.00000000e+00,3.00000000e+03,3.00000000e+02,0.00000000e+00,2.30000000e-01,7.70000000e-01,0.00000000e+00
9.34934935e+01,3.46887843e-02,0.00000000e+00,3.00000000e+03,3.00000000e+02,0.00000000e+00,2.30000000e-01,7.70000000e-01,0.00000000e+00
9.35935936e+01,3.46887843e-02,0.00000000e+00,3.00000000e+03,3.00000000e+02,0.00000000e+00,2.30000000e-01,7.70000000e-01,0.00000000e+00
9.36936937e+01,3.46887843e-02,0.00000000e+00,3.00000000e+03,3.00000000e+02,0.00000000e+00,2.30000000e-01,7.70000000e-01,0.00000000e+00
9.37937938e+01,3.46887843e-02,0.00000000e+00,3.00000000e+03,3.00000000e+02,0.00000000e+00,2.30000000e-01,7.70000000e-01,0.00000000e+00
9.38938939e+01,3.46887843e-02,0.00000000e+00,3.00000000e+03,3.00000000e+02,0.00000000e+00,2.30000000e-01,7.70000000e-01,0.00000000e+00
9.39939940e+01,3.46887843e-02,0.00000000e+00,3.00000000e+03,3.00000000e+02,0.00000000e+00,2.30000000e-01,7.70000000e-01,0.00000000e+00
9.40940941e+01,3.46887843e-02,0.00000000e+00,3.00000000e+03,3.00000000e+02,0.00000000e+00,2.30000000e-01,7.70000000e-01,0.00000000e+00
9.41941942e+01,3.46887843e-02,0.00000000e+00,3.00000000e+03,3.00000000e+02,0.00000000e+00,2.30000000e-01,7.70000000e-01,0.00000000e+00
9.42942943e+01,3.46887843e-02,0.00000000e+00,3.00000000e+03,3.00000000e+02,0.00000000e+00,2.30000000e-01,7.70000000e-01,0.00000000e+00
9.43943944e+01,3.46887843e-02,0.00000000e+00,3.00000000e+03,3.00000000e+02,0.00000000e+00,2.30000000e-01,7.70000000e-01,0.00000000e+00
9.44944945e+01,3.46887843e-02,0.00000000e+00,3.00000000e+03,3.00000000e+02,0.00000000e+00,2.30000000e-01,7.70000000e-01,0.00000000e+00
9.45945946e+01,3.46887843e-02,0.00000000e+00,3.00000000e+03,3.00000000e+02,0.00000000e+00,2.30000000e-01,7.70000000e-01,0.00000000e+00
9.46946947e+01,3.46887843e-02,0.00000000e+00,3.00000000e+03,3.00000000e+02,0.00000000e+00,2.30000000e-01,7.70000000e-01,0.00000000e+00
9.47947948e+01,3.46887843e-02,0.00000000e+00,3.00000000e+03,3.00000000e+02,0.00000000e+00,2.30000000e-01,7.70000000e-01,0.00000000e+00
9.48948949e+01,3.46887843e-02,0.00000000e+00,3.00000000e+03,3.00000000e+02,0.00000000e+00,2.30000000e-01,7.70000000e-01,0.00000000e+00
9.49949950e+01,3.46887843e-02,0.00000000e+00,3.00000000e+03,3.00000000e+02,0.00000000e+00,2.30000000e-01,7.70000000e-01,0.00000000e+00
9.50950951e+01,3.46887843e-02,0.00000000e+00,3.00000000e+03,3.00000000e+02,0.00000000e+00,2.30000000e-01,7.70000000e-01,0.00000000e+00
9.51951952e+01,3.46887843e-02,0.00000000e+00,3.00000000e+03,3.00000000e+02,0.00000000e+00,2.30000000e-01,7.70000000e-01,0.00000000e+00
9.52952953e+01,3.46887843e-02,0.00000000e+00,3.00000000e+03,3.00000000e+02,0.00000000e+00,2.30000000e-01,7.70000000e-01,0.00000000e+00
9.53953954e+01,3.46887843e-02,0.00000000e+00,3.00000000e+03,3.00000000e+02,0.00000000e+00,2.30000000e-01,7.70000000e-01,0.00000000e+00
9.54954955e+01,3.46887843e-02,0.00000000e+00,3.00000000e+03,3.00000000e+02,0.00000000e+00,2.30000000e-01,7.70000000e-01,0.00000000e+00
9.55955956e+01,3.46887843e-02,0.00000000e+00,3.00000000e+03,3.00000000e+02,0.00000000e+00,2.30000000e-01,7.70000000e-01,0.00000000e+00
9.56956957e+01,3.46887843e-02,0.00000000e+00,3.00000000e+03,3.00000000e+02,0.00000000e+00,2.30000000e-01,7.70000000e-01,0.00000000e+00
9.57957958e+01,3.46887843e-02,0.00000000e+00,3.00000000e+03,3.00000000e+02,0.00000000e+00,2.30000000e-01,7.70000000e-01,0.00000000e+00
9.58958959e+01,3.46887843e-02,0.00000000e+00,3.00000000e+03,3.00000000e+02,0.00000000e+00,2.30000000e-01,7.70000000e-01,0.00000000e+00
9.59959960e+01,3.46887843e-02,0.00000000e+00,3.00000000e+03,3.00000000e+02,0.00000000e+00,2.30000000e-01,7.70000000e-01,0.00000000e+00
9.60960961e+01,3.46887843e-02,0.00000000e+00,3.00000000e+03,3.00000000e+02,0.00000000e+00,2.30000000e-01,7.70000000e-01,0.00000000e+00
9.61961962e+01,3.46887843e-02,0.00000000e+00,3.00000000e+03,3.00000000e+02,0.00000000e+00,2.30000000e-01,7.70000000e-01,0.00000000e+00
9.62962963e+01,3.46887843e-02,0.00000000e+00,3.00000000e+03,3.00000000e+02,0.00000000e+00,2.30000000e-01,7.70000000e-01,0.00000000e+00
9.63963964e+01,3.46887843e-02,0.00000000e+00,3.00000000e+03,3.00000000e+02,0.00000000e+00,2.30000000e-01,7.70000000e-01,0.00000000e+00
9.64964965e+01,3.46887843e-02,0.00000000e+00,3.00000000e+03,3.00000000e+02,0.00000000e+00,2.30000000e-01,7.70000000e-01,0.00000000e+00
9.65965966e+01,3.46887843e-02,0.00000000e+00,3.00000000e+03,3.00000000e+02,0.00000000e+00,2.30000000e-01,7.70000000e-01,0.00000000e+00
9.66966967e+01,3.46887843e-02,0.00000000e+00,3.00000000e+03,3.00000000e+02,0.00000000e+00,2.30000000e-01,7.70000000e-01,0.00000000e+00
9.67967968e+01,3.46887843e-02,0.00000000e+00,3.00000000e+03,3.00000000e+02,0.00000000e+00,2.30000000e-01,7.70000000e-01,0.00000000e+00
9.68968969e+01,3.46887843e-02,0.00000000e+00,3.00000000e+03,3.00000000e+02,0.00000000e+00,2.30000000e-01,7.70000000e-01,0.00000000e+00
9.69969970e+01,3.46887843e-02,0.00000000e+00,3.00000000e+03,3.00000000e+02,0.00000000e+00,2.30000000e-01,7.70000000e-01,0.00000000e+00
9.70970971e+01,3.46887843e-02,0.00000000e+00,3.00000000e+03,3.00000000e+02,0.00000000e+00,2.30000000e-01,7.70000000e-01,0.00000000e+00
9.71971972e+01,3.46887843e-02,0.00000000e+00,3.00000000e+03,3.00000000e+02,0.00000000e+00,2.30000000e-01,7.70000000e-01,0.00000000e+00
9.72972973e+01,3.46887843e-02,0.00000000e+00,3.00000000e+03,3.00000000e+02,0.00000000e+00,2.30000000e-01,7.70000000e-01,0.00000000e+00
9.73973974e+01,3.46887843e-02,0.00000000e+00,3.00000000e+03,3.00000000e+02,0.00000000e+00,2.30000000e-01,7.70000000e-01,0.00000000e+00
9.74974975e+01,3.46887843e-02,0.00000000e+00,3.00000000e+03,3.00000000e+02,0.00000000e+00,2.30000000e-01,7.70000000e-01,0.00000000e+00
9.75975976e+01,3.46887843e-02,0.00000000e+00,3.00000000e+03,3.00000000e+02,0.00000000e+00,2.30000000e-01,7.70000000e-01,0.00000000e+00
9.76976977e+01,3.46887843e-02,0.00000000e+00,3.00000000e+03,3.00000000e+02,0.00000000e+00,2.30000000e-01,7.70000000e-01,0.00000000e+00
9.77977978e+01,3.46887843e-02,0.00000000e+00,3.00000000e+03,3.00000000e+02,0.00000000e+00,2.30000000e-01,7.70000000e-01,0.00000000e+00
9.78978979e+01,3.46887843e-02,0.00000000e+00,3.00000000e+03,3.00000000e+02,0.00000000e+00,2.30000000e-01,7.70000000e-01,0.00000000e+00
9.79979980e+01,3.46887843e-02,0.00000000e+00,3.00000000e+03,3.00000000e+02,0.00000000e+00,2.30000000e-01,7.70000000e-01,0.00000000e+00
9.80980981e+01,3.46887843e-02,0.00000000e+00,3.00000000e+03,3.00000000e+02,0.00000000e+00,2.30000000e-01,7.70000000e-01,0.00000000e+00
9.81981982e+01,3.46887843e-02,0.00000000e+00,3.00000000e+03,3.00000000e+02,0.00000000e+00,2.30000000e-01,7.70000000e-01,0.00000000e+00
9.82982983e+01,3.46887843e-02,0.00000000e+00,3.00000000e+03,3.00000000e+02,0.00000000e+00,2.30000000e-01,7.70000000e-01,0.00000000e+00
9.83983984e+01,3.46887843e-02,0.00000000e+00,3.00000000e+03,3.00000000e+02,0.00000000e+00,2.30000000e-01,7.70000000e-01,0.00000000e+00
9.84984985e+01,3.46887843e-02,0.00000000e+00,3.00000000e+03,3.00000000e+02,0.00000000e+00,2.30000000e-01,7.70000000e-01,0.00000000e+00
9.85985986e+01,3.46887843e-02,0.00000000e+00,3.00000000e+03,3.00000000e+02,0.00000000e+00,2.30000000e-01,7.70000000e-01,0.00000000e+00
9.86986987e+01,3.46887843e-02,0.00000000e+00,3.00000000e+03,3.00000000e+02,0.00000000e+00,2.30000000e-01,7.70000000e-01,0.00000000e+00
9.87987988e+01,3.46887843e-02,0.00000000e+00,3.00000000e+03,3.00000000e+02,0.00000000e+00,2.30000000e-01,7.70000000e-01,0.00000000e+00
9.88988989e+01,3.46887843e-02,0.00000000e+00,3.00000000e+03,3.00000000e+02,0.00000000e+00,2.30000000e-01,7.70000000e-01,0.00000000e+00
9.89989990e+01,3.46887843e-02,0.00000000e+00,3.00000000e+03,3.00000000e+02,0.00000000e+00,2.30000000e-01,7.70000000e-01,0.00000000e+00
9.90990991e+01,3.46887843e-02,0.00000000e+00,3.00000000e+03,3.00000000e+02,0.00000000e+00,2.30000000e-01,7.70000000e-01,0.00000000e+00
9.91991992e+01,3.46887843e-02,0.00000000e+00,3.00000000e+03,3.00000000e+02,0.00000000e+00,2.30000000e-01,7.70000000e-01,0.00000000e+00
9.92992993e+01,3.46887843e-02,0.00000000e+00,3.00000000e+03,3.00000000e+02,0.00000000e+00,2.30000000e-01,7.70000000e-01,0.00000000e+00
9.93993994e+01,3.46887843e-02,0.00000000e+00,3.00000000e+03,3.00000000e+02,0.00000000e+00,2.30000000e-01,7.70000000e-01,0.00000000e+00
9.94994995e+01,3.46887843e-02,0.00000000e+00,3.00000000e+03,3.00000000e+02,0.00000000e+00,2.30000000e-01,7.70000000e-01,0.00000000e+00
9.95995996e+01,3.46887843e-02,0.00000000e+00,3.00000000e+03,3.00000000e+02,0.00000000e+00,2.30000000e-01,7.70000000e-01,0.00000000e+00
9.96996997e+01,3.46887843e-02,0.00000000e+00,3.00000000e+03,3.00000000e+02,0.00000000e+00,2.30000000e-01,7.70000000e-01,0.00000000e+00
9.97997998e+01,3.46887843e-02,0.00000000e+00,3.00000000e+03,3.00000000e+02,0.00000000e+00,2.30000000e-01,7.70000000e-01,0.00000000e+00
9.98998999e+01,3.46887843e-02,0.00000000e+00,3.00000000e+03,3.00000000e+02,0.00000000e+00,2.30000000e-01,7.70000000e-01,0.00000000e+00
1.00000000e+02,3.46887843e-02,-0.00000000e+00,3.00000000e+03,3.00000000e+02,0.00000000e+00,2.30000000e-01,7.70000000e-01,0.00000000e+00
