# x(m), rho(kg/m3), u(m/s), p(Pa), T(K), Y_H2, Y_O2, Y_N2, Y_H2O
0.00000000e+00,4.03517390e+00,1.57799551e-01,8.50545449e+06,2.64575923e+03,1.18501925e-01,5.83339813e-07,6.00009375e-01,2.81488116e-01
1.00100100e-01,4.03517390e+00,-1.57799551e-01,8.50545449e+06,2.64575923e+03,1.18501925e-01,5.83339813e-07,6.00009375e-01,2.81488116e-01
2.00200200e-01,4.03542320e+00,-5.53610451e-01,8.50617867e+06,2.64582104e+03,1.18501925e-01,5.83339813e-07,6.00009375e-01,2.81488116e-01
3.00300300e-01,4.03575075e+00,-7.75924407e-01,8.50565214e+06,2.64556847e+03,1.18496284e-01,5.83312044e-07,5.99980813e-01,2.81474717e-01
4.00400400e-01,4.03619290e+00,-7.75837441e-01,8.50854512e+06,2.64603900e+03,1.18502525e-01,5.83342768e-07,6.00012415e-01,2.81489543e-01
5.00500501e-01,4.03683859e+00,-6.85181781e-01,8.50970278e+06,2.64603540e+03,1.18499853e-01,5.83329614e-07,5.99998885e-01,2.81483195e-01
6.00600601e-01,4.03760155e+00,-6.68937926e-01,8.51258360e+06,2.64637198e+03,1.18502496e-01,5.83342623e-07,6.00012266e-01,2.81489473e-01
7.00700701e-01,4.03851959e+00,-8.61548723e-01,8.51378593e+06,2.64626735e+03,1.18496976e-01,5.83315452e-07,5.99984318e-01,2.81476361e-01
8.00800801e-01,4.03932391e+00,-1.19605863e+00,8.51689175e+06,2.64663750e+03,1.18500025e-01,5.83330459e-07,5.99999754e-01,2.81483603e-01
9.00900901e-01,4.04054730e+00,-1.32937060e+00,8.52091956e+06,2.64704498e+03,1.18501925e-01,5.83339813e-07,6.00009375e-01,2.81488116e-01
1.00100100e+00,4.04191287e+00,-1.02873745e+00,8.52486828e+06,2.64737693e+03,1.18501925e-01,5.83339813e-07,6.00009375e-01,2.81488116e-01
1.10110110e+00,4.04497142e+00,-5.57785925e-01,8.53627896e+06,2.64869996e+03,1.18511592e-01,5.83387401e-07,6.00058323e-01,2.81511080e-01
1.20120120e+00,4.04821878e+00,-1.60274478e-01,8.53987995e+06,2.64819049e+03,1.18489270e-01,5.83277518e-07,5.99945300e-01,2.81458056e-01
1.30130130e+00,4.05007497e+00,3.18705007e-02,8.55065956e+06,2.64985725e+03,1.18509872e-01,5.83378934e-07,6.00049615e-01,2.81506994e-01
1.40140140e+00,4.05058800e+00,1.58274992e-01,8.55005165e+06,2.64951094e+03,1.18501925e-01,5.83339813e-07,6.00009375e-01,2.81488116e-01
1.50150150e+00,4.05102344e+00,3.64829209e-01,8.55227228e+06,2.64983124e+03,1.18505635e-01,5.83358075e-07,6.00028159e-01,2.81496929e-01
1.60160160e+00,4.05129582e+00,4.56406244e-01,8.54975852e+06,2.64915560e+03,1.18493051e-01,5.83296128e-07,5.99964442e-01,2.81467037e-01
1.70170170e+00,4.05106884e+00,4.66300834e-01,8.54902986e+06,2.64908326e+03,1.18492826e-01,5.83295023e-07,5.99963306e-01,2.81466503e-01
1.80180180e+00,4.05085796e+00,2.96766392e-01,8.54538574e+06,2.64834966e+03,1.18481294e-01,5.83238254e-07,5.99904914e-01,2.81439110e-01
1.90190190e+00,4.05062904e+00,2.47708925e-01,8.54806639e+06,2.64904384e+03,1.18494099e-01,5.83301289e-07,5.99969751e-01,2.81469527e-01
2.00200200e+00,4.05012719e+00,3.02955372e-01,8.54346451e+06,2.64821361e+03,1.18482116e-01,5.83242300e-07,5.99909075e-01,2.81441062e-01
2.10210210e+00,4.04978789e+00,6.38817026e-02,8.54380999e+06,2.64842888e+03,1.18487202e-01,5.83267337e-07,5.99934828e-01,2.81453144e-01
2.20220220e+00,4.05019055e+00,-7.13302567e-01,8.54037193e+06,2.64749374e+03,1.18469578e-01,5.83180582e-07,5.99845594e-01,2.81411280e-01
2.30230230e+00,4.05017664e+00,-1.35835988e+00,8.54776461e+06,2.64916032e+03,1.18497941e-01,5.83320200e-07,5.99989202e-01,2.81478652e-01
2.40240240e+00,4.05031919e+00,-1.59260401e+00,8.54368638e+06,2.64818778e+03,1.18480732e-01,5.83235486e-07,5.99902067e-01,2.81437774e-01
2.50250250e+00,4.05036362e+00,-1.48227032e+00,8.55186666e+06,2.65000776e+03,1.18511424e-01,5.83386573e-07,6.00057471e-01,2.81510680e-01
2.60260260e+00,4.05062127e+00,-1.15129718e+00,8.54832018e+06,2.64910820e+03,1.18494966e-01,5.83305554e-07,5.99974137e-01,2.81471585e-01
2.70270270e+00,4.05065499e+00,-1.12390903e+00,8.55262380e+06,2.65006160e+03,1.18510983e-01,5.83384403e-07,6.00055239e-01,2.81509633e-01
2.80280280e+00,4.05011913e+00,-7.99254890e-01,8.54882718e+06,2.64942750e+03,1.18502403e-01,5.83342164e-07,6.00011793e-01,2.81489251e-01
2.90290290e+00,4.04882106e+00,-6.49662267e-01,8.54515128e+06,2.64912962e+03,1.18502748e-01,5.83343862e-07,6.00013540e-01,2.81490070e-01
3.00300300e+00,4.04656482e+00,-4.43448871e-01,8.54114331e+06,2.64914510e+03,1.18512515e-01,5.83391945e-07,6.00062997e-01,2.81513273e-01
3.10310310e+00,4.04464319e+00,-3.79581120e-01,8.53630901e+06,2.64883810e+03,1.18515446e-01,5.83406370e-07,6.00077834e-01,2.81520233e-01
3.20320320e+00,4.04408606e+00,-4.15793274e-01,8.53126581e+06,2.64792972e+03,1.18502384e-01,5.83342070e-07,6.00011697e-01,2.81489206e-01
3.30330330e+00,4.04419706e+00,-3.12084678e-01,8.53588306e+06,2.64892147e+03,1.18518875e-01,5.83423250e-07,6.00095196e-01,2.81528379e-01
3.40340340e+00,4.04428809e+00,-2.33941528e-01,8.53168557e+06,2.64793797e+03,1.18501925e-01,5.83339813e-07,6.00009375e-01,2.81488116e-01
3.50350350e+00,4.04438725e+00,2.52923471e-02,8.53570391e+06,2.64879547e+03,1.18516451e-01,5.83411320e-07,6.00082926e-01,2.81522622e-01
3.60360360e+00,4.04493702e+00,1.17995297e-01,8.52980629e+06,2.64723818e+03,1.18488129e-01,5.83271900e-07,5.99939522e-01,2.81455345e-01
3.70370370e+00,4.04558121e+00,1.44364169e-01,8.53485747e+06,2.64809613e+03,1.18501012e-01,5.83335318e-07,6.00004752e-01,2.81485948e-01
3.80380380e+00,4.04597732e+00,-1.67267223e-01,8.52681132e+06,2.64609614e+03,1.18467179e-01,5.83168770e-07,5.99833444e-01,2.81405580e-01
3.90390390e+00,4.04661731e+00,-7.15117444e-02,8.53646613e+06,2.64795713e+03,1.18499220e-01,5.83326497e-07,5.99995679e-01,2.81481691e-01
4.00400400e+00,4.04846617e+00,-6.11644128e-02,8.53020336e+06,2.64572092e+03,1.18458245e-01,5.83124794e-07,5.99788212e-01,2.81384360e-01
4.10410410e+00,4.05078700e+00,1.96745977e-01,8.54327564e+06,2.64761587e+03,1.18486942e-01,5.83266057e-07,5.99933511e-01,2.81452526e-01
4.20420420e+00,4.05324681e+00,-1.49848044e-01,8.53248069e+06,2.64408412e+03,1.18423380e-01,5.82953166e-07,5.99611679e-01,2.81301541e-01
4.30430430e+00,4.05540712e+00,-6.55261299e-01,8.54950660e+06,2.64690768e+03,1.18469963e-01,5.83182480e-07,5.99847544e-01,2.81412195e-01
4.40440440e+00,4.05726525e+00,-1.05535192e+00,8.53720622e+06,2.64324363e+03,1.18409251e-01,5.82883618e-07,5.99540138e-01,2.81267979e-01
4.50450450e+00,4.05917220e+00,-1.12442936e+00,8.55445562e+06,2.64616195e+03,1.18461966e-01,5.83143118e-07,5.99807053e-01,2.81393199e-01
4.60460460e+00,4.06103903e+00,-7.39539912e-01,8.54582517e+06,2.64326535e+03,1.18417676e-01,5.82925085e-07,5.99582796e-01,2.81287991e-01
4.70470470e+00,4.06201071e+00,-9.13917214e-01,8.55687289e+06,2.64516961e+03,1.18457060e-01,5.83118999e-07,5.99782208e-01,2.81381544e-01
4.80480480e+00,4.06123664e+00,-7.55892620e-01,8.54089723e+06,2.64160466e+03,1.18418031e-01,5.82927360e-07,5.99584593e-01,2.81288834e-01
4.90490490e+00,4.06057879e+00,-7.67864642e-01,8.54501022e+06,2.64237991e+03,1.18459486e-01,5.83134002e-07,5.99794491e-01,2.81387306e-01
5.00500501e+00,4.06068972e+00,-5.00802745e-01,8.53111905e+06,2.63885122e+03,1.18421825e-01,5.82958566e-07,5.99603803e-01,2.81297846e-01
5.10510511e+00,4.06153900e+00,-3.74035518e-01,8.53838525e+06,2.63970517e+03,1.18459570e-01,5.83175697e-07,5.99794918e-01,2.81387506e-01
5.20520521e+00,4.06316015e+00,-1.11066744e-01,8.53084898e+06,2.63679349e+03,1.18438433e-01,5.83156265e-07,5.99687895e-01,2.81337297e-01
5.30530531e+00,4.06509566e+00,-7.24610918e-02,8.53604705e+06,2.63645969e+03,1.18469171e-01,5.83509760e-07,5.99843533e-01,2.81410313e-01
5.40540541e+00,4.06713803e+00,-1.11424611e-01,8.52914308e+06,2.63322297e+03,1.18459340e-01,5.83892438e-07,5.99793755e-01,2.81386960e-01
5.50550551e+00,4.06921100e+00,-2.20035125e-01,8.53604505e+06,2.63306474e+03,1.18501925e-01,5.84917985e-07,6.00009375e-01,2.81488115e-01
5.60560561e+00,4.07273040e+00,-1.19377526e-01,8.52775850e+06,2.62882276e+03,1.18475454e-01,5.86220744e-07,5.99875340e-01,2.81425232e-01
5.70570571e+00,4.07820138e+00,-3.44002334e-01,8.53366668e+06,2.62652814e+03,1.18501926e-01,5.88695648e-07,6.00009375e-01,2.81488110e-01
5.80580581e+00,4.08533853e+00,-9.83833562e-02,8.53253647e+06,2.62159229e+03,1.18501926e-01,5.92221223e-07,6.00009375e-01,2.81488106e-01
5.90590591e+00,4.09461222e+00,1.21548517e-02,8.53265276e+06,2.61569043e+03,1.18501927e-01,5.97213281e-07,6.00009375e-01,2.81488101e-01
6.00600601e+00,4.10590880e+00,1.89125030e-01,8.53189708e+06,2.60826286e+03,1.18501928e-01,6.03898117e-07,6.00009375e-01,2.81488093e-01
6.10610611e+00,4.11999929e+00,3.19168870e-01,8.53108316e+06,2.59909456e+03,1.18501929e-01,6.12347574e-07,6.00009375e-01,2.81488084e-01
6.20620621e+00,4.13732570e+00,3.86871724e-01,8.53051229e+06,2.58803680e+03,1.18501930e-01,6.22588496e-07,6.00009375e-01,2.81488072e-01
6.30630631e+00,4.15837685e+00,4.52026725e-01,8.53069346e+06,2.57498993e+03,1.18501932e-01,6.34448645e-07,6.00009375e-01,2.81488059e-01
6.40640641e+00,4.18339117e+00,4.43367409e-01,8.53146292e+06,2.55982380e+03,1.18501933e-01,6.47732170e-07,6.00009375e-01,2.81488044e-01
6.50650651e+00,4.21259493e+00,4.04956441e-01,8.53292822e+06,2.54251446e+03,1.18501935e-01,6.62009235e-07,6.00009375e-01,2.81488028e-01
6.60660661e+00,4.24614969e+00,3.53728083e-01,8.53492219e+06,2.52301192e+03,1.18501937e-01,6.76968804e-07,6.00009375e-01,2.81488011e-01
6.70670671e+00,4.28417937e+00,3.25179174e-01,8.53709994e+06,2.50125376e+03,1.18501939e-01,6.92123776e-07,6.00009375e-01,2.81487994e-01
6.80680681e+00,4.32690443e+00,3.47924991e-01,8.53913374e+06,2.47714566e+03,1.18501941e-01,7.07064745e-07,6.00009375e-01,2.81487977e-01
6.90690691e+00,4.37465351e+00,4.43138090e-01,8.54086526e+06,2.45060458e+03,1.18501942e-01,7.21275789e-07,6.00009375e-01,2.81487961e-01
7.00700701e+00,4.42793220e+00,5.17327949e-01,8.54146011e+06,2.42135540e+03,1.18498573e-01,7.34380851e-07,5.99992305e-01,2.81479938e-01
7.10710711e+00,4.48477735e+00,5.17696778e-01,8.54266764e+06,2.39093434e+03,1.18501946e-01,7.45921614e-07,6.00009375e-01,2.81487933e-01
7.20720721e+00,4.53983804e+00,5.78818553e-01,8.54238531e+06,2.36185822e+03,1.18501947e-01,7.55375636e-07,6.00009375e-01,2.81487923e-01
7.30730731e+00,4.58961283e+00,6.24183408e-01,8.54192902e+06,2.33611884e+03,1.18501948e-01,7.62398457e-07,6.00009375e-01,2.81487915e-01
7.40740741e+00,4.63397929e+00,7.28760126e-01,8.54077460e+06,2.31343976e+03,1.18501948e-01,7.66788756e-07,6.00009375e-01,2.81487910e-01
7.50750751e+00,4.67300846e+00,9.53304719e-01,8.53851010e+06,2.29350955e+03,1.18501948e-01,7.68357233e-07,6.00009375e-01,2.81487908e-01
7.60760761e+00,4.70641091e+00,1.45824205e+00,8.53400589e+06,2.27603072e+03,1.18501948e-01,7.67055958e-07,6.00009375e-01,2.81487910e-01
7.70770771e+00,4.73324398e+00,2.43872017e+00,8.52592791e+06,2.26098556e+03,1.18501948e-01,7.62956103e-07,6.00009375e-01,2.81487914e-01
7.80780781e+00,4.75320309e+00,4.13086974e+00,8.51269159e+06,2.24799610e+03,1.18501947e-01,7.56255849e-07,6.00009375e-01,2.81487922e-01
7.90790791e+00,4.76968822e+00,5.76846152e+00,8.50011480e+06,2.23691677e+03,1.18501946e-01,7.47342698e-07,6.00009375e-01,2.81487932e-01
8.00800801e+00,4.78409605e+00,6.96799202e+00,8.49105572e+06,2.22780323e+03,1.18501944e-01,7.36648566e-07,6.00009375e-01,2.81487944e-01
8.10810811e+00,4.79652557e+00,7.85822989e+00,8.48534602e+06,2.22053602e+03,1.18501943e-01,7.24713567e-07,6.00009375e-01,2.81487957e-01
8.20820821e+00,4.80643132e+00,8.33236415e+00,8.48057911e+06,2.21471476e+03,1.18501941e-01,7.12019120e-07,6.00009375e-01,2.81487972e-01
8.30830831e+00,4.81497213e+00,8.73308189e+00,8.47804281e+06,2.21012513e+03,1.18501940e-01,6.99027724e-07,6.00009375e-01,2.81487986e-01
8.40840841e+00,4.82175193e+00,8.92300823e+00,8.47500939e+06,2.20622784e+03,1.18501938e-01,6.86180052e-07,6.00009375e-01,2.81488001e-01
8.50850851e+00,4.82613738e+00,9.12343977e+00,8.47176902e+06,2.20338031e+03,1.18501936e-01,6.73801244e-07,6.00009375e-01,2.81488015e-01
8.60860861e+00,4.82573440e+00,9.57684710e+00,8.46100966e+06,2.20076573e+03,1.18501935e-01,6.62240896e-07,6.00009375e-01,2.81488028e-01
8.70870871e+00,4.81656008e+00,1.33567343e+01,8.44502349e+06,2.19969921e+03,1.18560783e-01,6.51958829e-07,6.00307346e-01,2.81627829e-01
8.80880881e+00,4.80981377e+00,1.77936753e+01,8.40631450e+06,2.19377668e+03,1.18501932e-01,6.42105380e-07,6.00009375e-01,2.81488050e-01
8.90890891e+00,4.80264376e+00,1.95603887e+01,8.37821509e+06,2.19009879e+03,1.18480778e-01,6.33680338e-07,5.99902270e-01,2.81437813e-01
9.00900901e+00,4.79786041e+00,2.15689210e+01,8.36170668e+06,2.18799606e+03,1.18478966e-01,6.26536471e-07,5.99893098e-01,2.81433518e-01
9.10910911e+00,4.79253938e+00,2.41278513e+01,8.35000308e+06,2.18693558e+03,1.18501930e-01,6.20618215e-07,6.00009375e-01,2.81488074e-01
9.20920921e+00,4.78504667e+00,2.67121691e+01,8.32832499e+06,2.18467345e+03,1.18501929e-01,6.15770683e-07,6.00009375e-01,2.81488080e-01
9.30930931e+00,4.77858488e+00,2.88241254e+01,8.32488162e+06,2.18568405e+03,1.18558267e-01,6.12254105e-07,6.00294634e-01,2.81621911e-01
9.40940941e+00,4.77604290e+00,3.01614686e+01,8.29613132e+06,2.18078402e+03,1.18477316e-01,6.08956200e-07,5.99884755e-01,2.81429623e-01
9.50950951e+00,4.77566334e+00,3.11154894e+01,8.30625858e+06,2.18270694e+03,1.18526859e-01,6.07285298e-07,6.00135609e-01,2.81547311e-01
9.60960961e+00,4.77575540e+00,3.21312361e+01,8.29000772e+06,2.17950444e+03,1.18466502e-01,6.05942844e-07,5.99830001e-01,2.81403939e-01
9.70970971e+00,4.77298104e+00,3.32427884e+01,8.29114572e+06,2.18041864e+03,1.18501928e-01,6.05859457e-07,6.00009375e-01,2.81488091e-01
9.80980981e+00,4.76548134e+00,3.45053634e+01,8.25770973e+06,2.17608367e+03,1.18445267e-01,6.06006111e-07,5.99722484e-01,2.81353499e-01
9.90990991e+00,4.75411846e+00,3.69090104e+01,8.26026126e+06,2.17974141e+03,1.18565755e-01,6.07735027e-07,6.00332551e-01,2.81639704e-01
1.00100100e+01,4.73919861e+00,4.17835024e+01,8.20480203e+06,2.17332704e+03,1.18489148e-01,6.09016203e-07,5.99944666e-01,2.81457730e-01
1.01101101e+01,4.72883438e+00,4.54130974e+01,8.18930885e+06,2.17328386e+03,1.18526963e-01,6.11334531e-07,6.00136131e-01,2.81547551e-01
1.02102102e+01,4.71956192e+00,4.79308323e+01,8.16079633e+06,2.17043057e+03,1.18501929e-01,6.13725067e-07,6.00009375e-01,2.81488082e-01
1.03103103e+01,4.71026087e+00,4.95356624e+01,8.15481840e+06,2.17193459e+03,1.18566789e-01,6.16912796e-07,6.00337778e-01,2.81642146e-01
1.04104104e+01,4.70437506e+00,5.16999139e+01,8.12809917e+06,2.16846840e+03,1.18515301e-01,6.19774514e-07,6.00077079e-01,2.81519838e-01
1.05105105e+01,4.70470322e+00,5.38241997e+01,8.13780738e+06,2.17026710e+03,1.18550245e-01,6.23250942e-07,6.00254006e-01,2.81602838e-01
1.06106106e+01,4.70374031e+00,5.42586456e+01,8.11170116e+06,2.16551332e+03,1.18453587e-01,6.26077117e-07,5.99764597e-01,2.81373233e-01
1.07107107e+01,4.70228866e+00,5.38631275e+01,8.11838309e+06,2.16723426e+03,1.18493593e-01,6.29624027e-07,5.99967158e-01,2.81468258e-01
1.08108108e+01,4.69948118e+00,5.48168573e+01,8.11066934e+06,2.16655942e+03,1.18488622e-01,6.32924045e-07,5.99941985e-01,2.81456445e-01
1.09109109e+01,4.69428061e+00,5.71436980e+01,8.11515685e+06,2.16893653e+03,1.18555444e-01,6.36567734e-07,6.00280322e-01,2.81615169e-01
1.10110110e+01,4.67836561e+00,6.35717072e+01,8.07536285e+06,2.16580761e+03,1.18546431e-01,6.39669846e-07,6.00234687e-01,2.81593756e-01
1.11111111e+01,4.66369402e+00,6.97865475e+01,8.03654730e+06,2.16249289e+03,1.18529169e-01,6.42525292e-07,6.00147283e-01,2.81552748e-01
1.12112112e+01,4.65373516e+00,7.27424239e+01,7.99810029e+06,2.15787281e+03,1.18467661e-01,6.44928075e-07,5.99835848e-01,2.81406639e-01
1.13113113e+01,4.64864629e+00,7.52471846e+01,7.99875540e+06,2.15948775e+03,1.18518364e-01,6.47735790e-07,6.00092567e-01,2.81527072e-01
1.14114114e+01,4.64385836e+00,7.70588079e+01,7.97964696e+06,2.15714718e+03,1.18485556e-01,6.49885374e-07,5.99926453e-01,2.81449139e-01
1.15115115e+01,4.63962661e+00,7.78647681e+01,7.97298621e+06,2.15708077e+03,1.18498282e-01,6.52069727e-07,5.99990885e-01,2.81479365e-01
1.16116116e+01,4.63820202e+00,7.93040489e+01,7.97235947e+06,2.15739346e+03,1.18508181e-01,6.54014345e-07,6.00041005e-01,2.81502876e-01
1.17117117e+01,4.63659500e+00,7.97604150e+01,7.96322933e+06,2.15608683e+03,1.18485251e-01,6.55566819e-07,5.99924904e-01,2.81448406e-01
1.18118118e+01,4.63350070e+00,7.93129077e+01,7.95345353e+06,2.15507080e+03,1.18474655e-01,6.56999051e-07,5.99871251e-01,2.81423234e-01
1.19119119e+01,4.62833005e+00,8.05234587e+01,7.95431781e+06,2.15674050e+03,1.18528068e-01,6.58626760e-07,6.00141695e-01,2.81550108e-01
1.20120120e+01,4.62104869e+00,8.41687293e+01,7.93728289e+06,2.15550654e+03,1.18528408e-01,6.59817491e-07,6.00143416e-01,2.81550915e-01
1.21121121e+01,4.60795586e+00,8.97993876e+01,7.90008420e+06,2.15198108e+03,1.18501935e-01,6.60737873e-07,6.00009375e-01,2.81488029e-01
1.22122122e+01,4.59544124e+00,9.39206775e+01,7.86834372e+06,2.14934643e+03,1.18492310e-01,6.61652434e-07,5.99960643e-01,2.81465166e-01
1.23123123e+01,4.58489175e+00,9.56043180e+01,7.83508503e+06,2.14582156e+03,1.18457211e-01,6.62354573e-07,5.99782927e-01,2.81381791e-01
1.24124124e+01,4.57827517e+00,9.72408056e+01,7.82195194e+06,2.14514467e+03,1.18466934e-01,6.63263816e-07,5.99832152e-01,2.81404884e-01
1.25125125e+01,4.57588050e+00,9.98451469e+01,7.82062915e+06,2.14559518e+03,1.18484002e-01,6.64195323e-07,5.99918574e-01,2.81445427e-01
1.26126126e+01,4.57082916e+00,1.01678861e+02,7.80150917e+06,2.14327716e+03,1.18452923e-01,6.64851596e-07,5.99761209e-01,2.81371600e-01
1.27127127e+01,4.55894010e+00,1.04530314e+02,7.78534559e+06,2.14352744e+03,1.18501935e-01,6.65965771e-07,6.00009375e-01,2.81488023e-01
1.28128128e+01,4.54597371e+00,1.07408705e+02,7.75290140e+06,2.14083301e+03,1.18493637e-01,6.66765323e-07,5.99967358e-01,2.81468311e-01
1.29129129e+01,4.54102790e+00,1.10277870e+02,7.74858159e+06,2.14141074e+03,1.18524613e-01,6.67803803e-07,6.00124199e-01,2.81541890e-01
1.30130130e+01,4.54012828e+00,1.12301689e+02,7.74419685e+06,2.14079684e+03,1.18514991e-01,6.68633151e-07,6.00075478e-01,2.81519032e-01
1.31131131e+01,4.53752481e+00,1.12610313e+02,7.73342950e+06,2.13940588e+03,1.18495107e-01,6.69416767e-07,5.99974797e-01,2.81471798e-01
1.32132132e+01,4.53367733e+00,1.11617375e+02,7.71718251e+06,2.13727544e+03,1.18464480e-01,6.70140486e-07,5.99819723e-01,2.81399045e-01
1.33133133e+01,4.52543106e+00,1.10772806e+02,7.70009147e+06,2.13626227e+03,1.18473671e-01,6.71082037e-07,5.99866260e-01,2.81420877e-01
1.34134134e+01,4.51600049e+00,1.11871805e+02,7.68778732e+06,2.13655336e+03,1.18515218e-01,6.72189970e-07,6.00076625e-01,2.81519566e-01
1.35135135e+01,4.50185904e+00,1.16619616e+02,7.65865208e+06,2.13482896e+03,1.18532610e-01,6.73135279e-07,6.00164683e-01,2.81560877e-01
1.36136136e+01,4.49174643e+00,1.22327430e+02,7.62776346e+06,2.13155736e+03,1.18501936e-01,6.73770156e-07,6.00009375e-01,2.81488015e-01
1.37137137e+01,4.48195155e+00,1.24196989e+02,7.60601404e+06,2.13003482e+03,1.18506930e-01,6.74561144e-07,6.00034657e-01,2.81499874e-01
1.38138138e+01,4.47761833e+00,1.26900299e+02,7.61968267e+06,2.13408758e+03,1.18609114e-01,6.75855149e-07,6.00552044e-01,2.81742600e-01
1.39139139e+01,4.47651544e+00,1.29371147e+02,7.59228376e+06,2.12886137e+03,1.18501937e-01,6.75902928e-07,6.00009375e-01,2.81488012e-01
1.40140140e+01,4.47147814e+00,1.31495574e+02,7.59611605e+06,2.13113730e+03,1.18568557e-01,6.76887385e-07,6.00346693e-01,2.81646261e-01
1.41141141e+01,4.45789675e+00,1.36825346e+02,7.56882488e+06,2.12960199e+03,1.18587931e-01,6.77545425e-07,6.00444790e-01,2.81692281e-01
1.42142142e+01,4.44697930e+00,1.39916389e+02,7.52826716e+06,2.12455425e+03,1.18522984e-01,6.77663570e-07,6.00115940e-01,2.81538004e-01
1.43143143e+01,4.44382600e+00,1.40272828e+02,7.51114819e+06,2.12198154e+03,1.18480852e-01,6.77856759e-07,5.99902615e-01,2.81437924e-01
1.44144144e+01,4.44366847e+00,1.39334726e+02,7.50834314e+06,2.12144880e+03,1.18470547e-01,6.78181766e-07,5.99850439e-01,2.81413446e-01
1.45145145e+01,4.43983190e+00,1.38976793e+02,7.50186150e+06,2.12125559e+03,1.18481352e-01,6.78581720e-07,5.99905147e-01,2.81439112e-01
1.46146146e+01,4.43185635e+00,1.40599923e+02,7.49193858e+06,2.12158893e+03,1.18518946e-01,6.79092579e-07,6.00095495e-01,2.81528411e-01
1.47147147e+01,4.41983720e+00,1.45638887e+02,7.47903426e+06,2.12251330e+03,1.18584879e-01,6.79726336e-07,6.00429336e-01,2.81685028e-01
1.48148148e+01,4.40613311e+00,1.53415302e+02,7.43292768e+06,2.11708615e+03,1.18523440e-01,6.79593448e-07,6.00118252e-01,2.81539087e-01
1.49149149e+01,4.39989824e+00,1.59883241e+02,7.41581967e+06,2.11541495e+03,1.18511759e-01,6.79711700e-07,6.00059108e-01,2.81511340e-01
1.50150150e+01,4.39186629e+00,1.63131833e+02,7.39376884e+06,2.11326312e+03,1.18495995e-01,6.79775432e-07,5.99979287e-01,2.81473892e-01
1.51151151e+01,4.38460981e+00,1.64280329e+02,7.37389708e+06,2.11131148e+03,1.18482524e-01,6.79822719e-07,5.99911083e-01,2.81441895e-01
1.52152152e+01,4.37911723e+00,1.64378932e+02,7.36563637e+06,2.11124551e+03,1.18501937e-01,6.80029978e-07,6.00009375e-01,2.81488008e-01
1.53153153e+01,4.37403657e+00,1.63260979e+02,7.35483064e+06,2.11052524e+03,1.18505963e-01,6.80120771e-07,6.00029757e-01,2.81497569e-01
1.54154154e+01,4.36841971e+00,1.63462696e+02,7.36635825e+06,2.11461099e+03,1.18614690e-01,6.80784649e-07,6.00580277e-01,2.81755840e-01
1.55155155e+01,4.35846764e+00,1.66927253e+02,7.34085846e+06,2.11228826e+03,1.18604270e-01,6.80736819e-07,6.00527517e-01,2.81731088e-01
1.56156156e+01,4.34442709e+00,1.71898128e+02,7.30053363e+06,2.10808672e+03,1.18569805e-01,6.80523339e-07,6.00353011e-01,2.81649220e-01
1.57157157e+01,4.33806204e+00,1.75787658e+02,7.27660849e+06,2.10499396e+03,1.18528526e-01,6.80243717e-07,6.00144001e-01,2.81551166e-01
1.58158158e+01,4.33647026e+00,1.76676572e+02,7.25361815e+06,2.10063554e+03,1.18442644e-01,6.79682116e-07,5.99709158e-01,2.81347164e-01
1.59159159e+01,4.33760924e+00,1.77423962e+02,7.27298963e+06,2.10434730e+03,1.18518354e-01,6.80023221e-07,6.00092499e-01,2.81527005e-01
1.60160160e+01,4.34148357e+00,1.81094997e+02,7.29154053e+06,2.10708507e+03,1.18560371e-01,6.80148342e-07,6.00305243e-01,2.81626811e-01
1.61161161e+01,4.34201167e+00,1.83635322e+02,7.28989164e+06,2.10658535e+03,1.18547258e-01,6.79937192e-07,6.00238847e-01,2.81595662e-01
1.62162162e+01,4.32994962e+00,1.87364736e+02,7.24938156e+06,2.10170826e+03,1.18491220e-01,6.79463866e-07,5.99955109e-01,2.81462550e-01
1.63163163e+01,4.30708913e+00,1.92926279e+02,7.20939008e+06,2.10018572e+03,1.18548879e-01,6.79631717e-07,6.00247055e-01,2.81599513e-01
1.64164164e+01,4.28911065e+00,1.97112218e+02,7.15008940e+06,2.09308696e+03,1.18467012e-01,6.78994753e-07,5.99832540e-01,2.81405048e-01
1.65165165e+01,4.27827174e+00,1.99678180e+02,7.15653216e+06,2.09773639e+03,1.18610691e-01,6.79650872e-07,6.00560025e-01,2.81746340e-01
1.66166166e+01,4.27197361e+00,2.02562842e+02,7.12443935e+06,2.09282881e+03,1.18530172e-01,6.79028230e-07,6.00152335e-01,2.81555077e-01
1.67167167e+01,4.26546273e+00,2.02391598e+02,7.10369332e+06,2.09041777e+03,1.18501937e-01,6.78716507e-07,6.00009375e-01,2.81488009e-01
1.68168168e+01,4.26233340e+00,2.03433478e+02,7.10434564e+06,2.09152958e+03,1.18536784e-01,6.78783079e-07,6.00185815e-01,2.81570784e-01
1.69169169e+01,4.26914723e+00,2.03589174e+02,7.11033451e+06,2.09071297e+03,1.18493622e-01,6.78424027e-07,5.99967272e-01,2.81468257e-01
1.70170170e+01,4.27380214e+00,2.03137876e+02,7.12820796e+06,2.09309732e+03,1.18526924e-01,6.78527662e-07,6.00135892e-01,2.81547364e-01
1.71171171e+01,4.26618892e+00,2.04220878e+02,7.10474718e+06,2.09042137e+03,1.18499139e-01,6.78309429e-07,5.99995208e-01,2.81481363e-01
1.72172172e+01,4.24618115e+00,2.09631175e+02,7.08065830e+06,2.09136096e+03,1.18600524e-01,6.78860169e-07,6.00508549e-01,2.81722192e-01
1.73173173e+01,4.23066217e+00,2.14741796e+02,7.01128574e+06,2.08120525e+03,1.18444498e-01,6.77967100e-07,5.99718545e-01,2.81351570e-01
1.74174174e+01,4.22558267e+00,2.17447350e+02,7.01191213e+06,2.08288205e+03,1.18501997e-01,6.78324212e-07,6.00009681e-01,2.81488153e-01
1.75175175e+01,4.22444474e+00,2.20267425e+02,7.01053129e+06,2.08294265e+03,1.18507128e-01,6.78406877e-07,6.00035657e-01,2.81500339e-01
1.76176176e+01,4.22220344e+00,2.20549612e+02,6.99805472e+06,2.08095749e+03,1.18471928e-01,6.78280135e-07,5.99857431e-01,2.81416726e-01
1.77177177e+01,4.22185953e+00,2.19906442e+02,6.99473200e+06,2.08034073e+03,1.18460433e-01,6.78305676e-07,5.99799226e-01,2.81389420e-01
1.78178178e+01,4.22118087e+00,2.18833938e+02,6.99552802e+06,2.08071931e+03,1.18471402e-01,6.78470667e-07,5.99854768e-01,2.81415477e-01
1.79179179e+01,4.21563663e+00,2.19529885e+02,6.99249222e+06,2.08175976e+03,1.18516468e-01,6.78835284e-07,6.00082947e-01,2.81522525e-01
1.80180180e+01,4.19833372e+00,2.25030998e+02,6.96090056e+06,2.08023612e+03,1.18554032e-01,6.79154200e-07,6.00273144e-01,2.81611753e-01
1.81181181e+01,4.18014993e+00,2.32452367e+02,6.91150331e+06,2.07510775e+03,1.18516958e-01,6.79035237e-07,6.00085429e-01,2.81523689e-01
1.82182182e+01,4.16916451e+00,2.37696656e+02,6.88829694e+06,2.07344987e+03,1.18524948e-01,6.79157065e-07,6.00125887e-01,2.81542669e-01
1.83183183e+01,4.16084724e+00,2.40349089e+02,6.86850714e+06,2.07170556e+03,1.18520380e-01,6.79183043e-07,6.00102759e-01,2.81531819e-01
1.84184184e+01,4.16106022e+00,2.41850369e+02,6.85749671e+06,2.06923369e+03,1.18465680e-01,6.78891585e-07,5.99825795e-01,2.81401884e-01
1.85185185e+01,4.16343350e+00,2.40465498e+02,6.86737015e+06,2.07066521e+03,1.18486651e-01,6.78998032e-07,5.99931976e-01,2.81451698e-01
1.86186186e+01,4.16380413e+00,2.41110805e+02,6.87947566e+06,2.07319851e+03,1.18539924e-01,6.79248825e-07,6.00201715e-01,2.81578243e-01
1.87187187e+01,4.15907006e+00,2.43533131e+02,6.87112350e+06,2.07282003e+03,1.18552416e-01,6.79220982e-07,6.00264962e-01,2.81607915e-01
1.88188188e+01,4.13902827e+00,2.50271630e+02,6.82376044e+06,2.06861261e+03,1.18545944e-01,6.79036899e-07,6.00232193e-01,2.81592542e-01
1.89189189e+01,4.11730705e+00,2.56048065e+02,6.77098047e+06,2.06372732e+03,1.18529507e-01,6.78747284e-07,6.00148970e-01,2.81553499e-01
1.90190190e+01,4.10369480e+00,2.58792488e+02,6.73227061e+06,2.05943240e+03,1.18489387e-01,6.78273663e-07,5.99945833e-01,2.81458199e-01
1.91191191e+01,4.09920483e+00,2.60128130e+02,6.71119461e+06,2.05614177e+03,1.18437067e-01,6.77682866e-07,5.99680920e-01,2.81333918e-01
1.92192192e+01,4.10107386e+00,2.62123753e+02,6.73479690e+06,2.06078530e+03,1.18531737e-01,6.77886818e-07,6.00160263e-01,2.81558798e-01
1.93193193e+01,4.11080943e+00,2.65577848e+02,6.75657872e+06,2.06259096e+03,1.18529615e-01,6.77493281e-07,6.00149516e-01,2.81553756e-01
1.94194194e+01,4.11513213e+00,2.66876065e+02,6.76679267e+06,2.06347737e+03,1.18533160e-01,6.77090479e-07,6.00167466e-01,2.81562178e-01
1.95195195e+01,4.11109867e+00,2.68814032e+02,6.73837476e+06,2.05845122e+03,1.18439664e-01,6.76097972e-07,5.99694068e-01,2.81340089e-01
1.96196196e+01,4.10028803e+00,2.69197256e+02,6.71246707e+06,2.05607951e+03,1.18431814e-01,6.75565396e-07,5.99654324e-01,2.81321444e-01
1.97197197e+01,4.07944711e+00,2.72239996e+02,6.67609339e+06,2.05446604e+03,1.18484793e-01,6.75357186e-07,5.99922572e-01,2.81447290e-01
1.98198198e+01,4.05700785e+00,2.76007036e+02,6.62894967e+06,2.05094451e+03,1.18501937e-01,6.74928937e-07,6.00009375e-01,2.81488013e-01
1.99199199e+01,4.04345975e+00,2.79243595e+02,6.59563301e+06,2.04774090e+03,1.18486491e-01,6.74307443e-07,5.99931170e-01,2.81451325e-01
2.00200200e+01,4.03789845e+00,2.81273046e+02,6.56727127e+06,2.04310198e+03,1.18407716e-01,6.73323109e-07,5.99532307e-01,2.81264203e-01
2.01201201e+01,4.03862313e+00,2.83904152e+02,6.58379830e+06,2.04658070e+03,1.18482661e-01,6.73215880e-07,5.99911778e-01,2.81442229e-01
2.02202202e+01,4.04731452e+00,2.87762214e+02,6.60620597e+06,2.04891821e+03,1.18495271e-01,6.72761452e-07,5.99975625e-01,2.81472182e-01
2.03203203e+01,4.05313848e+00,2.88636289e+02,6.61041981e+06,2.04803037e+03,1.18451807e-01,6.72000194e-07,5.99755555e-01,2.81368939e-01
2.04204204e+01,4.05437387e+00,2.87909671e+02,6.61205177e+06,2.04799626e+03,1.18446921e-01,6.71474971e-07,5.99730817e-01,2.81357334e-01
2.05205205e+01,4.04988241e+00,2.87159571e+02,6.59079000e+06,2.04462731e+03,1.18391735e-01,6.70686315e-07,5.99451397e-01,2.81226248e-01
2.06206206e+01,4.04025871e+00,2.86437867e+02,6.57945587e+06,2.04508680e+03,1.18443039e-01,6.70526108e-07,5.99711160e-01,2.81348114e-01
2.07207207e+01,4.02467269e+00,2.90457720e+02,6.56243193e+06,2.04613741e+03,1.18533179e-01,6.70613168e-07,6.00167568e-01,2.81562233e-01
2.08208208e+01,4.00968013e+00,2.96119240e+02,6.51531473e+06,2.04020231e+03,1.18465780e-01,6.69838590e-07,5.99826308e-01,2.81402135e-01
2.09209209e+01,4.00584402e+00,3.01398058e+02,6.51709307e+06,2.04182382e+03,1.18517397e-01,6.69767167e-07,6.00087660e-01,2.81524746e-01
2.10210210e+01,4.00637462e+00,3.03597964e+02,6.50155873e+06,2.03812496e+03,1.18433785e-01,6.68960327e-07,5.99664309e-01,2.81326136e-01
2.11211211e+01,4.00836252e+00,3.02103594e+02,6.51145609e+06,2.03975470e+03,1.18460528e-01,6.68804411e-07,5.99799716e-01,2.81389660e-01
2.12212212e+01,4.00044756e+00,3.01813079e+02,6.48415645e+06,2.03604350e+03,1.18412714e-01,6.68253704e-07,5.99557617e-01,2.81276083e-01
2.13213213e+01,3.98159155e+00,3.05252951e+02,6.47302194e+06,2.03943290e+03,1.18571806e-01,6.68895454e-07,6.00363147e-01,2.81653989e-01
2.14214214e+01,3.95501554e+00,3.13480880e+02,6.40092303e+06,2.03135936e+03,1.18508127e-01,6.68303491e-07,6.00040724e-01,2.81502728e-01
2.15215215e+01,3.94435960e+00,3.17868314e+02,6.35895165e+06,2.02508999e+03,1.18414579e-01,6.67564148e-07,5.99567065e-01,2.81280516e-01
2.16216216e+01,3.94319844e+00,3.21065804e+02,6.36750072e+06,2.02742986e+03,1.18471807e-01,6.67691973e-07,5.99856826e-01,2.81416455e-01
2.17217217e+01,3.94197719e+00,3.24436370e+02,6.36235244e+06,2.02663835e+03,1.18458940e-01,6.67438606e-07,5.99791675e-01,2.81385890e-01
2.18218218e+01,3.93981841e+00,3.27353798e+02,6.36467813e+06,2.02787493e+03,1.18494872e-01,6.67471442e-07,5.99973612e-01,2.81471244e-01
2.19219219e+01,3.93751505e+00,3.27964460e+02,6.34328146e+06,2.02367033e+03,1.18411116e-01,6.66839124e-07,5.99549528e-01,2.81272289e-01
2.20220220e+01,3.93908355e+00,3.26172883e+02,6.34880557e+06,2.02443257e+03,1.18422439e-01,6.66749193e-07,5.99606860e-01,2.81299186e-01
2.21221221e+01,3.93740504e+00,3.25164396e+02,6.34788928e+06,2.02475244e+03,1.18437110e-01,6.66682961e-07,5.99681143e-01,2.81334036e-01
2.22222222e+01,3.93472961e+00,3.25500297e+02,6.35045450e+06,2.02617367e+03,1.18482370e-01,6.66792251e-07,5.99910307e-01,2.81441546e-01
2.23223223e+01,3.92347390e+00,3.29566949e+02,6.33970360e+06,2.02727544e+03,1.18556647e-01,6.67067116e-07,6.00286395e-01,2.81617984e-01
2.24224224e+01,3.90412524e+00,3.37342081e+02,6.28411469e+06,2.02055572e+03,1.18492268e-01,6.66563914e-07,5.99960426e-01,2.81465059e-01
2.25225225e+01,3.89672433e+00,3.41964654e+02,6.26042530e+06,2.01739722e+03,1.18454951e-01,6.66215224e-07,5.99771480e-01,2.81376417e-01
2.26226226e+01,3.89161739e+00,3.42657329e+02,6.24913089e+06,2.01640199e+03,1.18454851e-01,6.66077640e-07,5.99770973e-01,2.81376179e-01
2.27227227e+01,3.88820297e+00,3.44098784e+02,6.24514720e+06,2.01657036e+03,1.18473400e-01,6.66047149e-07,5.99864894e-01,2.81420241e-01
2.28228228e+01,3.88672531e+00,3.44742682e+02,6.23745042e+06,2.01522829e+03,1.18451207e-01,6.65790656e-07,5.99752522e-01,2.81367523e-01
2.29229229e+01,3.88272882e+00,3.44427914e+02,6.22949028e+06,2.01463769e+03,1.18456523e-01,6.65692990e-07,5.99779438e-01,2.81380151e-01
2.30230230e+01,3.87088494e+00,3.47580193e+02,6.22054886e+06,2.01632757e+03,1.18548984e-01,6.66090597e-07,6.00247597e-01,2.81599783e-01
2.31231231e+01,3.85832735e+00,3.53351529e+02,6.18782036e+06,2.01265864e+03,1.18524733e-01,6.65839643e-07,6.00124807e-01,2.81542177e-01
2.32232232e+01,3.85580346e+00,3.59840605e+02,6.18125965e+06,2.01193812e+03,1.18518995e-01,6.65701542e-07,6.00095754e-01,2.81528547e-01
2.33233233e+01,3.85512434e+00,3.64436888e+02,6.18816413e+06,2.01385659e+03,1.18559232e-01,6.65831669e-07,6.00299482e-01,2.81624124e-01
2.34234234e+01,3.85244610e+00,3.66690750e+02,6.17156895e+06,2.01087285e+03,1.18499054e-01,6.65409290e-07,5.99994788e-01,2.81481181e-01
2.35235235e+01,3.84983749e+00,3.65108152e+02,6.16080195e+06,2.00913251e+03,1.18475010e-01,6.65202659e-07,5.99873042e-01,2.81424065e-01
2.36236236e+01,3.84159901e+00,3.65071441e+02,6.15153319e+06,2.00958408e+03,1.18523821e-01,6.65419003e-07,6.00120187e-01,2.81540010e-01
2.37237237e+01,3.82623888e+00,3.69139111e+02,6.11926673e+06,2.00690904e+03,1.18533224e-01,6.65428965e-07,6.00167796e-01,2.81562346e-01
2.38238238e+01,3.80653826e+00,3.75263333e+02,6.07714585e+06,2.00327957e+03,1.18540943e-01,6.65444849e-07,6.00206883e-01,2.81580683e-01
2.39239239e+01,3.79589859e+00,3.79712331e+02,6.04223193e+06,1.99839126e+03,1.18479374e-01,6.65087267e-07,5.99895139e-01,2.81434432e-01
2.40240240e+01,3.78866131e+00,3.80112760e+02,6.02627487e+06,1.99695002e+03,1.18477652e-01,6.65080834e-07,5.99886423e-01,2.81430343e-01
2.41241241e+01,3.78308985e+00,3.80576334e+02,6.00463760e+06,1.99358423e+03,1.18425721e-01,6.64807243e-07,5.99623481e-01,2.81306986e-01
2.42242242e+01,3.78194482e+00,3.81526746e+02,6.01109286e+06,1.99549230e+03,1.18475534e-01,6.65118737e-07,5.99875698e-01,2.81425311e-01
2.43243243e+01,3.78203887e+00,3.85573049e+02,6.02327470e+06,1.99840748e+03,1.18539507e-01,6.65522639e-07,6.00199612e-01,2.81577272e-01
2.44244244e+01,3.78400443e+00,3.90715920e+02,6.02232473e+06,1.99753144e+03,1.18511199e-01,6.65420103e-07,6.00056278e-01,2.81510028e-01
2.45245245e+01,3.78218100e+00,3.93887701e+02,6.00585521e+06,1.99414175e+03,1.18445075e-01,6.65115226e-07,5.99721473e-01,2.81352958e-01
2.46246246e+01,3.77427770e+00,3.95548081e+02,5.98733894e+06,1.99229052e+03,1.18437112e-01,6.65145108e-07,5.99681153e-01,2.81334042e-01
2.47247247e+01,3.76294721e+00,3.97120256e+02,5.96764944e+06,1.99125316e+03,1.18464761e-01,6.65381037e-07,5.99821148e-01,2.81399719e-01
2.48248248e+01,3.75252598e+00,3.97886901e+02,5.95213469e+06,1.99097014e+03,1.18501754e-01,6.65673460e-07,6.00008456e-01,2.81487592e-01
2.49249249e+01,3.74772391e+00,3.98073137e+02,5.92680851e+06,1.98642525e+03,1.18419046e-01,6.65295053e-07,5.99589684e-01,2.81291130e-01
2.50250250e+01,3.74573490e+00,3.95576023e+02,5.92221886e+06,1.98588500e+03,1.18422385e-01,6.65399589e-07,5.99606588e-01,2.81299060e-01
2.51251251e+01,3.73624666e+00,3.97268833e+02,5.91666067e+06,1.98764798e+03,1.18506490e-01,6.65955233e-07,6.00032434e-01,2.81498841e-01
2.52252252e+01,3.72461504e+00,4.01500284e+02,5.88570870e+06,1.98399579e+03,1.18472378e-01,6.65841554e-07,5.99859717e-01,2.81417813e-01
2.53253253e+01,3.72213612e+00,4.07274297e+02,5.88004711e+06,1.98338414e+03,1.18473768e-01,6.65920182e-07,5.99866753e-01,2.81421114e-01
2.54254254e+01,3.72626812e+00,4.12553252e+02,5.89357622e+06,1.98529307e+03,1.18500630e-01,6.66132987e-07,6.00002765e-01,2.81484922e-01
2.55255255e+01,3.72614792e+00,4.14974185e+02,5.88006141e+06,1.98209750e+03,1.18423322e-01,6.65749412e-07,5.99611332e-01,2.81301285e-01
2.56256256e+01,3.72210474e+00,4.14744988e+02,5.87030775e+06,1.98108440e+03,1.18415835e-01,6.65745755e-07,5.99573425e-01,2.81283502e-01
2.57257257e+01,3.71364818e+00,4.14801257e+02,5.85132308e+06,1.97920645e+03,1.18413905e-01,6.65759150e-07,5.99563653e-01,2.81278917e-01
2.58258258e+01,3.70530275e+00,4.15504627e+02,5.84208651e+06,1.97970129e+03,1.18463648e-01,6.66047577e-07,5.99815514e-01,2.81397075e-01
2.59259259e+01,3.69292477e+00,4.19135369e+02,5.82884238e+06,1.98054058e+03,1.18541000e-01,6.66474719e-07,6.00207171e-01,2.81580817e-01
2.60260260e+01,3.67159252e+00,4.27328236e+02,5.77448844e+06,1.97420421e+03,1.18497025e-01,6.66202434e-07,5.99984512e-01,2.81476359e-01
2.61261261e+01,3.65939081e+00,4.33953186e+02,5.75209714e+06,1.97272707e+03,1.18519797e-01,6.66287842e-07,6.00099811e-01,2.81530450e-01
2.62262262e+01,3.65256635e+00,4.35700612e+02,5.72318682e+06,1.96783622e+03,1.18438075e-01,6.65767973e-07,5.99686032e-01,2.81336330e-01
2.63263263e+01,3.64806862e+00,4.34897277e+02,5.71337650e+06,1.96688361e+03,1.18438164e-01,6.65690077e-07,5.99686482e-01,2.81336542e-01
2.64264264e+01,3.64033349e+00,4.36470397e+02,5.70827346e+06,1.96818818e+03,1.18505215e-01,6.65970628e-07,6.00025979e-01,2.81495813e-01
2.65265265e+01,3.63546915e+00,4.39091116e+02,5.68425394e+06,1.96381500e+03,1.18427597e-01,6.65421014e-07,5.99632978e-01,2.81311441e-01
2.66266266e+01,3.63587007e+00,4.38749855e+02,5.68251953e+06,1.96321533e+03,1.18414566e-01,6.65217623e-07,5.99566997e-01,2.81280487e-01
2.67267267e+01,3.63766417e+00,4.38481795e+02,5.69690799e+06,1.96618542e+03,1.18476609e-01,6.65419886e-07,5.99881139e-01,2.81427863e-01
2.68268268e+01,3.63895724e+00,4.41418686e+02,5.71362018e+06,1.96994335e+03,1.18555351e-01,6.65700604e-07,6.00279832e-01,2.81614906e-01
2.69269269e+01,3.64056309e+00,4.47029161e+02,5.72463908e+06,1.97216321e+03,1.18597949e-01,6.65764292e-07,6.00495520e-01,2.81716094e-01
2.70270270e+01,3.63369023e+00,4.53590518e+02,5.69928910e+06,1.96808504e+03,1.18541224e-01,6.65257951e-07,6.00208304e-01,2.81581350e-01
2.71271271e+01,3.61947054e+00,4.59167421e+02,5.66556904e+06,1.96444929e+03,1.18521776e-01,6.64950471e-07,6.00109832e-01,2.81535153e-01
2.72272272e+01,3.60914644e+00,4.59963822e+02,5.62966542e+06,1.95888408e+03,1.18443116e-01,6.64302703e-07,5.99711558e-01,2.81348307e-01
2.73273273e+01,3.60584952e+00,4.58132284e+02,5.62428880e+06,1.95858914e+03,1.18456025e-01,6.64161694e-07,5.99776917e-01,2.81378970e-01
2.74274274e+01,3.59804488e+00,4.58185837e+02,5.60851369e+06,1.95720470e+03,1.18463740e-01,6.63986441e-07,5.99815981e-01,2.81397296e-01
2.75275275e+01,3.58816594e+00,4.59873117e+02,5.59210218e+06,1.95637163e+03,1.18492729e-01,6.63927593e-07,5.99962763e-01,2.81466158e-01
2.76276276e+01,3.57870804e+00,4.62334533e+02,5.57845856e+06,1.95615612e+03,1.18529079e-01,6.63909046e-07,6.00146814e-01,2.81552504e-01
2.77277277e+01,3.57281632e+00,4.65133430e+02,5.55971384e+06,1.95340902e+03,1.18492004e-01,6.63480305e-07,5.99959089e-01,2.81464435e-01
2.78278278e+01,3.57073836e+00,4.67696150e+02,5.56295057e+06,1.95491386e+03,1.18538664e-01,6.63523155e-07,6.00195343e-01,2.81575271e-01
2.79279279e+01,3.56485704e+00,4.72643040e+02,5.54827984e+06,1.95317183e+03,1.18526721e-01,6.63242309e-07,6.00134872e-01,2.81546902e-01
2.80280280e+01,3.55906883e+00,4.76715048e+02,5.53276017e+06,1.95120241e+03,1.18506894e-01,6.62923708e-07,6.00034484e-01,2.81499806e-01
2.81281281e+01,3.55295196e+00,4.78148333e+02,5.51922405e+06,1.94983245e+03,1.18503691e-01,6.62705907e-07,6.00018265e-01,2.81492198e-01
2.82282282e+01,3.54646465e+00,4.78969591e+02,5.50632800e+06,1.94871033e+03,1.18511266e-01,6.62557625e-07,6.00056618e-01,2.81510191e-01
2.83283283e+01,3.53688809e+00,4.81029814e+02,5.48602613e+06,1.94673164e+03,1.18514352e-01,6.62394801e-07,6.00072246e-01,2.81517523e-01
2.84284284e+01,3.52723691e+00,4.82912720e+02,5.46705070e+06,1.94512120e+03,1.18525633e-01,6.62289734e-07,6.00129366e-01,2.81544320e-01
2.85285285e+01,3.51849473e+00,4.84696066e+02,5.45598794e+06,1.94527871e+03,1.18570089e-01,6.62382510e-07,6.00354458e-01,2.81649920e-01
2.86286286e+01,3.51387686e+00,4.86867757e+02,5.43671289e+06,1.94191227e+03,1.18511566e-01,6.61913525e-07,6.00058139e-01,2.81510905e-01
2.87287287e+01,3.51140201e+00,4.86907057e+02,5.44445560e+06,1.94471706e+03,1.18592702e-01,6.62238020e-07,6.00468954e-01,2.81703635e-01
2.88288288e+01,3.50273373e+00,4.90338985e+02,5.41250105e+06,1.93940784e+03,1.18511966e-01,6.61672694e-07,6.00060165e-01,2.81511856e-01
2.89289289e+01,3.49975869e+00,4.93206532e+02,5.40950659e+06,1.93968609e+03,1.18530081e-01,6.61673544e-07,6.00151889e-01,2.81554887e-01
2.90290290e+01,3.50031187e+00,4.97634139e+02,5.40556085e+06,1.93842525e+03,1.18501935e-01,6.61430203e-07,6.00009375e-01,2.81488029e-01
2.91291291e+01,3.49838016e+00,5.02066630e+02,5.41780749e+06,1.94222858e+03,1.18603282e-01,6.61923377e-07,6.00522526e-01,2.81728768e-01
2.92292292e+01,3.48970713e+00,5.09403304e+02,5.39560793e+06,1.93949566e+03,1.18577713e-01,6.61721687e-07,6.00393063e-01,2.81668032e-01
2.93293293e+01,3.48065810e+00,5.13168959e+02,5.37766684e+06,1.93801577e+03,1.18581162e-01,6.61695024e-07,6.00410526e-01,2.81676224e-01
2.94294294e+01,3.47211646e+00,5.14308332e+02,5.35710523e+06,1.93558182e+03,1.18567276e-01,6.61583988e-07,6.00340214e-01,2.81643238e-01
2.95295295e+01,3.46558214e+00,5.14895305e+02,5.33734436e+06,1.93269274e+03,1.18529566e-01,6.61351641e-07,6.00149278e-01,2.81553663e-01
2.96296296e+01,3.46145925e+00,5.14898542e+02,5.32397971e+06,1.93059958e+03,1.18501935e-01,6.61186261e-07,6.00009375e-01,2.81488029e-01
2.97297297e+01,3.45634643e+00,5.14960325e+02,5.32759913e+06,1.93334467e+03,1.18589290e-01,6.61672234e-07,6.00451680e-01,2.81695531e-01
2.98298298e+01,3.45328799e+00,5.16306775e+02,5.31476274e+06,1.93111650e+03,1.18544959e-01,6.61432227e-07,6.00227217e-01,2.81590227e-01
2.99299299e+01,3.45282979e+00,5.16146853e+02,5.32384944e+06,1.93365126e+03,1.18607711e-01,6.61797476e-07,6.00544950e-01,2.81739288e-01
3.00300300e+01,3.44185051e+00,5.21718189e+02,5.30129527e+06,1.93149349e+03,1.18614347e-01,6.61856329e-07,6.00578550e-01,2.81755051e-01
3.01301301e+01,3.42965323e+00,5.28716712e+02,5.25934135e+06,1.92457446e+03,1.18518709e-01,6.61350039e-07,6.00094305e-01,2.81527873e-01
3.02302302e+01,3.42421230e+00,5.33749336e+02,5.24494320e+06,1.92262748e+03,1.18501935e-01,6.61288256e-07,6.00009375e-01,2.81488029e-01
3.03303303e+01,3.41768045e+00,5.36148205e+02,5.24446356e+06,1.92487640e+03,1.18578855e-01,6.61752765e-07,6.00398842e-01,2.81670743e-01
3.04304304e+01,3.41443143e+00,5.37028913e+02,5.22346291e+06,1.92039233e+03,1.18492439e-01,6.61308211e-07,5.99961293e-01,2.81465471e-01
3.05305305e+01,3.41486905e+00,5.35422540e+02,5.22567847e+06,1.92080376e+03,1.18502118e-01,6.61401439e-07,6.00010304e-01,2.81488464e-01
3.06306306e+01,3.41303837e+00,5.35869181e+02,5.22530326e+06,1.92132789e+03,1.18524825e-01,6.61567938e-07,6.00125276e-01,2.81542402e-01
3.07307307e+01,3.41037407e+00,5.37691256e+02,5.22327746e+06,1.92171214e+03,1.18547726e-01,6.61735176e-07,6.00241226e-01,2.81596799e-01
3.08308308e+01,3.40367959e+00,5.42008169e+02,5.20536097e+06,1.91925458e+03,1.18525031e-01,6.61646694e-07,6.00126317e-01,2.81542890e-01
3.09309309e+01,3.39261607e+00,5.48043299e+02,5.17647378e+06,1.91538475e+03,1.18490562e-01,6.61490405e-07,5.99951791e-01,2.81461013e-01
3.10310310e+01,3.38172060e+00,5.51706574e+02,5.15116635e+06,1.91242337e+03,1.18474338e-01,6.61433180e-07,5.99869643e-01,2.81422474e-01
3.11311311e+01,3.37194411e+00,5.54384010e+02,5.13094875e+06,1.91039252e+03,1.18477309e-01,6.61479736e-07,5.99884686e-01,2.81429532e-01
3.12312312e+01,3.36162095e+00,5.57367449e+02,5.11356626e+06,1.90932707e+03,1.18504624e-01,6.61658277e-07,6.00022992e-01,2.81494416e-01
3.13313313e+01,3.34839644e+00,5.61881806e+02,5.09177995e+06,1.90809516e+03,1.18542261e-01,6.61890036e-07,6.00213558e-01,2.81583818e-01
3.14314314e+01,3.34179247e+00,5.65782407e+02,5.06290132e+06,1.90259796e+03,1.18444102e-01,6.61358691e-07,5.99716550e-01,2.81350653e-01
3.15315315e+01,3.34383507e+00,5.64915197e+02,5.06274426e+06,1.90182890e+03,1.18415944e-01,6.61213046e-07,5.99573976e-01,2.81283765e-01
3.16316316e+01,3.35243363e+00,5.61232989e+02,5.08050219e+06,1.90362172e+03,1.18414881e-01,6.61213252e-07,5.99568598e-01,2.81281242e-01
3.17317317e+01,3.35749783e+00,5.58998180e+02,5.10355616e+06,1.90808521e+03,1.18494958e-01,6.61660806e-07,5.99974051e-01,2.81471456e-01
3.18318318e+01,3.35593560e+00,5.60742481e+02,5.10684697e+06,1.90953175e+03,1.18536698e-01,6.61888316e-07,6.00185388e-01,2.81570603e-01
3.19319319e+01,3.34863054e+00,5.65305345e+02,5.09030624e+06,1.90761079e+03,1.18529755e-01,6.61837900e-07,6.00150237e-01,2.81554112e-01
3.20320320e+01,3.32941192e+00,5.74313761e+02,5.06354248e+06,1.90713434e+03,1.18616778e-01,6.62306021e-07,6.00590857e-01,2.81760824e-01
3.21321321e+01,3.31307902e+00,5.79902900e+02,5.00531051e+06,1.89701236e+03,1.18459406e-01,6.61403586e-07,5.99794039e-01,2.81387006e-01
3.22322322e+01,3.30897636e+00,5.80373102e+02,4.99150296e+06,1.89468583e+03,1.18424331e-01,6.61178093e-07,5.99616446e-01,2.81303690e-01
3.23323323e+01,3.30805860e+00,5.80100490e+02,4.99550984e+06,1.89609228e+03,1.18464339e-01,6.61365929e-07,5.99819017e-01,2.81398724e-01
3.24324324e+01,3.30376273e+00,5.82219280e+02,4.98796139e+06,1.89552885e+03,1.18474345e-01,6.61380562e-07,5.99869680e-01,2.81422492e-01
3.25325325e+01,3.30057298e+00,5.84582175e+02,4.98053378e+06,1.89463204e+03,1.18468299e-01,6.61300134e-07,5.99839068e-01,2.81408130e-01
3.26326326e+01,3.30091732e+00,5.86404176e+02,4.98217257e+06,1.89496894e+03,1.18473851e-01,6.61279267e-07,5.99867176e-01,2.81421317e-01
3.27327327e+01,3.30161096e+00,5.86425835e+02,4.98165051e+06,1.89463040e+03,1.18457712e-01,6.61132401e-07,5.99785460e-01,2.81382981e-01
3.28328328e+01,3.30100498e+00,5.85666954e+02,4.98342449e+06,1.89534172e+03,1.18477167e-01,6.61179623e-07,5.99883968e-01,2.81429195e-01
3.29329329e+01,3.29368964e+00,5.88246094e+02,4.98190080e+06,1.89750680e+03,1.18568559e-01,6.61624121e-07,6.00346713e-01,2.81646287e-01
3.30330330e+01,3.27173227e+00,5.98106436e+02,4.92769082e+06,1.89033044e+03,1.18513670e-01,6.61248918e-07,6.00068792e-01,2.81515904e-01
3.31331331e+01,3.25889508e+00,6.05587028e+02,4.90042933e+06,1.88732183e+03,1.18510893e-01,6.61161903e-07,6.00054731e-01,2.81509307e-01
3.32332332e+01,3.25350304e+00,6.07902411e+02,4.88184168e+06,1.88406878e+03,1.18461220e-01,6.60810937e-07,5.99803225e-01,2.81391316e-01
3.33333333e+01,3.25224822e+00,6.07596686e+02,4.87424027e+06,1.88238018e+03,1.18428543e-01,6.60552904e-07,5.99637773e-01,2.81313696e-01
3.34334334e+01,3.25362421e+00,6.06353900e+02,4.87990783e+06,1.88345318e+03,1.18448586e-01,6.60587578e-07,5.99739254e-01,2.81361305e-01
3.35335335e+01,3.25438021e+00,6.06765486e+02,4.88969872e+06,1.88592317e+03,1.18503259e-01,6.60814546e-07,6.00016082e-01,2.81491176e-01
3.36336336e+01,3.25243963e+00,6.09456637e+02,4.89208412e+06,1.88731905e+03,1.18544068e-01,6.60963988e-07,6.00222709e-01,2.81588113e-01
3.37337337e+01,3.24368331e+00,6.15626096e+02,4.86881398e+06,1.88395039e+03,1.18510206e-01,6.60697721e-07,6.00051255e-01,2.81507677e-01
3.38338338e+01,3.22700637e+00,6.23768426e+02,4.83116195e+06,1.87937891e+03,1.18488964e-01,6.60503283e-07,5.99943703e-01,2.81457220e-01
3.39339339e+01,3.21280995e+00,6.29405665e+02,4.80238442e+06,1.87638324e+03,1.18492489e-01,6.60449211e-07,5.99961547e-01,2.81465591e-01
3.40340340e+01,3.20564917e+00,6.30588947e+02,4.78160575e+06,1.87308746e+03,1.18451400e-01,6.60149138e-07,5.99753501e-01,2.81367989e-01
3.41341341e+01,3.20392463e+00,6.29536218e+02,4.77193784e+06,1.87095979e+03,1.18410036e-01,6.59850800e-07,5.99544066e-01,2.81269735e-01
3.42342342e+01,3.20547024e+00,6.26773147e+02,4.77748291e+06,1.87199922e+03,1.18424677e-01,6.59868282e-07,5.99618197e-01,2.81304513e-01
3.43343343e+01,3.20515613e+00,6.25712809e+02,4.78471329e+06,1.87413883e+03,1.18480111e-01,6.60117315e-07,5.99898874e-01,2.81436190e-01
3.44344344e+01,3.19847683e+00,6.29131721e+02,4.77945639e+06,1.87504538e+03,1.18539746e-01,6.60394595e-07,6.00200826e-01,2.81577847e-01
3.45345345e+01,3.18673897e+00,6.36234352e+02,4.74421454e+06,1.86926014e+03,1.18464592e-01,6.59926505e-07,5.99820299e-01,2.81399327e-01
3.46346346e+01,3.18170197e+00,6.40142857e+02,4.73685897e+06,1.86900385e+03,1.18484418e-01,6.59993510e-07,5.99920684e-01,2.81446422e-01
3.47347347e+01,3.17777358e+00,6.42077787e+02,4.72471233e+06,1.86698065e+03,1.18454915e-01,6.59791997e-07,5.99771299e-01,2.81376339e-01
3.48348348e+01,3.17384590e+00,6.42260406e+02,4.71507017e+06,1.86563211e+03,1.18445017e-01,6.59706291e-07,5.99721187e-01,2.81352829e-01
3.49349349e+01,3.16747245e+00,6.43456874e+02,4.70386286e+06,1.86469904e+03,1.18460493e-01,6.59768836e-07,5.99799546e-01,2.81389591e-01
3.50350350e+01,3.16120269e+00,6.45018072e+02,4.69306413e+06,1.86390952e+03,1.18473113e-01,6.59822631e-07,5.99863440e-01,2.81419566e-01
3.51351351e+01,3.15727688e+00,6.46887946e+02,4.68565173e+06,1.86323440e+03,1.18475984e-01,6.59829459e-07,5.99877979e-01,2.81426387e-01
3.52352352e+01,3.15452147e+00,6.48987849e+02,4.68650733e+06,1.86448853e+03,1.18521347e-01,6.60080350e-07,6.00107664e-01,2.81534141e-01
3.53353353e+01,3.14290778e+00,6.55825200e+02,4.66610270e+06,1.86288015e+03,1.18543629e-01,6.60210163e-07,6.00220487e-01,2.81587071e-01
3.54354354e+01,3.13140068e+00,6.63341441e+02,4.63466349e+06,1.85805230e+03,1.18484656e-01,6.59894823e-07,5.99921887e-01,2.81446986e-01
3.55355355e+01,3.12818710e+00,6.67080638e+02,4.62826377e+06,1.85737692e+03,1.18485667e-01,6.59920829e-07,5.99927006e-01,2.81449388e-01
3.56356356e+01,3.13106140e+00,6.67832885e+02,4.62635053e+06,1.85568608e+03,1.18435779e-01,6.59670500e-07,5.99674410e-01,2.81330885e-01
3.57357357e+01,3.13626625e+00,6.64964267e+02,4.64834899e+06,1.86016658e+03,1.18515307e-01,6.60148114e-07,6.00077082e-01,2.81519794e-01
3.58358358e+01,3.12945537e+00,6.67076504e+02,4.63190491e+06,1.85793325e+03,1.18495333e-01,6.60078354e-07,5.99975949e-01,2.81472348e-01
3.59359359e+01,3.11292686e+00,6.72160954e+02,4.60075817e+06,1.85492421e+03,1.18515403e-01,6.60238074e-07,6.00077571e-01,2.81520023e-01
3.60360360e+01,3.10219234e+00,6.75764151e+02,4.56740316e+06,1.84915303e+03,1.18431779e-01,6.59825926e-07,5.99654158e-01,2.81321384e-01
3.61361361e+01,3.10305032e+00,6.74528674e+02,4.56712808e+06,1.84875771e+03,1.18417219e-01,6.59804207e-07,5.99580432e-01,2.81286796e-01
3.62362362e+01,3.10513867e+00,6.72605512e+02,4.57958618e+06,1.85161579e+03,1.18477216e-01,6.60203280e-07,5.99884216e-01,2.81429313e-01
3.63363363e+01,3.10241933e+00,6.74586427e+02,4.58612713e+06,1.85457891e+03,1.18560700e-01,6.60738272e-07,6.00306920e-01,2.81627620e-01
3.64364364e+01,3.09068132e+00,6.82934649e+02,4.55626586e+06,1.85014108e+03,1.18519678e-01,6.60583645e-07,6.00099216e-01,2.81530178e-01
3.65365365e+01,3.08037452e+00,6.90333849e+02,4.53655833e+06,1.84817526e+03,1.18527822e-01,6.60706685e-07,6.00140451e-01,2.81549523e-01
3.66366366e+01,3.07272808e+00,6.95333707e+02,4.51843415e+06,1.84568949e+03,1.18507454e-01,6.60673877e-07,6.00037322e-01,2.81501140e-01
3.67367367e+01,3.07028774e+00,6.95636061e+02,4.50643252e+06,1.84300616e+03,1.18458843e-01,6.60486372e-07,5.99791190e-01,2.81385670e-01
3.68368368e+01,3.07082167e+00,6.93597743e+02,4.50772078e+06,1.84317704e+03,1.18461122e-01,6.60584919e-07,5.99802727e-01,2.81391082e-01
3.69369369e+01,3.06697686e+00,6.91707077e+02,4.49717094e+06,1.84153423e+03,1.18437596e-01,6.60541400e-07,5.99683606e-01,2.81335198e-01
3.70370370e+01,3.05879030e+00,6.92524645e+02,4.49361674e+06,1.84347461e+03,1.18535830e-01,6.61178165e-07,6.00180994e-01,2.81568542e-01
3.71371371e+01,3.04438130e+00,6.98129091e+02,4.46065013e+06,1.83904522e+03,1.18507869e-01,6.61111521e-07,6.00039419e-01,2.81502124e-01
3.72372372e+01,3.03866772e+00,7.02606827e+02,4.44727322e+06,1.83729302e+03,1.18487532e-01,6.61087270e-07,5.99936450e-01,2.81453817e-01
3.73373373e+01,3.04122744e+00,7.04510292e+02,4.45730512e+06,1.83924272e+03,1.18529076e-01,6.61407979e-07,6.00146798e-01,2.81552499e-01
3.74374374e+01,3.04183730e+00,7.05975819e+02,4.46032183e+06,1.83992743e+03,1.18541386e-01,6.61565050e-07,6.00209126e-01,2.81581740e-01
3.75375375e+01,3.03450813e+00,7.10172058e+02,4.43971096e+06,1.83647505e+03,1.18500952e-01,6.61426577e-07,6.00004397e-01,2.81485693e-01
3.76376376e+01,3.02283125e+00,7.15350768e+02,4.41899054e+06,1.83462276e+03,1.18523065e-01,6.61635403e-07,6.00116363e-01,2.81538221e-01
3.77377377e+01,3.01263603e+00,7.18151033e+02,4.39535670e+06,1.83132923e+03,1.18500863e-01,6.61594617e-07,6.00003947e-01,2.81485482e-01
3.78378378e+01,3.00854072e+00,7.18500758e+02,4.38459059e+06,1.82965040e+03,1.18480129e-01,6.61559547e-07,5.99898967e-01,2.81436231e-01
3.79379379e+01,3.00573380e+00,7.17913590e+02,4.38219218e+06,1.82998080e+03,1.18504503e-01,6.61773662e-07,6.00022378e-01,2.81494128e-01
3.80380380e+01,2.99751558e+00,7.20908586e+02,4.37431005e+06,1.83067065e+03,1.18570971e-01,6.62219829e-07,6.00358925e-01,2.81652015e-01
3.81381381e+01,2.98039944e+00,7.29081658e+02,4.33973354e+06,1.82667006e+03,1.18568401e-01,6.62276962e-07,6.00345912e-01,2.81645910e-01
3.82382382e+01,2.97032824e+00,7.36461899e+02,4.31361553e+06,1.82258771e+03,1.18519288e-01,6.62070249e-07,6.00097238e-01,2.81529248e-01
3.83383383e+01,2.97225556e+00,7.39302055e+02,4.31680584e+06,1.82271895e+03,1.18521500e-01,6.62146463e-07,6.00108437e-01,2.81534501e-01
3.84384384e+01,2.97904000e+00,7.37305818e+02,4.32001286e+06,1.82117324e+03,1.18439871e-01,6.61750517e-07,5.99695128e-01,2.81340602e-01
3.85385385e+01,2.98765103e+00,7.32584214e+02,4.34874576e+06,1.82664397e+03,1.18527936e-01,6.62298911e-07,6.00141027e-01,2.81549791e-01
3.86386386e+01,2.98485243e+00,7.32268258e+02,4.34087931e+06,1.82535639e+03,1.18507996e-01,6.62239704e-07,6.00040066e-01,2.81502426e-01
3.87387387e+01,2.97507605e+00,7.35105966e+02,4.33271880e+06,1.82652957e+03,1.18597683e-01,6.62788787e-07,6.00494177e-01,2.81715467e-01
3.88388388e+01,2.95608629e+00,7.43681920e+02,4.28097888e+06,1.81788856e+03,1.18494775e-01,6.62256848e-07,5.99973123e-01,2.81471020e-01
3.89389389e+01,2.94914412e+00,7.46274950e+02,4.26973420e+06,1.81710755e+03,1.18512645e-01,6.62395341e-07,6.00063604e-01,2.81513468e-01
3.90390390e+01,2.94467494e+00,7.49347806e+02,4.26180028e+06,1.81644311e+03,1.18515298e-01,6.62444276e-07,6.00077036e-01,2.81519770e-01
3.91391391e+01,2.94505207e+00,7.51818672e+02,4.26886144e+06,1.81836300e+03,1.18571135e-01,6.62786036e-07,6.00359752e-01,2.81652403e-01
3.92392392e+01,2.94155292e+00,7.56246810e+02,4.26267860e+06,1.81773426e+03,1.18581246e-01,6.62867785e-07,6.00410951e-01,2.81676422e-01
3.93393393e+01,2.93390114e+00,7.62467886e+02,4.24307171e+06,1.81464632e+03,1.18545039e-01,6.62686138e-07,6.00227622e-01,2.81590416e-01
3.94394394e+01,2.93062227e+00,7.64701453e+02,4.22967396e+06,1.81181803e+03,1.18487613e-01,6.62381461e-07,5.99936856e-01,2.81454006e-01
3.95395395e+01,2.93236356e+00,7.63660165e+02,4.22930641e+06,1.81100693e+03,1.18459994e-01,6.62239091e-07,5.99797016e-01,2.81388401e-01
3.96396396e+01,2.93516856e+00,7.61630830e+02,4.24131889e+06,1.81361214e+03,1.18512442e-01,6.62540068e-07,6.00062574e-01,2.81512985e-01
3.97397397e+01,2.93183707e+00,7.63833558e+02,4.24067885e+06,1.81474134e+03,1.18555389e-01,6.62783728e-07,6.00280029e-01,2.81615002e-01
3.98398398e+01,2.92383080e+00,7.70355279e+02,4.22340902e+06,1.81241285e+03,1.18548006e-01,6.62741897e-07,6.00242647e-01,2.81597464e-01
3.99399399e+01,2.91688372e+00,7.77459282e+02,4.20554480e+06,1.80947027e+03,1.18520145e-01,6.62581587e-07,6.00101578e-01,2.81531283e-01
4.00400400e+01,2.90625736e+00,7.85015260e+02,4.18725267e+06,1.80787148e+03,1.18540847e-01,6.62688907e-07,6.00206398e-01,2.81580458e-01
4.01401401e+01,2.89311642e+00,7.90134834e+02,4.16127355e+06,1.80493149e+03,1.18533229e-01,6.62634185e-07,6.00167824e-01,2.81562362e-01
4.02402402e+01,2.88665116e+00,7.90851893e+02,4.13628286e+06,1.79947798e+03,1.18443129e-01,6.62114794e-07,5.99711623e-01,2.81348340e-01
4.03403403e+01,2.88813594e+00,7.86770865e+02,4.14043571e+06,1.80021607e+03,1.18452508e-01,6.62148015e-07,5.99759113e-01,2.81370619e-01
4.04404404e+01,2.88461281e+00,7.83202698e+02,4.13173538e+06,1.79891149e+03,1.18433798e-01,6.62020810e-07,5.99664379e-01,2.81326176e-01
4.05405405e+01,2.87721400e+00,7.83693139e+02,4.12162742e+06,1.79841564e+03,1.18480527e-01,6.62256188e-07,5.99900978e-01,2.81437174e-01
4.06406406e+01,2.86926398e+00,7.86458694e+02,4.11057922e+06,1.79813118e+03,1.18509079e-01,6.62386913e-07,6.00045548e-01,2.81504998e-01
4.07407407e+01,2.86416224e+00,7.90650799e+02,4.10180906e+06,1.79751267e+03,1.18507639e-01,6.62347067e-07,6.00038255e-01,2.81501576e-01
4.08408408e+01,2.86386352e+00,7.95078110e+02,4.09816177e+06,1.79626816e+03,1.18496654e-01,6.62251080e-07,5.99982638e-01,2.81475484e-01
4.09409409e+01,2.86828968e+00,7.98603312e+02,4.10890148e+06,1.79790593e+03,1.18515795e-01,6.62320729e-07,6.00079552e-01,2.81520950e-01
4.10410410e+01,2.87454453e+00,8.02682407e+02,4.12683185e+06,1.80124095e+03,1.18554052e-01,6.62494506e-07,6.00273256e-01,2.81611825e-01
4.11411411e+01,2.87527403e+00,8.04797453e+02,4.12508990e+06,1.80045090e+03,1.18525931e-01,6.62294722e-07,6.00130873e-01,2.81545027e-01
4.12412412e+01,2.86592707e+00,8.09808917e+02,4.10029285e+06,1.79616395e+03,1.18479782e-01,6.61991839e-07,5.99897207e-01,2.81435405e-01
4.13413413e+01,2.84878790e+00,8.17006974e+02,4.06641678e+06,1.79191905e+03,1.18487863e-01,6.61989922e-07,5.99938125e-01,2.81454601e-01
4.14414414e+01,2.83333506e+00,8.20976358e+02,4.03522359e+06,1.78796616e+03,1.18481585e-01,6.61905867e-07,5.99906338e-01,2.81439689e-01
4.15415415e+01,2.82567622e+00,8.23349055e+02,4.01450444e+06,1.78456596e+03,1.18417918e-01,6.61499395e-07,5.99583975e-01,2.81288456e-01
4.16416416e+01,2.83066691e+00,8.20822189e+02,4.02591330e+06,1.78617945e+03,1.18437994e-01,6.61558817e-07,5.99685622e-01,2.81336143e-01
4.17417417e+01,2.83483039e+00,8.20273812e+02,4.04096516e+06,1.78924564e+03,1.18502780e-01,6.61866038e-07,6.00013655e-01,2.81490036e-01
4.18418418e+01,2.83327372e+00,8.24674510e+02,4.04643308e+06,1.79181372e+03,1.18558160e-01,6.62118887e-07,6.00294058e-01,2.81621584e-01
4.19419419e+01,2.83040599e+00,8.32169290e+02,4.03570245e+06,1.78925619e+03,1.18532749e-01,6.61918938e-07,6.00165394e-01,2.81561223e-01
4.20420420e+01,2.82454536e+00,8.40055180e+02,4.02261167e+06,1.78735056e+03,1.18519632e-01,6.61786195e-07,6.00098982e-01,2.81530066e-01
4.21421421e+01,2.81588427e+00,8.44407229e+02,4.00054206e+06,1.78389749e+03,1.18460790e-01,6.61396769e-07,5.99801049e-01,2.81390294e-01
4.22422422e+01,2.81109872e+00,8.44050236e+02,3.99115089e+06,1.78252696e+03,1.18474920e-01,6.61413419e-07,5.99872589e-01,2.81423856e-01
4.23423423e+01,2.80576113e+00,8.41504427e+02,3.98381238e+06,1.78222783e+03,1.18501935e-01,6.61500702e-07,6.00009375e-01,2.81488028e-01
4.24424424e+01,2.80343491e+00,8.37747269e+02,3.97929628e+06,1.78168465e+03,1.18501935e-01,6.61435936e-07,6.00009375e-01,2.81488029e-01
4.25425425e+01,2.81649605e+00,8.28270501e+02,4.00601449e+06,1.78532961e+03,1.18501935e-01,6.61369828e-07,6.00009375e-01,2.81488029e-01
4.26426426e+01,2.85868800e+00,8.05682465e+02,4.08872034e+06,1.79529445e+03,1.18501935e-01,6.61302040e-07,6.00009375e-01,2.81488029e-01
4.27427427e+01,2.90973121e+00,7.79221051e+02,4.19118110e+06,1.80776725e+03,1.18517238e-01,6.61317041e-07,6.00086860e-01,2.81524380e-01
4.28428428e+01,2.94534175e+00,7.64133641e+02,4.26094135e+06,1.81587062e+03,1.18501935e-01,6.61159226e-07,6.00009375e-01,2.81488029e-01
4.29429429e+01,2.97242366e+00,7.57602369e+02,4.30069834e+06,1.81781707e+03,1.18390969e-01,6.60465825e-07,5.99447521e-01,2.81224441e-01
4.30430430e+01,2.98555624e+00,7.53978880e+02,4.34035616e+06,1.82490063e+03,1.18495367e-01,6.60972323e-07,5.99976120e-01,2.81472428e-01
4.31431431e+01,2.98275866e+00,7.57182343e+02,4.33512637e+06,1.82442892e+03,1.18494223e-01,6.60888886e-07,5.99970330e-01,2.81469712e-01
4.32432432e+01,2.98065959e+00,7.60934143e+02,4.32833327e+06,1.82311862e+03,1.18476950e-01,6.60714368e-07,5.99882872e-01,2.81428682e-01
4.33433433e+01,2.97370623e+00,7.66644868e+02,4.30875466e+06,1.81971484e+03,1.18437941e-01,6.60417763e-07,5.99685355e-01,2.81336019e-01
4.34434434e+01,2.96530735e+00,7.69921382e+02,4.29129421e+06,1.81759608e+03,1.18429987e-01,6.60293612e-07,5.99645081e-01,2.81317125e-01
4.35435435e+01,2.95718966e+00,7.72908078e+02,4.27968990e+06,1.81710437e+03,1.18466002e-01,6.60413849e-07,5.99827435e-01,2.81402674e-01
4.36436436e+01,2.94386080e+00,7.78988676e+02,4.25128131e+06,1.81343296e+03,1.18451768e-01,6.60253322e-07,5.99755368e-01,2.81368865e-01
4.37437437e+01,2.93051838e+00,7.85337585e+02,4.22909287e+06,1.81167795e+03,1.18484695e-01,6.60355158e-07,5.99922084e-01,2.81447078e-01
4.38438438e+01,2.91849536e+00,7.90569657e+02,4.20445221e+06,1.80863579e+03,1.18478562e-01,6.60238723e-07,5.99891030e-01,2.81432509e-01
4.39439439e+01,2.91171338e+00,7.94185156e+02,4.18908114e+06,1.80645529e+03,1.18463188e-01,6.60070272e-07,5.99813188e-01,2.81395991e-01
4.40440440e+01,2.90868447e+00,7.94901966e+02,4.18247133e+06,1.80556942e+03,1.18457524e-01,6.59955209e-07,5.99784509e-01,2.81382536e-01
4.41441441e+01,2.90436097e+00,7.96199668e+02,4.17616400e+06,1.80526980e+03,1.18474618e-01,6.59966191e-07,5.99871062e-01,2.81423142e-01
4.42442442e+01,2.89543322e+00,8.00348389e+02,4.15772363e+06,1.80292397e+03,1.18469112e-01,6.59850679e-07,5.99843184e-01,2.81410063e-01
4.43443443e+01,2.88693193e+00,8.04597786e+02,4.14351633e+06,1.80175867e+03,1.18488546e-01,6.59873532e-07,5.99941586e-01,2.81456228e-01
4.44444444e+01,2.87110013e+00,8.12130706e+02,4.11288921e+06,1.79823647e+03,1.18492906e-01,6.59811934e-07,5.99963660e-01,2.81466583e-01
4.45445445e+01,2.85536410e+00,8.19715463e+02,4.07945345e+06,1.79372558e+03,1.18474523e-01,6.59623510e-07,5.99870580e-01,2.81422916e-01
4.46446446e+01,2.84643791e+00,8.22214214e+02,4.05838329e+06,1.79046296e+03,1.18447660e-01,6.59387405e-07,5.99734567e-01,2.81359107e-01
4.47447447e+01,2.84042869e+00,8.23440290e+02,4.04292017e+06,1.78787675e+03,1.18417034e-01,6.59129849e-07,5.99579499e-01,2.81286359e-01
4.48448448e+01,2.83611713e+00,8.24315704e+02,4.03613194e+06,1.78738189e+03,1.18430706e-01,6.59118289e-07,5.99648723e-01,2.81318835e-01
4.49449449e+01,2.82904960e+00,8.27478563e+02,4.02510973e+06,1.78657441e+03,1.18455855e-01,6.59170038e-07,5.99776061e-01,2.81378574e-01
4.50450450e+01,2.81846779e+00,8.33660956e+02,4.00541472e+06,1.78433801e+03,1.18467103e-01,6.59143963e-07,5.99833010e-01,2.81405291e-01
4.51451451e+01,2.80909401e+00,8.40429009e+02,3.98414558e+06,1.78114731e+03,1.18443045e-01,6.58921067e-07,5.99711202e-01,2.81348146e-01
4.52452452e+01,2.80342355e+00,8.46290308e+02,3.97529191e+06,1.78054154e+03,1.18459168e-01,6.58921260e-07,5.99792836e-01,2.81386444e-01
4.53453453e+01,2.80128062e+00,8.50558730e+02,3.97202973e+06,1.78032034e+03,1.18467221e-01,6.58875951e-07,5.99833608e-01,2.81405572e-01
4.54454454e+01,2.79994818e+00,8.51461805e+02,3.96598875e+06,1.77887697e+03,1.18439359e-01,6.58630138e-07,5.99692539e-01,2.81339391e-01
4.55455455e+01,2.79819448e+00,8.50860860e+02,3.96307213e+06,1.77864513e+03,1.18441869e-01,6.58552465e-07,5.99705247e-01,2.81345353e-01
4.56456456e+01,2.78790820e+00,8.53052204e+02,3.94036464e+06,1.77535792e+03,1.18416577e-01,6.58319618e-07,5.99577185e-01,2.81285274e-01
4.57457457e+01,2.77443884e+00,8.55740860e+02,3.91384854e+06,1.77192593e+03,1.18419651e-01,6.58244167e-07,5.99592747e-01,2.81292575e-01
4.58458458e+01,2.76483661e+00,8.57419472e+02,3.89388578e+06,1.76914873e+03,1.18410407e-01,6.58099940e-07,5.99545944e-01,2.81270618e-01
4.59459459e+01,2.75995493e+00,8.58553259e+02,3.88640373e+06,1.76866955e+03,1.18423994e-01,6.58082133e-07,5.99614738e-01,2.81302892e-01
4.60460460e+01,2.75515803e+00,8.60937219e+02,3.88418217e+06,1.76984883e+03,1.18483366e-01,6.58318175e-07,5.99915357e-01,2.81443924e-01
4.61461461e+01,2.74783915e+00,8.66478130e+02,3.86771412e+06,1.76725388e+03,1.18468965e-01,6.58143872e-07,5.99842442e-01,2.81409717e-01
4.62462462e+01,2.74501052e+00,8.71682118e+02,3.86052013e+06,1.76608175e+03,1.18449024e-01,6.57938349e-07,5.99741474e-01,2.81362349e-01
4.63463463e+01,2.74839822e+00,8.74241990e+02,3.86761847e+06,1.76693004e+03,1.18463645e-01,6.57924199e-07,5.99815504e-01,2.81397080e-01
4.64464464e+01,2.75614381e+00,8.72243961e+02,3.88092090e+06,1.76839407e+03,1.18438895e-01,6.57690411e-07,5.99690188e-01,2.81338289e-01
4.65465465e+01,2.76245364e+00,8.69500611e+02,3.89619830e+06,1.77077896e+03,1.18473762e-01,6.57786681e-07,5.99866730e-01,2.81421112e-01
4.66466466e+01,2.75911064e+00,8.69437863e+02,3.88796254e+06,1.76955487e+03,1.18448456e-01,6.57548117e-07,5.99738596e-01,2.81361000e-01
4.67467467e+01,2.74674548e+00,8.72880857e+02,3.87031424e+06,1.76868594e+03,1.18499786e-01,6.57734479e-07,5.99998496e-01,2.81482929e-01
4.68468468e+01,2.72770470e+00,8.80971619e+02,3.82341152e+06,1.76060595e+03,1.18421895e-01,6.57203770e-07,5.99604114e-01,2.81297909e-01
4.69469469e+01,2.72172350e+00,8.82465998e+02,3.81141188e+06,1.75897155e+03,1.18419588e-01,6.57092359e-07,5.99592431e-01,2.81292428e-01
4.70470470e+01,2.71721609e+00,8.84370049e+02,3.80695187e+06,1.75929327e+03,1.18455559e-01,6.57192941e-07,5.99774562e-01,2.81377873e-01
4.71471471e+01,2.71086790e+00,8.88622602e+02,3.79579543e+06,1.75806137e+03,1.18467955e-01,6.57162386e-07,5.99837328e-01,2.81407319e-01
4.72472472e+01,2.70375604e+00,8.94136712e+02,3.78015501e+06,1.75562637e+03,1.18454207e-01,6.56986565e-07,5.99767719e-01,2.81374663e-01
4.73473473e+01,2.69679744e+00,8.99251907e+02,3.76699019e+06,1.75400300e+03,1.18455794e-01,6.56895590e-07,5.99775753e-01,2.81378432e-01
4.74474474e+01,2.68948347e+00,9.03540745e+02,3.75415529e+06,1.75264610e+03,1.18464875e-01,6.56845896e-07,5.99821735e-01,2.81400004e-01
4.75475475e+01,2.67941076e+00,9.09090069e+02,3.73514811e+06,1.75025796e+03,1.18469607e-01,6.56771915e-07,5.99845694e-01,2.81411244e-01
4.76476476e+01,2.66701030e+00,9.15851422e+02,3.71023182e+06,1.74677558e+03,1.18462180e-01,6.56630520e-07,5.99808087e-01,2.81393602e-01
4.77477477e+01,2.65659764e+00,9.21114342e+02,3.69074122e+06,1.74431663e+03,1.18468522e-01,6.56565470e-07,5.99840199e-01,2.81408666e-01
4.78478478e+01,2.64775388e+00,9.24925960e+02,3.67513419e+06,1.74255162e+03,1.18481465e-01,6.56536896e-07,5.99905731e-01,2.81439410e-01
4.79479479e+01,2.63687733e+00,9.29497829e+02,3.65580319e+06,1.74034092e+03,1.18494728e-01,6.56510034e-07,5.99972887e-01,2.81470916e-01
4.80480480e+01,2.62216222e+00,9.36095858e+02,3.62590795e+06,1.73601551e+03,1.18479741e-01,6.56326856e-07,5.99897005e-01,2.81435317e-01
4.81481481e+01,2.61034896e+00,9.40578957e+02,3.60192145e+06,1.73256157e+03,1.18464293e-01,6.56141335e-07,5.99818789e-01,2.81398623e-01
4.82482482e+01,2.60001153e+00,9.44184144e+02,3.58377866e+06,1.73051339e+03,1.18476283e-01,6.56107881e-07,5.99879494e-01,2.81427102e-01
4.83483483e+01,2.58543259e+00,9.50394026e+02,3.55872677e+06,1.72774166e+03,1.18501296e-01,6.56146781e-07,6.00006143e-01,2.81486518e-01
4.84484484e+01,2.57159989e+00,9.57149375e+02,3.53194295e+06,1.72402208e+03,1.18497158e-01,6.56024640e-07,5.99985193e-01,2.81476690e-01
4.85485485e+01,2.56339575e+00,9.62423814e+02,3.51532566e+06,1.72157880e+03,1.18485029e-01,6.55858514e-07,5.99923777e-01,2.81447877e-01
4.86486486e+01,2.55848607e+00,9.66917676e+02,3.50784761e+06,1.72097477e+03,1.18501443e-01,6.55850492e-07,6.00006886e-01,2.81486867e-01
4.87487487e+01,2.55254508e+00,9.72565388e+02,3.49786886e+06,1.71990045e+03,1.18513349e-01,6.55817600e-07,6.00067171e-01,2.81515149e-01
4.88488488e+01,2.54432515e+00,9.79957220e+02,3.48152740e+06,1.71749387e+03,1.18506587e-01,6.55681596e-07,6.00032933e-01,2.81499087e-01
4.89489489e+01,2.53700330e+00,9.86737509e+02,3.46743665e+06,1.71550037e+03,1.18505134e-01,6.55575201e-07,6.00025578e-01,2.81495637e-01
4.90490490e+01,2.53072453e+00,9.92196562e+02,3.45759047e+06,1.71458851e+03,1.18524805e-01,6.55585836e-07,6.00125174e-01,2.81542361e-01
4.91491491e+01,2.52410492e+00,9.96751185e+02,3.44565795e+06,1.71311945e+03,1.18527082e-01,6.55500393e-07,6.00136703e-01,2.81547770e-01
4.92492492e+01,2.51466235e+00,1.00214880e+03,3.42783707e+06,1.71064131e+03,1.18528289e-01,6.55409312e-07,6.00142817e-01,2.81550638e-01
4.93493493e+01,2.50405902e+00,1.00692998e+03,3.40554849e+06,1.70703547e+03,1.18506028e-01,6.55188879e-07,6.00030101e-01,2.81497759e-01
4.94494494e+01,2.49582570e+00,1.00972584e+03,3.38960220e+06,1.70461969e+03,1.18507943e-01,6.55102479e-07,6.00039797e-01,2.81502308e-01
4.95495495e+01,2.48642591e+00,1.01274755e+03,3.37325176e+06,1.70259430e+03,1.18522973e-01,6.55088982e-07,6.00115900e-01,2.81538011e-01
4.96496496e+01,2.47726537e+00,1.01572581e+03,3.35864129e+06,1.70113240e+03,1.18547788e-01,6.55129984e-07,6.00241546e-01,2.81596956e-01
4.97497497e+01,2.47085821e+00,1.01862585e+03,3.34419599e+06,1.69873978e+03,1.18510688e-01,6.54829295e-07,6.00053700e-01,2.81508831e-01
4.98498498e+01,2.47097088e+00,1.02000335e+03,3.35026014e+06,1.70186828e+03,1.18501934e-01,6.54686198e-07,6.00009375e-01,2.81488036e-01
4.99499499e+01,2.51870114e+00,1.01501644e+03,3.24824579e+06,7.15542946e+02,3.66097916e-01,0.00000000e+00,0.00000000e+00,6.33902084e-01
5.00500501e+01,2.56416280e+00,9.37535931e+02,3.71105410e+06,5.02005607e+03,0.00000000e+00,2.30000000e-01,7.70072028e-01,0.00000000e+00
5.01501502e+01,2.29089958e+00,1.09697081e+03,3.16127711e+06,4.78812410e+03,0.00000000e+00,2.30000000e-01,7.69732081e-01,0.00000000e+00
5.02502503e+01,2.24251737e+00,1.12537800e+03,3.07076487e+06,4.75012527e+03,0.00000000e+00,2.30000000e-01,7.69988291e-01,0.00000000e+00
5.03503504e+01,2.23261798e+00,1.13034534e+03,3.05215997e+06,4.74222294e+03,0.00000000e+00,2.30000000e-01,7.69999973e-01,0.00000000e+00
5.04504505e+01,2.22505338e+00,1.13386116e+03,3.03831863e+06,4.73677123e+03,0.00000000e+00,2.30000000e-01,7.69999000e-01,0.00000000e+00
5.05505506e+01,2.21781624e+00,1.13744885e+03,3.02506333e+06,4.73149410e+03,0.00000000e+00,2.30000000e-01,7.69999305e-01,0.00000000e+00
5.06506507e+01,2.21097059e+00,1.14119151e+03,3.01228288e+06,4.72609173e+03,0.00000000e+00,2.30000000e-01,7.69999377e-01,0.00000000e+00
5.07507508e+01,2.20466662e+00,1.14516673e+03,3.00023411e+06,4.72064531e+03,0.00000000e+00,2.30000000e-01,7.69999840e-01,0.00000000e+00
5.08508509e+01,2.19890258e+00,1.14938339e+03,2.98897097e+06,4.71525217e+03,0.00000000e+00,2.30000000e-01,7.69999699e-01,0.00000000e+00
5.09509510e+01,2.19338624e+00,1.15366891e+03,2.97811409e+06,4.70993815e+03,0.00000000e+00,2.30000000e-01,7.70000209e-01,0.00000000e+00
5.10510511e+01,2.18750263e+00,1.15776610e+03,2.96674897e+06,4.70458258e+03,0.00000000e+00,2.30000000e-01,7.70000448e-01,0.00000000e+00
5.11511512e+01,2.18115245e+00,1.16156278e+03,2.95454789e+06,4.69887293e+03,0.00000000e+00,2.30000000e-01,7.70000875e-01,0.00000000e+00
5.12512513e+01,2.17450937e+00,1.16510981e+03,2.94174760e+06,4.69280974e+03,0.00000000e+00,2.30000000e-01,7.70000578e-01,0.00000000e+00
5.13513514e+01,2.16764928e+00,1.16852746e+03,2.92870522e+06,4.68679005e+03,0.00000000e+00,2.30000000e-01,7.70000506e-01,0.00000000e+00
5.14514515e+01,2.16051828e+00,1.17186025e+03,2.91549046e+06,4.68104692e+03,0.00000000e+00,2.30000000e-01,7.69999475e-01,0.00000000e+00
5.15515516e+01,2.15353834e+00,1.17530704e+03,2.90270205e+06,4.67561945e+03,0.00000000e+00,2.30000000e-01,7.69999499e-01,0.00000000e+00
5.16516517e+01,2.14683230e+00,1.17889383e+03,2.89041360e+06,4.67036781e+03,0.00000000e+00,2.30000000e-01,7.69999700e-01,0.00000000e+00
5.17517518e+01,2.14028572e+00,1.18255907e+03,2.87842785e+06,4.66522733e+03,0.00000000e+00,2.30000000e-01,7.69999693e-01,0.00000000e+00
5.18518519e+01,2.13397783e+00,1.18631462e+03,2.86678507e+06,4.66009072e+03,0.00000000e+00,2.30000000e-01,7.69999865e-01,0.00000000e+00
5.19519520e+01,2.12798517e+00,1.19017226e+03,2.85554052e+06,4.65488308e+03,0.00000000e+00,2.30000000e-01,7.70000075e-01,0.00000000e+00
5.20520521e+01,2.12228785e+00,1.19410261e+03,2.84465411e+06,4.64958487e+03,0.00000000e+00,2.30000000e-01,7.70000180e-01,0.00000000e+00
5.21521522e+01,2.11682125e+00,1.19805855e+03,2.83406517e+06,4.64424006e+03,0.00000000e+00,2.30000000e-01,7.70000147e-01,0.00000000e+00
5.22522523e+01,2.11153736e+00,1.20200275e+03,2.82376270e+06,4.63893719e+03,0.00000000e+00,2.30000000e-01,7.70000035e-01,0.00000000e+00
5.23523524e+01,2.10643408e+00,1.20592274e+03,2.81380543e+06,4.63377882e+03,0.00000000e+00,2.30000000e-01,7.69999934e-01,0.00000000e+00
5.24524525e+01,2.10154838e+00,1.20982768e+03,2.80429503e+06,4.62885354e+03,0.00000000e+00,2.30000000e-01,7.69999890e-01,0.00000000e+00
5.25525526e+01,2.09693146e+00,1.21373551e+03,2.79533245e+06,4.62421856e+03,0.00000000e+00,2.30000000e-01,7.69999904e-01,0.00000000e+00
5.26526527e+01,2.09262514e+00,1.21765959e+03,2.78697316e+06,4.61987729e+03,0.00000000e+00,2.30000000e-01,7.69999971e-01,0.00000000e+00
5.27527528e+01,2.08863857e+00,1.22159633e+03,2.77918728e+06,4.61576472e+03,0.00000000e+00,2.30000000e-01,7.69999856e-01,0.00000000e+00
5.28528529e+01,2.08491545e+00,1.22550909e+03,2.77185146e+06,4.61180176e+03,0.00000000e+00,2.30000000e-01,7.69999902e-01,0.00000000e+00
5.29529530e+01,2.08124932e+00,1.22931563e+03,2.76466401e+06,4.60794733e+03,0.00000000e+00,2.30000000e-01,7.69999606e-01,0.00000000e+00
5.30530531e+01,2.07750787e+00,1.23294851e+03,2.75740767e+06,4.60412930e+03,0.00000000e+00,2.30000000e-01,7.69999712e-01,0.00000000e+00
5.31531532e+01,2.07356864e+00,1.23631717e+03,2.74985090e+06,4.60023145e+03,0.00000000e+00,2.30000000e-01,7.70000287e-01,0.00000000e+00
5.32532533e+01,2.06935361e+00,1.23933278e+03,2.74185241e+06,4.59619043e+03,0.00000000e+00,2.30000000e-01,7.70000962e-01,0.00000000e+00
5.33533534e+01,2.06500928e+00,1.24199601e+03,2.73361448e+06,4.59202326e+03,0.00000000e+00,2.30000000e-01,7.70000579e-01,0.00000000e+00
5.34534535e+01,2.06071563e+00,1.24439137e+03,2.72553123e+06,4.58798586e+03,0.00000000e+00,2.30000000e-01,7.70000242e-01,0.00000000e+00
5.35535536e+01,2.05638549e+00,1.24652755e+03,2.71766550e+06,4.58437694e+03,0.00000000e+00,2.30000000e-01,7.70000517e-01,0.00000000e+00
5.36536537e+01,2.05207393e+00,1.24839057e+03,2.70995472e+06,4.58097679e+03,0.00000000e+00,2.30000000e-01,7.70000043e-01,0.00000000e+00
5.37537538e+01,2.04817278e+00,1.25016141e+03,2.70291966e+06,4.57779146e+03,0.00000000e+00,2.30000000e-01,7.69999157e-01,0.00000000e+00
5.38538539e+01,2.04497515e+00,1.25195723e+03,2.69687626e+06,4.57469648e+03,0.00000000e+00,2.30000000e-01,7.69999510e-01,0.00000000e+00
5.39539540e+01,2.04224651e+00,1.25365423e+03,2.69134854e+06,4.57141823e+03,0.00000000e+00,2.30000000e-01,7.69999792e-01,0.00000000e+00
5.40540541e+01,2.03983090e+00,1.25525979e+03,2.68620843e+06,4.56809018e+03,0.00000000e+00,2.30000000e-01,7.69999894e-01,0.00000000e+00
5.41541542e+01,2.03763636e+00,1.25686364e+03,2.68153323e+06,4.56505199e+03,0.00000000e+00,2.30000000e-01,7.69999672e-01,0.00000000e+00
5.42542543e+01,2.03561141e+00,1.25851593e+03,2.67734411e+06,4.56245125e+03,0.00000000e+00,2.30000000e-01,7.70000358e-01,0.00000000e+00
5.43543544e+01,2.03351870e+00,1.26013457e+03,2.67324706e+06,4.56015774e+03,0.00000000e+00,2.30000000e-01,7.70000316e-01,0.00000000e+00
5.44544545e+01,2.03125983e+00,1.26173822e+03,2.66919511e+06,4.55831104e+03,0.00000000e+00,2.30000000e-01,7.69999921e-01,0.00000000e+00
5.45545546e+01,2.02892764e+00,1.26341104e+03,2.66530532e+06,4.55690072e+03,0.00000000e+00,2.30000000e-01,7.69999822e-01,0.00000000e+00
5.46546547e+01,2.02661312e+00,1.26516790e+03,2.66152315e+06,4.55563140e+03,0.00000000e+00,2.30000000e-01,7.69999778e-01,0.00000000e+00
5.47547548e+01,2.02442114e+00,1.26703576e+03,2.65783743e+06,4.55424887e+03,0.00000000e+00,2.30000000e-01,7.69999709e-01,0.00000000e+00
5.48548549e+01,2.02246443e+00,1.26905810e+03,2.65430591e+06,4.55259765e+03,0.00000000e+00,2.30000000e-01,7.69999758e-01,0.00000000e+00
5.49549550e+01,2.02081373e+00,1.27128032e+03,2.65101726e+06,4.55067046e+03,0.00000000e+00,2.30000000e-01,7.69999924e-01,0.00000000e+00
5.50550551e+01,2.01945493e+00,1.27373516e+03,2.64805603e+06,4.54864483e+03,0.00000000e+00,2.30000000e-01,7.70000131e-01,0.00000000e+00
5.51551552e+01,2.01830901e+00,1.27641867e+03,2.64542042e+06,4.54669665e+03,0.00000000e+00,2.30000000e-01,7.70000320e-01,0.00000000e+00
5.52552553e+01,2.01727056e+00,1.27927611e+03,2.64297455e+06,4.54483267e+03,0.00000000e+00,2.30000000e-01,7.70000027e-01,0.00000000e+00
5.53553554e+01,2.01630687e+00,1.28231549e+03,2.64074992e+06,4.54317903e+03,0.00000000e+00,2.30000000e-01,7.69999721e-01,0.00000000e+00
5.54554555e+01,2.01554738e+00,1.28556194e+03,2.63882589e+06,4.54159004e+03,0.00000000e+00,2.30000000e-01,7.69997485e-01,0.00000000e+00
5.55555556e+01,2.01511998e+00,1.28912610e+03,2.63763385e+06,4.54048026e+03,0.00000000e+00,2.30000000e-01,7.70001984e-01,0.00000000e+00
5.56556557e+01,2.01411610e+00,1.29240521e+03,2.63537428e+06,4.53885393e+03,0.00000000e+00,2.30000000e-01,7.70001510e-01,0.00000000e+00
5.57557558e+01,2.01231523e+00,1.29559690e+03,2.63276404e+06,4.53842431e+03,0.00000000e+00,2.30000000e-01,7.69999795e-01,0.00000000e+00
5.58558559e+01,2.01038843e+00,1.29891339e+03,2.63038840e+06,4.53867530e+03,0.00000000e+00,2.30000000e-01,7.69999711e-01,0.00000000e+00
5.59559560e+01,2.00863889e+00,1.30226719e+03,2.62800265e+06,4.53850701e+03,0.00000000e+00,2.30000000e-01,7.70000000e-01,0.00000000e+00
5.60560561e+01,2.00710622e+00,1.30563060e+03,2.62554623e+06,4.53772688e+03,0.00000000e+00,2.30000000e-01,7.70000092e-01,0.00000000e+00
5.61561562e+01,2.00572078e+00,1.30901070e+03,2.62303929e+06,4.53652568e+03,0.00000000e+00,2.30000000e-01,7.70000065e-01,0.00000000e+00
5.62562563e+01,2.00442964e+00,1.31241463e+03,2.62050679e+06,4.53506529e+03,0.00000000e+00,2.30000000e-01,7.70000022e-01,0.00000000e+00
5.63563564e+01,2.00320540e+00,1.31585028e+03,2.61797433e+06,4.53345164e+03,0.00000000e+00,2.30000000e-01,7.69999985e-01,0.00000000e+00
5.64564565e+01,2.00203530e+00,1.31933037e+03,2.61547304e+06,4.53176748e+03,0.00000000e+00,2.30000000e-01,7.69999952e-01,0.00000000e+00
5.65565566e+01,2.00092423e+00,1.32286856e+03,2.61304176e+06,4.53006902e+03,0.00000000e+00,2.30000000e-01,7.69999929e-01,0.00000000e+00
5.66566567e+01,1.99989460e+00,1.32647495e+03,2.61071817e+06,4.52837092e+03,0.00000000e+00,2.30000000e-01,7.69999938e-01,0.00000000e+00
5.67567568e+01,1.99895751e+00,1.33016339e+03,2.60853340e+06,4.52670221e+03,0.00000000e+00,2.30000000e-01,7.69999982e-01,0.00000000e+00
5.68568569e+01,1.99809781e+00,1.33394921e+03,2.60652954e+06,4.52517079e+03,0.00000000e+00,2.30000000e-01,7.70000030e-01,0.00000000e+00
5.69569570e+01,1.99727571e+00,1.33784756e+03,2.60475661e+06,4.52395407e+03,0.00000000e+00,2.30000000e-01,7.70000049e-01,0.00000000e+00
5.70570571e+01,1.99645837e+00,1.34186458e+03,2.60321395e+06,4.52312571e+03,0.00000000e+00,2.30000000e-01,7.70000055e-01,0.00000000e+00
5.71571572e+01,1.99567595e+00,1.34596221e+03,2.60183159e+06,4.52249605e+03,0.00000000e+00,2.30000000e-01,7.70000098e-01,0.00000000e+00
5.72572573e+01,1.99495898e+00,1.35008566e+03,2.60048156e+06,4.52177390e+03,0.00000000e+00,2.30000000e-01,7.70000106e-01,0.00000000e+00
5.73573574e+01,1.99427703e+00,1.35421586e+03,2.59909602e+06,4.52091440e+03,0.00000000e+00,2.30000000e-01,7.69999178e-01,0.00000000e+00
5.74574575e+01,1.99366592e+00,1.35838818e+03,2.59778924e+06,4.52002143e+03,0.00000000e+00,2.30000000e-01,7.70000259e-01,0.00000000e+00
5.75575576e+01,1.99292626e+00,1.36244032e+03,2.59608570e+06,4.51873213e+03,0.00000000e+00,2.30000000e-01,7.70000623e-01,0.00000000e+00
5.76576577e+01,1.99192742e+00,1.36643425e+03,2.59418279e+06,4.51768703e+03,0.00000000e+00,2.30000000e-01,7.70000009e-01,0.00000000e+00
5.77577578e+01,1.99086110e+00,1.37047162e+03,2.59235927e+06,4.51693006e+03,0.00000000e+00,2.30000000e-01,7.69999875e-01,0.00000000e+00
5.78578579e+01,1.98983012e+00,1.37453168e+03,2.59055961e+06,4.51613271e+03,0.00000000e+00,2.30000000e-01,7.69999941e-01,0.00000000e+00
5.79579580e+01,1.98887920e+00,1.37860477e+03,2.58874632e+06,4.51512901e+03,0.00000000e+00,2.30000000e-01,7.70000012e-01,0.00000000e+00
5.80580581e+01,1.98799141e+00,1.38269853e+03,2.58693598e+06,4.51398647e+03,0.00000000e+00,2.30000000e-01,7.70000010e-01,0.00000000e+00
5.81581582e+01,1.98712918e+00,1.38682746e+03,2.58516517e+06,4.51285319e+03,0.00000000e+00,2.30000000e-01,7.70000156e-01,0.00000000e+00
5.82582583e+01,1.98623914e+00,1.39097605e+03,2.58340550e+06,4.51180292e+03,0.00000000e+00,2.30000000e-01,7.70000006e-01,0.00000000e+00
5.83583584e+01,1.98533635e+00,1.39513472e+03,2.58165329e+06,4.51079334e+03,0.00000000e+00,2.30000000e-01,7.69999935e-01,0.00000000e+00
5.84584585e+01,1.98447460e+00,1.39929077e+03,2.57987476e+06,4.50964301e+03,0.00000000e+00,2.30000000e-01,7.69999990e-01,0.00000000e+00
5.85585586e+01,1.98367475e+00,1.40343329e+03,2.57801679e+06,4.50821200e+03,0.00000000e+00,2.30000000e-01,7.70000057e-01,0.00000000e+00
5.86586587e+01,1.98291043e+00,1.40756100e+03,2.57610395e+06,4.50660366e+03,0.00000000e+00,2.30000000e-01,7.70000003e-01,0.00000000e+00
5.87587588e+01,1.98215289e+00,1.41169172e+03,2.57417023e+06,4.50494413e+03,0.00000000e+00,2.30000000e-01,7.69999517e-01,0.00000000e+00
5.88588589e+01,1.98143294e+00,1.41583247e+03,2.57222902e+06,4.50317890e+03,0.00000000e+00,2.30000000e-01,7.70000304e-01,0.00000000e+00
5.89589590e+01,1.98063638e+00,1.41989005e+03,2.57002006e+06,4.50112170e+03,0.00000000e+00,2.30000000e-01,7.70000194e-01,0.00000000e+00
5.90590591e+01,1.97975291e+00,1.42393763e+03,2.56775524e+06,4.49916344e+03,0.00000000e+00,2.30000000e-01,7.69999873e-01,0.00000000e+00
5.91591592e+01,1.97885534e+00,1.42801592e+03,2.56555030e+06,4.49734078e+03,0.00000000e+00,2.30000000e-01,7.69999483e-01,0.00000000e+00
5.92592593e+01,1.97793406e+00,1.43210274e+03,2.56335314e+06,4.49557788e+03,0.00000000e+00,2.30000000e-01,7.70000416e-01,0.00000000e+00
5.93593594e+01,1.97681688e+00,1.43610338e+03,2.56089656e+06,4.49380865e+03,0.00000000e+00,2.30000000e-01,7.70000226e-01,0.00000000e+00
5.94594595e+01,1.97556244e+00,1.44012182e+03,2.55846759e+06,4.49239814e+03,0.00000000e+00,2.30000000e-01,7.70000001e-01,0.00000000e+00
5.95595596e+01,1.97426645e+00,1.44417355e+03,2.55611856e+06,4.49122034e+03,0.00000000e+00,2.30000000e-01,7.69999879e-01,0.00000000e+00
5.96596597e+01,1.97299635e+00,1.44825330e+03,2.55384889e+06,4.49012111e+03,0.00000000e+00,2.30000000e-01,7.69999865e-01,0.00000000e+00
5.97597598e+01,1.97182141e+00,1.45235785e+03,2.55161582e+06,4.48886779e+03,0.00000000e+00,2.30000000e-01,7.69999939e-01,0.00000000e+00
5.98598599e+01,1.97076471e+00,1.45649223e+03,2.54940750e+06,4.48738720e+03,0.00000000e+00,2.30000000e-01,7.70000041e-01,0.00000000e+00
5.99599600e+01,1.96978894e+00,1.46066976e+03,2.54726497e+06,4.48583687e+03,0.00000000e+00,2.30000000e-01,7.70000075e-01,0.00000000e+00
6.00600601e+01,1.96882736e+00,1.46491289e+03,2.54527283e+06,4.48451822e+03,0.00000000e+00,2.30000000e-01,7.69999986e-01,0.00000000e+00
6.01601602e+01,1.96784790e+00,1.46924845e+03,2.54350956e+06,4.48364302e+03,0.00000000e+00,2.30000000e-01,7.69999772e-01,0.00000000e+00
6.02602603e+01,1.96693219e+00,1.47369389e+03,2.54202444e+06,4.48311185e+03,0.00000000e+00,2.30000000e-01,7.69999642e-01,0.00000000e+00
6.03603604e+01,1.96625383e+00,1.47824435e+03,2.54080165e+06,4.48250136e+03,0.00000000e+00,2.30000000e-01,7.69999621e-01,0.00000000e+00
6.04604605e+01,1.96596335e+00,1.48291623e+03,2.53985288e+06,4.48150679e+03,0.00000000e+00,2.30000000e-01,7.69995895e-01,0.00000000e+00
6.05605606e+01,1.96618509e+00,1.48790838e+03,2.53981098e+06,4.48089443e+03,0.00000000e+00,2.30000000e-01,7.70003058e-01,0.00000000e+00
6.06606607e+01,1.96578287e+00,1.49231219e+03,2.53819613e+06,4.47896546e+03,0.00000000e+00,2.30000000e-01,7.70002231e-01,0.00000000e+00
6.07607608e+01,1.96451345e+00,1.49650243e+03,2.53595006e+06,4.47790432e+03,0.00000000e+00,2.30000000e-01,7.69999916e-01,0.00000000e+00
6.08608609e+01,1.96313696e+00,1.50080006e+03,2.53399440e+06,4.47758923e+03,0.00000000e+00,2.30000000e-01,7.69999737e-01,0.00000000e+00
6.09609610e+01,1.96189134e+00,1.50512162e+03,2.53211896e+06,4.47712305e+03,0.00000000e+00,2.30000000e-01,7.69998223e-01,0.00000000e+00
6.10610611e+01,1.96083414e+00,1.50948440e+03,2.53031001e+06,4.47632129e+03,0.00000000e+00,2.30000000e-01,7.70001574e-01,0.00000000e+00
6.11611612e+01,1.95945532e+00,1.51352715e+03,2.52761443e+06,4.47470382e+03,0.00000000e+00,2.30000000e-01,7.70000551e-01,0.00000000e+00
6.12612613e+01,1.95781304e+00,1.51755673e+03,2.52485567e+06,4.47357195e+03,0.00000000e+00,2.30000000e-01,7.69999986e-01,0.00000000e+00
6.13613614e+01,1.95616573e+00,1.52160086e+03,2.52218352e+06,4.47260082e+03,0.00000000e+00,2.30000000e-01,7.69999951e-01,0.00000000e+00
6.14614615e+01,1.95456678e+00,1.52563572e+03,2.51950349e+06,4.47150313e+03,0.00000000e+00,2.30000000e-01,7.69999983e-01,0.00000000e+00
6.15615616e+01,1.95303414e+00,1.52965346e+03,2.51676181e+06,4.47014237e+03,0.00000000e+00,2.30000000e-01,7.70000008e-01,0.00000000e+00
6.16616617e+01,1.95154409e+00,1.53366933e+03,2.51397803e+06,4.46860720e+03,0.00000000e+00,2.30000000e-01,7.70000022e-01,0.00000000e+00
6.17617618e+01,1.95006180e+00,1.53770273e+03,2.51119099e+06,4.46704632e+03,0.00000000e+00,2.30000000e-01,7.69999983e-01,0.00000000e+00
6.18618619e+01,1.94858363e+00,1.54176147e+03,2.50846485e+06,4.46558234e+03,0.00000000e+00,2.30000000e-01,7.69999887e-01,0.00000000e+00
6.19619620e+01,1.94714097e+00,1.54585900e+03,2.50584791e+06,4.46422914e+03,0.00000000e+00,2.30000000e-01,7.69999809e-01,0.00000000e+00
6.20620621e+01,1.94580170e+00,1.55000784e+03,2.50336345e+06,4.46287261e+03,0.00000000e+00,2.30000000e-01,7.69999816e-01,0.00000000e+00
6.21621622e+01,1.94462626e+00,1.55422473e+03,2.50103130e+06,4.46140965e+03,0.00000000e+00,2.30000000e-01,7.69999908e-01,0.00000000e+00
6.22622623e+01,1.94362360e+00,1.55853529e+03,2.49890639e+06,4.45991820e+03,0.00000000e+00,2.30000000e-01,7.70000024e-01,0.00000000e+00
6.23623624e+01,1.94273669e+00,1.56297681e+03,2.49709278e+06,4.45871587e+03,0.00000000e+00,2.30000000e-01,7.70000041e-01,0.00000000e+00
6.24624625e+01,1.94184776e+00,1.56754839e+03,2.49562044e+06,4.45812432e+03,0.00000000e+00,2.30000000e-01,7.70000585e-01,0.00000000e+00
6.25625626e+01,1.94081626e+00,1.57215795e+03,2.49423328e+06,4.45801723e+03,0.00000000e+00,2.30000000e-01,7.69999967e-01,0.00000000e+00
6.26626627e+01,1.93977401e+00,1.57679054e+03,2.49289842e+06,4.45802599e+03,0.00000000e+00,2.30000000e-01,7.69999842e-01,0.00000000e+00
6.27627628e+01,1.93881892e+00,1.58142149e+03,2.49157560e+06,4.45785594e+03,0.00000000e+00,2.30000000e-01,7.69999714e-01,0.00000000e+00
6.28628629e+01,1.93804609e+00,1.58607071e+03,2.49028412e+06,4.45733487e+03,0.00000000e+00,2.30000000e-01,7.69996902e-01,0.00000000e+00
6.29629630e+01,1.93758000e+00,1.59083378e+03,2.48930623e+06,4.45663095e+03,0.00000000e+00,2.30000000e-01,7.70002440e-01,0.00000000e+00
6.30630631e+01,1.93664813e+00,1.59511515e+03,2.48707216e+06,4.45477975e+03,0.00000000e+00,2.30000000e-01,7.70001137e-01,0.00000000e+00
6.31631632e+01,1.93520896e+00,1.59936420e+03,2.48462560e+06,4.45371258e+03,0.00000000e+00,2.30000000e-01,7.69999962e-01,0.00000000e+00
6.32632633e+01,1.93371864e+00,1.60367204e+03,2.48235790e+06,4.45307728e+03,0.00000000e+00,2.30000000e-01,7.69999915e-01,0.00000000e+00
6.33633634e+01,1.93229480e+00,1.60797356e+03,2.48013341e+06,4.45236490e+03,0.00000000e+00,2.30000000e-01,7.69999971e-01,0.00000000e+00
6.34634635e+01,1.93096333e+00,1.61225821e+03,2.47784810e+06,4.45132933e+03,0.00000000e+00,2.30000000e-01,7.70000016e-01,0.00000000e+00
6.35635636e+01,1.92971535e+00,1.61652697e+03,2.47550545e+06,4.44999690e+03,0.00000000e+00,2.30000000e-01,7.70000015e-01,0.00000000e+00
6.36636637e+01,1.92853700e+00,1.62078530e+03,2.47313399e+06,4.44845030e+03,0.00000000e+00,2.30000000e-01,7.70000019e-01,0.00000000e+00
6.37637638e+01,1.92741170e+00,1.62503976e+03,2.47075259e+06,4.44676154e+03,0.00000000e+00,2.30000000e-01,7.70000018e-01,0.00000000e+00
6.38638639e+01,1.92630895e+00,1.62930906e+03,2.46838683e+06,4.44504692e+03,0.00000000e+00,2.30000000e-01,7.70000020e-01,0.00000000e+00
6.39639640e+01,1.92519979e+00,1.63361036e+03,2.46608417e+06,4.44345881e+03,0.00000000e+00,2.30000000e-01,7.70000029e-01,0.00000000e+00
6.40640641e+01,1.92405966e+00,1.63795423e+03,2.46390654e+06,4.44216599e+03,0.00000000e+00,2.30000000e-01,7.69999985e-01,0.00000000e+00
6.41641642e+01,1.92287197e+00,1.64235913e+03,2.46193474e+06,4.44135345e+03,0.00000000e+00,2.30000000e-01,7.69999802e-01,0.00000000e+00
6.42642643e+01,1.92167813e+00,1.64685765e+03,2.46025312e+06,4.44107768e+03,0.00000000e+00,2.30000000e-01,7.69999677e-01,0.00000000e+00
6.43643644e+01,1.92060600e+00,1.65145400e+03,2.45885019e+06,4.44102303e+03,0.00000000e+00,2.30000000e-01,7.69999648e-01,0.00000000e+00
6.44644645e+01,1.91980056e+00,1.65614749e+03,2.45767732e+06,4.44076671e+03,0.00000000e+00,2.30000000e-01,7.69999710e-01,0.00000000e+00
6.45645646e+01,1.91937480e+00,1.66094212e+03,2.45671478e+06,4.44002129e+03,0.00000000e+00,2.30000000e-01,7.69997713e-01,0.00000000e+00
6.46646647e+01,1.91948056e+00,1.66605149e+03,2.45651462e+06,4.43941142e+03,0.00000000e+00,2.30000000e-01,7.69998477e-01,0.00000000e+00
6.47647648e+01,1.91955045e+00,1.67095868e+03,2.45591644e+06,4.43813957e+03,0.00000000e+00,2.30000000e-01,7.70004878e-01,0.00000000e+00
6.48648649e+01,1.91831101e+00,1.67513230e+03,2.45336140e+06,4.43640845e+03,0.00000000e+00,2.30000000e-01,7.70000146e-01,0.00000000e+00
6.49649650e+01,1.91672370e+00,1.67952847e+03,2.45119725e+06,4.43616791e+03,0.00000000e+00,2.30000000e-01,7.69999669e-01,0.00000000e+00
6.50650651e+01,1.91525319e+00,1.68394400e+03,2.44931417e+06,4.43616296e+03,0.00000000e+00,2.30000000e-01,7.69999754e-01,0.00000000e+00
6.51651652e+01,1.91401074e+00,1.68836608e+03,2.44745557e+06,4.43568153e+03,0.00000000e+00,2.30000000e-01,7.69998141e-01,0.00000000e+00
6.52652653e+01,1.91307863e+00,1.69287100e+03,2.44579768e+06,4.43482267e+03,0.00000000e+00,2.30000000e-01,7.70001187e-01,0.00000000e+00
6.53653654e+01,1.91197300e+00,1.69708379e+03,2.44341888e+06,4.43307105e+03,0.00000000e+00,2.30000000e-01,7.70001253e-01,0.00000000e+00
6.54654655e+01,1.91044229e+00,1.70118875e+03,2.44066270e+06,4.43162426e+03,0.00000000e+00,2.30000000e-01,7.69999977e-01,0.00000000e+00
6.55655656e+01,1.90885748e+00,1.70535265e+03,2.43804924e+06,4.43055442e+03,0.00000000e+00,2.30000000e-01,7.69999937e-01,0.00000000e+00
6.56656657e+01,1.90732194e+00,1.70950936e+03,2.43547860e+06,4.42944581e+03,0.00000000e+00,2.30000000e-01,7.70000002e-01,0.00000000e+00
6.57657658e+01,1.90585257e+00,1.71364394e+03,2.43283142e+06,4.42804240e+03,0.00000000e+00,2.30000000e-01,7.70000053e-01,0.00000000e+00
6.58658659e+01,1.90442955e+00,1.71775465e+03,2.43011428e+06,4.42640208e+03,0.00000000e+00,2.30000000e-01,7.70000011e-01,0.00000000e+00
6.59659660e+01,1.90302998e+00,1.72185691e+03,2.42737104e+06,4.42465985e+03,0.00000000e+00,2.30000000e-01,7.69999386e-01,0.00000000e+00
6.60660661e+01,1.90166942e+00,1.72598642e+03,2.42469944e+06,4.42294874e+03,0.00000000e+00,2.30000000e-01,7.70000142e-01,0.00000000e+00
6.61661662e+01,1.90022429e+00,1.73004613e+03,2.42185836e+06,4.42112461e+03,0.00000000e+00,2.30000000e-01,7.70000445e-01,0.00000000e+00
6.62662663e+01,1.89860171e+00,1.73408669e+03,2.41888452e+06,4.41947138e+03,0.00000000e+00,2.30000000e-01,7.70000048e-01,0.00000000e+00
6.63663664e+01,1.89691379e+00,1.73817407e+03,2.41596192e+06,4.41805973e+03,0.00000000e+00,2.30000000e-01,7.69999975e-01,0.00000000e+00
6.64664665e+01,1.89520501e+00,1.74229580e+03,2.41310942e+06,4.41682247e+03,0.00000000e+00,2.30000000e-01,7.69999903e-01,0.00000000e+00
6.65665666e+01,1.89351055e+00,1.74645322e+03,2.41031789e+06,4.41566102e+03,0.00000000e+00,2.30000000e-01,7.69999888e-01,0.00000000e+00
6.66666667e+01,1.89187594e+00,1.75064396e+03,2.40757033e+06,4.41443829e+03,0.00000000e+00,2.30000000e-01,7.69999904e-01,0.00000000e+00
6.67667668e+01,1.89033469e+00,1.75487100e+03,2.40486840e+06,4.41307929e+03,0.00000000e+00,2.30000000e-01,7.69999913e-01,0.00000000e+00
6.68668669e+01,1.88890932e+00,1.75914333e+03,2.40223564e+06,4.41157466e+03,0.00000000e+00,2.30000000e-01,7.69999873e-01,0.00000000e+00
6.69669670e+01,1.88762904e+00,1.76347673e+03,2.39971248e+06,4.40993494e+03,0.00000000e+00,2.30000000e-01,7.69998786e-01,0.00000000e+00
6.70670671e+01,1.88655891e+00,1.76794792e+03,2.39750050e+06,4.40836266e+03,0.00000000e+00,2.30000000e-01,7.70000226e-01,0.00000000e+00
6.71671672e+01,1.88538409e+00,1.77231187e+03,2.39503891e+06,4.40657462e+03,0.00000000e+00,2.30000000e-01,7.70001535e-01,0.00000000e+00
6.72672673e+01,1.88373082e+00,1.77654504e+03,2.39209897e+06,4.40503534e+03,0.00000000e+00,2.30000000e-01,7.69999964e-01,0.00000000e+00
6.73673674e+01,1.88198828e+00,1.78087677e+03,2.38934653e+06,4.40404109e+03,0.00000000e+00,2.30000000e-01,7.69999875e-01,0.00000000e+00
6.74674675e+01,1.88030407e+00,1.78521634e+03,2.38671764e+06,4.40313571e+03,0.00000000e+00,2.30000000e-01,7.69999924e-01,0.00000000e+00
6.75675676e+01,1.87871067e+00,1.78956074e+03,2.38409056e+06,4.40201909e+03,0.00000000e+00,2.30000000e-01,7.70000010e-01,0.00000000e+00
6.76676677e+01,1.87721297e+00,1.79390272e+03,2.38143797e+06,4.40062989e+03,0.00000000e+00,2.30000000e-01,7.69999918e-01,0.00000000e+00
6.77677678e+01,1.87578834e+00,1.79824709e+03,2.37880126e+06,4.39909503e+03,0.00000000e+00,2.30000000e-01,7.70000147e-01,0.00000000e+00
6.78678679e+01,1.87435555e+00,1.80256967e+03,2.37615054e+06,4.39755198e+03,0.00000000e+00,2.30000000e-01,7.70000164e-01,0.00000000e+00
6.79679680e+01,1.87287649e+00,1.80687948e+03,2.37347689e+06,4.39607359e+03,0.00000000e+00,2.30000000e-01,7.69999989e-01,0.00000000e+00
6.80680681e+01,1.87141538e+00,1.81118219e+03,2.37084599e+06,4.39462928e+03,0.00000000e+00,2.30000000e-01,7.69999963e-01,0.00000000e+00
6.81681682e+01,1.86998984e+00,1.81547305e+03,2.36824887e+06,4.39316178e+03,0.00000000e+00,2.30000000e-01,7.69999947e-01,0.00000000e+00
6.82682683e+01,1.86861941e+00,1.81975151e+03,2.36567179e+06,4.39159950e+03,0.00000000e+00,2.30000000e-01,7.69999977e-01,0.00000000e+00
6.83683684e+01,1.86731501e+00,1.82401545e+03,2.36311142e+06,4.38991064e+03,0.00000000e+00,2.30000000e-01,7.70000023e-01,0.00000000e+00
6.84684685e+01,1.86606607e+00,1.82826731e+03,2.36057786e+06,4.38813930e+03,0.00000000e+00,2.30000000e-01,7.69999968e-01,0.00000000e+00
6.85685686e+01,1.86485231e+00,1.83251370e+03,2.35809571e+06,4.38637794e+03,0.00000000e+00,2.30000000e-01,7.70000037e-01,0.00000000e+00
6.86686687e+01,1.86362774e+00,1.83675426e+03,2.35569549e+06,4.38479228e+03,0.00000000e+00,2.30000000e-01,7.70000094e-01,0.00000000e+00
6.87687688e+01,1.86236387e+00,1.84100279e+03,2.35335066e+06,4.38340083e+03,0.00000000e+00,2.30000000e-01,7.70000001e-01,0.00000000e+00
6.88688689e+01,1.86107977e+00,1.84527569e+03,2.35107848e+06,4.38219041e+03,0.00000000e+00,2.30000000e-01,7.69999941e-01,0.00000000e+00
6.89689690e+01,1.85979305e+00,1.84957674e+03,2.34890518e+06,4.38116882e+03,0.00000000e+00,2.30000000e-01,7.69999902e-01,0.00000000e+00
6.90690691e+01,1.85853370e+00,1.85391018e+03,2.34683154e+06,4.38026736e+03,0.00000000e+00,2.30000000e-01,7.69999860e-01,0.00000000e+00
6.91691692e+01,1.85734388e+00,1.85828252e+03,2.34486492e+06,4.37940071e+03,0.00000000e+00,2.30000000e-01,7.69999791e-01,0.00000000e+00
6.92692693e+01,1.85628568e+00,1.86270370e+03,2.34303008e+06,4.37846909e+03,0.00000000e+00,2.30000000e-01,7.69999647e-01,0.00000000e+00
6.93693694e+01,1.85545368e+00,1.86719945e+03,2.34137284e+06,4.37734198e+03,0.00000000e+00,2.30000000e-01,7.69997906e-01,0.00000000e+00
6.94694695e+01,1.85502701e+00,1.87190343e+03,2.34019893e+06,4.37614749e+03,0.00000000e+00,2.30000000e-01,7.69999258e-01,0.00000000e+00
6.95695696e+01,1.85455787e+00,1.87641654e+03,2.33857702e+06,4.37420088e+03,0.00000000e+00,2.30000000e-01,7.70003680e-01,0.00000000e+00
6.96696697e+01,1.85311292e+00,1.88051545e+03,2.33569138e+06,4.37222652e+03,0.00000000e+00,2.30000000e-01,7.70000002e-01,0.00000000e+00
6.97697698e+01,1.85143311e+00,1.88484235e+03,2.33309606e+06,4.37133149e+03,0.00000000e+00,2.30000000e-01,7.69999850e-01,0.00000000e+00
6.98698699e+01,1.84981216e+00,1.88917474e+03,2.33077155e+06,4.37080255e+03,0.00000000e+00,2.30000000e-01,7.69999935e-01,0.00000000e+00
6.99699700e+01,1.84826690e+00,1.89351861e+03,2.32846978e+06,4.37013662e+03,0.00000000e+00,2.30000000e-01,7.69999971e-01,0.00000000e+00
7.00700701e+01,1.84681009e+00,1.89787112e+03,2.32612595e+06,4.36918167e+03,0.00000000e+00,2.30000000e-01,7.69999919e-01,0.00000000e+00
7.01701702e+01,1.84545979e+00,1.90223939e+03,2.32378550e+06,4.36798062e+03,0.00000000e+00,2.30000000e-01,7.69999615e-01,0.00000000e+00
7.02702703e+01,1.84430508e+00,1.90665530e+03,2.32155540e+06,4.36653285e+03,0.00000000e+00,2.30000000e-01,7.69996954e-01,0.00000000e+00
7.03703704e+01,1.84336041e+00,1.91112196e+03,2.31939533e+06,4.36467640e+03,0.00000000e+00,2.30000000e-01,7.70003469e-01,0.00000000e+00
7.04704705e+01,1.84182246e+00,1.91508606e+03,2.31599822e+06,4.36193710e+03,0.00000000e+00,2.30000000e-01,7.70000305e-01,0.00000000e+00
7.05705706e+01,1.83999222e+00,1.91921029e+03,2.31262718e+06,4.35992243e+03,0.00000000e+00,2.30000000e-01,7.69999903e-01,0.00000000e+00
7.06706707e+01,1.83818591e+00,1.92335134e+03,2.30944500e+06,4.35820154e+03,0.00000000e+00,2.30000000e-01,7.69999918e-01,0.00000000e+00
7.07707708e+01,1.83642574e+00,1.92751331e+03,2.30630275e+06,4.35644372e+03,0.00000000e+00,2.30000000e-01,7.69999816e-01,0.00000000e+00
7.08708709e+01,1.83477495e+00,1.93169099e+03,2.30317540e+06,4.35445479e+03,0.00000000e+00,2.30000000e-01,7.69998891e-01,0.00000000e+00
7.09709710e+01,1.83322257e+00,1.93587747e+03,2.30000686e+06,4.35213507e+03,0.00000000e+00,2.30000000e-01,7.70001454e-01,0.00000000e+00
7.10710711e+01,1.83142955e+00,1.93987973e+03,2.29636696e+06,4.34950814e+03,0.00000000e+00,2.30000000e-01,7.70000012e-01,0.00000000e+00
7.11711712e+01,1.82954856e+00,1.94396471e+03,2.29278721e+06,4.34719769e+03,0.00000000e+00,2.30000000e-01,7.69998880e-01,0.00000000e+00
7.12712713e+01,1.82774634e+00,1.94809825e+03,2.28945227e+06,4.34514720e+03,0.00000000e+00,2.30000000e-01,7.70000577e-01,0.00000000e+00
7.13713714e+01,1.82585334e+00,1.95209595e+03,2.28581507e+06,4.34274206e+03,0.00000000e+00,2.30000000e-01,7.70000553e-01,0.00000000e+00
7.14714715e+01,1.82378726e+00,1.95606780e+03,2.28197209e+06,4.34035703e+03,0.00000000e+00,2.30000000e-01,7.69999496e-01,0.00000000e+00
7.15715716e+01,1.82173153e+00,1.96007275e+03,2.27826656e+06,4.33819533e+03,0.00000000e+00,2.30000000e-01,7.70000307e-01,0.00000000e+00
7.16716717e+01,1.81962518e+00,1.96400477e+03,2.27448550e+06,4.33600952e+03,0.00000000e+00,2.30000000e-01,7.70000198e-01,0.00000000e+00
7.17717718e+01,1.81745828e+00,1.96793255e+03,2.27063596e+06,4.33383314e+03,0.00000000e+00,2.30000000e-01,7.69999899e-01,0.00000000e+00
7.18718719e+01,1.81530835e+00,1.97185357e+03,2.26683156e+06,4.33169608e+03,0.00000000e+00,2.30000000e-01,7.69999879e-01,0.00000000e+00
7.19719720e+01,1.81315853e+00,1.97575340e+03,2.26308800e+06,4.32966884e+03,0.00000000e+00,2.30000000e-01,7.70000146e-01,0.00000000e+00
7.20720721e+01,1.81097724e+00,1.97961625e+03,2.25929580e+06,4.32762094e+03,0.00000000e+00,2.30000000e-01,7.69999930e-01,0.00000000e+00
7.21721722e+01,1.80878331e+00,1.98347509e+03,2.25551730e+06,4.32562355e+03,0.00000000e+00,2.30000000e-01,7.69999955e-01,0.00000000e+00
7.22722723e+01,1.80657859e+00,1.98730459e+03,2.25175651e+06,4.32368122e+03,0.00000000e+00,2.30000000e-01,7.69999960e-01,0.00000000e+00
7.23723724e+01,1.80434785e+00,1.99110554e+03,2.24798815e+06,4.32178218e+03,0.00000000e+00,2.30000000e-01,7.69999902e-01,0.00000000e+00
7.24724725e+01,1.80208607e+00,1.99487032e+03,2.24418114e+06,4.31987813e+03,0.00000000e+00,2.30000000e-01,7.69999920e-01,0.00000000e+00
7.25725726e+01,1.79977567e+00,1.99858369e+03,2.24031340e+06,4.31796904e+03,0.00000000e+00,2.30000000e-01,7.69999902e-01,0.00000000e+00
7.26726727e+01,1.79739695e+00,2.00223949e+03,2.23634816e+06,4.31603087e+03,0.00000000e+00,2.30000000e-01,7.69999901e-01,0.00000000e+00
7.27727728e+01,1.79493051e+00,2.00582538e+03,2.23224956e+06,4.31404045e+03,0.00000000e+00,2.30000000e-01,7.69999941e-01,0.00000000e+00
7.28728729e+01,1.79235585e+00,2.00932881e+03,2.22797489e+06,4.31196391e+03,0.00000000e+00,2.30000000e-01,7.70000038e-01,0.00000000e+00
7.29729730e+01,1.78966050e+00,2.01274151e+03,2.22348598e+06,4.30975632e+03,0.00000000e+00,2.30000000e-01,7.70000235e-01,0.00000000e+00
7.30730731e+01,1.78685122e+00,2.01606603e+03,2.21876534e+06,4.30736705e+03,0.00000000e+00,2.30000000e-01,7.70000399e-01,0.00000000e+00
7.31731732e+01,1.78397161e+00,2.01932735e+03,2.21384321e+06,4.30474903e+03,0.00000000e+00,2.30000000e-01,7.70000369e-01,0.00000000e+00
7.32732733e+01,1.78103260e+00,2.02253801e+03,2.20880068e+06,4.30203182e+03,0.00000000e+00,2.30000000e-01,7.70000267e-01,0.00000000e+00
7.33733734e+01,1.77795901e+00,2.02569000e+03,2.20364527e+06,4.29941159e+03,0.00000000e+00,2.30000000e-01,7.70000000e-01,0.00000000e+00
7.34734735e+01,1.77473722e+00,2.02879274e+03,2.19834854e+06,4.29686405e+03,0.00000000e+00,2.30000000e-01,7.69999904e-01,0.00000000e+00
7.35735736e+01,1.77139485e+00,2.03184918e+03,2.19290380e+06,4.29430915e+03,0.00000000e+00,2.30000000e-01,7.69999949e-01,0.00000000e+00
7.36736737e+01,1.76794732e+00,2.03486183e+03,2.18731284e+06,4.29171291e+03,0.00000000e+00,2.30000000e-01,7.69999999e-01,0.00000000e+00
7.37737738e+01,1.76439208e+00,2.03783516e+03,2.18158048e+06,4.28909061e+03,0.00000000e+00,2.30000000e-01,7.69999999e-01,0.00000000e+00
7.38738739e+01,1.76072455e+00,2.04077480e+03,2.17571461e+06,4.28646815e+03,0.00000000e+00,2.30000000e-01,7.69999970e-01,0.00000000e+00
7.39739740e+01,1.75694829e+00,2.04368678e+03,2.16972531e+06,4.28385615e+03,0.00000000e+00,2.30000000e-01,7.69999947e-01,0.00000000e+00
7.40740741e+01,1.75307428e+00,2.04657700e+03,2.16362373e+06,4.28124938e+03,0.00000000e+00,2.30000000e-01,7.69999941e-01,0.00000000e+00
7.41741742e+01,1.74911666e+00,2.04945023e+03,2.15742205e+06,4.27863701e+03,0.00000000e+00,2.30000000e-01,7.69999945e-01,0.00000000e+00
7.42742743e+01,1.74508941e+00,2.05230997e+03,2.15113265e+06,4.27600902e+03,0.00000000e+00,2.30000000e-01,7.69999952e-01,0.00000000e+00
7.43743744e+01,1.74100558e+00,2.05515848e+03,2.14476739e+06,4.27335662e+03,0.00000000e+00,2.30000000e-01,7.69999954e-01,0.00000000e+00
7.44744745e+01,1.73687911e+00,2.05799592e+03,2.13833989e+06,4.27067230e+03,0.00000000e+00,2.30000000e-01,7.69999953e-01,0.00000000e+00
7.45745746e+01,1.73272604e+00,2.06082005e+03,2.13186914e+06,4.26795360e+03,0.00000000e+00,2.30000000e-01,7.70000071e-01,0.00000000e+00
7.46746747e+01,1.72856479e+00,2.06362604e+03,2.12538010e+06,4.26520617e+03,0.00000000e+00,2.30000000e-01,7.70000001e-01,0.00000000e+00
7.47747748e+01,1.72444149e+00,2.06643490e+03,2.11896021e+06,4.26249065e+03,0.00000000e+00,2.30000000e-01,7.69999954e-01,0.00000000e+00
7.48748749e+01,1.72038425e+00,2.06926201e+03,2.11265786e+06,4.25983541e+03,0.00000000e+00,2.30000000e-01,7.69999938e-01,0.00000000e+00
7.49749750e+01,1.71638818e+00,2.07209758e+03,2.10647044e+06,4.25724818e+03,0.00000000e+00,2.30000000e-01,7.69999921e-01,0.00000000e+00
7.50750751e+01,1.71244081e+00,2.07493464e+03,2.10038558e+06,4.25473544e+03,0.00000000e+00,2.30000000e-01,7.69999952e-01,0.00000000e+00
7.51751752e+01,1.70852435e+00,2.07776629e+03,2.09438130e+06,4.25229768e+03,0.00000000e+00,2.30000000e-01,7.69999999e-01,0.00000000e+00
7.52752753e+01,1.70462549e+00,2.08059037e+03,2.08844080e+06,4.24993477e+03,0.00000000e+00,2.30000000e-01,7.70000013e-01,0.00000000e+00
7.53753754e+01,1.70073708e+00,2.08341019e+03,2.08256031e+06,4.24765740e+03,0.00000000e+00,2.30000000e-01,7.70000012e-01,0.00000000e+00
7.54754755e+01,1.69685335e+00,2.08622832e+03,2.07673861e+06,4.24547807e+03,0.00000000e+00,2.30000000e-01,7.70000012e-01,0.00000000e+00
7.55755756e+01,1.69297128e+00,2.08904439e+03,2.07096541e+06,4.24338380e+03,0.00000000e+00,2.30000000e-01,7.70000041e-01,0.00000000e+00
7.56756757e+01,1.68908414e+00,2.09185291e+03,2.06522549e+06,4.24136110e+03,0.00000000e+00,2.30000000e-01,7.70000057e-01,0.00000000e+00
7.57757758e+01,1.68517676e+00,2.09465227e+03,2.05951556e+06,4.23944183e+03,0.00000000e+00,2.30000000e-01,7.70000037e-01,0.00000000e+00
7.58758759e+01,1.68123821e+00,2.09744248e+03,2.05382978e+06,4.23764202e+03,0.00000000e+00,2.30000000e-01,7.70000014e-01,0.00000000e+00
7.59759760e+01,1.67726516e+00,2.10022245e+03,2.04816175e+06,4.23595759e+03,0.00000000e+00,2.30000000e-01,7.70000008e-01,0.00000000e+00
7.60760761e+01,1.67325656e+00,2.10299092e+03,2.04250352e+06,4.23437534e+03,0.00000000e+00,2.30000000e-01,7.70000015e-01,0.00000000e+00
7.61761762e+01,1.66920912e+00,2.10574717e+03,2.03684468e+06,4.23288269e+03,0.00000000e+00,2.30000000e-01,7.70000025e-01,0.00000000e+00
7.62762763e+01,1.66511624e+00,2.10849099e+03,2.03117295e+06,4.23147144e+03,0.00000000e+00,2.30000000e-01,7.70000030e-01,0.00000000e+00
7.63763764e+01,1.66096963e+00,2.11122237e+03,2.02547501e+06,4.23013538e+03,0.00000000e+00,2.30000000e-01,7.70000026e-01,0.00000000e+00
7.64764765e+01,1.65676214e+00,2.11394127e+03,2.01973751e+06,4.22886522e+03,0.00000000e+00,2.30000000e-01,7.70000014e-01,0.00000000e+00
7.65765766e+01,1.65249014e+00,2.11664741e+03,2.01394804e+06,4.22764455e+03,0.00000000e+00,2.30000000e-01,7.69999998e-01,0.00000000e+00
7.66766767e+01,1.64815438e+00,2.11934027e+03,2.00809603e+06,4.22644942e+03,0.00000000e+00,2.30000000e-01,7.69999986e-01,0.00000000e+00
7.67767768e+01,1.64375893e+00,2.12201943e+03,2.00217337e+06,4.22525227e+03,0.00000000e+00,2.30000000e-01,7.69999982e-01,0.00000000e+00
7.68768769e+01,1.63930883e+00,2.12468491e+03,1.99617505e+06,4.22402940e+03,0.00000000e+00,2.30000000e-01,7.69999983e-01,0.00000000e+00
7.69769770e+01,1.63480788e+00,2.12733777e+03,1.99009976e+06,4.22276790e+03,0.00000000e+00,2.30000000e-01,7.69999987e-01,0.00000000e+00
7.70770771e+01,1.63025799e+00,2.12998034e+03,1.98395057e+06,4.22146888e+03,0.00000000e+00,2.30000000e-01,7.69999992e-01,0.00000000e+00
7.71771772e+01,1.62565896e+00,2.13261604e+03,1.97773398e+06,4.22014552e+03,0.00000000e+00,2.30000000e-01,7.70000195e-01,0.00000000e+00
7.72772773e+01,1.62102694e+00,2.13525954e+03,1.97148096e+06,4.21882491e+03,0.00000000e+00,2.30000000e-01,7.69999853e-01,0.00000000e+00
7.73773774e+01,1.61643926e+00,2.13796461e+03,1.96530807e+06,4.21755120e+03,0.00000000e+00,2.30000000e-01,7.69999920e-01,0.00000000e+00
7.74774775e+01,1.61190418e+00,2.14072219e+03,1.95922725e+06,4.21633097e+03,0.00000000e+00,2.30000000e-01,7.69999948e-01,0.00000000e+00
7.75775776e+01,1.60740743e+00,2.14352153e+03,1.95321875e+06,4.21515943e+03,0.00000000e+00,2.30000000e-01,7.69999968e-01,0.00000000e+00
7.76776777e+01,1.60294020e+00,2.14635545e+03,1.94725920e+06,4.21400962e+03,0.00000000e+00,2.30000000e-01,7.70000005e-01,0.00000000e+00
7.77777778e+01,1.59850253e+00,2.14921188e+03,1.94134293e+06,4.21286942e+03,0.00000000e+00,2.30000000e-01,7.70000027e-01,0.00000000e+00
7.78778779e+01,1.59410293e+00,2.15208040e+03,1.93547802e+06,4.21173434e+03,0.00000000e+00,2.30000000e-01,7.69999986e-01,0.00000000e+00
7.79779780e+01,1.58975638e+00,2.15495034e+03,1.92968164e+06,4.21060198e+03,0.00000000e+00,2.30000000e-01,7.69999949e-01,0.00000000e+00
7.80780781e+01,1.58546823e+00,2.15781003e+03,1.92396273e+06,4.20947764e+03,0.00000000e+00,2.30000000e-01,7.69999964e-01,0.00000000e+00
7.81781782e+01,1.58123053e+00,2.16065174e+03,1.91831898e+06,4.20837783e+03,0.00000000e+00,2.30000000e-01,7.69999977e-01,0.00000000e+00
7.82782783e+01,1.57703343e+00,2.16347529e+03,1.91274764e+06,4.20732314e+03,0.00000000e+00,2.30000000e-01,7.69999969e-01,0.00000000e+00
7.83783784e+01,1.57286953e+00,2.16628237e+03,1.90724239e+06,4.20631967e+03,0.00000000e+00,2.30000000e-01,7.69999993e-01,0.00000000e+00
7.84784785e+01,1.56873152e+00,2.16907163e+03,1.90178536e+06,4.20534811e+03,0.00000000e+00,2.30000000e-01,7.70000014e-01,0.00000000e+00
7.85785786e+01,1.56461295e+00,2.17184417e+03,1.89635931e+06,4.20438786e+03,0.00000000e+00,2.30000000e-01,7.70000030e-01,0.00000000e+00
7.86786787e+01,1.56050339e+00,2.17460379e+03,1.89095975e+06,4.20345722e+03,0.00000000e+00,2.30000000e-01,7.70000037e-01,0.00000000e+00
7.87787788e+01,1.55639187e+00,2.17735265e+03,1.88558678e+06,4.20258621e+03,0.00000000e+00,2.30000000e-01,7.70000047e-01,0.00000000e+00
7.88788789e+01,1.55226468e+00,2.18009331e+03,1.88022860e+06,4.20178613e+03,0.00000000e+00,2.30000000e-01,7.70000035e-01,0.00000000e+00
7.89789790e+01,1.54810910e+00,2.18283084e+03,1.87486942e+06,4.20105662e+03,0.00000000e+00,2.30000000e-01,7.70000013e-01,0.00000000e+00
7.90790791e+01,1.54391960e+00,2.18556816e+03,1.86949859e+06,4.20038932e+03,0.00000000e+00,2.30000000e-01,7.69999988e-01,0.00000000e+00
7.91791792e+01,1.53969766e+00,2.18830705e+03,1.86410926e+06,4.19976520e+03,0.00000000e+00,2.30000000e-01,7.69999960e-01,0.00000000e+00
7.92792793e+01,1.53545140e+00,2.19104970e+03,1.85869662e+06,4.19915151e+03,0.00000000e+00,2.30000000e-01,7.69999934e-01,0.00000000e+00
7.93793794e+01,1.53119560e+00,2.19379863e+03,1.85325840e+06,4.19850219e+03,0.00000000e+00,2.30000000e-01,7.69999999e-01,0.00000000e+00
7.94794795e+01,1.52694609e+00,2.19655184e+03,1.84778344e+06,4.19774854e+03,0.00000000e+00,2.30000000e-01,7.70000061e-01,0.00000000e+00
7.95795796e+01,1.52270945e+00,2.19931965e+03,1.84227594e+06,4.19688170e+03,0.00000000e+00,2.30000000e-01,7.69999978e-01,0.00000000e+00
7.96796797e+01,1.51848780e+00,2.20212270e+03,1.83678512e+06,4.19600659e+03,0.00000000e+00,2.30000000e-01,7.69999920e-01,0.00000000e+00
7.97797798e+01,1.51427688e+00,2.20496255e+03,1.83130549e+06,4.19512200e+03,0.00000000e+00,2.30000000e-01,7.69999981e-01,0.00000000e+00
7.98798799e+01,1.51006382e+00,2.20782953e+03,1.82581536e+06,4.19421444e+03,0.00000000e+00,2.30000000e-01,7.70000007e-01,0.00000000e+00
7.99799800e+01,1.50583976e+00,2.21072621e+03,1.82030402e+06,4.19328367e+03,0.00000000e+00,2.30000000e-01,7.70000013e-01,0.00000000e+00
8.00800801e+01,1.50159982e+00,2.21365555e+03,1.81476585e+06,4.19233000e+03,0.00000000e+00,2.30000000e-01,7.70000018e-01,0.00000000e+00
8.01801802e+01,1.49734105e+00,2.21661594e+03,1.80920075e+06,4.19136143e+03,0.00000000e+00,2.30000000e-01,7.69999994e-01,0.00000000e+00
8.02802803e+01,1.49306889e+00,2.21960164e+03,1.80361451e+06,4.19037567e+03,0.00000000e+00,2.30000000e-01,7.69999987e-01,0.00000000e+00
8.03803804e+01,1.48882233e+00,2.22255967e+03,1.79811050e+06,4.18950366e+03,0.00000000e+00,2.30000000e-01,7.70000022e-01,0.00000000e+00
8.04804805e+01,1.48459728e+00,2.22548806e+03,1.79267816e+06,4.18873356e+03,0.00000000e+00,2.30000000e-01,7.70000026e-01,0.00000000e+00
8.05805806e+01,1.48037628e+00,2.22840319e+03,1.78728100e+06,4.18803008e+03,0.00000000e+00,2.30000000e-01,7.70000019e-01,0.00000000e+00
8.06806807e+01,1.47615071e+00,2.23131077e+03,1.78190718e+06,4.18739046e+03,0.00000000e+00,2.30000000e-01,7.69999996e-01,0.00000000e+00
8.07807808e+01,1.47191688e+00,2.23422055e+03,1.77655288e+06,4.18681618e+03,0.00000000e+00,2.30000000e-01,7.70000089e-01,0.00000000e+00
8.08808809e+01,1.46770511e+00,2.23711399e+03,1.77121107e+06,4.18620585e+03,0.00000000e+00,2.30000000e-01,7.70000030e-01,0.00000000e+00
8.09809810e+01,1.46356377e+00,2.23997720e+03,1.76589529e+06,4.18545248e+03,0.00000000e+00,2.30000000e-01,7.69999917e-01,0.00000000e+00
8.10810811e+01,1.45950522e+00,2.24280264e+03,1.76064621e+06,4.18461563e+03,0.00000000e+00,2.30000000e-01,7.69999891e-01,0.00000000e+00
8.11811812e+01,1.45551599e+00,2.24558271e+03,1.75546204e+06,4.18372902e+03,0.00000000e+00,2.30000000e-01,7.69999987e-01,0.00000000e+00
8.12812813e+01,1.45157298e+00,2.24831244e+03,1.75031906e+06,4.18280307e+03,0.00000000e+00,2.30000000e-01,7.70000019e-01,0.00000000e+00
8.13813814e+01,1.44766228e+00,2.25100049e+03,1.74520748e+06,4.18185410e+03,0.00000000e+00,2.30000000e-01,7.70000025e-01,0.00000000e+00
8.14814815e+01,1.44377244e+00,2.25365522e+03,1.74012217e+06,4.18090275e+03,0.00000000e+00,2.30000000e-01,7.70000018e-01,0.00000000e+00
8.15815816e+01,1.43989659e+00,2.25628293e+03,1.73505800e+06,4.17995641e+03,0.00000000e+00,2.30000000e-01,7.70000045e-01,0.00000000e+00
8.16816817e+01,1.43603813e+00,2.25889364e+03,1.73001215e+06,4.17899888e+03,0.00000000e+00,2.30000000e-01,7.70000012e-01,0.00000000e+00
8.17817818e+01,1.43220784e+00,2.26150818e+03,1.72499299e+06,4.17801830e+03,0.00000000e+00,2.30000000e-01,7.70000069e-01,0.00000000e+00
8.18818819e+01,1.42840537e+00,2.26413401e+03,1.71999771e+06,4.17700955e+03,0.00000000e+00,2.30000000e-01,7.70000013e-01,0.00000000e+00
8.19819820e+01,1.42463763e+00,2.26678448e+03,1.71503214e+06,4.17596601e+03,0.00000000e+00,2.30000000e-01,7.69999953e-01,0.00000000e+00
8.20820821e+01,1.42090487e+00,2.26946573e+03,1.71008742e+06,4.17486445e+03,0.00000000e+00,2.30000000e-01,7.70000022e-01,0.00000000e+00
8.21821822e+01,1.41719788e+00,2.27217573e+03,1.70513884e+06,4.17367219e+03,0.00000000e+00,2.30000000e-01,7.69999997e-01,0.00000000e+00
8.22822823e+01,1.41351535e+00,2.27492347e+03,1.70018464e+06,4.17238812e+03,0.00000000e+00,2.30000000e-01,7.69999861e-01,0.00000000e+00
8.23823824e+01,1.40985195e+00,2.27771925e+03,1.69522914e+06,4.17103657e+03,0.00000000e+00,2.30000000e-01,7.69999962e-01,0.00000000e+00
8.24824825e+01,1.40618484e+00,2.28055144e+03,1.69025056e+06,4.16963223e+03,0.00000000e+00,2.30000000e-01,7.70000014e-01,0.00000000e+00
8.25825826e+01,1.40249617e+00,2.28342881e+03,1.68522784e+06,4.16817567e+03,0.00000000e+00,2.30000000e-01,7.70000011e-01,0.00000000e+00
8.26826827e+01,1.39877888e+00,2.28635954e+03,1.68014761e+06,4.16665409e+03,0.00000000e+00,2.30000000e-01,7.70000009e-01,0.00000000e+00
8.27827828e+01,1.39503195e+00,2.28934260e+03,1.67501026e+06,4.16507083e+03,0.00000000e+00,2.30000000e-01,7.70000013e-01,0.00000000e+00
8.28828829e+01,1.39125529e+00,2.29237431e+03,1.66982017e+06,4.16343652e+03,0.00000000e+00,2.30000000e-01,7.70000018e-01,0.00000000e+00
8.29829830e+01,1.38744857e+00,2.29544965e+03,1.66458332e+06,4.16176657e+03,0.00000000e+00,2.30000000e-01,7.70000020e-01,0.00000000e+00
8.30830831e+01,1.38361173e+00,2.29856232e+03,1.65930769e+06,4.16008074e+03,0.00000000e+00,2.30000000e-01,7.70000020e-01,0.00000000e+00
8.31831832e+01,1.37974502e+00,2.30170527e+03,1.65400240e+06,4.15840104e+03,0.00000000e+00,2.30000000e-01,7.70000018e-01,0.00000000e+00
8.32832833e+01,1.37584883e+00,2.30487166e+03,1.64867597e+06,4.15674779e+03,0.00000000e+00,2.30000000e-01,7.69999985e-01,0.00000000e+00
8.33833834e+01,1.37192993e+00,2.30805525e+03,1.64333511e+06,4.15511745e+03,0.00000000e+00,2.30000000e-01,7.69999956e-01,0.00000000e+00
8.34834835e+01,1.36802985e+00,2.31120175e+03,1.63807668e+06,4.15362931e+03,0.00000000e+00,2.30000000e-01,7.69999998e-01,0.00000000e+00
8.35835836e+01,1.36415744e+00,2.31429653e+03,1.63292636e+06,4.15232347e+03,0.00000000e+00,2.30000000e-01,7.70000015e-01,0.00000000e+00
8.36836837e+01,1.36030020e+00,2.31735492e+03,1.62782909e+06,4.15109926e+03,0.00000000e+00,2.30000000e-01,7.70000013e-01,0.00000000e+00
8.37837838e+01,1.35644376e+00,2.32039622e+03,1.62276240e+06,4.14994385e+03,0.00000000e+00,2.30000000e-01,7.70000009e-01,0.00000000e+00
8.38838839e+01,1.35258250e+00,2.32342646e+03,1.61771128e+06,4.14883670e+03,0.00000000e+00,2.30000000e-01,7.69999980e-01,0.00000000e+00
8.39839840e+01,1.34871551e+00,2.32645361e+03,1.61266889e+06,4.14776311e+03,0.00000000e+00,2.30000000e-01,7.69999982e-01,0.00000000e+00
8.40840841e+01,1.34486049e+00,2.32946245e+03,1.60765191e+06,4.14671196e+03,0.00000000e+00,2.30000000e-01,7.69999993e-01,0.00000000e+00
8.41841842e+01,1.34104023e+00,2.33243597e+03,1.60265367e+06,4.14559549e+03,0.00000000e+00,2.30000000e-01,7.70000075e-01,0.00000000e+00
8.42842843e+01,1.33726208e+00,2.33537268e+03,1.59767872e+06,4.14440334e+03,0.00000000e+00,2.30000000e-01,7.69999965e-01,0.00000000e+00
8.43843844e+01,1.33353487e+00,2.33828326e+03,1.59276113e+06,4.14319521e+03,0.00000000e+00,2.30000000e-01,7.69999905e-01,0.00000000e+00
8.44844845e+01,1.32984985e+00,2.34117252e+03,1.58790107e+06,4.14199829e+03,0.00000000e+00,2.30000000e-01,7.69999995e-01,0.00000000e+00
8.45845846e+01,1.32618263e+00,2.34404875e+03,1.58307710e+06,4.14083386e+03,0.00000000e+00,2.30000000e-01,7.70000014e-01,0.00000000e+00
8.46846847e+01,1.32252080e+00,2.34692627e+03,1.57828110e+06,4.13971956e+03,0.00000000e+00,2.30000000e-01,7.70000006e-01,0.00000000e+00
8.47847848e+01,1.31885854e+00,2.34981308e+03,1.57351508e+06,4.13867929e+03,0.00000000e+00,2.30000000e-01,7.70000002e-01,0.00000000e+00
8.48848849e+01,1.31519450e+00,2.35271102e+03,1.56876778e+06,4.13768797e+03,0.00000000e+00,2.30000000e-01,7.70000040e-01,0.00000000e+00
8.49849850e+01,1.31152073e+00,2.35562127e+03,1.56402684e+06,4.13673865e+03,0.00000000e+00,2.30000000e-01,7.70000081e-01,0.00000000e+00
8.50850851e+01,1.30781819e+00,2.35855031e+03,1.55928195e+06,4.13586465e+03,0.00000000e+00,2.30000000e-01,7.70000090e-01,0.00000000e+00
8.51851852e+01,1.30406739e+00,2.36150180e+03,1.55452363e+06,4.13510211e+03,0.00000000e+00,2.30000000e-01,7.70000302e-01,0.00000000e+00
8.52852853e+01,1.30026360e+00,2.36449590e+03,1.54974284e+06,4.13444710e+03,0.00000000e+00,2.30000000e-01,7.69999725e-01,0.00000000e+00
8.53853854e+01,1.29649104e+00,2.36757256e+03,1.54499462e+06,4.13377240e+03,0.00000000e+00,2.30000000e-01,7.69999936e-01,0.00000000e+00
8.54854855e+01,1.29276397e+00,2.37068335e+03,1.54026019e+06,4.13298481e+03,0.00000000e+00,2.30000000e-01,7.70000273e-01,0.00000000e+00
8.55855856e+01,1.28907466e+00,2.37381172e+03,1.53556383e+06,4.13217675e+03,0.00000000e+00,2.30000000e-01,7.69999987e-01,0.00000000e+00
8.56856857e+01,1.28546472e+00,2.37697738e+03,1.53094829e+06,4.13132706e+03,0.00000000e+00,2.30000000e-01,7.69999693e-01,0.00000000e+00
8.57857858e+01,1.28194357e+00,2.38016591e+03,1.52639605e+06,4.13035534e+03,0.00000000e+00,2.30000000e-01,7.69999976e-01,0.00000000e+00
8.58858859e+01,1.27845884e+00,2.38336403e+03,1.52186859e+06,4.12932887e+03,0.00000000e+00,2.30000000e-01,7.70000028e-01,0.00000000e+00
8.59859860e+01,1.27498805e+00,2.38660086e+03,1.51737891e+06,4.12835536e+03,0.00000000e+00,2.30000000e-01,7.69999856e-01,0.00000000e+00
8.60860861e+01,1.27153694e+00,2.38987914e+03,1.51290797e+06,4.12736254e+03,0.00000000e+00,2.30000000e-01,7.69999984e-01,0.00000000e+00
8.61861862e+01,1.26809920e+00,2.39315978e+03,1.50845870e+06,4.12637961e+03,0.00000000e+00,2.30000000e-01,7.70000211e-01,0.00000000e+00
8.62862863e+01,1.26467472e+00,2.39643117e+03,1.50409066e+06,4.12557341e+03,0.00000000e+00,2.30000000e-01,7.69999860e-01,0.00000000e+00
8.63863864e+01,1.26129817e+00,2.39970414e+03,1.49983787e+06,4.12492129e+03,0.00000000e+00,2.30000000e-01,7.69999923e-01,0.00000000e+00
8.64864865e+01,1.25796152e+00,2.40294873e+03,1.49566408e+06,4.12435251e+03,0.00000000e+00,2.30000000e-01,7.70000021e-01,0.00000000e+00
8.65865866e+01,1.25463868e+00,2.40617730e+03,1.49157787e+06,4.12397783e+03,0.00000000e+00,2.30000000e-01,7.70000035e-01,0.00000000e+00
8.66866867e+01,1.25131255e+00,2.40941030e+03,1.48758068e+06,4.12385879e+03,0.00000000e+00,2.30000000e-01,7.70000050e-01,0.00000000e+00
8.67867868e+01,1.24796883e+00,2.41265779e+03,1.48361636e+06,4.12388879e+03,0.00000000e+00,2.30000000e-01,7.70000023e-01,0.00000000e+00
8.68868869e+01,1.24459590e+00,2.41593340e+03,1.47966210e+06,4.12404289e+03,0.00000000e+00,2.30000000e-01,7.70000206e-01,0.00000000e+00
8.69869870e+01,1.24118227e+00,2.41924780e+03,1.47568292e+06,4.12426545e+03,0.00000000e+00,2.30000000e-01,7.69999906e-01,0.00000000e+00
8.70870871e+01,1.23777049e+00,2.42263298e+03,1.47171249e+06,4.12450654e+03,0.00000000e+00,2.30000000e-01,7.69999859e-01,0.00000000e+00
8.71871872e+01,1.23440644e+00,2.42603377e+03,1.46775503e+06,4.12462536e+03,0.00000000e+00,2.30000000e-01,7.69999937e-01,0.00000000e+00
8.72872873e+01,1.23107575e+00,2.42942710e+03,1.46379358e+06,4.12462101e+03,0.00000000e+00,2.30000000e-01,7.70000199e-01,0.00000000e+00
8.73873874e+01,1.22777155e+00,2.43280006e+03,1.45980998e+06,4.12446566e+03,0.00000000e+00,2.30000000e-01,7.70000339e-01,0.00000000e+00
8.74874875e+01,1.22451344e+00,2.43617498e+03,1.45583483e+06,4.12417970e+03,0.00000000e+00,2.30000000e-01,7.70000109e-01,0.00000000e+00
8.75875876e+01,1.22134013e+00,2.43959761e+03,1.45194873e+06,4.12385880e+03,0.00000000e+00,2.30000000e-01,7.69999881e-01,0.00000000e+00
8.76876877e+01,1.21827237e+00,2.44307265e+03,1.44815205e+06,4.12343258e+03,0.00000000e+00,2.30000000e-01,7.69999884e-01,0.00000000e+00
8.77877878e+01,1.21530129e+00,2.44657873e+03,1.44441238e+06,4.12283855e+03,0.00000000e+00,2.30000000e-01,7.69999991e-01,0.00000000e+00
8.78878879e+01,1.21241229e+00,2.45010119e+03,1.44070721e+06,4.12206180e+03,0.00000000e+00,2.30000000e-01,7.69999958e-01,0.00000000e+00
8.79879880e+01,1.20960275e+00,2.45363990e+03,1.43703960e+06,4.12111832e+03,0.00000000e+00,2.30000000e-01,7.69999924e-01,0.00000000e+00
8.80880881e+01,1.20686342e+00,2.45719843e+03,1.43341832e+06,4.12006351e+03,0.00000000e+00,2.30000000e-01,7.69999995e-01,0.00000000e+00
8.81881882e+01,1.20417568e+00,2.46078639e+03,1.42985401e+06,4.11899177e+03,0.00000000e+00,2.30000000e-01,7.70000000e-01,0.00000000e+00
8.82882883e+01,1.20152950e+00,2.46442140e+03,1.42636714e+06,4.11799698e+03,0.00000000e+00,2.30000000e-01,7.69999876e-01,0.00000000e+00
8.83883884e+01,1.19892017e+00,2.46811526e+03,1.42297087e+06,4.11713307e+03,0.00000000e+00,2.30000000e-01,7.69999814e-01,0.00000000e+00
8.84884885e+01,1.19633273e+00,2.47185872e+03,1.41964614e+06,4.11639661e+03,0.00000000e+00,2.30000000e-01,7.69999978e-01,0.00000000e+00
8.85885886e+01,1.19374695e+00,2.47562693e+03,1.41634758e+06,4.11572734e+03,0.00000000e+00,2.30000000e-01,7.70000120e-01,0.00000000e+00
8.86886887e+01,1.19114533e+00,2.47940631e+03,1.41305261e+06,4.11512004e+03,0.00000000e+00,2.30000000e-01,7.70000344e-01,0.00000000e+00
8.87887888e+01,1.18849306e+00,2.48318918e+03,1.40975367e+06,4.11467602e+03,0.00000000e+00,2.30000000e-01,7.70000044e-01,0.00000000e+00
8.88888889e+01,1.18581159e+00,2.48706108e+03,1.40656748e+06,4.11466081e+03,0.00000000e+00,2.30000000e-01,7.69999830e-01,0.00000000e+00
8.89889890e+01,1.18317961e+00,2.49103341e+03,1.40350402e+06,4.11483246e+03,0.00000000e+00,2.30000000e-01,7.69999794e-01,0.00000000e+00
8.90890891e+01,1.18057590e+00,2.49508935e+03,1.40054654e+06,4.11521731e+03,0.00000000e+00,2.30000000e-01,7.69999864e-01,0.00000000e+00
8.91891892e+01,1.17797829e+00,2.49920539e+03,1.39765552e+06,4.11577791e+03,0.00000000e+00,2.30000000e-01,7.70000014e-01,0.00000000e+00
8.92892893e+01,1.17537225e+00,2.50335534e+03,1.39478460e+06,4.11642996e+03,0.00000000e+00,2.30000000e-01,7.70000130e-01,0.00000000e+00
8.93893894e+01,1.17274354e+00,2.50752624e+03,1.39191807e+06,4.11717623e+03,0.00000000e+00,2.30000000e-01,7.70000548e-01,0.00000000e+00
8.94894895e+01,1.17007147e+00,2.51172440e+03,1.38907509e+06,4.11815347e+03,0.00000000e+00,2.30000000e-01,7.69999750e-01,0.00000000e+00
8.95895896e+01,1.16744708e+00,2.51599325e+03,1.38629450e+06,4.11914859e+03,0.00000000e+00,2.30000000e-01,7.69999816e-01,0.00000000e+00
8.96896897e+01,1.16488997e+00,2.52029954e+03,1.38353820e+06,4.11998256e+03,0.00000000e+00,2.30000000e-01,7.69999892e-01,0.00000000e+00
8.97897898e+01,1.16237321e+00,2.52463377e+03,1.38079408e+06,4.12071333e+03,0.00000000e+00,2.30000000e-01,7.70000002e-01,0.00000000e+00
8.98898899e+01,1.15988106e+00,2.52898911e+03,1.37805016e+06,4.12136068e+03,0.00000000e+00,2.30000000e-01,7.70000060e-01,0.00000000e+00
8.99899900e+01,1.15741106e+00,2.53336860e+03,1.37530721e+06,4.12193540e+03,0.00000000e+00,2.30000000e-01,7.69999977e-01,0.00000000e+00
9.00900901e+01,1.15496864e+00,2.53778170e+03,1.37257817e+06,4.12245577e+03,0.00000000e+00,2.30000000e-01,7.69999936e-01,0.00000000e+00
9.01901902e+01,1.15255120e+00,2.54222802e+03,1.36986401e+06,4.12293297e+03,0.00000000e+00,2.30000000e-01,7.70000073e-01,0.00000000e+00
9.02902903e+01,1.15015130e+00,2.54669978e+03,1.36715914e+06,4.12337796e+03,0.00000000e+00,2.30000000e-01,7.70000072e-01,0.00000000e+00
9.03903904e+01,1.14777776e+00,2.55120088e+03,1.36448565e+06,4.12382580e+03,0.00000000e+00,2.30000000e-01,7.69999851e-01,0.00000000e+00
9.04904905e+01,1.14544345e+00,2.55573205e+03,1.36186755e+06,4.12430102e+03,0.00000000e+00,2.30000000e-01,7.69999874e-01,0.00000000e+00
9.05905906e+01,1.14313752e+00,2.56026752e+03,1.35928164e+06,4.12477286e+03,0.00000000e+00,2.30000000e-01,7.70000026e-01,0.00000000e+00
9.06906907e+01,1.14084170e+00,2.56479214e+03,1.35669967e+06,4.12522003e+03,0.00000000e+00,2.30000000e-01,7.70000658e-01,0.00000000e+00
9.07907908e+01,1.13852701e+00,2.56930252e+03,1.35417974e+06,4.12593254e+03,0.00000000e+00,2.30000000e-01,7.69999844e-01,0.00000000e+00
9.08908909e+01,1.13627405e+00,2.57384490e+03,1.35178477e+06,4.12680266e+03,0.00000000e+00,2.30000000e-01,7.69999639e-01,0.00000000e+00
9.09909910e+01,1.13413104e+00,2.57835194e+03,1.34939509e+06,4.12729047e+03,0.00000000e+00,2.30000000e-01,7.69999850e-01,0.00000000e+00
9.10910911e+01,1.13204168e+00,2.58281856e+03,1.34704648e+06,4.12771070e+03,0.00000000e+00,2.30000000e-01,7.69999980e-01,0.00000000e+00
9.11911912e+01,1.12997046e+00,2.58726844e+03,1.34474655e+06,4.12821614e+03,0.00000000e+00,2.30000000e-01,7.70000006e-01,0.00000000e+00
9.12912913e+01,1.12790726e+00,2.59171424e+03,1.34248109e+06,4.12880010e+03,0.00000000e+00,2.30000000e-01,7.70000013e-01,0.00000000e+00
9.13913914e+01,1.12584821e+00,2.59616025e+03,1.34024200e+06,4.12945231e+03,0.00000000e+00,2.30000000e-01,7.70000014e-01,0.00000000e+00
9.14914915e+01,1.12379005e+00,2.60060886e+03,1.33802752e+06,4.13017954e+03,0.00000000e+00,2.30000000e-01,7.70000029e-01,0.00000000e+00
9.15915916e+01,1.12172815e+00,2.60506078e+03,1.33583827e+06,4.13100123e+03,0.00000000e+00,2.30000000e-01,7.70000038e-01,0.00000000e+00
9.16916917e+01,1.11965295e+00,2.60952468e+03,1.33366929e+06,4.13193785e+03,0.00000000e+00,2.30000000e-01,7.70000048e-01,0.00000000e+00
9.17917918e+01,1.11755631e+00,2.61400364e+03,1.33149206e+06,4.13293167e+03,0.00000000e+00,2.30000000e-01,7.70000049e-01,0.00000000e+00
9.18918919e+01,1.11542829e+00,2.61850276e+03,1.32931865e+06,4.13405730e+03,0.00000000e+00,2.30000000e-01,7.70000067e-01,0.00000000e+00
9.19919920e+01,1.11327982e+00,2.62304285e+03,1.32715177e+06,4.13528439e+03,0.00000000e+00,2.30000000e-01,7.69999890e-01,0.00000000e+00
9.20920921e+01,1.11115490e+00,2.62762162e+03,1.32498604e+06,4.13643162e+03,0.00000000e+00,2.30000000e-01,7.69999843e-01,0.00000000e+00
9.21921922e+01,1.10904255e+00,2.63224744e+03,1.32286230e+06,4.13766609e+03,0.00000000e+00,2.30000000e-01,7.70000160e-01,0.00000000e+00
9.22922923e+01,1.10692571e+00,2.63685901e+03,1.32062288e+06,4.13855880e+03,0.00000000e+00,2.30000000e-01,7.70000652e-01,0.00000000e+00
9.23923924e+01,1.10472675e+00,2.64141429e+03,1.31832159e+06,4.13957233e+03,0.00000000e+00,2.30000000e-01,7.70000221e-01,0.00000000e+00
9.24924925e+01,1.10237285e+00,2.64598928e+03,1.31601481e+06,4.14115399e+03,0.00000000e+00,2.30000000e-01,7.69999928e-01,0.00000000e+00
9.25925926e+01,1.09991204e+00,2.65062258e+03,1.31363373e+06,4.14291145e+03,0.00000000e+00,2.30000000e-01,7.69999473e-01,0.00000000e+00
9.26926927e+01,1.09750313e+00,2.65527846e+03,1.31122360e+06,4.14438565e+03,0.00000000e+00,2.30000000e-01,7.69999797e-01,0.00000000e+00
9.27927928e+01,1.09517686e+00,2.65991992e+03,1.30887590e+06,4.14575194e+03,0.00000000e+00,2.30000000e-01,7.69999958e-01,0.00000000e+00
9.28928929e+01,1.09290819e+00,2.66452944e+03,1.30658007e+06,4.14707083e+03,0.00000000e+00,2.30000000e-01,7.69999946e-01,0.00000000e+00
9.29929930e+01,1.09068868e+00,2.66910848e+03,1.30432665e+06,4.14834317e+03,0.00000000e+00,2.30000000e-01,7.69999922e-01,0.00000000e+00
9.30930931e+01,1.08850240e+00,2.67367708e+03,1.30211870e+06,4.14963826e+03,0.00000000e+00,2.30000000e-01,7.70000062e-01,0.00000000e+00
9.31931932e+01,1.08633861e+00,2.67823293e+03,1.29993332e+06,4.15092537e+03,0.00000000e+00,2.30000000e-01,7.70000033e-01,0.00000000e+00
9.32932933e+01,1.08421052e+00,2.68276379e+03,1.29777669e+06,4.15217329e+03,0.00000000e+00,2.30000000e-01,7.69999909e-01,0.00000000e+00
9.33933934e+01,1.08212748e+00,2.68725885e+03,1.29565403e+06,4.15336151e+03,0.00000000e+00,2.30000000e-01,7.69999929e-01,0.00000000e+00
9.34934935e+01,1.08007472e+00,2.69172257e+03,1.29356915e+06,4.15455897e+03,0.00000000e+00,2.30000000e-01,7.69999999e-01,0.00000000e+00
9.35935936e+01,1.07803484e+00,2.69617171e+03,1.29151011e+06,4.15579476e+03,0.00000000e+00,2.30000000e-01,7.70000008e-01,0.00000000e+00
9.36936937e+01,1.07600118e+00,2.70061932e+03,1.28946201e+06,4.15704650e+03,0.00000000e+00,2.30000000e-01,7.70000004e-01,0.00000000e+00
9.37937938e+01,1.07397152e+00,2.70506958e+03,1.28741448e+06,4.15828928e+03,0.00000000e+00,2.30000000e-01,7.70000009e-01,0.00000000e+00
9.38938939e+01,1.07194422e+00,2.70952369e+03,1.28535841e+06,4.15950004e+03,0.00000000e+00,2.30000000e-01,7.70000010e-01,0.00000000e+00
9.39939940e+01,1.06991703e+00,2.71398393e+03,1.28329492e+06,4.16069085e+03,0.00000000e+00,2.30000000e-01,7.70000017e-01,0.00000000e+00
9.40940941e+01,1.06788756e+00,2.71845065e+03,1.28122066e+06,4.16186011e+03,0.00000000e+00,2.30000000e-01,7.70000014e-01,0.00000000e+00
9.41941942e+01,1.06585298e+00,2.72292605e+03,1.27912985e+06,4.16299995e+03,0.00000000e+00,2.30000000e-01,7.70000007e-01,0.00000000e+00
9.42942943e+01,1.06381279e+00,2.72740920e+03,1.27701741e+06,4.16409551e+03,0.00000000e+00,2.30000000e-01,7.70000014e-01,0.00000000e+00
9.43943944e+01,1.06176616e+00,2.73189747e+03,1.27489124e+06,4.16517586e+03,0.00000000e+00,2.30000000e-01,7.69999983e-01,0.00000000e+00
9.44944945e+01,1.05971289e+00,2.73639592e+03,1.27276853e+06,4.16629775e+03,0.00000000e+00,2.30000000e-01,7.69999967e-01,0.00000000e+00
9.45945946e+01,1.05765883e+00,2.74090784e+03,1.27063951e+06,4.16740636e+03,0.00000000e+00,2.30000000e-01,7.69999970e-01,0.00000000e+00
9.46946947e+01,1.05561463e+00,2.74541910e+03,1.26851488e+06,4.16849464e+03,0.00000000e+00,2.30000000e-01,7.69999998e-01,0.00000000e+00
9.47947948e+01,1.05359008e+00,2.74989847e+03,1.26642574e+06,4.16962620e+03,0.00000000e+00,2.30000000e-01,7.70000027e-01,0.00000000e+00
9.48948949e+01,1.05158625e+00,2.75433210e+03,1.26439076e+06,4.17085866e+03,0.00000000e+00,2.30000000e-01,7.70000049e-01,0.00000000e+00
9.49949950e+01,1.04959761e+00,2.75871694e+03,1.26241804e+06,4.17224126e+03,0.00000000e+00,2.30000000e-01,7.70000058e-01,0.00000000e+00
9.50950951e+01,1.04761456e+00,2.76305727e+03,1.26051674e+06,4.17384284e+03,0.00000000e+00,2.30000000e-01,7.70000177e-01,0.00000000e+00
9.51951952e+01,1.04561856e+00,2.76734368e+03,1.25871618e+06,4.17582405e+03,0.00000000e+00,2.30000000e-01,7.70003178e-01,0.00000000e+00
9.52952953e+01,1.04353802e+00,2.77154172e+03,1.25707348e+06,4.17871771e+03,0.00000000e+00,2.30000000e-01,7.69996495e-01,0.00000000e+00
9.53953954e+01,1.04152317e+00,2.77659266e+03,1.25540412e+06,4.18117675e+03,0.00000000e+00,2.30000000e-01,7.70011562e-01,0.00000000e+00
9.54954955e+01,1.18856559e+00,2.41578776e+03,1.87287030e+06,5.46747556e+03,0.00000000e+00,2.32032708e-01,7.67967292e-01,0.00000000e+00
9.55955956e+01,2.92709358e+00,1.56775480e+02,1.01773662e+07,1.20592999e+04,0.00000000e+00,2.30000000e-01,7.70147128e-01,0.00000000e+00
9.56956957e+01,4.20631551e+00,-6.20349430e+02,1.69057175e+07,1.39410637e+04,0.00000000e+00,2.29552344e-01,7.70447656e-01,0.00000000e+00
9.57957958e+01,4.39482773e+00,-7.52913598e+02,1.82141891e+07,1.43712650e+04,0.00000000e+00,2.30000000e-01,7.70362552e-01,0.00000000e+00
9.58958959e+01,4.41214971e+00,-7.66113692e+02,1.83955765e+07,1.44622264e+04,0.00000000e+00,2.30000000e-01,7.70038219e-01,0.00000000e+00
9.59959960e+01,4.41420103e+00,-7.67141265e+02,1.84425973e+07,1.44931738e+04,0.00000000e+00,2.30000000e-01,7.69990057e-01,0.00000000e+00
9.60960961e+01,4.42435313e+00,-7.65740619e+02,1.84659594e+07,1.44783013e+04,0.00000000e+00,2.30000000e-01,7.69985602e-01,0.00000000e+00
9.61961962e+01,4.45162118e+00,-7.63834431e+02,1.84823437e+07,1.44024327e+04,0.00000000e+00,2.30000000e-01,7.69982258e-01,0.00000000e+00
9.62962963e+01,4.50766173e+00,-7.61282363e+02,1.84954353e+07,1.42334833e+04,0.00000000e+00,2.30000000e-01,7.69980145e-01,0.00000000e+00
9.63963964e+01,4.60610122e+00,-7.58066028e+02,1.85049792e+07,1.39365202e+04,0.00000000e+00,2.30000000e-01,7.69977305e-01,0.00000000e+00
9.64964965e+01,4.76305539e+00,-7.54648646e+02,1.85136697e+07,1.34836396e+04,0.00000000e+00,2.30000000e-01,7.69975003e-01,0.00000000e+00
9.65965966e+01,4.99746339e+00,-7.51675496e+02,1.85288266e+07,1.28616511e+04,0.00000000e+00,2.30000000e-01,7.69979094e-01,0.00000000e+00
9.66966967e+01,5.32782962e+00,-7.49001725e+02,1.85505357e+07,1.20781723e+04,0.00000000e+00,2.30000000e-01,7.69986552e-01,0.00000000e+00
9.67967968e+01,5.76983383e+00,-7.45935424e+02,1.85724328e+07,1.11659880e+04,0.00000000e+00,2.30000000e-01,7.69994218e-01,0.00000000e+00
9.68968969e+01,6.33092850e+00,-7.41545286e+02,1.85885715e+07,1.01848645e+04,0.00000000e+00,2.30000000e-01,7.70027806e-01,0.00000000e+00
9.69969970e+01,6.88745995e+00,-7.36978697e+02,1.85976475e+07,9.36681453e+03,0.00000000e+00,2.30000000e-01,7.69991244e-01,0.00000000e+00
9.70970971e+01,7.34987721e+00,-7.31219065e+02,1.86186340e+07,8.78722545e+03,0.00000000e+00,2.30000000e-01,7.70011278e-01,0.00000000e+00
9.71971972e+01,7.70396849e+00,-7.24652411e+02,1.86370960e+07,8.39163249e+03,0.00000000e+00,2.30000000e-01,7.70014247e-01,0.00000000e+00
9.72972973e+01,7.96303973e+00,-7.16962382e+02,1.86613555e+07,8.12917956e+03,0.00000000e+00,2.30000000e-01,7.70014911e-01,0.00000000e+00
9.73973974e+01,8.14638470e+00,-7.08259483e+02,1.86939426e+07,7.96014392e+03,0.00000000e+00,2.30000000e-01,7.70009282e-01,0.00000000e+00
9.74974975e+01,8.27531947e+00,-6.98982019e+02,1.87527901e+07,7.86075695e+03,0.00000000e+00,2.30000000e-01,7.70013054e-01,0.00000000e+00
9.75975976e+01,8.35847047e+00,-6.87549605e+02,1.88111913e+07,7.80686554e+03,0.00000000e+00,2.30000000e-01,7.70004181e-01,0.00000000e+00
9.76976977e+01,8.40792821e+00,-6.75208337e+02,1.88697584e+07,7.78506190e+03,0.00000000e+00,2.30000000e-01,7.70009738e-01,0.00000000e+00
9.77977978e+01,8.43358400e+00,-6.61065593e+02,1.89253694e+07,7.78432578e+03,0.00000000e+00,2.30000000e-01,7.70000598e-01,0.00000000e+00
9.78978979e+01,8.45493221e+00,-6.45964528e+02,1.89999243e+07,7.79530596e+03,0.00000000e+00,2.30000000e-01,7.69994756e-01,0.00000000e+00
9.79979980e+01,8.48185989e+00,-6.31084806e+02,1.91117292e+07,7.81620322e+03,0.00000000e+00,2.30000000e-01,7.70004756e-01,0.00000000e+00
9.80980981e+01,8.50941353e+00,-6.14012772e+02,1.92312848e+07,7.83969453e+03,0.00000000e+00,2.30000000e-01,7.69996889e-01,0.00000000e+00
9.81981982e+01,8.54324157e+00,-5.95050863e+02,1.93595203e+07,7.86076007e+03,0.00000000e+00,2.30000000e-01,7.69992046e-01,0.00000000e+00
9.82982983e+01,8.59490735e+00,-5.75219931e+02,1.95141240e+07,7.87585474e+03,0.00000000e+00,2.30000000e-01,7.69998308e-01,0.00000000e+00
9.83983984e+01,8.66797843e+00,-5.53852638e+02,1.96854416e+07,7.87802161e+03,0.00000000e+00,2.30000000e-01,7.69998329e-01,0.00000000e+00
9.84984985e+01,8.76598137e+00,-5.30702653e+02,1.98661631e+07,7.86148902e+03,0.00000000e+00,2.30000000e-01,7.69994904e-01,0.00000000e+00
9.85985986e+01,8.89254495e+00,-5.06162543e+02,2.00606132e+07,7.82542821e+03,0.00000000e+00,2.30000000e-01,7.69997995e-01,0.00000000e+00
9.86986987e+01,9.01328666e+00,-4.79930902e+02,2.02761894e+07,7.80352251e+03,0.00000000e+00,2.30000000e-01,7.70003462e-01,0.00000000e+00
9.87987988e+01,9.09274093e+00,-4.51482100e+02,2.04730552e+07,7.81045129e+03,0.00000000e+00,2.30000000e-01,7.70001770e-01,0.00000000e+00
9.88988989e+01,9.13497260e+00,-4.20726648e+02,2.06712239e+07,7.84952670e+03,0.00000000e+00,2.30000000e-01,7.70010177e-01,0.00000000e+00
9.89989990e+01,9.14523151e+00,-3.88046818e+02,2.08594550e+07,7.91212872e+03,0.00000000e+00,2.30000000e-01,7.70008921e-01,0.00000000e+00
9.90990991e+01,9.13716683e+00,-3.53611344e+02,2.10385138e+07,7.98712110e+03,0.00000000e+00,2.30000000e-01,7.70005174e-01,0.00000000e+00
9.91991992e+01,9.11146407e+00,-3.17273960e+02,2.12036208e+07,8.07251978e+03,0.00000000e+00,2.30000000e-01,7.70004079e-01,0.00000000e+00
9.92992993e+01,9.06065696e+00,-2.79109824e+02,2.13455208e+07,8.17211746e+03,0.00000000e+00,2.30000000e-01,7.70003463e-01,0.00000000e+00
9.93993994e+01,8.97851644e+00,-2.39093843e+02,2.14606575e+07,8.29136650e+03,0.00000000e+00,2.30000000e-01,7.70003153e-01,0.00000000e+00
9.94994995e+01,8.85957561e+00,-1.97214217e+02,2.15481440e+07,8.43693009e+03,0.00000000e+00,2.30000000e-01,7.70003536e-01,0.00000000e+00
9.95995996e+01,8.73323944e+00,-1.53866320e+02,2.16068835e+07,8.58232658e+03,0.00000000e+00,2.30000000e-01,7.70001802e-01,0.00000000e+00
9.96996997e+01,8.64268239e+00,-1.08807168e+02,2.16492982e+07,8.68929542e+03,0.00000000e+00,2.30000000e-01,7.69999521e-01,0.00000000e+00
9.97997998e+01,8.59786839e+00,-6.30747971e+01,2.16665784e+07,8.74201507e+03,0.00000000e+00,2.30000000e-01,7.69948712e-01,0.00000000e+00
9.98998999e+01,8.61777100e+00,-1.57679422e+01,2.18006470e+07,8.77512127e+03,0.00000000e+00,2.30000000e-01,7.70023233e-01,0.00000000e+00
1.00000000e+02,8.61777100e+00,1.57679422e+01,2.18006470e+07,8.77512127e+03,0.00000000e+00,2.30000000e-01,7.70023233e-01,0.00000000e+00
