# x(m), rho(kg/m3), u(m/s), p(Pa), T(K), Y_H2, Y_O2, Y_N2, Y_H2O
0.00000000e+00,4.08464663e+00,1.02441787e+00,8.65252205e+06,2.65890777e+03,1.18501925e-01,5.83339813e-07,6.00009375e-01,2.81488116e-01
1.00100100e-01,4.08464663e+00,-1.02441787e+00,8.65252205e+06,2.65890777e+03,1.18501925e-01,5.83339813e-07,6.00009375e-01,2.81488116e-01
2.00200200e-01,4.08872998e+00,-4.06567378e+00,8.66416272e+06,2.65982595e+03,1.18501925e-01,5.83339813e-07,6.00009375e-01,2.81488116e-01
3.00300300e-01,4.09315772e+00,-2.78373971e+00,8.68834228e+06,2.66335996e+03,1.18546581e-01,5.83559635e-07,6.00235479e-01,2.81594191e-01
4.00400400e-01,4.09295134e+00,-2.65328337e-01,8.68526645e+06,2.66268173e+03,1.18540775e-01,5.83531056e-07,6.00206083e-01,2.81580400e-01
5.00500501e-01,4.09467477e+00,5.85263201e-01,8.65915288e+06,2.65610672e+03,1.18427055e-01,5.82971258e-07,5.99630288e-01,2.81310272e-01
6.00600601e-01,4.10088414e+00,-1.18031703e+00,8.69450396e+06,2.66138478e+03,1.18495019e-01,5.83305819e-07,5.99974410e-01,2.81471713e-01
7.00700701e-01,4.10505498e+00,2.12879664e+00,8.71355285e+06,2.66387236e+03,1.18523191e-01,5.83444497e-07,6.00117051e-01,2.81538632e-01
8.00800801e-01,4.11258570e+00,7.41972291e+00,8.71635050e+06,2.66144969e+03,1.18451869e-01,5.83093407e-07,5.99755928e-01,2.81369214e-01
9.00900901e-01,4.12795645e+00,9.26287114e+00,8.75477778e+06,2.66377390e+03,1.18427651e-01,5.82974191e-07,5.99633305e-01,2.81311687e-01
1.00100100e+00,4.14238994e+00,1.51974080e+01,8.81730868e+06,2.67177645e+03,1.18501925e-01,5.83339813e-07,6.00009375e-01,2.81488116e-01
1.10110110e+00,4.15422049e+00,2.51855725e+01,8.84013159e+06,2.67208770e+03,1.18456510e-01,5.83116253e-07,5.99779427e-01,2.81380239e-01
1.20120120e+00,4.18125950e+00,3.35640255e+01,8.94036354e+06,2.68321133e+03,1.18531460e-01,5.83485200e-07,6.00158917e-01,2.81558273e-01
1.30130130e+00,4.21425146e+00,4.25137315e+01,9.02929002e+06,2.68940436e+03,1.18499770e-01,5.83329203e-07,5.99998462e-01,2.81482997e-01
1.40140140e+00,4.24270602e+00,5.43941962e+01,9.11460149e+06,2.69655818e+03,1.18501925e-01,5.83339813e-07,6.00009375e-01,2.81488116e-01
1.50150150e+00,4.27078784e+00,6.80409668e+01,9.18207273e+06,2.69997267e+03,1.18444205e-01,5.83055680e-07,5.99717123e-01,2.81351009e-01
1.60160160e+00,4.30748987e+00,8.17763468e+01,9.32542746e+06,2.71598147e+03,1.18565445e-01,5.83652498e-07,6.00330995e-01,2.81639001e-01
1.70170170e+00,4.34893786e+00,9.75688158e+01,9.43636018e+06,2.72313122e+03,1.18520423e-01,5.83430871e-07,6.00103036e-01,2.81532056e-01
1.80180180e+00,4.39017866e+00,1.15122436e+02,9.57541553e+06,2.73611226e+03,1.18571954e-01,5.83684540e-07,6.00363953e-01,2.81654463e-01
1.90190190e+00,4.43263235e+00,1.30990606e+02,9.66296695e+06,2.73781600e+03,1.18436341e-01,5.83016966e-07,5.99677302e-01,2.81332328e-01
2.00200200e+00,4.47291357e+00,1.45224964e+02,9.82931465e+06,2.75637577e+03,1.18586367e-01,5.83755487e-07,6.00436928e-01,2.81688698e-01
2.10210210e+00,4.51005079e+00,1.65155075e+02,9.92453472e+06,2.76152964e+03,1.18527594e-01,5.83466171e-07,6.00139345e-01,2.81549090e-01
2.20220220e+00,4.56171553e+00,1.83321450e+02,1.01084515e+07,2.77882391e+03,1.18613975e-01,5.83891394e-07,6.00576718e-01,2.81754280e-01
2.30230230e+00,4.60841014e+00,1.98868116e+02,1.02218975e+07,2.78374928e+03,1.18519752e-01,5.83427570e-07,6.00099640e-01,2.81530463e-01
2.40240240e+00,4.65090228e+00,2.10618557e+02,1.03250128e+07,2.78813767e+03,1.18434881e-01,5.83009780e-07,5.99669911e-01,2.81328861e-01
2.50250250e+00,4.68954058e+00,2.23709194e+02,1.04586628e+07,2.79986403e+03,1.18481182e-01,5.83237703e-07,5.99904347e-01,2.81438844e-01
2.60260260e+00,4.72212313e+00,2.38679131e+02,1.05663065e+07,2.80867150e+03,1.18501925e-01,5.83339813e-07,6.00009375e-01,2.81488116e-01
2.70270270e+00,4.75270718e+00,2.53429517e+02,1.06864750e+07,2.82047746e+03,1.18579943e-01,5.83723866e-07,6.00404403e-01,2.81673439e-01
2.80280280e+00,4.78239433e+00,2.66663319e+02,1.07627269e+07,2.82412433e+03,1.18531445e-01,5.83485128e-07,6.00158843e-01,2.81558238e-01
2.90290290e+00,4.81270826e+00,2.77290697e+02,1.08306414e+07,2.82592209e+03,1.18452685e-01,5.83097424e-07,5.99760060e-01,2.81371153e-01
3.00300300e+00,4.84846033e+00,2.87609423e+02,1.09582906e+07,2.83696525e+03,1.18501925e-01,5.83339813e-07,6.00009375e-01,2.81488116e-01
3.10310310e+00,4.87488719e+00,2.98012438e+02,1.10735797e+07,2.84896649e+03,1.18597785e-01,5.83811697e-07,6.00494744e-01,2.81715822e-01
3.20320320e+00,4.89408264e+00,3.06660339e+02,1.11016246e+07,2.84728074e+03,1.18501925e-01,5.83339813e-07,6.00009375e-01,2.81488116e-01
3.30330330e+00,4.90492941e+00,3.08578770e+02,1.11365526e+07,2.84982635e+03,1.18505926e-01,5.83359508e-07,6.00029633e-01,2.81497620e-01
3.40340340e+00,4.90922604e+00,3.06638679e+02,1.11672783e+07,2.85393417e+03,1.18557987e-01,5.83615783e-07,6.00293231e-01,2.81621285e-01
3.50350350e+00,4.90188446e+00,3.06506053e+02,1.11219378e+07,2.84821345e+03,1.18490986e-01,5.83285963e-07,5.99953987e-01,2.81462132e-01
3.60360360e+00,4.89550978e+00,3.03396224e+02,1.11011375e+07,2.84665870e+03,1.18488067e-01,5.83271596e-07,5.99939209e-01,2.81455199e-01
3.70370370e+00,4.89261749e+00,3.02066487e+02,1.11048638e+07,2.84840779e+03,1.18525081e-01,5.83453801e-07,6.00126621e-01,2.81543121e-01
3.80380380e+00,4.89339396e+00,3.02206971e+02,1.11184092e+07,2.85065065e+03,1.18557472e-01,5.83613248e-07,6.00290624e-01,2.81620061e-01
3.90390390e+00,4.89468145e+00,3.04121143e+02,1.11301492e+07,2.85237414e+03,1.18579746e-01,5.83722897e-07,6.00403406e-01,2.81672972e-01
4.00400400e+00,4.90085943e+00,3.04733116e+02,1.11267841e+07,2.84952242e+03,1.18512946e-01,5.83394063e-07,6.00065175e-01,2.81514294e-01
4.10410410e+00,4.90725858e+00,3.03325027e+02,1.11610418e+07,2.85357843e+03,1.18554061e-01,5.83596461e-07,6.00273353e-01,2.81611959e-01
4.20420420e+00,4.90701510e+00,3.01645914e+02,1.11540386e+07,2.85239121e+03,1.18534866e-01,5.83501989e-07,6.00176164e-01,2.81566364e-01
4.30430430e+00,4.90151806e+00,3.00346911e+02,1.11378339e+07,2.85139258e+03,1.18536901e-01,5.83512037e-07,6.00186468e-01,2.81571198e-01
4.40440440e+00,4.89786341e+00,3.00209635e+02,1.11267841e+07,2.85069997e+03,1.18536455e-01,5.83509805e-07,6.00184212e-01,2.81570139e-01
4.50450450e+00,4.89715054e+00,3.00703514e+02,1.11306160e+07,2.85169224e+03,1.18553272e-01,5.83592244e-07,6.00269361e-01,2.81610086e-01
4.60460460e+00,4.89596581e+00,3.02625346e+02,1.11303906e+07,2.85210418e+03,1.18562432e-01,5.83637149e-07,6.00315741e-01,2.81631845e-01
4.70470470e+00,4.89650595e+00,3.05342306e+02,1.11289756e+07,2.85167852e+03,1.18551975e-01,5.83591347e-07,6.00262793e-01,2.81607005e-01
4.80480480e+00,4.90116302e+00,3.06785069e+02,1.11353168e+07,2.85121625e+03,1.18526027e-01,5.83501760e-07,6.00131409e-01,2.81545368e-01
4.90490490e+00,4.90521806e+00,3.06581055e+02,1.11349196e+07,2.84963461e+03,1.18489549e-01,5.83482881e-07,5.99946712e-01,2.81458719e-01
5.00500501e+00,4.90777764e+00,3.05701154e+02,1.11369371e+07,2.84899144e+03,1.18475951e-01,5.83938531e-07,5.99877859e-01,2.81426416e-01
5.10510511e+00,4.90734221e+00,3.04160497e+02,1.11228945e+07,2.84619580e+03,1.18453298e-01,5.85209837e-07,5.99763162e-01,2.81372606e-01
5.20520521e+00,4.90425305e+00,3.02441035e+02,1.11186642e+07,2.84573722e+03,1.18501926e-01,5.88505057e-07,6.00009375e-01,2.81488111e-01
5.30530531e+00,4.90658177e+00,3.02304591e+02,1.11115819e+07,2.84257479e+03,1.18501926e-01,5.94243815e-07,6.00009375e-01,2.81488104e-01
5.40540541e+00,4.91714036e+00,3.01766736e+02,1.11184647e+07,2.83822788e+03,1.18501928e-01,6.03590238e-07,6.00009375e-01,2.81488094e-01
5.50550551e+00,4.93196820e+00,3.02132227e+02,1.11199862e+07,2.83008205e+03,1.18501929e-01,6.16988240e-07,6.00009375e-01,2.81488079e-01
5.60560561e+00,4.95443992e+00,3.03071657e+02,1.11231669e+07,2.81805153e+03,1.18501931e-01,6.34123759e-07,6.00009375e-01,2.81488059e-01
5.70570571e+00,4.98796340e+00,3.04265707e+02,1.11262770e+07,2.79989438e+03,1.18501934e-01,6.53916656e-07,6.00009375e-01,2.81488037e-01
5.80580581e+00,5.03463929e+00,3.05032677e+02,1.11262654e+07,2.77393380e+03,1.18501937e-01,6.74863093e-07,6.00009375e-01,2.81488013e-01
5.90590591e+00,5.09903000e+00,3.05084370e+02,1.11251515e+07,2.73863026e+03,1.18501939e-01,6.95603631e-07,6.00009375e-01,2.81487990e-01
6.00600601e+00,5.18522835e+00,3.04752640e+02,1.11201775e+07,2.69189964e+03,1.18501942e-01,7.15380940e-07,6.00009375e-01,2.81487968e-01
6.10610611e+00,5.29662501e+00,3.04018883e+02,1.11125462e+07,2.63347609e+03,1.18501944e-01,7.34013162e-07,6.00009375e-01,2.81487947e-01
6.20620621e+00,5.43303728e+00,3.03744815e+02,1.11328127e+07,2.57028290e+03,1.18582827e-01,7.51954092e-07,6.00418898e-01,2.81680050e-01
6.30630631e+00,5.57135143e+00,3.04110668e+02,1.11028159e+07,2.50142570e+03,1.18501948e-01,7.67190149e-07,6.00009375e-01,2.81487909e-01
6.40640641e+00,5.68077517e+00,3.04035183e+02,1.11058997e+07,2.45392433e+03,1.18501950e-01,7.80193809e-07,6.00009375e-01,2.81487895e-01
6.50650651e+00,5.76278325e+00,3.04342851e+02,1.11132419e+07,2.42060264e+03,1.18501951e-01,7.88867942e-07,6.00009375e-01,2.81487885e-01
6.60660661e+00,5.82136651e+00,3.04423060e+02,1.11208006e+07,2.39787274e+03,1.18501951e-01,7.91638953e-07,6.00009375e-01,2.81487882e-01
6.70670671e+00,5.86095932e+00,3.04207897e+02,1.11260961e+07,2.38280839e+03,1.18501951e-01,7.87571985e-07,6.00009375e-01,2.81487886e-01
6.80680681e+00,5.88633835e+00,3.03948140e+02,1.11290200e+07,2.37315839e+03,1.18501949e-01,7.76762773e-07,6.00009375e-01,2.81487899e-01
6.90690691e+00,5.90128320e+00,3.03712946e+02,1.11292477e+07,2.36719687e+03,1.18501947e-01,7.60352859e-07,6.00009375e-01,2.81487917e-01
7.00700701e+00,5.90878916e+00,3.03673892e+02,1.11275462e+07,2.36382837e+03,1.18501945e-01,7.40194939e-07,6.00009375e-01,2.81487940e-01
7.10710711e+00,5.91171745e+00,3.03776218e+02,1.11248580e+07,2.36208673e+03,1.18501942e-01,7.18358697e-07,6.00009375e-01,2.81487964e-01
7.20720721e+00,5.91270211e+00,3.03896630e+02,1.11226819e+07,2.36123141e+03,1.18501939e-01,6.96685387e-07,6.00009375e-01,2.81487989e-01
7.30730731e+00,5.91288715e+00,3.03744790e+02,1.11213799e+07,2.36088114e+03,1.18501937e-01,6.76574801e-07,6.00009375e-01,2.81488011e-01
7.40740741e+00,5.91422076e+00,3.03073055e+02,1.11250169e+07,2.36112070e+03,1.18501935e-01,6.58827005e-07,6.00009375e-01,2.81488031e-01
7.50750751e+00,5.91349043e+00,3.02455634e+02,1.11243986e+07,2.36128107e+03,1.18501933e-01,6.43678730e-07,6.00009375e-01,2.81488049e-01
7.60760761e+00,5.91100754e+00,3.03057917e+02,1.11197368e+07,2.36128298e+03,1.18501931e-01,6.31186436e-07,6.00009375e-01,2.81488063e-01
7.70770771e+00,5.90864777e+00,3.03774934e+02,1.11157551e+07,2.36138017e+03,1.18501930e-01,6.21170602e-07,6.00009375e-01,2.81488074e-01
7.80780781e+00,5.90672859e+00,3.03668158e+02,1.11323921e+07,2.36453787e+03,1.18559312e-01,6.13591706e-07,6.00299923e-01,2.81624390e-01
7.90790791e+00,5.90816671e+00,3.03316647e+02,1.11231501e+07,2.36283743e+03,1.18517281e-01,6.07369025e-07,6.00087109e-01,2.81524558e-01
8.00800801e+00,5.91271007e+00,3.01839048e+02,1.11472931e+07,2.36552913e+03,1.18548209e-01,6.03161960e-07,6.00243713e-01,2.81598032e-01
8.10810811e+00,5.91509468e+00,3.02363714e+02,1.11389747e+07,2.36373379e+03,1.18501927e-01,6.00027743e-07,6.00009375e-01,2.81488098e-01
8.20820821e+00,5.91174371e+00,3.02785218e+02,1.11309911e+07,2.36337853e+03,1.18501927e-01,5.98464174e-07,6.00009375e-01,2.81488099e-01
8.30830831e+00,5.90473560e+00,3.04216215e+02,1.11199158e+07,2.36345406e+03,1.18520736e-01,5.98226157e-07,6.00104610e-01,2.81532778e-01
8.40840841e+00,5.90610803e+00,3.04903403e+02,1.11232848e+07,2.36366356e+03,1.18518589e-01,5.99029907e-07,6.00093740e-01,2.81527678e-01
8.50850851e+00,5.90902466e+00,3.04370633e+02,1.11257439e+07,2.36336012e+03,1.18501491e-01,6.00833716e-07,6.00007165e-01,2.81487060e-01
8.60860861e+00,5.90988896e+00,3.03953493e+02,1.11335258e+07,2.36436628e+03,1.18516579e-01,6.03811968e-07,6.00083557e-01,2.81522895e-01
8.70870871e+00,5.90882789e+00,3.04185904e+02,1.11262174e+07,2.36352345e+03,1.18502291e-01,6.07565117e-07,6.00011214e-01,2.81488952e-01
8.80880881e+00,5.90654116e+00,3.04388367e+02,1.11192444e+07,2.36304928e+03,1.18497648e-01,6.12143635e-07,5.99987698e-01,2.81477914e-01
8.90890891e+00,5.90647682e+00,3.05093096e+02,1.11157286e+07,2.36256180e+03,1.18485913e-01,6.17223110e-07,5.99928280e-01,2.81450033e-01
9.00900901e+00,5.91388287e+00,3.03601638e+02,1.11192978e+07,2.36130400e+03,1.18438584e-01,6.22363459e-07,5.99688637e-01,2.81337601e-01
9.10910911e+00,5.92629201e+00,3.00694242e+02,1.11681727e+07,2.36579529e+03,1.18484729e-01,6.27981438e-07,5.99922278e-01,2.81447205e-01
9.20920921e+00,5.92492342e+00,2.98358447e+02,1.11754294e+07,2.36731040e+03,1.18513205e-01,6.33328402e-07,6.00066456e-01,2.81514839e-01
9.30930931e+00,5.91064380e+00,3.01395566e+02,1.11704538e+07,2.37016764e+03,1.18603482e-01,6.38730137e-07,6.00523552e-01,2.81729275e-01
9.40940941e+00,5.89288634e+00,3.05236573e+02,1.10861497e+07,2.36171195e+03,1.18485778e-01,6.42668480e-07,5.99927579e-01,2.81449676e-01
9.50950951e+00,5.89402175e+00,3.06745194e+02,1.10949393e+07,2.36290096e+03,1.18497218e-01,6.46877602e-07,5.99985503e-01,2.81476845e-01
9.60960961e+00,5.89915019e+00,3.05846064e+02,1.11113507e+07,2.36429494e+03,1.18499421e-01,6.50547583e-07,5.99996652e-01,2.81482072e-01
9.70970971e+00,5.90293603e+00,3.05488580e+02,1.11276309e+07,2.36595639e+03,1.18513651e-01,6.53745657e-07,6.00068704e-01,2.81515871e-01
9.80980981e+00,5.90519172e+00,3.05132993e+02,1.11306544e+07,2.36589527e+03,1.18503632e-01,6.56271463e-07,6.00017972e-01,2.81492067e-01
9.90990991e+00,5.90789694e+00,3.04089247e+02,1.11339925e+07,2.36573706e+03,1.18492816e-01,6.58288093e-07,5.99963204e-01,2.81466371e-01
1.00100100e+01,5.91245337e+00,3.02049542e+02,1.11421338e+07,2.36581949e+03,1.18483948e-01,6.59870091e-07,5.99918301e-01,2.81445304e-01
1.01101101e+01,5.91597611e+00,3.00936109e+02,1.11639261e+07,2.36821312e+03,1.18525075e-01,6.61356858e-07,6.00126538e-01,2.81542995e-01
1.02102102e+01,5.91548003e+00,3.01008820e+02,1.11686238e+07,2.36898722e+03,1.18546145e-01,6.62425900e-07,6.00233223e-01,2.81593044e-01
1.03103103e+01,5.90725210e+00,3.03139638e+02,1.11535218e+07,2.36865816e+03,1.18567212e-01,6.63248358e-07,6.00339890e-01,2.81643085e-01
1.04104104e+01,5.89593393e+00,3.06228542e+02,1.11145767e+07,2.36545071e+03,1.18540539e-01,6.63631779e-07,6.00204835e-01,2.81579724e-01
1.05105105e+01,5.89560975e+00,3.07591986e+02,1.10877040e+07,2.36139484e+03,1.18463557e-01,6.63660694e-07,5.99815055e-01,2.81396863e-01
1.06106106e+01,5.90456291e+00,3.04312433e+02,1.11069057e+07,2.36215944e+03,1.18450420e-01,6.64077950e-07,5.99748541e-01,2.81365658e-01
1.07107107e+01,5.90674399e+00,3.02114168e+02,1.11368742e+07,2.36627313e+03,1.18519763e-01,6.65078223e-07,6.00099644e-01,2.81530373e-01
1.08108108e+01,5.90346010e+00,3.03314957e+02,1.11353649e+07,2.36688881e+03,1.18538778e-01,6.65996711e-07,6.00195918e-01,2.81575538e-01
1.09109109e+01,5.89979245e+00,3.04877914e+02,1.11090099e+07,2.36375585e+03,1.18488577e-01,6.66797113e-07,5.99941739e-01,2.81456291e-01
1.10110110e+01,5.90704823e+00,3.03895352e+02,1.11127597e+07,2.36252863e+03,1.18444476e-01,6.67935258e-07,5.99718440e-01,2.81351532e-01
1.11111111e+01,5.91955302e+00,3.01162043e+02,1.11657331e+07,2.36757493e+03,1.18504564e-01,6.69928532e-07,6.00022683e-01,2.81494262e-01
1.12112112e+01,5.92100303e+00,3.01706049e+02,1.11951602e+07,2.37171640e+03,1.18580358e-01,6.72151043e-07,6.00406446e-01,2.81674299e-01
1.13113113e+01,5.90924118e+00,3.05940405e+02,1.11602812e+07,2.36927501e+03,1.18568256e-01,6.73821624e-07,6.00345170e-01,2.81645549e-01
1.14114114e+01,5.90951721e+00,3.09018704e+02,1.11404924e+07,2.36615810e+03,1.18508393e-01,6.74991065e-07,6.00042067e-01,2.81503350e-01
1.15115115e+01,5.91769402e+00,3.07312941e+02,1.11598271e+07,2.36710331e+03,1.18502696e-01,6.76177368e-07,6.00013221e-01,2.81489816e-01
1.16116116e+01,5.92175886e+00,3.07890140e+02,1.11939872e+07,2.37137045e+03,1.18570096e-01,6.77531956e-07,6.00354483e-01,2.81649915e-01
1.17117117e+01,5.91424208e+00,3.11872429e+02,1.11659976e+07,2.36896215e+03,1.18544333e-01,6.78182906e-07,6.00224039e-01,2.81588717e-01
1.18118118e+01,5.91847506e+00,3.16765390e+02,1.11706424e+07,2.36870613e+03,1.18521634e-01,6.78727877e-07,6.00109105e-01,2.81534796e-01
1.19119119e+01,5.94217642e+00,3.17092548e+02,1.12284224e+07,2.37185556e+03,1.18501937e-01,6.79159162e-07,6.00009375e-01,2.81488009e-01
1.20120120e+01,5.97262457e+00,3.19249537e+02,1.13350961e+07,2.38063716e+03,1.18578859e-01,6.79966661e-07,6.00398852e-01,2.81670727e-01
1.21121121e+01,6.00481262e+00,3.24804164e+02,1.13953737e+07,2.38177170e+03,1.18513949e-01,6.79771380e-07,6.00070192e-01,2.81516539e-01
1.22122122e+01,6.03646036e+00,3.33515861e+02,1.14779635e+07,2.38636398e+03,1.18518539e-01,6.79858536e-07,6.00093432e-01,2.81527442e-01
1.23123123e+01,6.06009581e+00,3.46096055e+02,1.15339981e+07,2.38899600e+03,1.18501937e-01,6.79831481e-07,6.00009375e-01,2.81488008e-01
1.24124124e+01,6.08819042e+00,3.59589570e+02,1.16015060e+07,2.39230235e+03,1.18481505e-01,6.79883486e-07,5.99905919e-01,2.81439472e-01
1.25125125e+01,6.13458176e+00,3.68881557e+02,1.17477925e+07,2.40282147e+03,1.18546924e-01,6.80537419e-07,6.00237156e-01,2.81594868e-01
1.26126126e+01,6.19667305e+00,3.78538356e+02,1.19209363e+07,2.41323603e+03,1.18574819e-01,6.80998925e-07,6.00378394e-01,2.81661128e-01
1.27127127e+01,6.25677705e+00,3.92580259e+02,1.20835394e+07,2.42243228e+03,1.18585701e-01,6.81256891e-07,6.00433495e-01,2.81686978e-01
1.28128128e+01,6.30982129e+00,4.10759800e+02,1.22257843e+07,2.43036764e+03,1.18584569e-01,6.81277722e-07,6.00427765e-01,2.81684290e-01
1.29129129e+01,6.36174693e+00,4.31859216e+02,1.23518602e+07,2.43613335e+03,1.18548321e-01,6.80984518e-07,6.00244229e-01,2.81598186e-01
1.30130130e+01,6.43263653e+00,4.50801407e+02,1.25376309e+07,2.44580730e+03,1.18534485e-01,6.80808373e-07,6.00174173e-01,2.81565320e-01
1.31131131e+01,6.51884042e+00,4.65355054e+02,1.27803194e+07,2.45972043e+03,1.18556699e-01,6.80887010e-07,6.00286647e-01,2.81618086e-01
1.32132132e+01,6.60567262e+00,4.82311320e+02,1.30074956e+07,2.47089277e+03,1.18539537e-01,6.80755361e-07,6.00199755e-01,2.81577322e-01
1.33133133e+01,6.68323976e+00,5.01582110e+02,1.32351227e+07,2.48408557e+03,1.18580933e-01,6.80838884e-07,6.00409355e-01,2.81675653e-01
1.34134134e+01,6.75076344e+00,5.23849893e+02,1.34289456e+07,2.49490782e+03,1.18597356e-01,6.80507947e-07,6.00492509e-01,2.81714665e-01
1.35135135e+01,6.82773057e+00,5.46011028e+02,1.36230505e+07,2.50334250e+03,1.18554544e-01,6.79580517e-07,6.00275738e-01,2.81612970e-01
1.36136136e+01,6.91548687e+00,5.65842768e+02,1.38378370e+07,2.51189438e+03,1.18490781e-01,6.78426618e-07,5.99952890e-01,2.81461510e-01
1.37137137e+01,7.00910190e+00,5.84130188e+02,1.41004738e+07,2.52514528e+03,1.18501937e-01,6.77696951e-07,6.00009375e-01,2.81488010e-01
1.38138138e+01,7.09701004e+00,6.03591961e+02,1.43670398e+07,2.53985237e+03,1.18556095e-01,6.77253173e-07,6.00283595e-01,2.81616658e-01
1.39139139e+01,7.17882241e+00,6.23854883e+02,1.45707897e+07,2.54771383e+03,1.18500374e-01,6.76406197e-07,6.00001460e-01,2.81484298e-01
1.40140140e+01,7.25617735e+00,6.43883521e+02,1.47848244e+07,2.55780684e+03,1.18489816e-01,6.76239409e-07,5.99948002e-01,2.81459219e-01
1.41141141e+01,7.32588668e+00,6.62217568e+02,1.49863880e+07,2.56774452e+03,1.18501937e-01,6.76559709e-07,6.00009375e-01,2.81488011e-01
1.42142142e+01,7.38866367e+00,6.76690701e+02,1.51970796e+07,2.58008033e+03,1.18577284e-01,6.77464108e-07,6.00390879e-01,2.81666989e-01
1.43143143e+01,7.45566849e+00,6.87721222e+02,1.53577454e+07,2.58538830e+03,1.18510159e-01,6.77972054e-07,6.00051006e-01,2.81507541e-01
1.44144144e+01,7.50968550e+00,6.95424035e+02,1.55142670e+07,2.59293046e+03,1.18511127e-01,6.79210916e-07,6.00055908e-01,2.81509839e-01
1.45145145e+01,7.53890639e+00,7.06494970e+02,1.55940928e+07,2.59637130e+03,1.18501937e-01,6.80148734e-07,6.00009375e-01,2.81488007e-01
1.46146146e+01,7.54979301e+00,7.15997023e+02,1.56601020e+07,2.60184155e+03,1.18582113e-01,6.81190424e-07,6.00415325e-01,2.81678454e-01
1.47147147e+01,7.57035612e+00,7.23100408e+02,1.56940842e+07,2.60154117e+03,1.18530319e-01,6.81759209e-07,6.00153078e-01,2.81555423e-01
1.48148148e+01,7.59575223e+00,7.20691756e+02,1.57343988e+07,2.60117842e+03,1.18453994e-01,6.81846028e-07,5.99766624e-01,2.81374121e-01
1.49149149e+01,7.61274716e+00,7.16283417e+02,1.57967928e+07,2.60489675e+03,1.18488851e-01,6.81361141e-07,5.99943114e-01,2.81456920e-01
1.50150150e+01,7.59839071e+00,7.15836375e+02,1.57894693e+07,2.60714672e+03,1.18555287e-01,6.80808488e-07,6.00279501e-01,2.81614734e-01
1.51151151e+01,7.56924215e+00,7.20783879e+02,1.56738144e+07,2.59938845e+03,1.18492702e-01,6.80867329e-07,5.99962613e-01,2.81466069e-01
1.52152152e+01,7.56768359e+00,7.23259550e+02,1.56729872e+07,2.59964449e+03,1.18499179e-01,6.79386778e-07,5.99995408e-01,2.81481456e-01
1.53153153e+01,7.58375008e+00,7.20062366e+02,1.56848308e+07,2.59757969e+03,1.18431555e-01,6.75824206e-07,5.99653013e-01,2.81320828e-01
1.54154154e+01,7.60413971e+00,7.13353765e+02,1.57759499e+07,2.60415052e+03,1.18500405e-01,6.75135964e-07,6.00001619e-01,2.81484374e-01
1.55155155e+01,7.58866493e+00,7.11729499e+02,1.57636478e+07,2.60607086e+03,1.18562026e-01,6.77233808e-07,6.00313625e-01,2.81630747e-01
1.56156156e+01,7.55789340e+00,7.16409318e+02,1.56326702e+07,2.59674509e+03,1.18479596e-01,6.70385528e-07,5.99896263e-01,2.81434953e-01
1.57157157e+01,7.55024310e+00,7.18702137e+02,1.56478413e+07,2.60022391e+03,1.18555916e-01,6.66855698e-07,6.00282696e-01,2.81616248e-01
1.58158158e+01,7.56159927e+00,7.19253375e+02,1.56053761e+07,2.59263472e+03,1.18402190e-01,6.69025047e-07,5.99504330e-01,2.81251083e-01
1.59159159e+01,7.59564928e+00,7.11161602e+02,1.57432550e+07,2.60179043e+03,1.18494392e-01,6.72810967e-07,5.99971177e-01,2.81470096e-01
1.60160160e+01,7.59102585e+00,7.06789384e+02,1.57174954e+07,2.59952985e+03,1.18475497e-01,6.51703879e-07,5.99875518e-01,2.81425242e-01
1.61161161e+01,7.57910954e+00,7.07128504e+02,1.57389480e+07,2.60505651e+03,1.18571646e-01,6.59875365e-07,6.00362343e-01,2.81653622e-01
1.62162162e+01,7.55591489e+00,7.13489761e+02,1.56551547e+07,2.60067058e+03,1.18501936e-01,6.72948423e-07,6.00009375e-01,2.81488016e-01
1.63163163e+01,7.54778619e+00,7.20073135e+02,1.56377314e+07,2.59976894e+03,1.18538627e-01,6.77227126e-07,6.00195150e-01,2.81575165e-01
1.64164164e+01,7.56080244e+00,7.22446968e+02,1.56171804e+07,2.59268510e+03,1.18501937e-01,6.81200632e-07,6.00009375e-01,2.81488006e-01
1.65165165e+01,7.58957883e+00,7.14199134e+02,1.57026443e+07,2.59786820e+03,1.18462020e-01,2.68688190e-06,5.99805981e-01,2.81390327e-01
1.66166166e+01,7.59001206e+00,7.10907599e+02,1.57791109e+07,2.60943202e+03,1.18510044e-01,6.50193884e-05,6.00009373e-01,2.81415564e-01
1.67167167e+01,7.57632361e+00,7.07936729e+02,1.56975416e+07,2.59948091e+03,1.18681290e-01,1.42419952e-03,6.00009322e-01,2.79885189e-01
1.68168168e+01,7.45641918e+00,6.59162770e+02,1.43596033e+07,2.39172413e+03,1.22631005e-01,3.27729819e-02,6.00008146e-01,2.44587867e-01
1.69169169e+01,6.70094976e+00,3.16324405e+02,5.34288056e+06,9.29990418e+02,1.47930121e-01,2.33571420e-01,6.00000616e-01,1.84978430e-02
1.70170170e+01,5.91483415e+00,2.54020162e+01,3.13133397e+06,6.14446181e+02,1.49986504e-01,2.49892881e-01,6.00000004e-01,1.20611232e-04
1.71171171e+01,5.80926759e+00,9.92195158e-01,3.00111703e+06,5.99817589e+02,1.49939691e-01,2.49899467e-01,5.99758777e-01,2.66959007e-08
1.72172172e+01,5.80321684e+00,9.27615594e-03,2.99996006e+06,5.99981865e+02,1.49997084e-01,2.49995140e-01,5.99988336e-01,9.89623809e-14
1.73173173e+01,5.80300774e+00,-6.64680322e-04,2.99999581e+06,5.99999296e+02,1.49999919e-01,2.49999865e-01,5.99999675e-01,0.00000000e+00
1.74174174e+01,5.80300562e+00,-5.35779437e-05,2.99999986e+06,5.99999997e+02,1.50000001e-01,2.50000001e-01,6.00000003e-01,0.00000000e+00
1.75175175e+01,5.80300587e+00,-1.01710642e-06,3.00000000e+06,6.00000001e+02,1.50000000e-01,2.50000000e-01,6.00000001e-01,0.00000000e+00
1.76176176e+01,5.80300589e+00,3.17909036e-08,3.00000000e+06,6.00000000e+02,1.50000000e-01,2.50000000e-01,6.00000000e-01,0.00000000e+00
1.77177177e+01,5.80300589e+00,3.74388792e-09,3.00000000e+06,6.00000000e+02,1.50000000e-01,2.50000000e-01,6.00000000e-01,0.00000000e+00
1.78178178e+01,5.80300589e+00,1.22666374e-10,3.00000000e+06,6.00000000e+02,1.50000000e-01,2.50000000e-01,6.00000000e-01,0.00000000e+00
1.79179179e+01,5.80300589e+00,-5.28489223e-13,3.00000000e+06,6.00000000e+02,1.50000000e-01,2.50000000e-01,6.00000000e-01,0.00000000e+00
1.80180180e+01,5.80300589e+00,-1.64788804e-13,3.00000000e+06,6.00000000e+02,1.50000000e-01,2.50000000e-01,6.00000000e-01,0.00000000e+00
1.81181181e+01,5.80300589e+00,0.00000000e+00,3.00000000e+06,6.00000000e+02,1.50000000e-01,2.50000000e-01,6.00000000e-01,0.00000000e+00
1.82182182e+01,5.80300589e+00,0.00000000e+00,3.00000000e+06,6.00000000e+02,1.50000000e-01,2.50000000e-01,6.00000000e-01,0.00000000e+00
1.83183183e+01,5.80300589e+00,0.00000000e+00,3.00000000e+06,6.00000000e+02,1.50000000e-01,2.50000000e-01,6.00000000e-01,0.00000000e+00
1.84184184e+01,5.80300589e+00,0.00000000e+00,3.00000000e+06,6.00000000e+02,1.50000000e-01,2.50000000e-01,6.00000000e-01,0.00000000e+00
1.85185185e+01,5.80300589e+00,0.00000000e+00,3.00000000e+06,6.00000000e+02,1.50000000e-01,2.50000000e-01,6.00000000e-01,0.00000000e+00
1.86186186e+01,5.80300589e+00,0.00000000e+00,3.00000000e+06,6.00000000e+02,1.50000000e-01,2.50000000e-01,6.00000000e-01,0.00000000e+00
1.87187187e+01,5.80300589e+00,0.00000000e+00,3.00000000e+06,6.00000000e+02,1.50000000e-01,2.50000000e-01,6.00000000e-01,0.00000000e+00
1.88188188e+01,5.80300589e+00,0.00000000e+00,3.00000000e+06,6.00000000e+02,1.50000000e-01,2.50000000e-01,6.00000000e-01,0.00000000e+00
1.89189189e+01,5.80300589e+00,0.00000000e+00,3.00000000e+06,6.00000000e+02,1.50000000e-01,2.50000000e-01,6.00000000e-01,0.00000000e+00
1.90190190e+01,5.80300589e+00,0.00000000e+00,3.00000000e+06,6.00000000e+02,1.50000000e-01,2.50000000e-01,6.00000000e-01,0.00000000e+00
1.91191191e+01,5.80300589e+00,0.00000000e+00,3.00000000e+06,6.00000000e+02,1.50000000e-01,2.50000000e-01,6.00000000e-01,0.00000000e+00
1.92192192e+01,5.80300589e+00,0.00000000e+00,3.00000000e+06,6.00000000e+02,1.50000000e-01,2.50000000e-01,6.00000000e-01,0.00000000e+00
1.93193193e+01,5.80300589e+00,0.00000000e+00,3.00000000e+06,6.00000000e+02,1.50000000e-01,2.50000000e-01,6.00000000e-01,0.00000000e+00
1.94194194e+01,5.80300589e+00,0.00000000e+00,3.00000000e+06,6.00000000e+02,1.50000000e-01,2.50000000e-01,6.00000000e-01,0.00000000e+00
1.95195195e+01,5.80300589e+00,0.00000000e+00,3.00000000e+06,6.00000000e+02,1.50000000e-01,2.50000000e-01,6.00000000e-01,0.00000000e+00
1.96196196e+01,5.80300589e+00,0.00000000e+00,3.00000000e+06,6.00000000e+02,1.50000000e-01,2.50000000e-01,6.00000000e-01,0.00000000e+00
1.97197197e+01,5.80300589e+00,0.00000000e+00,3.00000000e+06,6.00000000e+02,1.50000000e-01,2.50000000e-01,6.00000000e-01,0.00000000e+00
1.98198198e+01,5.80300589e+00,0.00000000e+00,3.00000000e+06,6.00000000e+02,1.50000000e-01,2.50000000e-01,6.00000000e-01,0.00000000e+00
1.99199199e+01,5.80300589e+00,0.00000000e+00,3.00000000e+06,6.00000000e+02,1.50000000e-01,2.50000000e-01,6.00000000e-01,0.00000000e+00
2.00200200e+01,5.80300589e+00,0.00000000e+00,3.00000000e+06,6.00000000e+02,1.50000000e-01,2.50000000e-01,6.00000000e-01,0.00000000e+00
2.01201201e+01,5.80300589e+00,0.00000000e+00,3.00000000e+06,6.00000000e+02,1.50000000e-01,2.50000000e-01,6.00000000e-01,0.00000000e+00
2.02202202e+01,5.80300589e+00,0.00000000e+00,3.00000000e+06,6.00000000e+02,1.50000000e-01,2.50000000e-01,6.00000000e-01,0.00000000e+00
2.03203203e+01,5.80300589e+00,0.00000000e+00,3.00000000e+06,6.00000000e+02,1.50000000e-01,2.50000000e-01,6.00000000e-01,0.00000000e+00
2.04204204e+01,5.80300589e+00,0.00000000e+00,3.00000000e+06,6.00000000e+02,1.50000000e-01,2.50000000e-01,6.00000000e-01,0.00000000e+00
2.05205205e+01,5.80300589e+00,0.00000000e+00,3.00000000e+06,6.00000000e+02,1.50000000e-01,2.50000000e-01,6.00000000e-01,0.00000000e+00
2.06206206e+01,5.80300589e+00,0.00000000e+00,3.00000000e+06,6.00000000e+02,1.50000000e-01,2.50000000e-01,6.00000000e-01,0.00000000e+00
2.07207207e+01,5.80300589e+00,0.00000000e+00,3.00000000e+06,6.00000000e+02,1.50000000e-01,2.50000000e-01,6.00000000e-01,0.00000000e+00
2.08208208e+01,5.80300589e+00,0.00000000e+00,3.00000000e+06,6.00000000e+02,1.50000000e-01,2.50000000e-01,6.00000000e-01,0.00000000e+00
2.09209209e+01,5.80300589e+00,0.00000000e+00,3.00000000e+06,6.00000000e+02,1.50000000e-01,2.50000000e-01,6.00000000e-01,0.00000000e+00
2.10210210e+01,5.80300589e+00,0.00000000e+00,3.00000000e+06,6.00000000e+02,1.50000000e-01,2.50000000e-01,6.00000000e-01,0.00000000e+00
2.11211211e+01,5.80300589e+00,0.00000000e+00,3.00000000e+06,6.00000000e+02,1.50000000e-01,2.50000000e-01,6.00000000e-01,0.00000000e+00
2.12212212e+01,5.80300589e+00,0.00000000e+00,3.00000000e+06,6.00000000e+02,1.50000000e-01,2.50000000e-01,6.00000000e-01,0.00000000e+00
2.13213213e+01,5.80300589e+00,0.00000000e+00,3.00000000e+06,6.00000000e+02,1.50000000e-01,2.50000000e-01,6.00000000e-01,0.00000000e+00
2.14214214e+01,5.80300589e+00,0.00000000e+00,3.00000000e+06,6.00000000e+02,1.50000000e-01,2.50000000e-01,6.00000000e-01,0.00000000e+00
2.15215215e+01,5.80300589e+00,0.00000000e+00,3.00000000e+06,6.00000000e+02,1.50000000e-01,2.50000000e-01,6.00000000e-01,0.00000000e+00
2.16216216e+01,5.80300589e+00,0.00000000e+00,3.00000000e+06,6.00000000e+02,1.50000000e-01,2.50000000e-01,6.00000000e-01,0.00000000e+00
2.17217217e+01,5.80300589e+00,0.00000000e+00,3.00000000e+06,6.00000000e+02,1.50000000e-01,2.50000000e-01,6.00000000e-01,0.00000000e+00
2.18218218e+01,5.80300589e+00,0.00000000e+00,3.00000000e+06,6.00000000e+02,1.50000000e-01,2.50000000e-01,6.00000000e-01,0.00000000e+00
2.19219219e+01,5.80300589e+00,0.00000000e+00,3.00000000e+06,6.00000000e+02,1.50000000e-01,2.50000000e-01,6.00000000e-01,0.00000000e+00
2.20220220e+01,5.80300589e+00,0.00000000e+00,3.00000000e+06,6.00000000e+02,1.50000000e-01,2.50000000e-01,6.00000000e-01,0.00000000e+00
2.21221221e+01,5.80300589e+00,0.00000000e+00,3.00000000e+06,6.00000000e+02,1.50000000e-01,2.50000000e-01,6.00000000e-01,0.00000000e+00
2.22222222e+01,5.80300589e+00,0.00000000e+00,3.00000000e+06,6.00000000e+02,1.50000000e-01,2.50000000e-01,6.00000000e-01,0.00000000e+00
2.23223223e+01,5.80300589e+00,0.00000000e+00,3.00000000e+06,6.00000000e+02,1.50000000e-01,2.50000000e-01,6.00000000e-01,0.00000000e+00
2.24224224e+01,5.80300589e+00,0.00000000e+00,3.00000000e+06,6.00000000e+02,1.50000000e-01,2.50000000e-01,6.00000000e-01,0.00000000e+00
2.25225225e+01,5.80300589e+00,0.00000000e+00,3.00000000e+06,6.00000000e+02,1.50000000e-01,2.50000000e-01,6.00000000e-01,0.00000000e+00
2.26226226e+01,5.80300589e+00,0.00000000e+00,3.00000000e+06,6.00000000e+02,1.50000000e-01,2.50000000e-01,6.00000000e-01,0.00000000e+00
2.27227227e+01,5.80300589e+00,0.00000000e+00,3.00000000e+06,6.00000000e+02,1.50000000e-01,2.50000000e-01,6.00000000e-01,0.00000000e+00
2.28228228e+01,5.80300589e+00,0.00000000e+00,3.00000000e+06,6.00000000e+02,1.50000000e-01,2.50000000e-01,6.00000000e-01,0.00000000e+00
2.29229229e+01,5.80300589e+00,0.00000000e+00,3.00000000e+06,6.00000000e+02,1.50000000e-01,2.50000000e-01,6.00000000e-01,0.00000000e+00
2.30230230e+01,5.80300589e+00,0.00000000e+00,3.00000000e+06,6.00000000e+02,1.50000000e-01,2.50000000e-01,6.00000000e-01,0.00000000e+00
2.31231231e+01,5.80300589e+00,0.00000000e+00,3.00000000e+06,6.00000000e+02,1.50000000e-01,2.50000000e-01,6.00000000e-01,0.00000000e+00
2.32232232e+01,5.80300589e+00,0.00000000e+00,3.00000000e+06,6.00000000e+02,1.50000000e-01,2.50000000e-01,6.00000000e-01,0.00000000e+00
2.33233233e+01,5.80300589e+00,0.00000000e+00,3.00000000e+06,6.00000000e+02,1.50000000e-01,2.50000000e-01,6.00000000e-01,0.00000000e+00
2.34234234e+01,5.80300589e+00,0.00000000e+00,3.00000000e+06,6.00000000e+02,1.50000000e-01,2.50000000e-01,6.00000000e-01,0.00000000e+00
2.35235235e+01,5.80300589e+00,0.00000000e+00,3.00000000e+06,6.00000000e+02,1.50000000e-01,2.50000000e-01,6.00000000e-01,0.00000000e+00
2.36236236e+01,5.80300589e+00,0.00000000e+00,3.00000000e+06,6.00000000e+02,1.50000000e-01,2.50000000e-01,6.00000000e-01,0.00000000e+00
2.37237237e+01,5.80300589e+00,0.00000000e+00,3.00000000e+06,6.00000000e+02,1.50000000e-01,2.50000000e-01,6.00000000e-01,0.00000000e+00
2.38238238e+01,5.80300589e+00,0.00000000e+00,3.00000000e+06,6.00000000e+02,1.50000000e-01,2.50000000e-01,6.00000000e-01,0.00000000e+00
2.39239239e+01,5.80300589e+00,0.00000000e+00,3.00000000e+06,6.00000000e+02,1.50000000e-01,2.50000000e-01,6.00000000e-01,0.00000000e+00
2.40240240e+01,5.80300589e+00,0.00000000e+00,3.00000000e+06,6.00000000e+02,1.50000000e-01,2.50000000e-01,6.00000000e-01,0.00000000e+00
2.41241241e+01,5.80300589e+00,0.00000000e+00,3.00000000e+06,6.00000000e+02,1.50000000e-01,2.50000000e-01,6.00000000e-01,0.00000000e+00
2.42242242e+01,5.80300589e+00,0.00000000e+00,3.00000000e+06,6.00000000e+02,1.50000000e-01,2.50000000e-01,6.00000000e-01,0.00000000e+00
2.43243243e+01,5.80300589e+00,0.00000000e+00,3.00000000e+06,6.00000000e+02,1.50000000e-01,2.50000000e-01,6.00000000e-01,0.00000000e+00
2.44244244e+01,5.80300589e+00,0.00000000e+00,3.00000000e+06,6.00000000e+02,1.50000000e-01,2.50000000e-01,6.00000000e-01,0.00000000e+00
2.45245245e+01,5.80300589e+00,0.00000000e+00,3.00000000e+06,6.00000000e+02,1.50000000e-01,2.50000000e-01,6.00000000e-01,0.00000000e+00
2.46246246e+01,5.80300589e+00,0.00000000e+00,3.00000000e+06,6.00000000e+02,1.50000000e-01,2.50000000e-01,6.00000000e-01,0.00000000e+00
2.47247247e+01,5.80300589e+00,0.00000000e+00,3.00000000e+06,6.00000000e+02,1.50000000e-01,2.50000000e-01,6.00000000e-01,0.00000000e+00
2.48248248e+01,5.80300589e+00,0.00000000e+00,3.00000000e+06,6.00000000e+02,1.50000000e-01,2.50000000e-01,6.00000000e-01,0.00000000e+00
2.49249249e+01,5.80300589e+00,0.00000000e+00,3.00000000e+06,6.00000000e+02,1.50000000e-01,2.50000000e-01,6.00000000e-01,0.00000000e+00
2.50250250e+01,5.80300589e+00,0.00000000e+00,3.00000000e+06,6.00000000e+02,1.50000000e-01,2.50000000e-01,6.00000000e-01,0.00000000e+00
2.51251251e+01,5.80300589e+00,0.00000000e+00,3.00000000e+06,6.00000000e+02,1.50000000e-01,2.50000000e-01,6.00000000e-01,0.00000000e+00
2.52252252e+01,5.80300589e+00,0.00000000e+00,3.00000000e+06,6.00000000e+02,1.50000000e-01,2.50000000e-01,6.00000000e-01,0.00000000e+00
2.53253253e+01,5.80300589e+00,0.00000000e+00,3.00000000e+06,6.00000000e+02,1.50000000e-01,2.50000000e-01,6.00000000e-01,0.00000000e+00
2.54254254e+01,5.80300589e+00,0.00000000e+00,3.00000000e+06,6.00000000e+02,1.50000000e-01,2.50000000e-01,6.00000000e-01,0.00000000e+00
2.55255255e+01,5.80300589e+00,0.00000000e+00,3.00000000e+06,6.00000000e+02,1.50000000e-01,2.50000000e-01,6.00000000e-01,0.00000000e+00
2.56256256e+01,5.80300589e+00,0.00000000e+00,3.00000000e+06,6.00000000e+02,1.50000000e-01,2.50000000e-01,6.00000000e-01,0.00000000e+00
2.57257257e+01,5.80300589e+00,0.00000000e+00,3.00000000e+06,6.00000000e+02,1.50000000e-01,2.50000000e-01,6.00000000e-01,0.00000000e+00
2.58258258e+01,5.80300589e+00,0.00000000e+00,3.00000000e+06,6.00000000e+02,1.50000000e-01,2.50000000e-01,6.00000000e-01,0.00000000e+00
2.59259259e+01,5.80300589e+00,0.00000000e+00,3.00000000e+06,6.00000000e+02,1.50000000e-01,2.50000000e-01,6.00000000e-01,0.00000000e+00
2.60260260e+01,5.80300589e+00,0.00000000e+00,3.00000000e+06,6.00000000e+02,1.50000000e-01,2.50000000e-01,6.00000000e-01,0.00000000e+00
2.61261261e+01,5.80300589e+00,0.00000000e+00,3.00000000e+06,6.00000000e+02,1.50000000e-01,2.50000000e-01,6.00000000e-01,0.00000000e+00
2.62262262e+01,5.80300589e+00,0.00000000e+00,3.00000000e+06,6.00000000e+02,1.50000000e-01,2.50000000e-01,6.00000000e-01,0.00000000e+00
2.63263263e+01,5.80300589e+00,0.00000000e+00,3.00000000e+06,6.00000000e+02,1.50000000e-01,2.50000000e-01,6.00000000e-01,0.00000000e+00
2.64264264e+01,5.80300589e+00,0.00000000e+00,3.00000000e+06,6.00000000e+02,1.50000000e-01,2.50000000e-01,6.00000000e-01,0.00000000e+00
2.65265265e+01,5.80300589e+00,0.00000000e+00,3.00000000e+06,6.00000000e+02,1.50000000e-01,2.50000000e-01,6.00000000e-01,0.00000000e+00
2.66266266e+01,5.80300589e+00,0.00000000e+00,3.00000000e+06,6.00000000e+02,1.50000000e-01,2.50000000e-01,6.00000000e-01,0.00000000e+00
2.67267267e+01,5.80300589e+00,0.00000000e+00,3.00000000e+06,6.00000000e+02,1.50000000e-01,2.50000000e-01,6.00000000e-01,0.00000000e+00
2.68268268e+01,5.80300589e+00,0.00000000e+00,3.00000000e+06,6.00000000e+02,1.50000000e-01,2.50000000e-01,6.00000000e-01,0.00000000e+00
2.69269269e+01,5.80300589e+00,0.00000000e+00,3.00000000e+06,6.00000000e+02,1.50000000e-01,2.50000000e-01,6.00000000e-01,0.00000000e+00
2.70270270e+01,5.80300589e+00,0.00000000e+00,3.00000000e+06,6.00000000e+02,1.50000000e-01,2.50000000e-01,6.00000000e-01,0.00000000e+00
2.71271271e+01,5.80300589e+00,0.00000000e+00,3.00000000e+06,6.00000000e+02,1.50000000e-01,2.50000000e-01,6.00000000e-01,0.00000000e+00
2.72272272e+01,5.80300589e+00,0.00000000e+00,3.00000000e+06,6.00000000e+02,1.50000000e-01,2.50000000e-01,6.00000000e-01,0.00000000e+00
2.73273273e+01,5.80300589e+00,0.00000000e+00,3.00000000e+06,6.00000000e+02,1.50000000e-01,2.50000000e-01,6.00000000e-01,0.00000000e+00
2.74274274e+01,5.80300589e+00,0.00000000e+00,3.00000000e+06,6.00000000e+02,1.50000000e-01,2.50000000e-01,6.00000000e-01,0.00000000e+00
2.75275275e+01,5.80300589e+00,0.00000000e+00,3.00000000e+06,6.00000000e+02,1.50000000e-01,2.50000000e-01,6.00000000e-01,0.00000000e+00
2.76276276e+01,5.80300589e+00,0.00000000e+00,3.00000000e+06,6.00000000e+02,1.50000000e-01,2.50000000e-01,6.00000000e-01,0.00000000e+00
2.77277277e+01,5.80300589e+00,0.00000000e+00,3.00000000e+06,6.00000000e+02,1.50000000e-01,2.50000000e-01,6.00000000e-01,0.00000000e+00
2.78278278e+01,5.80300589e+00,0.00000000e+00,3.00000000e+06,6.00000000e+02,1.50000000e-01,2.50000000e-01,6.00000000e-01,0.00000000e+00
2.79279279e+01,5.80300589e+00,0.00000000e+00,3.00000000e+06,6.00000000e+02,1.50000000e-01,2.50000000e-01,6.00000000e-01,0.00000000e+00
2.80280280e+01,5.80300589e+00,0.00000000e+00,3.00000000e+06,6.00000000e+02,1.50000000e-01,2.50000000e-01,6.00000000e-01,0.00000000e+00
2.81281281e+01,5.80300589e+00,0.00000000e+00,3.00000000e+06,6.00000000e+02,1.50000000e-01,2.50000000e-01,6.00000000e-01,0.00000000e+00
2.82282282e+01,5.80300589e+00,0.00000000e+00,3.00000000e+06,6.00000000e+02,1.50000000e-01,2.50000000e-01,6.00000000e-01,0.00000000e+00
2.83283283e+01,5.80300589e+00,0.00000000e+00,3.00000000e+06,6.00000000e+02,1.50000000e-01,2.50000000e-01,6.00000000e-01,0.00000000e+00
2.84284284e+01,5.80300589e+00,0.00000000e+00,3.00000000e+06,6.00000000e+02,1.50000000e-01,2.50000000e-01,6.00000000e-01,0.00000000e+00
2.85285285e+01,5.80300589e+00,0.00000000e+00,3.00000000e+06,6.00000000e+02,1.50000000e-01,2.50000000e-01,6.00000000e-01,0.00000000e+00
2.86286286e+01,5.80300589e+00,0.00000000e+00,3.00000000e+06,6.00000000e+02,1.50000000e-01,2.50000000e-01,6.00000000e-01,0.00000000e+00
2.87287287e+01,5.80300589e+00,0.00000000e+00,3.00000000e+06,6.00000000e+02,1.50000000e-01,2.50000000e-01,6.00000000e-01,0.00000000e+00
2.88288288e+01,5.80300589e+00,0.00000000e+00,3.00000000e+06,6.00000000e+02,1.50000000e-01,2.50000000e-01,6.00000000e-01,0.00000000e+00
2.89289289e+01,5.80300589e+00,0.00000000e+00,3.00000000e+06,6.00000000e+02,1.50000000e-01,2.50000000e-01,6.00000000e-01,0.00000000e+00
2.90290290e+01,5.80300589e+00,0.00000000e+00,3.00000000e+06,6.00000000e+02,1.50000000e-01,2.50000000e-01,6.00000000e-01,0.00000000e+00
2.91291291e+01,5.80300589e+00,0.00000000e+00,3.00000000e+06,6.00000000e+02,1.50000000e-01,2.50000000e-01,6.00000000e-01,0.00000000e+00
2.92292292e+01,5.80300589e+00,0.00000000e+00,3.00000000e+06,6.00000000e+02,1.50000000e-01,2.50000000e-01,6.00000000e-01,0.00000000e+00
2.93293293e+01,5.80300589e+00,0.00000000e+00,3.00000000e+06,6.00000000e+02,1.50000000e-01,2.50000000e-01,6.00000000e-01,0.00000000e+00
2.94294294e+01,5.80300589e+00,0.00000000e+00,3.00000000e+06,6.00000000e+02,1.50000000e-01,2.50000000e-01,6.00000000e-01,0.00000000e+00
2.95295295e+01,5.80300589e+00,0.00000000e+00,3.00000000e+06,6.00000000e+02,1.50000000e-01,2.50000000e-01,6.00000000e-01,0.00000000e+00
2.96296296e+01,5.80300589e+00,0.00000000e+00,3.00000000e+06,6.00000000e+02,1.50000000e-01,2.50000000e-01,6.00000000e-01,0.00000000e+00
2.97297297e+01,5.80300589e+00,0.00000000e+00,3.00000000e+06,6.00000000e+02,1.50000000e-01,2.50000000e-01,6.00000000e-01,0.00000000e+00
2.98298298e+01,5.80300589e+00,0.00000000e+00,3.00000000e+06,6.00000000e+02,1.50000000e-01,2.50000000e-01,6.00000000e-01,0.00000000e+00
2.99299299e+01,5.80300589e+00,0.00000000e+00,3.00000000e+06,6.00000000e+02,1.50000000e-01,2.50000000e-01,6.00000000e-01,0.00000000e+00
3.00300300e+01,5.80300589e+00,0.00000000e+00,3.00000000e+06,6.00000000e+02,1.50000000e-01,2.50000000e-01,6.00000000e-01,0.00000000e+00
3.01301301e+01,5.80300589e+00,0.00000000e+00,3.00000000e+06,6.00000000e+02,1.50000000e-01,2.50000000e-01,6.00000000e-01,0.00000000e+00
3.02302302e+01,5.80300589e+00,0.00000000e+00,3.00000000e+06,6.00000000e+02,1.50000000e-01,2.50000000e-01,6.00000000e-01,0.00000000e+00
3.03303303e+01,5.80300589e+00,0.00000000e+00,3.00000000e+06,6.00000000e+02,1.50000000e-01,2.50000000e-01,6.00000000e-01,0.00000000e+00
3.04304304e+01,5.80300589e+00,0.00000000e+00,3.00000000e+06,6.00000000e+02,1.50000000e-01,2.50000000e-01,6.00000000e-01,0.00000000e+00
3.05305305e+01,5.80300589e+00,0.00000000e+00,3.00000000e+06,6.00000000e+02,1.50000000e-01,2.50000000e-01,6.00000000e-01,0.00000000e+00
3.06306306e+01,5.80300589e+00,0.00000000e+00,3.00000000e+06,6.00000000e+02,1.50000000e-01,2.50000000e-01,6.00000000e-01,0.00000000e+00
3.07307307e+01,5.80300589e+00,0.00000000e+00,3.00000000e+06,6.00000000e+02,1.50000000e-01,2.50000000e-01,6.00000000e-01,0.00000000e+00
3.08308308e+01,5.80300589e+00,0.00000000e+00,3.00000000e+06,6.00000000e+02,1.50000000e-01,2.50000000e-01,6.00000000e-01,0.00000000e+00
3.09309309e+01,5.80300589e+00,0.00000000e+00,3.00000000e+06,6.00000000e+02,1.50000000e-01,2.50000000e-01,6.00000000e-01,0.00000000e+00
3.10310310e+01,5.80300589e+00,0.00000000e+00,3.00000000e+06,6.00000000e+02,1.50000000e-01,2.50000000e-01,6.00000000e-01,0.00000000e+00
3.11311311e+01,5.80300589e+00,0.00000000e+00,3.00000000e+06,6.00000000e+02,1.50000000e-01,2.50000000e-01,6.00000000e-01,0.00000000e+00
3.12312312e+01,5.80300589e+00,0.00000000e+00,3.00000000e+06,6.00000000e+02,1.50000000e-01,2.50000000e-01,6.00000000e-01,0.00000000e+00
3.13313313e+01,5.80300589e+00,0.00000000e+00,3.00000000e+06,6.00000000e+02,1.50000000e-01,2.50000000e-01,6.00000000e-01,0.00000000e+00
3.14314314e+01,5.80300589e+00,0.00000000e+00,3.00000000e+06,6.00000000e+02,1.50000000e-01,2.50000000e-01,6.00000000e-01,0.00000000e+00
3.15315315e+01,5.80300589e+00,0.00000000e+00,3.00000000e+06,6.00000000e+02,1.50000000e-01,2.50000000e-01,6.00000000e-01,0.00000000e+00
3.16316316e+01,5.80300589e+00,0.00000000e+00,3.00000000e+06,6.00000000e+02,1.50000000e-01,2.50000000e-01,6.00000000e-01,0.00000000e+00
3.17317317e+01,5.80300589e+00,0.00000000e+00,3.00000000e+06,6.00000000e+02,1.50000000e-01,2.50000000e-01,6.00000000e-01,0.00000000e+00
3.18318318e+01,5.80300589e+00,0.00000000e+00,3.00000000e+06,6.00000000e+02,1.50000000e-01,2.50000000e-01,6.00000000e-01,0.00000000e+00
3.19319319e+01,5.80300589e+00,0.00000000e+00,3.00000000e+06,6.00000000e+02,1.50000000e-01,2.50000000e-01,6.00000000e-01,0.00000000e+00
3.20320320e+01,5.80300589e+00,0.00000000e+00,3.00000000e+06,6.00000000e+02,1.50000000e-01,2.50000000e-01,6.00000000e-01,0.00000000e+00
3.21321321e+01,5.80300589e+00,0.00000000e+00,3.00000000e+06,6.00000000e+02,1.50000000e-01,2.50000000e-01,6.00000000e-01,0.00000000e+00
3.22322322e+01,5.80300589e+00,0.00000000e+00,3.00000000e+06,6.00000000e+02,1.50000000e-01,2.50000000e-01,6.00000000e-01,0.00000000e+00
3.23323323e+01,5.80300589e+00,0.00000000e+00,3.00000000e+06,6.00000000e+02,1.50000000e-01,2.50000000e-01,6.00000000e-01,0.00000000e+00
3.24324324e+01,5.80300589e+00,0.00000000e+00,3.00000000e+06,6.00000000e+02,1.50000000e-01,2.50000000e-01,6.00000000e-01,0.00000000e+00
3.25325325e+01,5.80300589e+00,0.00000000e+00,3.00000000e+06,6.00000000e+02,1.50000000e-01,2.50000000e-01,6.00000000e-01,0.00000000e+00
3.26326326e+01,5.80300589e+00,0.00000000e+00,3.00000000e+06,6.00000000e+02,1.50000000e-01,2.50000000e-01,6.00000000e-01,0.00000000e+00
3.27327327e+01,5.80300589e+00,0.00000000e+00,3.00000000e+06,6.00000000e+02,1.50000000e-01,2.50000000e-01,6.00000000e-01,0.00000000e+00
3.28328328e+01,5.80300589e+00,0.00000000e+00,3.00000000e+06,6.00000000e+02,1.50000000e-01,2.50000000e-01,6.00000000e-01,0.00000000e+00
3.29329329e+01,5.80300589e+00,0.00000000e+00,3.00000000e+06,6.00000000e+02,1.50000000e-01,2.50000000e-01,6.00000000e-01,0.00000000e+00
3.30330330e+01,5.80300589e+00,0.00000000e+00,3.00000000e+06,6.00000000e+02,1.50000000e-01,2.50000000e-01,6.00000000e-01,0.00000000e+00
3.31331331e+01,5.80300589e+00,0.00000000e+00,3.00000000e+06,6.00000000e+02,1.50000000e-01,2.50000000e-01,6.00000000e-01,0.00000000e+00
3.32332332e+01,5.80300589e+00,0.00000000e+00,3.00000000e+06,6.00000000e+02,1.50000000e-01,2.50000000e-01,6.00000000e-01,0.00000000e+00
3.33333333e+01,5.80300589e+00,0.00000000e+00,3.00000000e+06,6.00000000e+02,1.50000000e-01,2.50000000e-01,6.00000000e-01,0.00000000e+00
3.34334334e+01,5.80300589e+00,0.00000000e+00,3.00000000e+06,6.00000000e+02,1.50000000e-01,2.50000000e-01,6.00000000e-01,0.00000000e+00
3.35335335e+01,5.80300589e+00,0.00000000e+00,3.00000000e+06,6.00000000e+02,1.50000000e-01,2.50000000e-01,6.00000000e-01,0.00000000e+00
3.36336336e+01,5.80300589e+00,0.00000000e+00,3.00000000e+06,6.00000000e+02,1.50000000e-01,2.50000000e-01,6.00000000e-01,0.00000000e+00
3.37337337e+01,5.80300589e+00,0.00000000e+00,3.00000000e+06,6.00000000e+02,1.50000000e-01,2.50000000e-01,6.00000000e-01,0.00000000e+00
3.38338338e+01,5.80300589e+00,0.00000000e+00,3.00000000e+06,6.00000000e+02,1.50000000e-01,2.50000000e-01,6.00000000e-01,0.00000000e+00
3.39339339e+01,5.80300589e+00,0.00000000e+00,3.00000000e+06,6.00000000e+02,1.50000000e-01,2.50000000e-01,6.00000000e-01,0.00000000e+00
3.40340340e+01,5.80300589e+00,0.00000000e+00,3.00000000e+06,6.00000000e+02,1.50000000e-01,2.50000000e-01,6.00000000e-01,0.00000000e+00
3.41341341e+01,5.80300589e+00,0.00000000e+00,3.00000000e+06,6.00000000e+02,1.50000000e-01,2.50000000e-01,6.00000000e-01,0.00000000e+00
3.42342342e+01,5.80300589e+00,0.00000000e+00,3.00000000e+06,6.00000000e+02,1.50000000e-01,2.50000000e-01,6.00000000e-01,0.00000000e+00
3.43343343e+01,5.80300589e+00,0.00000000e+00,3.00000000e+06,6.00000000e+02,1.50000000e-01,2.50000000e-01,6.00000000e-01,0.00000000e+00
3.44344344e+01,5.80300589e+00,0.00000000e+00,3.00000000e+06,6.00000000e+02,1.50000000e-01,2.50000000e-01,6.00000000e-01,0.00000000e+00
3.45345345e+01,5.80300589e+00,0.00000000e+00,3.00000000e+06,6.00000000e+02,1.50000000e-01,2.50000000e-01,6.00000000e-01,0.00000000e+00
3.46346346e+01,5.80300589e+00,0.00000000e+00,3.00000000e+06,6.00000000e+02,1.50000000e-01,2.50000000e-01,6.00000000e-01,0.00000000e+00
3.47347347e+01,5.80300589e+00,0.00000000e+00,3.00000000e+06,6.00000000e+02,1.50000000e-01,2.50000000e-01,6.00000000e-01,0.00000000e+00
3.48348348e+01,5.80300589e+00,0.00000000e+00,3.00000000e+06,6.00000000e+02,1.50000000e-01,2.50000000e-01,6.00000000e-01,0.00000000e+00
3.49349349e+01,5.80300589e+00,0.00000000e+00,3.00000000e+06,6.00000000e+02,1.50000000e-01,2.50000000e-01,6.00000000e-01,0.00000000e+00
3.50350350e+01,5.80300589e+00,0.00000000e+00,3.00000000e+06,6.00000000e+02,1.50000000e-01,2.50000000e-01,6.00000000e-01,0.00000000e+00
3.51351351e+01,5.80300589e+00,0.00000000e+00,3.00000000e+06,6.00000000e+02,1.50000000e-01,2.50000000e-01,6.00000000e-01,0.00000000e+00
3.52352352e+01,5.80300589e+00,0.00000000e+00,3.00000000e+06,6.00000000e+02,1.50000000e-01,2.50000000e-01,6.00000000e-01,0.00000000e+00
3.53353353e+01,5.80300589e+00,0.00000000e+00,3.00000000e+06,6.00000000e+02,1.50000000e-01,2.50000000e-01,6.00000000e-01,0.00000000e+00
3.54354354e+01,5.80300589e+00,0.00000000e+00,3.00000000e+06,6.00000000e+02,1.50000000e-01,2.50000000e-01,6.00000000e-01,0.00000000e+00
3.55355355e+01,5.80300589e+00,0.00000000e+00,3.00000000e+06,6.00000000e+02,1.50000000e-01,2.50000000e-01,6.00000000e-01,0.00000000e+00
3.56356356e+01,5.80300589e+00,0.00000000e+00,3.00000000e+06,6.00000000e+02,1.50000000e-01,2.50000000e-01,6.00000000e-01,0.00000000e+00
3.57357357e+01,5.80300589e+00,0.00000000e+00,3.00000000e+06,6.00000000e+02,1.50000000e-01,2.50000000e-01,6.00000000e-01,0.00000000e+00
3.58358358e+01,5.80300589e+00,0.00000000e+00,3.00000000e+06,6.00000000e+02,1.50000000e-01,2.50000000e-01,6.00000000e-01,0.00000000e+00
3.59359359e+01,5.80300589e+00,0.00000000e+00,3.00000000e+06,6.00000000e+02,1.50000000e-01,2.50000000e-01,6.00000000e-01,0.00000000e+00
3.60360360e+01,5.80300589e+00,0.00000000e+00,3.00000000e+06,6.00000000e+02,1.50000000e-01,2.50000000e-01,6.00000000e-01,0.00000000e+00
3.61361361e+01,5.80300589e+00,0.00000000e+00,3.00000000e+06,6.00000000e+02,1.50000000e-01,2.50000000e-01,6.00000000e-01,0.00000000e+00
3.62362362e+01,5.80300589e+00,0.00000000e+00,3.00000000e+06,6.00000000e+02,1.50000000e-01,2.50000000e-01,6.00000000e-01,0.00000000e+00
3.63363363e+01,5.80300589e+00,0.00000000e+00,3.00000000e+06,6.00000000e+02,1.50000000e-01,2.50000000e-01,6.00000000e-01,0.00000000e+00
3.64364364e+01,5.80300589e+00,0.00000000e+00,3.00000000e+06,6.00000000e+02,1.50000000e-01,2.50000000e-01,6.00000000e-01,0.00000000e+00
3.65365365e+01,5.80300589e+00,0.00000000e+00,3.00000000e+06,6.00000000e+02,1.50000000e-01,2.50000000e-01,6.00000000e-01,0.00000000e+00
3.66366366e+01,5.80300589e+00,0.00000000e+00,3.00000000e+06,6.00000000e+02,1.50000000e-01,2.50000000e-01,6.00000000e-01,0.00000000e+00
3.67367367e+01,5.80300589e+00,0.00000000e+00,3.00000000e+06,6.00000000e+02,1.50000000e-01,2.50000000e-01,6.00000000e-01,0.00000000e+00
3.68368368e+01,5.80300589e+00,0.00000000e+00,3.00000000e+06,6.00000000e+02,1.50000000e-01,2.50000000e-01,6.00000000e-01,0.00000000e+00
3.69369369e+01,5.80300589e+00,0.00000000e+00,3.00000000e+06,6.00000000e+02,1.50000000e-01,2.50000000e-01,6.00000000e-01,0.00000000e+00
3.70370370e+01,5.80300589e+00,0.00000000e+00,3.00000000e+06,6.00000000e+02,1.50000000e-01,2.50000000e-01,6.00000000e-01,0.00000000e+00
3.71371371e+01,5.80300589e+00,0.00000000e+00,3.00000000e+06,6.00000000e+02,1.50000000e-01,2.50000000e-01,6.00000000e-01,0.00000000e+00
3.72372372e+01,5.80300589e+00,0.00000000e+00,3.00000000e+06,6.00000000e+02,1.50000000e-01,2.50000000e-01,6.00000000e-01,0.00000000e+00
3.73373373e+01,5.80300589e+00,0.00000000e+00,3.00000000e+06,6.00000000e+02,1.50000000e-01,2.50000000e-01,6.00000000e-01,0.00000000e+00
3.74374374e+01,5.80300589e+00,0.00000000e+00,3.00000000e+06,6.00000000e+02,1.50000000e-01,2.50000000e-01,6.00000000e-01,0.00000000e+00
3.75375375e+01,5.80300589e+00,0.00000000e+00,3.00000000e+06,6.00000000e+02,1.50000000e-01,2.50000000e-01,6.00000000e-01,0.00000000e+00
3.76376376e+01,5.80300589e+00,0.00000000e+00,3.00000000e+06,6.00000000e+02,1.50000000e-01,2.50000000e-01,6.00000000e-01,0.00000000e+00
3.77377377e+01,5.80300589e+00,0.00000000e+00,3.00000000e+06,6.00000000e+02,1.50000000e-01,2.50000000e-01,6.00000000e-01,0.00000000e+00
3.78378378e+01,5.80300589e+00,0.00000000e+00,3.00000000e+06,6.00000000e+02,1.50000000e-01,2.50000000e-01,6.00000000e-01,0.00000000e+00
3.79379379e+01,5.80300589e+00,0.00000000e+00,3.00000000e+06,6.00000000e+02,1.50000000e-01,2.50000000e-01,6.00000000e-01,0.00000000e+00
3.80380380e+01,5.80300589e+00,0.00000000e+00,3.00000000e+06,6.00000000e+02,1.50000000e-01,2.50000000e-01,6.00000000e-01,0.00000000e+00
3.81381381e+01,5.80300589e+00,0.00000000e+00,3.00000000e+06,6.00000000e+02,1.50000000e-01,2.50000000e-01,6.00000000e-01,0.00000000e+00
3.82382382e+01,5.80300589e+00,0.00000000e+00,3.00000000e+06,6.00000000e+02,1.50000000e-01,2.50000000e-01,6.00000000e-01,0.00000000e+00
3.83383383e+01,5.80300589e+00,0.00000000e+00,3.00000000e+06,6.00000000e+02,1.50000000e-01,2.50000000e-01,6.00000000e-01,0.00000000e+00
3.84384384e+01,5.80300589e+00,0.00000000e+00,3.00000000e+06,6.00000000e+02,1.50000000e-01,2.50000000e-01,6.00000000e-01,0.00000000e+00
3.85385385e+01,5.80300589e+00,0.00000000e+00,3.00000000e+06,6.00000000e+02,1.50000000e-01,2.50000000e-01,6.00000000e-01,0.00000000e+00
3.86386386e+01,5.80300589e+00,0.00000000e+00,3.00000000e+06,6.00000000e+02,1.50000000e-01,2.50000000e-01,6.00000000e-01,0.00000000e+00
3.87387387e+01,5.80300589e+00,0.00000000e+00,3.00000000e+06,6.00000000e+02,1.50000000e-01,2.50000000e-01,6.00000000e-01,0.00000000e+00
3.88388388e+01,5.80300589e+00,0.00000000e+00,3.00000000e+06,6.00000000e+02,1.50000000e-01,2.50000000e-01,6.00000000e-01,0.00000000e+00
3.89389389e+01,5.80300589e+00,0.00000000e+00,3.00000000e+06,6.00000000e+02,1.50000000e-01,2.50000000e-01,6.00000000e-01,0.00000000e+00
3.90390390e+01,5.80300589e+00,0.00000000e+00,3.00000000e+06,6.00000000e+02,1.50000000e-01,2.50000000e-01,6.00000000e-01,0.00000000e+00
3.91391391e+01,5.80300589e+00,0.00000000e+00,3.00000000e+06,6.00000000e+02,1.50000000e-01,2.50000000e-01,6.00000000e-01,0.00000000e+00
3.92392392e+01,5.80300589e+00,0.00000000e+00,3.00000000e+06,6.00000000e+02,1.50000000e-01,2.50000000e-01,6.00000000e-01,0.00000000e+00
3.93393393e+01,5.80300589e+00,0.00000000e+00,3.00000000e+06,6.00000000e+02,1.50000000e-01,2.50000000e-01,6.00000000e-01,0.00000000e+00
3.94394394e+01,5.80300589e+00,0.00000000e+00,3.00000000e+06,6.00000000e+02,1.50000000e-01,2.50000000e-01,6.00000000e-01,0.00000000e+00
3.95395395e+01,5.80300589e+00,0.00000000e+00,3.00000000e+06,6.00000000e+02,1.50000000e-01,2.50000000e-01,6.00000000e-01,0.00000000e+00
3.96396396e+01,5.80300589e+00,0.00000000e+00,3.00000000e+06,6.00000000e+02,1.50000000e-01,2.50000000e-01,6.00000000e-01,0.00000000e+00
3.97397397e+01,5.80300589e+00,0.00000000e+00,3.00000000e+06,6.00000000e+02,1.50000000e-01,2.50000000e-01,6.00000000e-01,0.00000000e+00
3.98398398e+01,5.80300589e+00,0.00000000e+00,3.00000000e+06,6.00000000e+02,1.50000000e-01,2.50000000e-01,6.00000000e-01,0.00000000e+00
3.99399399e+01,5.80300589e+00,0.00000000e+00,3.00000000e+06,6.00000000e+02,1.50000000e-01,2.50000000e-01,6.00000000e-01,0.00000000e+00
4.00400400e+01,5.80300589e+00,0.00000000e+00,3.00000000e+06,6.00000000e+02,1.50000000e-01,2.50000000e-01,6.00000000e-01,0.00000000e+00
4.01401401e+01,5.80300589e+00,0.00000000e+00,3.00000000e+06,6.00000000e+02,1.50000000e-01,2.50000000e-01,6.00000000e-01,0.00000000e+00
4.02402402e+01,5.80300589e+00,0.00000000e+00,3.00000000e+06,6.00000000e+02,1.50000000e-01,2.50000000e-01,6.00000000e-01,0.00000000e+00
4.03403403e+01,5.80300589e+00,0.00000000e+00,3.00000000e+06,6.00000000e+02,1.50000000e-01,2.50000000e-01,6.00000000e-01,0.00000000e+00
4.04404404e+01,5.80300589e+00,0.00000000e+00,3.00000000e+06,6.00000000e+02,1.50000000e-01,2.50000000e-01,6.00000000e-01,0.00000000e+00
4.05405405e+01,5.80300589e+00,0.00000000e+00,3.00000000e+06,6.00000000e+02,1.50000000e-01,2.50000000e-01,6.00000000e-01,0.00000000e+00
4.06406406e+01,5.80300589e+00,0.00000000e+00,3.00000000e+06,6.00000000e+02,1.50000000e-01,2.50000000e-01,6.00000000e-01,0.00000000e+00
4.07407407e+01,5.80300589e+00,0.00000000e+00,3.00000000e+06,6.00000000e+02,1.50000000e-01,2.50000000e-01,6.00000000e-01,0.00000000e+00
4.08408408e+01,5.80300589e+00,0.00000000e+00,3.00000000e+06,6.00000000e+02,1.50000000e-01,2.50000000e-01,6.00000000e-01,0.00000000e+00
4.09409409e+01,5.80300589e+00,0.00000000e+00,3.00000000e+06,6.00000000e+02,1.50000000e-01,2.50000000e-01,6.00000000e-01,0.00000000e+00
4.10410410e+01,5.80300589e+00,0.00000000e+00,3.00000000e+06,6.00000000e+02,1.50000000e-01,2.50000000e-01,6.00000000e-01,0.00000000e+00
4.11411411e+01,5.80300589e+00,0.00000000e+00,3.00000000e+06,6.00000000e+02,1.50000000e-01,2.50000000e-01,6.00000000e-01,0.00000000e+00
4.12412412e+01,5.80300589e+00,0.00000000e+00,3.00000000e+06,6.00000000e+02,1.50000000e-01,2.50000000e-01,6.00000000e-01,0.00000000e+00
4.13413413e+01,5.80300589e+00,0.00000000e+00,3.00000000e+06,6.00000000e+02,1.50000000e-01,2.50000000e-01,6.00000000e-01,0.00000000e+00
4.14414414e+01,5.80300589e+00,0.00000000e+00,3.00000000e+06,6.00000000e+02,1.50000000e-01,2.50000000e-01,6.00000000e-01,0.00000000e+00
4.15415415e+01,5.80300589e+00,0.00000000e+00,3.00000000e+06,6.00000000e+02,1.50000000e-01,2.50000000e-01,6.00000000e-01,0.00000000e+00
4.16416416e+01,5.80300589e+00,0.00000000e+00,3.00000000e+06,6.00000000e+02,1.50000000e-01,2.50000000e-01,6.00000000e-01,0.00000000e+00
4.17417417e+01,5.80300589e+00,0.00000000e+00,3.00000000e+06,6.00000000e+02,1.50000000e-01,2.50000000e-01,6.00000000e-01,0.00000000e+00
4.18418418e+01,5.80300589e+00,0.00000000e+00,3.00000000e+06,6.00000000e+02,1.50000000e-01,2.50000000e-01,6.00000000e-01,0.00000000e+00
4.19419419e+01,5.80300589e+00,0.00000000e+00,3.00000000e+06,6.00000000e+02,1.50000000e-01,2.50000000e-01,6.00000000e-01,0.00000000e+00
4.20420420e+01,5.80300589e+00,0.00000000e+00,3.00000000e+06,6.00000000e+02,1.50000000e-01,2.50000000e-01,6.00000000e-01,0.00000000e+00
4.21421421e+01,5.80300589e+00,0.00000000e+00,3.00000000e+06,6.00000000e+02,1.50000000e-01,2.50000000e-01,6.00000000e-01,0.00000000e+00
4.22422422e+01,5.80300589e+00,0.00000000e+00,3.00000000e+06,6.00000000e+02,1.50000000e-01,2.50000000e-01,6.00000000e-01,0.00000000e+00
4.23423423e+01,5.80300589e+00,0.00000000e+00,3.00000000e+06,6.00000000e+02,1.50000000e-01,2.50000000e-01,6.00000000e-01,0.00000000e+00
4.24424424e+01,5.80300589e+00,0.00000000e+00,3.00000000e+06,6.00000000e+02,1.50000000e-01,2.50000000e-01,6.00000000e-01,0.00000000e+00
4.25425425e+01,5.80300589e+00,0.00000000e+00,3.00000000e+06,6.00000000e+02,1.50000000e-01,2.50000000e-01,6.00000000e-01,0.00000000e+00
4.26426426e+01,5.80300589e+00,0.00000000e+00,3.00000000e+06,6.00000000e+02,1.50000000e-01,2.50000000e-01,6.00000000e-01,0.00000000e+00
4.27427427e+01,5.80300589e+00,0.00000000e+00,3.00000000e+06,6.00000000e+02,1.50000000e-01,2.50000000e-01,6.00000000e-01,0.00000000e+00
4.28428428e+01,5.80300589e+00,0.00000000e+00,3.00000000e+06,6.00000000e+02,1.50000000e-01,2.50000000e-01,6.00000000e-01,0.00000000e+00
4.29429429e+01,5.80300589e+00,0.00000000e+00,3.00000000e+06,6.00000000e+02,1.50000000e-01,2.50000000e-01,6.00000000e-01,0.00000000e+00
4.30430430e+01,5.80300589e+00,0.00000000e+00,3.00000000e+06,6.00000000e+02,1.50000000e-01,2.50000000e-01,6.00000000e-01,0.00000000e+00
4.31431431e+01,5.80300589e+00,0.00000000e+00,3.00000000e+06,6.00000000e+02,1.50000000e-01,2.50000000e-01,6.00000000e-01,0.00000000e+00
4.32432432e+01,5.80300589e+00,1.52338631e-13,3.00000000e+06,6.00000000e+02,1.50000000e-01,2.50000000e-01,6.00000000e-01,0.00000000e+00
4.33433433e+01,5.80300589e+00,1.00405502e-12,3.00000000e+06,6.00000000e+02,1.50000000e-01,2.50000000e-01,6.00000000e-01,0.00000000e+00
4.34434434e+01,5.80300589e+00,3.34739097e-12,3.00000000e+06,6.00000000e+02,1.50000000e-01,2.50000000e-01,6.00000000e-01,0.00000000e+00
4.35435435e+01,5.80300589e+00,-2.11675309e-12,3.00000000e+06,6.00000000e+02,1.50000000e-01,2.50000000e-01,6.00000000e-01,0.00000000e+00
4.36436436e+01,5.80300589e+00,-1.17379358e-10,3.00000000e+06,6.00000000e+02,1.50000000e-01,2.50000000e-01,6.00000000e-01,0.00000000e+00
4.37437437e+01,5.80300589e+00,-3.71301451e-10,3.00000000e+06,6.00000000e+02,1.50000000e-01,2.50000000e-01,6.00000000e-01,0.00000000e+00
4.38438438e+01,5.80300589e+00,-6.06545805e-10,3.00000000e+06,6.00000000e+02,1.50000000e-01,2.50000000e-01,6.00000000e-01,0.00000000e+00
4.39439439e+01,5.80300589e+00,1.16728269e-09,3.00000000e+06,6.00000000e+02,1.50000000e-01,2.50000000e-01,6.00000000e-01,0.00000000e+00
4.40440440e+01,5.80300589e+00,1.92540202e-08,3.00000000e+06,6.00000000e+02,1.50000000e-01,2.50000000e-01,6.00000000e-01,0.00000000e+00
4.41441441e+01,5.80300589e+00,4.71562397e-08,3.00000000e+06,6.00000000e+02,1.50000000e-01,2.50000000e-01,6.00000000e-01,0.00000000e+00
4.42442442e+01,5.80300589e+00,5.64033443e-08,3.00000000e+06,6.00000000e+02,1.50000000e-01,2.50000000e-01,6.00000000e-01,0.00000000e+00
4.43443443e+01,5.80300589e+00,-3.06495814e-07,3.00000000e+06,6.00000000e+02,1.50000000e-01,2.50000000e-01,6.00000000e-01,0.00000000e+00
4.44444444e+01,5.80300590e+00,-1.97965458e-06,3.00000001e+06,6.00000000e+02,1.50000000e-01,2.50000000e-01,6.00000000e-01,0.00000000e+00
4.45445445e+01,5.80300590e+00,-3.93073905e-06,3.00000002e+06,6.00000002e+02,1.50000000e-01,2.50000000e-01,6.00000001e-01,0.00000000e+00
4.46446446e+01,5.80300585e+00,-2.36951660e-06,3.00000003e+06,6.00000006e+02,1.50000001e-01,2.50000001e-01,6.00000003e-01,0.00000000e+00
4.47447447e+01,5.80300554e+00,3.93036911e-05,2.99999997e+06,6.00000018e+02,1.50000003e-01,2.50000005e-01,6.00000013e-01,0.00000000e+00
4.48448448e+01,5.80300508e+00,1.21438096e-04,2.99999941e+06,5.99999966e+02,1.50000000e-01,2.50000000e-01,6.00000000e-01,0.00000000e+00
4.49449449e+01,5.80300554e+00,1.83148831e-04,2.99999897e+06,5.99999874e+02,1.49999989e-01,2.49999981e-01,5.99999955e-01,0.00000000e+00
4.50450450e+01,5.80300961e+00,-1.63633791e-04,2.99999919e+06,5.99999654e+02,1.49999950e-01,2.49999917e-01,5.99999800e-01,0.00000000e+00
4.51451451e+01,5.80302333e+00,-2.25345343e-03,3.00000643e+06,5.99999837e+02,1.49999912e-01,2.49999853e-01,5.99999646e-01,0.00000000e+00
4.52452452e+01,5.80302890e+00,-4.26213335e-03,3.00002192e+06,6.00001704e+02,1.50000075e-01,2.50000125e-01,6.00000301e-01,0.00000000e+00
4.53453453e+01,5.80299935e+00,-3.79903900e-03,3.00002834e+06,6.00004455e+02,1.50000472e-01,2.50000787e-01,6.00001890e-01,0.00000000e+00
4.54454454e+01,5.80283174e+00,1.75959068e-02,2.99999202e+06,6.00009664e+02,1.50001687e-01,2.50002811e-01,6.00006747e-01,0.00000000e+00
4.55455455e+01,5.80258489e+00,5.66462424e-02,2.99974107e+06,5.99989127e+02,1.50000654e-01,2.50001090e-01,6.00002616e-01,0.00000000e+00
4.56456456e+01,5.80263790e+00,8.31949813e-02,2.99956931e+06,5.99961299e+02,1.49997652e-01,2.49996086e-01,5.99990607e-01,0.00000000e+00
4.57457457e+01,5.80341785e+00,2.00550634e-02,2.99960732e+06,5.99918346e+02,1.49990132e-01,2.49983553e-01,5.99960526e-01,0.00000000e+00
4.58458458e+01,5.80635431e+00,-3.94333614e-01,3.00097313e+06,5.99931325e+02,1.49979292e-01,2.49965487e-01,5.99917170e-01,0.00000000e+00
4.59459459e+01,5.80860238e+00,-7.80319614e-01,3.00381465e+06,6.00197617e+02,1.49996623e-01,2.49994372e-01,5.99986493e-01,0.00000000e+00
4.60460460e+01,5.80773378e+00,-9.47258427e-01,3.00495945e+06,6.00414875e+02,1.50021926e-01,2.50036544e-01,6.00087706e-01,0.00000000e+00
4.61461461e+01,5.80049262e+00,-2.10167784e-01,3.00354206e+06,6.00662090e+02,1.50076566e-01,2.50127609e-01,6.00306262e-01,0.00000000e+00
4.62462462e+01,5.77583740e+00,3.58286563e+00,2.99005650e+06,6.00267306e+02,1.50139171e-01,2.50231951e-01,6.00556682e-01,0.00000000e+00
4.63463463e+01,5.72972552e+00,1.03867803e+01,2.94715189e+06,5.96968902e+02,1.50000000e-01,2.50000000e-01,6.00000000e-01,0.00000000e+00
4.64464464e+01,5.66228474e+00,2.02178817e+01,2.90031332e+06,5.94382252e+02,1.50024312e-01,2.50040521e-01,6.00097249e-01,0.00000000e+00
4.65465465e+01,5.59453869e+00,3.07165668e+01,2.84812853e+06,5.90979994e+02,1.49967375e-01,2.49945625e-01,5.99869500e-01,0.00000000e+00
4.66466466e+01,5.52792835e+00,4.12249298e+01,2.80302909e+06,5.88502357e+02,1.50000000e-01,2.50000000e-01,6.00000000e-01,0.00000000e+00
4.67467467e+01,5.45462328e+00,5.27709581e+01,2.74925360e+06,5.85082837e+02,1.49970883e-01,2.49951471e-01,5.99883531e-01,0.00000000e+00
4.68468468e+01,5.37004940e+00,6.57865025e+01,2.69388313e+06,5.82077135e+02,1.50035557e-01,2.50059262e-01,6.00142229e-01,0.00000000e+00
4.69469469e+01,5.26717352e+00,8.16540878e+01,2.61985163e+06,5.77274107e+02,1.50000000e-01,2.50000000e-01,6.00000000e-01,0.00000000e+00
4.70470470e+01,5.15633106e+00,9.88313026e+01,2.54477730e+06,5.72670541e+02,1.50030104e-01,2.50050174e-01,6.00120418e-01,0.00000000e+00
4.71471471e+01,5.03630307e+00,1.18125797e+02,2.46270458e+06,5.67358637e+02,1.50043455e-01,2.50072425e-01,6.00173820e-01,0.00000000e+00
4.72472472e+01,4.91624560e+00,1.37376904e+02,2.37989742e+06,5.61736264e+02,1.50025980e-01,2.50043299e-01,6.00103919e-01,0.00000000e+00
4.73473473e+01,4.80527095e+00,1.57201097e+02,2.30629740e+06,5.56875260e+02,1.50042320e-01,2.50070533e-01,6.00169278e-01,0.00000000e+00
4.74474474e+01,4.69789309e+00,1.76881853e+02,2.23458010e+06,5.51865808e+02,1.50049163e-01,2.50081938e-01,6.00196651e-01,0.00000000e+00
4.75475475e+01,4.58271296e+00,1.96900098e+02,2.15996831e+06,5.46694398e+02,1.50090902e-01,2.50151503e-01,6.00363606e-01,0.00000000e+00
4.76476476e+01,4.46808748e+00,2.16562976e+02,2.08214375e+06,5.40717154e+02,1.50035199e-01,2.50058666e-01,6.00140798e-01,0.00000000e+00
4.77477477e+01,4.36367545e+00,2.36154981e+02,2.01598890e+06,5.35928752e+02,1.50073117e-01,2.50121861e-01,6.00292467e-01,0.00000000e+00
4.78478478e+01,4.25733376e+00,2.55435412e+02,1.94597111e+06,5.30341435e+02,1.50043573e-01,2.50072621e-01,6.00174290e-01,0.00000000e+00
4.79479479e+01,4.15001844e+00,2.74395686e+02,1.87613388e+06,5.24660139e+02,1.50006471e-01,2.50010786e-01,6.00025885e-01,0.00000000e+00
4.80480480e+01,4.04691889e+00,2.94542369e+02,1.81347089e+06,5.19880580e+02,1.50057173e-01,2.50095288e-01,6.00228690e-01,0.00000000e+00
4.81481481e+01,3.94807093e+00,3.15539292e+02,1.75290392e+06,5.15003116e+02,1.50085098e-01,2.50141831e-01,6.00340394e-01,0.00000000e+00
4.82482482e+01,3.84630778e+00,3.35742519e+02,1.68855145e+06,5.09360662e+02,1.50044172e-01,2.50073619e-01,6.00176686e-01,0.00000000e+00
4.83483483e+01,3.74761886e+00,3.55732213e+02,1.62917698e+06,5.04328323e+02,1.50063045e-01,2.50105075e-01,6.00252181e-01,0.00000000e+00
4.84484484e+01,3.65414652e+00,3.75432596e+02,1.57152066e+06,4.99016548e+02,1.50035301e-01,2.50058836e-01,6.00141205e-01,0.00000000e+00
4.85485485e+01,3.56158471e+00,3.94366209e+02,1.51580762e+06,4.93856577e+02,1.50028661e-01,2.50047768e-01,6.00114642e-01,0.00000000e+00
4.86486486e+01,3.46814524e+00,4.14502498e+02,1.46101182e+06,4.88781797e+02,1.50042985e-01,2.50071642e-01,6.00171940e-01,0.00000000e+00
4.87487487e+01,3.37774451e+00,4.36045757e+02,1.40791052e+06,4.83620046e+02,1.50043860e-01,2.50073100e-01,6.00175440e-01,0.00000000e+00
4.88488488e+01,3.29337014e+00,4.57355787e+02,1.35965387e+06,4.78906873e+02,1.50075920e-01,2.50126533e-01,6.00303679e-01,0.00000000e+00
4.89489489e+01,3.20728141e+00,4.77543150e+02,1.30993181e+06,4.73802581e+02,1.50068128e-01,2.50113547e-01,6.00272512e-01,0.00000000e+00
4.90490490e+01,3.11856746e+00,4.97205391e+02,1.25785672e+06,4.68072781e+02,1.50015768e-01,2.50026280e-01,6.00063071e-01,0.00000000e+00
4.91491491e+01,3.03230706e+00,5.16377608e+02,1.20919772e+06,4.62788110e+02,1.50008620e-01,2.50014366e-01,6.00034478e-01,0.00000000e+00
4.92492492e+01,2.94850972e+00,5.36577938e+02,1.16369722e+06,4.57940512e+02,1.50038472e-01,2.50064121e-01,6.00153890e-01,0.00000000e+00
4.93493493e+01,2.86836708e+00,5.58350447e+02,1.12110846e+06,4.53355167e+02,1.50088908e-01,2.50148180e-01,6.00355631e-01,0.00000000e+00
4.94494494e+01,2.79249704e+00,5.80317120e+02,1.08041368e+06,4.48705606e+02,1.50110172e-01,2.50183620e-01,6.00440688e-01,0.00000000e+00
4.95495495e+01,2.71605533e+00,6.00859614e+02,1.03880020e+06,4.43653075e+02,1.50080470e-01,2.50134116e-01,6.00321879e-01,0.00000000e+00
4.96496496e+01,2.63698691e+00,6.21254875e+02,9.96420409e+05,4.38369437e+02,1.50061277e-01,2.50102128e-01,6.00245108e-01,0.00000000e+00
4.97497497e+01,2.55507870e+00,6.43249447e+02,9.52854487e+05,4.32636315e+02,1.50062991e-01,2.50104985e-01,6.00251963e-01,0.00000000e+00
4.98498498e+01,2.47668500e+00,6.65639865e+02,9.11322666e+05,4.26987287e+02,1.50023992e-01,2.50039987e-01,6.00095969e-01,0.00000000e+00
4.99499499e+01,2.40735710e+00,6.86542605e+02,8.75406731e+05,1.06814643e+02,8.13771403e-01,1.86228597e-01,0.00000000e+00,0.00000000e+00
5.00500501e+01,2.33214258e+00,7.08660026e+02,8.37616731e+05,1.24588586e+03,0.00000000e+00,2.30000000e-01,7.70002393e-01,0.00000000e+00
5.01501502e+01,2.25961187e+00,7.30687813e+02,8.01359982e+05,1.23022042e+03,0.00000000e+00,2.30000000e-01,7.69999889e-01,0.00000000e+00
5.02502503e+01,2.19042570e+00,7.52322304e+02,7.67471397e+05,1.21541102e+03,0.00000000e+00,2.30000000e-01,7.69999071e-01,0.00000000e+00
5.03503504e+01,2.12367556e+00,7.73972400e+02,7.35124344e+05,1.20077552e+03,0.00000000e+00,2.30000000e-01,7.69999751e-01,0.00000000e+00
5.04504505e+01,2.05924596e+00,7.95677482e+02,7.04104965e+05,1.18609096e+03,0.00000000e+00,2.30000000e-01,7.70000598e-01,0.00000000e+00
5.05505506e+01,1.99668725e+00,8.17422438e+02,6.74280172e+05,1.17143731e+03,0.00000000e+00,2.30000000e-01,7.70000838e-01,0.00000000e+00
5.06506507e+01,1.93554694e+00,8.39151763e+02,6.45534734e+05,1.15692375e+03,0.00000000e+00,2.30000000e-01,7.70000560e-01,0.00000000e+00
5.07507508e+01,1.87565093e+00,8.60759721e+02,6.17746219e+05,1.14247613e+03,0.00000000e+00,2.30000000e-01,7.70000050e-01,0.00000000e+00
5.08508509e+01,1.81692115e+00,8.82206997e+02,5.90869842e+05,1.12809346e+03,0.00000000e+00,2.30000000e-01,7.69999422e-01,0.00000000e+00
5.09509510e+01,1.75941966e+00,9.03527589e+02,5.64948519e+05,1.11385581e+03,0.00000000e+00,2.30000000e-01,7.69998969e-01,0.00000000e+00
5.10510511e+01,1.70336086e+00,9.24780706e+02,5.40026502e+05,1.09976005e+03,0.00000000e+00,2.30000000e-01,7.69998994e-01,0.00000000e+00
5.11511512e+01,1.64903005e+00,9.45975781e+02,5.16174405e+05,1.08581848e+03,0.00000000e+00,2.30000000e-01,7.69999435e-01,0.00000000e+00
5.12512513e+01,1.59643844e+00,9.67169360e+02,4.93361248e+05,1.07201776e+03,0.00000000e+00,2.30000000e-01,7.69999905e-01,0.00000000e+00
5.13513514e+01,1.54539062e+00,9.88444050e+02,4.71468121e+05,1.05828601e+03,0.00000000e+00,2.30000000e-01,7.70000194e-01,0.00000000e+00
5.14514515e+01,1.49587521e+00,1.00970907e+03,4.50492171e+05,1.04467411e+03,0.00000000e+00,2.30000000e-01,7.70000297e-01,0.00000000e+00
5.15515516e+01,1.44780126e+00,1.03089123e+03,4.30402955e+05,1.03122944e+03,0.00000000e+00,2.30000000e-01,7.70000158e-01,0.00000000e+00
5.16516517e+01,1.40099166e+00,1.05200882e+03,4.11111938e+05,1.01792012e+03,0.00000000e+00,2.30000000e-01,7.69999820e-01,0.00000000e+00
5.17517518e+01,1.35536399e+00,1.07309781e+03,3.92549701e+05,1.00468064e+03,0.00000000e+00,2.30000000e-01,7.69999455e-01,0.00000000e+00
5.18518519e+01,1.31104852e+00,1.09411238e+03,3.74755314e+05,9.91558567e+02,0.00000000e+00,2.30000000e-01,7.69999429e-01,0.00000000e+00
5.19519520e+01,1.26829020e+00,1.11489671e+03,3.57821571e+05,9.78671770e+02,0.00000000e+00,2.30000000e-01,7.69999777e-01,0.00000000e+00
5.20520521e+01,1.22696660e+00,1.13551539e+03,3.41678075e+05,9.65991804e+02,0.00000000e+00,2.30000000e-01,7.70000019e-01,0.00000000e+00
5.21521522e+01,1.18674287e+00,1.15620097e+03,3.26122915e+05,9.53265282e+02,0.00000000e+00,2.30000000e-01,7.69999972e-01,0.00000000e+00
5.22522523e+01,1.14751861e+00,1.17701152e+03,3.11083642e+05,9.40387007e+02,0.00000000e+00,2.30000000e-01,7.69999773e-01,0.00000000e+00
5.23523524e+01,1.10943203e+00,1.19780644e+03,2.96675367e+05,9.27619759e+02,0.00000000e+00,2.30000000e-01,7.69999731e-01,0.00000000e+00
5.24524525e+01,1.07261803e+00,1.21842601e+03,2.82940004e+05,9.15036474e+02,0.00000000e+00,2.30000000e-01,7.69999865e-01,0.00000000e+00
5.25525526e+01,1.03701639e+00,1.23887793e+03,2.69846156e+05,9.02650778e+02,0.00000000e+00,2.30000000e-01,7.69999860e-01,0.00000000e+00
5.26526527e+01,1.00250798e+00,1.25925147e+03,2.57343975e+05,8.90461847e+02,0.00000000e+00,2.30000000e-01,7.69999847e-01,0.00000000e+00
5.27527528e+01,9.69037951e-01,1.27957801e+03,2.45349852e+05,8.78282357e+02,0.00000000e+00,2.30000000e-01,7.69999856e-01,0.00000000e+00
5.28528529e+01,9.36585245e-01,1.29984788e+03,2.33882489e+05,8.66242632e+02,0.00000000e+00,2.30000000e-01,7.69999827e-01,0.00000000e+00
5.29529530e+01,9.05193031e-01,1.31996395e+03,2.23018487e+05,8.54650875e+02,0.00000000e+00,2.30000000e-01,7.70000005e-01,0.00000000e+00
5.30530531e+01,8.74776195e-01,1.33996874e+03,2.12639637e+05,8.43210984e+02,0.00000000e+00,2.30000000e-01,7.70000202e-01,0.00000000e+00
5.31531532e+01,8.45193274e-01,1.35996446e+03,2.02622509e+05,8.31611839e+02,0.00000000e+00,2.30000000e-01,7.70000164e-01,0.00000000e+00
5.32532533e+01,8.16468910e-01,1.37980781e+03,1.93093264e+05,8.20382657e+02,0.00000000e+00,2.30000000e-01,7.70000180e-01,0.00000000e+00
5.33533534e+01,7.88566965e-01,1.39943830e+03,1.84060303e+05,8.09674533e+02,0.00000000e+00,2.30000000e-01,7.70000341e-01,0.00000000e+00
5.34534535e+01,7.61286370e-01,1.41906234e+03,1.75320960e+05,7.98863182e+02,0.00000000e+00,2.30000000e-01,7.70005501e-01,0.00000000e+00
5.35535536e+01,7.34522705e-01,1.43867741e+03,1.67003348e+05,7.88696453e+02,0.00000000e+00,2.30000000e-01,7.69998088e-01,0.00000000e+00
5.36536537e+01,7.09039655e-01,1.45822267e+03,1.59173829e+05,7.78736638e+02,0.00000000e+00,2.30000000e-01,7.69999132e-01,0.00000000e+00
5.37537538e+01,6.85055395e-01,1.47726208e+03,1.51892811e+05,7.69133753e+02,0.00000000e+00,2.30000000e-01,7.69997180e-01,0.00000000e+00
5.38538539e+01,6.62557570e-01,1.49542676e+03,1.45211744e+05,7.60270292e+02,0.00000000e+00,2.30000000e-01,7.69998167e-01,0.00000000e+00
5.39539540e+01,6.41262972e-01,1.51248338e+03,1.39094408e+05,7.52418418e+02,0.00000000e+00,2.30000000e-01,7.70007085e-01,0.00000000e+00
5.40540541e+01,6.20724788e-01,1.52863351e+03,1.33352331e+05,7.45223340e+02,0.00000000e+00,2.30000000e-01,7.70009290e-01,0.00000000e+00
5.41541542e+01,6.01502486e-01,1.54381885e+03,1.28029693e+05,7.38350880e+02,0.00000000e+00,2.30000000e-01,7.69999018e-01,0.00000000e+00
5.42542543e+01,5.84541780e-01,1.55786146e+03,1.23309524e+05,7.31766276e+02,0.00000000e+00,2.30000000e-01,7.69994972e-01,0.00000000e+00
5.43543544e+01,5.69809931e-01,1.57045604e+03,1.19406305e+05,7.26920888e+02,0.00000000e+00,2.30000000e-01,7.69998163e-01,0.00000000e+00
5.44544545e+01,5.56878744e-01,1.58138792e+03,1.16370439e+05,7.24887734e+02,0.00000000e+00,2.30000000e-01,7.70000803e-01,0.00000000e+00
5.45545546e+01,5.45586317e-01,1.59044074e+03,1.14087281e+05,7.25374644e+02,0.00000000e+00,2.30000000e-01,7.70001048e-01,0.00000000e+00
5.46546547e+01,5.35990151e-01,1.59740419e+03,1.12354176e+05,7.27145126e+02,0.00000000e+00,2.30000000e-01,7.70000877e-01,0.00000000e+00
5.47547548e+01,5.28114354e-01,1.60224525e+03,1.11000682e+05,7.29099707e+02,0.00000000e+00,2.30000000e-01,7.69999627e-01,0.00000000e+00
5.48548549e+01,5.21871377e-01,1.60527557e+03,1.09971002e+05,7.30979773e+02,0.00000000e+00,2.30000000e-01,7.69996481e-01,0.00000000e+00
5.49549550e+01,5.17033087e-01,1.60704708e+03,1.09290586e+05,7.33256583e+02,0.00000000e+00,2.30000000e-01,7.69994470e-01,0.00000000e+00
5.50550551e+01,5.13187505e-01,1.60804705e+03,1.08965223e+05,7.36550702e+02,0.00000000e+00,2.30000000e-01,7.69996133e-01,0.00000000e+00
5.51551552e+01,5.09846252e-01,1.60855422e+03,1.08934454e+05,7.41165870e+02,0.00000000e+00,2.30000000e-01,7.69999325e-01,0.00000000e+00
5.52552553e+01,5.06669106e-01,1.60872992e+03,1.09092784e+05,7.46896464e+02,0.00000000e+00,2.30000000e-01,7.70000623e-01,0.00000000e+00
5.53553554e+01,5.03520525e-01,1.60869528e+03,1.09337896e+05,7.53253181e+02,0.00000000e+00,2.30000000e-01,7.70003671e-01,0.00000000e+00
5.54554555e+01,5.00184224e-01,1.60836821e+03,1.09678963e+05,7.60639792e+02,0.00000000e+00,2.30000000e-01,7.70007573e-01,0.00000000e+00
5.55555556e+01,4.96102639e-01,1.60788050e+03,1.10074965e+05,7.69665392e+02,0.00000000e+00,2.30000000e-01,7.70009260e-01,0.00000000e+00
5.56556557e+01,4.90541874e-01,1.60753526e+03,1.10432237e+05,7.80917702e+02,0.00000000e+00,2.30000000e-01,7.70008040e-01,0.00000000e+00
5.57557558e+01,4.82881329e-01,1.60753885e+03,1.10685079e+05,7.95124738e+02,0.00000000e+00,2.30000000e-01,7.70005546e-01,0.00000000e+00
5.58558559e+01,4.72754649e-01,1.60784935e+03,1.10841320e+05,8.13304408e+02,0.00000000e+00,2.30000000e-01,7.70004105e-01,0.00000000e+00
5.59559560e+01,4.59963055e-01,1.60822972e+03,1.10967713e+05,8.36874931e+02,0.00000000e+00,2.30000000e-01,7.70004940e-01,0.00000000e+00
5.60560561e+01,4.44267537e-01,1.60843055e+03,1.11137551e+05,8.67764674e+02,0.00000000e+00,2.30000000e-01,7.70007509e-01,0.00000000e+00
5.61561562e+01,4.25232297e-01,1.60835894e+03,1.11382756e+05,9.08607480e+02,0.00000000e+00,2.30000000e-01,7.70010043e-01,0.00000000e+00
5.62562563e+01,4.02229695e-01,1.60812354e+03,1.11680907e+05,9.63139254e+02,0.00000000e+00,2.30000000e-01,7.70010736e-01,0.00000000e+00
5.63563564e+01,3.74597764e-01,1.60792966e+03,1.11981090e+05,1.03696593e+03,0.00000000e+00,2.30000000e-01,7.70009179e-01,0.00000000e+00
5.64564565e+01,3.41820994e-01,1.60790616e+03,1.12235142e+05,1.13898115e+03,0.00000000e+00,2.30000000e-01,7.70005977e-01,0.00000000e+00
5.65565566e+01,3.03625406e-01,1.60798631e+03,1.12453342e+05,1.28457169e+03,0.00000000e+00,2.30000000e-01,7.70145372e-01,0.00000000e+00
5.66566567e+01,2.62576345e-01,1.60778013e+03,1.12490596e+05,1.48621170e+03,0.00000000e+00,2.30000000e-01,7.69930724e-01,0.00000000e+00
5.67567568e+01,2.29983469e-01,1.60888726e+03,1.12911075e+05,1.70317956e+03,0.00000000e+00,2.30000000e-01,7.69929702e-01,0.00000000e+00
5.68568569e+01,2.06457143e-01,1.61138380e+03,1.13481622e+05,1.90679639e+03,0.00000000e+00,2.30000000e-01,7.69956119e-01,0.00000000e+00
5.69569570e+01,1.90010252e-01,1.61284691e+03,1.13786286e+05,2.07737074e+03,0.00000000e+00,2.30000000e-01,7.69973068e-01,0.00000000e+00
5.70570571e+01,1.79337911e-01,1.61254265e+03,1.13770033e+05,2.20073342e+03,0.00000000e+00,2.30000000e-01,7.69949494e-01,0.00000000e+00
5.71571572e+01,1.73494413e-01,1.61221868e+03,1.13775821e+05,2.27502672e+03,0.00000000e+00,2.30000000e-01,7.69926335e-01,0.00000000e+00
5.72572573e+01,1.71165713e-01,1.61287087e+03,1.13943938e+05,2.30935133e+03,0.00000000e+00,2.30000000e-01,7.69940780e-01,0.00000000e+00
5.73573574e+01,1.70709605e-01,1.61337895e+03,1.14080554e+05,2.31821243e+03,0.00000000e+00,2.30000000e-01,7.69976546e-01,0.00000000e+00
5.74574575e+01,1.70876505e-01,1.61359497e+03,1.14163104e+05,2.31765629e+03,0.00000000e+00,2.30000000e-01,7.69963022e-01,0.00000000e+00
5.75575576e+01,1.71700380e-01,1.61369215e+03,1.14244859e+05,2.30803048e+03,0.00000000e+00,2.30000000e-01,7.70028963e-01,0.00000000e+00
5.76576577e+01,1.72505863e-01,1.61058050e+03,1.13915692e+05,2.29061938e+03,0.00000000e+00,2.30000000e-01,7.70035434e-01,0.00000000e+00
5.77577578e+01,1.72765004e-01,1.60488462e+03,1.12851476e+05,2.26553358e+03,0.00000000e+00,2.30000000e-01,7.70156675e-01,0.00000000e+00
5.78578579e+01,1.71010051e-01,1.58286810e+03,1.09367900e+05,2.21736445e+03,0.00000000e+00,2.30000000e-01,7.70492714e-01,0.00000000e+00
5.79579580e+01,1.59888654e-01,1.50509632e+03,9.72439369e+04,2.10969218e+03,0.00000000e+00,2.29732953e-01,7.70267047e-01,0.00000000e+00
5.80580581e+01,1.21298065e-01,1.22160505e+03,6.25930765e+04,1.78992919e+03,0.00000000e+00,2.29539360e-01,7.70460640e-01,0.00000000e+00
5.81581582e+01,5.75775514e-02,4.80712749e+02,1.52620593e+04,9.19715845e+02,0.00000000e+00,2.31878734e-01,7.68121266e-01,0.00000000e+00
5.82582583e+01,3.69216509e-02,4.42621389e+01,3.64592297e+03,3.42563676e+02,0.00000000e+00,2.30464200e-01,7.69535800e-01,0.00000000e+00
5.83583584e+01,3.47779644e-02,1.18883621e+00,3.01385113e+03,3.00637325e+02,0.00000000e+00,2.30000000e-01,7.69919080e-01,0.00000000e+00
5.84584585e+01,3.46910883e-02,2.45188628e-02,3.00028266e+03,3.00009190e+02,0.00000000e+00,2.30000000e-01,7.69997247e-01,0.00000000e+00
5.85585586e+01,3.46888354e-02,4.94664506e-04,3.00000572e+03,3.00000152e+02,0.00000000e+00,2.30000000e-01,7.69999930e-01,0.00000000e+00
5.86586587e+01,3.46887854e-02,9.95111322e-06,3.00000012e+03,3.00000003e+02,0.00000000e+00,2.30000000e-01,7.69999998e-01,0.00000000e+00
5.87587588e+01,3.46887843e-02,1.99695449e-07,3.00000000e+03,3.00000000e+02,0.00000000e+00,2.30000000e-01,7.70000000e-01,0.00000000e+00
5.88588589e+01,3.46887843e-02,4.00095301e-09,3.00000000e+03,3.00000000e+02,0.00000000e+00,2.30000000e-01,7.70000000e-01,0.00000000e+00
5.89589590e+01,3.46887843e-02,8.01011111e-11,3.00000000e+03,3.00000000e+02,0.00000000e+00,2.30000000e-01,7.70000000e-01,0.00000000e+00
5.90590591e+01,3.46887843e-02,1.59895444e-12,3.00000000e+03,3.00000000e+02,0.00000000e+00,2.30000000e-01,7.70000000e-01,0.00000000e+00
5.91591592e+01,3.46887843e-02,3.14918823e-14,3.00000000e+03,3.00000000e+02,0.00000000e+00,2.30000000e-01,7.70000000e-01,0.00000000e+00
5.92592593e+01,3.46887843e-02,0.00000000e+00,3.00000000e+03,3.00000000e+02,0.00000000e+00,2.30000000e-01,7.70000000e-01,0.00000000e+00
5.93593594e+01,3.46887843e-02,0.00000000e+00,3.00000000e+03,3.00000000e+02,0.00000000e+00,2.30000000e-01,7.70000000e-01,0.00000000e+00
5.94594595e+01,3.46887843e-02,0.00000000e+00,3.00000000e+03,3.00000000e+02,0.00000000e+00,2.30000000e-01,7.70000000e-01,0.00000000e+00
5.95595596e+01,3.46887843e-02,0.00000000e+00,3.00000000e+03,3.00000000e+02,0.00000000e+00,2.30000000e-01,7.70000000e-01,0.00000000e+00
5.96596597e+01,3.46887843e-02,0.00000000e+00,3.00000000e+03,3.00000000e+02,0.00000000e+00,2.30000000e-01,7.70000000e-01,0.00000000e+00
5.97597598e+01,3.46887843e-02,0.00000000e+00,3.00000000e+03,3.00000000e+02,0.00000000e+00,2.30000000e-01,7.70000000e-01,0.00000000e+00
5.98598599e+01,3.46887843e-02,0.00000000e+00,3.00000000e+03,3.00000000e+02,0.00000000e+00,2.30000000e-01,7.70000000e-01,0.00000000e+00
5.99599600e+01,3.46887843e-02,0.00000000e+00,3.00000000e+03,3.00000000e+02,0.00000000e+00,2.30000000e-01,7.70000000e-01,0.00000000e+00
6.00600601e+01,3.46887843e-02,0.00000000e+00,3.00000000e+03,3.00000000e+02,0.00000000e+00,2.30000000e-01,7.70000000e-01,0.00000000e+00
6.01601602e+01,3.46887843e-02,0.00000000e+00,3.00000000e+03,3.00000000e+02,0.00000000e+00,2.30000000e-01,7.70000000e-01,0.00000000e+00
6.02602603e+01,3.46887843e-02,0.00000000e+00,3.00000000e+03,3.00000000e+02,0.00000000e+00,2.30000000e-01,7.70000000e-01,0.00000000e+00
6.03603604e+01,3.46887843e-02,0.00000000e+00,3.00000000e+03,3.00000000e+02,0.00000000e+00,2.30000000e-01,7.70000000e-01,0.00000000e+00
6.04604605e+01,3.46887843e-02,0.00000000e+00,3.00000000e+03,3.00000000e+02,0.00000000e+00,2.30000000e-01,7.70000000e-01,0.00000000e+00
6.05605606e+01,3.46887843e-02,0.00000000e+00,3.00000000e+03,3.00000000e+02,0.00000000e+00,2.30000000e-01,7.70000000e-01,0.00000000e+00
6.06606607e+01,3.46887843e-02,0.00000000e+00,3.00000000e+03,3.00000000e+02,0.00000000e+00,2.30000000e-01,7.70000000e-01,0.00000000e+00
6.07607608e+01,3.46887843e-02,0.00000000e+00,3.00000000e+03,3.00000000e+02,0.00000000e+00,2.30000000e-01,7.70000000e-01,0.00000000e+00
6.08608609e+01,3.46887843e-02,0.00000000e+00,3.00000000e+03,3.00000000e+02,0.00000000e+00,2.30000000e-01,7.70000000e-01,0.00000000e+00
6.09609610e+01,3.46887843e-02,0.00000000e+00,3.00000000e+03,3.00000000e+02,0.00000000e+00,2.30000000e-01,7.70000000e-01,0.00000000e+00
6.10610611e+01,3.46887843e-02,0.00000000e+00,3.00000000e+03,3.00000000e+02,0.00000000e+00,2.30000000e-01,7.70000000e-01,0.00000000e+00
6.11611612e+01,3.46887843e-02,0.00000000e+00,3.00000000e+03,3.00000000e+02,0.00000000e+00,2.30000000e-01,7.70000000e-01,0.00000000e+00
6.12612613e+01,3.46887843e-02,0.00000000e+00,3.00000000e+03,3.00000000e+02,0.00000000e+00,2.30000000e-01,7.70000000e-01,0.00000000e+00
6.13613614e+01,3.46887843e-02,0.00000000e+00,3.00000000e+03,3.00000000e+02,0.00000000e+00,2.30000000e-01,7.70000000e-01,0.00000000e+00
6.14614615e+01,3.46887843e-02,0.00000000e+00,3.00000000e+03,3.00000000e+02,0.00000000e+00,2.30000000e-01,7.70000000e-01,0.00000000e+00
6.15615616e+01,3.46887843e-02,0.00000000e+00,3.00000000e+03,3.00000000e+02,0.00000000e+00,2.30000000e-01,7.70000000e-01,0.00000000e+00
6.16616617e+01,3.46887843e-02,0.00000000e+00,3.00000000e+03,3.00000000e+02,0.00000000e+00,2.30000000e-01,7.70000000e-01,0.00000000e+00
6.17617618e+01,3.46887843e-02,0.00000000e+00,3.00000000e+03,3.00000000e+02,0.00000000e+00,2.30000000e-01,7.70000000e-01,0.00000000e+00
6.18618619e+01,3.46887843e-02,0.00000000e+00,3.00000000e+03,3.00000000e+02,0.00000000e+00,2.30000000e-01,7.70000000e-01,0.00000000e+00
6.19619620e+01,3.46887843e-02,0.00000000e+00,3.00000000e+03,3.00000000e+02,0.00000000e+00,2.30000000e-01,7.70000000e-01,0.00000000e+00
6.20620621e+01,3.46887843e-02,0.00000000e+00,3.00000000e+03,3.00000000e+02,0.00000000e+00,2.30000000e-01,7.70000000e-01,0.00000000e+00
6.21621622e+01,3.46887843e-02,0.00000000e+00,3.00000000e+03,3.00000000e+02,0.00000000e+00,2.30000000e-01,7.70000000e-01,0.00000000e+00
6.22622623e+01,3.46887843e-02,0.00000000e+00,3.00000000e+03,3.00000000e+02,0.00000000e+00,2.30000000e-01,7.70000000e-01,0.00000000e+00
6.23623624e+01,3.46887843e-02,0.00000000e+00,3.00000000e+03,3.00000000e+02,0.00000000e+00,2.30000000e-01,7.70000000e-01,0.00000000e+00
6.24624625e+01,3.46887843e-02,0.00000000e+00,3.00000000e+03,3.00000000e+02,0.00000000e+00,2.30000000e-01,7.70000000e-01,0.00000000e+00
6.25625626e+01,3.46887843e-02,0.00000000e+00,3.00000000e+03,3.00000000e+02,0.00000000e+00,2.30000000e-01,7.70000000e-01,0.00000000e+00
6.26626627e+01,3.46887843e-02,0.00000000e+00,3.00000000e+03,3.00000000e+02,0.00000000e+00,2.30000000e-01,7.70000000e-01,0.00000000e+00
6.27627628e+01,3.46887843e-02,0.00000000e+00,3.00000000e+03,3.00000000e+02,0.00000000e+00,2.30000000e-01,7.70000000e-01,0.00000000e+00
6.28628629e+01,3.46887843e-02,0.00000000e+00,3.00000000e+03,3.00000000e+02,0.00000000e+00,2.30000000e-01,7.70000000e-01,0.00000000e+00
6.29629630e+01,3.46887843e-02,0.00000000e+00,3.00000000e+03,3.00000000e+02,0.00000000e+00,2.30000000e-01,7.70000000e-01,0.00000000e+00
6.30630631e+01,3.46887843e-02,0.00000000e+00,3.00000000e+03,3.00000000e+02,0.00000000e+00,2.30000000e-01,7.70000000e-01,0.00000000e+00
6.31631632e+01,3.46887843e-02,0.00000000e+00,3.00000000e+03,3.00000000e+02,0.00000000e+00,2.30000000e-01,7.70000000e-01,0.00000000e+00
6.32632633e+01,3.46887843e-02,0.00000000e+00,3.00000000e+03,3.00000000e+02,0.00000000e+00,2.30000000e-01,7.70000000e-01,0.00000000e+00
6.33633634e+01,3.46887843e-02,0.00000000e+00,3.00000000e+03,3.00000000e+02,0.00000000e+00,2.30000000e-01,7.70000000e-01,0.00000000e+00
6.34634635e+01,3.46887843e-02,0.00000000e+00,3.00000000e+03,3.00000000e+02,0.00000000e+00,2.30000000e-01,7.70000000e-01,0.00000000e+00
6.35635636e+01,3.46887843e-02,0.00000000e+00,3.00000000e+03,3.00000000e+02,0.00000000e+00,2.30000000e-01,7.70000000e-01,0.00000000e+00
6.36636637e+01,3.46887843e-02,0.00000000e+00,3.00000000e+03,3.00000000e+02,0.00000000e+00,2.30000000e-01,7.70000000e-01,0.00000000e+00
6.37637638e+01,3.46887843e-02,0.00000000e+00,3.00000000e+03,3.00000000e+02,0.00000000e+00,2.30000000e-01,7.70000000e-01,0.00000000e+00
6.38638639e+01,3.46887843e-02,0.00000000e+00,3.00000000e+03,3.00000000e+02,0.00000000e+00,2.30000000e-01,7.70000000e-01,0.00000000e+00
6.39639640e+01,3.46887843e-02,0.00000000e+00,3.00000000e+03,3.00000000e+02,0.00000000e+00,2.30000000e-01,7.70000000e-01,0.00000000e+00
6.40640641e+01,3.46887843e-02,0.00000000e+00,3.00000000e+03,3.00000000e+02,0.00000000e+00,2.30000000e-01,7.70000000e-01,0.00000000e+00
6.41641642e+01,3.46887843e-02,0.00000000e+00,3.00000000e+03,3.00000000e+02,0.00000000e+00,2.30000000e-01,7.70000000e-01,0.00000000e+00
6.42642643e+01,3.46887843e-02,0.00000000e+00,3.00000000e+03,3.00000000e+02,0.00000000e+00,2.30000000e-01,7.70000000e-01,0.00000000e+00
6.43643644e+01,3.46887843e-02,0.00000000e+00,3.00000000e+03,3.00000000e+02,0.00000000e+00,2.30000000e-01,7.70000000e-01,0.00000000e+00
6.44644645e+01,3.46887843e-02,0.00000000e+00,3.00000000e+03,3.00000000e+02,0.00000000e+00,2.30000000e-01,7.70000000e-01,0.00000000e+00
6.45645646e+01,3.46887843e-02,0.00000000e+00,3.00000000e+03,3.00000000e+02,0.00000000e+00,2.30000000e-01,7.70000000e-01,0.00000000e+00
6.46646647e+01,3.46887843e-02,0.00000000e+00,3.00000000e+03,3.00000000e+02,0.00000000e+00,2.30000000e-01,7.70000000e-01,0.00000000e+00
6.47647648e+01,3.46887843e-02,0.00000000e+00,3.00000000e+03,3.00000000e+02,0.00000000e+00,2.30000000e-01,7.70000000e-01,0.00000000e+00
6.48648649e+01,3.46887843e-02,0.00000000e+00,3.00000000e+03,3.00000000e+02,0.00000000e+00,2.30000000e-01,7.70000000e-01,0.00000000e+00
6.49649650e+01,3.46887843e-02,0.00000000e+00,3.00000000e+03,3.00000000e+02,0.00000000e+00,2.30000000e-01,7.70000000e-01,0.00000000e+00
6.50650651e+01,3.46887843e-02,0.00000000e+00,3.00000000e+03,3.00000000e+02,0.00000000e+00,2.30000000e-01,7.70000000e-01,0.00000000e+00
6.51651652e+01,3.46887843e-02,0.00000000e+00,3.00000000e+03,3.00000000e+02,0.00000000e+00,2.30000000e-01,7.70000000e-01,0.00000000e+00
6.52652653e+01,3.46887843e-02,0.00000000e+00,3.00000000e+03,3.00000000e+02,0.00000000e+00,2.30000000e-01,7.70000000e-01,0.00000000e+00
6.53653654e+01,3.46887843e-02,0.00000000e+00,3.00000000e+03,3.00000000e+02,0.00000000e+00,2.30000000e-01,7.70000000e-01,0.00000000e+00
6.54654655e+01,3.46887843e-02,0.00000000e+00,3.00000000e+03,3.00000000e+02,0.00000000e+00,2.30000000e-01,7.70000000e-01,0.00000000e+00
6.55655656e+01,3.46887843e-02,0.00000000e+00,3.00000000e+03,3.00000000e+02,0.00000000e+00,2.30000000e-01,7.70000000e-01,0.00000000e+00
6.56656657e+01,3.46887843e-02,0.00000000e+00,3.00000000e+03,3.00000000e+02,0.00000000e+00,2.30000000e-01,7.70000000e-01,0.00000000e+00
6.57657658e+01,3.46887843e-02,0.00000000e+00,3.00000000e+03,3.00000000e+02,0.00000000e+00,2.30000000e-01,7.70000000e-01,0.00000000e+00
6.58658659e+01,3.46887843e-02,0.00000000e+00,3.00000000e+03,3.00000000e+02,0.00000000e+00,2.30000000e-01,7.70000000e-01,0.00000000e+00
6.59659660e+01,3.46887843e-02,0.00000000e+00,3.00000000e+03,3.00000000e+02,0.00000000e+00,2.30000000e-01,7.70000000e-01,0.00000000e+00
6.60660661e+01,3.46887843e-02,0.00000000e+00,3.00000000e+03,3.00000000e+02,0.00000000e+00,2.30000000e-01,7.70000000e-01,0.00000000e+00
6.61661662e+01,3.46887843e-02,0.00000000e+00,3.00000000e+03,3.00000000e+02,0.00000000e+00,2.30000000e-01,7.70000000e-01,0.00000000e+00
6.62662663e+01,3.46887843e-02,0.00000000e+00,3.00000000e+03,3.00000000e+02,0.00000000e+00,2.30000000e-01,7.70000000e-01,0.00000000e+00
6.63663664e+01,3.46887843e-02,0.00000000e+00,3.00000000e+03,3.00000000e+02,0.00000000e+00,2.30000000e-01,7.70000000e-01,0.00000000e+00
6.64664665e+01,3.46887843e-02,0.00000000e+00,3.00000000e+03,3.00000000e+02,0.00000000e+00,2.30000000e-01,7.70000000e-01,0.00000000e+00
6.65665666e+01,3.46887843e-02,0.00000000e+00,3.00000000e+03,3.00000000e+02,0.00000000e+00,2.30000000e-01,7.70000000e-01,0.00000000e+00
6.66666667e+01,3.46887843e-02,0.00000000e+00,3.00000000e+03,3.00000000e+02,0.00000000e+00,2.30000000e-01,7.70000000e-01,0.00000000e+00
6.67667668e+01,3.46887843e-02,0.00000000e+00,3.00000000e+03,3.00000000e+02,0.00000000e+00,2.30000000e-01,7.70000000e-01,0.00000000e+00
6.68668669e+01,3.46887843e-02,0.00000000e+00,3.00000000e+03,3.00000000e+02,0.00000000e+00,2.30000000e-01,7.70000000e-01,0.00000000e+00
6.69669670e+01,3.46887843e-02,0.00000000e+00,3.00000000e+03,3.00000000e+02,0.00000000e+00,2.30000000e-01,7.70000000e-01,0.00000000e+00
6.70670671e+01,3.46887843e-02,0.00000000e+00,3.00000000e+03,3.00000000e+02,0.00000000e+00,2.30000000e-01,7.70000000e-01,0.00000000e+00
6.71671672e+01,3.46887843e-02,0.00000000e+00,3.00000000e+03,3.00000000e+02,0.00000000e+00,2.30000000e-01,7.70000000e-01,0.00000000e+00
6.72672673e+01,3.46887843e-02,0.00000000e+00,3.00000000e+03,3.00000000e+02,0.00000000e+00,2.30000000e-01,7.70000000e-01,0.00000000e+00
6.73673674e+01,3.46887843e-02,0.00000000e+00,3.00000000e+03,3.00000000e+02,0.00000000e+00,2.30000000e-01,7.70000000e-01,0.00000000e+00
6.74674675e+01,3.46887843e-02,0.00000000e+00,3.00000000e+03,3.00000000e+02,0.00000000e+00,2.30000000e-01,7.70000000e-01,0.00000000e+00
6.75675676e+01,3.46887843e-02,0.00000000e+00,3.00000000e+03,3.00000000e+02,0.00000000e+00,2.30000000e-01,7.70000000e-01,0.00000000e+00
6.76676677e+01,3.46887843e-02,0.00000000e+00,3.00000000e+03,3.00000000e+02,0.00000000e+00,2.30000000e-01,7.70000000e-01,0.00000000e+00
6.77677678e+01,3.46887843e-02,0.00000000e+00,3.00000000e+03,3.00000000e+02,0.00000000e+00,2.30000000e-01,7.70000000e-01,0.00000000e+00
6.78678679e+01,3.46887843e-02,0.00000000e+00,3.00000000e+03,3.00000000e+02,0.00000000e+00,2.30000000e-01,7.70000000e-01,0.00000000e+00
6.79679680e+01,3.46887843e-02,0.00000000e+00,3.00000000e+03,3.00000000e+02,0.00000000e+00,2.30000000e-01,7.70000000e-01,0.00000000e+00
6.80680681e+01,3.46887843e-02,0.00000000e+00,3.00000000e+03,3.00000000e+02,0.00000000e+00,2.30000000e-01,7.70000000e-01,0.00000000e+00
6.81681682e+01,3.46887843e-02,0.00000000e+00,3.00000000e+03,3.00000000e+02,0.00000000e+00,2.30000000e-01,7.70000000e-01,0.00000000e+00
6.82682683e+01,3.46887843e-02,0.00000000e+00,3.00000000e+03,3.00000000e+02,0.00000000e+00,2.30000000e-01,7.70000000e-01,0.00000000e+00
6.83683684e+01,3.46887843e-02,0.00000000e+00,3.00000000e+03,3.00000000e+02,0.00000000e+00,2.30000000e-01,7.70000000e-01,0.00000000e+00
6.84684685e+01,3.46887843e-02,0.00000000e+00,3.00000000e+03,3.00000000e+02,0.00000000e+00,2.30000000e-01,7.70000000e-01,0.00000000e+00
6.85685686e+01,3.46887843e-02,0.00000000e+00,3.00000000e+03,3.00000000e+02,0.00000000e+00,2.30000000e-01,7.70000000e-01,0.00000000e+00
6.86686687e+01,3.46887843e-02,0.00000000e+00,3.00000000e+03,3.00000000e+02,0.00000000e+00,2.30000000e-01,7.70000000e-01,0.00000000e+00
6.87687688e+01,3.46887843e-02,0.00000000e+00,3.00000000e+03,3.00000000e+02,0.00000000e+00,2.30000000e-01,7.70000000e-01,0.00000000e+00
6.88688689e+01,3.46887843e-02,0.00000000e+00,3.00000000e+03,3.00000000e+02,0.00000000e+00,2.30000000e-01,7.70000000e-01,0.00000000e+00
6.89689690e+01,3.46887843e-02,0.00000000e+00,3.00000000e+03,3.00000000e+02,0.00000000e+00,2.30000000e-01,7.70000000e-01,0.00000000e+00
6.90690691e+01,3.46887843e-02,0.00000000e+00,3.00000000e+03,3.00000000e+02,0.00000000e+00,2.30000000e-01,7.70000000e-01,0.00000000e+00
6.91691692e+01,3.46887843e-02,0.00000000e+00,3.00000000e+03,3.00000000e+02,0.00000000e+00,2.30000000e-01,7.70000000e-01,0.00000000e+00
6.92692693e+01,3.46887843e-02,0.00000000e+00,3.00000000e+03,3.00000000e+02,0.00000000e+00,2.30000000e-01,7.70000000e-01,0.00000000e+00
6.93693694e+01,3.46887843e-02,0.00000000e+00,3.00000000e+03,3.00000000e+02,0.00000000e+00,2.30000000e-01,7.70000000e-01,0.00000000e+00
6.94694695e+01,3.46887843e-02,0.00000000e+00,3.00000000e+03,3.00000000e+02,0.00000000e+00,2.30000000e-01,7.70000000e-01,0.00000000e+00
6.95695696e+01,3.46887843e-02,0.00000000e+00,3.00000000e+03,3.00000000e+02,0.00000000e+00,2.30000000e-01,7.70000000e-01,0.00000000e+00
6.96696697e+01,3.46887843e-02,0.00000000e+00,3.00000000e+03,3.00000000e+02,0.00000000e+00,2.30000000e-01,7.70000000e-01,0.00000000e+00
6.97697698e+01,3.46887843e-02,0.00000000e+00,3.00000000e+03,3.00000000e+02,0.00000000e+00,2.30000000e-01,7.70000000e-01,0.00000000e+00
6.98698699e+01,3.46887843e-02,0.00000000e+00,3.00000000e+03,3.00000000e+02,0.00000000e+00,2.30000000e-01,7.70000000e-01,0.00000000e+00
6.99699700e+01,3.46887843e-02,0.00000000e+00,3.00000000e+03,3.00000000e+02,0.00000000e+00,2.30000000e-01,7.70000000e-01,0.00000000e+00
7.00700701e+01,3.46887843e-02,0.00000000e+00,3.00000000e+03,3.00000000e+02,0.00000000e+00,2.30000000e-01,7.70000000e-01,0.00000000e+00
7.01701702e+01,3.46887843e-02,0.00000000e+00,3.00000000e+03,3.00000000e+02,0.00000000e+00,2.30000000e-01,7.70000000e-01,0.00000000e+00
7.02702703e+01,3.46887843e-02,0.00000000e+00,3.00000000e+03,3.00000000e+02,0.00000000e+00,2.30000000e-01,7.70000000e-01,0.00000000e+00
7.03703704e+01,3.46887843e-02,0.00000000e+00,3.00000000e+03,3.00000000e+02,0.00000000e+00,2.30000000e-01,7.70000000e-01,0.00000000e+00
7.04704705e+01,3.46887843e-02,0.00000000e+00,3.00000000e+03,3.00000000e+02,0.00000000e+00,2.30000000e-01,7.70000000e-01,0.00000000e+00
7.05705706e+01,3.46887843e-02,0.00000000e+00,3.00000000e+03,3.00000000e+02,0.00000000e+00,2.30000000e-01,7.70000000e-01,0.00000000e+00
7.06706707e+01,3.46887843e-02,0.00000000e+00,3.00000000e+03,3.00000000e+02,0.00000000e+00,2.30000000e-01,7.70000000e-01,0.00000000e+00
7.07707708e+01,3.46887843e-02,0.00000000e+00,3.00000000e+03,3.00000000e+02,0.00000000e+00,2.30000000e-01,7.70000000e-01,0.00000000e+00
7.08708709e+01,3.46887843e-02,0.00000000e+00,3.00000000e+03,3.00000000e+02,0.00000000e+00,2.30000000e-01,7.70000000e-01,0.00000000e+00
7.09709710e+01,3.46887843e-02,0.00000000e+00,3.00000000e+03,3.00000000e+02,0.00000000e+00,2.30000000e-01,7.70000000e-01,0.00000000e+00
7.10710711e+01,3.46887843e-02,0.00000000e+00,3.00000000e+03,3.00000000e+02,0.00000000e+00,2.30000000e-01,7.70000000e-01,0.00000000e+00
7.11711712e+01,3.46887843e-02,0.00000000e+00,3.00000000e+03,3.00000000e+02,0.00000000e+00,2.30000000e-01,7.70000000e-01,0.00000000e+00
7.12712713e+01,3.46887843e-02,0.00000000e+00,3.00000000e+03,3.00000000e+02,0.00000000e+00,2.30000000e-01,7.70000000e-01,0.00000000e+00
7.13713714e+01,3.46887843e-02,0.00000000e+00,3.00000000e+03,3.00000000e+02,0.00000000e+00,2.30000000e-01,7.70000000e-01,0.00000000e+00
7.14714715e+01,3.46887843e-02,0.00000000e+00,3.00000000e+03,3.00000000e+02,0.00000000e+00,2.30000000e-01,7.70000000e-01,0.00000000e+00
7.15715716e+01,3.46887843e-02,0.00000000e+00,3.00000000e+03,3.00000000e+02,0.00000000e+00,2.30000000e-01,7.70000000e-01,0.00000000e+00
7.16716717e+01,3.46887843e-02,0.00000000e+00,3.00000000e+03,3.00000000e+02,0.00000000e+00,2.30000000e-01,7.70000000e-01,0.00000000e+00
7.17717718e+01,3.46887843e-02,0.00000000e+00,3.00000000e+03,3.00000000e+02,0.00000000e+00,2.30000000e-01,7.70000000e-01,0.00000000e+00
7.18718719e+01,3.46887843e-02,0.00000000e+00,3.00000000e+03,3.00000000e+02,0.00000000e+00,2.30000000e-01,7.70000000e-01,0.00000000e+00
7.19719720e+01,3.46887843e-02,0.00000000e+00,3.00000000e+03,3.00000000e+02,0.00000000e+00,2.30000000e-01,7.70000000e-01,0.00000000e+00
7.20720721e+01,3.46887843e-02,0.00000000e+00,3.00000000e+03,3.00000000e+02,0.00000000e+00,2.30000000e-01,7.70000000e-01,0.00000000e+00
7.21721722e+01,3.46887843e-02,0.00000000e+00,3.00000000e+03,3.00000000e+02,0.00000000e+00,2.30000000e-01,7.70000000e-01,0.00000000e+00
7.22722723e+01,3.46887843e-02,0.00000000e+00,3.00000000e+03,3.00000000e+02,0.00000000e+00,2.30000000e-01,7.70000000e-01,0.00000000e+00
7.23723724e+01,3.46887843e-02,0.00000000e+00,3.00000000e+03,3.00000000e+02,0.00000000e+00,2.30000000e-01,7.70000000e-01,0.00000000e+00
7.24724725e+01,3.46887843e-02,0.00000000e+00,3.00000000e+03,3.00000000e+02,0.00000000e+00,2.30000000e-01,7.70000000e-01,0.00000000e+00
7.25725726e+01,3.46887843e-02,0.00000000e+00,3.00000000e+03,3.00000000e+02,0.00000000e+00,2.30000000e-01,7.70000000e-01,0.00000000e+00
7.26726727e+01,3.46887843e-02,0.00000000e+00,3.00000000e+03,3.00000000e+02,0.00000000e+00,2.30000000e-01,7.70000000e-01,0.00000000e+00
7.27727728e+01,3.46887843e-02,0.00000000e+00,3.00000000e+03,3.00000000e+02,0.00000000e+00,2.30000000e-01,7.70000000e-01,0.00000000e+00
7.28728729e+01,3.46887843e-02,0.00000000e+00,3.00000000e+03,3.00000000e+02,0.00000000e+00,2.30000000e-01,7.70000000e-01,0.00000000e+00
7.29729730e+01,3.46887843e-02,0.00000000e+00,3.00000000e+03,3.00000000e+02,0.00000000e+00,2.30000000e-01,7.70000000e-01,0.00000000e+00
7.30730731e+01,3.46887843e-02,0.00000000e+00,3.00000000e+03,3.00000000e+02,0.00000000e+00,2.30000000e-01,7.70000000e-01,0.00000000e+00
7.31731732e+01,3.46887843e-02,0.00000000e+00,3.00000000e+03,3.00000000e+02,0.00000000e+00,2.30000000e-01,7.70000000e-01,0.00000000e+00
7.32732733e+01,3.46887843e-02,0.00000000e+00,3.00000000e+03,3.00000000e+02,0.00000000e+00,2.30000000e-01,7.70000000e-01,0.00000000e+00
7.33733734e+01,3.46887843e-02,0.00000000e+00,3.00000000e+03,3.00000000e+02,0.00000000e+00,2.30000000e-01,7.70000000e-01,0.00000000e+00
7.34734735e+01,3.46887843e-02,0.00000000e+00,3.00000000e+03,3.00000000e+02,0.00000000e+00,2.30000000e-01,7.70000000e-01,0.00000000e+00
7.35735736e+01,3.46887843e-02,0.00000000e+00,3.00000000e+03,3.00000000e+02,0.00000000e+00,2.30000000e-01,7.70000000e-01,0.00000000e+00
7.36736737e+01,3.46887843e-02,0.00000000e+00,3.00000000e+03,3.00000000e+02,0.00000000e+00,2.30000000e-01,7.70000000e-01,0.00000000e+00
7.37737738e+01,3.46887843e-02,0.00000000e+00,3.00000000e+03,3.00000000e+02,0.00000000e+00,2.30000000e-01,7.70000000e-01,0.00000000e+00
7.38738739e+01,3.46887843e-02,0.00000000e+00,3.00000000e+03,3.00000000e+02,0.00000000e+00,2.30000000e-01,7.70000000e-01,0.00000000e+00
7.39739740e+01,3.46887843e-02,0.00000000e+00,3.00000000e+03,3.00000000e+02,0.00000000e+00,2.30000000e-01,7.70000000e-01,0.00000000e+00
7.40740741e+01,3.46887843e-02,0.00000000e+00,3.00000000e+03,3.00000000e+02,0.00000000e+00,2.30000000e-01,7.70000000e-01,0.00000000e+00
7.41741742e+01,3.46887843e-02,0.00000000e+00,3.00000000e+03,3.00000000e+02,0.00000000e+00,2.30000000e-01,7.70000000e-01,0.00000000e+00
7.42742743e+01,3.46887843e-02,0.00000000e+00,3.00000000e+03,3.00000000e+02,0.00000000e+00,2.30000000e-01,7.70000000e-01,0.00000000e+00
7.43743744e+01,3.46887843e-02,0.00000000e+00,3.00000000e+03,3.00000000e+02,0.00000000e+00,2.30000000e-01,7.70000000e-01,0.00000000e+00
7.44744745e+01,3.46887843e-02,0.00000000e+00,3.00000000e+03,3.00000000e+02,0.00000000e+00,2.30000000e-01,7.70000000e-01,0.00000000e+00
7.45745746e+01,3.46887843e-02,0.00000000e+00,3.00000000e+03,3.00000000e+02,0.00000000e+00,2.30000000e-01,7.70000000e-01,0.00000000e+00
7.46746747e+01,3.46887843e-02,0.00000000e+00,3.00000000e+03,3.00000000e+02,0.00000000e+00,2.30000000e-01,7.70000000e-01,0.00000000e+00
7.47747748e+01,3.46887843e-02,0.00000000e+00,3.00000000e+03,3.00000000e+02,0.00000000e+00,2.30000000e-01,7.70000000e-01,0.00000000e+00
7.48748749e+01,3.46887843e-02,0.00000000e+00,3.00000000e+03,3.00000000e+02,0.00000000e+00,2.30000000e-01,7.70000000e-01,0.00000000e+00
7.49749750e+01,3.46887843e-02,0.00000000e+00,3.00000000e+03,3.00000000e+02,0.00000000e+00,2.30000000e-01,7.70000000e-01,0.00000000e+00
7.50750751e+01,3.46887843e-02,0.00000000e+00,3.00000000e+03,3.00000000e+02,0.00000000e+00,2.30000000e-01,7.70000000e-01,0.00000000e+00
7.51751752e+01,3.46887843e-02,0.00000000e+00,3.00000000e+03,3.00000000e+02,0.00000000e+00,2.30000000e-01,7.70000000e-01,0.00000000e+00
7.52752753e+01,3.46887843e-02,0.00000000e+00,3.00000000e+03,3.00000000e+02,0.00000000e+00,2.30000000e-01,7.70000000e-01,0.00000000e+00
7.53753754e+01,3.46887843e-02,0.00000000e+00,3.00000000e+03,3.00000000e+02,0.00000000e+00,2.30000000e-01,7.70000000e-01,0.00000000e+00
7.54754755e+01,3.46887843e-02,0.00000000e+00,3.00000000e+03,3.00000000e+02,0.00000000e+00,2.30000000e-01,7.70000000e-01,0.00000000e+00
7.55755756e+01,3.46887843e-02,0.00000000e+00,3.00000000e+03,3.00000000e+02,0.00000000e+00,2.30000000e-01,7.70000000e-01,0.00000000e+00
7.56756757e+01,3.46887843e-02,0.00000000e+00,3.00000000e+03,3.00000000e+02,0.00000000e+00,2.30000000e-01,7.70000000e-01,0.00000000e+00
7.57757758e+01,3.46887843e-02,0.00000000e+00,3.00000000e+03,3.00000000e+02,0.00000000e+00,2.30000000e-01,7.70000000e-01,0.00000000e+00
7.58758759e+01,3.46887843e-02,0.00000000e+00,3.00000000e+03,3.00000000e+02,0.00000000e+00,2.30000000e-01,7.70000000e-01,0.00000000e+00
7.59759760e+01,3.46887843e-02,0.00000000e+00,3.00000000e+03,3.00000000e+02,0.00000000e+00,2.30000000e-01,7.70000000e-01,0.00000000e+00
7.60760761e+01,3.46887843e-02,0.00000000e+00,3.00000000e+03,3.00000000e+02,0.00000000e+00,2.30000000e-01,7.70000000e-01,0.00000000e+00
7.61761762e+01,3.46887843e-02,0.00000000e+00,3.00000000e+03,3.00000000e+02,0.00000000e+00,2.30000000e-01,7.70000000e-01,0.00000000e+00
7.62762763e+01,3.46887843e-02,0.00000000e+00,3.00000000e+03,3.00000000e+02,0.00000000e+00,2.30000000e-01,7.70000000e-01,0.00000000e+00
7.63763764e+01,3.46887843e-02,0.00000000e+00,3.00000000e+03,3.00000000e+02,0.00000000e+00,2.30000000e-01,7.70000000e-01,0.00000000e+00
7.64764765e+01,3.46887843e-02,0.00000000e+00,3.00000000e+03,3.00000000e+02,0.00000000e+00,2.30000000e-01,7.70000000e-01,0.00000000e+00
7.65765766e+01,3.46887843e-02,0.00000000e+00,3.00000000e+03,3.00000000e+02,0.00000000e+00,2.30000000e-01,7.70000000e-01,0.00000000e+00
7.66766767e+01,3.46887843e-02,0.00000000e+00,3.00000000e+03,3.00000000e+02,0.00000000e+00,2.30000000e-01,7.70000000e-01,0.00000000e+00
7.67767768e+01,3.46887843e-02,0.00000000e+00,3.00000000e+03,3.00000000e+02,0.00000000e+00,2.30000000e-01,7.70000000e-01,0.00000000e+00
7.68768769e+01,3.46887843e-02,0.00000000e+00,3.00000000e+03,3.00000000e+02,0.00000000e+00,2.30000000e-01,7.70000000e-01,0.00000000e+00
7.69769770e+01,3.46887843e-02,0.00000000e+00,3.00000000e+03,3.00000000e+02,0.00000000e+00,2.30000000e-01,7.70000000e-01,0.00000000e+00
7.70770771e+01,3.46887843e-02,0.00000000e+00,3.00000000e+03,3.00000000e+02,0.00000000e+00,2.30000000e-01,7.70000000e-01,0.00000000e+00
7.71771772e+01,3.46887843e-02,0.00000000e+00,3.00000000e+03,3.00000000e+02,0.00000000e+00,2.30000000e-01,7.70000000e-01,0.00000000e+00
7.72772773e+01,3.46887843e-02,0.00000000e+00,3.00000000e+03,3.00000000e+02,0.00000000e+00,2.30000000e-01,7.70000000e-01,0.00000000e+00
7.73773774e+01,3.46887843e-02,0.00000000e+00,3.00000000e+03,3.00000000e+02,0.00000000e+00,2.30000000e-01,7.70000000e-01,0.00000000e+00
7.74774775e+01,3.46887843e-02,0.00000000e+00,3.00000000e+03,3.00000000e+02,0.00000000e+00,2.30000000e-01,7.70000000e-01,0.00000000e+00
7.75775776e+01,3.46887843e-02,0.00000000e+00,3.00000000e+03,3.00000000e+02,0.00000000e+00,2.30000000e-01,7.70000000e-01,0.00000000e+00
7.76776777e+01,3.46887843e-02,0.00000000e+00,3.00000000e+03,3.00000000e+02,0.00000000e+00,2.30000000e-01,7.70000000e-01,0.00000000e+00
7.77777778e+01,3.46887843e-02,0.00000000e+00,3.00000000e+03,3.00000000e+02,0.00000000e+00,2.30000000e-01,7.70000000e-01,0.00000000e+00
7.78778779e+01,3.46887843e-02,0.00000000e+00,3.00000000e+03,3.00000000e+02,0.00000000e+00,2.30000000e-01,7.70000000e-01,0.00000000e+00
7.79779780e+01,3.46887843e-02,0.00000000e+00,3.00000000e+03,3.00000000e+02,0.00000000e+00,2.30000000e-01,7.70000000e-01,0.00000000e+00
7.80780781e+01,3.46887843e-02,0.00000000e+00,3.00000000e+03,3.00000000e+02,0.00000000e+00,2.30000000e-01,7.70000000e-01,0.00000000e+00
7.81781782e+01,3.46887843e-02,0.00000000e+00,3.00000000e+03,3.00000000e+02,0.00000000e+00,2.30000000e-01,7.70000000e-01,0.00000000e+00
7.82782783e+01,3.46887843e-02,0.00000000e+00,3.00000000e+03,3.00000000e+02,0.00000000e+00,2.30000000e-01,7.70000000e-01,0.00000000e+00
7.83783784e+01,3.46887843e-02,0.00000000e+00,3.00000000e+03,3.00000000e+02,0.00000000e+00,2.30000000e-01,7.70000000e-01,0.00000000e+00
7.84784785e+01,3.46887843e-02,0.00000000e+00,3.00000000e+03,3.00000000e+02,0.00000000e+00,2.30000000e-01,7.70000000e-01,0.00000000e+00
7.85785786e+01,3.46887843e-02,0.00000000e+00,3.00000000e+03,3.00000000e+02,0.00000000e+00,2.30000000e-01,7.70000000e-01,0.00000000e+00
7.86786787e+01,3.46887843e-02,0.00000000e+00,3.00000000e+03,3.00000000e+02,0.00000000e+00,2.30000000e-01,7.70000000e-01,0.00000000e+00
7.87787788e+01,3.46887843e-02,0.00000000e+00,3.00000000e+03,3.00000000e+02,0.00000000e+00,2.30000000e-01,7.70000000e-01,0.00000000e+00
7.88788789e+01,3.46887843e-02,0.00000000e+00,3.00000000e+03,3.00000000e+02,0.00000000e+00,2.30000000e-01,7.70000000e-01,0.00000000e+00
7.89789790e+01,3.46887843e-02,0.00000000e+00,3.00000000e+03,3.00000000e+02,0.00000000e+00,2.30000000e-01,7.70000000e-01,0.00000000e+00
7.90790791e+01,3.46887843e-02,0.00000000e+00,3.00000000e+03,3.00000000e+02,0.00000000e+00,2.30000000e-01,7.70000000e-01,0.00000000e+00
7.91791792e+01,3.46887843e-02,0.00000000e+00,3.00000000e+03,3.00000000e+02,0.00000000e+00,2.30000000e-01,7.70000000e-01,0.00000000e+00
7.92792793e+01,3.46887843e-02,0.00000000e+00,3.00000000e+03,3.00000000e+02,0.00000000e+00,2.30000000e-01,7.70000000e-01,0.00000000e+00
7.93793794e+01,3.46887843e-02,0.00000000e+00,3.00000000e+03,3.00000000e+02,0.00000000e+00,2.30000000e-01,7.70000000e-01,0.00000000e+00
7.94794795e+01,3.46887843e-02,0.00000000e+00,3.00000000e+03,3.00000000e+02,0.00000000e+00,2.30000000e-01,7.70000000e-01,0.00000000e+00
7.95795796e+01,3.46887843e-02,0.00000000e+00,3.00000000e+03,3.00000000e+02,0.00000000e+00,2.30000000e-01,7.70000000e-01,0.00000000e+00
7.96796797e+01,3.46887843e-02,0.00000000e+00,3.00000000e+03,3.00000000e+02,0.00000000e+00,2.30000000e-01,7.70000000e-01,0.00000000e+00
7.97797798e+01,3.46887843e-02,0.00000000e+00,3.00000000e+03,3.00000000e+02,0.00000000e+00,2.30000000e-01,7.70000000e-01,0.00000000e+00
7.98798799e+01,3.46887843e-02,0.00000000e+00,3.00000000e+03,3.00000000e+02,0.00000000e+00,2.30000000e-01,7.70000000e-01,0.00000000e+00
7.99799800e+01,3.46887843e-02,0.00000000e+00,3.00000000e+03,3.00000000e+02,0.00000000e+00,2.30000000e-01,7.70000000e-01,0.00000000e+00
8.00800801e+01,3.46887843e-02,0.00000000e+00,3.00000000e+03,3.00000000e+02,0.00000000e+00,2.30000000e-01,7.70000000e-01,0.00000000e+00
8.01801802e+01,3.46887843e-02,0.00000000e+00,3.00000000e+03,3.00000000e+02,0.00000000e+00,2.30000000e-01,7.70000000e-01,0.00000000e+00
8.02802803e+01,3.46887843e-02,0.00000000e+00,3.00000000e+03,3.00000000e+02,0.00000000e+00,2.30000000e-01,7.70000000e-01,0.00000000e+00
8.03803804e+01,3.46887843e-02,0.00000000e+00,3.00000000e+03,3.00000000e+02,0.00000000e+00,2.30000000e-01,7.70000000e-01,0.00000000e+00
8.04804805e+01,3.46887843e-02,0.00000000e+00,3.00000000e+03,3.00000000e+02,0.00000000e+00,2.30000000e-01,7.70000000e-01,0.00000000e+00
8.05805806e+01,3.46887843e-02,0.00000000e+00,3.00000000e+03,3.00000000e+02,0.00000000e+00,2.30000000e-01,7.70000000e-01,0.00000000e+00
8.06806807e+01,3.46887843e-02,0.00000000e+00,3.00000000e+03,3.00000000e+02,0.00000000e+00,2.30000000e-01,7.70000000e-01,0.00000000e+00
8.07807808e+01,3.46887843e-02,0.00000000e+00,3.00000000e+03,3.00000000e+02,0.00000000e+00,2.30000000e-01,7.70000000e-01,0.00000000e+00
8.08808809e+01,3.46887843e-02,0.00000000e+00,3.00000000e+03,3.00000000e+02,0.00000000e+00,2.30000000e-01,7.70000000e-01,0.00000000e+00
8.09809810e+01,3.46887843e-02,0.00000000e+00,3.00000000e+03,3.00000000e+02,0.00000000e+00,2.30000000e-01,7.70000000e-01,0.00000000e+00
8.10810811e+01,3.46887843e-02,0.00000000e+00,3.00000000e+03,3.00000000e+02,0.00000000e+00,2.30000000e-01,7.70000000e-01,0.00000000e+00
8.11811812e+01,3.46887843e-02,0.00000000e+00,3.00000000e+03,3.00000000e+02,0.00000000e+00,2.30000000e-01,7.70000000e-01,0.00000000e+00
8.12812813e+01,3.46887843e-02,0.00000000e+00,3.00000000e+03,3.00000000e+02,0.00000000e+00,2.30000000e-01,7.70000000e-01,0.00000000e+00
8.13813814e+01,3.46887843e-02,0.00000000e+00,3.00000000e+03,3.00000000e+02,0.00000000e+00,2.30000000e-01,7.70000000e-01,0.00000000e+00
8.14814815e+01,3.46887843e-02,0.00000000e+00,3.00000000e+03,3.00000000e+02,0.00000000e+00,2.30000000e-01,7.70000000e-01,0.00000000e+00
8.15815816e+01,3.46887843e-02,0.00000000e+00,3.00000000e+03,3.00000000e+02,0.00000000e+00,2.30000000e-01,7.70000000e-01,0.00000000e+00
8.16816817e+01,3.46887843e-02,0.00000000e+00,3.00000000e+03,3.00000000e+02,0.00000000e+00,2.30000000e-01,7.70000000e-01,0.00000000e+00
8.17817818e+01,3.46887843e-02,0.00000000e+00,3.00000000e+03,3.00000000e+02,0.00000000e+00,2.30000000e-01,7.70000000e-01,0.00000000e+00
8.18818819e+01,3.46887843e-02,0.00000000e+00,3.00000000e+03,3.00000000e+02,0.00000000e+00,2.30000000e-01,7.70000000e-01,0.00000000e+00
8.19819820e+01,3.46887843e-02,0.00000000e+00,3.00000000e+03,3.00000000e+02,0.00000000e+00,2.30000000e-01,7.70000000e-01,0.00000000e+00
8.20820821e+01,3.46887843e-02,0.00000000e+00,3.00000000e+03,3.00000000e+02,0.00000000e+00,2.30000000e-01,7.70000000e-01,0.00000000e+00
8.21821822e+01,3.46887843e-02,0.00000000e+00,3.00000000e+03,3.00000000e+02,0.00000000e+00,2.30000000e-01,7.70000000e-01,0.00000000e+00
8.22822823e+01,3.46887843e-02,0.00000000e+00,3.00000000e+03,3.00000000e+02,0.00000000e+00,2.30000000e-01,7.70000000e-01,0.00000000e+00
8.23823824e+01,3.46887843e-02,0.00000000e+00,3.00000000e+03,3.00000000e+02,0.00000000e+00,2.30000000e-01,7.70000000e-01,0.00000000e+00
8.24824825e+01,3.46887843e-02,0.00000000e+00,3.00000000e+03,3.00000000e+02,0.00000000e+00,2.30000000e-01,7.70000000e-01,0.00000000e+00
8.25825826e+01,3.46887843e-02,0.00000000e+00,3.00000000e+03,3.00000000e+02,0.00000000e+00,2.30000000e-01,7.70000000e-01,0.00000000e+00
8.26826827e+01,3.46887843e-02,0.00000000e+00,3.00000000e+03,3.00000000e+02,0.00000000e+00,2.30000000e-01,7.70000000e-01,0.00000000e+00
8.27827828e+01,3.46887843e-02,0.00000000e+00,3.00000000e+03,3.00000000e+02,0.00000000e+00,2.30000000e-01,7.70000000e-01,0.00000000e+00
8.28828829e+01,3.46887843e-02,0.00000000e+00,3.00000000e+03,3.00000000e+02,0.00000000e+00,2.30000000e-01,7.70000000e-01,0.00000000e+00
8.29829830e+01,3.46887843e-02,0.00000000e+00,3.00000000e+03,3.00000000e+02,0.00000000e+00,2.30000000e-01,7.70000000e-01,0.00000000e+00
8.30830831e+01,3.46887843e-02,0.00000000e+00,3.00000000e+03,3.00000000e+02,0.00000000e+00,2.30000000e-01,7.70000000e-01,0.00000000e+00
8.31831832e+01,3.46887843e-02,0.00000000e+00,3.00000000e+03,3.00000000e+02,0.00000000e+00,2.30000000e-01,7.70000000e-01,0.00000000e+00
8.32832833e+01,3.46887843e-02,0.00000000e+00,3.00000000e+03,3.00000000e+02,0.00000000e+00,2.30000000e-01,7.70000000e-01,0.00000000e+00
8.33833834e+01,3.46887843e-02,0.00000000e+00,3.00000000e+03,3.00000000e+02,0.00000000e+00,2.30000000e-01,7.70000000e-01,0.00000000e+00
8.34834835e+01,3.46887843e-02,0.00000000e+00,3.00000000e+03,3.00000000e+02,0.00000000e+00,2.30000000e-01,7.70000000e-01,0.00000000e+00
8.35835836e+01,3.46887843e-02,0.00000000e+00,3.00000000e+03,3.00000000e+02,0.00000000e+00,2.30000000e-01,7.70000000e-01,0.00000000e+00
8.36836837e+01,3.46887843e-02,0.00000000e+00,3.00000000e+03,3.00000000e+02,0.00000000e+00,2.30000000e-01,7.70000000e-01,0.00000000e+00
8.37837838e+01,3.46887843e-02,0.00000000e+00,3.00000000e+03,3.00000000e+02,0.00000000e+00,2.30000000e-01,7.70000000e-01,0.00000000e+00
8.38838839e+01,3.46887843e-02,0.00000000e+00,3.00000000e+03,3.00000000e+02,0.00000000e+00,2.30000000e-01,7.70000000e-01,0.00000000e+00
8.39839840e+01,3.46887843e-02,0.00000000e+00,3.00000000e+03,3.00000000e+02,0.00000000e+00,2.30000000e-01,7.70000000e-01,0.00000000e+00
8.40840841e+01,3.46887843e-02,0.00000000e+00,3.00000000e+03,3.00000000e+02,0.00000000e+00,2.30000000e-01,7.70000000e-01,0.00000000e+00
8.41841842e+01,3.46887843e-02,0.00000000e+00,3.00000000e+03,3.00000000e+02,0.00000000e+00,2.30000000e-01,7.70000000e-01,0.00000000e+00
8.42842843e+01,3.46887843e-02,0.00000000e+00,3.00000000e+03,3.00000000e+02,0.00000000e+00,2.30000000e-01,7.70000000e-01,0.00000000e+00
8.43843844e+01,3.46887843e-02,0.00000000e+00,3.00000000e+03,3.00000000e+02,0.00000000e+00,2.30000000e-01,7.70000000e-01,0.00000000e+00
8.44844845e+01,3.46887843e-02,0.00000000e+00,3.00000000e+03,3.00000000e+02,0.00000000e+00,2.30000000e-01,7.70000000e-01,0.00000000e+00
8.45845846e+01,3.46887843e-02,0.00000000e+00,3.00000000e+03,3.00000000e+02,0.00000000e+00,2.30000000e-01,7.70000000e-01,0.00000000e+00
8.46846847e+01,3.46887843e-02,0.00000000e+00,3.00000000e+03,3.00000000e+02,0.00000000e+00,2.30000000e-01,7.70000000e-01,0.00000000e+00
8.47847848e+01,3.46887843e-02,0.00000000e+00,3.00000000e+03,3.00000000e+02,0.00000000e+00,2.30000000e-01,7.70000000e-01,0.00000000e+00
8.48848849e+01,3.46887843e-02,0.00000000e+00,3.00000000e+03,3.00000000e+02,0.00000000e+00,2.30000000e-01,7.70000000e-01,0.00000000e+00
8.49849850e+01,3.46887843e-02,0.00000000e+00,3.00000000e+03,3.00000000e+02,0.00000000e+00,2.30000000e-01,7.70000000e-01,0.00000000e+00
8.50850851e+01,3.46887843e-02,0.00000000e+00,3.00000000e+03,3.00000000e+02,0.00000000e+00,2.30000000e-01,7.70000000e-01,0.00000000e+00
8.51851852e+01,3.46887843e-02,0.00000000e+00,3.00000000e+03,3.00000000e+02,0.00000000e+00,2.30000000e-01,7.70000000e-01,0.00000000e+00
8.52852853e+01,3.46887843e-02,0.00000000e+00,3.00000000e+03,3.00000000e+02,0.00000000e+00,2.30000000e-01,7.70000000e-01,0.00000000e+00
8.53853854e+01,3.46887843e-02,0.00000000e+00,3.00000000e+03,3.00000000e+02,0.00000000e+00,2.30000000e-01,7.70000000e-01,0.00000000e+00
8.54854855e+01,3.46887843e-02,0.00000000e+00,3.00000000e+03,3.00000000e+02,0.00000000e+00,2.30000000e-01,7.70000000e-01,0.00000000e+00
8.55855856e+01,3.46887843e-02,0.00000000e+00,3.00000000e+03,3.00000000e+02,0.00000000e+00,2.30000000e-01,7.70000000e-01,0.00000000e+00
8.56856857e+01,3.46887843e-02,0.00000000e+00,3.00000000e+03,3.00000000e+02,0.00000000e+00,2.30000000e-01,7.70000000e-01,0.00000000e+00
8.57857858e+01,3.46887843e-02,0.00000000e+00,3.00000000e+03,3.00000000e+02,0.00000000e+00,2.30000000e-01,7.70000000e-01,0.00000000e+00
8.58858859e+01,3.46887843e-02,0.00000000e+00,3.00000000e+03,3.00000000e+02,0.00000000e+00,2.30000000e-01,7.70000000e-01,0.00000000e+00
8.59859860e+01,3.46887843e-02,0.00000000e+00,3.00000000e+03,3.00000000e+02,0.00000000e+00,2.30000000e-01,7.70000000e-01,0.00000000e+00
8.60860861e+01,3.46887843e-02,0.00000000e+00,3.00000000e+03,3.00000000e+02,0.00000000e+00,2.30000000e-01,7.70000000e-01,0.00000000e+00
8.61861862e+01,3.46887843e-02,0.00000000e+00,3.00000000e+03,3.00000000e+02,0.00000000e+00,2.30000000e-01,7.70000000e-01,0.00000000e+00
8.62862863e+01,3.46887843e-02,0.00000000e+00,3.00000000e+03,3.00000000e+02,0.00000000e+00,2.30000000e-01,7.70000000e-01,0.00000000e+00
8.63863864e+01,3.46887843e-02,0.00000000e+00,3.00000000e+03,3.00000000e+02,0.00000000e+00,2.30000000e-01,7.70000000e-01,0.00000000e+00
8.64864865e+01,3.46887843e-02,0.00000000e+00,3.00000000e+03,3.00000000e+02,0.00000000e+00,2.30000000e-01,7.70000000e-01,0.00000000e+00
8.65865866e+01,3.46887843e-02,0.00000000e+00,3.00000000e+03,3.00000000e+02,0.00000000e+00,2.30000000e-01,7.70000000e-01,0.00000000e+00
8.66866867e+01,3.46887843e-02,0.00000000e+00,3.00000000e+03,3.00000000e+02,0.00000000e+00,2.30000000e-01,7.70000000e-01,0.00000000e+00
8.67867868e+01,3.46887843e-02,0.00000000e+00,3.00000000e+03,3.00000000e+02,0.00000000e+00,2.30000000e-01,7.70000000e-01,0.00000000e+00
8.68868869e+01,3.46887843e-02,0.00000000e+00,3.00000000e+03,3.00000000e+02,0.00000000e+00,2.30000000e-01,7.70000000e-01,0.00000000e+00
8.69869870e+01,3.46887843e-02,0.00000000e+00,3.00000000e+03,3.00000000e+02,0.00000000e+00,2.30000000e-01,7.70000000e-01,0.00000000e+00
8.70870871e+01,3.46887843e-02,0.00000000e+00,3.00000000e+03,3.00000000e+02,0.00000000e+00,2.30000000e-01,7.70000000e-01,0.00000000e+00
8.71871872e+01,3.46887843e-02,0.00000000e+00,3.00000000e+03,3.00000000e+02,0.00000000e+00,2.30000000e-01,7.70000000e-01,0.00000000e+00
8.72872873e+01,3.46887843e-02,0.00000000e+00,3.00000000e+03,3.00000000e+02,0.00000000e+00,2.30000000e-01,7.70000000e-01,0.00000000e+00
8.73873874e+01,3.46887843e-02,0.00000000e+00,3.00000000e+03,3.00000000e+02,0.00000000e+00,2.30000000e-01,7.70000000e-01,0.00000000e+00
8.74874875e+01,3.46887843e-02,0.00000000e+00,3.00000000e+03,3.00000000e+02,0.00000000e+00,2.30000000e-01,7.70000000e-01,0.00000000e+00
8.75875876e+01,3.46887843e-02,0.00000000e+00,3.00000000e+03,3.00000000e+02,0.00000000e+00,2.30000000e-01,7.70000000e-01,0.00000000e+00
8.76876877e+01,3.46887843e-02,0.00000000e+00,3.00000000e+03,3.00000000e+02,0.00000000e+00,2.30000000e-01,7.70000000e-01,0.00000000e+00
8.77877878e+01,3.46887843e-02,0.00000000e+00,3.00000000e+03,3.00000000e+02,0.00000000e+00,2.30000000e-01,7.70000000e-01,0.00000000e+00
8.78878879e+01,3.46887843e-02,0.00000000e+00,3.00000000e+03,3.00000000e+02,0.00000000e+00,2.30000000e-01,7.70000000e-01,0.00000000e+00
8.79879880e+01,3.46887843e-02,0.00000000e+00,3.00000000e+03,3.00000000e+02,0.00000000e+00,2.30000000e-01,7.70000000e-01,0.00000000e+00
8.80880881e+01,3.46887843e-02,0.00000000e+00,3.00000000e+03,3.00000000e+02,0.00000000e+00,2.30000000e-01,7.70000000e-01,0.00000000e+00
8.81881882e+01,3.46887843e-02,0.00000000e+00,3.00000000e+03,3.00000000e+02,0.00000000e+00,2.30000000e-01,7.70000000e-01,0.00000000e+00
8.82882883e+01,3.46887843e-02,0.00000000e+00,3.00000000e+03,3.00000000e+02,0.00000000e+00,2.30000000e-01,7.70000000e-01,0.00000000e+00
8.83883884e+01,3.46887843e-02,0.00000000e+00,3.00000000e+03,3.00000000e+02,0.00000000e+00,2.30000000e-01,7.70000000e-01,0.00000000e+00
8.84884885e+01,3.46887843e-02,0.00000000e+00,3.00000000e+03,3.00000000e+02,0.00000000e+00,2.30000000e-01,7.70000000e-01,0.00000000e+00
8.85885886e+01,3.46887843e-02,0.00000000e+00,3.00000000e+03,3.00000000e+02,0.00000000e+00,2.30000000e-01,7.70000000e-01,0.00000000e+00
8.86886887e+01,3.46887843e-02,0.00000000e+00,3.00000000e+03,3.00000000e+02,0.00000000e+00,2.30000000e-01,7.70000000e-01,0.00000000e+00
8.87887888e+01,3.46887843e-02,0.00000000e+00,3.00000000e+03,3.00000000e+02,0.00000000e+00,2.30000000e-01,7.70000000e-01,0.00000000e+00
8.88888889e+01,3.46887843e-02,0.00000000e+00,3.00000000e+03,3.00000000e+02,0.00000000e+00,2.30000000e-01,7.70000000e-01,0.00000000e+00
8.89889890e+01,3.46887843e-02,0.00000000e+00,3.00000000e+03,3.00000000e+02,0.00000000e+00,2.30000000e-01,7.70000000e-01,0.00000000e+00
8.90890891e+01,3.46887843e-02,0.00000000e+00,3.00000000e+03,3.00000000e+02,0.00000000e+00,2.30000000e-01,7.70000000e-01,0.00000000e+00
8.91891892e+01,3.46887843e-02,0.00000000e+00,3.00000000e+03,3.00000000e+02,0.00000000e+00,2.30000000e-01,7.70000000e-01,0.00000000e+00
8.92892893e+01,3.46887843e-02,0.00000000e+00,3.00000000e+03,3.00000000e+02,0.00000000e+00,2.30000000e-01,7.70000000e-01,0.00000000e+00
8.93893894e+01,3.46887843e-02,0.00000000e+00,3.00000000e+03,3.00000000e+02,0.00000000e+00,2.30000000e-01,7.70000000e-01,0.00000000e+00
8.94894895e+01,3.46887843e-02,0.00000000e+00,3.00000000e+03,3.00000000e+02,0.00000000e+00,2.30000000e-01,7.70000000e-01,0.00000000e+00
8.95895896e+01,3.46887843e-02,0.00000000e+00,3.00000000e+03,3.00000000e+02,0.00000000e+00,2.30000000e-01,7.70000000e-01,0.00000000e+00
8.96896897e+01,3.46887843e-02,0.00000000e+00,3.00000000e+03,3.00000000e+02,0.00000000e+00,2.30000000e-01,7.70000000e-01,0.00000000e+00
8.97897898e+01,3.46887843e-02,0.00000000e+00,3.00000000e+03,3.00000000e+02,0.00000000e+00,2.30000000e-01,7.70000000e-01,0.00000000e+00
8.98898899e+01,3.46887843e-02,0.00000000e+00,3.00000000e+03,3.00000000e+02,0.00000000e+00,2.30000000e-01,7.70000000e-01,0.00000000e+00
8.99899900e+01,3.46887843e-02,0.00000000e+00,3.00000000e+03,3.00000000e+02,0.00000000e+00,2.30000000e-01,7.70000000e-01,0.00000000e+00
9.00900901e+01,3.46887843e-02,0.00000000e+00,3.00000000e+03,3.00000000e+02,0.00000000e+00,2.30000000e-01,7.70000000e-01,0.00000000e+00
9.01901902e+01,3.46887843e-02,0.00000000e+00,3.00000000e+03,3.00000000e+02,0.00000000e+00,2.30000000e-01,7.70000000e-01,0.00000000e+00
9.02902903e+01,3.46887843e-02,0.00000000e+00,3.00000000e+03,3.00000000e+02,0.00000000e+00,2.30000000e-01,7.70000000e-01,0.00000000e+00
9.03903904e+01,3.46887843e-02,0.00000000e+00,3.00000000e+03,3.00000000e+02,0.00000000e+00,2.30000000e-01,7.70000000e-01,0.00000000e+00
9.04904905e+01,3.46887843e-02,0.00000000e+00,3.00000000e+03,3.00000000e+02,0.00000000e+00,2.30000000e-01,7.70000000e-01,0.00000000e+00
9.05905906e+01,3.46887843e-02,0.00000000e+00,3.00000000e+03,3.00000000e+02,0.00000000e+00,2.30000000e-01,7.70000000e-01,0.00000000e+00
9.06906907e+01,3.46887843e-02,0.00000000e+00,3.00000000e+03,3.00000000e+02,0.00000000e+00,2.30000000e-01,7.70000000e-01,0.00000000e+00
9.07907908e+01,3.46887843e-02,0.00000000e+00,3.00000000e+03,3.00000000e+02,0.00000000e+00,2.30000000e-01,7.70000000e-01,0.00000000e+00
9.08908909e+01,3.46887843e-02,0.00000000e+00,3.00000000e+03,3.00000000e+02,0.00000000e+00,2.30000000e-01,7.70000000e-01,0.00000000e+00
9.09909910e+01,3.46887843e-02,0.00000000e+00,3.00000000e+03,3.00000000e+02,0.00000000e+00,2.30000000e-01,7.70000000e-01,0.00000000e+00
9.10910911e+01,3.46887843e-02,0.00000000e+00,3.00000000e+03,3.00000000e+02,0.00000000e+00,2.30000000e-01,7.70000000e-01,0.00000000e+00
9.11911912e+01,3.46887843e-02,0.00000000e+00,3.00000000e+03,3.00000000e+02,0.00000000e+00,2.30000000e-01,7.70000000e-01,0.00000000e+00
9.12912913e+01,3.46887843e-02,0.00000000e+00,3.00000000e+03,3.00000000e+02,0.00000000e+00,2.30000000e-01,7.70000000e-01,0.00000000e+00
9.13913914e+01,3.46887843e-02,0.00000000e+00,3.00000000e+03,3.00000000e+02,0.00000000e+00,2.30000000e-01,7.70000000e-01,0.00000000e+00
9.14914915e+01,3.46887843e-02,0.00000000e+00,3.00000000e+03,3.00000000e+02,0.00000000e+00,2.30000000e-01,7.70000000e-01,0.00000000e+00
9.15915916e+01,3.46887843e-02,0.00000000e+00,3.00000000e+03,3.00000000e+02,0.00000000e+00,2.30000000e-01,7.70000000e-01,0.00000000e+00
9.16916917e+01,3.46887843e-02,0.00000000e+00,3.00000000e+03,3.00000000e+02,0.00000000e+00,2.30000000e-01,7.70000000e-01,0.00000000e+00
9.17917918e+01,3.46887843e-02,0.00000000e+00,3.00000000e+03,3.00000000e+02,0.00000000e+00,2.30000000e-01,7.70000000e-01,0.00000000e+00
9.18918919e+01,3.46887843e-02,0.00000000e+00,3.00000000e+03,3.00000000e+02,0.00000000e+00,2.30000000e-01,7.70000000e-01,0.00000000e+00
9.19919920e+01,3.46887843e-02,0.00000000e+00,3.00000000e+03,3.00000000e+02,0.00000000e+00,2.30000000e-01,7.70000000e-01,0.00000000e+00
9.20920921e+01,3.46887843e-02,0.00000000e+00,3.00000000e+03,3.00000000e+02,0.00000000e+00,2.30000000e-01,7.70000000e-01,0.00000000e+00
9.21921922e+01,3.46887843e-02,0.00000000e+00,3.00000000e+03,3.00000000e+02,0.00000000e+00,2.30000000e-01,7.70000000e-01,0.00000000e+00
9.22922923e+01,3.46887843e-02,0.00000000e+00,3.00000000e+03,3.00000000e+02,0.00000000e+00,2.30000000e-01,7.70000000e-01,0.00000000e+00
9.23923924e+01,3.46887843e-02,0.00000000e+00,3.00000000e+03,3.00000000e+02,0.00000000e+00,2.30000000e-01,7.70000000e-01,0.00000000e+00
9.24924925e+01,3.46887843e-02,0.00000000e+00,3.00000000e+03,3.00000000e+02,0.00000000e+00,2.30000000e-01,7.70000000e-01,0.00000000e+00
9.25925926e+01,3.46887843e-02,0.00000000e+00,3.00000000e+03,3.00000000e+02,0.00000000e+00,2.30000000e-01,7.70000000e-01,0.00000000e+00
9.26926927e+01,3.46887843e-02,0.00000000e+00,3.00000000e+03,3.00000000e+02,0.00000000e+00,2.30000000e-01,7.70000000e-01,0.00000000e+00
9.27927928e+01,3.46887843e-02,0.00000000e+00,3.00000000e+03,3.00000000e+02,0.00000000e+00,2.30000000e-01,7.70000000e-01,0.00000000e+00
9.28928929e+01,3.46887843e-02,0.00000000e+00,3.00000000e+03,3.00000000e+02,0.00000000e+00,2.30000000e-01,7.70000000e-01,0.00000000e+00
9.29929930e+01,3.46887843e-02,0.00000000e+00,3.00000000e+03,3.00000000e+02,0.00000000e+00,2.30000000e-01,7.70000000e-01,0.00000000e+00
9.30930931e+01,3.46887843e-02,0.00000000e+00,3.00000000e+03,3.00000000e+02,0.00000000e+00,2.30000000e-01,7.70000000e-01,0.00000000e+00
9.31931932e+01,3.46887843e-02,0.00000000e+00,3.00000000e+03,3.00000000e+02,0.00000000e+00,2.30000000e-01,7.70000000e-01,0.00000000e+00
9.32932933e+01,3.46887843e-02,0.00000000e+00,3.00000000e+03,3.00000000e+02,0.00000000e+00,2.30000000e-01,7.70000000e-01,0.00000000e+00
9.33933934e+01,3.46887843e-02,0.00000000e+00,3.00000000e+03,3.00000000e+02,0.00000000e+00,2.30000000e-01,7.70000000e-01,0.00000000e+00
9.34934935e+01,3.46887843e-02,0.00000000e+00,3.00000000e+03,3.00000000e+02,0.00000000e+00,2.30000000e-01,7.70000000e-01,0.00000000e+00
9.35935936e+01,3.46887843e-02,0.00000000e+00,3.00000000e+03,3.00000000e+02,0.00000000e+00,2.30000000e-01,7.70000000e-01,0.00000000e+00
9.36936937e+01,3.46887843e-02,0.00000000e+00,3.00000000e+03,3.00000000e+02,0.00000000e+00,2.30000000e-01,7.70000000e-01,0.00000000e+00
9.37937938e+01,3.46887843e-02,0.00000000e+00,3.00000000e+03,3.00000000e+02,0.00000000e+00,2.30000000e-01,7.70000000e-01,0.00000000e+00
9.38938939e+01,3.46887843e-02,0.00000000e+00,3.00000000e+03,3.00000000e+02,0.00000000e+00,2.30000000e-01,7.70000000e-01,0.00000000e+00
9.39939940e+01,3.46887843e-02,0.00000000e+00,3.00000000e+03,3.00000000e+02,0.00000000e+00,2.30000000e-01,7.70000000e-01,0.00000000e+00
9.40940941e+01,3.46887843e-02,0.00000000e+00,3.00000000e+03,3.00000000e+02,0.00000000e+00,2.30000000e-01,7.70000000e-01,0.00000000e+00
9.41941942e+01,3.46887843e-02,0.00000000e+00,3.00000000e+03,3.00000000e+02,0.00000000e+00,2.30000000e-01,7.70000000e-01,0.00000000e+00
9.42942943e+01,3.46887843e-02,0.00000000e+00,3.00000000e+03,3.00000000e+02,0.00000000e+00,2.30000000e-01,7.70000000e-01,0.00000000e+00
9.43943944e+01,3.46887843e-02,0.00000000e+00,3.00000000e+03,3.00000000e+02,0.00000000e+00,2.30000000e-01,7.70000000e-01,0.00000000e+00
9.44944945e+01,3.46887843e-02,0.00000000e+00,3.00000000e+03,3.00000000e+02,0.00000000e+00,2.30000000e-01,7.70000000e-01,0.00000000e+00
9.45945946e+01,3.46887843e-02,0.00000000e+00,3.00000000e+03,3.00000000e+02,0.00000000e+00,2.30000000e-01,7.70000000e-01,0.00000000e+00
9.46946947e+01,3.46887843e-02,0.00000000e+00,3.00000000e+03,3.00000000e+02,0.00000000e+00,2.30000000e-01,7.70000000e-01,0.00000000e+00
9.47947948e+01,3.46887843e-02,0.00000000e+00,3.00000000e+03,3.00000000e+02,0.00000000e+00,2.30000000e-01,7.70000000e-01,0.00000000e+00
9.48948949e+01,3.46887843e-02,0.00000000e+00,3.00000000e+03,3.00000000e+02,0.00000000e+00,2.30000000e-01,7.70000000e-01,0.00000000e+00
9.49949950e+01,3.46887843e-02,0.00000000e+00,3.00000000e+03,3.00000000e+02,0.00000000e+00,2.30000000e-01,7.70000000e-01,0.00000000e+00
9.50950951e+01,3.46887843e-02,0.00000000e+00,3.00000000e+03,3.00000000e+02,0.00000000e+00,2.30000000e-01,7.70000000e-01,0.00000000e+00
9.51951952e+01,3.46887843e-02,0.00000000e+00,3.00000000e+03,3.00000000e+02,0.00000000e+00,2.30000000e-01,7.70000000e-01,0.00000000e+00
9.52952953e+01,3.46887843e-02,0.00000000e+00,3.00000000e+03,3.00000000e+02,0.00000000e+00,2.30000000e-01,7.70000000e-01,0.00000000e+00
9.53953954e+01,3.46887843e-02,0.00000000e+00,3.00000000e+03,3.00000000e+02,0.00000000e+00,2.30000000e-01,7.70000000e-01,0.00000000e+00
9.54954955e+01,3.46887843e-02,0.00000000e+00,3.00000000e+03,3.00000000e+02,0.00000000e+00,2.30000000e-01,7.70000000e-01,0.00000000e+00
9.55955956e+01,3.46887843e-02,0.00000000e+00,3.00000000e+03,3.00000000e+02,0.00000000e+00,2.30000000e-01,7.70000000e-01,0.00000000e+00
9.56956957e+01,3.46887843e-02,0.00000000e+00,3.00000000e+03,3.00000000e+02,0.00000000e+00,2.30000000e-01,7.70000000e-01,0.00000000e+00
9.57957958e+01,3.46887843e-02,0.00000000e+00,3.00000000e+03,3.00000000e+02,0.00000000e+00,2.30000000e-01,7.70000000e-01,0.00000000e+00
9.58958959e+01,3.46887843e-02,0.00000000e+00,3.00000000e+03,3.00000000e+02,0.00000000e+00,2.30000000e-01,7.70000000e-01,0.00000000e+00
9.59959960e+01,3.46887843e-02,0.00000000e+00,3.00000000e+03,3.00000000e+02,0.00000000e+00,2.30000000e-01,7.70000000e-01,0.00000000e+00
9.60960961e+01,3.46887843e-02,0.00000000e+00,3.00000000e+03,3.00000000e+02,0.00000000e+00,2.30000000e-01,7.70000000e-01,0.00000000e+00
9.61961962e+01,3.46887843e-02,0.00000000e+00,3.00000000e+03,3.00000000e+02,0.00000000e+00,2.30000000e-01,7.70000000e-01,0.00000000e+00
9.62962963e+01,3.46887843e-02,0.00000000e+00,3.00000000e+03,3.00000000e+02,0.00000000e+00,2.30000000e-01,7.70000000e-01,0.00000000e+00
9.63963964e+01,3.46887843e-02,0.00000000e+00,3.00000000e+03,3.00000000e+02,0.00000000e+00,2.30000000e-01,7.70000000e-01,0.00000000e+00
9.64964965e+01,3.46887843e-02,0.00000000e+00,3.00000000e+03,3.00000000e+02,0.00000000e+00,2.30000000e-01,7.70000000e-01,0.00000000e+00
9.65965966e+01,3.46887843e-02,0.00000000e+00,3.00000000e+03,3.00000000e+02,0.00000000e+00,2.30000000e-01,7.70000000e-01,0.00000000e+00
9.66966967e+01,3.46887843e-02,0.00000000e+00,3.00000000e+03,3.00000000e+02,0.00000000e+00,2.30000000e-01,7.70000000e-01,0.00000000e+00
9.67967968e+01,3.46887843e-02,0.00000000e+00,3.00000000e+03,3.00000000e+02,0.00000000e+00,2.30000000e-01,7.70000000e-01,0.00000000e+00
9.68968969e+01,3.46887843e-02,0.00000000e+00,3.00000000e+03,3.00000000e+02,0.00000000e+00,2.30000000e-01,7.70000000e-01,0.00000000e+00
9.69969970e+01,3.46887843e-02,0.00000000e+00,3.00000000e+03,3.00000000e+02,0.00000000e+00,2.30000000e-01,7.70000000e-01,0.00000000e+00
9.70970971e+01,3.46887843e-02,0.00000000e+00,3.00000000e+03,3.00000000e+02,0.00000000e+00,2.30000000e-01,7.70000000e-01,0.00000000e+00
9.71971972e+01,3.46887843e-02,0.00000000e+00,3.00000000e+03,3.00000000e+02,0.00000000e+00,2.30000000e-01,7.70000000e-01,0.00000000e+00
9.72972973e+01,3.46887843e-02,0.00000000e+00,3.00000000e+03,3.00000000e+02,0.00000000e+00,2.30000000e-01,7.70000000e-01,0.00000000e+00
9.73973974e+01,3.46887843e-02,0.00000000e+00,3.00000000e+03,3.00000000e+02,0.00000000e+00,2.30000000e-01,7.70000000e-01,0.00000000e+00
9.74974975e+01,3.46887843e-02,0.00000000e+00,3.00000000e+03,3.00000000e+02,0.00000000e+00,2.30000000e-01,7.70000000e-01,0.00000000e+00
9.75975976e+01,3.46887843e-02,0.00000000e+00,3.00000000e+03,3.00000000e+02,0.00000000e+00,2.30000000e-01,7.70000000e-01,0.00000000e+00
9.76976977e+01,3.46887843e-02,0.00000000e+00,3.00000000e+03,3.00000000e+02,0.00000000e+00,2.30000000e-01,7.70000000e-01,0.00000000e+00
9.77977978e+01,3.46887843e-02,0.00000000e+00,3.00000000e+03,3.00000000e+02,0.00000000e+00,2.30000000e-01,7.70000000e-01,0.00000000e+00
9.78978979e+01,3.46887843e-02,0.00000000e+00,3.00000000e+03,3.00000000e+02,0.00000000e+00,2.30000000e-01,7.70000000e-01,0.00000000e+00
9.79979980e+01,3.46887843e-02,0.00000000e+00,3.00000000e+03,3.00000000e+02,0.00000000e+00,2.30000000e-01,7.70000000e-01,0.00000000e+00
9.80980981e+01,3.46887843e-02,0.00000000e+00,3.00000000e+03,3.00000000e+02,0.00000000e+00,2.30000000e-01,7.70000000e-01,0.00000000e+00
9.81981982e+01,3.46887843e-02,0.00000000e+00,3.00000000e+03,3.00000000e+02,0.00000000e+00,2.30000000e-01,7.70000000e-01,0.00000000e+00
9.82982983e+01,3.46887843e-02,0.00000000e+00,3.00000000e+03,3.00000000e+02,0.00000000e+00,2.30000000e-01,7.70000000e-01,0.00000000e+00
9.83983984e+01,3.46887843e-02,0.00000000e+00,3.00000000e+03,3.00000000e+02,0.00000000e+00,2.30000000e-01,7.70000000e-01,0.00000000e+00
9.84984985e+01,3.46887843e-02,0.00000000e+00,3.00000000e+03,3.00000000e+02,0.00000000e+00,2.30000000e-01,7.70000000e-01,0.00000000e+00
9.85985986e+01,3.46887843e-02,0.00000000e+00,3.00000000e+03,3.00000000e+02,0.00000000e+00,2.30000000e-01,7.70000000e-01,0.00000000e+00
9.86986987e+01,3.46887843e-02,0.00000000e+00,3.00000000e+03,3.00000000e+02,0.00000000e+00,2.30000000e-01,7.70000000e-01,0.00000000e+00
9.87987988e+01,3.46887843e-02,0.00000000e+00,3.00000000e+03,3.00000000e+02,0.00000000e+00,2.30000000e-01,7.70000000e-01,0.00000000e+00
9.88988989e+01,3.46887843e-02,0.00000000e+00,3.00000000e+03,3.00000000e+02,0.00000000e+00,2.30000000e-01,7.70000000e-01,0.00000000e+00
9.89989990e+01,3.46887843e-02,0.00000000e+00,3.00000000e+03,3.00000000e+02,0.00000000e+00,2.30000000e-01,7.70000000e-01,0.00000000e+00
9.90990991e+01,3.46887843e-02,0.00000000e+00,3.00000000e+03,3.00000000e+02,0.00000000e+00,2.30000000e-01,7.70000000e-01,0.00000000e+00
9.91991992e+01,3.46887843e-02,0.00000000e+00,3.00000000e+03,3.00000000e+02,0.00000000e+00,2.30000000e-01,7.70000000e-01,0.00000000e+00
9.92992993e+01,3.46887843e-02,0.00000000e+00,3.00000000e+03,3.00000000e+02,0.00000000e+00,2.30000000e-01,7.70000000e-01,0.00000000e+00
9.93993994e+01,3.46887843e-02,0.00000000e+00,3.00000000e+03,3.00000000e+02,0.00000000e+00,2.30000000e-01,7.70000000e-01,0.00000000e+00
9.94994995e+01,3.46887843e-02,0.00000000e+00,3.00000000e+03,3.00000000e+02,0.00000000e+00,2.30000000e-01,7.70000000e-01,0.00000000e+00
9.95995996e+01,3.46887843e-02,0.00000000e+00,3.00000000e+03,3.00000000e+02,0.00000000e+00,2.30000000e-01,7.70000000e-01,0.00000000e+00
9.96996997e+01,3.46887843e-02,0.00000000e+00,3.00000000e+03,3.00000000e+02,0.00000000e+00,2.30000000e-01,7.70000000e-01,0.00000000e+00
9.97997998e+01,3.46887843e-02,0.00000000e+00,3.00000000e+03,3.00000000e+02,0.00000000e+00,2.30000000e-01,7.70000000e-01,0.00000000e+00
9.98998999e+01,3.46887843e-02,0.00000000e+00,3.00000000e+03,3.00000000e+02,0.00000000e+00,2.30000000e-01,7.70000000e-01,0.00000000e+00
1.00000000e+02,3.46887843e-02,-0.00000000e+00,3.00000000e+03,3.00000000e+02,0.00000000e+00,2.30000000e-01,7.70000000e-01,0.00000000e+00
