# x(m), rho(kg/m3), u(m/s), p(Pa), T(K), Y_H2, Y_O2, Y_N2, Y_H2O
0.00000000e+00,2.78618665e+00,-2.01769847e+00,5.10173646e+06,2.29838545e+03,1.18501925e-01,5.83339813e-07,6.00009375e-01,2.81488116e-01
1.00100100e-01,2.78618665e+00,2.01769847e+00,5.10173646e+06,2.29838545e+03,1.18501925e-01,5.83339813e-07,6.00009375e-01,2.81488116e-01
2.00200200e-01,2.77910340e+00,9.71953562e+00,5.08383659e+06,2.29615884e+03,1.18501925e-01,5.83339813e-07,6.00009375e-01,2.81488116e-01
3.00300300e-01,2.77071334e+00,1.41940806e+01,5.05592269e+06,2.29130646e+03,1.18458466e-01,5.83125880e-07,5.99789329e-01,2.81384884e-01
4.00400400e-01,2.76613657e+00,1.72957326e+01,5.05105323e+06,2.29205557e+03,1.18501443e-01,5.83337439e-07,6.00006934e-01,2.81486971e-01
5.00500501e-01,2.76655728e+00,1.95163652e+01,5.04081282e+06,2.28847142e+03,1.18428401e-01,5.82977884e-07,5.99637104e-01,2.81313469e-01
6.00600601e-01,2.76765597e+00,1.85885534e+01,5.03992100e+06,2.28761345e+03,1.18404835e-01,5.82861876e-07,5.99517781e-01,2.81257490e-01
7.00700701e-01,2.76953520e+00,1.79826517e+01,5.05316485e+06,2.29100288e+03,1.18459910e-01,5.83132988e-07,5.99796640e-01,2.81388314e-01
8.00800801e-01,2.77067160e+00,1.93649375e+01,5.04504227e+06,2.28774844e+03,1.18389161e-01,5.82784719e-07,5.99438419e-01,2.81220258e-01
9.00900901e-01,2.77002948e+00,2.16758332e+01,5.06629424e+06,2.29505562e+03,1.18536816e-01,5.83511569e-07,6.00186040e-01,2.81570997e-01
1.00100100e+00,2.76279219e+00,2.84374624e+01,5.05387285e+06,2.29469415e+03,1.18574619e-01,5.83697659e-07,6.00377448e-01,2.81660794e-01
1.10110110e+00,2.75622188e+00,3.42555486e+01,5.02095169e+06,2.28722242e+03,1.18468782e-01,5.83176661e-07,5.99841561e-01,2.81409388e-01
1.20120120e+00,2.76184681e+00,3.83326616e+01,5.04074872e+06,2.29085381e+03,1.18505509e-01,5.83357457e-07,6.00027523e-01,2.81496630e-01
1.30130130e+00,2.76604995e+00,3.86846488e+01,5.03485701e+06,2.28675769e+03,1.18398835e-01,5.82832341e-07,5.99487402e-01,2.81243238e-01
1.40140140e+00,2.76759086e+00,3.89738097e+01,5.05489427e+06,2.29255529e+03,1.18503404e-01,5.83347093e-07,6.00016863e-01,2.81491630e-01
1.50150150e+00,2.76668933e+00,4.07190724e+01,5.04823472e+06,2.29082515e+03,1.18475256e-01,5.83208532e-07,5.99874343e-01,2.81424767e-01
1.60160160e+00,2.76247735e+00,4.42537628e+01,5.04964759e+06,2.29345037e+03,1.18553247e-01,5.83592451e-07,6.00269233e-01,2.81610026e-01
1.70170170e+00,2.75442759e+00,4.97463649e+01,5.02148280e+06,2.28831427e+03,1.18501925e-01,5.83339813e-07,6.00009375e-01,2.81488116e-01
1.80180180e+00,2.74880790e+00,5.29638606e+01,5.00694002e+06,2.28639906e+03,1.18499474e-01,5.83327746e-07,5.99996963e-01,2.81482294e-01
1.90190190e+00,2.75116587e+00,5.66097649e+01,5.01317693e+06,2.28723774e+03,1.18501925e-01,5.83339813e-07,6.00009375e-01,2.81488116e-01
2.00200200e+00,2.75852873e+00,5.79117207e+01,5.03397732e+06,2.29031285e+03,1.18516656e-01,5.83412327e-07,6.00083962e-01,2.81523108e-01
2.10210210e+00,2.76394636e+00,5.92269474e+01,5.03464639e+06,2.28774746e+03,1.18432729e-01,5.82999186e-07,5.99659014e-01,2.81323748e-01
2.20220220e+00,2.76355125e+00,6.09742576e+01,5.05320590e+06,2.29405847e+03,1.18559250e-01,5.83622002e-07,6.00299629e-01,2.81624286e-01
2.30230230e+00,2.76087186e+00,6.55353382e+01,5.03253280e+06,2.28863351e+03,1.18468958e-01,5.83177528e-07,5.99842452e-01,2.81409806e-01
2.40240240e+00,2.76055634e+00,6.72404411e+01,5.02831533e+06,2.28740005e+03,1.18447042e-01,5.83069644e-07,5.99731486e-01,2.81357748e-01
2.50250250e+00,2.76160464e+00,7.02462998e+01,5.04551552e+06,2.29251966e+03,1.18541776e-01,5.83535984e-07,6.00211152e-01,2.81582778e-01
2.60260260e+00,2.76405346e+00,7.44649359e+01,5.04475658e+06,2.29100937e+03,1.18497003e-01,5.83315583e-07,5.99984453e-01,2.81476424e-01
2.70270270e+00,2.76452822e+00,7.75827347e+01,5.05368920e+06,2.29369861e+03,1.18547283e-01,5.83563094e-07,6.00239036e-01,2.81595860e-01
2.80280280e+00,2.76477242e+00,8.14727491e+01,5.04735649e+06,2.29149884e+03,1.18501925e-01,5.83339813e-07,6.00009375e-01,2.81488116e-01
2.90290290e+00,2.76516508e+00,8.48320825e+01,5.04834500e+06,2.29162216e+03,1.18501925e-01,5.83339813e-07,6.00009375e-01,2.81488116e-01
3.00300300e+00,2.76087882e+00,9.07050272e+01,5.04330817e+06,2.29216171e+03,1.18539574e-01,5.83525145e-07,6.00200003e-01,2.81577548e-01
3.10310310e+00,2.75977116e+00,9.57755318e+01,5.03491012e+06,2.28996659e+03,1.18503168e-01,5.83345930e-07,6.00015667e-01,2.81491068e-01
3.20320320e+00,2.76128638e+00,9.73332205e+01,5.03847214e+06,2.29035320e+03,1.18501925e-01,5.83339813e-07,6.00009375e-01,2.81488116e-01
3.30330330e+00,2.76359538e+00,9.78129943e+01,5.04423026e+06,2.29105490e+03,1.18501925e-01,5.83339813e-07,6.00009375e-01,2.81488116e-01
3.40340340e+00,2.76667436e+00,9.94591869e+01,5.04650465e+06,2.29022476e+03,1.18466343e-01,5.83164656e-07,5.99829213e-01,2.81403595e-01
3.50350350e+00,2.76990808e+00,1.03165872e+02,5.06362988e+06,2.29419405e+03,1.18524165e-01,5.83449290e-07,6.00121981e-01,2.81540944e-01
3.60360360e+00,2.76835823e+00,1.07170344e+02,5.05877847e+06,2.29339407e+03,1.18518227e-01,5.83420059e-07,6.00091915e-01,2.81526839e-01
3.70370370e+00,2.76375453e+00,1.12076601e+02,5.04469434e+06,2.29113123e+03,1.18502055e-01,5.83340451e-07,6.00010032e-01,2.81488425e-01
3.80380380e+00,2.76292227e+00,1.14515868e+02,5.04248075e+06,2.29081824e+03,1.18501925e-01,5.83339813e-07,6.00009375e-01,2.81488116e-01
3.90390390e+00,2.76495568e+00,1.15714274e+02,5.04751794e+06,2.29142025e+03,1.18501925e-01,5.83339813e-07,6.00009375e-01,2.81488116e-01
4.00400400e+00,2.76667920e+00,1.16864313e+02,5.04258940e+06,2.28891058e+03,1.18442190e-01,5.83045762e-07,5.99706921e-01,2.81346223e-01
4.10410410e+00,2.76616088e+00,1.17479145e+02,5.05501596e+06,2.29325616e+03,1.18531282e-01,5.83484327e-07,6.00158019e-01,2.81557851e-01
4.20420420e+00,2.76414760e+00,1.19779804e+02,5.03845765e+06,2.28884614e+03,1.18456866e-01,5.83118004e-07,5.99781227e-01,2.81381083e-01
4.30430430e+00,2.76326837e+00,1.22908656e+02,5.04504524e+06,2.29146247e+03,1.18514014e-01,5.83399321e-07,6.00070584e-01,2.81516832e-01
4.40440440e+00,2.76465369e+00,1.27254787e+02,5.04320682e+06,2.29013793e+03,1.18479949e-01,5.83231631e-07,5.99898102e-01,2.81435914e-01
4.50450450e+00,2.76483747e+00,1.30391345e+02,5.05082983e+06,2.29254255e+03,1.18526697e-01,5.83461753e-07,6.00134800e-01,2.81546958e-01
4.60460460e+00,2.76004952e+00,1.37319574e+02,5.04258695e+06,2.29228383e+03,1.18551918e-01,5.83585910e-07,6.00262505e-01,2.81606870e-01
4.70470470e+00,2.75964986e+00,1.42560463e+02,5.02069097e+06,2.28526162e+03,1.18416996e-01,5.82921738e-07,5.99579353e-01,2.81286376e-01
4.80480480e+00,2.75968382e+00,1.44828761e+02,5.02765443e+06,2.28750085e+03,1.18463697e-01,5.83151632e-07,5.99815817e-01,2.81397311e-01
4.90490490e+00,2.76085365e+00,1.49197136e+02,5.03408801e+06,2.28899823e+03,1.18487467e-01,5.83268642e-07,5.99936170e-01,2.81453773e-01
5.00500501e+00,2.76477403e+00,1.54651656e+02,5.04929202e+06,2.29199035e+03,1.18521877e-01,5.83438027e-07,6.00110395e-01,2.81535509e-01
5.10510511e+00,2.76567976e+00,1.59709764e+02,5.05072988e+06,2.29197350e+03,1.18517673e-01,5.83417333e-07,6.00089110e-01,2.81525523e-01
5.20520521e+00,2.76458252e+00,1.64197307e+02,5.04150075e+06,2.28947444e+03,1.18477242e-01,5.83218306e-07,5.99884395e-01,2.81429484e-01
5.30530531e+00,2.76133324e+00,1.66098587e+02,5.03102694e+06,2.28768341e+03,1.18462899e-01,5.83147701e-07,5.99811773e-01,2.81395413e-01
5.40540541e+00,2.75859315e+00,1.66069339e+02,5.02988229e+06,2.28868076e+03,1.18501925e-01,5.83339814e-07,6.00009375e-01,2.81488116e-01
5.50550551e+00,2.75849904e+00,1.66357093e+02,5.01950481e+06,2.28526453e+03,1.18438259e-01,5.83026411e-07,5.99687013e-01,2.81336884e-01
5.60560561e+00,2.75890768e+00,1.68695726e+02,5.03061457e+06,2.28866407e+03,1.18506530e-01,5.83362491e-07,6.00032689e-01,2.81499054e-01
5.70570571e+00,2.76109644e+00,1.75328442e+02,5.03861864e+06,2.29011787e+03,1.18525701e-01,5.83456886e-07,6.00129760e-01,2.81544594e-01
5.80580581e+00,2.76279416e+00,1.80217524e+02,5.03181044e+06,2.28695436e+03,1.18456447e-01,5.83116026e-07,5.99779105e-01,2.81380088e-01
5.90590591e+00,2.76077218e+00,1.82119981e+02,5.02008116e+06,2.28407042e+03,1.18416204e-01,5.82918053e-07,5.99575346e-01,2.81284496e-01
6.00600601e+00,2.75896946e+00,1.82289956e+02,5.01060422e+06,2.28178131e+03,1.18388535e-01,5.82782125e-07,5.99435247e-01,2.81218770e-01
6.10610611e+00,2.75806589e+00,1.81945806e+02,5.00852157e+06,2.28147119e+03,1.18394186e-01,5.82810536e-07,5.99463863e-01,2.81232195e-01
6.20620621e+00,2.75573187e+00,1.83689001e+02,5.01239346e+06,2.28386215e+03,1.18461919e-01,5.83145151e-07,5.99806815e-01,2.81393087e-01
6.30630631e+00,2.75356485e+00,1.87984319e+02,5.00160788e+06,2.28130327e+03,1.18432736e-01,5.83003789e-07,5.99659053e-01,2.81323767e-01
6.40640641e+00,2.75857160e+00,1.92158221e+02,5.01978222e+06,2.28459751e+03,1.18476270e-01,5.83222342e-07,5.99879476e-01,2.81427176e-01
6.50650651e+00,2.76683121e+00,1.98008583e+02,5.04430388e+06,2.28829626e+03,1.18507758e-01,5.83384939e-07,6.00038907e-01,2.81501971e-01
6.60660661e+00,2.76811993e+00,2.00436202e+02,5.04157154e+06,2.28659848e+03,1.18476326e-01,5.83243323e-07,5.99879760e-01,2.81427309e-01
6.70670671e+00,2.76387576e+00,2.03443824e+02,5.02335074e+06,2.28259913e+03,1.18436563e-01,5.83069436e-07,5.99678426e-01,2.81332855e-01
6.80680681e+00,2.76044137e+00,2.04956099e+02,5.00823887e+06,2.27919813e+03,1.18403593e-01,5.82942390e-07,5.99511493e-01,2.81254540e-01
6.90690691e+00,2.76203759e+00,2.07361050e+02,5.02021155e+06,2.28213145e+03,1.18465593e-01,5.83302896e-07,5.99825416e-01,2.81401814e-01
7.00700701e+00,2.76345220e+00,2.11400237e+02,5.02730619e+06,2.28348640e+03,1.18501925e-01,5.83566321e-07,6.00009375e-01,2.81488116e-01
7.10710711e+00,2.76476993e+00,2.15374335e+02,5.02875030e+06,2.28305368e+03,1.18501925e-01,5.83692150e-07,6.00009375e-01,2.81488116e-01
7.20720721e+00,2.76475890e+00,2.17749615e+02,5.02655289e+06,2.28206517e+03,1.18501925e-01,5.83874666e-07,6.00009375e-01,2.81488116e-01
7.30730731e+00,2.76326304e+00,2.19195341e+02,5.02003343e+06,2.28033908e+03,1.18501925e-01,5.84133161e-07,6.00009375e-01,2.81488116e-01
7.40740741e+00,2.76182656e+00,2.20232226e+02,5.01375627e+06,2.27867227e+03,1.18501925e-01,5.84490890e-07,6.00009375e-01,2.81488115e-01
7.50750751e+00,2.76142561e+00,2.22116083e+02,5.01010720e+06,2.27734443e+03,1.18501925e-01,5.84975420e-07,6.00009375e-01,2.81488115e-01
7.60760761e+00,2.76323157e+00,2.24784159e+02,5.01113351e+06,2.27632224e+03,1.18501925e-01,5.85618713e-07,6.00009375e-01,2.81488114e-01
7.70770771e+00,2.76675816e+00,2.28176694e+02,5.01565477e+06,2.27547195e+03,1.18501925e-01,5.86457074e-07,6.00009375e-01,2.81488113e-01
7.80780781e+00,2.77139233e+00,2.32281652e+02,5.02283166e+06,2.27491755e+03,1.18501926e-01,5.87530388e-07,6.00009375e-01,2.81488112e-01
7.90790791e+00,2.77499511e+00,2.35793723e+02,5.02680901e+06,2.27376309e+03,1.18501926e-01,5.88881560e-07,6.00009375e-01,2.81488110e-01
8.00800801e+00,2.77718356e+00,2.38506999e+02,5.02657071e+06,2.27186364e+03,1.18501926e-01,5.90553961e-07,6.00009375e-01,2.81488108e-01
8.10810811e+00,2.77905322e+00,2.41146040e+02,5.02451876e+06,2.26940840e+03,1.18501926e-01,5.92590346e-07,6.00009375e-01,2.81488106e-01
8.20820821e+00,2.78093280e+00,2.43749743e+02,5.02113346e+06,2.26634655e+03,1.18501927e-01,5.95031998e-07,6.00009375e-01,2.81488103e-01
8.30830831e+00,2.78292760e+00,2.46501192e+02,5.01723400e+06,2.26296323e+03,1.18501927e-01,5.97916821e-07,6.00009375e-01,2.81488100e-01
8.40840841e+00,2.78551559e+00,2.49797798e+02,5.01392458e+06,2.25936944e+03,1.18501927e-01,6.01277883e-07,6.00009375e-01,2.81488096e-01
8.50850851e+00,2.78923522e+00,2.53805502e+02,5.01171347e+06,2.25536139e+03,1.18501928e-01,6.05141606e-07,6.00009375e-01,2.81488092e-01
8.60860861e+00,2.79359741e+00,2.58312503e+02,5.00996882e+06,2.25105574e+03,1.18501928e-01,6.09527054e-07,6.00009375e-01,2.81488087e-01
8.70870871e+00,2.79767130e+00,2.63186002e+02,5.00698464e+06,2.24643893e+03,1.18501929e-01,6.14443145e-07,6.00009375e-01,2.81488081e-01
8.80880881e+00,2.80210667e+00,2.68021284e+02,5.00301268e+06,2.24110387e+03,1.18501930e-01,6.19884349e-07,6.00009375e-01,2.81488075e-01
8.90890891e+00,2.80741224e+00,2.72348108e+02,4.99867141e+06,2.23492752e+03,1.18501930e-01,6.25834603e-07,6.00009375e-01,2.81488069e-01
9.00900901e+00,2.81361840e+00,2.76066858e+02,4.99420484e+06,2.22800519e+03,1.18501931e-01,6.32263755e-07,6.00009375e-01,2.81488061e-01
9.10910911e+00,2.82066555e+00,2.79314533e+02,4.99036723e+06,2.22073099e+03,1.18501932e-01,6.39130990e-07,6.00009375e-01,2.81488054e-01
9.20920921e+00,2.82893339e+00,2.82327598e+02,4.98822914e+06,2.21329200e+03,1.18501933e-01,6.46378965e-07,6.00009375e-01,2.81488045e-01
9.30930931e+00,2.83948620e+00,2.85013275e+02,4.98918273e+06,2.20548794e+03,1.18501934e-01,6.53941239e-07,6.00009375e-01,2.81488037e-01
9.40940941e+00,2.85256958e+00,2.87167904e+02,4.99281789e+06,2.19697198e+03,1.18501935e-01,6.61740662e-07,6.00009375e-01,2.81488028e-01
9.50950951e+00,2.86770622e+00,2.89121627e+02,4.99838244e+06,2.18781130e+03,1.18501936e-01,6.69690122e-07,6.00009375e-01,2.81488019e-01
9.60960961e+00,2.88413668e+00,2.91175331e+02,5.00422945e+06,2.17789237e+03,1.18501937e-01,6.77692134e-07,6.00009375e-01,2.81488010e-01
9.70970971e+00,2.90166272e+00,2.93282260e+02,5.00959047e+06,2.16705698e+03,1.18501938e-01,6.85642450e-07,6.00009375e-01,2.81488001e-01
9.80980981e+00,2.92036646e+00,2.95332657e+02,5.01458220e+06,2.15532337e+03,1.18501939e-01,6.93433838e-07,6.00009375e-01,2.81487992e-01
9.90990991e+00,2.94008417e+00,2.97445979e+02,5.01854813e+06,2.14256183e+03,1.18501940e-01,7.00958237e-07,6.00009375e-01,2.81487984e-01
1.00100100e+01,2.96048426e+00,2.99899864e+02,5.01996046e+06,2.12839668e+03,1.18501941e-01,7.08109176e-07,6.00009375e-01,2.81487976e-01
1.01101101e+01,2.98141108e+00,3.02735868e+02,5.01822850e+06,2.11272807e+03,1.18501942e-01,7.14786212e-07,6.00009375e-01,2.81487968e-01
1.02102102e+01,3.00318099e+00,3.06402813e+02,5.01481094e+06,2.09598461e+03,1.18501942e-01,7.20896834e-07,6.00009375e-01,2.81487962e-01
1.03103103e+01,3.02732247e+00,3.09276778e+02,5.01367941e+06,2.07880095e+03,1.18501943e-01,7.26360390e-07,6.00009375e-01,2.81487955e-01
1.04104104e+01,3.05090112e+00,3.11514343e+02,5.00998566e+06,2.06121540e+03,1.18501944e-01,7.31115251e-07,6.00009375e-01,2.81487950e-01
1.05105105e+01,3.07178644e+00,3.15578907e+02,5.00232721e+06,2.04407160e+03,1.18501944e-01,7.35109366e-07,6.00009375e-01,2.81487946e-01
1.06106106e+01,3.09380641e+00,3.19762293e+02,5.00096080e+06,2.02896869e+03,1.18501945e-01,7.38302284e-07,6.00009375e-01,2.81487942e-01
1.07107107e+01,3.11392595e+00,3.23532402e+02,4.99895072e+06,2.01504896e+03,1.18501945e-01,7.40674411e-07,6.00009375e-01,2.81487939e-01
1.08108108e+01,3.13206021e+00,3.26850359e+02,4.99614393e+06,2.00225721e+03,1.18501945e-01,7.42212600e-07,6.00009375e-01,2.81487938e-01
1.09109109e+01,3.14916965e+00,3.30149645e+02,4.99461639e+06,1.99077010e+03,1.18501945e-01,7.42915411e-07,6.00009375e-01,2.81487937e-01
1.10110110e+01,3.16516414e+00,3.33302264e+02,4.99405769e+06,1.98048859e+03,1.18501945e-01,7.42793467e-07,6.00009375e-01,2.81487937e-01
1.11111111e+01,3.17994853e+00,3.36339405e+02,4.99412062e+06,1.97130564e+03,1.18501945e-01,7.41867273e-07,6.00009375e-01,2.81487938e-01
1.12112112e+01,3.19343975e+00,3.39214427e+02,4.99406878e+06,1.96295715e+03,1.18501945e-01,7.40167261e-07,6.00009375e-01,2.81487940e-01
1.13113113e+01,3.20560893e+00,3.41983241e+02,4.99371797e+06,1.95536799e+03,1.18501945e-01,7.37734220e-07,6.00009375e-01,2.81487943e-01
1.14114114e+01,3.21656039e+00,3.44772190e+02,4.99327169e+06,1.94853637e+03,1.18501944e-01,7.34617605e-07,6.00009375e-01,2.81487946e-01
1.15115115e+01,3.22636472e+00,3.47652266e+02,4.99288403e+06,1.94246431e+03,1.18501944e-01,7.30873630e-07,6.00009375e-01,2.81487950e-01
1.16116116e+01,3.23495261e+00,3.50667130e+02,4.99246718e+06,1.93714587e+03,1.18501943e-01,7.26564805e-07,6.00009375e-01,2.81487955e-01
1.17117117e+01,3.24223693e+00,3.53743071e+02,4.99166898e+06,1.93248468e+03,1.18501943e-01,7.21759756e-07,6.00009375e-01,2.81487961e-01
1.18118118e+01,3.24842229e+00,3.56879187e+02,4.99062282e+06,1.92840077e+03,1.18501942e-01,7.16532274e-07,6.00009375e-01,2.81487966e-01
1.19119119e+01,3.25394015e+00,3.60060428e+02,4.98963842e+06,1.92475097e+03,1.18501941e-01,7.10958117e-07,6.00009375e-01,2.81487973e-01
1.20120120e+01,3.25916475e+00,3.63217367e+02,4.98893909e+06,1.92139617e+03,1.18501940e-01,7.05112818e-07,6.00009375e-01,2.81487979e-01
1.21121121e+01,3.26417157e+00,3.66322142e+02,4.98860997e+06,1.91832244e+03,1.18501940e-01,6.99071743e-07,6.00009375e-01,2.81487986e-01
1.22122122e+01,3.26880904e+00,3.69392535e+02,4.98853425e+06,1.91557183e+03,1.18501939e-01,6.92909321e-07,6.00009375e-01,2.81487993e-01
1.23123123e+01,3.27302848e+00,3.72482336e+02,4.98851376e+06,1.91309451e+03,1.18501938e-01,6.86697695e-07,6.00009375e-01,2.81488000e-01
1.24124124e+01,3.27687765e+00,3.75736808e+02,4.98817285e+06,1.91071672e+03,1.18501937e-01,6.80505556e-07,6.00009375e-01,2.81488007e-01
1.25125125e+01,3.27964663e+00,3.78971525e+02,4.98652931e+06,1.90847450e+03,1.18501937e-01,6.74397066e-07,6.00009375e-01,2.81488014e-01
1.26126126e+01,3.28078452e+00,3.82509584e+02,4.98327451e+06,1.90656731e+03,1.18501936e-01,6.68430257e-07,6.00009375e-01,2.81488021e-01
1.27127127e+01,3.28112129e+00,3.86237976e+02,4.97876396e+06,1.90464610e+03,1.18501935e-01,6.62658410e-07,6.00009375e-01,2.81488027e-01
1.28128128e+01,3.28163717e+00,3.89699988e+02,4.97441455e+06,1.90268306e+03,1.18501934e-01,6.57128097e-07,6.00009375e-01,2.81488033e-01
1.29129129e+01,3.28273329e+00,3.92851576e+02,4.97169113e+06,1.90100641e+03,1.18501934e-01,6.51878104e-07,6.00009375e-01,2.81488039e-01
1.30130130e+01,3.28400073e+00,3.95504632e+02,4.96987407e+06,1.89957822e+03,1.18501933e-01,6.46939653e-07,6.00009375e-01,2.81488045e-01
1.31131131e+01,3.28619017e+00,3.97612455e+02,4.97108850e+06,1.89877649e+03,1.18501933e-01,6.42336897e-07,6.00009375e-01,2.81488050e-01
1.32132132e+01,3.28959625e+00,3.99158960e+02,4.97498814e+06,1.89829845e+03,1.18501932e-01,6.38087492e-07,6.00009375e-01,2.81488055e-01
1.33133133e+01,3.29346146e+00,4.00572562e+02,4.97991339e+06,1.89794773e+03,1.18501931e-01,6.34205801e-07,6.00009375e-01,2.81488059e-01
1.34134134e+01,3.29635455e+00,4.02421980e+02,4.98332310e+06,1.89758034e+03,1.18501931e-01,6.30702082e-07,6.00009375e-01,2.81488063e-01
1.35135135e+01,3.29781928e+00,4.04819719e+02,4.98437718e+06,1.89713873e+03,1.18501931e-01,6.27581710e-07,6.00009375e-01,2.81488067e-01
1.36136136e+01,3.29808619e+00,4.07581679e+02,4.98332167e+06,1.89658348e+03,1.18501930e-01,6.24845722e-07,6.00009375e-01,2.81488070e-01
1.37137137e+01,3.29669818e+00,4.10941669e+02,4.97904132e+06,1.89575228e+03,1.18501930e-01,6.22491542e-07,6.00009375e-01,2.81488072e-01
1.38138138e+01,3.29243474e+00,4.15412622e+02,4.96891219e+06,1.89434550e+03,1.18501930e-01,6.20513494e-07,6.00009375e-01,2.81488075e-01
1.39139139e+01,3.28685492e+00,4.20408764e+02,4.95623786e+06,1.89272122e+03,1.18501930e-01,6.18902064e-07,6.00009375e-01,2.81488076e-01
1.40140140e+01,3.28168279e+00,4.24655490e+02,4.94457598e+06,1.89124372e+03,1.18501929e-01,6.17642579e-07,6.00009375e-01,2.81488078e-01
1.41141141e+01,3.27898251e+00,4.28585112e+02,4.93824459e+06,1.89037751e+03,1.18501929e-01,6.16717819e-07,6.00009375e-01,2.81488079e-01
1.42142142e+01,3.27722040e+00,4.31605766e+02,4.93412798e+06,1.88981724e+03,1.18501929e-01,6.16111449e-07,6.00009375e-01,2.81488080e-01
1.43143143e+01,3.27735394e+00,4.34255332e+02,4.93397578e+06,1.88968194e+03,1.18501929e-01,6.15802871e-07,6.00009375e-01,2.81488080e-01
1.44144144e+01,3.27937818e+00,4.36032735e+02,4.93821974e+06,1.89013992e+03,1.18501929e-01,6.15774037e-07,6.00009375e-01,2.81488080e-01
1.45145145e+01,3.28203910e+00,4.36789338e+02,4.94383968e+06,1.89075681e+03,1.18501929e-01,6.16004333e-07,6.00009375e-01,2.81488080e-01
1.46146146e+01,3.28392277e+00,4.38360770e+02,4.96173875e+06,1.89504825e+03,1.18593573e-01,6.16951571e-07,6.00473393e-01,2.81705768e-01
1.47147147e+01,3.28238270e+00,4.42790823e+02,4.94504008e+06,1.89101793e+03,1.18501929e-01,6.17166795e-07,6.00009375e-01,2.81488078e-01
1.48148148e+01,3.28327993e+00,4.46534442e+02,4.94661583e+06,1.89110357e+03,1.18501929e-01,6.18055954e-07,6.00009375e-01,2.81488077e-01
1.49149149e+01,3.28494760e+00,4.50466627e+02,4.94976207e+06,1.89134572e+03,1.18501930e-01,6.19120113e-07,6.00009375e-01,2.81488076e-01
1.50150150e+01,3.28634495e+00,4.52583338e+02,4.95276044e+06,1.89168674e+03,1.18501930e-01,6.20342682e-07,6.00009375e-01,2.81488075e-01
1.51151151e+01,3.28477905e+00,4.54725718e+02,4.94926830e+06,1.89125409e+03,1.18501930e-01,6.21701769e-07,6.00009375e-01,2.81488073e-01
1.52152152e+01,3.27795776e+00,4.60009853e+02,4.94904098e+06,1.89364590e+03,1.18593093e-01,6.23657081e-07,6.00470957e-01,2.81704618e-01
1.53153153e+01,3.27465742e+00,4.64200490e+02,4.93845550e+06,1.89190119e+03,1.18567944e-01,6.25094112e-07,6.00343623e-01,2.81644879e-01
1.54154154e+01,3.27645749e+00,4.67510952e+02,4.93754306e+06,1.89096314e+03,1.18539684e-01,6.26589566e-07,6.00200531e-01,2.81577747e-01
1.55155155e+01,3.28349474e+00,4.67459473e+02,4.95109654e+06,1.89223670e+03,1.18530489e-01,6.28247134e-07,6.00153975e-01,2.81555904e-01
1.56156156e+01,3.29213922e+00,4.66256290e+02,4.96655516e+06,1.89345350e+03,1.18512156e-01,6.29903331e-07,6.00061147e-01,2.81512352e-01
1.57157157e+01,3.29590636e+00,4.67222306e+02,4.98160078e+06,1.89629802e+03,1.18557200e-01,6.31928755e-07,6.00289218e-01,2.81619347e-01
1.58158158e+01,3.29298376e+00,4.70913841e+02,4.96688537e+06,1.89325709e+03,1.18501931e-01,6.33434733e-07,6.00009375e-01,2.81488060e-01
1.59159159e+01,3.27861006e+00,4.79451449e+02,4.94746509e+06,1.89300544e+03,1.18571846e-01,6.35606020e-07,6.00363370e-01,2.81654131e-01
1.60160160e+01,3.26709385e+00,4.86077287e+02,4.92510870e+06,1.89096514e+03,1.18579922e-01,6.37428111e-07,6.00404260e-01,2.81673312e-01
1.61161161e+01,3.26300761e+00,4.91588244e+02,4.90727074e+06,1.88745769e+03,1.18518236e-01,6.38845064e-07,6.00091928e-01,2.81526783e-01
1.62162162e+01,3.26869002e+00,4.93348106e+02,4.91883985e+06,1.88858644e+03,1.18520248e-01,6.40571563e-07,6.00102113e-01,2.81531559e-01
1.63163163e+01,3.27330950e+00,4.93801238e+02,4.92717831e+06,1.88933828e+03,1.18506442e-01,6.42176520e-07,6.00032207e-01,2.81498762e-01
1.64164164e+01,3.27122556e+00,4.95450029e+02,4.93723437e+06,1.89290644e+03,1.18599970e-01,6.44320651e-07,6.00505766e-01,2.81720925e-01
1.65165165e+01,3.26332220e+00,5.00825544e+02,4.89967794e+06,1.88528841e+03,1.18459599e-01,6.45139939e-07,5.99795025e-01,2.81387487e-01
1.66166166e+01,3.26843782e+00,5.02195917e+02,4.91195704e+06,1.88681838e+03,1.18474453e-01,6.46743389e-07,5.99870234e-01,2.81422768e-01
1.67167167e+01,3.27678366e+00,5.01035857e+02,4.93103938e+06,1.88921247e+03,1.18481454e-01,6.48249341e-07,5.99905680e-01,2.81439396e-01
1.68168168e+01,3.27990659e+00,5.01695227e+02,4.94649212e+06,1.89239721e+03,1.18539755e-01,6.49980243e-07,6.00200874e-01,2.81577881e-01
1.69169169e+01,3.27257082e+00,5.06922863e+02,4.93693766e+06,1.89237501e+03,1.18577384e-01,6.51537780e-07,6.00391400e-01,2.81667263e-01
1.70170170e+01,3.25727351e+00,5.16512154e+02,4.89416316e+06,1.88598944e+03,1.18501934e-01,6.52408767e-07,6.00009375e-01,2.81488039e-01
1.71171171e+01,3.24756288e+00,5.23016913e+02,4.87385709e+06,1.88380693e+03,1.18500262e-01,6.53618110e-07,6.00000910e-01,2.81484066e-01
1.72172172e+01,3.24932996e+00,5.27416442e+02,4.87191052e+06,1.88259316e+03,1.18464845e-01,6.54580675e-07,5.99821582e-01,2.81399935e-01
1.73173173e+01,3.25706629e+00,5.25554601e+02,4.88905915e+06,1.88466103e+03,1.18469327e-01,6.55708907e-07,5.99844277e-01,2.81410581e-01
1.74174174e+01,3.26558740e+00,5.24224706e+02,4.91520516e+06,1.88889961e+03,1.18525540e-01,6.57074090e-07,6.00128897e-01,2.81544106e-01
1.75175175e+01,3.27107143e+00,5.24331942e+02,4.92161808e+06,1.88871803e+03,1.18492602e-01,6.57897266e-07,5.99962121e-01,2.81465863e-01
1.76176176e+01,3.27601843e+00,5.23473605e+02,4.92707939e+06,1.88844734e+03,1.18461936e-01,6.58686764e-07,5.99806850e-01,2.81393019e-01
1.77177177e+01,3.27737088e+00,5.23192332e+02,4.93889902e+06,1.89128804e+03,1.18518831e-01,6.59920665e-07,6.00094928e-01,2.81528166e-01
1.78178178e+01,3.26873245e+00,5.27983264e+02,4.91866268e+06,1.88878578e+03,1.18501935e-01,6.60703493e-07,6.00009375e-01,2.81488029e-01
1.79179179e+01,3.25315595e+00,5.37451925e+02,4.88875585e+06,1.88604638e+03,1.18517253e-01,6.61626411e-07,6.00086935e-01,2.81524415e-01
1.80180180e+01,3.25274134e+00,5.43916120e+02,4.88154755e+06,1.88414404e+03,1.18477089e-01,6.62202481e-07,5.99883573e-01,2.81429009e-01
1.81181181e+01,3.25833215e+00,5.44115093e+02,4.89497246e+06,1.88585015e+03,1.18491774e-01,6.63056182e-07,5.99957926e-01,2.81463890e-01
1.82182182e+01,3.26240740e+00,5.46006254e+02,4.90581635e+06,1.88745875e+03,1.18504845e-01,6.63876079e-07,6.00024108e-01,2.81494938e-01
1.83183183e+01,3.26358320e+00,5.48027512e+02,4.90808339e+06,1.88766544e+03,1.18503916e-01,6.64594931e-07,6.00019404e-01,2.81492730e-01
1.84184184e+01,3.26007606e+00,5.50804918e+02,4.90338351e+06,1.88758598e+03,1.18522791e-01,6.65403975e-07,6.00114973e-01,2.81537564e-01
1.85185185e+01,3.24709051e+00,5.57898673e+02,4.88715647e+06,1.88775485e+03,1.18592367e-01,6.66478455e-07,6.00467256e-01,2.81702833e-01
1.86186186e+01,3.23911652e+00,5.65663097e+02,4.84876178e+06,1.87986506e+03,1.18445368e-01,6.66315093e-07,5.99722959e-01,2.81353653e-01
1.87187187e+01,3.24607377e+00,5.66038004e+02,4.86946635e+06,1.88305063e+03,1.18495394e-01,6.67243262e-07,5.99976253e-01,2.81472483e-01
1.88188188e+01,3.25479202e+00,5.65885048e+02,4.88879478e+06,1.88538038e+03,1.18500468e-01,6.67906064e-07,6.00001942e-01,2.81484534e-01
1.89189189e+01,3.26307041e+00,5.65617778e+02,4.90033028e+06,1.88565974e+03,1.18461182e-01,6.68306773e-07,5.99803025e-01,2.81391214e-01
1.90190190e+01,3.27140247e+00,5.64921615e+02,4.91654710e+06,1.88722146e+03,1.18452395e-01,6.68867679e-07,5.99758533e-01,2.81370340e-01
1.91191191e+01,3.27544569e+00,5.65408160e+02,4.93410049e+06,1.89066034e+03,1.18512609e-01,6.69806765e-07,6.00063414e-01,2.81513371e-01
1.92192192e+01,3.26981619e+00,5.69542426e+02,4.93791653e+06,1.89369871e+03,1.18617838e-01,6.70988534e-07,6.00596220e-01,2.81763331e-01
1.93193193e+01,3.25510960e+00,5.78375084e+02,4.88560127e+06,1.88440165e+03,1.18473007e-01,6.70740203e-07,5.99862900e-01,2.81419301e-01
1.94194194e+01,3.24964047e+00,5.81827080e+02,4.87738715e+06,1.88408905e+03,1.18492530e-01,6.71405558e-07,5.99961750e-01,2.81465674e-01
1.95195195e+01,3.24492941e+00,5.84814015e+02,4.87571840e+06,1.88529552e+03,1.18548049e-01,6.72260355e-07,6.00242855e-01,2.81597551e-01
1.96196196e+01,3.23385421e+00,5.90796355e+02,4.85304496e+06,1.88294801e+03,1.18548492e-01,6.72786992e-07,6.00245098e-01,2.81598603e-01
1.97197197e+01,3.22728834e+00,5.96288454e+02,4.83197050e+06,1.87946511e+03,1.18493007e-01,6.72978425e-07,5.99964164e-01,2.81466805e-01
1.98198198e+01,3.23112622e+00,5.98401555e+02,4.83970671e+06,1.88018638e+03,1.18496276e-01,6.73486477e-07,5.99980715e-01,2.81474569e-01
1.99199199e+01,3.23958374e+00,5.96874305e+02,4.85837561e+06,1.88244360e+03,1.18500556e-01,6.73983898e-07,6.00002386e-01,2.81484736e-01
2.00200200e+01,3.24914745e+00,5.95938674e+02,4.87969542e+06,1.88496332e+03,1.18511603e-01,6.74503267e-07,6.00058321e-01,2.81510976e-01
2.01201201e+01,3.25440916e+00,5.96827252e+02,4.89442435e+06,1.88713810e+03,1.18540367e-01,6.75106128e-07,6.00203959e-01,2.81579301e-01
2.02202202e+01,3.25211440e+00,5.99000024e+02,4.89617209e+06,1.88841685e+03,1.18586016e-01,6.75786620e-07,6.00435091e-01,2.81687733e-01
2.03203203e+01,3.23815014e+00,6.05723494e+02,4.86263918e+06,1.88407069e+03,1.18554585e-01,6.76007299e-07,6.00275950e-01,2.81613073e-01
2.04204204e+01,3.22929377e+00,6.10958312e+02,4.84684811e+06,1.88290909e+03,1.18566770e-01,6.76454513e-07,6.00337644e-01,2.81642016e-01
2.05205205e+01,3.22395326e+00,6.15102321e+02,4.82860984e+06,1.87978372e+03,1.18512997e-01,6.76504254e-07,6.00065376e-01,2.81514284e-01
2.06206206e+01,3.22145420e+00,6.18443390e+02,4.82646414e+06,1.87999014e+03,1.18539212e-01,6.76989649e-07,6.00198110e-01,2.81576554e-01
2.07207207e+01,3.21927023e+00,6.23461557e+02,4.82024624e+06,1.87895310e+03,1.18532197e-01,6.77264294e-07,6.00162592e-01,2.81559891e-01
2.08208208e+01,3.22188492e+00,6.27537644e+02,4.83293820e+06,1.88153465e+03,1.18584925e-01,6.77859760e-07,6.00429568e-01,2.81685140e-01
2.09209209e+01,3.22282962e+00,6.32200335e+02,4.83385006e+06,1.88155034e+03,1.18571543e-01,6.78057294e-07,6.00361812e-01,2.81653352e-01
2.10210210e+01,3.22225559e+00,6.35212786e+02,4.82992998e+06,1.88067957e+03,1.18551357e-01,6.78195707e-07,6.00259601e-01,2.81605401e-01
2.11211211e+01,3.22103430e+00,6.35666169e+02,4.82130278e+06,1.87874259e+03,1.18506524e-01,6.78173080e-07,6.00032602e-01,2.81498906e-01
2.12212212e+01,3.22245369e+00,6.33903360e+02,4.82060630e+06,1.87796676e+03,1.18486144e-01,6.78270528e-07,5.99929409e-01,2.81450494e-01
2.13213213e+01,3.22316617e+00,6.30922499e+02,4.82116122e+06,1.87788109e+03,1.18478993e-01,6.78424461e-07,5.99893204e-01,2.81433509e-01
2.14214214e+01,3.22247346e+00,6.29997154e+02,4.82727347e+06,1.87982626e+03,1.18531923e-01,6.78903480e-07,6.00161200e-01,2.81559236e-01
2.15215215e+01,3.21675293e+00,6.33196723e+02,4.82634703e+06,1.88166194e+03,1.18604106e-01,6.79474334e-07,6.00526688e-01,2.81730701e-01
2.16216216e+01,3.20537594e+00,6.40828657e+02,4.79431846e+06,1.87671773e+03,1.18546691e-01,6.79284427e-07,6.00235977e-01,2.81594317e-01
2.17217217e+01,3.20081388e+00,6.47394033e+02,4.78825219e+06,1.87663757e+03,1.18570506e-01,6.79542154e-07,6.00356561e-01,2.81650887e-01
2.18218218e+01,3.19803790e+00,6.50390220e+02,4.77907178e+06,1.87508027e+03,1.18544271e-01,6.79496347e-07,6.00223721e-01,2.81588567e-01
2.19219219e+01,3.19636908e+00,6.50622992e+02,4.77033728e+06,1.87321292e+03,1.18507410e-01,6.79373606e-07,6.00037085e-01,2.81501008e-01
2.20220220e+01,3.19605897e+00,6.49805070e+02,4.76834707e+06,1.87273195e+03,1.18499889e-01,6.79403636e-07,5.99999003e-01,2.81483142e-01
2.21221221e+01,3.19628474e+00,6.49154851e+02,4.77307491e+06,1.87400755e+03,1.18528268e-01,6.79624787e-07,6.00142696e-01,2.81550554e-01
2.22222222e+01,3.19535202e+00,6.50290934e+02,4.77618791e+06,1.87525873e+03,1.18561036e-01,6.79857119e-07,6.00308612e-01,2.81628392e-01
2.23223223e+01,3.19372677e+00,6.52847157e+02,4.77222619e+06,1.87468918e+03,1.18558986e-01,6.79876521e-07,6.00298230e-01,2.81623521e-01
2.24224224e+01,3.19039762e+00,6.56224778e+02,4.76174987e+06,1.87290836e+03,1.18534760e-01,6.79756266e-07,6.00175566e-01,2.81565975e-01
2.25225225e+01,3.18671506e+00,6.58419205e+02,4.75223678e+06,1.87156353e+03,1.18519756e-01,6.79677262e-07,6.00099598e-01,2.81530335e-01
2.26226226e+01,3.18339237e+00,6.58880831e+02,4.74527068e+06,1.87076206e+03,1.18520303e-01,6.79676697e-07,6.00102366e-01,2.81531634e-01
2.27227227e+01,3.17663399e+00,6.60358214e+02,4.73643349e+06,1.87068674e+03,1.18556040e-01,6.79868112e-07,6.00283311e-01,2.81616522e-01
2.28228228e+01,3.16307815e+00,6.64952299e+02,4.70792935e+06,1.86746838e+03,1.18551552e-01,6.79820051e-07,6.00260590e-01,2.81605863e-01
2.29229229e+01,3.15465707e+00,6.68466369e+02,4.68724194e+06,1.86465639e+03,1.18524161e-01,6.79632938e-07,6.00121901e-01,2.81540798e-01
2.30230230e+01,3.15217851e+00,6.70035069e+02,4.68036980e+06,1.86359284e+03,1.18511042e-01,6.79520950e-07,6.00055476e-01,2.81509636e-01
2.31231231e+01,3.15390171e+00,6.70786164e+02,4.68636590e+06,1.86463288e+03,1.18531884e-01,6.79597965e-07,6.00161006e-01,2.81559144e-01
2.32232232e+01,3.15672097e+00,6.71059425e+02,4.69519851e+06,1.86617030e+03,1.18551479e-01,6.79663039e-07,6.00260219e-01,2.81605689e-01
2.33233233e+01,3.15737752e+00,6.71231154e+02,4.69626970e+06,1.86623791e+03,1.18549573e-01,6.79601092e-07,6.00250571e-01,2.81601163e-01
2.34234234e+01,3.15402816e+00,6.72382150e+02,4.68509468e+06,1.86424744e+03,1.18519480e-01,6.79374909e-07,6.00098200e-01,2.81529680e-01
2.35235235e+01,3.14751815e+00,6.74033178e+02,4.67467955e+06,1.86361413e+03,1.18540866e-01,6.79442245e-07,6.00206481e-01,2.81580479e-01
2.36236236e+01,3.13852573e+00,6.76793377e+02,4.65334191e+06,1.86073463e+03,1.18521002e-01,6.79272649e-07,6.00105908e-01,2.81533296e-01
2.37237237e+01,3.13242409e+00,6.78657235e+02,4.64292827e+06,1.85998067e+03,1.18534146e-01,6.79292661e-07,6.00172458e-01,2.81564517e-01
2.38238238e+01,3.12806051e+00,6.80305392e+02,4.63342981e+06,1.85882632e+03,1.18530227e-01,6.79216153e-07,6.00152616e-01,2.81555208e-01
2.39239239e+01,3.12561920e+00,6.81321736e+02,4.62843548e+06,1.85825395e+03,1.18531443e-01,6.79171101e-07,6.00158771e-01,2.81558096e-01
2.40240240e+01,3.12408147e+00,6.81962599e+02,4.62566539e+06,1.85800585e+03,1.18534637e-01,6.79140094e-07,6.00174942e-01,2.81565683e-01
2.41241241e+01,3.12188366e+00,6.82628376e+02,4.62298606e+06,1.85804775e+03,1.18546704e-01,6.79163225e-07,6.00236045e-01,2.81594348e-01
2.42242242e+01,3.11606161e+00,6.85086602e+02,4.61071969e+06,1.85663840e+03,1.18542980e-01,6.79099697e-07,6.00217187e-01,2.81585501e-01
2.43243243e+01,3.11046961e+00,6.87777629e+02,4.59783921e+06,1.85495007e+03,1.18532128e-01,6.78999559e-07,6.00162239e-01,2.81559723e-01
2.44244244e+01,3.10659045e+00,6.89800008e+02,4.59116780e+06,1.85441945e+03,1.18541843e-01,6.79021656e-07,6.00211431e-01,2.81582801e-01
2.45245245e+01,3.10366424e+00,6.91719129e+02,4.58613872e+06,1.85405515e+03,1.18546925e-01,6.79021698e-07,6.00237161e-01,2.81594872e-01
2.46246246e+01,3.10070655e+00,6.92342348e+02,4.58050215e+06,1.85354254e+03,1.18546941e-01,6.78997135e-07,6.00237244e-01,2.81594911e-01
2.47247247e+01,3.09303633e+00,6.94659574e+02,4.57337781e+06,1.85431717e+03,1.18606510e-01,6.79317880e-07,6.00538857e-01,2.81736410e-01
2.48248248e+01,3.08094511e+00,6.99383555e+02,4.53647667e+06,1.84794945e+03,1.18518220e-01,6.78795701e-07,6.00091818e-01,2.81526686e-01
2.49249249e+01,3.07888146e+00,7.00321552e+02,4.52566934e+06,1.84554368e+03,1.18469351e-01,6.78502739e-07,5.99844382e-01,2.81410604e-01
2.50250250e+01,3.08748609e+00,6.96107001e+02,4.54422320e+06,1.84780500e+03,1.18478349e-01,6.78543953e-07,5.99889941e-01,2.81431978e-01
2.51251251e+01,3.09757172e+00,6.91636899e+02,4.56878290e+06,1.85128800e+03,1.18507449e-01,6.78702317e-07,6.00037284e-01,2.81501102e-01
2.52252252e+01,3.10130714e+00,6.91392618e+02,4.59136720e+06,1.85652313e+03,1.18614387e-01,6.79307642e-07,6.00578743e-01,2.81755122e-01
2.53253253e+01,3.08598421e+00,7.00311072e+02,4.54680914e+06,1.84912584e+03,1.18518745e-01,6.78753047e-07,6.00094477e-01,2.81527934e-01
2.54254254e+01,3.07219087e+00,7.08317580e+02,4.51672378e+06,1.84539940e+03,1.18501937e-01,6.78649179e-07,6.00009375e-01,2.81488009e-01
2.55255255e+01,3.05986094e+00,7.12313623e+02,4.50273669e+06,1.84588034e+03,1.18580097e-01,6.79087335e-07,6.00405122e-01,2.81673670e-01
2.56256256e+01,3.05484028e+00,7.14249938e+02,4.47673569e+06,1.83999481e+03,1.18466848e-01,6.78426327e-07,5.99831711e-01,2.81404660e-01
2.57257257e+01,3.05759231e+00,7.11378519e+02,4.48285014e+06,1.84075886e+03,1.18472685e-01,6.78443100e-07,5.99861261e-01,2.81418523e-01
2.58258258e+01,3.05606012e+00,7.09520793e+02,4.48093796e+06,1.84080460e+03,1.18478578e-01,6.78454791e-07,5.99891101e-01,2.81432522e-01
2.59259259e+01,3.05390458e+00,7.09739253e+02,4.48560627e+06,1.84295667e+03,1.18547131e-01,6.78818687e-07,6.00238205e-01,2.81595362e-01
2.60260260e+01,3.04422453e+00,7.14591030e+02,4.46481855e+06,1.84037885e+03,1.18538762e-01,6.78734387e-07,6.00195830e-01,2.81575483e-01
2.61261261e+01,3.03874796e+00,7.18779888e+02,4.45029736e+06,1.83810202e+03,1.18512790e-01,6.78540592e-07,6.00064328e-01,2.81513790e-01
2.62262262e+01,3.03765806e+00,7.19719356e+02,4.44652933e+06,1.83737915e+03,1.18501535e-01,6.78421234e-07,6.00007342e-01,2.81487055e-01
2.63263263e+01,3.03690269e+00,7.20089844e+02,4.44489259e+06,1.83716903e+03,1.18500932e-01,6.78351994e-07,6.00004285e-01,2.81485621e-01
2.64264264e+01,3.03523565e+00,7.20889049e+02,4.44137911e+06,1.83673878e+03,1.18500046e-01,6.78269392e-07,5.99999803e-01,2.81483519e-01
2.65265265e+01,3.03255853e+00,7.22185796e+02,4.43457286e+06,1.83570143e+03,1.18489821e-01,6.78120838e-07,5.99948027e-01,2.81459229e-01
2.66266266e+01,3.02986130e+00,7.23135011e+02,4.43054957e+06,1.83551510e+03,1.18499734e-01,6.78074389e-07,5.99998223e-01,2.81482778e-01
2.67267267e+01,3.02455700e+00,7.25447921e+02,4.42307077e+06,1.83527018e+03,1.18522988e-01,6.78090590e-07,6.00115962e-01,2.81538014e-01
2.68268268e+01,3.01347715e+00,7.30811668e+02,4.39883076e+06,1.83215110e+03,1.18508240e-01,6.77875559e-07,6.00041291e-01,2.81502983e-01
2.69269269e+01,3.00483183e+00,7.35516065e+02,4.38079238e+06,1.82996752e+03,1.18503070e-01,6.77701537e-07,6.00015114e-01,2.81490702e-01
2.70270270e+01,2.99983360e+00,7.38006515e+02,4.36797262e+06,1.82796563e+03,1.18482771e-01,6.77426984e-07,5.99912331e-01,2.81442483e-01
2.71271271e+01,2.99668755e+00,7.39234305e+02,4.36215639e+06,1.82736879e+03,1.18487913e-01,6.77283792e-07,5.99938368e-01,2.81454699e-01
2.72272272e+01,2.99423920e+00,7.40371721e+02,4.35566876e+06,1.82632079e+03,1.18476380e-01,6.77031335e-07,5.99879973e-01,2.81427303e-01
2.73273273e+01,2.99392234e+00,7.41158403e+02,4.35223721e+06,1.82541938e+03,1.18454034e-01,6.76703506e-07,5.99766831e-01,2.81374224e-01
2.74274274e+01,2.99863672e+00,7.39114009e+02,4.35770391e+06,1.82529414e+03,1.18424481e-01,6.76321093e-07,5.99617193e-01,2.81304023e-01
2.75275275e+01,3.00894862e+00,7.34581857e+02,4.38247405e+06,1.82890914e+03,1.18454874e-01,6.76267685e-07,5.99771082e-01,2.81376219e-01
2.76276276e+01,3.01335234e+00,7.32067375e+02,4.39681481e+06,1.83156727e+03,1.18496595e-01,6.76265648e-07,5.99982326e-01,2.81475322e-01
2.77277277e+01,3.00885215e+00,7.34264794e+02,4.39034040e+06,1.83131378e+03,1.18515477e-01,6.76121759e-07,6.00077933e-01,2.81520175e-01
2.78278278e+01,2.99745204e+00,7.39842379e+02,4.37073245e+06,1.82968980e+03,1.18540020e-01,6.76000107e-07,6.00202204e-01,2.81578476e-01
2.79279279e+01,2.97970513e+00,7.48533327e+02,4.33062573e+06,1.82421372e+03,1.18506489e-01,6.75539089e-07,6.00032423e-01,2.81498825e-01
2.80280280e+01,2.96842493e+00,7.53834760e+02,4.30767929e+06,1.82149282e+03,1.18503264e-01,6.75244160e-07,6.00016095e-01,2.81491166e-01
2.81281281e+01,2.96496930e+00,7.55399545e+02,4.29487009e+06,1.81889211e+03,1.18457722e-01,6.74701597e-07,5.99785503e-01,2.81382986e-01
2.82282282e+01,2.96740831e+00,7.53761743e+02,4.29214554e+06,1.81711323e+03,1.18401070e-01,6.74089965e-07,5.99498659e-01,2.81248417e-01
2.83283283e+01,2.97334799e+00,7.49486681e+02,4.31220739e+06,1.82100581e+03,1.18463089e-01,6.74148608e-07,5.99812678e-01,2.81395736e-01
2.84284284e+01,2.97219335e+00,7.47514037e+02,4.31365756e+06,1.82192513e+03,1.18489145e-01,6.73998081e-07,5.99944607e-01,2.81457629e-01
2.85285285e+01,2.96105911e+00,7.52164576e+02,4.30115504e+06,1.82226123e+03,1.18568102e-01,6.74146178e-07,6.00344391e-01,2.81645184e-01
2.86286286e+01,2.94036322e+00,7.62945319e+02,4.25027101e+06,1.81447231e+03,1.18496570e-01,6.73439169e-07,5.99982205e-01,2.81475268e-01
2.87287287e+01,2.93079285e+00,7.68656113e+02,4.23201438e+06,1.81250034e+03,1.18501651e-01,6.73169261e-07,6.00007928e-01,2.81487337e-01
2.88288288e+01,2.92875071e+00,7.71358020e+02,4.22279804e+06,1.81044410e+03,1.18460420e-01,6.72637841e-07,5.99799167e-01,2.81389399e-01
2.89289289e+01,2.93405289e+00,7.68704052e+02,4.22651833e+06,1.80956505e+03,1.18408016e-01,6.72044711e-07,5.99533829e-01,2.81264918e-01
2.90290290e+01,2.94543979e+00,7.62009201e+02,4.25141115e+06,1.81292940e+03,1.18424770e-01,6.71846040e-07,5.99618662e-01,2.81304717e-01
2.91291291e+01,2.95115829e+00,7.57046114e+02,4.26527016e+06,1.81504889e+03,1.18442127e-01,6.71653370e-07,5.99706544e-01,2.81345947e-01
2.92292292e+01,2.95198357e+00,7.54905672e+02,4.26968080e+06,1.81611763e+03,1.18461706e-01,6.71477357e-07,5.99805678e-01,2.81392454e-01
2.93293293e+01,2.94708328e+00,7.56571717e+02,4.26949160e+06,1.81793116e+03,1.18535055e-01,6.71611241e-07,6.00177063e-01,2.81566686e-01
2.94294294e+01,2.92630221e+00,7.66597524e+02,4.22149472e+06,1.81100592e+03,1.18486178e-01,6.71059890e-07,5.99929587e-01,2.81450586e-01
2.95295295e+01,2.91159310e+00,7.73905911e+02,4.19077717e+06,1.80709111e+03,1.18474347e-01,6.70726766e-07,5.99869682e-01,2.81422482e-01
2.96296296e+01,2.90563838e+00,7.78269300e+02,4.17953205e+06,1.80589347e+03,1.18477111e-01,6.70484221e-07,5.99883676e-01,2.81429048e-01
2.97297297e+01,2.90365033e+00,7.79299618e+02,4.17407523e+06,1.80496287e+03,1.18464484e-01,6.70161932e-07,5.99819746e-01,2.81399056e-01
2.98298298e+01,2.90179236e+00,7.79224538e+02,4.16947880e+06,1.80421818e+03,1.18458674e-01,6.69885753e-07,5.99790325e-01,2.81385254e-01
2.99299299e+01,2.89564189e+00,7.80721071e+02,4.16130042e+06,1.80399486e+03,1.18492103e-01,6.69839356e-07,5.99959586e-01,2.81464661e-01
3.00300300e+01,2.88531877e+00,7.84382146e+02,4.13666359e+06,1.80020904e+03,1.18460606e-01,6.69434446e-07,5.99800108e-01,2.81389844e-01
3.01301301e+01,2.88152346e+00,7.86175989e+02,4.12692304e+06,1.79864437e+03,1.18440271e-01,6.69101235e-07,5.99697146e-01,2.81341541e-01
3.02302302e+01,2.88520829e+00,7.84650992e+02,4.12909857e+06,1.79790038e+03,1.18400337e-01,6.68665288e-07,5.99494952e-01,2.81246683e-01
3.03303303e+01,2.89514245e+00,7.80062460e+02,4.15532592e+06,1.80233060e+03,1.18451669e-01,6.68751977e-07,5.99754857e-01,2.81368616e-01
3.04304304e+01,2.89820807e+00,7.78017235e+02,4.16413684e+06,1.80390908e+03,1.18473514e-01,6.68679226e-07,5.99865466e-01,2.81420507e-01
3.05305305e+01,2.89471034e+00,7.79150185e+02,4.15931397e+06,1.80377361e+03,1.18488185e-01,6.68573531e-07,5.99939751e-01,2.81455357e-01
3.06306306e+01,2.87958562e+00,7.85655249e+02,4.13467933e+06,1.80186928e+03,1.18530206e-01,6.68629935e-07,6.00152514e-01,2.81555173e-01
3.07307307e+01,2.86322211e+00,7.93638266e+02,4.09382866e+06,1.79526561e+03,1.18464001e-01,6.68084224e-07,5.99817298e-01,2.81397910e-01
3.08308308e+01,2.85970562e+00,7.96054851e+02,4.08177951e+06,1.79279633e+03,1.18423459e-01,6.67690796e-07,5.99612024e-01,2.81301608e-01
3.09309309e+01,2.86197490e+00,7.94973787e+02,4.08702940e+06,1.79355664e+03,1.18431527e-01,6.67578058e-07,5.99652873e-01,2.81320772e-01
3.10310310e+01,2.86767662e+00,7.92831364e+02,4.09793973e+06,1.79481128e+03,1.18428733e-01,6.67410271e-07,5.99638729e-01,2.81314137e-01
3.11311311e+01,2.87235594e+00,7.91345469e+02,4.10967091e+06,1.79669447e+03,1.18449994e-01,6.67383696e-07,5.99746378e-01,2.81364639e-01
3.12312312e+01,2.87215867e+00,7.91590734e+02,4.11434662e+06,1.79824992e+03,1.18490323e-01,6.67470225e-07,5.99950576e-01,2.81460437e-01
3.13313313e+01,2.86566551e+00,7.95374628e+02,4.10189843e+06,1.79682055e+03,1.18493679e-01,6.67354239e-07,5.99967568e-01,2.81468408e-01
3.14314314e+01,2.85349385e+00,8.01777748e+02,4.07878632e+06,1.79420456e+03,1.18501143e-01,6.67267163e-07,6.00005361e-01,2.81486139e-01
3.15315315e+01,2.84246133e+00,8.07701293e+02,4.05340867e+06,1.79038878e+03,1.18472884e-01,6.66984747e-07,5.99862280e-01,2.81419014e-01
3.16316316e+01,2.83738801e+00,8.09058050e+02,4.03877317e+06,1.78769487e+03,1.18434388e-01,6.66649934e-07,5.99667363e-01,2.81327571e-01
3.17317317e+01,2.83353418e+00,8.09733819e+02,4.03406028e+06,1.78768114e+03,1.18457988e-01,6.66669560e-07,5.99786854e-01,2.81383629e-01
3.18318318e+01,2.82677975e+00,8.12811619e+02,4.01890000e+06,1.78541718e+03,1.18444801e-01,6.66487059e-07,5.99720084e-01,2.81352304e-01
3.19319319e+01,2.82312120e+00,8.15335579e+02,4.01119645e+06,1.78437220e+03,1.18440285e-01,6.66358125e-07,5.99697221e-01,2.81341579e-01
3.20320320e+01,2.82215390e+00,8.17904959e+02,4.01149630e+06,1.78487147e+03,1.18456593e-01,6.66350925e-07,5.99779791e-01,2.81380316e-01
3.21321321e+01,2.82517388e+00,8.18374249e+02,4.01217161e+06,1.78386788e+03,1.18416471e-01,6.66030699e-07,5.99576642e-01,2.81285011e-01
3.22322322e+01,2.83169100e+00,8.15534620e+02,4.02869489e+06,1.78664619e+03,1.18446012e-01,6.66106446e-07,5.99726216e-01,2.81355182e-01
3.23323323e+01,2.83309061e+00,8.14058435e+02,4.02978580e+06,1.78638878e+03,1.18436618e-01,6.65967482e-07,5.99678654e-01,2.81332869e-01
3.24324324e+01,2.83283471e+00,8.13000749e+02,4.02668083e+06,1.78554483e+03,1.18411994e-01,6.65747343e-07,5.99553977e-01,2.81274378e-01
3.25325325e+01,2.83598856e+00,8.09947410e+02,4.03070032e+06,1.78564654e+03,1.18391636e-01,6.65555684e-07,5.99450897e-01,2.81226019e-01
3.26326326e+01,2.84801219e+00,8.01914401e+02,4.06789047e+06,1.79284377e+03,1.18501936e-01,6.66102895e-07,6.00009375e-01,2.81488023e-01
3.27327327e+01,2.86947011e+00,7.91064182e+02,4.10392672e+06,1.79592023e+03,1.18454437e-01,6.65767244e-07,5.99768874e-01,2.81375195e-01
3.28328328e+01,2.88725550e+00,7.81225833e+02,4.14699925e+06,1.80263536e+03,1.18517187e-01,6.66055610e-07,6.00086598e-01,2.81524252e-01
3.29329329e+01,2.89671733e+00,7.75786871e+02,4.16454346e+06,1.80458075e+03,1.18501935e-01,6.65910303e-07,6.00009375e-01,2.81488023e-01
3.30330330e+01,2.90893249e+00,7.71331977e+02,4.18835797e+06,1.80727894e+03,1.18501935e-01,6.65855469e-07,6.00009375e-01,2.81488024e-01
3.31331331e+01,2.92002037e+00,7.67131400e+02,4.19897984e+06,1.80624717e+03,1.18418952e-01,6.65339361e-07,5.99589204e-01,2.81290905e-01
3.32332332e+01,2.92257584e+00,7.65199651e+02,4.20872210e+06,1.80835595e+03,1.18451625e-01,6.65478258e-07,5.99754639e-01,2.81368517e-01
3.33333333e+01,2.92195822e+00,7.65355987e+02,4.21490975e+06,1.81048933e+03,1.18511035e-01,6.65772559e-07,6.00055450e-01,2.81509639e-01
3.34334334e+01,2.91099275e+00,7.71003062e+02,4.18839516e+06,1.80642751e+03,1.18474932e-01,6.65535610e-07,5.99872650e-01,2.81423881e-01
3.35335335e+01,2.90353763e+00,7.75381363e+02,4.17303367e+06,1.80453533e+03,1.18467582e-01,6.65465522e-07,5.99835431e-01,2.81406420e-01
3.36336336e+01,2.89998421e+00,7.76424826e+02,4.16335390e+06,1.80291123e+03,1.18444210e-01,6.65310601e-07,5.99717093e-01,2.81350903e-01
3.37337337e+01,2.89721979e+00,7.76405203e+02,4.15686130e+06,1.80192059e+03,1.18437416e-01,6.65253840e-07,5.99682696e-01,2.81334766e-01
3.38338338e+01,2.89229350e+00,7.77539458e+02,4.14717909e+06,1.80075075e+03,1.18439702e-01,6.65252986e-07,5.99694270e-01,2.81340196e-01
3.39339339e+01,2.88788051e+00,7.78619058e+02,4.13875326e+06,1.79983163e+03,1.18440142e-01,6.65246487e-07,5.99696495e-01,2.81341240e-01
3.40340340e+01,2.88431202e+00,7.79599636e+02,4.13414077e+06,1.79976288e+03,1.18459041e-01,6.65348166e-07,5.99792189e-01,2.81386133e-01
3.41341341e+01,2.87755563e+00,7.82643055e+02,4.12337905e+06,1.79897507e+03,1.18479952e-01,6.65465374e-07,5.99898065e-01,2.81435804e-01
3.42342342e+01,2.87042542e+00,7.86693346e+02,4.10528955e+06,1.79600572e+03,1.18448699e-01,6.65293519e-07,5.99739822e-01,2.81361566e-01
3.43343343e+01,2.86679950e+00,7.89377233e+02,4.09920382e+06,1.79548661e+03,1.18456939e-01,6.65347063e-07,5.99781543e-01,2.81381139e-01
3.44344344e+01,2.86274451e+00,7.92163497e+02,4.09258747e+06,1.79497434e+03,1.18467062e-01,6.65414399e-07,5.99832801e-01,2.81405186e-01
3.45345345e+01,2.85678358e+00,7.95751742e+02,4.08036191e+06,1.79341080e+03,1.18462814e-01,6.65403824e-07,5.99811292e-01,2.81395095e-01
3.46346346e+01,2.85169901e+00,7.98662219e+02,4.06967154e+06,1.79197565e+03,1.18457906e-01,6.65391912e-07,5.99786443e-01,2.81383438e-01
3.47347347e+01,2.84837422e+00,7.99832314e+02,4.06230048e+06,1.79088587e+03,1.18453410e-01,6.65384246e-07,5.99763678e-01,2.81372758e-01
3.48348348e+01,2.84478323e+00,8.00690357e+02,4.05609463e+06,1.79028442e+03,1.18461533e-01,6.65448930e-07,5.99804808e-01,2.81392053e-01
3.49349349e+01,2.83814709e+00,8.03122850e+02,4.04443241e+06,1.78913081e+03,1.18473460e-01,6.65535939e-07,5.99865194e-01,2.81420383e-01
3.50350350e+01,2.83213608e+00,8.05567380e+02,4.03057807e+06,1.78707604e+03,1.18454256e-01,6.65448508e-07,5.99767962e-01,2.81374767e-01
3.51351351e+01,2.82925096e+00,8.07036259e+02,4.02547430e+06,1.78659859e+03,1.18456551e-01,6.65481784e-07,5.99779579e-01,2.81380217e-01
3.52352352e+01,2.82718850e+00,8.08454088e+02,4.02217040e+06,1.78634642e+03,1.18462392e-01,6.65534422e-07,5.99809157e-01,2.81394094e-01
3.53353353e+01,2.82508906e+00,8.09620336e+02,4.01784147e+06,1.78578505e+03,1.18460061e-01,6.65540063e-07,5.99797354e-01,2.81388556e-01
3.54354354e+01,2.82242099e+00,8.10424871e+02,4.01234652e+06,1.78506505e+03,1.18457640e-01,6.65543596e-07,5.99785095e-01,2.81382805e-01
3.55355355e+01,2.81734696e+00,8.11978924e+02,4.00332081e+06,1.78413418e+03,1.18465811e-01,6.65604517e-07,5.99826464e-01,2.81402213e-01
3.56356356e+01,2.80582498e+00,8.16602346e+02,3.98344117e+06,1.78223685e+03,1.18487597e-01,6.65739310e-07,5.99936775e-01,2.81453964e-01
3.57357357e+01,2.79387337e+00,8.22035936e+02,3.95736797e+06,1.77848737e+03,1.18464824e-01,6.65620628e-07,5.99821468e-01,2.81399869e-01
3.58358358e+01,2.78786299e+00,8.25208003e+02,3.94299079e+06,1.77616010e+03,1.18443903e-01,6.65508832e-07,5.99715538e-01,2.81350173e-01
3.59359359e+01,2.78520407e+00,8.27647059e+02,3.93980110e+06,1.77618332e+03,1.18459521e-01,6.65598428e-07,5.99794617e-01,2.81387272e-01
3.60360360e+01,2.78448128e+00,8.29371644e+02,3.93889712e+06,1.77614523e+03,1.18465623e-01,6.65630256e-07,5.99825517e-01,2.81401768e-01
3.61361361e+01,2.78256248e+00,8.30514646e+02,3.93460443e+06,1.77551160e+03,1.18460379e-01,6.65593656e-07,5.99798964e-01,2.81389311e-01
3.62362362e+01,2.77951068e+00,8.31331795e+02,3.92602567e+06,1.77390560e+03,1.18439009e-01,6.65461447e-07,5.99690761e-01,2.81338549e-01
3.63363363e+01,2.77754172e+00,8.30866928e+02,3.92213550e+06,1.77343567e+03,1.18436904e-01,6.65432187e-07,5.99680101e-01,2.81333548e-01
3.64364364e+01,2.77456594e+00,8.30097919e+02,3.91817579e+06,1.77335207e+03,1.18449814e-01,6.65481717e-07,5.99745468e-01,2.81364214e-01
3.65365365e+01,2.76567442e+00,8.33499593e+02,3.90932137e+06,1.77391701e+03,1.18524329e-01,6.65871602e-07,6.00122758e-01,2.81541216e-01
3.66366366e+01,2.75090727e+00,8.40887784e+02,3.87274471e+06,1.76772764e+03,1.18458996e-01,6.65470056e-07,5.99791961e-01,2.81386026e-01
3.67367367e+01,2.74670500e+00,8.44762803e+02,3.86209138e+06,1.76590783e+03,1.18435794e-01,6.65299359e-07,5.99674483e-01,2.81330913e-01
3.68368368e+01,2.75014137e+00,8.44738519e+02,3.87015077e+06,1.76713259e+03,1.18452494e-01,6.65346763e-07,5.99759041e-01,2.81370582e-01
3.69369369e+01,2.75812032e+00,8.41902104e+02,3.88095471e+06,1.76758302e+03,1.18409358e-01,6.65051834e-07,5.99540631e-01,2.81268117e-01
3.70370370e+01,2.76207032e+00,8.39957115e+02,3.89542502e+06,1.77076722e+03,1.18467473e-01,6.65319207e-07,5.99834884e-01,2.81406163e-01
3.71371371e+01,2.76121726e+00,8.40680962e+02,3.89768606e+06,1.77186000e+03,1.18499728e-01,6.65435138e-07,5.99998198e-01,2.81482780e-01
3.72372372e+01,2.74856910e+00,8.47080028e+02,3.87240781e+06,1.76852598e+03,1.18495939e-01,6.65342729e-07,5.99979013e-01,2.81473780e-01
3.73373373e+01,2.73223261e+00,8.55489343e+02,3.83413599e+06,1.76229054e+03,1.18443932e-01,6.64974288e-07,5.99715686e-01,2.81350243e-01
3.74374374e+01,2.72375506e+00,8.58195457e+02,3.81881152e+06,1.76058469e+03,1.18452365e-01,6.64939820e-07,5.99758385e-01,2.81370275e-01
3.75375375e+01,2.71657485e+00,8.60712434e+02,3.80431361e+06,1.75862961e+03,1.18446092e-01,6.64817637e-07,5.99726625e-01,2.81355375e-01
3.76376376e+01,2.71342904e+00,8.62684374e+02,3.79649419e+06,1.75730798e+03,1.18428676e-01,6.64628013e-07,5.99638440e-01,2.81314004e-01
3.77377377e+01,2.71930034e+00,8.60836363e+02,3.80549240e+06,1.75788781e+03,1.18413989e-01,6.64448896e-07,5.99564075e-01,2.81279117e-01
3.78378378e+01,2.73716518e+00,8.53174043e+02,3.83996633e+06,1.76222963e+03,1.18414366e-01,6.64349323e-07,5.99565985e-01,2.81280013e-01
3.79379379e+01,2.74853268e+00,8.47648927e+02,3.87193158e+06,1.76829711e+03,1.18498271e-01,6.64713384e-07,5.99990823e-01,2.81479321e-01
3.80380380e+01,2.74796429e+00,8.47506725e+02,3.87335504e+06,1.76900830e+03,1.18518688e-01,6.64717145e-07,6.00094199e-01,2.81527819e-01
3.81381381e+01,2.73553591e+00,8.53330883e+02,3.85234150e+06,1.76698839e+03,1.18546611e-01,6.64759658e-07,6.00235583e-01,2.81594148e-01
3.82382382e+01,2.71617133e+00,8.63573375e+02,3.80753541e+06,1.75981605e+03,1.18484079e-01,6.64292823e-07,5.99918963e-01,2.81445609e-01
3.83383383e+01,2.70833415e+00,8.66545979e+02,3.78907609e+06,1.75680471e+03,1.18453549e-01,6.64003487e-07,5.99764379e-01,2.81373088e-01
3.84384384e+01,2.70421831e+00,8.67288110e+02,3.78515618e+06,1.75711124e+03,1.18490431e-01,6.64090095e-07,5.99951124e-01,2.81460698e-01
3.85385385e+01,2.69548372e+00,8.71062604e+02,3.76815376e+06,1.75486979e+03,1.18491579e-01,6.63975128e-07,5.99956936e-01,2.81463424e-01
3.86386386e+01,2.69058728e+00,8.74195174e+02,3.75674984e+06,1.75306121e+03,1.18470056e-01,6.63732397e-07,5.99847961e-01,2.81412300e-01
3.87387387e+01,2.69272096e+00,8.74458352e+02,3.76204598e+06,1.75389741e+03,1.18486547e-01,6.63702082e-07,5.99931461e-01,2.81451473e-01
3.88388388e+01,2.69498465e+00,8.74078237e+02,3.77083132e+06,1.75597736e+03,1.18522930e-01,6.63782734e-07,6.00115677e-01,2.81537896e-01
3.89389389e+01,2.69002682e+00,8.77278606e+02,3.75831569e+06,1.75375442e+03,1.18497271e-01,6.63516270e-07,5.99985760e-01,2.81476948e-01
3.90390390e+01,2.68373211e+00,8.80881381e+02,3.74807001e+06,1.75283768e+03,1.18513360e-01,6.63484554e-07,6.00067222e-01,2.81515164e-01
3.91391391e+01,2.67811552e+00,8.83342516e+02,3.73387493e+06,1.75031605e+03,1.18482570e-01,6.63191871e-07,5.99911324e-01,2.81442027e-01
3.92392392e+01,2.67636339e+00,8.83233369e+02,3.73086914e+06,1.74993913e+03,1.18490212e-01,6.63116010e-07,5.99950017e-01,2.81460180e-01
3.93393393e+01,2.67142508e+00,8.83976761e+02,3.71980188e+06,1.74819244e+03,1.18475365e-01,6.62916413e-07,5.99874841e-01,2.81424911e-01
3.94394394e+01,2.66302836e+00,8.86739676e+02,3.70615062e+06,1.74691495e+03,1.18499357e-01,6.62936818e-07,5.99996322e-01,2.81481903e-01
3.95395395e+01,2.65379753e+00,8.90372020e+02,3.68976867e+06,1.74501588e+03,1.18514762e-01,6.62912291e-07,6.00074323e-01,2.81518497e-01
3.96396396e+01,2.64793467e+00,8.93675987e+02,3.67786854e+06,1.74334776e+03,1.18507378e-01,6.62763674e-07,6.00036933e-01,2.81500955e-01
3.97397397e+01,2.64578598e+00,8.96551583e+02,3.67499051e+06,1.74333555e+03,1.18511640e-01,6.62683776e-07,6.00058514e-01,2.81511080e-01
3.98398398e+01,2.64684136e+00,8.98540514e+02,3.68046256e+06,1.74468614e+03,1.18548936e-01,6.62792247e-07,6.00247356e-01,2.81599674e-01
3.99399399e+01,2.64594362e+00,9.00395828e+02,3.67867813e+06,1.74442156e+03,1.18549640e-01,6.62699939e-07,6.00250920e-01,2.81601346e-01
4.00400400e+01,2.63957248e+00,9.04513580e+02,3.66426209e+06,1.74207682e+03,1.18529409e-01,6.62494868e-07,6.00148481e-01,2.81553288e-01
4.01401401e+01,2.62929979e+00,9.09257663e+02,3.64604470e+06,1.74004880e+03,1.18538912e-01,6.62460565e-07,6.00196598e-01,2.81575861e-01
4.02402402e+01,2.61931600e+00,9.12613930e+02,3.62446481e+06,1.73671550e+03,1.18513492e-01,6.62235869e-07,6.00067890e-01,2.81515479e-01
4.03403403e+01,2.61422811e+00,9.13328364e+02,3.61394750e+06,1.73504937e+03,1.18513276e-01,6.62156771e-07,6.00066796e-01,2.81514966e-01
4.04404404e+01,2.60960288e+00,9.13419927e+02,3.60473882e+06,1.73376432e+03,1.18508582e-01,6.62057448e-07,6.00043031e-01,2.81503817e-01
4.05405405e+01,2.60492687e+00,9.13684108e+02,3.59727150e+06,1.73313744e+03,1.18518231e-01,6.62043077e-07,6.00091885e-01,2.81526737e-01
4.06406406e+01,2.59824472e+00,9.16356593e+02,3.58644137e+06,1.73208823e+03,1.18537060e-01,6.62084897e-07,6.00187226e-01,2.81571465e-01
4.07407407e+01,2.59032614e+00,9.20370373e+02,3.57269961e+06,1.73052800e+03,1.18550640e-01,6.62102299e-07,6.00255985e-01,2.81603722e-01
4.08408408e+01,2.58387655e+00,9.24710935e+02,3.55945253e+06,1.72856803e+03,1.18540144e-01,6.61990093e-07,6.00202839e-01,2.81578790e-01
4.09409409e+01,2.58053563e+00,9.28328201e+02,3.55344130e+06,1.72783485e+03,1.18543443e-01,6.61959665e-07,6.00219543e-01,2.81586626e-01
4.10410410e+01,2.57840621e+00,9.31047065e+02,3.55042927e+06,1.72761635e+03,1.18555772e-01,6.61984241e-07,6.00281968e-01,2.81615912e-01
4.11411411e+01,2.57530203e+00,9.33653670e+02,3.54415172e+06,1.72669454e+03,1.18552059e-01,6.61923708e-07,6.00263167e-01,2.81607092e-01
4.12412412e+01,2.57060355e+00,9.36500384e+02,3.53476081e+06,1.72532427e+03,1.18548122e-01,6.61866296e-07,6.00243235e-01,2.81597741e-01
4.13413413e+01,2.56483236e+00,9.38926270e+02,3.52313175e+06,1.72361409e+03,1.18541480e-01,6.61798012e-07,6.00209604e-01,2.81581964e-01
4.14414414e+01,2.55925265e+00,9.40700531e+02,3.51221816e+06,1.72203717e+03,1.18540371e-01,6.61764677e-07,6.00203986e-01,2.81579328e-01
4.15415415e+01,2.55316923e+00,9.42302197e+02,3.50063284e+06,1.72046427e+03,1.18539143e-01,6.61734553e-07,6.00197772e-01,2.81576413e-01
4.16416416e+01,2.54705739e+00,9.44319426e+02,3.49015259e+06,1.71934085e+03,1.18545258e-01,6.61749076e-07,6.00228730e-01,2.81590937e-01
4.17417417e+01,2.54161780e+00,9.46587160e+02,3.48091726e+06,1.71838148e+03,1.18550763e-01,6.61763637e-07,6.00256606e-01,2.81604014e-01
4.18418418e+01,2.53696154e+00,9.49229364e+02,3.47296509e+06,1.71753417e+03,1.18555479e-01,6.61776990e-07,6.00280485e-01,2.81615217e-01
4.19419419e+01,2.53314150e+00,9.52336801e+02,3.46628359e+06,1.71676309e+03,1.18559062e-01,6.61786970e-07,6.00298626e-01,2.81623727e-01
4.20420420e+01,2.52993669e+00,9.55744434e+02,3.46050860e+06,1.71603644e+03,1.18561656e-01,6.61794132e-07,6.00311758e-01,2.81629888e-01
4.21421421e+01,2.52635473e+00,9.59023038e+02,3.45364308e+06,1.71508881e+03,1.18559672e-01,6.61778198e-07,6.00301716e-01,2.81625177e-01
4.22422422e+01,2.52188487e+00,9.61781085e+02,3.44492523e+06,1.71384641e+03,1.18555887e-01,6.61754406e-07,6.00282551e-01,2.81616186e-01
4.23423423e+01,2.51686880e+00,9.63916163e+02,3.43467081e+06,1.71224367e+03,1.18549426e-01,6.61717618e-07,6.00249834e-01,2.81600837e-01
4.24424424e+01,2.51173115e+00,9.65739457e+02,3.42423470e+06,1.71059843e+03,1.18544875e-01,6.61693186e-07,6.00226795e-01,2.81590029e-01
4.25425425e+01,2.50646800e+00,9.67683416e+02,3.41444182e+06,1.70925855e+03,1.18546920e-01,6.61706993e-07,6.00237145e-01,2.81594884e-01
4.26426426e+01,2.50131802e+00,9.69967839e+02,3.40520020e+06,1.70808871e+03,1.18550611e-01,6.61731169e-07,6.00255837e-01,2.81603653e-01
4.27427427e+01,2.49674641e+00,9.72628729e+02,3.39684046e+06,1.70698041e+03,1.18553031e-01,6.61749167e-07,6.00268087e-01,2.81609400e-01
4.28428428e+01,2.49288079e+00,9.75600503e+02,3.38935838e+06,1.70587347e+03,1.18552208e-01,6.61749747e-07,6.00263922e-01,2.81607446e-01
4.29429429e+01,2.48955520e+00,9.78714086e+02,3.38288303e+06,1.70489616e+03,1.18551696e-01,6.61752502e-07,6.00261327e-01,2.81606229e-01
4.30430430e+01,2.48629370e+00,9.81706751e+02,3.37647896e+06,1.70393116e+03,1.18549590e-01,6.61746577e-07,6.00250664e-01,2.81601227e-01
4.31431431e+01,2.48282237e+00,9.84462683e+02,3.36989185e+06,1.70300169e+03,1.18548405e-01,6.61745793e-07,6.00244668e-01,2.81598414e-01
4.32432432e+01,2.47913502e+00,9.87047291e+02,3.36285522e+06,1.70199661e+03,1.18546785e-01,6.61742358e-07,6.00236463e-01,2.81594564e-01
4.33433433e+01,2.47522443e+00,9.89512402e+02,3.35538155e+06,1.70092290e+03,1.18544983e-01,6.61737494e-07,6.00227341e-01,2.81590285e-01
4.34434434e+01,2.47119945e+00,9.91877037e+02,3.34770893e+06,1.69982373e+03,1.18543156e-01,6.61731879e-07,6.00218090e-01,2.81585945e-01
4.35435435e+01,2.46733722e+00,9.94139318e+02,3.34037639e+06,1.69878879e+03,1.18540837e-01,6.61722730e-07,6.00206347e-01,2.81580436e-01
4.36436436e+01,2.46385353e+00,9.96219250e+02,3.33401988e+06,1.69794476e+03,1.18541446e-01,6.61728974e-07,6.00209433e-01,2.81581883e-01
4.37437437e+01,2.46055410e+00,9.98088399e+02,3.32790466e+06,1.69709763e+03,1.18541825e-01,6.61732827e-07,6.00211352e-01,2.81582784e-01
4.38438438e+01,2.45703603e+00,9.99838055e+02,3.32111552e+06,1.69609582e+03,1.18539354e-01,6.61719516e-07,6.00198836e-01,2.81576912e-01
4.39439439e+01,2.45312845e+00,1.00150236e+03,3.31337150e+06,1.69489395e+03,1.18535325e-01,6.61696136e-07,6.00178437e-01,2.81567342e-01
4.40440440e+01,2.44935597e+00,1.00285796e+03,3.30553320e+06,1.69358872e+03,1.18528325e-01,6.61654683e-07,6.00142996e-01,2.81550715e-01
4.41441441e+01,2.44591770e+00,1.00391749e+03,3.29865097e+06,1.69250903e+03,1.18523376e-01,6.61623082e-07,6.00117935e-01,2.81538958e-01
4.42442442e+01,2.44292181e+00,1.00506645e+03,3.29337652e+06,1.69182656e+03,1.18526773e-01,6.61636399e-07,6.00135138e-01,2.81547029e-01
4.43443443e+01,2.44005851e+00,1.00652827e+03,3.28841766e+06,1.69122211e+03,1.18529531e-01,6.61644395e-07,6.00149102e-01,2.81553580e-01
4.44444444e+01,2.43796236e+00,1.00819605e+03,3.28438563e+06,1.69062298e+03,1.18527974e-01,6.61626494e-07,6.00141217e-01,2.81549881e-01
4.45445445e+01,2.43682712e+00,1.00990348e+03,3.28240098e+06,1.69036136e+03,1.18529878e-01,6.61626057e-07,6.00150860e-01,2.81554404e-01
4.46446446e+01,2.43603246e+00,1.01173596e+03,3.28092389e+06,1.69015014e+03,1.18529999e-01,6.61613767e-07,6.00151470e-01,2.81554691e-01
4.47447447e+01,2.43475099e+00,1.01367065e+03,3.27823059e+06,1.68970911e+03,1.18525961e-01,6.61576347e-07,6.00131024e-01,2.81545099e-01
4.48448448e+01,2.43262089e+00,1.01548211e+03,3.27383116e+06,1.68901035e+03,1.18519556e-01,6.61523794e-07,6.00098594e-01,2.81529885e-01
4.49449449e+01,2.43022055e+00,1.01657333e+03,3.26850331e+06,1.68807102e+03,1.18509457e-01,6.61448707e-07,6.00047461e-01,2.81505896e-01
4.50450450e+01,2.42796395e+00,1.01708671e+03,3.26332626e+06,1.68709388e+03,1.18500311e-01,6.61377047e-07,6.00001154e-01,2.81484172e-01
4.51451451e+01,2.42486550e+00,1.01739300e+03,3.25688335e+06,1.68602459e+03,1.18492572e-01,6.61311378e-07,5.99961966e-01,2.81465787e-01
4.52452452e+01,2.42088161e+00,1.01752714e+03,3.24834086e+06,1.68454283e+03,1.18480388e-01,6.61219104e-07,5.99900276e-01,2.81436846e-01
4.53453453e+01,2.41782872e+00,1.01802022e+03,3.24323302e+06,1.68396336e+03,1.18484206e-01,6.61214404e-07,5.99919610e-01,2.81445916e-01
4.54454454e+01,2.41591149e+00,1.01886796e+03,3.24058110e+06,1.68378496e+03,1.18493829e-01,6.61240420e-07,5.99968331e-01,2.81468773e-01
4.55455455e+01,2.41410818e+00,1.02028863e+03,3.23773406e+06,1.68348385e+03,1.18499351e-01,6.61241959e-07,5.99996293e-01,2.81481891e-01
4.56456456e+01,2.41283215e+00,1.02219368e+03,3.23493657e+06,1.68295906e+03,1.18496518e-01,6.61195368e-07,5.99981946e-01,2.81475161e-01
4.57457457e+01,2.41223025e+00,1.02410274e+03,3.23342029e+06,1.68261613e+03,1.18494675e-01,6.61152892e-07,5.99972614e-01,2.81470783e-01
4.58458458e+01,2.41135303e+00,1.02580344e+03,3.23145351e+06,1.68227130e+03,1.18489962e-01,6.61093092e-07,5.99948752e-01,2.81459588e-01
4.59459459e+01,2.40985537e+00,1.02745070e+03,3.22864445e+06,1.68189936e+03,1.18486732e-01,6.61040370e-07,5.99932396e-01,2.81451915e-01
4.60460460e+01,2.40757284e+00,1.02898135e+03,3.22390204e+06,1.68112174e+03,1.18479637e-01,6.60965035e-07,5.99896477e-01,2.81435064e-01
4.61461461e+01,2.40475214e+00,1.03016737e+03,3.21782332e+06,1.68004565e+03,1.18470787e-01,6.60878991e-07,5.99851666e-01,2.81414041e-01
4.62462462e+01,2.40139077e+00,1.03112545e+03,3.21073280e+06,1.67880937e+03,1.18462372e-01,6.60794611e-07,5.99809055e-01,2.81394051e-01
4.63463463e+01,2.39725808e+00,1.03179128e+03,3.20235203e+06,1.67743357e+03,1.18453919e-01,6.60709420e-07,5.99766255e-01,2.81373972e-01
4.64464464e+01,2.39258802e+00,1.03213876e+03,3.19296152e+06,1.67590481e+03,1.18445044e-01,6.60621438e-07,5.99721320e-01,2.81352891e-01
4.65465465e+01,2.38873595e+00,1.03305107e+03,3.18685204e+06,1.67525666e+03,1.18454860e-01,6.60637428e-07,5.99771019e-01,2.81376207e-01
4.66466466e+01,2.38574416e+00,1.03444229e+03,3.18213890e+06,1.67477021e+03,1.18462397e-01,6.60640588e-07,5.99809183e-01,2.81394111e-01
4.67467467e+01,2.38352244e+00,1.03600385e+03,3.17838064e+06,1.67430174e+03,1.18465915e-01,6.60621359e-07,5.99826997e-01,2.81402469e-01
4.68468468e+01,2.38204489e+00,1.03774501e+03,3.17565603e+06,1.67389140e+03,1.18466817e-01,6.60587716e-07,5.99831561e-01,2.81404610e-01
4.69469469e+01,2.38101075e+00,1.03957665e+03,3.17367360e+06,1.67357298e+03,1.18466819e-01,6.60549395e-07,5.99831574e-01,2.81404616e-01
4.70470470e+01,2.37993011e+00,1.04127087e+03,3.17163549e+06,1.67327416e+03,1.18465650e-01,6.60505028e-07,5.99825653e-01,2.81401838e-01
4.71471471e+01,2.37866576e+00,1.04269709e+03,3.16951094e+06,1.67303874e+03,1.18465889e-01,6.60469165e-07,5.99826862e-01,2.81402406e-01
4.72472472e+01,2.37718611e+00,1.04376977e+03,3.16663378e+06,1.67260963e+03,1.18462405e-01,6.60413362e-07,5.99809222e-01,2.81394130e-01
4.73473473e+01,2.37538707e+00,1.04459832e+03,3.16280877e+06,1.67193496e+03,1.18456705e-01,6.60346193e-07,5.99780363e-01,2.81380591e-01
4.74474474e+01,2.37307817e+00,1.04539817e+03,3.15792819e+06,1.67105727e+03,1.18451170e-01,6.60281098e-07,5.99752336e-01,2.81367442e-01
4.75475475e+01,2.37016516e+00,1.04608588e+03,3.15191311e+06,1.66999893e+03,1.18445868e-01,6.60218627e-07,5.99725492e-01,2.81354849e-01
4.76476476e+01,2.36733009e+00,1.04692239e+03,3.14721297e+06,1.66941541e+03,1.18452266e-01,6.60222849e-07,5.99757890e-01,2.81370048e-01
4.77477477e+01,2.36513570e+00,1.04810730e+03,3.14392903e+06,1.66913380e+03,1.18458438e-01,6.60227422e-07,5.99789137e-01,2.81384707e-01
4.78478478e+01,2.36400525e+00,1.04951523e+03,3.14241104e+06,1.66903685e+03,1.18464741e-01,6.60234476e-07,5.99821053e-01,2.81399680e-01
4.79479479e+01,2.36374324e+00,1.05108154e+03,3.14199997e+06,1.66893953e+03,1.18469282e-01,6.60233577e-07,5.99844042e-01,2.81410466e-01
4.80480480e+01,2.36338142e+00,1.05277564e+03,3.14082187e+06,1.66862736e+03,1.18465151e-01,6.60186342e-07,5.99823126e-01,2.81400653e-01
4.81481481e+01,2.36237249e+00,1.05433294e+03,3.13893520e+06,1.66835946e+03,1.18463572e-01,6.60155442e-07,5.99815134e-01,2.81396903e-01
4.82482482e+01,2.36092427e+00,1.05565278e+03,3.13636049e+06,1.66803966e+03,1.18461718e-01,6.60125231e-07,5.99805744e-01,2.81392498e-01
4.83483483e+01,2.35931096e+00,1.05643504e+03,3.13283468e+06,1.66739169e+03,1.18455475e-01,6.60072900e-07,5.99774137e-01,2.81377670e-01
4.84484484e+01,2.35754124e+00,1.05678958e+03,3.12863260e+06,1.66652125e+03,1.18447226e-01,6.60011815e-07,5.99732369e-01,2.81358075e-01
4.85485485e+01,2.35482596e+00,1.05685415e+03,3.12330396e+06,1.66564107e+03,1.18444391e-01,6.59983412e-07,5.99718012e-01,2.81351340e-01
4.86486486e+01,2.35065730e+00,1.05675757e+03,3.11449215e+06,1.66405296e+03,1.18432598e-01,6.59907693e-07,5.99658304e-01,2.81323329e-01
4.87487487e+01,2.34624812e+00,1.05633189e+03,3.10598588e+06,1.66276342e+03,1.18422863e-01,6.59846089e-07,5.99609012e-01,2.81300204e-01
4.88488488e+01,2.34464989e+00,1.05640005e+03,3.10486612e+06,1.66303317e+03,1.18441648e-01,6.59946095e-07,5.99704128e-01,2.81344826e-01
4.89489489e+01,2.34467439e+00,1.05673848e+03,3.10668402e+06,1.66368106e+03,1.18463607e-01,6.60066508e-07,5.99815309e-01,2.81396986e-01
4.90490490e+01,2.34450364e+00,1.05800261e+03,3.10712878e+06,1.66394648e+03,1.18470295e-01,6.60104592e-07,5.99849172e-01,2.81412872e-01
4.91491491e+01,2.34432550e+00,1.06010834e+03,3.10713031e+06,1.66406359e+03,1.18471018e-01,6.60112214e-07,5.99852833e-01,2.81414590e-01
4.92492492e+01,2.34530024e+00,1.06218557e+03,3.10923133e+06,1.66441700e+03,1.18476693e-01,6.60150213e-07,5.99881569e-01,2.81428071e-01
4.93493493e+01,2.34638295e+00,1.06329582e+03,3.10998053e+06,1.66418613e+03,1.18466991e-01,6.60105319e-07,5.99832445e-01,2.81405025e-01
4.94494494e+01,2.34747302e+00,1.06368162e+03,3.11181403e+06,1.66442251e+03,1.18464963e-01,6.60105971e-07,5.99822178e-01,2.81400208e-01
4.95495495e+01,2.34846121e+00,1.06372313e+03,3.11391896e+06,1.66480387e+03,1.18468071e-01,6.60138011e-07,5.99837913e-01,2.81407590e-01
4.96496496e+01,2.34840549e+00,1.06380244e+03,3.11495011e+06,1.66518156e+03,1.18483233e-01,6.60239967e-07,5.99914684e-01,2.81443606e-01
4.97497497e+01,2.34461706e+00,1.06567655e+03,3.10422369e+06,1.66245004e+03,1.18460337e-01,6.60132507e-07,5.99798755e-01,2.81389220e-01
4.98498498e+01,2.34184047e+00,1.06678238e+03,3.11233213e+06,1.66818292e+03,1.18501935e-01,6.60386834e-07,6.00009375e-01,2.81488030e-01
4.99499499e+01,2.39164843e+00,1.05928185e+03,3.00895924e+06,7.29498513e+02,3.44878896e-01,0.00000000e+00,0.00000000e+00,6.55121104e-01
5.00500501e+01,2.45706285e+00,9.66534442e+02,3.49619501e+06,4.93533364e+03,0.00000000e+00,2.30000000e-01,7.70116190e-01,0.00000000e+00
5.01501502e+01,2.14948707e+00,1.15333326e+03,2.89515280e+06,4.67411118e+03,0.00000000e+00,2.30000000e-01,7.69612461e-01,0.00000000e+00
5.02502503e+01,2.07257707e+00,1.20099502e+03,2.75540365e+06,4.61186234e+03,0.00000000e+00,2.30000000e-01,7.69971560e-01,0.00000000e+00
5.03503504e+01,2.06323363e+00,1.20759095e+03,2.73874040e+06,4.60461977e+03,0.00000000e+00,2.30000000e-01,7.69995007e-01,0.00000000e+00
5.04504505e+01,2.06086703e+00,1.21052795e+03,2.73465880e+06,4.60301678e+03,0.00000000e+00,2.30000000e-01,7.69999326e-01,0.00000000e+00
5.05505506e+01,2.05930835e+00,1.21342726e+03,2.73172803e+06,4.60156198e+03,0.00000000e+00,2.30000000e-01,7.69999739e-01,0.00000000e+00
5.06506507e+01,2.05779529e+00,1.21632634e+03,2.72882514e+06,4.60005262e+03,0.00000000e+00,2.30000000e-01,7.69999593e-01,0.00000000e+00
5.07507508e+01,2.05589345e+00,1.21896604e+03,2.72531397e+06,4.59838049e+03,0.00000000e+00,2.30000000e-01,7.70000259e-01,0.00000000e+00
5.08508509e+01,2.05348557e+00,1.22122805e+03,2.72082153e+06,4.59617647e+03,0.00000000e+00,2.30000000e-01,7.70001753e-01,0.00000000e+00
5.09509510e+01,2.05063875e+00,1.22310204e+03,2.71535431e+06,4.59331115e+03,0.00000000e+00,2.30000000e-01,7.70001256e-01,0.00000000e+00
5.10510511e+01,2.04757056e+00,1.22472371e+03,2.70938923e+06,4.59008976e+03,0.00000000e+00,2.30000000e-01,7.70000948e-01,0.00000000e+00
5.11511512e+01,2.04412968e+00,1.22610445e+03,2.70294194e+06,4.58687922e+03,0.00000000e+00,2.30000000e-01,7.70000107e-01,0.00000000e+00
5.12512513e+01,2.04030060e+00,1.22720806e+03,2.69594563e+06,4.58359390e+03,0.00000000e+00,2.30000000e-01,7.69999820e-01,0.00000000e+00
5.13513514e+01,2.03616799e+00,1.22801805e+03,2.68840084e+06,4.58003433e+03,0.00000000e+00,2.30000000e-01,7.70001708e-01,0.00000000e+00
5.14514515e+01,2.03182307e+00,1.22856150e+03,2.68036023e+06,4.57611049e+03,0.00000000e+00,2.30000000e-01,7.69999681e-01,0.00000000e+00
5.15515516e+01,2.02790505e+00,1.22928083e+03,2.67312069e+06,4.57257138e+03,0.00000000e+00,2.30000000e-01,7.69998964e-01,0.00000000e+00
5.16516517e+01,2.02471218e+00,1.23038419e+03,2.66724508e+06,4.56971685e+03,0.00000000e+00,2.30000000e-01,7.69998697e-01,0.00000000e+00
5.17517518e+01,2.02205885e+00,1.23173742e+03,2.66238619e+06,4.56737614e+03,0.00000000e+00,2.30000000e-01,7.69999020e-01,0.00000000e+00
5.18518519e+01,2.01971227e+00,1.23319871e+03,2.65814058e+06,4.56539000e+03,0.00000000e+00,2.30000000e-01,7.69999193e-01,0.00000000e+00
5.19519520e+01,2.01766024e+00,1.23475117e+03,2.65444616e+06,4.56367985e+03,0.00000000e+00,2.30000000e-01,7.69999539e-01,0.00000000e+00
5.20520521e+01,2.01602064e+00,1.23645152e+03,2.65143778e+06,4.56221291e+03,0.00000000e+00,2.30000000e-01,7.69999991e-01,0.00000000e+00
5.21521522e+01,2.01476521e+00,1.23827352e+03,2.64904067e+06,4.56092893e+03,0.00000000e+00,2.30000000e-01,7.69999903e-01,0.00000000e+00
5.22522523e+01,2.01362112e+00,1.24007617e+03,2.64685841e+06,4.55976037e+03,0.00000000e+00,2.30000000e-01,7.70000027e-01,0.00000000e+00
5.23523524e+01,2.01223463e+00,1.24168642e+03,2.64434955e+06,4.55857550e+03,0.00000000e+00,2.30000000e-01,7.70000385e-01,0.00000000e+00
5.24524525e+01,2.01059538e+00,1.24304951e+03,2.64132097e+06,4.55706387e+03,0.00000000e+00,2.30000000e-01,7.70001037e-01,0.00000000e+00
5.25525526e+01,2.00878431e+00,1.24419884e+03,2.63783885e+06,4.55516078e+03,0.00000000e+00,2.30000000e-01,7.70000716e-01,0.00000000e+00
5.26526527e+01,2.00685663e+00,1.24521985e+03,2.63410803e+06,4.55308961e+03,0.00000000e+00,2.30000000e-01,7.70000264e-01,0.00000000e+00
5.27527528e+01,2.00471991e+00,1.24612269e+03,2.63010970e+06,4.55102215e+03,0.00000000e+00,2.30000000e-01,7.70000649e-01,0.00000000e+00
5.28528529e+01,2.00244891e+00,1.24695163e+03,2.62590537e+06,4.54890651e+03,0.00000000e+00,2.30000000e-01,7.69999317e-01,0.00000000e+00
5.29529530e+01,2.00036645e+00,1.24791465e+03,2.62205189e+06,4.54696006e+03,0.00000000e+00,2.30000000e-01,7.69999245e-01,0.00000000e+00
5.30530531e+01,1.99846937e+00,1.24902704e+03,2.61855473e+06,4.54520467e+03,0.00000000e+00,2.30000000e-01,7.69999542e-01,0.00000000e+00
5.31531532e+01,1.99664185e+00,1.25023316e+03,2.61522700e+06,4.54358362e+03,0.00000000e+00,2.30000000e-01,7.69999499e-01,0.00000000e+00
5.32532533e+01,1.99494256e+00,1.25156688e+03,2.61214123e+06,4.54208736e+03,0.00000000e+00,2.30000000e-01,7.69999677e-01,0.00000000e+00
5.33533534e+01,1.99344690e+00,1.25307380e+03,2.60940323e+06,4.54072929e+03,0.00000000e+00,2.30000000e-01,7.69999986e-01,0.00000000e+00
5.34534535e+01,1.99216003e+00,1.25475372e+03,2.60700125e+06,4.53947999e+03,0.00000000e+00,2.30000000e-01,7.69999978e-01,0.00000000e+00
5.35535536e+01,1.99100316e+00,1.25654744e+03,2.60480265e+06,4.53828599e+03,0.00000000e+00,2.30000000e-01,7.70000215e-01,0.00000000e+00
5.36536537e+01,1.98972440e+00,1.25833372e+03,2.60245139e+06,4.53710470e+03,0.00000000e+00,2.30000000e-01,7.69999953e-01,0.00000000e+00
5.37537538e+01,1.98821240e+00,1.26002574e+03,2.59972733e+06,4.53580157e+03,0.00000000e+00,2.30000000e-01,7.70000122e-01,0.00000000e+00
5.38538539e+01,1.98647822e+00,1.26159349e+03,2.59655236e+06,4.53421599e+03,0.00000000e+00,2.30000000e-01,7.70000340e-01,0.00000000e+00
5.39539540e+01,1.98455046e+00,1.26304652e+03,2.59296471e+06,4.53234929e+03,0.00000000e+00,2.30000000e-01,7.70000373e-01,0.00000000e+00
5.40540541e+01,1.98249494e+00,1.26443322e+03,2.58910697e+06,4.53029977e+03,0.00000000e+00,2.30000000e-01,7.70000104e-01,0.00000000e+00
5.41541542e+01,1.98038532e+00,1.26581371e+03,2.58515822e+06,4.52821025e+03,0.00000000e+00,2.30000000e-01,7.69999832e-01,0.00000000e+00
5.42542543e+01,1.97827032e+00,1.26723966e+03,2.58126080e+06,4.52621751e+03,0.00000000e+00,2.30000000e-01,7.69999798e-01,0.00000000e+00
5.43543544e+01,1.97621296e+00,1.26872780e+03,2.57746579e+06,4.52426758e+03,0.00000000e+00,2.30000000e-01,7.69999918e-01,0.00000000e+00
5.44544545e+01,1.97423543e+00,1.27028788e+03,2.57380516e+06,4.52236709e+03,0.00000000e+00,2.30000000e-01,7.69999989e-01,0.00000000e+00
5.45545546e+01,1.97232628e+00,1.27190582e+03,2.57025770e+06,4.52050528e+03,0.00000000e+00,2.30000000e-01,7.70000017e-01,0.00000000e+00
5.46546547e+01,1.97039372e+00,1.27353277e+03,2.56669488e+06,4.51866683e+03,0.00000000e+00,2.30000000e-01,7.69999975e-01,0.00000000e+00
5.47547548e+01,1.96835242e+00,1.27511969e+03,2.56298993e+06,4.51682311e+03,0.00000000e+00,2.30000000e-01,7.70000087e-01,0.00000000e+00
5.48548549e+01,1.96620920e+00,1.27664776e+03,2.55909688e+06,4.51487721e+03,0.00000000e+00,2.30000000e-01,7.70000312e-01,0.00000000e+00
5.49549550e+01,1.96398693e+00,1.27812101e+03,2.55502693e+06,4.51279784e+03,0.00000000e+00,2.30000000e-01,7.70000201e-01,0.00000000e+00
5.50550551e+01,1.96172366e+00,1.27956609e+03,2.55085949e+06,4.51063558e+03,0.00000000e+00,2.30000000e-01,7.70000101e-01,0.00000000e+00
5.51551552e+01,1.95940666e+00,1.28099068e+03,2.54661137e+06,4.50844933e+03,0.00000000e+00,2.30000000e-01,7.69999954e-01,0.00000000e+00
5.52552553e+01,1.95704568e+00,1.28239690e+03,2.54229075e+06,4.50623013e+03,0.00000000e+00,2.30000000e-01,7.69999931e-01,0.00000000e+00
5.53553554e+01,1.95465854e+00,1.28379007e+03,2.53791189e+06,4.50396216e+03,0.00000000e+00,2.30000000e-01,7.69999971e-01,0.00000000e+00
5.54554555e+01,1.95224970e+00,1.28517540e+03,2.53349052e+06,4.50166316e+03,0.00000000e+00,2.30000000e-01,7.70000010e-01,0.00000000e+00
5.55555556e+01,1.94981267e+00,1.28655591e+03,2.52903658e+06,4.49936548e+03,0.00000000e+00,2.30000000e-01,7.70000066e-01,0.00000000e+00
5.56556557e+01,1.94733612e+00,1.28793020e+03,2.52454682e+06,4.49708935e+03,0.00000000e+00,2.30000000e-01,7.70000165e-01,0.00000000e+00
5.57557558e+01,1.94484099e+00,1.28931683e+03,2.52007111e+06,4.49487653e+03,0.00000000e+00,2.30000000e-01,7.70000024e-01,0.00000000e+00
5.58558559e+01,1.94240002e+00,1.29075186e+03,2.51570356e+06,4.49272573e+03,0.00000000e+00,2.30000000e-01,7.69999918e-01,0.00000000e+00
5.59559560e+01,1.94002268e+00,1.29223985e+03,2.51145672e+06,4.49063823e+03,0.00000000e+00,2.30000000e-01,7.69999779e-01,0.00000000e+00
5.60560561e+01,1.93769616e+00,1.29377169e+03,2.50730792e+06,4.48860249e+03,0.00000000e+00,2.30000000e-01,7.69999836e-01,0.00000000e+00
5.61561562e+01,1.93539811e+00,1.29533272e+03,2.50321500e+06,4.48659644e+03,0.00000000e+00,2.30000000e-01,7.69999806e-01,0.00000000e+00
5.62562563e+01,1.93315692e+00,1.29693565e+03,2.49921227e+06,4.48461507e+03,0.00000000e+00,2.30000000e-01,7.69999874e-01,0.00000000e+00
5.63563564e+01,1.93100209e+00,1.29859536e+03,2.49533849e+06,4.48265998e+03,0.00000000e+00,2.30000000e-01,7.70000009e-01,0.00000000e+00
5.64564565e+01,1.92893427e+00,1.30030923e+03,2.49158827e+06,4.48072206e+03,0.00000000e+00,2.30000000e-01,7.69999829e-01,0.00000000e+00
5.65565566e+01,1.92688999e+00,1.30204102e+03,2.48787816e+06,4.47879577e+03,0.00000000e+00,2.30000000e-01,7.70000016e-01,0.00000000e+00
5.66566567e+01,1.92473815e+00,1.30372388e+03,2.48402947e+06,4.47686518e+03,0.00000000e+00,2.30000000e-01,7.70000342e-01,0.00000000e+00
5.67567568e+01,1.92247889e+00,1.30533085e+03,2.47997323e+06,4.47480702e+03,0.00000000e+00,2.30000000e-01,7.70000407e-01,0.00000000e+00
5.68568569e+01,1.92015525e+00,1.30687584e+03,2.47575322e+06,4.47259850e+03,0.00000000e+00,2.30000000e-01,7.70000392e-01,0.00000000e+00
5.69569570e+01,1.91772579e+00,1.30836070e+03,2.47137094e+06,4.47033879e+03,0.00000000e+00,2.30000000e-01,7.70000155e-01,0.00000000e+00
5.70570571e+01,1.91514979e+00,1.30977046e+03,2.46678831e+06,4.46805209e+03,0.00000000e+00,2.30000000e-01,7.69999971e-01,0.00000000e+00
5.71571572e+01,1.91244019e+00,1.31109990e+03,2.46199942e+06,4.46569326e+03,0.00000000e+00,2.30000000e-01,7.70000617e-01,0.00000000e+00
5.72572573e+01,1.90966246e+00,1.31237685e+03,2.45706054e+06,4.46322203e+03,0.00000000e+00,2.30000000e-01,7.69999629e-01,0.00000000e+00
5.73573574e+01,1.90705215e+00,1.31376143e+03,2.45240373e+06,4.46086076e+03,0.00000000e+00,2.30000000e-01,7.69999580e-01,0.00000000e+00
5.74574575e+01,1.90462677e+00,1.31526813e+03,2.44805529e+06,4.45862167e+03,0.00000000e+00,2.30000000e-01,7.69999541e-01,0.00000000e+00
5.75575576e+01,1.90231075e+00,1.31684479e+03,2.44388214e+06,4.45643925e+03,0.00000000e+00,2.30000000e-01,7.69999744e-01,0.00000000e+00
5.76576577e+01,1.90004783e+00,1.31845532e+03,2.43978896e+06,4.45427382e+03,0.00000000e+00,2.30000000e-01,7.69999771e-01,0.00000000e+00
5.77577578e+01,1.89786758e+00,1.32011418e+03,2.43581200e+06,4.45212127e+03,0.00000000e+00,2.30000000e-01,7.69999897e-01,0.00000000e+00
5.78578579e+01,1.89579034e+00,1.32183646e+03,2.43198635e+06,4.44999877e+03,0.00000000e+00,2.30000000e-01,7.70000034e-01,0.00000000e+00
5.79579580e+01,1.89380791e+00,1.32362148e+03,2.42830713e+06,4.44791809e+03,0.00000000e+00,2.30000000e-01,7.69999974e-01,0.00000000e+00
5.80580581e+01,1.89188574e+00,1.32544898e+03,2.42472406e+06,4.44586700e+03,0.00000000e+00,2.30000000e-01,7.70000074e-01,0.00000000e+00
5.81581582e+01,1.88992092e+00,1.32726764e+03,2.42110583e+06,4.44384851e+03,0.00000000e+00,2.30000000e-01,7.69999949e-01,0.00000000e+00
5.82582583e+01,1.88786791e+00,1.32904289e+03,2.41737733e+06,4.44182966e+03,0.00000000e+00,2.30000000e-01,7.70000049e-01,0.00000000e+00
5.83583584e+01,1.88572784e+00,1.33076020e+03,2.41350820e+06,4.43975253e+03,0.00000000e+00,2.30000000e-01,7.70000181e-01,0.00000000e+00
5.84584585e+01,1.88350900e+00,1.33242326e+03,2.40950479e+06,4.43760939e+03,0.00000000e+00,2.30000000e-01,7.70000229e-01,0.00000000e+00
5.85585586e+01,1.88123959e+00,1.33405533e+03,2.40541739e+06,4.43542667e+03,0.00000000e+00,2.30000000e-01,7.70000031e-01,0.00000000e+00
5.86586587e+01,1.87895482e+00,1.33568932e+03,2.40133748e+06,4.43328831e+03,0.00000000e+00,2.30000000e-01,7.69999925e-01,0.00000000e+00
5.87587588e+01,1.87667528e+00,1.33734110e+03,2.39729452e+06,4.43120001e+03,0.00000000e+00,2.30000000e-01,7.69999972e-01,0.00000000e+00
5.88588589e+01,1.87441839e+00,1.33900418e+03,2.39328802e+06,4.42912070e+03,0.00000000e+00,2.30000000e-01,7.69999992e-01,0.00000000e+00
5.89589590e+01,1.87216761e+00,1.34067002e+03,2.38929173e+06,4.42704080e+03,0.00000000e+00,2.30000000e-01,7.70000015e-01,0.00000000e+00
5.90590591e+01,1.86989996e+00,1.34232692e+03,2.38527016e+06,4.42494879e+03,0.00000000e+00,2.30000000e-01,7.70000077e-01,0.00000000e+00
5.91591592e+01,1.86762119e+00,1.34397143e+03,2.38121471e+06,4.42281540e+03,0.00000000e+00,2.30000000e-01,7.70000070e-01,0.00000000e+00
5.92592593e+01,1.86533747e+00,1.34560607e+03,2.37713267e+06,4.42063911e+03,0.00000000e+00,2.30000000e-01,7.70000055e-01,0.00000000e+00
5.93593594e+01,1.86303939e+00,1.34722961e+03,2.37302293e+06,4.41843968e+03,0.00000000e+00,2.30000000e-01,7.70000104e-01,0.00000000e+00
5.94594595e+01,1.86072866e+00,1.34884481e+03,2.36889028e+06,4.41622334e+03,0.00000000e+00,2.30000000e-01,7.69999890e-01,0.00000000e+00
5.95595596e+01,1.85843987e+00,1.35047687e+03,2.36480086e+06,4.41402916e+03,0.00000000e+00,2.30000000e-01,7.69999873e-01,0.00000000e+00
5.96596597e+01,1.85617353e+00,1.35212979e+03,2.36076316e+06,4.41187292e+03,0.00000000e+00,2.30000000e-01,7.69999841e-01,0.00000000e+00
5.97597598e+01,1.85393618e+00,1.35380814e+03,2.35679011e+06,4.40976334e+03,0.00000000e+00,2.30000000e-01,7.69999830e-01,0.00000000e+00
5.98598599e+01,1.85175866e+00,1.35553143e+03,2.35293140e+06,4.40772024e+03,0.00000000e+00,2.30000000e-01,7.69999865e-01,0.00000000e+00
5.99599600e+01,1.84966684e+00,1.35731558e+03,2.34922664e+06,4.40575666e+03,0.00000000e+00,2.30000000e-01,7.69999954e-01,0.00000000e+00
6.00600601e+01,1.84767214e+00,1.35916633e+03,2.34568879e+06,4.40387083e+03,0.00000000e+00,2.30000000e-01,7.69999976e-01,0.00000000e+00
6.01601602e+01,1.84576153e+00,1.36107106e+03,2.34228634e+06,4.40203502e+03,0.00000000e+00,2.30000000e-01,7.69999959e-01,0.00000000e+00
6.02602603e+01,1.84383637e+00,1.36297601e+03,2.33888564e+06,4.40023369e+03,0.00000000e+00,2.30000000e-01,7.69999885e-01,0.00000000e+00
6.03603604e+01,1.84179755e+00,1.36482309e+03,2.33534531e+06,4.39843546e+03,0.00000000e+00,2.30000000e-01,7.70000162e-01,0.00000000e+00
6.04604605e+01,1.83964113e+00,1.36658430e+03,2.33158908e+06,4.39650665e+03,0.00000000e+00,2.30000000e-01,7.70000552e-01,0.00000000e+00
6.05605606e+01,1.83739914e+00,1.36826361e+03,2.32762335e+06,4.39438468e+03,0.00000000e+00,2.30000000e-01,7.70000456e-01,0.00000000e+00
6.06606607e+01,1.83508789e+00,1.36988501e+03,2.32351199e+06,4.39214848e+03,0.00000000e+00,2.30000000e-01,7.70000262e-01,0.00000000e+00
6.07607608e+01,1.83264703e+00,1.37143470e+03,2.31922549e+06,4.38988564e+03,0.00000000e+00,2.30000000e-01,7.70000048e-01,0.00000000e+00
6.08608609e+01,1.83007089e+00,1.37290074e+03,2.31473578e+06,4.38755523e+03,0.00000000e+00,2.30000000e-01,7.69999988e-01,0.00000000e+00
6.09609610e+01,1.82737146e+00,1.37427694e+03,2.31002949e+06,4.38510286e+03,0.00000000e+00,2.30000000e-01,7.69999964e-01,0.00000000e+00
6.10610611e+01,1.82455678e+00,1.37556518e+03,2.30511809e+06,4.38252670e+03,0.00000000e+00,2.30000000e-01,7.70000680e-01,0.00000000e+00
6.11611612e+01,1.82167150e+00,1.37679729e+03,2.30006533e+06,4.37985082e+03,0.00000000e+00,2.30000000e-01,7.69999712e-01,0.00000000e+00
6.12612613e+01,1.81894281e+00,1.37813945e+03,2.29529454e+06,4.37732279e+03,0.00000000e+00,2.30000000e-01,7.69999745e-01,0.00000000e+00
6.13613614e+01,1.81641068e+00,1.37961988e+03,2.29086279e+06,4.37496151e+03,0.00000000e+00,2.30000000e-01,7.69999718e-01,0.00000000e+00
6.14614615e+01,1.81403375e+00,1.38120608e+03,2.28669310e+06,4.37272078e+03,0.00000000e+00,2.30000000e-01,7.69999670e-01,0.00000000e+00
6.15615616e+01,1.81176605e+00,1.38286338e+03,2.28270305e+06,4.37055413e+03,0.00000000e+00,2.30000000e-01,7.69999728e-01,0.00000000e+00
6.16616617e+01,1.80955477e+00,1.38455574e+03,2.27880602e+06,4.36842417e+03,0.00000000e+00,2.30000000e-01,7.69999790e-01,0.00000000e+00
6.17617618e+01,1.80738902e+00,1.38627293e+03,2.27497840e+06,4.36631216e+03,0.00000000e+00,2.30000000e-01,7.69999857e-01,0.00000000e+00
6.18618619e+01,1.80529669e+00,1.38802995e+03,2.27125344e+06,4.36421470e+03,0.00000000e+00,2.30000000e-01,7.69999963e-01,0.00000000e+00
6.19619620e+01,1.80328577e+00,1.38983251e+03,2.26764208e+06,4.36213434e+03,0.00000000e+00,2.30000000e-01,7.69999989e-01,0.00000000e+00
6.20620621e+01,1.80134119e+00,1.39167133e+03,2.26411961e+06,4.36006011e+03,0.00000000e+00,2.30000000e-01,7.69999978e-01,0.00000000e+00
6.21621622e+01,1.79938747e+00,1.39350778e+03,2.26059447e+06,4.35799850e+03,0.00000000e+00,2.30000000e-01,7.69999941e-01,0.00000000e+00
6.22622623e+01,1.79735476e+00,1.39529983e+03,2.25696608e+06,4.35592325e+03,0.00000000e+00,2.30000000e-01,7.70000199e-01,0.00000000e+00
6.23623624e+01,1.79524316e+00,1.39703036e+03,2.25318560e+06,4.35374117e+03,0.00000000e+00,2.30000000e-01,7.70000362e-01,0.00000000e+00
6.24624625e+01,1.79308137e+00,1.39870878e+03,2.24927680e+06,4.35142843e+03,0.00000000e+00,2.30000000e-01,7.70000315e-01,0.00000000e+00
6.25625626e+01,1.79086485e+00,1.40034754e+03,2.24527717e+06,4.34906773e+03,0.00000000e+00,2.30000000e-01,7.70000126e-01,0.00000000e+00
6.26626627e+01,1.78855863e+00,1.40193925e+03,2.24117425e+06,4.34671867e+03,0.00000000e+00,2.30000000e-01,7.69999976e-01,0.00000000e+00
6.27627628e+01,1.78617031e+00,1.40348183e+03,2.23696412e+06,4.34435459e+03,0.00000000e+00,2.30000000e-01,7.69999921e-01,0.00000000e+00
6.28628629e+01,1.78371860e+00,1.40497944e+03,2.23265917e+06,4.34195267e+03,0.00000000e+00,2.30000000e-01,7.70000187e-01,0.00000000e+00
6.29629630e+01,1.78124112e+00,1.40645790e+03,2.22831465e+06,4.33953285e+03,0.00000000e+00,2.30000000e-01,7.69999780e-01,0.00000000e+00
6.30630631e+01,1.77883268e+00,1.40798925e+03,2.22410425e+06,4.33719731e+03,0.00000000e+00,2.30000000e-01,7.69999867e-01,0.00000000e+00
6.31631632e+01,1.77648640e+00,1.40956916e+03,2.22000981e+06,4.33493040e+03,0.00000000e+00,2.30000000e-01,7.69999904e-01,0.00000000e+00
6.32632633e+01,1.77417908e+00,1.41118118e+03,2.21599051e+06,4.33270931e+03,0.00000000e+00,2.30000000e-01,7.69999933e-01,0.00000000e+00
6.33633634e+01,1.77189490e+00,1.41281316e+03,2.21201683e+06,4.33051521e+03,0.00000000e+00,2.30000000e-01,7.69999958e-01,0.00000000e+00
6.34634635e+01,1.76962317e+00,1.41445619e+03,2.20806877e+06,4.32833522e+03,0.00000000e+00,2.30000000e-01,7.69999981e-01,0.00000000e+00
6.35635636e+01,1.76735757e+00,1.41610428e+03,2.20413446e+06,4.32616162e+03,0.00000000e+00,2.30000000e-01,7.70000000e-01,0.00000000e+00
6.36636637e+01,1.76509554e+00,1.41775396e+03,2.20020814e+06,4.32398945e+03,0.00000000e+00,2.30000000e-01,7.70000012e-01,0.00000000e+00
6.37637638e+01,1.76283568e+00,1.41940327e+03,2.19628658e+06,4.32181576e+03,0.00000000e+00,2.30000000e-01,7.70000015e-01,0.00000000e+00
6.38638639e+01,1.76057567e+00,1.42105033e+03,2.19236638e+06,4.31963956e+03,0.00000000e+00,2.30000000e-01,7.70000018e-01,0.00000000e+00
6.39639640e+01,1.75831318e+00,1.42269269e+03,2.18844197e+06,4.31745528e+03,0.00000000e+00,2.30000000e-01,7.70000081e-01,0.00000000e+00
6.40640641e+01,1.75604562e+00,1.42432761e+03,2.18450513e+06,4.31525354e+03,0.00000000e+00,2.30000000e-01,7.70000082e-01,0.00000000e+00
6.41641642e+01,1.75379009e+00,1.42596726e+03,2.18058411e+06,4.31304822e+03,0.00000000e+00,2.30000000e-01,7.69999997e-01,0.00000000e+00
6.42642643e+01,1.75157137e+00,1.42763200e+03,2.17672474e+06,4.31086846e+03,0.00000000e+00,2.30000000e-01,7.69999964e-01,0.00000000e+00
6.43643644e+01,1.74938980e+00,1.42932224e+03,2.17292755e+06,4.30871490e+03,0.00000000e+00,2.30000000e-01,7.69999952e-01,0.00000000e+00
6.44644645e+01,1.74723946e+00,1.43103444e+03,2.16918343e+06,4.30658438e+03,0.00000000e+00,2.30000000e-01,7.69999929e-01,0.00000000e+00
6.45645646e+01,1.74511237e+00,1.43276351e+03,2.16548074e+06,4.30447351e+03,0.00000000e+00,2.30000000e-01,7.69999932e-01,0.00000000e+00
6.46646647e+01,1.74299872e+00,1.43450372e+03,2.16180645e+06,4.30238088e+03,0.00000000e+00,2.30000000e-01,7.69999926e-01,0.00000000e+00
6.47647648e+01,1.74090091e+00,1.43625623e+03,2.15816354e+06,4.30030637e+03,0.00000000e+00,2.30000000e-01,7.69999956e-01,0.00000000e+00
6.48648649e+01,1.73882826e+00,1.43802523e+03,2.15455982e+06,4.29824309e+03,0.00000000e+00,2.30000000e-01,7.69999940e-01,0.00000000e+00
6.49649650e+01,1.73677762e+00,1.43980687e+03,2.15098727e+06,4.29618217e+03,0.00000000e+00,2.30000000e-01,7.70000041e-01,0.00000000e+00
6.50650651e+01,1.73471602e+00,1.44158240e+03,2.14740636e+06,4.29412713e+03,0.00000000e+00,2.30000000e-01,7.70000064e-01,0.00000000e+00
6.51651652e+01,1.73263321e+00,1.44334114e+03,2.14378989e+06,4.29204845e+03,0.00000000e+00,2.30000000e-01,7.70000114e-01,0.00000000e+00
6.52652653e+01,1.73054135e+00,1.44508230e+03,2.14013576e+06,4.28991182e+03,0.00000000e+00,2.30000000e-01,7.70000130e-01,0.00000000e+00
6.53653654e+01,1.72843517e+00,1.44680383e+03,2.13644287e+06,4.28772805e+03,0.00000000e+00,2.30000000e-01,7.70000086e-01,0.00000000e+00
6.54654655e+01,1.72629763e+00,1.44849771e+03,2.13269437e+06,4.28550503e+03,0.00000000e+00,2.30000000e-01,7.70000040e-01,0.00000000e+00
6.55655656e+01,1.72412426e+00,1.45015715e+03,2.12887476e+06,4.28322234e+03,0.00000000e+00,2.30000000e-01,7.70000028e-01,0.00000000e+00
6.56656657e+01,1.72191297e+00,1.45177668e+03,2.12497232e+06,4.28086120e+03,0.00000000e+00,2.30000000e-01,7.70000030e-01,0.00000000e+00
6.57657658e+01,1.71965908e+00,1.45335259e+03,2.12097963e+06,4.27841797e+03,0.00000000e+00,2.30000000e-01,7.70000024e-01,0.00000000e+00
6.58658659e+01,1.71735702e+00,1.45488314e+03,2.11689371e+06,4.27589998e+03,0.00000000e+00,2.30000000e-01,7.70000008e-01,0.00000000e+00
6.59659660e+01,1.71500323e+00,1.45636883e+03,2.11271807e+06,4.27332155e+03,0.00000000e+00,2.30000000e-01,7.70000249e-01,0.00000000e+00
6.60660661e+01,1.71260111e+00,1.45781553e+03,2.10846086e+06,4.27069365e+03,0.00000000e+00,2.30000000e-01,7.69999965e-01,0.00000000e+00
6.61661662e+01,1.71023494e+00,1.45929049e+03,2.10428018e+06,4.26812307e+03,0.00000000e+00,2.30000000e-01,7.69999860e-01,0.00000000e+00
6.62662663e+01,1.70796197e+00,1.46083802e+03,2.10026985e+06,4.26565798e+03,0.00000000e+00,2.30000000e-01,7.69999889e-01,0.00000000e+00
6.63663664e+01,1.70576091e+00,1.46244304e+03,2.09639547e+06,4.26328307e+03,0.00000000e+00,2.30000000e-01,7.69999921e-01,0.00000000e+00
6.64664665e+01,1.70361435e+00,1.46409224e+03,2.09262697e+06,4.26098135e+03,0.00000000e+00,2.30000000e-01,7.69999945e-01,0.00000000e+00
6.65665666e+01,1.70150927e+00,1.46577646e+03,2.08894037e+06,4.25873701e+03,0.00000000e+00,2.30000000e-01,7.69999959e-01,0.00000000e+00
6.66666667e+01,1.69943665e+00,1.46748918e+03,2.08531989e+06,4.25654089e+03,0.00000000e+00,2.30000000e-01,7.69999945e-01,0.00000000e+00
6.67667668e+01,1.69739051e+00,1.46922525e+03,2.08175563e+06,4.25438809e+03,0.00000000e+00,2.30000000e-01,7.69999895e-01,0.00000000e+00
6.68668669e+01,1.69536311e+00,1.47097880e+03,2.07823728e+06,4.25227680e+03,0.00000000e+00,2.30000000e-01,7.69999902e-01,0.00000000e+00
6.69669670e+01,1.69335129e+00,1.47274674e+03,2.07476004e+06,4.25020554e+03,0.00000000e+00,2.30000000e-01,7.69999906e-01,0.00000000e+00
6.70670671e+01,1.69137011e+00,1.47453669e+03,2.07133978e+06,4.24816904e+03,0.00000000e+00,2.30000000e-01,7.69999966e-01,0.00000000e+00
6.71671672e+01,1.68942708e+00,1.47635256e+03,2.06798455e+06,4.24616535e+03,0.00000000e+00,2.30000000e-01,7.70000039e-01,0.00000000e+00
6.72672673e+01,1.68751698e+00,1.47819077e+03,2.06468485e+06,4.24418881e+03,0.00000000e+00,2.30000000e-01,7.70000009e-01,0.00000000e+00
6.73673674e+01,1.68561643e+00,1.48003689e+03,2.06140974e+06,4.24223409e+03,0.00000000e+00,2.30000000e-01,7.70000043e-01,0.00000000e+00
6.74674675e+01,1.68369144e+00,1.48187316e+03,2.05812161e+06,4.24031006e+03,0.00000000e+00,2.30000000e-01,7.69999993e-01,0.00000000e+00
6.75675676e+01,1.68174481e+00,1.48369968e+03,2.05481462e+06,4.23839692e+03,0.00000000e+00,2.30000000e-01,7.70000012e-01,0.00000000e+00
6.76676677e+01,1.67977704e+00,1.48551471e+03,2.05148555e+06,4.23648710e+03,0.00000000e+00,2.30000000e-01,7.70000027e-01,0.00000000e+00
6.77677678e+01,1.67779007e+00,1.48731899e+03,2.04813596e+06,4.23457886e+03,0.00000000e+00,2.30000000e-01,7.70000038e-01,0.00000000e+00
6.78678679e+01,1.67578924e+00,1.48911420e+03,2.04477086e+06,4.23266898e+03,0.00000000e+00,2.30000000e-01,7.70000054e-01,0.00000000e+00
6.79679680e+01,1.67378265e+00,1.49090241e+03,2.04139641e+06,4.23074987e+03,0.00000000e+00,2.30000000e-01,7.70000035e-01,0.00000000e+00
6.80680681e+01,1.67177684e+00,1.49268541e+03,2.03801963e+06,4.22881926e+03,0.00000000e+00,2.30000000e-01,7.70000035e-01,0.00000000e+00
6.81681682e+01,1.66976783e+00,1.49446111e+03,2.03463827e+06,4.22688265e+03,0.00000000e+00,2.30000000e-01,7.70000019e-01,0.00000000e+00
6.82682683e+01,1.66775404e+00,1.49622596e+03,2.03124500e+06,4.22492869e+03,0.00000000e+00,2.30000000e-01,7.70000012e-01,0.00000000e+00
6.83683684e+01,1.66573707e+00,1.49797556e+03,2.02783093e+06,4.22293466e+03,0.00000000e+00,2.30000000e-01,7.70000021e-01,0.00000000e+00
6.84684685e+01,1.66371693e+00,1.49970496e+03,2.02438547e+06,4.22087839e+03,0.00000000e+00,2.30000000e-01,7.70000038e-01,0.00000000e+00
6.85685686e+01,1.66168911e+00,1.50140904e+03,2.02089717e+06,4.21874717e+03,0.00000000e+00,2.30000000e-01,7.70000051e-01,0.00000000e+00
6.86686687e+01,1.65964490e+00,1.50308296e+03,2.01735484e+06,4.21653952e+03,0.00000000e+00,2.30000000e-01,7.70000054e-01,0.00000000e+00
6.87687688e+01,1.65757365e+00,1.50472265e+03,2.01374868e+06,4.21426165e+03,0.00000000e+00,2.30000000e-01,7.70000045e-01,0.00000000e+00
6.88688689e+01,1.65546555e+00,1.50632538e+03,2.01007161e+06,4.21192327e+03,0.00000000e+00,2.30000000e-01,7.70000025e-01,0.00000000e+00
6.89689690e+01,1.65331383e+00,1.50789044e+03,2.00632074e+06,4.20953520e+03,0.00000000e+00,2.30000000e-01,7.69999996e-01,0.00000000e+00
6.90690691e+01,1.65111639e+00,1.50941996e+03,2.00250000e+06,4.20711017e+03,0.00000000e+00,2.30000000e-01,7.70000071e-01,0.00000000e+00
6.91691692e+01,1.64887750e+00,1.51092035e+03,1.99861984e+06,4.20466018e+03,0.00000000e+00,2.30000000e-01,7.69999957e-01,0.00000000e+00
6.92692693e+01,1.64664569e+00,1.51243364e+03,1.99477308e+06,4.20225569e+03,0.00000000e+00,2.30000000e-01,7.69999871e-01,0.00000000e+00
6.93693694e+01,1.64446669e+00,1.51399230e+03,1.99102586e+06,4.19991928e+03,0.00000000e+00,2.30000000e-01,7.69999900e-01,0.00000000e+00
6.94694695e+01,1.64232171e+00,1.51558266e+03,1.98734898e+06,4.19763831e+03,0.00000000e+00,2.30000000e-01,7.69999928e-01,0.00000000e+00
6.95695696e+01,1.64019574e+00,1.51719296e+03,1.98371719e+06,4.19539809e+03,0.00000000e+00,2.30000000e-01,7.69999957e-01,0.00000000e+00
6.96696697e+01,1.63807834e+00,1.51881435e+03,1.98011182e+06,4.19318606e+03,0.00000000e+00,2.30000000e-01,7.69999989e-01,0.00000000e+00
6.97697698e+01,1.63596356e+00,1.52044100e+03,1.97652075e+06,4.19099197e+03,0.00000000e+00,2.30000000e-01,7.70000008e-01,0.00000000e+00
6.98698699e+01,1.63384935e+00,1.52206970e+03,1.97293721e+06,4.18880678e+03,0.00000000e+00,2.30000000e-01,7.70000017e-01,0.00000000e+00
6.99699700e+01,1.63173370e+00,1.52369802e+03,1.96935664e+06,4.18662601e+03,0.00000000e+00,2.30000000e-01,7.70000007e-01,0.00000000e+00
7.00700701e+01,1.62961610e+00,1.52532427e+03,1.96577571e+06,4.18444375e+03,0.00000000e+00,2.30000000e-01,7.70000007e-01,0.00000000e+00
7.01701702e+01,1.62749736e+00,1.52694609e+03,1.96218912e+06,4.18224666e+03,0.00000000e+00,2.30000000e-01,7.70000017e-01,0.00000000e+00
7.02702703e+01,1.62537637e+00,1.52856047e+03,1.95859014e+06,4.18002318e+03,0.00000000e+00,2.30000000e-01,7.70000026e-01,0.00000000e+00
7.03703704e+01,1.62324976e+00,1.53016421e+03,1.95497131e+06,4.17776597e+03,0.00000000e+00,2.30000000e-01,7.70000028e-01,0.00000000e+00
7.04704705e+01,1.62111316e+00,1.53175438e+03,1.95132535e+06,4.17547054e+03,0.00000000e+00,2.30000000e-01,7.70000024e-01,0.00000000e+00
7.05705706e+01,1.61896244e+00,1.53332865e+03,1.94764605e+06,4.17313406e+03,0.00000000e+00,2.30000000e-01,7.70000015e-01,0.00000000e+00
7.06706707e+01,1.61679452e+00,1.53488578e+03,1.94393074e+06,4.17075751e+03,0.00000000e+00,2.30000000e-01,7.70000221e-01,0.00000000e+00
7.07707708e+01,1.61461410e+00,1.53642962e+03,1.94018294e+06,4.16833891e+03,0.00000000e+00,2.30000000e-01,7.69999997e-01,0.00000000e+00
7.08708709e+01,1.61246979e+00,1.53800135e+03,1.93649226e+06,4.16594250e+03,0.00000000e+00,2.30000000e-01,7.69999972e-01,0.00000000e+00
7.09709710e+01,1.61038012e+00,1.53961795e+03,1.93289148e+06,4.16359208e+03,0.00000000e+00,2.30000000e-01,7.69999951e-01,0.00000000e+00
7.10710711e+01,1.60834123e+00,1.54127662e+03,1.92937485e+06,4.16128564e+03,0.00000000e+00,2.30000000e-01,7.69999935e-01,0.00000000e+00
7.11711712e+01,1.60634599e+00,1.54297248e+03,1.92593219e+06,4.15902003e+03,0.00000000e+00,2.30000000e-01,7.69999930e-01,0.00000000e+00
7.12712713e+01,1.60438497e+00,1.54469877e+03,1.92254961e+06,4.15678995e+03,0.00000000e+00,2.30000000e-01,7.69999934e-01,0.00000000e+00
7.13713714e+01,1.60244785e+00,1.54644800e+03,1.91921181e+06,4.15458938e+03,0.00000000e+00,2.30000000e-01,7.69999946e-01,0.00000000e+00
7.14714715e+01,1.60052485e+00,1.54821308e+03,1.91590456e+06,4.15241304e+03,0.00000000e+00,2.30000000e-01,7.69999963e-01,0.00000000e+00
7.15715716e+01,1.59860773e+00,1.54998808e+03,1.91261607e+06,4.15025684e+03,0.00000000e+00,2.30000000e-01,7.69999996e-01,0.00000000e+00
7.16716717e+01,1.59669114e+00,1.55176859e+03,1.90933749e+06,4.14811565e+03,0.00000000e+00,2.30000000e-01,7.70000019e-01,0.00000000e+00
7.17717718e+01,1.59477183e+00,1.55355184e+03,1.90606343e+06,4.14598631e+03,0.00000000e+00,2.30000000e-01,7.70000026e-01,0.00000000e+00
7.18718719e+01,1.59284459e+00,1.55533642e+03,1.90279204e+06,4.14387830e+03,0.00000000e+00,2.30000000e-01,7.70000016e-01,0.00000000e+00
7.19719720e+01,1.59090621e+00,1.55712123e+03,1.89952142e+06,4.14179588e+03,0.00000000e+00,2.30000000e-01,7.70000013e-01,0.00000000e+00
7.20720721e+01,1.58895528e+00,1.55890443e+03,1.89624820e+06,4.13973536e+03,0.00000000e+00,2.30000000e-01,7.70000017e-01,0.00000000e+00
7.21721722e+01,1.58699018e+00,1.56068359e+03,1.89296796e+06,4.13769139e+03,0.00000000e+00,2.30000000e-01,7.70000021e-01,0.00000000e+00
7.22722723e+01,1.58500859e+00,1.56245586e+03,1.88967562e+06,4.13565889e+03,0.00000000e+00,2.30000000e-01,7.70000021e-01,0.00000000e+00
7.23723724e+01,1.58300817e+00,1.56421832e+03,1.88636596e+06,4.13363254e+03,0.00000000e+00,2.30000000e-01,7.70000017e-01,0.00000000e+00
7.24724725e+01,1.58098741e+00,1.56596819e+03,1.88303444e+06,4.13160628e+03,0.00000000e+00,2.30000000e-01,7.70000010e-01,0.00000000e+00
7.25725726e+01,1.57894599e+00,1.56770313e+03,1.87967915e+06,4.12957566e+03,0.00000000e+00,2.30000000e-01,7.70000229e-01,0.00000000e+00
7.26726727e+01,1.57687513e+00,1.56941410e+03,1.87629108e+06,4.12754831e+03,0.00000000e+00,2.30000000e-01,7.69999606e-01,0.00000000e+00
7.27727728e+01,1.57476561e+00,1.57118737e+03,1.87422764e+06,4.12756345e+03,0.00000000e+00,2.30000000e-01,7.70227579e-01,0.00000000e+00
7.28728729e+01,1.97813476e+00,1.17084810e+03,2.81043557e+06,4.92936958e+03,0.00000000e+00,2.31517851e-01,7.68482149e-01,0.00000000e+00
7.29729730e+01,3.54326341e+00,1.83242076e+02,6.83190522e+06,6.68804363e+03,0.00000000e+00,2.29490483e-01,7.70509517e-01,0.00000000e+00
7.30730731e+01,4.26494884e+00,-1.08157859e+02,8.87398960e+06,7.21075678e+03,0.00000000e+00,2.30000000e-01,7.70924886e-01,0.00000000e+00
7.31731732e+01,4.37302388e+00,-1.56993332e+02,9.18416218e+06,7.28406807e+03,0.00000000e+00,2.30000000e-01,7.70162795e-01,0.00000000e+00
7.32732733e+01,4.38311519e+00,-1.61787873e+02,9.22202222e+06,7.29829949e+03,0.00000000e+00,2.30000000e-01,7.70023885e-01,0.00000000e+00
7.33733734e+01,4.38033547e+00,-1.61844424e+02,9.22154008e+06,7.30266754e+03,0.00000000e+00,2.30000000e-01,7.70008133e-01,0.00000000e+00
7.34734735e+01,4.37108463e+00,-1.59424903e+02,9.20181195e+06,7.30260432e+03,0.00000000e+00,2.30000000e-01,7.69989821e-01,0.00000000e+00
7.35735736e+01,4.36261340e+00,-1.57441594e+02,9.18636451e+06,7.30443901e+03,0.00000000e+00,2.30000000e-01,7.69998117e-01,0.00000000e+00
7.36736737e+01,4.35526457e+00,-1.55767056e+02,9.17424173e+06,7.30709322e+03,0.00000000e+00,2.30000000e-01,7.70000154e-01,0.00000000e+00
7.37737738e+01,4.34783049e+00,-1.54366882e+02,9.16153298e+06,7.30944495e+03,0.00000000e+00,2.30000000e-01,7.70000505e-01,0.00000000e+00
7.38738739e+01,4.34014648e+00,-1.53234953e+02,9.14801412e+06,7.31158863e+03,0.00000000e+00,2.30000000e-01,7.69999487e-01,0.00000000e+00
7.39739740e+01,4.33268491e+00,-1.52142650e+02,9.13542098e+06,7.31409558e+03,0.00000000e+00,2.30000000e-01,7.69999793e-01,0.00000000e+00
7.40740741e+01,4.32538103e+00,-1.51096974e+02,9.12356326e+06,7.31693367e+03,0.00000000e+00,2.30000000e-01,7.70000177e-01,0.00000000e+00
7.41741742e+01,4.31797742e+00,-1.50179427e+02,9.11184929e+06,7.32006811e+03,0.00000000e+00,2.30000000e-01,7.70000266e-01,0.00000000e+00
7.42742743e+01,4.31058061e+00,-1.49357118e+02,9.10050323e+06,7.32349937e+03,0.00000000e+00,2.30000000e-01,7.70000154e-01,0.00000000e+00
7.43743744e+01,4.30347888e+00,-1.48546517e+02,9.09017429e+06,7.32725929e+03,0.00000000e+00,2.30000000e-01,7.70000119e-01,0.00000000e+00
7.44744745e+01,4.29677804e+00,-1.47694188e+02,9.08115311e+06,7.33140572e+03,0.00000000e+00,2.30000000e-01,7.69999786e-01,0.00000000e+00
7.45745746e+01,4.29054498e+00,-1.46764350e+02,9.07365189e+06,7.33599176e+03,0.00000000e+00,2.30000000e-01,7.69999775e-01,0.00000000e+00
7.46746747e+01,4.28465563e+00,-1.45822194e+02,9.06731817e+06,7.34094657e+03,0.00000000e+00,2.30000000e-01,7.69999889e-01,0.00000000e+00
7.47747748e+01,4.27896448e+00,-1.44903628e+02,9.06175945e+06,7.34620348e+03,0.00000000e+00,2.30000000e-01,7.69999943e-01,0.00000000e+00
7.48748749e+01,4.27339892e+00,-1.44024073e+02,9.05681319e+06,7.35175500e+03,0.00000000e+00,2.30000000e-01,7.70000064e-01,0.00000000e+00
7.49749750e+01,4.26792040e+00,-1.43187154e+02,9.05238602e+06,7.35759447e+03,0.00000000e+00,2.30000000e-01,7.69999973e-01,0.00000000e+00
7.50750751e+01,4.26257400e+00,-1.42366296e+02,9.04861463e+06,7.36375457e+03,0.00000000e+00,2.30000000e-01,7.69999857e-01,0.00000000e+00
7.51751752e+01,4.25734728e+00,-1.41561272e+02,9.04544115e+06,7.37020840e+03,0.00000000e+00,2.30000000e-01,7.69999971e-01,0.00000000e+00
7.52752753e+01,4.25214637e+00,-1.40809271e+02,9.04252469e+06,7.37684332e+03,0.00000000e+00,2.30000000e-01,7.70000042e-01,0.00000000e+00
7.53753754e+01,4.24692308e+00,-1.40131177e+02,9.03966646e+06,7.38358162e+03,0.00000000e+00,2.30000000e-01,7.70000026e-01,0.00000000e+00
7.54754755e+01,4.24165907e+00,-1.39533674e+02,9.03676953e+06,7.39037581e+03,0.00000000e+00,2.30000000e-01,7.70000009e-01,0.00000000e+00
7.55755756e+01,4.23634867e+00,-1.39016224e+02,9.03379310e+06,7.39720249e+03,0.00000000e+00,2.30000000e-01,7.70000035e-01,0.00000000e+00
7.56756757e+01,4.23097326e+00,-1.38582295e+02,9.03070131e+06,7.40406530e+03,0.00000000e+00,2.30000000e-01,7.70000083e-01,0.00000000e+00
7.57757758e+01,4.22548315e+00,-1.38241281e+02,9.02739267e+06,7.41096852e+03,0.00000000e+00,2.30000000e-01,7.70000158e-01,0.00000000e+00
7.58758759e+01,4.21978237e+00,-1.38002298e+02,9.02365406e+06,7.41790877e+03,0.00000000e+00,2.30000000e-01,7.69999948e-01,0.00000000e+00
7.59759760e+01,4.21396100e+00,-1.37854432e+02,9.01977127e+06,7.42496128e+03,0.00000000e+00,2.30000000e-01,7.69999774e-01,0.00000000e+00
7.60760761e+01,4.20822444e+00,-1.37714926e+02,9.01628019e+06,7.43220400e+03,0.00000000e+00,2.30000000e-01,7.69999919e-01,0.00000000e+00
7.61761762e+01,4.20254878e+00,-1.37601570e+02,9.01304303e+06,7.43956854e+03,0.00000000e+00,2.30000000e-01,7.70000028e-01,0.00000000e+00
7.62762763e+01,4.19686371e+00,-1.37549578e+02,9.00984298e+06,7.44700019e+03,0.00000000e+00,2.30000000e-01,7.70000159e-01,0.00000000e+00
7.63763764e+01,4.19115273e+00,-1.37575803e+02,9.00657605e+06,7.45444427e+03,0.00000000e+00,2.30000000e-01,7.70000092e-01,0.00000000e+00
7.64764765e+01,4.18552801e+00,-1.37643197e+02,9.00354603e+06,7.46195168e+03,0.00000000e+00,2.30000000e-01,7.69999966e-01,0.00000000e+00
7.65765766e+01,4.18008095e+00,-1.37711782e+02,9.00105294e+06,7.46960721e+03,0.00000000e+00,2.30000000e-01,7.69999864e-01,0.00000000e+00
7.66766767e+01,4.17479439e+00,-1.37781914e+02,8.99910014e+06,7.47744294e+03,0.00000000e+00,2.30000000e-01,7.69999925e-01,0.00000000e+00
7.67767768e+01,4.16958191e+00,-1.37874436e+02,8.99753017e+06,7.48548379e+03,0.00000000e+00,2.30000000e-01,7.70000016e-01,0.00000000e+00
7.68768769e+01,4.16439672e+00,-1.37986536e+02,8.99636139e+06,7.49382970e+03,0.00000000e+00,2.30000000e-01,7.70000128e-01,0.00000000e+00
7.69769770e+01,4.15925298e+00,-1.38101510e+02,8.99570438e+06,7.50255037e+03,0.00000000e+00,2.30000000e-01,7.69999997e-01,0.00000000e+00
7.70770771e+01,4.15423125e+00,-1.38178126e+02,8.99561109e+06,7.51154313e+03,0.00000000e+00,2.30000000e-01,7.69999817e-01,0.00000000e+00
7.71771772e+01,4.14931737e+00,-1.38284528e+02,8.99613907e+06,7.52087878e+03,0.00000000e+00,2.30000000e-01,7.69999995e-01,0.00000000e+00
7.72772773e+01,4.14441050e+00,-1.38412868e+02,8.99709346e+06,7.53058197e+03,0.00000000e+00,2.30000000e-01,7.70000016e-01,0.00000000e+00
7.73773774e+01,4.13948727e+00,-1.38573386e+02,8.99833345e+06,7.54057763e+03,0.00000000e+00,2.30000000e-01,7.69999991e-01,0.00000000e+00
7.74774775e+01,4.13455097e+00,-1.38765735e+02,8.99992318e+06,7.55091413e+03,0.00000000e+00,2.30000000e-01,7.70000003e-01,0.00000000e+00
7.75775776e+01,4.12959629e+00,-1.38985941e+02,9.00192563e+06,7.56165552e+03,0.00000000e+00,2.30000000e-01,7.70000033e-01,0.00000000e+00
7.76776777e+01,4.12460555e+00,-1.39233510e+02,9.00435586e+06,7.57284914e+03,0.00000000e+00,2.30000000e-01,7.70000007e-01,0.00000000e+00
7.77777778e+01,4.11957651e+00,-1.39519897e+02,9.00725641e+06,7.58453631e+03,0.00000000e+00,2.30000000e-01,7.69999997e-01,0.00000000e+00
7.78778779e+01,4.11455036e+00,-1.39846761e+02,9.01058849e+06,7.59661043e+03,0.00000000e+00,2.30000000e-01,7.69999996e-01,0.00000000e+00
7.79779780e+01,4.10956451e+00,-1.40209195e+02,9.01432857e+06,7.60898337e+03,0.00000000e+00,2.30000000e-01,7.70000060e-01,0.00000000e+00
7.80780781e+01,4.10461576e+00,-1.40593423e+02,9.01844752e+06,7.62163803e+03,0.00000000e+00,2.30000000e-01,7.70000080e-01,0.00000000e+00
7.81781782e+01,4.09973861e+00,-1.40989415e+02,9.02299905e+06,7.63455653e+03,0.00000000e+00,2.30000000e-01,7.70000019e-01,0.00000000e+00
7.82782783e+01,4.09497866e+00,-1.41397268e+02,9.02813126e+06,7.64777901e+03,0.00000000e+00,2.30000000e-01,7.69999937e-01,0.00000000e+00
7.83783784e+01,4.09034606e+00,-1.41815102e+02,9.03394346e+06,7.66137033e+03,0.00000000e+00,2.30000000e-01,7.69999865e-01,0.00000000e+00
7.84784785e+01,4.08580190e+00,-1.42245458e+02,9.04049303e+06,7.67545049e+03,0.00000000e+00,2.30000000e-01,7.70000034e-01,0.00000000e+00
7.85785786e+01,4.08127059e+00,-1.42676519e+02,9.04759223e+06,7.69000622e+03,0.00000000e+00,2.30000000e-01,7.70000041e-01,0.00000000e+00
7.86786787e+01,4.07677549e+00,-1.43129038e+02,9.05519309e+06,7.70495402e+03,0.00000000e+00,2.30000000e-01,7.69999885e-01,0.00000000e+00
7.87787788e+01,4.07234094e+00,-1.43649937e+02,9.06338885e+06,7.72032428e+03,0.00000000e+00,2.30000000e-01,7.70000046e-01,0.00000000e+00
7.88788789e+01,4.06788521e+00,-1.44244157e+02,9.07190301e+06,7.73604188e+03,0.00000000e+00,2.30000000e-01,7.69999949e-01,0.00000000e+00
7.89789790e+01,4.06343603e+00,-1.44961388e+02,9.08084012e+06,7.75214013e+03,0.00000000e+00,2.30000000e-01,7.70000151e-01,0.00000000e+00
7.90790791e+01,4.05899696e+00,-1.45820423e+02,9.09005072e+06,7.76849099e+03,0.00000000e+00,2.30000000e-01,7.69999987e-01,0.00000000e+00
7.91791792e+01,4.05465779e+00,-1.46858836e+02,9.09961483e+06,7.78498599e+03,0.00000000e+00,2.30000000e-01,7.70000108e-01,0.00000000e+00
7.92792793e+01,4.05041661e+00,-1.48090582e+02,9.10951555e+06,7.80161527e+03,0.00000000e+00,2.30000000e-01,7.70000306e-01,0.00000000e+00
7.93793794e+01,4.04634285e+00,-1.49514144e+02,9.11976295e+06,7.81825674e+03,0.00000000e+00,2.30000000e-01,7.70000055e-01,0.00000000e+00
7.94794795e+01,4.04260767e+00,-1.51157575e+02,9.13080417e+06,7.83495386e+03,0.00000000e+00,2.30000000e-01,7.70000156e-01,0.00000000e+00
7.95795796e+01,4.03924358e+00,-1.52997648e+02,9.14278645e+06,7.85176919e+03,0.00000000e+00,2.30000000e-01,7.70000198e-01,0.00000000e+00
7.96796797e+01,4.03633773e+00,-1.55012882e+02,9.15597700e+06,7.86875788e+03,0.00000000e+00,2.30000000e-01,7.70000210e-01,0.00000000e+00
7.97797798e+01,4.03400006e+00,-1.57182423e+02,9.17069296e+06,7.88597329e+03,0.00000000e+00,2.30000000e-01,7.70000070e-01,0.00000000e+00
7.98798799e+01,4.03234644e+00,-1.59477274e+02,9.18718796e+06,7.90340092e+03,0.00000000e+00,2.30000000e-01,7.69999623e-01,0.00000000e+00
7.99799800e+01,4.03140448e+00,-1.61863811e+02,9.20563491e+06,7.92112118e+03,0.00000000e+00,2.30000000e-01,7.69999544e-01,0.00000000e+00
8.00800801e+01,4.03094039e+00,-1.64270779e+02,9.22571645e+06,7.93931172e+03,0.00000000e+00,2.30000000e-01,7.69999894e-01,0.00000000e+00
8.01801802e+01,4.03071031e+00,-1.66611873e+02,9.24688357e+06,7.95798253e+03,0.00000000e+00,2.30000000e-01,7.69999780e-01,0.00000000e+00
8.02802803e+01,4.03065494e+00,-1.68871864e+02,9.26897805e+06,7.97710829e+03,0.00000000e+00,2.30000000e-01,7.69999610e-01,0.00000000e+00
8.03803804e+01,4.03083034e+00,-1.71060059e+02,9.29179269e+06,7.99639379e+03,0.00000000e+00,2.30000000e-01,7.69999774e-01,0.00000000e+00
8.04804805e+01,4.03132488e+00,-1.73213102e+02,9.31510255e+06,8.01546908e+03,0.00000000e+00,2.30000000e-01,7.69999951e-01,0.00000000e+00
8.05805806e+01,4.03215811e+00,-1.75397262e+02,9.33889652e+06,8.03428100e+03,0.00000000e+00,2.30000000e-01,7.70000163e-01,0.00000000e+00
8.06806807e+01,4.03313295e+00,-1.77661609e+02,9.36295998e+06,8.05303832e+03,0.00000000e+00,2.30000000e-01,7.69999872e-01,0.00000000e+00
8.07807808e+01,4.03401705e+00,-1.80085719e+02,9.38710308e+06,8.07203457e+03,0.00000000e+00,2.30000000e-01,7.69999830e-01,0.00000000e+00
8.08808809e+01,4.03461595e+00,-1.82726611e+02,9.41101430e+06,8.09139084e+03,0.00000000e+00,2.30000000e-01,7.70000297e-01,0.00000000e+00
8.09809810e+01,4.03483872e+00,-1.85568206e+02,9.43428801e+06,8.11094912e+03,0.00000000e+00,2.30000000e-01,7.70000790e-01,0.00000000e+00
8.10810811e+01,4.03463091e+00,-1.88531793e+02,9.45646286e+06,8.13043528e+03,0.00000000e+00,2.30000000e-01,7.70000430e-01,0.00000000e+00
8.11811812e+01,4.03397304e+00,-1.91542117e+02,9.47724463e+06,8.14963545e+03,0.00000000e+00,2.30000000e-01,7.69999993e-01,0.00000000e+00
8.12812813e+01,4.03285818e+00,-1.94569427e+02,9.49664557e+06,8.16857718e+03,0.00000000e+00,2.30000000e-01,7.69999873e-01,0.00000000e+00
8.13813814e+01,4.03135437e+00,-1.97557160e+02,9.51504700e+06,8.18745780e+03,0.00000000e+00,2.30000000e-01,7.69999927e-01,0.00000000e+00
8.14814815e+01,4.02949581e+00,-2.00472621e+02,9.53265608e+06,8.20639389e+03,0.00000000e+00,2.30000000e-01,7.69999861e-01,0.00000000e+00
8.15815816e+01,4.02735303e+00,-2.03278650e+02,9.54977092e+06,8.22550208e+03,0.00000000e+00,2.30000000e-01,7.69999814e-01,0.00000000e+00
8.16816817e+01,4.02509755e+00,-2.05941168e+02,9.56666615e+06,8.24467133e+03,0.00000000e+00,2.30000000e-01,7.69999869e-01,0.00000000e+00
8.17817818e+01,4.02291354e+00,-2.08432335e+02,9.58357950e+06,8.26373048e+03,0.00000000e+00,2.30000000e-01,7.69999972e-01,0.00000000e+00
8.18818819e+01,4.02083852e+00,-2.10749886e+02,9.60061398e+06,8.28269156e+03,0.00000000e+00,2.30000000e-01,7.69999929e-01,0.00000000e+00
8.19819820e+01,4.01885664e+00,-2.12892781e+02,9.61785118e+06,8.30165447e+03,0.00000000e+00,2.30000000e-01,7.69999922e-01,0.00000000e+00
8.20820821e+01,4.01692882e+00,-2.14872018e+02,9.63515811e+06,8.32058323e+03,0.00000000e+00,2.30000000e-01,7.70000046e-01,0.00000000e+00
8.21821822e+01,4.01498310e+00,-2.16723250e+02,9.65230156e+06,8.33942594e+03,0.00000000e+00,2.30000000e-01,7.70000189e-01,0.00000000e+00
8.22822823e+01,4.01292150e+00,-2.18470122e+02,9.66910235e+06,8.35823276e+03,0.00000000e+00,2.30000000e-01,7.70000252e-01,0.00000000e+00
8.23823824e+01,4.01061128e+00,-2.20140931e+02,9.68533948e+06,8.37709105e+03,0.00000000e+00,2.30000000e-01,7.70000270e-01,0.00000000e+00
8.24824825e+01,4.00790994e+00,-2.21767076e+02,9.70076225e+06,8.39608627e+03,0.00000000e+00,2.30000000e-01,7.70000212e-01,0.00000000e+00
8.25825826e+01,4.00470512e+00,-2.23377235e+02,9.71513678e+06,8.41525762e+03,0.00000000e+00,2.30000000e-01,7.70000092e-01,0.00000000e+00
8.26826827e+01,4.00094935e+00,-2.24992320e+02,9.72828589e+06,8.43455832e+03,0.00000000e+00,2.30000000e-01,7.70000014e-01,0.00000000e+00
8.27827828e+01,3.99663667e+00,-2.26627635e+02,9.74008035e+06,8.45389696e+03,0.00000000e+00,2.30000000e-01,7.70000002e-01,0.00000000e+00
8.28828829e+01,3.99176589e+00,-2.28292339e+02,9.75045071e+06,8.47322427e+03,0.00000000e+00,2.30000000e-01,7.70000016e-01,0.00000000e+00
8.29829830e+01,3.98632581e+00,-2.29988468e+02,9.75939744e+06,8.49257289e+03,0.00000000e+00,2.30000000e-01,7.70000022e-01,0.00000000e+00
8.30830831e+01,3.98030022e+00,-2.31710813e+02,9.76699044e+06,8.51204711e+03,0.00000000e+00,2.30000000e-01,7.69999985e-01,0.00000000e+00
8.31831832e+01,3.97369002e+00,-2.33445558e+02,9.77337496e+06,8.53178106e+03,0.00000000e+00,2.30000000e-01,7.69999897e-01,0.00000000e+00
8.32832833e+01,3.96654117e+00,-2.35167568e+02,9.77878600e+06,8.55189075e+03,0.00000000e+00,2.30000000e-01,7.69999802e-01,0.00000000e+00
8.33833834e+01,3.95895134e+00,-2.36841170e+02,9.78353783e+06,8.57244977e+03,0.00000000e+00,2.30000000e-01,7.69999766e-01,0.00000000e+00
8.34834835e+01,3.95104140e+00,-2.38428241e+02,9.78796220e+06,8.59349573e+03,0.00000000e+00,2.30000000e-01,7.69999815e-01,0.00000000e+00
8.35835836e+01,3.94291187e+00,-2.39900256e+02,9.79231811e+06,8.61504521e+03,0.00000000e+00,2.30000000e-01,7.69999916e-01,0.00000000e+00
8.36836837e+01,3.93461359e+00,-2.41247815e+02,9.79672758e+06,8.63710141e+03,0.00000000e+00,2.30000000e-01,7.70000011e-01,0.00000000e+00
8.37837838e+01,3.92614820e+00,-2.42479744e+02,9.80117216e+06,8.65965083e+03,0.00000000e+00,2.30000000e-01,7.70000062e-01,0.00000000e+00
8.38838839e+01,3.91748909e+00,-2.43616673e+02,9.80554949e+06,8.68266793e+03,0.00000000e+00,2.30000000e-01,7.70000064e-01,0.00000000e+00
8.39839840e+01,3.90860563e+00,-2.44680186e+02,9.80975476e+06,8.70613423e+03,0.00000000e+00,2.30000000e-01,7.70000041e-01,0.00000000e+00
8.40840841e+01,3.89947780e+00,-2.45686135e+02,9.81373882e+06,8.73005771e+03,0.00000000e+00,2.30000000e-01,7.70000019e-01,0.00000000e+00
8.41841842e+01,3.89009670e+00,-2.46643780e+02,9.81752023e+06,8.75448262e+03,0.00000000e+00,2.30000000e-01,7.70000007e-01,0.00000000e+00
8.42842843e+01,3.88045956e+00,-2.47558145e+02,9.82116280e+06,8.77948067e+03,0.00000000e+00,2.30000000e-01,7.70000004e-01,0.00000000e+00
8.43843844e+01,3.87056522e+00,-2.48432658e+02,9.82473956e+06,8.80512928e+03,0.00000000e+00,2.30000000e-01,7.70000000e-01,0.00000000e+00
8.44844845e+01,3.86041593e+00,-2.49269703e+02,9.82831240e+06,8.83148920e+03,0.00000000e+00,2.30000000e-01,7.69999979e-01,0.00000000e+00
8.45845846e+01,3.85002532e+00,-2.50073524e+02,9.83194588e+06,8.85859772e+03,0.00000000e+00,2.30000000e-01,7.69999986e-01,0.00000000e+00
8.46846847e+01,3.83940324e+00,-2.50852079e+02,9.83569097e+06,8.88648932e+03,0.00000000e+00,2.30000000e-01,7.70000011e-01,0.00000000e+00
8.47847848e+01,3.82854634e+00,-2.51613763e+02,9.83958403e+06,8.91521668e+03,0.00000000e+00,2.30000000e-01,7.70000019e-01,0.00000000e+00
8.48848849e+01,3.81744725e+00,-2.52365677e+02,9.84365401e+06,8.94483510e+03,0.00000000e+00,2.30000000e-01,7.70000085e-01,0.00000000e+00
8.49849850e+01,3.80607357e+00,-2.53111616e+02,9.84784262e+06,8.97538273e+03,0.00000000e+00,2.30000000e-01,7.70000053e-01,0.00000000e+00
8.50850851e+01,3.79439746e+00,-2.53870015e+02,9.85214370e+06,9.00693377e+03,0.00000000e+00,2.30000000e-01,7.70000063e-01,0.00000000e+00
8.51851852e+01,3.78238767e+00,-2.54640884e+02,9.85653129e+06,9.03955630e+03,0.00000000e+00,2.30000000e-01,7.70000072e-01,0.00000000e+00
8.52852853e+01,3.77001191e+00,-2.55413726e+02,9.86090389e+06,9.07325426e+03,0.00000000e+00,2.30000000e-01,7.70000006e-01,0.00000000e+00
8.53853854e+01,3.75726908e+00,-2.56186786e+02,9.86519770e+06,9.10799065e+03,0.00000000e+00,2.30000000e-01,7.69999996e-01,0.00000000e+00
8.54854855e+01,3.74416298e+00,-2.56953188e+02,9.86930742e+06,9.14367990e+03,0.00000000e+00,2.30000000e-01,7.69999997e-01,0.00000000e+00
8.55855856e+01,3.73069805e+00,-2.57707395e+02,9.87312080e+06,9.18022713e+03,0.00000000e+00,2.30000000e-01,7.70000010e-01,0.00000000e+00
8.56856857e+01,3.71687054e+00,-2.58454130e+02,9.87652045e+06,9.21755231e+03,0.00000000e+00,2.30000000e-01,7.70000005e-01,0.00000000e+00
8.57857858e+01,3.70267611e+00,-2.59205585e+02,9.87940990e+06,9.25559551e+03,0.00000000e+00,2.30000000e-01,7.69999988e-01,0.00000000e+00
8.58858859e+01,3.68811833e+00,-2.59970079e+02,9.88174768e+06,9.29432814e+03,0.00000000e+00,2.30000000e-01,7.69999983e-01,0.00000000e+00
8.59859860e+01,3.67320500e+00,-2.60749903e+02,9.88354167e+06,9.33375794e+03,0.00000000e+00,2.30000000e-01,7.69999949e-01,0.00000000e+00
8.60860861e+01,3.65796219e+00,-2.61542806e+02,9.88482409e+06,9.37386951e+03,0.00000000e+00,2.30000000e-01,7.69999799e-01,0.00000000e+00
8.61861862e+01,3.64254754e+00,-2.62339069e+02,9.88566007e+06,9.41433355e+03,0.00000000e+00,2.30000000e-01,7.69999873e-01,0.00000000e+00
8.62862863e+01,3.62719435e+00,-2.63115970e+02,9.88617085e+06,9.45466859e+03,0.00000000e+00,2.30000000e-01,7.70000123e-01,0.00000000e+00
8.63863864e+01,3.61201319e+00,-2.63852264e+02,9.88653536e+06,9.49475627e+03,0.00000000e+00,2.30000000e-01,7.70000125e-01,0.00000000e+00
8.64864865e+01,3.59705868e+00,-2.64535515e+02,9.88692846e+06,9.53461020e+03,0.00000000e+00,2.30000000e-01,7.70000014e-01,0.00000000e+00
8.65865866e+01,3.58238633e+00,-2.65184689e+02,9.88764621e+06,9.57435447e+03,0.00000000e+00,2.30000000e-01,7.70000174e-01,0.00000000e+00
8.66866867e+01,3.56800872e+00,-2.65781972e+02,9.88866110e+06,9.61392471e+03,0.00000000e+00,2.30000000e-01,7.69999887e-01,0.00000000e+00
8.67867868e+01,3.55400083e+00,-2.66339489e+02,9.89020897e+06,9.65332861e+03,0.00000000e+00,2.30000000e-01,7.69999852e-01,0.00000000e+00
8.68868869e+01,3.54031013e+00,-2.66863255e+02,9.89239791e+06,9.69280123e+03,0.00000000e+00,2.30000000e-01,7.70000095e-01,0.00000000e+00
8.69869870e+01,3.52687500e+00,-2.67301776e+02,9.89480114e+06,9.73209400e+03,0.00000000e+00,2.30000000e-01,7.69999525e-01,0.00000000e+00
8.70870871e+01,3.51372058e+00,-2.67720107e+02,9.89793747e+06,9.77161797e+03,0.00000000e+00,2.30000000e-01,7.70000189e-01,0.00000000e+00
8.71871872e+01,3.50064811e+00,-2.68044693e+02,9.90103702e+06,9.81118407e+03,0.00000000e+00,2.30000000e-01,7.69999739e-01,0.00000000e+00
8.72872873e+01,3.48772511e+00,-2.68310144e+02,9.90437303e+06,9.85085228e+03,0.00000000e+00,2.30000000e-01,7.70000031e-01,0.00000000e+00
8.73873874e+01,3.47484246e+00,-2.68494995e+02,9.90750703e+06,9.89050347e+03,0.00000000e+00,2.30000000e-01,7.69999888e-01,0.00000000e+00
8.74874875e+01,3.46200787e+00,-2.68600815e+02,9.91036417e+06,9.93003094e+03,0.00000000e+00,2.30000000e-01,7.70000092e-01,0.00000000e+00
8.75875876e+01,3.44912973e+00,-2.68660308e+02,9.91260853e+06,9.96936486e+03,0.00000000e+00,2.30000000e-01,7.70000035e-01,0.00000000e+00
8.76876877e+01,3.43620475e+00,-2.68677174e+02,9.91401293e+06,1.00082747e+04,0.00000000e+00,2.30000000e-01,7.70000698e-01,0.00000000e+00
8.77877878e+01,3.42290567e+00,-2.68775173e+02,9.91417885e+06,1.00473285e+04,0.00000000e+00,2.30000000e-01,7.70000669e-01,0.00000000e+00
8.78878879e+01,3.40898020e+00,-2.68761659e+02,9.91245880e+06,1.00866381e+04,0.00000000e+00,2.30000000e-01,7.69999012e-01,0.00000000e+00
8.79879880e+01,3.39481877e+00,-2.68779757e+02,9.90978836e+06,1.01259758e+04,0.00000000e+00,2.30000000e-01,7.69999954e-01,0.00000000e+00
8.80880881e+01,3.38044569e+00,-2.68775577e+02,9.90578618e+06,1.01649229e+04,0.00000000e+00,2.30000000e-01,7.69999949e-01,0.00000000e+00
8.81881882e+01,3.36588353e+00,-2.68754931e+02,9.90068702e+06,1.02036435e+04,0.00000000e+00,2.30000000e-01,7.70000118e-01,0.00000000e+00
8.82882883e+01,3.35108873e+00,-2.68693031e+02,9.89448406e+06,1.02422725e+04,0.00000000e+00,2.30000000e-01,7.69999957e-01,0.00000000e+00
8.83883884e+01,3.33607931e+00,-2.68591106e+02,9.88734381e+06,1.02809287e+04,0.00000000e+00,2.30000000e-01,7.70000008e-01,0.00000000e+00
8.84884885e+01,3.32085527e+00,-2.68436568e+02,9.87927611e+06,1.03196336e+04,0.00000000e+00,2.30000000e-01,7.69999954e-01,0.00000000e+00
8.85885886e+01,3.30543686e+00,-2.68234433e+02,9.87043274e+06,1.03584900e+04,0.00000000e+00,2.30000000e-01,7.69999904e-01,0.00000000e+00
8.86886887e+01,3.28985957e+00,-2.67998802e+02,9.86107512e+06,1.03976697e+04,0.00000000e+00,2.30000000e-01,7.69999932e-01,0.00000000e+00
8.87887888e+01,3.27414731e+00,-2.67729697e+02,9.85141494e+06,1.04373309e+04,0.00000000e+00,2.30000000e-01,7.70000054e-01,0.00000000e+00
8.88888889e+01,3.25828292e+00,-2.67397216e+02,9.84144687e+06,1.04775371e+04,0.00000000e+00,2.30000000e-01,7.70000075e-01,0.00000000e+00
8.89889890e+01,3.24224323e+00,-2.66976099e+02,9.83114282e+06,1.05183448e+04,0.00000000e+00,2.30000000e-01,7.70000198e-01,0.00000000e+00
8.90890891e+01,3.22618868e+00,-2.66462602e+02,9.82046642e+06,1.05592106e+04,0.00000000e+00,2.30000000e-01,7.69999956e-01,0.00000000e+00
8.91891892e+01,3.21037309e+00,-2.65901378e+02,9.80973239e+06,1.05996329e+04,0.00000000e+00,2.30000000e-01,7.69999797e-01,0.00000000e+00
8.92892893e+01,3.19480172e+00,-2.65313274e+02,9.79904091e+06,1.06396820e+04,0.00000000e+00,2.30000000e-01,7.70000209e-01,0.00000000e+00
8.93893894e+01,3.17940383e+00,-2.64661434e+02,9.78806521e+06,1.06792368e+04,0.00000000e+00,2.30000000e-01,7.70000055e-01,0.00000000e+00
8.94894895e+01,3.16425592e+00,-2.63963086e+02,9.77699361e+06,1.07182239e+04,0.00000000e+00,2.30000000e-01,7.69999963e-01,0.00000000e+00
8.95895896e+01,3.14937763e+00,-2.63215509e+02,9.76597993e+06,1.07567270e+04,0.00000000e+00,2.30000000e-01,7.70000050e-01,0.00000000e+00
8.96896897e+01,3.13475609e+00,-2.62408301e+02,9.75503097e+06,1.07947848e+04,0.00000000e+00,2.30000000e-01,7.69999974e-01,0.00000000e+00
8.97897898e+01,3.12040703e+00,-2.61531589e+02,9.74427051e+06,1.08324625e+04,0.00000000e+00,2.30000000e-01,7.69999928e-01,0.00000000e+00
8.98898899e+01,3.10631858e+00,-2.60576102e+02,9.73375665e+06,1.08698515e+04,0.00000000e+00,2.30000000e-01,7.69999907e-01,0.00000000e+00
8.99899900e+01,3.09246192e+00,-2.59535600e+02,9.72350466e+06,1.09070572e+04,0.00000000e+00,2.30000000e-01,7.69999903e-01,0.00000000e+00
9.00900901e+01,3.07880097e+00,-2.58407374e+02,9.71351746e+06,1.09442004e+04,0.00000000e+00,2.30000000e-01,7.69999900e-01,0.00000000e+00
9.01901902e+01,3.06529870e+00,-2.57191317e+02,9.70380733e+06,1.09814198e+04,0.00000000e+00,2.30000000e-01,7.69999892e-01,0.00000000e+00
9.02902903e+01,3.05191741e+00,-2.55888926e+02,9.69438130e+06,1.10188545e+04,0.00000000e+00,2.30000000e-01,7.69999890e-01,0.00000000e+00
9.03903904e+01,3.03861718e+00,-2.54503630e+02,9.68522201e+06,1.10566284e+04,0.00000000e+00,2.30000000e-01,7.69999910e-01,0.00000000e+00
9.04904905e+01,3.02535849e+00,-2.53043400e+02,9.67629629e+06,1.10948493e+04,0.00000000e+00,2.30000000e-01,7.69999968e-01,0.00000000e+00
9.05905906e+01,3.01210989e+00,-2.51521878e+02,9.66757036e+06,1.11335985e+04,0.00000000e+00,2.30000000e-01,7.70000121e-01,0.00000000e+00
9.06906907e+01,2.99881706e+00,-2.49952902e+02,9.65899134e+06,1.11730247e+04,0.00000000e+00,2.30000000e-01,7.70000280e-01,0.00000000e+00
9.07907908e+01,2.98537926e+00,-2.48349390e+02,9.65047329e+06,1.12134180e+04,0.00000000e+00,2.30000000e-01,7.70000379e-01,0.00000000e+00
9.08908909e+01,2.97166312e+00,-2.46718249e+02,9.64188851e+06,1.12551541e+04,0.00000000e+00,2.30000000e-01,7.70000375e-01,0.00000000e+00
9.09909910e+01,2.95753606e+00,-2.45076093e+02,9.63317197e+06,1.12986912e+04,0.00000000e+00,2.30000000e-01,7.70000459e-01,0.00000000e+00
9.10910911e+01,2.94283920e+00,-2.43440475e+02,9.62421195e+06,1.13445555e+04,0.00000000e+00,2.30000000e-01,7.70000543e-01,0.00000000e+00
9.11911912e+01,2.92764343e+00,-2.41836743e+02,9.61489304e+06,1.13924004e+04,0.00000000e+00,2.30000000e-01,7.70000261e-01,0.00000000e+00
9.12912913e+01,2.91269729e+00,-2.40267994e+02,9.60489805e+06,1.14389562e+04,0.00000000e+00,2.30000000e-01,7.70000206e-01,0.00000000e+00
9.13913914e+01,2.89857858e+00,-2.38764821e+02,9.59424206e+06,1.14819211e+04,0.00000000e+00,2.30000000e-01,7.70000253e-01,0.00000000e+00
9.14914915e+01,2.88535596e+00,-2.37317322e+02,9.58298191e+06,1.15210021e+04,0.00000000e+00,2.30000000e-01,7.70000216e-01,0.00000000e+00
9.15915916e+01,2.87311418e+00,-2.35912157e+02,9.57122248e+06,1.15558936e+04,0.00000000e+00,2.30000000e-01,7.70000162e-01,0.00000000e+00
9.16916917e+01,2.86192558e+00,-2.34534463e+02,9.55908506e+06,1.15863600e+04,0.00000000e+00,2.30000000e-01,7.70000118e-01,0.00000000e+00
9.17917918e+01,2.85184443e+00,-2.33169701e+02,9.54667647e+06,1.16122243e+04,0.00000000e+00,2.30000000e-01,7.70000090e-01,0.00000000e+00
9.18918919e+01,2.84291116e+00,-2.31804306e+02,9.53405797e+06,1.16333168e+04,0.00000000e+00,2.30000000e-01,7.70000055e-01,0.00000000e+00
9.19919920e+01,2.83515320e+00,-2.30426757e+02,9.52135047e+06,1.16496028e+04,0.00000000e+00,2.30000000e-01,7.69999958e-01,0.00000000e+00
9.20920921e+01,2.82859331e+00,-2.28999185e+02,9.50876262e+06,1.16611829e+04,0.00000000e+00,2.30000000e-01,7.69999930e-01,0.00000000e+00
9.21921922e+01,2.82321966e+00,-2.27503703e+02,9.49639596e+06,1.16681846e+04,0.00000000e+00,2.30000000e-01,7.69999854e-01,0.00000000e+00
9.22922923e+01,2.81901279e+00,-2.25917914e+02,9.48440517e+06,1.16708426e+04,0.00000000e+00,2.30000000e-01,7.69999822e-01,0.00000000e+00
9.23923924e+01,2.81592733e+00,-2.24236491e+02,9.47285080e+06,1.16693985e+04,0.00000000e+00,2.30000000e-01,7.69999697e-01,0.00000000e+00
9.24924925e+01,2.81390516e+00,-2.22458648e+02,9.46179192e+06,1.16641558e+04,0.00000000e+00,2.30000000e-01,7.69999345e-01,0.00000000e+00
9.25925926e+01,2.81284642e+00,-2.20583080e+02,9.45130798e+06,1.16556251e+04,0.00000000e+00,2.30000000e-01,7.69998671e-01,0.00000000e+00
9.26926927e+01,2.81253561e+00,-2.18606022e+02,9.44146861e+06,1.16447888e+04,0.00000000e+00,2.30000000e-01,7.69997732e-01,0.00000000e+00
9.27927928e+01,2.81296460e+00,-2.16539865e+02,9.43227134e+06,1.16316834e+04,0.00000000e+00,2.30000000e-01,7.69996709e-01,0.00000000e+00
9.28928929e+01,2.81490505e+00,-2.14363230e+02,9.42385252e+06,1.16132879e+04,0.00000000e+00,2.30000000e-01,7.69996910e-01,0.00000000e+00
9.29929930e+01,2.81937823e+00,-2.12092664e+02,9.41600979e+06,1.15852055e+04,0.00000000e+00,2.30000000e-01,7.69997536e-01,0.00000000e+00
9.30930931e+01,2.82720100e+00,-2.09740225e+02,9.40867999e+06,1.15441493e+04,0.00000000e+00,2.30000000e-01,7.69998116e-01,0.00000000e+00
9.31931932e+01,2.83900380e+00,-2.07310022e+02,9.40186199e+06,1.14878201e+04,0.00000000e+00,2.30000000e-01,7.69998550e-01,0.00000000e+00
9.32932933e+01,2.85527903e+00,-2.04810723e+02,9.39552842e+06,1.14146422e+04,0.00000000e+00,2.30000000e-01,7.69998732e-01,0.00000000e+00
9.33933934e+01,2.87646473e+00,-2.02242399e+02,9.38968530e+06,1.13235249e+04,0.00000000e+00,2.30000000e-01,7.69998717e-01,0.00000000e+00
9.34934935e+01,2.90301999e+00,-1.99594317e+02,9.38435838e+06,1.12135763e+04,0.00000000e+00,2.30000000e-01,7.69998875e-01,0.00000000e+00
9.35935936e+01,2.93535697e+00,-1.96882405e+02,9.37932932e+06,1.10841039e+04,0.00000000e+00,2.30000000e-01,7.69998554e-01,0.00000000e+00
9.36936937e+01,2.97401328e+00,-1.94075105e+02,9.37460434e+06,1.09345114e+04,0.00000000e+00,2.30000000e-01,7.69999421e-01,0.00000000e+00
9.37937938e+01,3.01920230e+00,-1.91274633e+02,9.36943818e+06,1.07649387e+04,0.00000000e+00,2.30000000e-01,7.69997438e-01,0.00000000e+00
9.38938939e+01,3.07187139e+00,-1.88420536e+02,9.36525601e+06,1.05756374e+04,0.00000000e+00,2.30000000e-01,7.69998102e-01,0.00000000e+00
9.39939940e+01,3.13280153e+00,-1.85533515e+02,9.36122791e+06,1.03654916e+04,0.00000000e+00,2.30000000e-01,7.69998019e-01,0.00000000e+00
9.40940941e+01,3.20283971e+00,-1.82633335e+02,9.35730213e+06,1.01345735e+04,0.00000000e+00,2.30000000e-01,7.69997873e-01,0.00000000e+00
9.41941942e+01,3.28293566e+00,-1.79732070e+02,9.35341943e+06,9.88321041e+03,0.00000000e+00,2.30000000e-01,7.69997935e-01,0.00000000e+00
9.42942943e+01,3.37407309e+00,-1.76835214e+02,9.34955690e+06,9.61228019e+03,0.00000000e+00,2.30000000e-01,7.69998215e-01,0.00000000e+00
9.43943944e+01,3.47718254e+00,-1.73944344e+02,9.34569642e+06,9.32339131e+03,0.00000000e+00,2.30000000e-01,7.69998540e-01,0.00000000e+00
9.44944945e+01,3.59311472e+00,-1.71057640e+02,9.34181780e+06,9.01882374e+03,0.00000000e+00,2.30000000e-01,7.69998859e-01,0.00000000e+00
9.45945946e+01,3.72263338e+00,-1.68172381e+02,9.33790298e+06,8.70138687e+03,0.00000000e+00,2.30000000e-01,7.69999310e-01,0.00000000e+00
9.46946947e+01,3.86633617e+00,-1.65275003e+02,9.33399679e+06,8.37445407e+03,0.00000000e+00,2.30000000e-01,7.70001365e-01,0.00000000e+00
9.47947948e+01,4.01556548e+00,-1.62394155e+02,9.32922246e+06,8.05912621e+03,0.00000000e+00,2.30000000e-01,7.69999687e-01,0.00000000e+00
9.48948949e+01,4.15663759e+00,-1.59489546e+02,9.32555449e+06,7.78253214e+03,0.00000000e+00,2.30000000e-01,7.70001479e-01,0.00000000e+00
9.49949950e+01,4.28360483e+00,-1.56592487e+02,9.32165004e+06,7.54869989e+03,0.00000000e+00,2.30000000e-01,7.70000706e-01,0.00000000e+00
9.50950951e+01,4.39711539e+00,-1.53621405e+02,9.31857682e+06,7.35139682e+03,0.00000000e+00,2.30000000e-01,7.70002104e-01,0.00000000e+00
9.51951952e+01,4.49738317e+00,-1.50708247e+02,9.31521657e+06,7.18491827e+03,0.00000000e+00,2.30000000e-01,7.70000700e-01,0.00000000e+00
9.52952953e+01,4.58558727e+00,-1.47661596e+02,9.31351189e+06,7.04540900e+03,0.00000000e+00,2.30000000e-01,7.70003087e-01,0.00000000e+00
9.53953954e+01,4.66192126e+00,-1.44507621e+02,9.30958121e+06,6.92714408e+03,0.00000000e+00,2.30000000e-01,7.70000159e-01,0.00000000e+00
9.54954955e+01,4.72827198e+00,-1.41422076e+02,9.30690854e+06,6.82796087e+03,0.00000000e+00,2.30000000e-01,7.70002353e-01,0.00000000e+00
9.55955956e+01,4.78474800e+00,-1.38306257e+02,9.30350578e+06,6.74490765e+03,0.00000000e+00,2.30000000e-01,7.70001419e-01,0.00000000e+00
9.56956957e+01,4.83295046e+00,-1.35225585e+02,9.30047665e+06,6.67545841e+03,0.00000000e+00,2.30000000e-01,7.70001898e-01,0.00000000e+00
9.57957958e+01,4.87390192e+00,-1.32160322e+02,9.29733009e+06,6.61713382e+03,0.00000000e+00,2.30000000e-01,7.70001403e-01,0.00000000e+00
9.58958959e+01,4.90897517e+00,-1.29114918e+02,9.29439048e+06,6.56777979e+03,0.00000000e+00,2.30000000e-01,7.70001288e-01,0.00000000e+00
9.59959960e+01,4.93921461e+00,-1.26092935e+02,9.29150083e+06,6.52554239e+03,0.00000000e+00,2.30000000e-01,7.70000979e-01,0.00000000e+00
9.60960961e+01,4.96558569e+00,-1.23092888e+02,9.28866232e+06,6.48890597e+03,0.00000000e+00,2.30000000e-01,7.70000656e-01,0.00000000e+00
9.61961962e+01,4.98882969e+00,-1.20103977e+02,9.28588449e+06,6.45674344e+03,0.00000000e+00,2.30000000e-01,7.70000334e-01,0.00000000e+00
9.62962963e+01,5.00944592e+00,-1.17115281e+02,9.28317973e+06,6.42829965e+03,0.00000000e+00,2.30000000e-01,7.70000075e-01,0.00000000e+00
9.63963964e+01,5.02768893e+00,-1.14122281e+02,9.28052179e+06,6.40314145e+03,0.00000000e+00,2.30000000e-01,7.69999954e-01,0.00000000e+00
9.64964965e+01,5.04361442e+00,-1.11126773e+02,9.27785557e+06,6.38108918e+03,0.00000000e+00,2.30000000e-01,7.69999991e-01,0.00000000e+00
9.65965966e+01,5.05718470e+00,-1.08119831e+02,9.27504817e+06,6.36204067e+03,0.00000000e+00,2.30000000e-01,7.69999995e-01,0.00000000e+00
9.66966967e+01,5.06838948e+00,-1.05102765e+02,9.27207328e+06,6.34593936e+03,0.00000000e+00,2.30000000e-01,7.70000083e-01,0.00000000e+00
9.67967968e+01,5.07722258e+00,-1.02070587e+02,9.26888267e+06,6.33271835e+03,0.00000000e+00,2.30000000e-01,7.70000199e-01,0.00000000e+00
9.68968969e+01,5.08374812e+00,-9.90170708e+01,9.26547945e+06,6.32226639e+03,0.00000000e+00,2.30000000e-01,7.70000362e-01,0.00000000e+00
9.69969970e+01,5.08812350e+00,-9.59345906e+01,9.26191153e+06,6.31439609e+03,0.00000000e+00,2.30000000e-01,7.70000544e-01,0.00000000e+00
9.70970971e+01,5.09063730e+00,-9.28226655e+01,9.25829878e+06,6.30881498e+03,0.00000000e+00,2.30000000e-01,7.70000729e-01,0.00000000e+00
9.71971972e+01,5.09172504e+00,-8.96759516e+01,9.25473171e+06,6.30503697e+03,0.00000000e+00,2.30000000e-01,7.70000744e-01,0.00000000e+00
9.72972973e+01,5.09197094e+00,-8.64930853e+01,9.25128588e+06,6.30238650e+03,0.00000000e+00,2.30000000e-01,7.70000520e-01,0.00000000e+00
9.73973974e+01,5.09180155e+00,-8.32763050e+01,9.24798721e+06,6.30035002e+03,0.00000000e+00,2.30000000e-01,7.70000344e-01,0.00000000e+00
9.74974975e+01,5.09119035e+00,-8.00287628e+01,9.24478914e+06,6.29892729e+03,0.00000000e+00,2.30000000e-01,7.70000357e-01,0.00000000e+00
9.75975976e+01,5.08985399e+00,-7.67564596e+01,9.24161410e+06,6.29841706e+03,0.00000000e+00,2.30000000e-01,7.70000383e-01,0.00000000e+00
9.76976977e+01,5.08748815e+00,-7.34605154e+01,9.23836624e+06,6.29913173e+03,0.00000000e+00,2.30000000e-01,7.70000346e-01,0.00000000e+00
9.77977978e+01,5.08381766e+00,-7.01434434e+01,9.23500026e+06,6.30138313e+03,0.00000000e+00,2.30000000e-01,7.70000316e-01,0.00000000e+00
9.78978979e+01,5.07859195e+00,-6.68093579e+01,9.23150309e+06,6.30547854e+03,0.00000000e+00,2.30000000e-01,7.70000287e-01,0.00000000e+00
9.79979980e+01,5.07158453e+00,-6.34658387e+01,9.22790930e+06,6.31173321e+03,0.00000000e+00,2.30000000e-01,7.70000213e-01,0.00000000e+00
9.80980981e+01,5.06262469e+00,-6.01264608e+01,9.22437895e+06,6.32048443e+03,0.00000000e+00,2.30000000e-01,7.70000264e-01,0.00000000e+00
9.81981982e+01,5.05150468e+00,-5.67897344e+01,9.22095578e+06,6.33204727e+03,0.00000000e+00,2.30000000e-01,7.70000249e-01,0.00000000e+00
9.82982983e+01,5.03803022e+00,-5.34535071e+01,9.21772568e+06,6.34675821e+03,0.00000000e+00,2.30000000e-01,7.70000308e-01,0.00000000e+00
9.83983984e+01,5.02196337e+00,-5.01199070e+01,9.21472116e+06,6.36498815e+03,0.00000000e+00,2.30000000e-01,7.70000308e-01,0.00000000e+00
9.84984985e+01,5.00307061e+00,-4.67798124e+01,9.21196834e+06,6.38711356e+03,0.00000000e+00,2.30000000e-01,7.70000552e-01,0.00000000e+00
9.85985986e+01,4.98093123e+00,-4.34607413e+01,9.20928037e+06,6.41363177e+03,0.00000000e+00,2.30000000e-01,7.70000465e-01,0.00000000e+00
9.86986987e+01,4.95519463e+00,-4.01497811e+01,9.20675025e+06,6.44517038e+03,0.00000000e+00,2.30000000e-01,7.70000722e-01,0.00000000e+00
9.87987988e+01,4.92531753e+00,-3.68716590e+01,9.20410972e+06,6.48240927e+03,0.00000000e+00,2.30000000e-01,7.70000416e-01,0.00000000e+00
9.88988989e+01,4.89173543e+00,-3.35952720e+01,9.20168370e+06,6.52519164e+03,0.00000000e+00,2.30000000e-01,7.70000335e-01,0.00000000e+00
9.89989990e+01,4.85889024e+00,-3.03341481e+01,9.19916170e+06,6.56750181e+03,0.00000000e+00,2.30000000e-01,7.70000096e-01,0.00000000e+00
9.90990991e+01,4.83071986e+00,-2.70792457e+01,9.19678158e+06,6.60409164e+03,0.00000000e+00,2.30000000e-01,7.70000020e-01,0.00000000e+00
9.91991992e+01,4.80727954e+00,-2.38332696e+01,9.19451309e+06,6.63465957e+03,0.00000000e+00,2.30000000e-01,7.69999542e-01,0.00000000e+00
9.92992993e+01,4.78857523e+00,-2.05695248e+01,9.19263481e+06,6.65921329e+03,0.00000000e+00,2.30000000e-01,7.69999660e-01,0.00000000e+00
9.93993994e+01,4.77425964e+00,-1.73232890e+01,9.19087675e+06,6.67790792e+03,0.00000000e+00,2.30000000e-01,7.69999021e-01,0.00000000e+00
9.94994995e+01,4.76408358e+00,-1.40442486e+01,9.18973149e+06,6.69133539e+03,0.00000000e+00,2.30000000e-01,7.69999400e-01,0.00000000e+00
9.95995996e+01,4.75733246e+00,-1.08037981e+01,9.18862611e+06,6.70002914e+03,0.00000000e+00,2.30000000e-01,7.69998807e-01,0.00000000e+00
9.96996997e+01,4.75357125e+00,-7.53722623e+00,9.18809767e+06,6.70494136e+03,0.00000000e+00,2.30000000e-01,7.69999311e-01,0.00000000e+00
9.97997998e+01,4.75193869e+00,-4.33008524e+00,9.18742200e+06,6.70678203e+03,0.00000000e+00,2.30000000e-01,7.69994910e-01,0.00000000e+00
9.98998999e+01,4.75295304e+00,-1.08583644e+00,9.19140579e+06,6.70820367e+03,0.00000000e+00,2.30000000e-01,7.70002811e-01,0.00000000e+00
1.00000000e+02,4.75295304e+00,1.08583644e+00,9.19140579e+06,6.70820367e+03,0.00000000e+00,2.30000000e-01,7.70002811e-01,0.00000000e+00
